
/home/student/CompTech/assignment-4/Task3/build/BinaryCounterResetButton.elf:     file format elf32-littlearm

Sections:
Idx Name          Size      VMA       LMA       File off  Algn
  0 .boot2        00000100  10000000  10000000  00001000  2**0
                  CONTENTS, ALLOC, LOAD, READONLY, CODE
  1 .text         00005608  10000100  10000100  00001100  2**3
                  CONTENTS, ALLOC, LOAD, READONLY, CODE
  2 .rodata       000002e4  10005708  10005708  00006708  2**2
                  CONTENTS, ALLOC, LOAD, READONLY, DATA
  3 .binary_info  00000020  100059ec  100059ec  000069ec  2**2
                  CONTENTS, ALLOC, LOAD, DATA
  4 .ram_vector_table 000000c0  20000000  20000000  00007470  2**2
                  CONTENTS
  5 .data         000003b0  200000c0  10005a0c  000070c0  2**4
                  CONTENTS, ALLOC, LOAD, READONLY, CODE
  6 .uninitialized_data 00000000  20000470  20000470  00007530  2**0
                  CONTENTS
  7 .scratch_x    00000000  20040000  20040000  00007530  2**0
                  CONTENTS
  8 .scratch_y    00000000  20041000  20041000  00007530  2**0
                  CONTENTS
  9 .bss          00000d98  20000470  20000470  00007470  2**3
                  ALLOC
 10 .heap         00000800  20001208  20001208  00007530  2**2
                  CONTENTS, READONLY
 11 .stack_dummy  00000800  20041000  20041000  00007d40  2**5
                  CONTENTS, READONLY
 12 .ARM.attributes 00000028  00000000  00000000  00008540  2**0
                  CONTENTS, READONLY
 13 .comment      0000009f  00000000  00000000  00008568  2**0
                  CONTENTS, READONLY
 14 .debug_line   00000222  00000000  00000000  00008607  2**0
                  CONTENTS, READONLY, DEBUGGING, OCTETS
 15 .debug_info   00000999  00000000  00000000  00008829  2**0
                  CONTENTS, READONLY, DEBUGGING, OCTETS
 16 .debug_abbrev 000001fc  00000000  00000000  000091c2  2**0
                  CONTENTS, READONLY, DEBUGGING, OCTETS
 17 .debug_aranges 00000040  00000000  00000000  000093c0  2**3
                  CONTENTS, READONLY, DEBUGGING, OCTETS
 18 .debug_str    00000613  00000000  00000000  00009400  2**0
                  CONTENTS, READONLY, DEBUGGING, OCTETS
 19 .debug_loc    000000a3  00000000  00000000  00009a13  2**0
                  CONTENTS, READONLY, DEBUGGING, OCTETS
 20 .debug_frame  00000028  00000000  00000000  00009ab8  2**2
                  CONTENTS, READONLY, DEBUGGING, OCTETS

/home/student/CompTech/assignment-4/Task3/build/BinaryCounterResetButton.elf:     file format elf32-littlearm


Disassembly of section .boot2:

10000000 <__boot2_start__>:
10000000:	4b32b500 	.word	0x4b32b500
10000004:	60582021 	.word	0x60582021
10000008:	21026898 	.word	0x21026898
1000000c:	60984388 	.word	0x60984388
10000010:	611860d8 	.word	0x611860d8
10000014:	4b2e6158 	.word	0x4b2e6158
10000018:	60992100 	.word	0x60992100
1000001c:	61592102 	.word	0x61592102
10000020:	22f02101 	.word	0x22f02101
10000024:	492b5099 	.word	0x492b5099
10000028:	21016019 	.word	0x21016019
1000002c:	20356099 	.word	0x20356099
10000030:	f844f000 	.word	0xf844f000
10000034:	42902202 	.word	0x42902202
10000038:	2106d014 	.word	0x2106d014
1000003c:	f0006619 	.word	0xf0006619
10000040:	6e19f834 	.word	0x6e19f834
10000044:	66192101 	.word	0x66192101
10000048:	66182000 	.word	0x66182000
1000004c:	f000661a 	.word	0xf000661a
10000050:	6e19f82c 	.word	0x6e19f82c
10000054:	6e196e19 	.word	0x6e196e19
10000058:	f0002005 	.word	0xf0002005
1000005c:	2101f82f 	.word	0x2101f82f
10000060:	d1f94208 	.word	0xd1f94208
10000064:	60992100 	.word	0x60992100
10000068:	6019491b 	.word	0x6019491b
1000006c:	60592100 	.word	0x60592100
10000070:	481b491a 	.word	0x481b491a
10000074:	21016001 	.word	0x21016001
10000078:	21eb6099 	.word	0x21eb6099
1000007c:	21a06619 	.word	0x21a06619
10000080:	f0006619 	.word	0xf0006619
10000084:	2100f812 	.word	0x2100f812
10000088:	49166099 	.word	0x49166099
1000008c:	60014814 	.word	0x60014814
10000090:	60992101 	.word	0x60992101
10000094:	2800bc01 	.word	0x2800bc01
10000098:	4700d000 	.word	0x4700d000
1000009c:	49134812 	.word	0x49134812
100000a0:	c8036008 	.word	0xc8036008
100000a4:	8808f380 	.word	0x8808f380
100000a8:	b5034708 	.word	0xb5034708
100000ac:	20046a99 	.word	0x20046a99
100000b0:	d0fb4201 	.word	0xd0fb4201
100000b4:	42012001 	.word	0x42012001
100000b8:	bd03d1f8 	.word	0xbd03d1f8
100000bc:	6618b502 	.word	0x6618b502
100000c0:	f7ff6618 	.word	0xf7ff6618
100000c4:	6e18fff2 	.word	0x6e18fff2
100000c8:	bd026e18 	.word	0xbd026e18
100000cc:	40020000 	.word	0x40020000
100000d0:	18000000 	.word	0x18000000
100000d4:	00070000 	.word	0x00070000
100000d8:	005f0300 	.word	0x005f0300
100000dc:	00002221 	.word	0x00002221
100000e0:	180000f4 	.word	0x180000f4
100000e4:	a0002022 	.word	0xa0002022
100000e8:	10000100 	.word	0x10000100
100000ec:	e000ed08 	.word	0xe000ed08
	...
100000fc:	7a4eb274 	.word	0x7a4eb274

Disassembly of section .text:

10000100 <__VECTOR_TABLE>:
10000100:	20042000 	.word	0x20042000
10000104:	100001f7 	.word	0x100001f7
10000108:	100001c3 	.word	0x100001c3
1000010c:	100001c5 	.word	0x100001c5
10000110:	100001c1 	.word	0x100001c1
10000114:	100001c1 	.word	0x100001c1
10000118:	100001c1 	.word	0x100001c1
1000011c:	100001c1 	.word	0x100001c1
10000120:	100001c1 	.word	0x100001c1
10000124:	100001c1 	.word	0x100001c1
10000128:	100001c1 	.word	0x100001c1
1000012c:	100001c7 	.word	0x100001c7
10000130:	100001c1 	.word	0x100001c1
10000134:	100001c1 	.word	0x100001c1
10000138:	100001c9 	.word	0x100001c9
1000013c:	100001cb 	.word	0x100001cb
10000140:	100001cd 	.word	0x100001cd
10000144:	100001cd 	.word	0x100001cd
10000148:	100001cd 	.word	0x100001cd
1000014c:	100001cd 	.word	0x100001cd
10000150:	100001cd 	.word	0x100001cd
10000154:	100001cd 	.word	0x100001cd
10000158:	100001cd 	.word	0x100001cd
1000015c:	100001cd 	.word	0x100001cd
10000160:	100001cd 	.word	0x100001cd
10000164:	100001cd 	.word	0x100001cd
10000168:	100001cd 	.word	0x100001cd
1000016c:	100001cd 	.word	0x100001cd
10000170:	100001cd 	.word	0x100001cd
10000174:	100001cd 	.word	0x100001cd
10000178:	100001cd 	.word	0x100001cd
1000017c:	100001cd 	.word	0x100001cd
10000180:	100001cd 	.word	0x100001cd
10000184:	100001cd 	.word	0x100001cd
10000188:	100001cd 	.word	0x100001cd
1000018c:	100001cd 	.word	0x100001cd
10000190:	100001cd 	.word	0x100001cd
10000194:	100001cd 	.word	0x100001cd
10000198:	100001cd 	.word	0x100001cd
1000019c:	100001cd 	.word	0x100001cd
100001a0:	100001cd 	.word	0x100001cd
100001a4:	100001cd 	.word	0x100001cd
100001a8:	100001cd 	.word	0x100001cd
100001ac:	100001cd 	.word	0x100001cd
100001b0:	100001cd 	.word	0x100001cd
100001b4:	100001cd 	.word	0x100001cd
100001b8:	100001cd 	.word	0x100001cd
100001bc:	100001cd 	.word	0x100001cd

100001c0 <isr_invalid>:
100001c0:	be00      	bkpt	0x0000

100001c2 <isr_nmi>:
100001c2:	be00      	bkpt	0x0000

100001c4 <isr_hardfault>:
100001c4:	be00      	bkpt	0x0000

100001c6 <isr_svcall>:
100001c6:	be00      	bkpt	0x0000

100001c8 <isr_pendsv>:
100001c8:	be00      	bkpt	0x0000

100001ca <isr_systick>:
100001ca:	be00      	bkpt	0x0000

100001cc <__unhandled_user_irq>:
100001cc:	f000 f84b 	bl	10000266 <__get_current_exception>
100001d0:	3810      	subs	r0, #16

100001d2 <unhandled_user_irq_num_in_r0>:
100001d2:	be00      	bkpt	0x0000

100001d4 <binary_info_header>:
100001d4:	7188ebf2 	.word	0x7188ebf2
100001d8:	100059ec 	.word	0x100059ec
100001dc:	10005a0c 	.word	0x10005a0c
100001e0:	10000234 	.word	0x10000234
100001e4:	e71aa390 	.word	0xe71aa390

100001e8 <_entry_point>:
100001e8:	2000      	movs	r0, #0
100001ea:	4921      	ldr	r1, [pc, #132]	; (10000270 <__get_current_exception+0xa>)
100001ec:	6008      	str	r0, [r1, #0]
100001ee:	c806      	ldmia	r0!, {r1, r2}
100001f0:	f381 8808 	msr	MSP, r1
100001f4:	4710      	bx	r2

100001f6 <_reset_handler>:
100001f6:	481f      	ldr	r0, [pc, #124]	; (10000274 <__get_current_exception+0xe>)
100001f8:	6800      	ldr	r0, [r0, #0]
100001fa:	2800      	cmp	r0, #0
100001fc:	d12f      	bne.n	1000025e <hold_non_core0_in_bootrom>
100001fe:	a40d      	add	r4, pc, #52	; (adr r4, 10000234 <data_cpy_table>)
10000200:	cc0e      	ldmia	r4!, {r1, r2, r3}
10000202:	2900      	cmp	r1, #0
10000204:	d002      	beq.n	1000020c <_reset_handler+0x16>
10000206:	f000 f812 	bl	1000022e <data_cpy>
1000020a:	e7f9      	b.n	10000200 <_reset_handler+0xa>
1000020c:	491a      	ldr	r1, [pc, #104]	; (10000278 <__get_current_exception+0x12>)
1000020e:	4a1b      	ldr	r2, [pc, #108]	; (1000027c <__get_current_exception+0x16>)
10000210:	2000      	movs	r0, #0
10000212:	e000      	b.n	10000216 <bss_fill_test>

10000214 <bss_fill_loop>:
10000214:	c101      	stmia	r1!, {r0}

10000216 <bss_fill_test>:
10000216:	4291      	cmp	r1, r2
10000218:	d1fc      	bne.n	10000214 <bss_fill_loop>

1000021a <platform_entry>:
1000021a:	4919      	ldr	r1, [pc, #100]	; (10000280 <__get_current_exception+0x1a>)
1000021c:	4788      	blx	r1
1000021e:	4919      	ldr	r1, [pc, #100]	; (10000284 <__get_current_exception+0x1e>)
10000220:	4788      	blx	r1
10000222:	4919      	ldr	r1, [pc, #100]	; (10000288 <__get_current_exception+0x22>)
10000224:	4788      	blx	r1
10000226:	be00      	bkpt	0x0000
10000228:	e7fd      	b.n	10000226 <platform_entry+0xc>

1000022a <data_cpy_loop>:
1000022a:	c901      	ldmia	r1!, {r0}
1000022c:	c201      	stmia	r2!, {r0}

1000022e <data_cpy>:
1000022e:	429a      	cmp	r2, r3
10000230:	d3fb      	bcc.n	1000022a <data_cpy_loop>
10000232:	4770      	bx	lr

10000234 <data_cpy_table>:
10000234:	10005a0c 	.word	0x10005a0c
10000238:	200000c0 	.word	0x200000c0
1000023c:	20000470 	.word	0x20000470
10000240:	10005dbc 	.word	0x10005dbc
10000244:	20040000 	.word	0x20040000
10000248:	20040000 	.word	0x20040000
1000024c:	10005dbc 	.word	0x10005dbc
10000250:	20041000 	.word	0x20041000
10000254:	20041000 	.word	0x20041000
10000258:	00000000 	.word	0x00000000
1000025c:	4770      	bx	lr

1000025e <hold_non_core0_in_bootrom>:
1000025e:	480b      	ldr	r0, [pc, #44]	; (1000028c <__get_current_exception+0x26>)
10000260:	f002 fa28 	bl	100026b4 <rom_func_lookup>
10000264:	4700      	bx	r0

10000266 <__get_current_exception>:
10000266:	f3ef 8005 	mrs	r0, IPSR
1000026a:	b2c0      	uxtb	r0, r0
1000026c:	4770      	bx	lr
1000026e:	0000      	.short	0x0000
10000270:	e000ed08 	.word	0xe000ed08
10000274:	d0000000 	.word	0xd0000000
10000278:	20000470 	.word	0x20000470
1000027c:	20001208 	.word	0x20001208
10000280:	100020f9 	.word	0x100020f9
10000284:	100004c9 	.word	0x100004c9
10000288:	100021ed 	.word	0x100021ed
1000028c:	00005657 	.word	0x00005657

10000290 <__bi_50>:
10000290:	50520006 5360b3ab 100057c0              ..RP..`S.W..

1000029c <__bi_38>:
1000029c:	50520006 02031c86 100057d0              ..RP.....W..

100002a8 <__bi_30>:
100002a8:	50520006 9da22254 100057ec              ..RPT"...W..

100002b4 <__bi_22>:
100002b4:	50520005 68f465de 10005dbc              ..RP.e.h.]..

100002c0 <_init>:
100002c0:	b5f8      	push	{r3, r4, r5, r6, r7, lr}
100002c2:	46c0      	nop			; (mov r8, r8)

100002c4 <deregister_tm_clones>:
100002c4:	4804      	ldr	r0, [pc, #16]	; (100002d8 <deregister_tm_clones+0x14>)
100002c6:	4b05      	ldr	r3, [pc, #20]	; (100002dc <deregister_tm_clones+0x18>)
100002c8:	b510      	push	{r4, lr}
100002ca:	4283      	cmp	r3, r0
100002cc:	d003      	beq.n	100002d6 <deregister_tm_clones+0x12>
100002ce:	4b04      	ldr	r3, [pc, #16]	; (100002e0 <deregister_tm_clones+0x1c>)
100002d0:	2b00      	cmp	r3, #0
100002d2:	d000      	beq.n	100002d6 <deregister_tm_clones+0x12>
100002d4:	4798      	blx	r3
100002d6:	bd10      	pop	{r4, pc}
100002d8:	20000470 	.word	0x20000470
100002dc:	20000470 	.word	0x20000470
100002e0:	00000000 	.word	0x00000000

100002e4 <register_tm_clones>:
100002e4:	4806      	ldr	r0, [pc, #24]	; (10000300 <register_tm_clones+0x1c>)
100002e6:	4907      	ldr	r1, [pc, #28]	; (10000304 <register_tm_clones+0x20>)
100002e8:	1a09      	subs	r1, r1, r0
100002ea:	1089      	asrs	r1, r1, #2
100002ec:	0fcb      	lsrs	r3, r1, #31
100002ee:	1859      	adds	r1, r3, r1
100002f0:	b510      	push	{r4, lr}
100002f2:	1049      	asrs	r1, r1, #1
100002f4:	d003      	beq.n	100002fe <register_tm_clones+0x1a>
100002f6:	4b04      	ldr	r3, [pc, #16]	; (10000308 <register_tm_clones+0x24>)
100002f8:	2b00      	cmp	r3, #0
100002fa:	d000      	beq.n	100002fe <register_tm_clones+0x1a>
100002fc:	4798      	blx	r3
100002fe:	bd10      	pop	{r4, pc}
10000300:	20000470 	.word	0x20000470
10000304:	20000470 	.word	0x20000470
10000308:	00000000 	.word	0x00000000

1000030c <__do_global_dtors_aux>:
1000030c:	b510      	push	{r4, lr}
1000030e:	4c07      	ldr	r4, [pc, #28]	; (1000032c <__do_global_dtors_aux+0x20>)
10000310:	7823      	ldrb	r3, [r4, #0]
10000312:	2b00      	cmp	r3, #0
10000314:	d109      	bne.n	1000032a <__do_global_dtors_aux+0x1e>
10000316:	f7ff ffd5 	bl	100002c4 <deregister_tm_clones>
1000031a:	4b05      	ldr	r3, [pc, #20]	; (10000330 <__do_global_dtors_aux+0x24>)
1000031c:	2b00      	cmp	r3, #0
1000031e:	d002      	beq.n	10000326 <__do_global_dtors_aux+0x1a>
10000320:	4804      	ldr	r0, [pc, #16]	; (10000334 <__do_global_dtors_aux+0x28>)
10000322:	e000      	b.n	10000326 <__do_global_dtors_aux+0x1a>
10000324:	bf00      	nop
10000326:	2301      	movs	r3, #1
10000328:	7023      	strb	r3, [r4, #0]
1000032a:	bd10      	pop	{r4, pc}
1000032c:	20000578 	.word	0x20000578
10000330:	00000000 	.word	0x00000000
10000334:	10005708 	.word	0x10005708

10000338 <frame_dummy>:
10000338:	4b05      	ldr	r3, [pc, #20]	; (10000350 <frame_dummy+0x18>)
1000033a:	b510      	push	{r4, lr}
1000033c:	2b00      	cmp	r3, #0
1000033e:	d003      	beq.n	10000348 <frame_dummy+0x10>
10000340:	4904      	ldr	r1, [pc, #16]	; (10000354 <frame_dummy+0x1c>)
10000342:	4805      	ldr	r0, [pc, #20]	; (10000358 <frame_dummy+0x20>)
10000344:	e000      	b.n	10000348 <frame_dummy+0x10>
10000346:	bf00      	nop
10000348:	f7ff ffcc 	bl	100002e4 <register_tm_clones>
1000034c:	bd10      	pop	{r4, pc}
1000034e:	46c0      	nop			; (mov r8, r8)
10000350:	00000000 	.word	0x00000000
10000354:	2000057c 	.word	0x2000057c
10000358:	10005708 	.word	0x10005708

1000035c <reset_button_handler>:
1000035c:	2200      	movs	r2, #0
1000035e:	4b1b      	ldr	r3, [pc, #108]	; (100003cc <reset_button_handler+0x70>)
10000360:	701a      	strb	r2, [r3, #0]
10000362:	781a      	ldrb	r2, [r3, #0]
10000364:	07d2      	lsls	r2, r2, #31
10000366:	d51e      	bpl.n	100003a6 <reset_button_handler+0x4a>
10000368:	22d0      	movs	r2, #208	; 0xd0
1000036a:	2102      	movs	r1, #2
1000036c:	0612      	lsls	r2, r2, #24
1000036e:	6151      	str	r1, [r2, #20]
10000370:	781a      	ldrb	r2, [r3, #0]
10000372:	0792      	lsls	r2, r2, #30
10000374:	d51e      	bpl.n	100003b4 <reset_button_handler+0x58>
10000376:	22d0      	movs	r2, #208	; 0xd0
10000378:	2104      	movs	r1, #4
1000037a:	0612      	lsls	r2, r2, #24
1000037c:	6151      	str	r1, [r2, #20]
1000037e:	781a      	ldrb	r2, [r3, #0]
10000380:	0752      	lsls	r2, r2, #29
10000382:	d51e      	bpl.n	100003c2 <reset_button_handler+0x66>
10000384:	22d0      	movs	r2, #208	; 0xd0
10000386:	2108      	movs	r1, #8
10000388:	0612      	lsls	r2, r2, #24
1000038a:	6151      	str	r1, [r2, #20]
1000038c:	781b      	ldrb	r3, [r3, #0]
1000038e:	071b      	lsls	r3, r3, #28
10000390:	d504      	bpl.n	1000039c <reset_button_handler+0x40>
10000392:	23d0      	movs	r3, #208	; 0xd0
10000394:	2210      	movs	r2, #16
10000396:	061b      	lsls	r3, r3, #24
10000398:	615a      	str	r2, [r3, #20]
1000039a:	4770      	bx	lr
1000039c:	23d0      	movs	r3, #208	; 0xd0
1000039e:	2210      	movs	r2, #16
100003a0:	061b      	lsls	r3, r3, #24
100003a2:	619a      	str	r2, [r3, #24]
100003a4:	e7f9      	b.n	1000039a <reset_button_handler+0x3e>
100003a6:	22d0      	movs	r2, #208	; 0xd0
100003a8:	2102      	movs	r1, #2
100003aa:	0612      	lsls	r2, r2, #24
100003ac:	6191      	str	r1, [r2, #24]
100003ae:	781a      	ldrb	r2, [r3, #0]
100003b0:	0792      	lsls	r2, r2, #30
100003b2:	d4e0      	bmi.n	10000376 <reset_button_handler+0x1a>
100003b4:	22d0      	movs	r2, #208	; 0xd0
100003b6:	2104      	movs	r1, #4
100003b8:	0612      	lsls	r2, r2, #24
100003ba:	6191      	str	r1, [r2, #24]
100003bc:	781a      	ldrb	r2, [r3, #0]
100003be:	0752      	lsls	r2, r2, #29
100003c0:	d4e0      	bmi.n	10000384 <reset_button_handler+0x28>
100003c2:	22d0      	movs	r2, #208	; 0xd0
100003c4:	2108      	movs	r1, #8
100003c6:	0612      	lsls	r2, r2, #24
100003c8:	6191      	str	r1, [r2, #24]
100003ca:	e7df      	b.n	1000038c <reset_button_handler+0x30>
100003cc:	20000f42 	.word	0x20000f42

100003d0 <repeating_timer_callback>:
100003d0:	4b20      	ldr	r3, [pc, #128]	; (10000454 <repeating_timer_callback+0x84>)
100003d2:	781a      	ldrb	r2, [r3, #0]
100003d4:	2a0e      	cmp	r2, #14
100003d6:	d901      	bls.n	100003dc <repeating_timer_callback+0xc>
100003d8:	2001      	movs	r0, #1
100003da:	4770      	bx	lr
100003dc:	781a      	ldrb	r2, [r3, #0]
100003de:	3201      	adds	r2, #1
100003e0:	b2d2      	uxtb	r2, r2
100003e2:	701a      	strb	r2, [r3, #0]
100003e4:	781a      	ldrb	r2, [r3, #0]
100003e6:	07d2      	lsls	r2, r2, #31
100003e8:	d419      	bmi.n	1000041e <repeating_timer_callback+0x4e>
100003ea:	22d0      	movs	r2, #208	; 0xd0
100003ec:	2102      	movs	r1, #2
100003ee:	0612      	lsls	r2, r2, #24
100003f0:	6191      	str	r1, [r2, #24]
100003f2:	781a      	ldrb	r2, [r3, #0]
100003f4:	0792      	lsls	r2, r2, #30
100003f6:	d519      	bpl.n	1000042c <repeating_timer_callback+0x5c>
100003f8:	22d0      	movs	r2, #208	; 0xd0
100003fa:	2104      	movs	r1, #4
100003fc:	0612      	lsls	r2, r2, #24
100003fe:	6151      	str	r1, [r2, #20]
10000400:	781a      	ldrb	r2, [r3, #0]
10000402:	0752      	lsls	r2, r2, #29
10000404:	d519      	bpl.n	1000043a <repeating_timer_callback+0x6a>
10000406:	22d0      	movs	r2, #208	; 0xd0
10000408:	2108      	movs	r1, #8
1000040a:	0612      	lsls	r2, r2, #24
1000040c:	6151      	str	r1, [r2, #20]
1000040e:	781b      	ldrb	r3, [r3, #0]
10000410:	071b      	lsls	r3, r3, #28
10000412:	d519      	bpl.n	10000448 <repeating_timer_callback+0x78>
10000414:	23d0      	movs	r3, #208	; 0xd0
10000416:	2210      	movs	r2, #16
10000418:	061b      	lsls	r3, r3, #24
1000041a:	615a      	str	r2, [r3, #20]
1000041c:	e7dc      	b.n	100003d8 <repeating_timer_callback+0x8>
1000041e:	22d0      	movs	r2, #208	; 0xd0
10000420:	2102      	movs	r1, #2
10000422:	0612      	lsls	r2, r2, #24
10000424:	6151      	str	r1, [r2, #20]
10000426:	781a      	ldrb	r2, [r3, #0]
10000428:	0792      	lsls	r2, r2, #30
1000042a:	d4e5      	bmi.n	100003f8 <repeating_timer_callback+0x28>
1000042c:	22d0      	movs	r2, #208	; 0xd0
1000042e:	2104      	movs	r1, #4
10000430:	0612      	lsls	r2, r2, #24
10000432:	6191      	str	r1, [r2, #24]
10000434:	781a      	ldrb	r2, [r3, #0]
10000436:	0752      	lsls	r2, r2, #29
10000438:	d4e5      	bmi.n	10000406 <repeating_timer_callback+0x36>
1000043a:	22d0      	movs	r2, #208	; 0xd0
1000043c:	2108      	movs	r1, #8
1000043e:	0612      	lsls	r2, r2, #24
10000440:	6191      	str	r1, [r2, #24]
10000442:	781b      	ldrb	r3, [r3, #0]
10000444:	071b      	lsls	r3, r3, #28
10000446:	d4e5      	bmi.n	10000414 <repeating_timer_callback+0x44>
10000448:	23d0      	movs	r3, #208	; 0xd0
1000044a:	2210      	movs	r2, #16
1000044c:	061b      	lsls	r3, r3, #24
1000044e:	619a      	str	r2, [r3, #24]
10000450:	e7c2      	b.n	100003d8 <repeating_timer_callback+0x8>
10000452:	46c0      	nop			; (mov r8, r8)
10000454:	20000f42 	.word	0x20000f42

10000458 <update_leds>:
10000458:	4b1a      	ldr	r3, [pc, #104]	; (100004c4 <update_leds+0x6c>)
1000045a:	781a      	ldrb	r2, [r3, #0]
1000045c:	07d2      	lsls	r2, r2, #31
1000045e:	d51e      	bpl.n	1000049e <update_leds+0x46>
10000460:	22d0      	movs	r2, #208	; 0xd0
10000462:	2102      	movs	r1, #2
10000464:	0612      	lsls	r2, r2, #24
10000466:	6151      	str	r1, [r2, #20]
10000468:	781a      	ldrb	r2, [r3, #0]
1000046a:	0792      	lsls	r2, r2, #30
1000046c:	d51e      	bpl.n	100004ac <update_leds+0x54>
1000046e:	22d0      	movs	r2, #208	; 0xd0
10000470:	2104      	movs	r1, #4
10000472:	0612      	lsls	r2, r2, #24
10000474:	6151      	str	r1, [r2, #20]
10000476:	781a      	ldrb	r2, [r3, #0]
10000478:	0752      	lsls	r2, r2, #29
1000047a:	d51e      	bpl.n	100004ba <update_leds+0x62>
1000047c:	22d0      	movs	r2, #208	; 0xd0
1000047e:	2108      	movs	r1, #8
10000480:	0612      	lsls	r2, r2, #24
10000482:	6151      	str	r1, [r2, #20]
10000484:	781b      	ldrb	r3, [r3, #0]
10000486:	071b      	lsls	r3, r3, #28
10000488:	d504      	bpl.n	10000494 <update_leds+0x3c>
1000048a:	23d0      	movs	r3, #208	; 0xd0
1000048c:	2210      	movs	r2, #16
1000048e:	061b      	lsls	r3, r3, #24
10000490:	615a      	str	r2, [r3, #20]
10000492:	4770      	bx	lr
10000494:	23d0      	movs	r3, #208	; 0xd0
10000496:	2210      	movs	r2, #16
10000498:	061b      	lsls	r3, r3, #24
1000049a:	619a      	str	r2, [r3, #24]
1000049c:	e7f9      	b.n	10000492 <update_leds+0x3a>
1000049e:	22d0      	movs	r2, #208	; 0xd0
100004a0:	2102      	movs	r1, #2
100004a2:	0612      	lsls	r2, r2, #24
100004a4:	6191      	str	r1, [r2, #24]
100004a6:	781a      	ldrb	r2, [r3, #0]
100004a8:	0792      	lsls	r2, r2, #30
100004aa:	d4e0      	bmi.n	1000046e <update_leds+0x16>
100004ac:	22d0      	movs	r2, #208	; 0xd0
100004ae:	2104      	movs	r1, #4
100004b0:	0612      	lsls	r2, r2, #24
100004b2:	6191      	str	r1, [r2, #24]
100004b4:	781a      	ldrb	r2, [r3, #0]
100004b6:	0752      	lsls	r2, r2, #29
100004b8:	d4e0      	bmi.n	1000047c <update_leds+0x24>
100004ba:	22d0      	movs	r2, #208	; 0xd0
100004bc:	2108      	movs	r1, #8
100004be:	0612      	lsls	r2, r2, #24
100004c0:	6191      	str	r1, [r2, #24]
100004c2:	e7df      	b.n	10000484 <update_leds+0x2c>
100004c4:	20000f42 	.word	0x20000f42

100004c8 <main>:
100004c8:	b510      	push	{r4, lr}
100004ca:	b08a      	sub	sp, #40	; 0x28
100004cc:	f002 fb94 	bl	10002bf8 <stdio_init_all>
100004d0:	24d0      	movs	r4, #208	; 0xd0
100004d2:	2001      	movs	r0, #1
100004d4:	f000 f9cc 	bl	10000870 <gpio_init>
100004d8:	2302      	movs	r3, #2
100004da:	0624      	lsls	r4, r4, #24
100004dc:	6263      	str	r3, [r4, #36]	; 0x24
100004de:	2002      	movs	r0, #2
100004e0:	f000 f9c6 	bl	10000870 <gpio_init>
100004e4:	2304      	movs	r3, #4
100004e6:	2003      	movs	r0, #3
100004e8:	6263      	str	r3, [r4, #36]	; 0x24
100004ea:	f000 f9c1 	bl	10000870 <gpio_init>
100004ee:	2308      	movs	r3, #8
100004f0:	2004      	movs	r0, #4
100004f2:	6263      	str	r3, [r4, #36]	; 0x24
100004f4:	f000 f9bc 	bl	10000870 <gpio_init>
100004f8:	2310      	movs	r3, #16
100004fa:	2000      	movs	r0, #0
100004fc:	6263      	str	r3, [r4, #36]	; 0x24
100004fe:	f000 f9b7 	bl	10000870 <gpio_init>
10000502:	2301      	movs	r3, #1
10000504:	2200      	movs	r2, #0
10000506:	62a3      	str	r3, [r4, #40]	; 0x28
10000508:	2101      	movs	r1, #1
1000050a:	2000      	movs	r0, #0
1000050c:	f000 f942 	bl	10000794 <gpio_set_pulls>
10000510:	4b0a      	ldr	r3, [pc, #40]	; (1000053c <main+0x74>)
10000512:	2201      	movs	r2, #1
10000514:	2104      	movs	r1, #4
10000516:	2000      	movs	r0, #0
10000518:	f000 f954 	bl	100007c4 <gpio_set_irq_enabled_with_callback>
1000051c:	f000 fef8 	bl	10001310 <alarm_pool_get_default>
10000520:	ab04      	add	r3, sp, #16
10000522:	9302      	str	r3, [sp, #8]
10000524:	2300      	movs	r3, #0
10000526:	9301      	str	r3, [sp, #4]
10000528:	4b05      	ldr	r3, [pc, #20]	; (10000540 <main+0x78>)
1000052a:	4a06      	ldr	r2, [pc, #24]	; (10000544 <main+0x7c>)
1000052c:	9300      	str	r3, [sp, #0]
1000052e:	2300      	movs	r3, #0
10000530:	f000 fff8 	bl	10001524 <alarm_pool_add_repeating_timer_us>
10000534:	f7ff ff90 	bl	10000458 <update_leds>
10000538:	e7fe      	b.n	10000538 <main+0x70>
1000053a:	46c0      	nop			; (mov r8, r8)
1000053c:	1000035d 	.word	0x1000035d
10000540:	100003d1 	.word	0x100003d1
10000544:	000f4240 	.word	0x000f4240

10000548 <gpio_default_irq_handler>:
10000548:	23d0      	movs	r3, #208	; 0xd0
1000054a:	061b      	lsls	r3, r3, #24
1000054c:	681b      	ldr	r3, [r3, #0]
1000054e:	b5f0      	push	{r4, r5, r6, r7, lr}
10000550:	009a      	lsls	r2, r3, #2
10000552:	4645      	mov	r5, r8
10000554:	4690      	mov	r8, r2
10000556:	4641      	mov	r1, r8
10000558:	4a8a      	ldr	r2, [pc, #552]	; (10000784 <gpio_default_irq_handler+0x23c>)
1000055a:	46de      	mov	lr, fp
1000055c:	5852      	ldr	r2, [r2, r1]
1000055e:	4657      	mov	r7, sl
10000560:	4693      	mov	fp, r2
10000562:	1e5a      	subs	r2, r3, #1
10000564:	4193      	sbcs	r3, r2
10000566:	2230      	movs	r2, #48	; 0x30
10000568:	464e      	mov	r6, r9
1000056a:	425b      	negs	r3, r3
1000056c:	401a      	ands	r2, r3
1000056e:	4b86      	ldr	r3, [pc, #536]	; (10000788 <gpio_default_irq_handler+0x240>)
10000570:	2400      	movs	r4, #0
10000572:	469c      	mov	ip, r3
10000574:	4b85      	ldr	r3, [pc, #532]	; (1000078c <gpio_default_irq_handler+0x244>)
10000576:	b5e0      	push	{r5, r6, r7, lr}
10000578:	469a      	mov	sl, r3
1000057a:	b083      	sub	sp, #12
1000057c:	4462      	add	r2, ip
1000057e:	9200      	str	r2, [sp, #0]
10000580:	08e2      	lsrs	r2, r4, #3
10000582:	0013      	movs	r3, r2
10000584:	0026      	movs	r6, r4
10000586:	3308      	adds	r3, #8
10000588:	9900      	ldr	r1, [sp, #0]
1000058a:	009b      	lsls	r3, r3, #2
1000058c:	585d      	ldr	r5, [r3, r1]
1000058e:	3608      	adds	r6, #8
10000590:	2d00      	cmp	r5, #0
10000592:	d024      	beq.n	100005de <gpio_default_irq_handler+0x96>
10000594:	42a6      	cmp	r6, r4
10000596:	d924      	bls.n	100005e2 <gpio_default_irq_handler+0x9a>
10000598:	465b      	mov	r3, fp
1000059a:	2b00      	cmp	r3, #0
1000059c:	d02a      	beq.n	100005f4 <gpio_default_irq_handler+0xac>
1000059e:	2301      	movs	r3, #1
100005a0:	270f      	movs	r7, #15
100005a2:	4699      	mov	r9, r3
100005a4:	0039      	movs	r1, r7
100005a6:	4029      	ands	r1, r5
100005a8:	d013      	beq.n	100005d2 <gpio_default_irq_handler+0x8a>
100005aa:	464b      	mov	r3, r9
100005ac:	4652      	mov	r2, sl
100005ae:	4640      	mov	r0, r8
100005b0:	40a3      	lsls	r3, r4
100005b2:	5812      	ldr	r2, [r2, r0]
100005b4:	421a      	tst	r2, r3
100005b6:	d10c      	bne.n	100005d2 <gpio_default_irq_handler+0x8a>
100005b8:	2207      	movs	r2, #7
100005ba:	0008      	movs	r0, r1
100005bc:	4022      	ands	r2, r4
100005be:	0092      	lsls	r2, r2, #2
100005c0:	4090      	lsls	r0, r2
100005c2:	0002      	movs	r2, r0
100005c4:	08e3      	lsrs	r3, r4, #3
100005c6:	4872      	ldr	r0, [pc, #456]	; (10000790 <gpio_default_irq_handler+0x248>)
100005c8:	333c      	adds	r3, #60	; 0x3c
100005ca:	009b      	lsls	r3, r3, #2
100005cc:	501a      	str	r2, [r3, r0]
100005ce:	0020      	movs	r0, r4
100005d0:	47d8      	blx	fp
100005d2:	092d      	lsrs	r5, r5, #4
100005d4:	3401      	adds	r4, #1
100005d6:	2d00      	cmp	r5, #0
100005d8:	d001      	beq.n	100005de <gpio_default_irq_handler+0x96>
100005da:	42a6      	cmp	r6, r4
100005dc:	d8e2      	bhi.n	100005a4 <gpio_default_irq_handler+0x5c>
100005de:	2e20      	cmp	r6, #32
100005e0:	d001      	beq.n	100005e6 <gpio_default_irq_handler+0x9e>
100005e2:	0034      	movs	r4, r6
100005e4:	e7cc      	b.n	10000580 <gpio_default_irq_handler+0x38>
100005e6:	b003      	add	sp, #12
100005e8:	bc3c      	pop	{r2, r3, r4, r5}
100005ea:	4690      	mov	r8, r2
100005ec:	4699      	mov	r9, r3
100005ee:	46a2      	mov	sl, r4
100005f0:	46ab      	mov	fp, r5
100005f2:	bdf0      	pop	{r4, r5, r6, r7, pc}
100005f4:	230f      	movs	r3, #15
100005f6:	402b      	ands	r3, r5
100005f8:	d007      	beq.n	1000060a <gpio_default_irq_handler+0xc2>
100005fa:	2101      	movs	r1, #1
100005fc:	4647      	mov	r7, r8
100005fe:	40a1      	lsls	r1, r4
10000600:	4862      	ldr	r0, [pc, #392]	; (1000078c <gpio_default_irq_handler+0x244>)
10000602:	59c0      	ldr	r0, [r0, r7]
10000604:	4208      	tst	r0, r1
10000606:	d100      	bne.n	1000060a <gpio_default_irq_handler+0xc2>
10000608:	e0a8      	b.n	1000075c <gpio_default_irq_handler+0x214>
1000060a:	092b      	lsrs	r3, r5, #4
1000060c:	1c61      	adds	r1, r4, #1
1000060e:	2b00      	cmp	r3, #0
10000610:	d0e5      	beq.n	100005de <gpio_default_irq_handler+0x96>
10000612:	428e      	cmp	r6, r1
10000614:	d9e3      	bls.n	100005de <gpio_default_irq_handler+0x96>
10000616:	220f      	movs	r2, #15
10000618:	4013      	ands	r3, r2
1000061a:	d16b      	bne.n	100006f4 <gpio_default_irq_handler+0x1ac>
1000061c:	0a2b      	lsrs	r3, r5, #8
1000061e:	1ca1      	adds	r1, r4, #2
10000620:	2b00      	cmp	r3, #0
10000622:	d0dc      	beq.n	100005de <gpio_default_irq_handler+0x96>
10000624:	428e      	cmp	r6, r1
10000626:	d9da      	bls.n	100005de <gpio_default_irq_handler+0x96>
10000628:	220f      	movs	r2, #15
1000062a:	4013      	ands	r3, r2
1000062c:	d173      	bne.n	10000716 <gpio_default_irq_handler+0x1ce>
1000062e:	0b2b      	lsrs	r3, r5, #12
10000630:	1ce1      	adds	r1, r4, #3
10000632:	2b00      	cmp	r3, #0
10000634:	d0d3      	beq.n	100005de <gpio_default_irq_handler+0x96>
10000636:	428e      	cmp	r6, r1
10000638:	d9d1      	bls.n	100005de <gpio_default_irq_handler+0x96>
1000063a:	220f      	movs	r2, #15
1000063c:	4013      	ands	r3, r2
1000063e:	d17b      	bne.n	10000738 <gpio_default_irq_handler+0x1f0>
10000640:	0c2b      	lsrs	r3, r5, #16
10000642:	1d21      	adds	r1, r4, #4
10000644:	2b00      	cmp	r3, #0
10000646:	d0ca      	beq.n	100005de <gpio_default_irq_handler+0x96>
10000648:	428e      	cmp	r6, r1
1000064a:	d9c8      	bls.n	100005de <gpio_default_irq_handler+0x96>
1000064c:	220f      	movs	r2, #15
1000064e:	4013      	ands	r3, r2
10000650:	d00f      	beq.n	10000672 <gpio_default_irq_handler+0x12a>
10000652:	4647      	mov	r7, r8
10000654:	3a0e      	subs	r2, #14
10000656:	408a      	lsls	r2, r1
10000658:	484c      	ldr	r0, [pc, #304]	; (1000078c <gpio_default_irq_handler+0x244>)
1000065a:	59c0      	ldr	r0, [r0, r7]
1000065c:	4210      	tst	r0, r2
1000065e:	d108      	bne.n	10000672 <gpio_default_irq_handler+0x12a>
10000660:	2007      	movs	r0, #7
10000662:	08ca      	lsrs	r2, r1, #3
10000664:	4001      	ands	r1, r0
10000666:	0089      	lsls	r1, r1, #2
10000668:	408b      	lsls	r3, r1
1000066a:	323c      	adds	r2, #60	; 0x3c
1000066c:	4948      	ldr	r1, [pc, #288]	; (10000790 <gpio_default_irq_handler+0x248>)
1000066e:	0092      	lsls	r2, r2, #2
10000670:	5053      	str	r3, [r2, r1]
10000672:	0d2b      	lsrs	r3, r5, #20
10000674:	1d61      	adds	r1, r4, #5
10000676:	2b00      	cmp	r3, #0
10000678:	d0b1      	beq.n	100005de <gpio_default_irq_handler+0x96>
1000067a:	428e      	cmp	r6, r1
1000067c:	d9af      	bls.n	100005de <gpio_default_irq_handler+0x96>
1000067e:	220f      	movs	r2, #15
10000680:	4013      	ands	r3, r2
10000682:	d006      	beq.n	10000692 <gpio_default_irq_handler+0x14a>
10000684:	4647      	mov	r7, r8
10000686:	3a0e      	subs	r2, #14
10000688:	408a      	lsls	r2, r1
1000068a:	4840      	ldr	r0, [pc, #256]	; (1000078c <gpio_default_irq_handler+0x244>)
1000068c:	59c0      	ldr	r0, [r0, r7]
1000068e:	4210      	tst	r0, r2
10000690:	d06d      	beq.n	1000076e <gpio_default_irq_handler+0x226>
10000692:	0e2b      	lsrs	r3, r5, #24
10000694:	1da1      	adds	r1, r4, #6
10000696:	2b00      	cmp	r3, #0
10000698:	d0a1      	beq.n	100005de <gpio_default_irq_handler+0x96>
1000069a:	428e      	cmp	r6, r1
1000069c:	d99f      	bls.n	100005de <gpio_default_irq_handler+0x96>
1000069e:	220f      	movs	r2, #15
100006a0:	4013      	ands	r3, r2
100006a2:	d00f      	beq.n	100006c4 <gpio_default_irq_handler+0x17c>
100006a4:	4647      	mov	r7, r8
100006a6:	3a0e      	subs	r2, #14
100006a8:	408a      	lsls	r2, r1
100006aa:	4838      	ldr	r0, [pc, #224]	; (1000078c <gpio_default_irq_handler+0x244>)
100006ac:	59c0      	ldr	r0, [r0, r7]
100006ae:	4210      	tst	r0, r2
100006b0:	d108      	bne.n	100006c4 <gpio_default_irq_handler+0x17c>
100006b2:	2007      	movs	r0, #7
100006b4:	08ca      	lsrs	r2, r1, #3
100006b6:	4001      	ands	r1, r0
100006b8:	0089      	lsls	r1, r1, #2
100006ba:	408b      	lsls	r3, r1
100006bc:	323c      	adds	r2, #60	; 0x3c
100006be:	4934      	ldr	r1, [pc, #208]	; (10000790 <gpio_default_irq_handler+0x248>)
100006c0:	0092      	lsls	r2, r2, #2
100006c2:	5053      	str	r3, [r2, r1]
100006c4:	0f2d      	lsrs	r5, r5, #28
100006c6:	3407      	adds	r4, #7
100006c8:	2d00      	cmp	r5, #0
100006ca:	d100      	bne.n	100006ce <gpio_default_irq_handler+0x186>
100006cc:	e787      	b.n	100005de <gpio_default_irq_handler+0x96>
100006ce:	2301      	movs	r3, #1
100006d0:	4641      	mov	r1, r8
100006d2:	40a3      	lsls	r3, r4
100006d4:	4a2d      	ldr	r2, [pc, #180]	; (1000078c <gpio_default_irq_handler+0x244>)
100006d6:	5852      	ldr	r2, [r2, r1]
100006d8:	9201      	str	r2, [sp, #4]
100006da:	421a      	tst	r2, r3
100006dc:	d000      	beq.n	100006e0 <gpio_default_irq_handler+0x198>
100006de:	e77e      	b.n	100005de <gpio_default_irq_handler+0x96>
100006e0:	2207      	movs	r2, #7
100006e2:	08e3      	lsrs	r3, r4, #3
100006e4:	4014      	ands	r4, r2
100006e6:	00a4      	lsls	r4, r4, #2
100006e8:	40a5      	lsls	r5, r4
100006ea:	333c      	adds	r3, #60	; 0x3c
100006ec:	4a28      	ldr	r2, [pc, #160]	; (10000790 <gpio_default_irq_handler+0x248>)
100006ee:	009b      	lsls	r3, r3, #2
100006f0:	509d      	str	r5, [r3, r2]
100006f2:	e774      	b.n	100005de <gpio_default_irq_handler+0x96>
100006f4:	4647      	mov	r7, r8
100006f6:	3a0e      	subs	r2, #14
100006f8:	408a      	lsls	r2, r1
100006fa:	4824      	ldr	r0, [pc, #144]	; (1000078c <gpio_default_irq_handler+0x244>)
100006fc:	59c0      	ldr	r0, [r0, r7]
100006fe:	4210      	tst	r0, r2
10000700:	d18c      	bne.n	1000061c <gpio_default_irq_handler+0xd4>
10000702:	2007      	movs	r0, #7
10000704:	08ca      	lsrs	r2, r1, #3
10000706:	4001      	ands	r1, r0
10000708:	0089      	lsls	r1, r1, #2
1000070a:	408b      	lsls	r3, r1
1000070c:	323c      	adds	r2, #60	; 0x3c
1000070e:	4920      	ldr	r1, [pc, #128]	; (10000790 <gpio_default_irq_handler+0x248>)
10000710:	0092      	lsls	r2, r2, #2
10000712:	5053      	str	r3, [r2, r1]
10000714:	e782      	b.n	1000061c <gpio_default_irq_handler+0xd4>
10000716:	4647      	mov	r7, r8
10000718:	3a0e      	subs	r2, #14
1000071a:	408a      	lsls	r2, r1
1000071c:	481b      	ldr	r0, [pc, #108]	; (1000078c <gpio_default_irq_handler+0x244>)
1000071e:	59c0      	ldr	r0, [r0, r7]
10000720:	4210      	tst	r0, r2
10000722:	d184      	bne.n	1000062e <gpio_default_irq_handler+0xe6>
10000724:	2007      	movs	r0, #7
10000726:	08ca      	lsrs	r2, r1, #3
10000728:	4001      	ands	r1, r0
1000072a:	0089      	lsls	r1, r1, #2
1000072c:	408b      	lsls	r3, r1
1000072e:	323c      	adds	r2, #60	; 0x3c
10000730:	4917      	ldr	r1, [pc, #92]	; (10000790 <gpio_default_irq_handler+0x248>)
10000732:	0092      	lsls	r2, r2, #2
10000734:	5053      	str	r3, [r2, r1]
10000736:	e77a      	b.n	1000062e <gpio_default_irq_handler+0xe6>
10000738:	4647      	mov	r7, r8
1000073a:	3a0e      	subs	r2, #14
1000073c:	408a      	lsls	r2, r1
1000073e:	4813      	ldr	r0, [pc, #76]	; (1000078c <gpio_default_irq_handler+0x244>)
10000740:	59c0      	ldr	r0, [r0, r7]
10000742:	4210      	tst	r0, r2
10000744:	d000      	beq.n	10000748 <gpio_default_irq_handler+0x200>
10000746:	e77b      	b.n	10000640 <gpio_default_irq_handler+0xf8>
10000748:	2007      	movs	r0, #7
1000074a:	08ca      	lsrs	r2, r1, #3
1000074c:	4001      	ands	r1, r0
1000074e:	0089      	lsls	r1, r1, #2
10000750:	408b      	lsls	r3, r1
10000752:	323c      	adds	r2, #60	; 0x3c
10000754:	490e      	ldr	r1, [pc, #56]	; (10000790 <gpio_default_irq_handler+0x248>)
10000756:	0092      	lsls	r2, r2, #2
10000758:	5053      	str	r3, [r2, r1]
1000075a:	e771      	b.n	10000640 <gpio_default_irq_handler+0xf8>
1000075c:	2107      	movs	r1, #7
1000075e:	4021      	ands	r1, r4
10000760:	0089      	lsls	r1, r1, #2
10000762:	408b      	lsls	r3, r1
10000764:	323c      	adds	r2, #60	; 0x3c
10000766:	490a      	ldr	r1, [pc, #40]	; (10000790 <gpio_default_irq_handler+0x248>)
10000768:	0092      	lsls	r2, r2, #2
1000076a:	5053      	str	r3, [r2, r1]
1000076c:	e74d      	b.n	1000060a <gpio_default_irq_handler+0xc2>
1000076e:	2007      	movs	r0, #7
10000770:	08ca      	lsrs	r2, r1, #3
10000772:	4001      	ands	r1, r0
10000774:	0089      	lsls	r1, r1, #2
10000776:	408b      	lsls	r3, r1
10000778:	323c      	adds	r2, #60	; 0x3c
1000077a:	4905      	ldr	r1, [pc, #20]	; (10000790 <gpio_default_irq_handler+0x248>)
1000077c:	0092      	lsls	r2, r2, #2
1000077e:	5053      	str	r3, [r2, r1]
10000780:	e787      	b.n	10000692 <gpio_default_irq_handler+0x14a>
10000782:	46c0      	nop			; (mov r8, r8)
10000784:	20000a38 	.word	0x20000a38
10000788:	40014100 	.word	0x40014100
1000078c:	20000ef8 	.word	0x20000ef8
10000790:	40014000 	.word	0x40014000

10000794 <gpio_set_pulls>:
10000794:	4b0a      	ldr	r3, [pc, #40]	; (100007c0 <gpio_set_pulls+0x2c>)
10000796:	0080      	lsls	r0, r0, #2
10000798:	469c      	mov	ip, r3
1000079a:	2304      	movs	r3, #4
1000079c:	4460      	add	r0, ip
1000079e:	2900      	cmp	r1, #0
100007a0:	d001      	beq.n	100007a6 <gpio_set_pulls+0x12>
100007a2:	230c      	movs	r3, #12
100007a4:	2108      	movs	r1, #8
100007a6:	2a00      	cmp	r2, #0
100007a8:	d100      	bne.n	100007ac <gpio_set_pulls+0x18>
100007aa:	000b      	movs	r3, r1
100007ac:	6802      	ldr	r2, [r0, #0]
100007ae:	4053      	eors	r3, r2
100007b0:	220c      	movs	r2, #12
100007b2:	401a      	ands	r2, r3
100007b4:	2380      	movs	r3, #128	; 0x80
100007b6:	015b      	lsls	r3, r3, #5
100007b8:	4318      	orrs	r0, r3
100007ba:	6002      	str	r2, [r0, #0]
100007bc:	4770      	bx	lr
100007be:	46c0      	nop			; (mov r8, r8)
100007c0:	4001c004 	.word	0x4001c004

100007c4 <gpio_set_irq_enabled_with_callback>:
100007c4:	b5f8      	push	{r3, r4, r5, r6, r7, lr}
100007c6:	001d      	movs	r5, r3
100007c8:	23d0      	movs	r3, #208	; 0xd0
100007ca:	061b      	lsls	r3, r3, #24
100007cc:	681b      	ldr	r3, [r3, #0]
100007ce:	0014      	movs	r4, r2
100007d0:	1e5a      	subs	r2, r3, #1
100007d2:	4193      	sbcs	r3, r2
100007d4:	2230      	movs	r2, #48	; 0x30
100007d6:	425b      	negs	r3, r3
100007d8:	4013      	ands	r3, r2
100007da:	4a21      	ldr	r2, [pc, #132]	; (10000860 <gpio_set_irq_enabled_with_callback+0x9c>)
100007dc:	08c6      	lsrs	r6, r0, #3
100007de:	4694      	mov	ip, r2
100007e0:	2207      	movs	r2, #7
100007e2:	4002      	ands	r2, r0
100007e4:	0092      	lsls	r2, r2, #2
100007e6:	4091      	lsls	r1, r2
100007e8:	0032      	movs	r2, r6
100007ea:	481e      	ldr	r0, [pc, #120]	; (10000864 <gpio_set_irq_enabled_with_callback+0xa0>)
100007ec:	323c      	adds	r2, #60	; 0x3c
100007ee:	4463      	add	r3, ip
100007f0:	0092      	lsls	r2, r2, #2
100007f2:	00b6      	lsls	r6, r6, #2
100007f4:	5011      	str	r1, [r2, r0]
100007f6:	199b      	adds	r3, r3, r6
100007f8:	2c00      	cmp	r4, #0
100007fa:	d011      	beq.n	10000820 <gpio_set_irq_enabled_with_callback+0x5c>
100007fc:	2280      	movs	r2, #128	; 0x80
100007fe:	0192      	lsls	r2, r2, #6
10000800:	4313      	orrs	r3, r2
10000802:	6019      	str	r1, [r3, #0]
10000804:	23d0      	movs	r3, #208	; 0xd0
10000806:	061b      	lsls	r3, r3, #24
10000808:	681e      	ldr	r6, [r3, #0]
1000080a:	4f17      	ldr	r7, [pc, #92]	; (10000868 <gpio_set_irq_enabled_with_callback+0xa4>)
1000080c:	00b6      	lsls	r6, r6, #2
1000080e:	59bb      	ldr	r3, [r7, r6]
10000810:	2b00      	cmp	r3, #0
10000812:	d011      	beq.n	10000838 <gpio_set_irq_enabled_with_callback+0x74>
10000814:	2d00      	cmp	r5, #0
10000816:	d01e      	beq.n	10000856 <gpio_set_irq_enabled_with_callback+0x92>
10000818:	51bd      	str	r5, [r7, r6]
1000081a:	2c00      	cmp	r4, #0
1000081c:	d116      	bne.n	1000084c <gpio_set_irq_enabled_with_callback+0x88>
1000081e:	bdf8      	pop	{r3, r4, r5, r6, r7, pc}
10000820:	22c0      	movs	r2, #192	; 0xc0
10000822:	0192      	lsls	r2, r2, #6
10000824:	4313      	orrs	r3, r2
10000826:	6019      	str	r1, [r3, #0]
10000828:	23d0      	movs	r3, #208	; 0xd0
1000082a:	061b      	lsls	r3, r3, #24
1000082c:	681e      	ldr	r6, [r3, #0]
1000082e:	4f0e      	ldr	r7, [pc, #56]	; (10000868 <gpio_set_irq_enabled_with_callback+0xa4>)
10000830:	00b6      	lsls	r6, r6, #2
10000832:	59bb      	ldr	r3, [r7, r6]
10000834:	2b00      	cmp	r3, #0
10000836:	d1ed      	bne.n	10000814 <gpio_set_irq_enabled_with_callback+0x50>
10000838:	2d00      	cmp	r5, #0
1000083a:	d0ee      	beq.n	1000081a <gpio_set_irq_enabled_with_callback+0x56>
1000083c:	2200      	movs	r2, #0
1000083e:	490b      	ldr	r1, [pc, #44]	; (1000086c <gpio_set_irq_enabled_with_callback+0xa8>)
10000840:	200d      	movs	r0, #13
10000842:	51bd      	str	r5, [r7, r6]
10000844:	f000 f936 	bl	10000ab4 <irq_add_shared_handler>
10000848:	2c00      	cmp	r4, #0
1000084a:	d0e8      	beq.n	1000081e <gpio_set_irq_enabled_with_callback+0x5a>
1000084c:	2101      	movs	r1, #1
1000084e:	200d      	movs	r0, #13
10000850:	f000 f8ce 	bl	100009f0 <irq_set_enabled>
10000854:	e7e3      	b.n	1000081e <gpio_set_irq_enabled_with_callback+0x5a>
10000856:	4905      	ldr	r1, [pc, #20]	; (1000086c <gpio_set_irq_enabled_with_callback+0xa8>)
10000858:	200d      	movs	r0, #13
1000085a:	f000 fa0f 	bl	10000c7c <irq_remove_handler>
1000085e:	e7db      	b.n	10000818 <gpio_set_irq_enabled_with_callback+0x54>
10000860:	40014100 	.word	0x40014100
10000864:	40014000 	.word	0x40014000
10000868:	20000a38 	.word	0x20000a38
1000086c:	10000549 	.word	0x10000549

10000870 <gpio_init>:
10000870:	2301      	movs	r3, #1
10000872:	22d0      	movs	r2, #208	; 0xd0
10000874:	4083      	lsls	r3, r0
10000876:	0612      	lsls	r2, r2, #24
10000878:	6293      	str	r3, [r2, #40]	; 0x28
1000087a:	6193      	str	r3, [r2, #24]
1000087c:	4a09      	ldr	r2, [pc, #36]	; (100008a4 <gpio_init+0x34>)
1000087e:	0083      	lsls	r3, r0, #2
10000880:	4694      	mov	ip, r2
10000882:	2240      	movs	r2, #64	; 0x40
10000884:	4463      	add	r3, ip
10000886:	6819      	ldr	r1, [r3, #0]
10000888:	00c0      	lsls	r0, r0, #3
1000088a:	404a      	eors	r2, r1
1000088c:	21c0      	movs	r1, #192	; 0xc0
1000088e:	4011      	ands	r1, r2
10000890:	2280      	movs	r2, #128	; 0x80
10000892:	0152      	lsls	r2, r2, #5
10000894:	4313      	orrs	r3, r2
10000896:	6019      	str	r1, [r3, #0]
10000898:	4b03      	ldr	r3, [pc, #12]	; (100008a8 <gpio_init+0x38>)
1000089a:	469c      	mov	ip, r3
1000089c:	2305      	movs	r3, #5
1000089e:	4460      	add	r0, ip
100008a0:	6043      	str	r3, [r0, #4]
100008a2:	4770      	bx	lr
100008a4:	4001c004 	.word	0x4001c004
100008a8:	40014000 	.word	0x40014000

100008ac <hw_claim_or_assert>:
100008ac:	b5f8      	push	{r3, r4, r5, r6, r7, lr}
100008ae:	f3ef 8710 	mrs	r7, PRIMASK
100008b2:	b672      	cpsid	i
100008b4:	4e0d      	ldr	r6, [pc, #52]	; (100008ec <hw_claim_or_assert+0x40>)
100008b6:	6833      	ldr	r3, [r6, #0]
100008b8:	2b00      	cmp	r3, #0
100008ba:	d0fc      	beq.n	100008b6 <hw_claim_or_assert+0xa>
100008bc:	f3bf 8f5f 	dmb	sy
100008c0:	2507      	movs	r5, #7
100008c2:	08cb      	lsrs	r3, r1, #3
100008c4:	18c0      	adds	r0, r0, r3
100008c6:	2301      	movs	r3, #1
100008c8:	400d      	ands	r5, r1
100008ca:	40ab      	lsls	r3, r5
100008cc:	001d      	movs	r5, r3
100008ce:	7804      	ldrb	r4, [r0, #0]
100008d0:	4025      	ands	r5, r4
100008d2:	d107      	bne.n	100008e4 <hw_claim_or_assert+0x38>
100008d4:	4323      	orrs	r3, r4
100008d6:	7003      	strb	r3, [r0, #0]
100008d8:	f3bf 8f5f 	dmb	sy
100008dc:	6035      	str	r5, [r6, #0]
100008de:	f387 8810 	msr	PRIMASK, r7
100008e2:	bdf8      	pop	{r3, r4, r5, r6, r7, pc}
100008e4:	0010      	movs	r0, r2
100008e6:	f001 fc83 	bl	100021f0 <panic>
100008ea:	46c0      	nop			; (mov r8, r8)
100008ec:	d000012c 	.word	0xd000012c

100008f0 <hw_claim_unused_from_range>:
100008f0:	b5f8      	push	{r3, r4, r5, r6, r7, lr}
100008f2:	46ce      	mov	lr, r9
100008f4:	4647      	mov	r7, r8
100008f6:	468c      	mov	ip, r1
100008f8:	b580      	push	{r7, lr}
100008fa:	f3ef 8810 	mrs	r8, PRIMASK
100008fe:	b672      	cpsid	i
10000900:	4d21      	ldr	r5, [pc, #132]	; (10000988 <hw_claim_unused_from_range+0x98>)
10000902:	682c      	ldr	r4, [r5, #0]
10000904:	2c00      	cmp	r4, #0
10000906:	d0fc      	beq.n	10000902 <hw_claim_unused_from_range+0x12>
10000908:	f3bf 8f5f 	dmb	sy
1000090c:	429a      	cmp	r2, r3
1000090e:	d82c      	bhi.n	1000096a <hw_claim_unused_from_range+0x7a>
10000910:	2107      	movs	r1, #7
10000912:	2501      	movs	r5, #1
10000914:	4011      	ands	r1, r2
10000916:	408d      	lsls	r5, r1
10000918:	08d4      	lsrs	r4, r2, #3
1000091a:	1904      	adds	r4, r0, r4
1000091c:	7826      	ldrb	r6, [r4, #0]
1000091e:	4235      	tst	r5, r6
10000920:	d01f      	beq.n	10000962 <hw_claim_unused_from_range+0x72>
10000922:	2107      	movs	r1, #7
10000924:	4689      	mov	r9, r1
10000926:	3906      	subs	r1, #6
10000928:	e009      	b.n	1000093e <hw_claim_unused_from_range+0x4e>
1000092a:	464d      	mov	r5, r9
1000092c:	000f      	movs	r7, r1
1000092e:	4015      	ands	r5, r2
10000930:	40af      	lsls	r7, r5
10000932:	08d4      	lsrs	r4, r2, #3
10000934:	1904      	adds	r4, r0, r4
10000936:	7826      	ldrb	r6, [r4, #0]
10000938:	003d      	movs	r5, r7
1000093a:	4237      	tst	r7, r6
1000093c:	d011      	beq.n	10000962 <hw_claim_unused_from_range+0x72>
1000093e:	3201      	adds	r2, #1
10000940:	4293      	cmp	r3, r2
10000942:	d2f2      	bcs.n	1000092a <hw_claim_unused_from_range+0x3a>
10000944:	2001      	movs	r0, #1
10000946:	4240      	negs	r0, r0
10000948:	f3bf 8f5f 	dmb	sy
1000094c:	2200      	movs	r2, #0
1000094e:	4b0e      	ldr	r3, [pc, #56]	; (10000988 <hw_claim_unused_from_range+0x98>)
10000950:	601a      	str	r2, [r3, #0]
10000952:	f388 8810 	msr	PRIMASK, r8
10000956:	2800      	cmp	r0, #0
10000958:	db0f      	blt.n	1000097a <hw_claim_unused_from_range+0x8a>
1000095a:	bc0c      	pop	{r2, r3}
1000095c:	4690      	mov	r8, r2
1000095e:	4699      	mov	r9, r3
10000960:	bdf8      	pop	{r3, r4, r5, r6, r7, pc}
10000962:	4335      	orrs	r5, r6
10000964:	7025      	strb	r5, [r4, #0]
10000966:	0010      	movs	r0, r2
10000968:	e7ee      	b.n	10000948 <hw_claim_unused_from_range+0x58>
1000096a:	f3bf 8f5f 	dmb	sy
1000096e:	2300      	movs	r3, #0
10000970:	602b      	str	r3, [r5, #0]
10000972:	f388 8810 	msr	PRIMASK, r8
10000976:	2001      	movs	r0, #1
10000978:	4240      	negs	r0, r0
1000097a:	4663      	mov	r3, ip
1000097c:	2b00      	cmp	r3, #0
1000097e:	d0ec      	beq.n	1000095a <hw_claim_unused_from_range+0x6a>
10000980:	9808      	ldr	r0, [sp, #32]
10000982:	f001 fc35 	bl	100021f0 <panic>
10000986:	46c0      	nop			; (mov r8, r8)
10000988:	d000012c 	.word	0xd000012c

1000098c <running_on_fpga>:
1000098c:	4b02      	ldr	r3, [pc, #8]	; (10000998 <running_on_fpga+0xc>)
1000098e:	6818      	ldr	r0, [r3, #0]
10000990:	0780      	lsls	r0, r0, #30
10000992:	0fc0      	lsrs	r0, r0, #31
10000994:	4770      	bx	lr
10000996:	46c0      	nop			; (mov r8, r8)
10000998:	4006c000 	.word	0x4006c000

1000099c <spin_locks_reset>:
1000099c:	2100      	movs	r1, #0
1000099e:	4b04      	ldr	r3, [pc, #16]	; (100009b0 <spin_locks_reset+0x14>)
100009a0:	4a04      	ldr	r2, [pc, #16]	; (100009b4 <spin_locks_reset+0x18>)
100009a2:	f3bf 8f5f 	dmb	sy
100009a6:	c302      	stmia	r3!, {r1}
100009a8:	4293      	cmp	r3, r2
100009aa:	d1fa      	bne.n	100009a2 <spin_locks_reset+0x6>
100009ac:	4770      	bx	lr
100009ae:	46c0      	nop			; (mov r8, r8)
100009b0:	d0000100 	.word	0xd0000100
100009b4:	d0000180 	.word	0xd0000180

100009b8 <next_striped_spin_lock_num>:
100009b8:	4a04      	ldr	r2, [pc, #16]	; (100009cc <next_striped_spin_lock_num+0x14>)
100009ba:	7810      	ldrb	r0, [r2, #0]
100009bc:	1c43      	adds	r3, r0, #1
100009be:	b2db      	uxtb	r3, r3
100009c0:	2b17      	cmp	r3, #23
100009c2:	d900      	bls.n	100009c6 <next_striped_spin_lock_num+0xe>
100009c4:	2310      	movs	r3, #16
100009c6:	7013      	strb	r3, [r2, #0]
100009c8:	4770      	bx	lr
100009ca:	46c0      	nop			; (mov r8, r8)
100009cc:	20000370 	.word	0x20000370

100009d0 <spin_lock_claim_unused>:
100009d0:	b500      	push	{lr}
100009d2:	4b05      	ldr	r3, [pc, #20]	; (100009e8 <spin_lock_claim_unused+0x18>)
100009d4:	b083      	sub	sp, #12
100009d6:	0001      	movs	r1, r0
100009d8:	9300      	str	r3, [sp, #0]
100009da:	2218      	movs	r2, #24
100009dc:	231f      	movs	r3, #31
100009de:	4803      	ldr	r0, [pc, #12]	; (100009ec <spin_lock_claim_unused+0x1c>)
100009e0:	f7ff ff86 	bl	100008f0 <hw_claim_unused_from_range>
100009e4:	b003      	add	sp, #12
100009e6:	bd00      	pop	{pc}
100009e8:	10005708 	.word	0x10005708
100009ec:	20000a40 	.word	0x20000a40

100009f0 <irq_set_enabled>:
100009f0:	2301      	movs	r3, #1
100009f2:	4083      	lsls	r3, r0
100009f4:	2900      	cmp	r1, #0
100009f6:	d004      	beq.n	10000a02 <irq_set_enabled+0x12>
100009f8:	4a03      	ldr	r2, [pc, #12]	; (10000a08 <irq_set_enabled+0x18>)
100009fa:	6013      	str	r3, [r2, #0]
100009fc:	4a03      	ldr	r2, [pc, #12]	; (10000a0c <irq_set_enabled+0x1c>)
100009fe:	6013      	str	r3, [r2, #0]
10000a00:	4770      	bx	lr
10000a02:	4a03      	ldr	r2, [pc, #12]	; (10000a10 <irq_set_enabled+0x20>)
10000a04:	6013      	str	r3, [r2, #0]
10000a06:	e7fb      	b.n	10000a00 <irq_set_enabled+0x10>
10000a08:	e000e280 	.word	0xe000e280
10000a0c:	e000e100 	.word	0xe000e100
10000a10:	e000e180 	.word	0xe000e180

10000a14 <irq_set_pending>:
10000a14:	2301      	movs	r3, #1
10000a16:	4083      	lsls	r3, r0
10000a18:	4a01      	ldr	r2, [pc, #4]	; (10000a20 <irq_set_pending+0xc>)
10000a1a:	6013      	str	r3, [r2, #0]
10000a1c:	4770      	bx	lr
10000a1e:	46c0      	nop			; (mov r8, r8)
10000a20:	e000e200 	.word	0xe000e200

10000a24 <irq_has_shared_handler>:
10000a24:	4b08      	ldr	r3, [pc, #32]	; (10000a48 <irq_has_shared_handler+0x24>)
10000a26:	3010      	adds	r0, #16
10000a28:	689b      	ldr	r3, [r3, #8]
10000a2a:	0080      	lsls	r0, r0, #2
10000a2c:	58c3      	ldr	r3, [r0, r3]
10000a2e:	2b00      	cmp	r3, #0
10000a30:	d007      	beq.n	10000a42 <irq_has_shared_handler+0x1e>
10000a32:	4a06      	ldr	r2, [pc, #24]	; (10000a4c <irq_has_shared_handler+0x28>)
10000a34:	2000      	movs	r0, #0
10000a36:	1a9b      	subs	r3, r3, r2
10000a38:	222f      	movs	r2, #47	; 0x2f
10000a3a:	429a      	cmp	r2, r3
10000a3c:	4140      	adcs	r0, r0
10000a3e:	b2c0      	uxtb	r0, r0
10000a40:	4770      	bx	lr
10000a42:	2000      	movs	r0, #0
10000a44:	e7fc      	b.n	10000a40 <irq_has_shared_handler+0x1c>
10000a46:	46c0      	nop			; (mov r8, r8)
10000a48:	e000ed00 	.word	0xe000ed00
10000a4c:	20000374 	.word	0x20000374

10000a50 <irq_get_vtable_handler>:
10000a50:	4b02      	ldr	r3, [pc, #8]	; (10000a5c <irq_get_vtable_handler+0xc>)
10000a52:	3010      	adds	r0, #16
10000a54:	689b      	ldr	r3, [r3, #8]
10000a56:	0080      	lsls	r0, r0, #2
10000a58:	58c0      	ldr	r0, [r0, r3]
10000a5a:	4770      	bx	lr
10000a5c:	e000ed00 	.word	0xe000ed00

10000a60 <irq_set_exclusive_handler>:
10000a60:	b570      	push	{r4, r5, r6, lr}
10000a62:	000d      	movs	r5, r1
10000a64:	f3ef 8610 	mrs	r6, PRIMASK
10000a68:	b672      	cpsid	i
10000a6a:	4a0f      	ldr	r2, [pc, #60]	; (10000aa8 <irq_set_exclusive_handler+0x48>)
10000a6c:	6813      	ldr	r3, [r2, #0]
10000a6e:	2b00      	cmp	r3, #0
10000a70:	d0fc      	beq.n	10000a6c <irq_set_exclusive_handler+0xc>
10000a72:	f3bf 8f5f 	dmb	sy
10000a76:	4b0d      	ldr	r3, [pc, #52]	; (10000aac <irq_set_exclusive_handler+0x4c>)
10000a78:	3010      	adds	r0, #16
10000a7a:	689b      	ldr	r3, [r3, #8]
10000a7c:	0084      	lsls	r4, r0, #2
10000a7e:	591b      	ldr	r3, [r3, r4]
10000a80:	4a0b      	ldr	r2, [pc, #44]	; (10000ab0 <irq_set_exclusive_handler+0x50>)
10000a82:	4293      	cmp	r3, r2
10000a84:	d003      	beq.n	10000a8e <irq_set_exclusive_handler+0x2e>
10000a86:	429d      	cmp	r5, r3
10000a88:	d001      	beq.n	10000a8e <irq_set_exclusive_handler+0x2e>
10000a8a:	f001 fbc9 	bl	10002220 <hard_assertion_failure>
10000a8e:	4b07      	ldr	r3, [pc, #28]	; (10000aac <irq_set_exclusive_handler+0x4c>)
10000a90:	689b      	ldr	r3, [r3, #8]
10000a92:	511d      	str	r5, [r3, r4]
10000a94:	f3bf 8f5f 	dmb	sy
10000a98:	f3bf 8f5f 	dmb	sy
10000a9c:	2200      	movs	r2, #0
10000a9e:	4b02      	ldr	r3, [pc, #8]	; (10000aa8 <irq_set_exclusive_handler+0x48>)
10000aa0:	601a      	str	r2, [r3, #0]
10000aa2:	f386 8810 	msr	PRIMASK, r6
10000aa6:	bd70      	pop	{r4, r5, r6, pc}
10000aa8:	d0000124 	.word	0xd0000124
10000aac:	e000ed00 	.word	0xe000ed00
10000ab0:	100001cd 	.word	0x100001cd

10000ab4 <irq_add_shared_handler>:
10000ab4:	b5f8      	push	{r3, r4, r5, r6, r7, lr}
10000ab6:	4657      	mov	r7, sl
10000ab8:	4645      	mov	r5, r8
10000aba:	46de      	mov	lr, fp
10000abc:	464e      	mov	r6, r9
10000abe:	468a      	mov	sl, r1
10000ac0:	b5e0      	push	{r5, r6, r7, lr}
10000ac2:	4690      	mov	r8, r2
10000ac4:	0007      	movs	r7, r0
10000ac6:	f3ef 8910 	mrs	r9, PRIMASK
10000aca:	b672      	cpsid	i
10000acc:	4a60      	ldr	r2, [pc, #384]	; (10000c50 <irq_add_shared_handler+0x19c>)
10000ace:	6813      	ldr	r3, [r2, #0]
10000ad0:	2b00      	cmp	r3, #0
10000ad2:	d0fc      	beq.n	10000ace <irq_add_shared_handler+0x1a>
10000ad4:	f3bf 8f5f 	dmb	sy
10000ad8:	2000      	movs	r0, #0
10000ada:	4b5e      	ldr	r3, [pc, #376]	; (10000c54 <irq_add_shared_handler+0x1a0>)
10000adc:	5618      	ldrsb	r0, [r3, r0]
10000ade:	469b      	mov	fp, r3
10000ae0:	2800      	cmp	r0, #0
10000ae2:	da00      	bge.n	10000ae6 <irq_add_shared_handler+0x32>
10000ae4:	e0a2      	b.n	10000c2c <irq_add_shared_handler+0x178>
10000ae6:	465a      	mov	r2, fp
10000ae8:	0044      	lsls	r4, r0, #1
10000aea:	4d5b      	ldr	r5, [pc, #364]	; (10000c58 <irq_add_shared_handler+0x1a4>)
10000aec:	1824      	adds	r4, r4, r0
10000aee:	00a4      	lsls	r4, r4, #2
10000af0:	192e      	adds	r6, r5, r4
10000af2:	79b3      	ldrb	r3, [r6, #6]
10000af4:	3710      	adds	r7, #16
10000af6:	7013      	strb	r3, [r2, #0]
10000af8:	4b58      	ldr	r3, [pc, #352]	; (10000c5c <irq_add_shared_handler+0x1a8>)
10000afa:	00ba      	lsls	r2, r7, #2
10000afc:	689b      	ldr	r3, [r3, #8]
10000afe:	4693      	mov	fp, r2
10000b00:	5899      	ldr	r1, [r3, r2]
10000b02:	1b4b      	subs	r3, r1, r5
10000b04:	2b2f      	cmp	r3, #47	; 0x2f
10000b06:	d841      	bhi.n	10000b8c <irq_add_shared_handler+0xd8>
10000b08:	2301      	movs	r3, #1
10000b0a:	000a      	movs	r2, r1
10000b0c:	439a      	bics	r2, r3
10000b0e:	79d3      	ldrb	r3, [r2, #7]
10000b10:	4694      	mov	ip, r2
10000b12:	4543      	cmp	r3, r8
10000b14:	d914      	bls.n	10000b40 <irq_add_shared_handler+0x8c>
10000b16:	2706      	movs	r7, #6
10000b18:	57d7      	ldrsb	r7, [r2, r7]
10000b1a:	0013      	movs	r3, r2
10000b1c:	2f00      	cmp	r7, #0
10000b1e:	da06      	bge.n	10000b2e <irq_add_shared_handler+0x7a>
10000b20:	e08d      	b.n	10000c3e <irq_add_shared_handler+0x18a>
10000b22:	2706      	movs	r7, #6
10000b24:	57df      	ldrsb	r7, [r3, r7]
10000b26:	001a      	movs	r2, r3
10000b28:	2f00      	cmp	r7, #0
10000b2a:	da00      	bge.n	10000b2e <irq_add_shared_handler+0x7a>
10000b2c:	e087      	b.n	10000c3e <irq_add_shared_handler+0x18a>
10000b2e:	007b      	lsls	r3, r7, #1
10000b30:	19db      	adds	r3, r3, r7
10000b32:	009b      	lsls	r3, r3, #2
10000b34:	18eb      	adds	r3, r5, r3
10000b36:	79df      	ldrb	r7, [r3, #7]
10000b38:	4547      	cmp	r7, r8
10000b3a:	d8f2      	bhi.n	10000b22 <irq_add_shared_handler+0x6e>
10000b3c:	2a00      	cmp	r2, #0
10000b3e:	d151      	bne.n	10000be4 <irq_add_shared_handler+0x130>
10000b40:	4a47      	ldr	r2, [pc, #284]	; (10000c60 <irq_add_shared_handler+0x1ac>)
10000b42:	4663      	mov	r3, ip
10000b44:	1b5b      	subs	r3, r3, r5
10000b46:	415b      	adcs	r3, r3
10000b48:	435a      	muls	r2, r3
10000b4a:	0d12      	lsrs	r2, r2, #20
10000b4c:	4b45      	ldr	r3, [pc, #276]	; (10000c64 <irq_add_shared_handler+0x1b0>)
10000b4e:	1ca1      	adds	r1, r4, #2
10000b50:	8033      	strh	r3, [r6, #0]
10000b52:	4b45      	ldr	r3, [pc, #276]	; (10000c68 <irq_add_shared_handler+0x1b4>)
10000b54:	1869      	adds	r1, r5, r1
10000b56:	3b04      	subs	r3, #4
10000b58:	1a5b      	subs	r3, r3, r1
10000b5a:	051b      	lsls	r3, r3, #20
10000b5c:	4943      	ldr	r1, [pc, #268]	; (10000c6c <irq_add_shared_handler+0x1b8>)
10000b5e:	0d5b      	lsrs	r3, r3, #21
10000b60:	430b      	orrs	r3, r1
10000b62:	8073      	strh	r3, [r6, #2]
10000b64:	4663      	mov	r3, ip
10000b66:	3404      	adds	r4, #4
10000b68:	3b04      	subs	r3, #4
10000b6a:	192d      	adds	r5, r5, r4
10000b6c:	1b5d      	subs	r5, r3, r5
10000b6e:	4643      	mov	r3, r8
10000b70:	052d      	lsls	r5, r5, #20
10000b72:	71f3      	strb	r3, [r6, #7]
10000b74:	0d6d      	lsrs	r5, r5, #21
10000b76:	4653      	mov	r3, sl
10000b78:	4329      	orrs	r1, r5
10000b7a:	80b1      	strh	r1, [r6, #4]
10000b7c:	71b2      	strb	r2, [r6, #6]
10000b7e:	2101      	movs	r1, #1
10000b80:	4662      	mov	r2, ip
10000b82:	60b3      	str	r3, [r6, #8]
10000b84:	4b3a      	ldr	r3, [pc, #232]	; (10000c70 <irq_add_shared_handler+0x1bc>)
10000b86:	4331      	orrs	r1, r6
10000b88:	6013      	str	r3, [r2, #0]
10000b8a:	e018      	b.n	10000bbe <irq_add_shared_handler+0x10a>
10000b8c:	4b39      	ldr	r3, [pc, #228]	; (10000c74 <irq_add_shared_handler+0x1c0>)
10000b8e:	4299      	cmp	r1, r3
10000b90:	d152      	bne.n	10000c38 <irq_add_shared_handler+0x184>
10000b92:	4b34      	ldr	r3, [pc, #208]	; (10000c64 <irq_add_shared_handler+0x1b0>)
10000b94:	3402      	adds	r4, #2
10000b96:	8033      	strh	r3, [r6, #0]
10000b98:	4b33      	ldr	r3, [pc, #204]	; (10000c68 <irq_add_shared_handler+0x1b4>)
10000b9a:	192d      	adds	r5, r5, r4
10000b9c:	3b04      	subs	r3, #4
10000b9e:	1b5d      	subs	r5, r3, r5
10000ba0:	052d      	lsls	r5, r5, #20
10000ba2:	4b32      	ldr	r3, [pc, #200]	; (10000c6c <irq_add_shared_handler+0x1b8>)
10000ba4:	0d6d      	lsrs	r5, r5, #21
10000ba6:	431d      	orrs	r5, r3
10000ba8:	4b33      	ldr	r3, [pc, #204]	; (10000c78 <irq_add_shared_handler+0x1c4>)
10000baa:	2101      	movs	r1, #1
10000bac:	80b3      	strh	r3, [r6, #4]
10000bae:	23ff      	movs	r3, #255	; 0xff
10000bb0:	71b3      	strb	r3, [r6, #6]
10000bb2:	4643      	mov	r3, r8
10000bb4:	71f3      	strb	r3, [r6, #7]
10000bb6:	4653      	mov	r3, sl
10000bb8:	8075      	strh	r5, [r6, #2]
10000bba:	60b3      	str	r3, [r6, #8]
10000bbc:	4331      	orrs	r1, r6
10000bbe:	465a      	mov	r2, fp
10000bc0:	4b26      	ldr	r3, [pc, #152]	; (10000c5c <irq_add_shared_handler+0x1a8>)
10000bc2:	689b      	ldr	r3, [r3, #8]
10000bc4:	5099      	str	r1, [r3, r2]
10000bc6:	f3bf 8f5f 	dmb	sy
10000bca:	f3bf 8f5f 	dmb	sy
10000bce:	2200      	movs	r2, #0
10000bd0:	4b1f      	ldr	r3, [pc, #124]	; (10000c50 <irq_add_shared_handler+0x19c>)
10000bd2:	601a      	str	r2, [r3, #0]
10000bd4:	f389 8810 	msr	PRIMASK, r9
10000bd8:	bc3c      	pop	{r2, r3, r4, r5}
10000bda:	4690      	mov	r8, r2
10000bdc:	4699      	mov	r9, r3
10000bde:	46a2      	mov	sl, r4
10000be0:	46ab      	mov	fp, r5
10000be2:	bdf8      	pop	{r3, r4, r5, r6, r7, pc}
10000be4:	2706      	movs	r7, #6
10000be6:	57d7      	ldrsb	r7, [r2, r7]
10000be8:	1d13      	adds	r3, r2, #4
10000bea:	469c      	mov	ip, r3
10000bec:	2f00      	cmp	r7, #0
10000bee:	db2c      	blt.n	10000c4a <irq_add_shared_handler+0x196>
10000bf0:	3404      	adds	r4, #4
10000bf2:	192d      	adds	r5, r5, r4
10000bf4:	24e0      	movs	r4, #224	; 0xe0
10000bf6:	8893      	ldrh	r3, [r2, #4]
10000bf8:	0224      	lsls	r4, r4, #8
10000bfa:	055b      	lsls	r3, r3, #21
10000bfc:	151b      	asrs	r3, r3, #20
10000bfe:	4463      	add	r3, ip
10000c00:	1b5b      	subs	r3, r3, r5
10000c02:	051b      	lsls	r3, r3, #20
10000c04:	0d5b      	lsrs	r3, r3, #21
10000c06:	4323      	orrs	r3, r4
10000c08:	4665      	mov	r5, ip
10000c0a:	1f34      	subs	r4, r6, #4
10000c0c:	1b64      	subs	r4, r4, r5
10000c0e:	0524      	lsls	r4, r4, #20
10000c10:	4d16      	ldr	r5, [pc, #88]	; (10000c6c <irq_add_shared_handler+0x1b8>)
10000c12:	0d64      	lsrs	r4, r4, #21
10000c14:	432c      	orrs	r4, r5
10000c16:	8094      	strh	r4, [r2, #4]
10000c18:	7190      	strb	r0, [r2, #6]
10000c1a:	80b3      	strh	r3, [r6, #4]
10000c1c:	4643      	mov	r3, r8
10000c1e:	71f3      	strb	r3, [r6, #7]
10000c20:	4653      	mov	r3, sl
10000c22:	4a13      	ldr	r2, [pc, #76]	; (10000c70 <irq_add_shared_handler+0x1bc>)
10000c24:	71b7      	strb	r7, [r6, #6]
10000c26:	6032      	str	r2, [r6, #0]
10000c28:	60b3      	str	r3, [r6, #8]
10000c2a:	e7c8      	b.n	10000bbe <irq_add_shared_handler+0x10a>
10000c2c:	f001 faf8 	bl	10002220 <hard_assertion_failure>
10000c30:	465b      	mov	r3, fp
10000c32:	2000      	movs	r0, #0
10000c34:	5618      	ldrsb	r0, [r3, r0]
10000c36:	e756      	b.n	10000ae6 <irq_add_shared_handler+0x32>
10000c38:	f001 faf2 	bl	10002220 <hard_assertion_failure>
10000c3c:	e7a9      	b.n	10000b92 <irq_add_shared_handler+0xde>
10000c3e:	1d1a      	adds	r2, r3, #4
10000c40:	4694      	mov	ip, r2
10000c42:	001a      	movs	r2, r3
10000c44:	23bd      	movs	r3, #189	; 0xbd
10000c46:	021b      	lsls	r3, r3, #8
10000c48:	e7de      	b.n	10000c08 <irq_add_shared_handler+0x154>
10000c4a:	23bd      	movs	r3, #189	; 0xbd
10000c4c:	021b      	lsls	r3, r3, #8
10000c4e:	e7db      	b.n	10000c08 <irq_add_shared_handler+0x154>
10000c50:	d0000124 	.word	0xd0000124
10000c54:	20000f43 	.word	0x20000f43
10000c58:	20000374 	.word	0x20000374
10000c5c:	e000ed00 	.word	0xe000ed00
10000c60:	0000aaaa 	.word	0x0000aaaa
10000c64:	ffffa100 	.word	0xffffa100
10000c68:	200003a4 	.word	0x200003a4
10000c6c:	ffffe000 	.word	0xffffe000
10000c70:	47804801 	.word	0x47804801
10000c74:	100001cd 	.word	0x100001cd
10000c78:	ffffbd00 	.word	0xffffbd00

10000c7c <irq_remove_handler>:
10000c7c:	b5f0      	push	{r4, r5, r6, r7, lr}
10000c7e:	4645      	mov	r5, r8
10000c80:	46de      	mov	lr, fp
10000c82:	4657      	mov	r7, sl
10000c84:	464e      	mov	r6, r9
10000c86:	b5e0      	push	{r5, r6, r7, lr}
10000c88:	000d      	movs	r5, r1
10000c8a:	b083      	sub	sp, #12
10000c8c:	f3ef 8a10 	mrs	sl, PRIMASK
10000c90:	b672      	cpsid	i
10000c92:	4a5a      	ldr	r2, [pc, #360]	; (10000dfc <irq_remove_handler+0x180>)
10000c94:	6813      	ldr	r3, [r2, #0]
10000c96:	2b00      	cmp	r3, #0
10000c98:	d0fc      	beq.n	10000c94 <irq_remove_handler+0x18>
10000c9a:	f3bf 8f5f 	dmb	sy
10000c9e:	2210      	movs	r2, #16
10000ca0:	4691      	mov	r9, r2
10000ca2:	4481      	add	r9, r0
10000ca4:	464a      	mov	r2, r9
10000ca6:	4b56      	ldr	r3, [pc, #344]	; (10000e00 <irq_remove_handler+0x184>)
10000ca8:	0096      	lsls	r6, r2, #2
10000caa:	689b      	ldr	r3, [r3, #8]
10000cac:	599c      	ldr	r4, [r3, r6]
10000cae:	4b55      	ldr	r3, [pc, #340]	; (10000e04 <irq_remove_handler+0x188>)
10000cb0:	4698      	mov	r8, r3
10000cb2:	429c      	cmp	r4, r3
10000cb4:	d005      	beq.n	10000cc2 <irq_remove_handler+0x46>
10000cb6:	42ac      	cmp	r4, r5
10000cb8:	d016      	beq.n	10000ce8 <irq_remove_handler+0x6c>
10000cba:	4f53      	ldr	r7, [pc, #332]	; (10000e08 <irq_remove_handler+0x18c>)
10000cbc:	1be3      	subs	r3, r4, r7
10000cbe:	2b2f      	cmp	r3, #47	; 0x2f
10000cc0:	d914      	bls.n	10000cec <irq_remove_handler+0x70>
10000cc2:	4b4f      	ldr	r3, [pc, #316]	; (10000e00 <irq_remove_handler+0x184>)
10000cc4:	689b      	ldr	r3, [r3, #8]
10000cc6:	519c      	str	r4, [r3, r6]
10000cc8:	f3bf 8f5f 	dmb	sy
10000ccc:	f3bf 8f5f 	dmb	sy
10000cd0:	2200      	movs	r2, #0
10000cd2:	4b4a      	ldr	r3, [pc, #296]	; (10000dfc <irq_remove_handler+0x180>)
10000cd4:	601a      	str	r2, [r3, #0]
10000cd6:	f38a 8810 	msr	PRIMASK, sl
10000cda:	b003      	add	sp, #12
10000cdc:	bc3c      	pop	{r2, r3, r4, r5}
10000cde:	4690      	mov	r8, r2
10000ce0:	4699      	mov	r9, r3
10000ce2:	46a2      	mov	sl, r4
10000ce4:	46ab      	mov	fp, r5
10000ce6:	bdf0      	pop	{r4, r5, r6, r7, pc}
10000ce8:	001c      	movs	r4, r3
10000cea:	e7ea      	b.n	10000cc2 <irq_remove_handler+0x46>
10000cec:	2301      	movs	r3, #1
10000cee:	4083      	lsls	r3, r0
10000cf0:	469b      	mov	fp, r3
10000cf2:	465a      	mov	r2, fp
10000cf4:	4b45      	ldr	r3, [pc, #276]	; (10000e0c <irq_remove_handler+0x190>)
10000cf6:	681b      	ldr	r3, [r3, #0]
10000cf8:	401a      	ands	r2, r3
10000cfa:	9200      	str	r2, [sp, #0]
10000cfc:	465a      	mov	r2, fp
10000cfe:	4b44      	ldr	r3, [pc, #272]	; (10000e10 <irq_remove_handler+0x194>)
10000d00:	601a      	str	r2, [r3, #0]
10000d02:	f3bf 8f5f 	dmb	sy
10000d06:	f7ff faae 	bl	10000266 <__get_current_exception>
10000d0a:	9001      	str	r0, [sp, #4]
10000d0c:	2800      	cmp	r0, #0
10000d0e:	d003      	beq.n	10000d18 <irq_remove_handler+0x9c>
10000d10:	4581      	cmp	r9, r0
10000d12:	d001      	beq.n	10000d18 <irq_remove_handler+0x9c>
10000d14:	f001 fa84 	bl	10002220 <hard_assertion_failure>
10000d18:	2301      	movs	r3, #1
10000d1a:	0022      	movs	r2, r4
10000d1c:	2106      	movs	r1, #6
10000d1e:	439a      	bics	r2, r3
10000d20:	6893      	ldr	r3, [r2, #8]
10000d22:	5651      	ldrsb	r1, [r2, r1]
10000d24:	429d      	cmp	r5, r3
10000d26:	d10a      	bne.n	10000d3e <irq_remove_handler+0xc2>
10000d28:	e052      	b.n	10000dd0 <irq_remove_handler+0x154>
10000d2a:	004b      	lsls	r3, r1, #1
10000d2c:	185b      	adds	r3, r3, r1
10000d2e:	2106      	movs	r1, #6
10000d30:	009b      	lsls	r3, r3, #2
10000d32:	18fb      	adds	r3, r7, r3
10000d34:	6898      	ldr	r0, [r3, #8]
10000d36:	5659      	ldrsb	r1, [r3, r1]
10000d38:	42a8      	cmp	r0, r5
10000d3a:	d00f      	beq.n	10000d5c <irq_remove_handler+0xe0>
10000d3c:	001a      	movs	r2, r3
10000d3e:	2900      	cmp	r1, #0
10000d40:	daf3      	bge.n	10000d2a <irq_remove_handler+0xae>
10000d42:	9b00      	ldr	r3, [sp, #0]
10000d44:	2b00      	cmp	r3, #0
10000d46:	d005      	beq.n	10000d54 <irq_remove_handler+0xd8>
10000d48:	465a      	mov	r2, fp
10000d4a:	4b32      	ldr	r3, [pc, #200]	; (10000e14 <irq_remove_handler+0x198>)
10000d4c:	601a      	str	r2, [r3, #0]
10000d4e:	4b2f      	ldr	r3, [pc, #188]	; (10000e0c <irq_remove_handler+0x190>)
10000d50:	601a      	str	r2, [r3, #0]
10000d52:	e7b6      	b.n	10000cc2 <irq_remove_handler+0x46>
10000d54:	465a      	mov	r2, fp
10000d56:	4b2e      	ldr	r3, [pc, #184]	; (10000e10 <irq_remove_handler+0x194>)
10000d58:	601a      	str	r2, [r3, #0]
10000d5a:	e7b2      	b.n	10000cc2 <irq_remove_handler+0x46>
10000d5c:	2900      	cmp	r1, #0
10000d5e:	db21      	blt.n	10000da4 <irq_remove_handler+0x128>
10000d60:	004a      	lsls	r2, r1, #1
10000d62:	1850      	adds	r0, r2, r1
10000d64:	0080      	lsls	r0, r0, #2
10000d66:	183d      	adds	r5, r7, r0
10000d68:	4680      	mov	r8, r0
10000d6a:	68a8      	ldr	r0, [r5, #8]
10000d6c:	6098      	str	r0, [r3, #8]
10000d6e:	79e8      	ldrb	r0, [r5, #7]
10000d70:	71d8      	strb	r0, [r3, #7]
10000d72:	2006      	movs	r0, #6
10000d74:	5628      	ldrsb	r0, [r5, r0]
10000d76:	7198      	strb	r0, [r3, #6]
10000d78:	2800      	cmp	r0, #0
10000d7a:	db26      	blt.n	10000dca <irq_remove_handler+0x14e>
10000d7c:	88ad      	ldrh	r5, [r5, #4]
10000d7e:	1af8      	subs	r0, r7, r3
10000d80:	056d      	lsls	r5, r5, #21
10000d82:	152d      	asrs	r5, r5, #20
10000d84:	4445      	add	r5, r8
10000d86:	1940      	adds	r0, r0, r5
10000d88:	25e0      	movs	r5, #224	; 0xe0
10000d8a:	0500      	lsls	r0, r0, #20
10000d8c:	0d40      	lsrs	r0, r0, #21
10000d8e:	022d      	lsls	r5, r5, #8
10000d90:	4328      	orrs	r0, r5
10000d92:	8098      	strh	r0, [r3, #4]
10000d94:	1852      	adds	r2, r2, r1
10000d96:	4b20      	ldr	r3, [pc, #128]	; (10000e18 <irq_remove_handler+0x19c>)
10000d98:	0092      	lsls	r2, r2, #2
10000d9a:	18bf      	adds	r7, r7, r2
10000d9c:	781a      	ldrb	r2, [r3, #0]
10000d9e:	7019      	strb	r1, [r3, #0]
10000da0:	71ba      	strb	r2, [r7, #6]
10000da2:	e7ce      	b.n	10000d42 <irq_remove_handler+0xc6>
10000da4:	9901      	ldr	r1, [sp, #4]
10000da6:	2900      	cmp	r1, #0
10000da8:	d118      	bne.n	10000ddc <irq_remove_handler+0x160>
10000daa:	2a00      	cmp	r2, #0
10000dac:	d023      	beq.n	10000df6 <irq_remove_handler+0x17a>
10000dae:	31ff      	adds	r1, #255	; 0xff
10000db0:	7191      	strb	r1, [r2, #6]
10000db2:	491a      	ldr	r1, [pc, #104]	; (10000e1c <irq_remove_handler+0x1a0>)
10000db4:	8091      	strh	r1, [r2, #4]
10000db6:	4918      	ldr	r1, [pc, #96]	; (10000e18 <irq_remove_handler+0x19c>)
10000db8:	780a      	ldrb	r2, [r1, #0]
10000dba:	719a      	strb	r2, [r3, #6]
10000dbc:	4a18      	ldr	r2, [pc, #96]	; (10000e20 <irq_remove_handler+0x1a4>)
10000dbe:	1bdb      	subs	r3, r3, r7
10000dc0:	415b      	adcs	r3, r3
10000dc2:	435a      	muls	r2, r3
10000dc4:	0d12      	lsrs	r2, r2, #20
10000dc6:	700a      	strb	r2, [r1, #0]
10000dc8:	e7bb      	b.n	10000d42 <irq_remove_handler+0xc6>
10000dca:	20bd      	movs	r0, #189	; 0xbd
10000dcc:	0200      	lsls	r0, r0, #8
10000dce:	e7e0      	b.n	10000d92 <irq_remove_handler+0x116>
10000dd0:	0013      	movs	r3, r2
10000dd2:	2900      	cmp	r1, #0
10000dd4:	dac4      	bge.n	10000d60 <irq_remove_handler+0xe4>
10000dd6:	9a01      	ldr	r2, [sp, #4]
10000dd8:	2a00      	cmp	r2, #0
10000dda:	d00c      	beq.n	10000df6 <irq_remove_handler+0x17a>
10000ddc:	4a11      	ldr	r2, [pc, #68]	; (10000e24 <irq_remove_handler+0x1a8>)
10000dde:	4912      	ldr	r1, [pc, #72]	; (10000e28 <irq_remove_handler+0x1ac>)
10000de0:	1ad2      	subs	r2, r2, r3
10000de2:	3a08      	subs	r2, #8
10000de4:	0250      	lsls	r0, r2, #9
10000de6:	0d40      	lsrs	r0, r0, #21
10000de8:	4301      	orrs	r1, r0
10000dea:	8099      	strh	r1, [r3, #4]
10000dec:	490f      	ldr	r1, [pc, #60]	; (10000e2c <irq_remove_handler+0x1b0>)
10000dee:	0852      	lsrs	r2, r2, #1
10000df0:	430a      	orrs	r2, r1
10000df2:	80da      	strh	r2, [r3, #6]
10000df4:	e7a5      	b.n	10000d42 <irq_remove_handler+0xc6>
10000df6:	4644      	mov	r4, r8
10000df8:	e7dd      	b.n	10000db6 <irq_remove_handler+0x13a>
10000dfa:	46c0      	nop			; (mov r8, r8)
10000dfc:	d0000124 	.word	0xd0000124
10000e00:	e000ed00 	.word	0xe000ed00
10000e04:	100001cd 	.word	0x100001cd
10000e08:	20000374 	.word	0x20000374
10000e0c:	e000e100 	.word	0xe000e100
10000e10:	e000e180 	.word	0xe000e180
10000e14:	e000e280 	.word	0xe000e280
10000e18:	20000f43 	.word	0x20000f43
10000e1c:	ffffbd00 	.word	0xffffbd00
10000e20:	0000aaaa 	.word	0x0000aaaa
10000e24:	200003ae 	.word	0x200003ae
10000e28:	fffff000 	.word	0xfffff000
10000e2c:	fffff800 	.word	0xfffff800

10000e30 <irq_add_tail_to_free_list>:
10000e30:	b5f8      	push	{r3, r4, r5, r6, r7, lr}
10000e32:	2501      	movs	r5, #1
10000e34:	0004      	movs	r4, r0
10000e36:	4305      	orrs	r5, r0
10000e38:	f7ff fa15 	bl	10000266 <__get_current_exception>
10000e3c:	f3ef 8610 	mrs	r6, PRIMASK
10000e40:	b672      	cpsid	i
10000e42:	4a21      	ldr	r2, [pc, #132]	; (10000ec8 <irq_add_tail_to_free_list+0x98>)
10000e44:	6813      	ldr	r3, [r2, #0]
10000e46:	2b00      	cmp	r3, #0
10000e48:	d0fc      	beq.n	10000e44 <irq_add_tail_to_free_list+0x14>
10000e4a:	f3bf 8f5f 	dmb	sy
10000e4e:	4b1f      	ldr	r3, [pc, #124]	; (10000ecc <irq_add_tail_to_free_list+0x9c>)
10000e50:	4a1f      	ldr	r2, [pc, #124]	; (10000ed0 <irq_add_tail_to_free_list+0xa0>)
10000e52:	0021      	movs	r1, r4
10000e54:	1ac9      	subs	r1, r1, r3
10000e56:	4149      	adcs	r1, r1
10000e58:	434a      	muls	r2, r1
10000e5a:	0d12      	lsrs	r2, r2, #20
10000e5c:	491d      	ldr	r1, [pc, #116]	; (10000ed4 <irq_add_tail_to_free_list+0xa4>)
10000e5e:	0080      	lsls	r0, r0, #2
10000e60:	688f      	ldr	r7, [r1, #8]
10000e62:	b252      	sxtb	r2, r2
10000e64:	583f      	ldr	r7, [r7, r0]
10000e66:	42af      	cmp	r7, r5
10000e68:	d01c      	beq.n	10000ea4 <irq_add_tail_to_free_list+0x74>
10000e6a:	2106      	movs	r1, #6
10000e6c:	5659      	ldrsb	r1, [r3, r1]
10000e6e:	4291      	cmp	r1, r2
10000e70:	d01c      	beq.n	10000eac <irq_add_tail_to_free_list+0x7c>
10000e72:	2112      	movs	r1, #18
10000e74:	5659      	ldrsb	r1, [r3, r1]
10000e76:	4291      	cmp	r1, r2
10000e78:	d022      	beq.n	10000ec0 <irq_add_tail_to_free_list+0x90>
10000e7a:	211e      	movs	r1, #30
10000e7c:	5659      	ldrsb	r1, [r3, r1]
10000e7e:	4291      	cmp	r1, r2
10000e80:	d020      	beq.n	10000ec4 <irq_add_tail_to_free_list+0x94>
10000e82:	212a      	movs	r1, #42	; 0x2a
10000e84:	5659      	ldrsb	r1, [r3, r1]
10000e86:	2003      	movs	r0, #3
10000e88:	4291      	cmp	r1, r2
10000e8a:	d010      	beq.n	10000eae <irq_add_tail_to_free_list+0x7e>
10000e8c:	4b12      	ldr	r3, [pc, #72]	; (10000ed8 <irq_add_tail_to_free_list+0xa8>)
10000e8e:	7819      	ldrb	r1, [r3, #0]
10000e90:	701a      	strb	r2, [r3, #0]
10000e92:	71a1      	strb	r1, [r4, #6]
10000e94:	f3bf 8f5f 	dmb	sy
10000e98:	2200      	movs	r2, #0
10000e9a:	4b0b      	ldr	r3, [pc, #44]	; (10000ec8 <irq_add_tail_to_free_list+0x98>)
10000e9c:	601a      	str	r2, [r3, #0]
10000e9e:	f386 8810 	msr	PRIMASK, r6
10000ea2:	bdf8      	pop	{r3, r4, r5, r6, r7, pc}
10000ea4:	688b      	ldr	r3, [r1, #8]
10000ea6:	490d      	ldr	r1, [pc, #52]	; (10000edc <irq_add_tail_to_free_list+0xac>)
10000ea8:	5019      	str	r1, [r3, r0]
10000eaa:	e7ef      	b.n	10000e8c <irq_add_tail_to_free_list+0x5c>
10000eac:	2000      	movs	r0, #0
10000eae:	0041      	lsls	r1, r0, #1
10000eb0:	1809      	adds	r1, r1, r0
10000eb2:	0089      	lsls	r1, r1, #2
10000eb4:	185b      	adds	r3, r3, r1
10000eb6:	21ff      	movs	r1, #255	; 0xff
10000eb8:	7199      	strb	r1, [r3, #6]
10000eba:	4909      	ldr	r1, [pc, #36]	; (10000ee0 <irq_add_tail_to_free_list+0xb0>)
10000ebc:	8099      	strh	r1, [r3, #4]
10000ebe:	e7e5      	b.n	10000e8c <irq_add_tail_to_free_list+0x5c>
10000ec0:	2001      	movs	r0, #1
10000ec2:	e7f4      	b.n	10000eae <irq_add_tail_to_free_list+0x7e>
10000ec4:	2002      	movs	r0, #2
10000ec6:	e7f2      	b.n	10000eae <irq_add_tail_to_free_list+0x7e>
10000ec8:	d0000124 	.word	0xd0000124
10000ecc:	20000374 	.word	0x20000374
10000ed0:	0000aaaa 	.word	0x0000aaaa
10000ed4:	e000ed00 	.word	0xe000ed00
10000ed8:	20000f43 	.word	0x20000f43
10000edc:	100001cd 	.word	0x100001cd
10000ee0:	ffffbd00 	.word	0xffffbd00

10000ee4 <irq_init_priorities>:
10000ee4:	4b05      	ldr	r3, [pc, #20]	; (10000efc <irq_init_priorities+0x18>)
10000ee6:	4a06      	ldr	r2, [pc, #24]	; (10000f00 <irq_init_priorities+0x1c>)
10000ee8:	6013      	str	r3, [r2, #0]
10000eea:	4a06      	ldr	r2, [pc, #24]	; (10000f04 <irq_init_priorities+0x20>)
10000eec:	6013      	str	r3, [r2, #0]
10000eee:	6053      	str	r3, [r2, #4]
10000ef0:	6093      	str	r3, [r2, #8]
10000ef2:	60d3      	str	r3, [r2, #12]
10000ef4:	6113      	str	r3, [r2, #16]
10000ef6:	6153      	str	r3, [r2, #20]
10000ef8:	6193      	str	r3, [r2, #24]
10000efa:	4770      	bx	lr
10000efc:	80808080 	.word	0x80808080
10000f00:	e000e400 	.word	0xe000e400
10000f04:	e000e404 	.word	0xe000e404

10000f08 <user_irq_claim_unused>:
10000f08:	23d0      	movs	r3, #208	; 0xd0
10000f0a:	b500      	push	{lr}
10000f0c:	061b      	lsls	r3, r3, #24
10000f0e:	0001      	movs	r1, r0
10000f10:	6818      	ldr	r0, [r3, #0]
10000f12:	4b07      	ldr	r3, [pc, #28]	; (10000f30 <user_irq_claim_unused+0x28>)
10000f14:	b083      	sub	sp, #12
10000f16:	1818      	adds	r0, r3, r0
10000f18:	4b06      	ldr	r3, [pc, #24]	; (10000f34 <user_irq_claim_unused+0x2c>)
10000f1a:	2200      	movs	r2, #0
10000f1c:	9300      	str	r3, [sp, #0]
10000f1e:	2305      	movs	r3, #5
10000f20:	f7ff fce6 	bl	100008f0 <hw_claim_unused_from_range>
10000f24:	2800      	cmp	r0, #0
10000f26:	db01      	blt.n	10000f2c <user_irq_claim_unused+0x24>
10000f28:	231f      	movs	r3, #31
10000f2a:	1a18      	subs	r0, r3, r0
10000f2c:	b003      	add	sp, #12
10000f2e:	bd00      	pop	{pc}
10000f30:	20000f3c 	.word	0x20000f3c
10000f34:	10005724 	.word	0x10005724

10000f38 <lock_init>:
10000f38:	4b02      	ldr	r3, [pc, #8]	; (10000f44 <lock_init+0xc>)
10000f3a:	469c      	mov	ip, r3
10000f3c:	4461      	add	r1, ip
10000f3e:	0089      	lsls	r1, r1, #2
10000f40:	6001      	str	r1, [r0, #0]
10000f42:	4770      	bx	lr
10000f44:	34000040 	.word	0x34000040

10000f48 <timer_pool_entry_comparator>:
10000f48:	6883      	ldr	r3, [r0, #8]
10000f4a:	480b      	ldr	r0, [pc, #44]	; (10000f78 <timer_pool_entry_comparator+0x30>)
10000f4c:	b510      	push	{r4, lr}
10000f4e:	4684      	mov	ip, r0
10000f50:	4461      	add	r1, ip
10000f52:	4462      	add	r2, ip
10000f54:	0109      	lsls	r1, r1, #4
10000f56:	0112      	lsls	r2, r2, #4
10000f58:	189a      	adds	r2, r3, r2
10000f5a:	1859      	adds	r1, r3, r1
10000f5c:	6854      	ldr	r4, [r2, #4]
10000f5e:	684b      	ldr	r3, [r1, #4]
10000f60:	2001      	movs	r0, #1
10000f62:	429c      	cmp	r4, r3
10000f64:	d801      	bhi.n	10000f6a <timer_pool_entry_comparator+0x22>
10000f66:	d002      	beq.n	10000f6e <timer_pool_entry_comparator+0x26>
10000f68:	2000      	movs	r0, #0
10000f6a:	b2c0      	uxtb	r0, r0
10000f6c:	bd10      	pop	{r4, pc}
10000f6e:	6812      	ldr	r2, [r2, #0]
10000f70:	680b      	ldr	r3, [r1, #0]
10000f72:	429a      	cmp	r2, r3
10000f74:	d8f9      	bhi.n	10000f6a <timer_pool_entry_comparator+0x22>
10000f76:	e7f7      	b.n	10000f68 <timer_pool_entry_comparator+0x20>
10000f78:	0fffffff 	.word	0x0fffffff

10000f7c <repeating_timer_callback>:
10000f7c:	b510      	push	{r4, lr}
10000f7e:	0008      	movs	r0, r1
10000f80:	690b      	ldr	r3, [r1, #16]
10000f82:	000c      	movs	r4, r1
10000f84:	4798      	blx	r3
10000f86:	2800      	cmp	r0, #0
10000f88:	d002      	beq.n	10000f90 <repeating_timer_callback+0x14>
10000f8a:	6820      	ldr	r0, [r4, #0]
10000f8c:	6861      	ldr	r1, [r4, #4]
10000f8e:	bd10      	pop	{r4, pc}
10000f90:	60e0      	str	r0, [r4, #12]
10000f92:	2100      	movs	r1, #0
10000f94:	2000      	movs	r0, #0
10000f96:	e7fa      	b.n	10000f8e <repeating_timer_callback+0x12>

10000f98 <sleep_until_callback>:
10000f98:	4b0a      	ldr	r3, [pc, #40]	; (10000fc4 <sleep_until_callback+0x2c>)
10000f9a:	6819      	ldr	r1, [r3, #0]
10000f9c:	f3ef 8010 	mrs	r0, PRIMASK
10000fa0:	b672      	cpsid	i
10000fa2:	680a      	ldr	r2, [r1, #0]
10000fa4:	2a00      	cmp	r2, #0
10000fa6:	d0fc      	beq.n	10000fa2 <sleep_until_callback+0xa>
10000fa8:	f3bf 8f5f 	dmb	sy
10000fac:	681b      	ldr	r3, [r3, #0]
10000fae:	f3bf 8f5f 	dmb	sy
10000fb2:	2200      	movs	r2, #0
10000fb4:	601a      	str	r2, [r3, #0]
10000fb6:	f380 8810 	msr	PRIMASK, r0
10000fba:	bf40      	sev
10000fbc:	2000      	movs	r0, #0
10000fbe:	2100      	movs	r1, #0
10000fc0:	4770      	bx	lr
10000fc2:	46c0      	nop			; (mov r8, r8)
10000fc4:	20000f0c 	.word	0x20000f0c

10000fc8 <add_alarm_under_lock>:
10000fc8:	b5f8      	push	{r3, r4, r5, r6, r7, lr}
10000fca:	4645      	mov	r5, r8
10000fcc:	4657      	mov	r7, sl
10000fce:	464e      	mov	r6, r9
10000fd0:	46de      	mov	lr, fp
10000fd2:	b5e0      	push	{r5, r6, r7, lr}
10000fd4:	0014      	movs	r4, r2
10000fd6:	aa0d      	add	r2, sp, #52	; 0x34
10000fd8:	7812      	ldrb	r2, [r2, #0]
10000fda:	001d      	movs	r5, r3
10000fdc:	ab0c      	add	r3, sp, #48	; 0x30
10000fde:	4692      	mov	sl, r2
10000fe0:	781b      	ldrb	r3, [r3, #0]
10000fe2:	6802      	ldr	r2, [r0, #0]
10000fe4:	4681      	mov	r9, r0
10000fe6:	4690      	mov	r8, r2
10000fe8:	2b00      	cmp	r3, #0
10000fea:	d113      	bne.n	10001014 <add_alarm_under_lock+0x4c>
10000fec:	7b97      	ldrb	r7, [r2, #14]
10000fee:	2f00      	cmp	r7, #0
10000ff0:	d04a      	beq.n	10001088 <add_alarm_under_lock+0xc0>
10000ff2:	4640      	mov	r0, r8
10000ff4:	007e      	lsls	r6, r7, #1
10000ff6:	6812      	ldr	r2, [r2, #0]
10000ff8:	19f6      	adds	r6, r6, r7
10000ffa:	3e03      	subs	r6, #3
10000ffc:	1992      	adds	r2, r2, r6
10000ffe:	7851      	ldrb	r1, [r2, #1]
10001000:	003b      	movs	r3, r7
10001002:	7381      	strb	r1, [r0, #14]
10001004:	2900      	cmp	r1, #0
10001006:	d100      	bne.n	1000100a <add_alarm_under_lock+0x42>
10001008:	73c1      	strb	r1, [r0, #15]
1000100a:	2100      	movs	r1, #0
1000100c:	7091      	strb	r1, [r2, #2]
1000100e:	7051      	strb	r1, [r2, #1]
10001010:	7011      	strb	r1, [r2, #0]
10001012:	e003      	b.n	1000101c <add_alarm_under_lock+0x54>
10001014:	001f      	movs	r7, r3
10001016:	005e      	lsls	r6, r3, #1
10001018:	18f6      	adds	r6, r6, r3
1000101a:	3e03      	subs	r6, #3
1000101c:	4a2e      	ldr	r2, [pc, #184]	; (100010d8 <add_alarm_under_lock+0x110>)
1000101e:	4694      	mov	ip, r2
10001020:	464a      	mov	r2, r9
10001022:	6892      	ldr	r2, [r2, #8]
10001024:	4463      	add	r3, ip
10001026:	4694      	mov	ip, r2
10001028:	011b      	lsls	r3, r3, #4
1000102a:	9a0a      	ldr	r2, [sp, #40]	; 0x28
1000102c:	4463      	add	r3, ip
1000102e:	609a      	str	r2, [r3, #8]
10001030:	9a0b      	ldr	r2, [sp, #44]	; 0x2c
10001032:	601c      	str	r4, [r3, #0]
10001034:	605d      	str	r5, [r3, #4]
10001036:	60da      	str	r2, [r3, #12]
10001038:	4643      	mov	r3, r8
1000103a:	2200      	movs	r2, #0
1000103c:	681b      	ldr	r3, [r3, #0]
1000103e:	199b      	adds	r3, r3, r6
10001040:	709a      	strb	r2, [r3, #2]
10001042:	705a      	strb	r2, [r3, #1]
10001044:	701a      	strb	r2, [r3, #0]
10001046:	4643      	mov	r3, r8
10001048:	7b5b      	ldrb	r3, [r3, #13]
1000104a:	469b      	mov	fp, r3
1000104c:	2b00      	cmp	r3, #0
1000104e:	d02b      	beq.n	100010a8 <add_alarm_under_lock+0xe0>
10001050:	4643      	mov	r3, r8
10001052:	003a      	movs	r2, r7
10001054:	6898      	ldr	r0, [r3, #8]
10001056:	4659      	mov	r1, fp
10001058:	685b      	ldr	r3, [r3, #4]
1000105a:	4798      	blx	r3
1000105c:	465b      	mov	r3, fp
1000105e:	4642      	mov	r2, r8
10001060:	005b      	lsls	r3, r3, #1
10001062:	445b      	add	r3, fp
10001064:	3b03      	subs	r3, #3
10001066:	6812      	ldr	r2, [r2, #0]
10001068:	2800      	cmp	r0, #0
1000106a:	d014      	beq.n	10001096 <add_alarm_under_lock+0xce>
1000106c:	18d3      	adds	r3, r2, r3
1000106e:	1996      	adds	r6, r2, r6
10001070:	465a      	mov	r2, fp
10001072:	70b2      	strb	r2, [r6, #2]
10001074:	781a      	ldrb	r2, [r3, #0]
10001076:	2a00      	cmp	r2, #0
10001078:	d000      	beq.n	1000107c <add_alarm_under_lock+0xb4>
1000107a:	7072      	strb	r2, [r6, #1]
1000107c:	701f      	strb	r7, [r3, #0]
1000107e:	465a      	mov	r2, fp
10001080:	4643      	mov	r3, r8
10001082:	735a      	strb	r2, [r3, #13]
10001084:	45bb      	cmp	fp, r7
10001086:	d011      	beq.n	100010ac <add_alarm_under_lock+0xe4>
10001088:	0038      	movs	r0, r7
1000108a:	bc3c      	pop	{r2, r3, r4, r5}
1000108c:	4690      	mov	r8, r2
1000108e:	4699      	mov	r9, r3
10001090:	46a2      	mov	sl, r4
10001092:	46ab      	mov	fp, r5
10001094:	bdf8      	pop	{r3, r4, r5, r6, r7, pc}
10001096:	18d3      	adds	r3, r2, r3
10001098:	1996      	adds	r6, r2, r6
1000109a:	709f      	strb	r7, [r3, #2]
1000109c:	7832      	ldrb	r2, [r6, #0]
1000109e:	2a00      	cmp	r2, #0
100010a0:	d000      	beq.n	100010a4 <add_alarm_under_lock+0xdc>
100010a2:	705a      	strb	r2, [r3, #1]
100010a4:	465b      	mov	r3, fp
100010a6:	7033      	strb	r3, [r6, #0]
100010a8:	4643      	mov	r3, r8
100010aa:	735f      	strb	r7, [r3, #13]
100010ac:	464b      	mov	r3, r9
100010ae:	0022      	movs	r2, r4
100010b0:	7d18      	ldrb	r0, [r3, #20]
100010b2:	002b      	movs	r3, r5
100010b4:	f000 fc38 	bl	10001928 <hardware_alarm_set_target>
100010b8:	1e04      	subs	r4, r0, #0
100010ba:	d007      	beq.n	100010cc <add_alarm_under_lock+0x104>
100010bc:	4653      	mov	r3, sl
100010be:	2b00      	cmp	r3, #0
100010c0:	d104      	bne.n	100010cc <add_alarm_under_lock+0x104>
100010c2:	464b      	mov	r3, r9
100010c4:	0039      	movs	r1, r7
100010c6:	6818      	ldr	r0, [r3, #0]
100010c8:	f000 ffac 	bl	10002024 <ph_remove_and_free_node>
100010cc:	9b0e      	ldr	r3, [sp, #56]	; 0x38
100010ce:	2b00      	cmp	r3, #0
100010d0:	d0da      	beq.n	10001088 <add_alarm_under_lock+0xc0>
100010d2:	701c      	strb	r4, [r3, #0]
100010d4:	e7d8      	b.n	10001088 <add_alarm_under_lock+0xc0>
100010d6:	46c0      	nop			; (mov r8, r8)
100010d8:	0fffffff 	.word	0x0fffffff

100010dc <alarm_pool_alarm_callback>:
100010dc:	b5f0      	push	{r4, r5, r6, r7, lr}
100010de:	46de      	mov	lr, fp
100010e0:	4657      	mov	r7, sl
100010e2:	464e      	mov	r6, r9
100010e4:	4645      	mov	r5, r8
100010e6:	2300      	movs	r3, #0
100010e8:	b5e0      	push	{r5, r6, r7, lr}
100010ea:	b08d      	sub	sp, #52	; 0x34
100010ec:	930a      	str	r3, [sp, #40]	; 0x28
100010ee:	4b6d      	ldr	r3, [pc, #436]	; (100012a4 <alarm_pool_alarm_callback+0x1c8>)
100010f0:	0082      	lsls	r2, r0, #2
100010f2:	58d4      	ldr	r4, [r2, r3]
100010f4:	2300      	movs	r3, #0
100010f6:	469b      	mov	fp, r3
100010f8:	900b      	str	r0, [sp, #44]	; 0x2c
100010fa:	f000 fbc3 	bl	10001884 <time_us_64>
100010fe:	6862      	ldr	r2, [r4, #4]
10001100:	f3ef 8510 	mrs	r5, PRIMASK
10001104:	b672      	cpsid	i
10001106:	6813      	ldr	r3, [r2, #0]
10001108:	2b00      	cmp	r3, #0
1000110a:	d0fc      	beq.n	10001106 <alarm_pool_alarm_callback+0x2a>
1000110c:	f3bf 8f5f 	dmb	sy
10001110:	6823      	ldr	r3, [r4, #0]
10001112:	469c      	mov	ip, r3
10001114:	7b5b      	ldrb	r3, [r3, #13]
10001116:	4699      	mov	r9, r3
10001118:	2b00      	cmp	r3, #0
1000111a:	d100      	bne.n	1000111e <alarm_pool_alarm_callback+0x42>
1000111c:	e06b      	b.n	100011f6 <alarm_pool_alarm_callback+0x11a>
1000111e:	68a2      	ldr	r2, [r4, #8]
10001120:	4b61      	ldr	r3, [pc, #388]	; (100012a8 <alarm_pool_alarm_callback+0x1cc>)
10001122:	4690      	mov	r8, r2
10001124:	444b      	add	r3, r9
10001126:	011b      	lsls	r3, r3, #4
10001128:	4498      	add	r8, r3
1000112a:	4643      	mov	r3, r8
1000112c:	681e      	ldr	r6, [r3, #0]
1000112e:	685f      	ldr	r7, [r3, #4]
10001130:	0032      	movs	r2, r6
10001132:	003b      	movs	r3, r7
10001134:	1a12      	subs	r2, r2, r0
10001136:	418b      	sbcs	r3, r1
10001138:	2b00      	cmp	r3, #0
1000113a:	dd65      	ble.n	10001208 <alarm_pool_alarm_callback+0x12c>
1000113c:	003b      	movs	r3, r7
1000113e:	0032      	movs	r2, r6
10001140:	980b      	ldr	r0, [sp, #44]	; 0x2c
10001142:	f000 fbf1 	bl	10001928 <hardware_alarm_set_target>
10001146:	2300      	movs	r3, #0
10001148:	2200      	movs	r2, #0
1000114a:	9208      	str	r2, [sp, #32]
1000114c:	9309      	str	r3, [sp, #36]	; 0x24
1000114e:	2300      	movs	r3, #0
10001150:	2700      	movs	r7, #0
10001152:	469a      	mov	sl, r3
10001154:	6863      	ldr	r3, [r4, #4]
10001156:	f3bf 8f5f 	dmb	sy
1000115a:	465a      	mov	r2, fp
1000115c:	601a      	str	r2, [r3, #0]
1000115e:	f385 8810 	msr	PRIMASK, r5
10001162:	4653      	mov	r3, sl
10001164:	2b00      	cmp	r3, #0
10001166:	d108      	bne.n	1000117a <alarm_pool_alarm_callback+0x9e>
10001168:	2800      	cmp	r0, #0
1000116a:	d1c6      	bne.n	100010fa <alarm_pool_alarm_callback+0x1e>
1000116c:	b00d      	add	sp, #52	; 0x34
1000116e:	bc3c      	pop	{r2, r3, r4, r5}
10001170:	4690      	mov	r8, r2
10001172:	4699      	mov	r9, r3
10001174:	46a2      	mov	sl, r4
10001176:	46ab      	mov	fp, r5
10001178:	bdf0      	pop	{r4, r5, r6, r7, pc}
1000117a:	9b0a      	ldr	r3, [sp, #40]	; 0x28
1000117c:	0039      	movs	r1, r7
1000117e:	0218      	lsls	r0, r3, #8
10001180:	464b      	mov	r3, r9
10001182:	4318      	orrs	r0, r3
10001184:	47d0      	blx	sl
10001186:	6862      	ldr	r2, [r4, #4]
10001188:	9006      	str	r0, [sp, #24]
1000118a:	9107      	str	r1, [sp, #28]
1000118c:	f3ef 8810 	mrs	r8, PRIMASK
10001190:	b672      	cpsid	i
10001192:	4656      	mov	r6, sl
10001194:	4645      	mov	r5, r8
10001196:	6813      	ldr	r3, [r2, #0]
10001198:	2b00      	cmp	r3, #0
1000119a:	d0fc      	beq.n	10001196 <alarm_pool_alarm_callback+0xba>
1000119c:	46b2      	mov	sl, r6
1000119e:	46a8      	mov	r8, r5
100011a0:	f3bf 8f5f 	dmb	sy
100011a4:	9906      	ldr	r1, [sp, #24]
100011a6:	9a07      	ldr	r2, [sp, #28]
100011a8:	1e13      	subs	r3, r2, #0
100011aa:	db49      	blt.n	10001240 <alarm_pool_alarm_callback+0x164>
100011ac:	4319      	orrs	r1, r3
100011ae:	d002      	beq.n	100011b6 <alarm_pool_alarm_callback+0xda>
100011b0:	6923      	ldr	r3, [r4, #16]
100011b2:	2b00      	cmp	r3, #0
100011b4:	d15f      	bne.n	10001276 <alarm_pool_alarm_callback+0x19a>
100011b6:	6823      	ldr	r3, [r4, #0]
100011b8:	7bda      	ldrb	r2, [r3, #15]
100011ba:	2a00      	cmp	r2, #0
100011bc:	d007      	beq.n	100011ce <alarm_pool_alarm_callback+0xf2>
100011be:	0051      	lsls	r1, r2, #1
100011c0:	188a      	adds	r2, r1, r2
100011c2:	6819      	ldr	r1, [r3, #0]
100011c4:	468c      	mov	ip, r1
100011c6:	4649      	mov	r1, r9
100011c8:	4462      	add	r2, ip
100011ca:	3a03      	subs	r2, #3
100011cc:	7051      	strb	r1, [r2, #1]
100011ce:	464a      	mov	r2, r9
100011d0:	73da      	strb	r2, [r3, #15]
100011d2:	68e2      	ldr	r2, [r4, #12]
100011d4:	464b      	mov	r3, r9
100011d6:	4694      	mov	ip, r2
100011d8:	3b01      	subs	r3, #1
100011da:	4463      	add	r3, ip
100011dc:	781a      	ldrb	r2, [r3, #0]
100011de:	3201      	adds	r2, #1
100011e0:	701a      	strb	r2, [r3, #0]
100011e2:	465b      	mov	r3, fp
100011e4:	6123      	str	r3, [r4, #16]
100011e6:	6863      	ldr	r3, [r4, #4]
100011e8:	f3bf 8f5f 	dmb	sy
100011ec:	465a      	mov	r2, fp
100011ee:	601a      	str	r2, [r3, #0]
100011f0:	f388 8810 	msr	PRIMASK, r8
100011f4:	e781      	b.n	100010fa <alarm_pool_alarm_callback+0x1e>
100011f6:	2300      	movs	r3, #0
100011f8:	2200      	movs	r2, #0
100011fa:	9208      	str	r2, [sp, #32]
100011fc:	9309      	str	r3, [sp, #36]	; 0x24
100011fe:	2300      	movs	r3, #0
10001200:	2700      	movs	r7, #0
10001202:	469a      	mov	sl, r3
10001204:	2000      	movs	r0, #0
10001206:	e7a5      	b.n	10001154 <alarm_pool_alarm_callback+0x78>
10001208:	2b00      	cmp	r3, #0
1000120a:	d101      	bne.n	10001210 <alarm_pool_alarm_callback+0x134>
1000120c:	2a00      	cmp	r2, #0
1000120e:	d195      	bne.n	1000113c <alarm_pool_alarm_callback+0x60>
10001210:	2100      	movs	r1, #0
10001212:	4660      	mov	r0, ip
10001214:	f000 fe28 	bl	10001e68 <ph_remove_head>
10001218:	4643      	mov	r3, r8
1000121a:	681a      	ldr	r2, [r3, #0]
1000121c:	685b      	ldr	r3, [r3, #4]
1000121e:	9208      	str	r2, [sp, #32]
10001220:	9309      	str	r3, [sp, #36]	; 0x24
10001222:	4643      	mov	r3, r8
10001224:	689b      	ldr	r3, [r3, #8]
10001226:	469a      	mov	sl, r3
10001228:	4643      	mov	r3, r8
1000122a:	68df      	ldr	r7, [r3, #12]
1000122c:	68e3      	ldr	r3, [r4, #12]
1000122e:	444b      	add	r3, r9
10001230:	3b01      	subs	r3, #1
10001232:	781b      	ldrb	r3, [r3, #0]
10001234:	930a      	str	r3, [sp, #40]	; 0x28
10001236:	021b      	lsls	r3, r3, #8
10001238:	4303      	orrs	r3, r0
1000123a:	6123      	str	r3, [r4, #16]
1000123c:	2000      	movs	r0, #0
1000123e:	e789      	b.n	10001154 <alarm_pool_alarm_callback+0x78>
10001240:	6923      	ldr	r3, [r4, #16]
10001242:	2b00      	cmp	r3, #0
10001244:	d0b7      	beq.n	100011b6 <alarm_pool_alarm_callback+0xda>
10001246:	9d08      	ldr	r5, [sp, #32]
10001248:	9e09      	ldr	r6, [sp, #36]	; 0x24
1000124a:	1a6d      	subs	r5, r5, r1
1000124c:	4196      	sbcs	r6, r2
1000124e:	002a      	movs	r2, r5
10001250:	0033      	movs	r3, r6
10001252:	9d08      	ldr	r5, [sp, #32]
10001254:	9e09      	ldr	r6, [sp, #36]	; 0x24
10001256:	429e      	cmp	r6, r3
10001258:	d818      	bhi.n	1000128c <alarm_pool_alarm_callback+0x1b0>
1000125a:	d01b      	beq.n	10001294 <alarm_pool_alarm_callback+0x1b8>
1000125c:	4659      	mov	r1, fp
1000125e:	9104      	str	r1, [sp, #16]
10001260:	2101      	movs	r1, #1
10001262:	9103      	str	r1, [sp, #12]
10001264:	4649      	mov	r1, r9
10001266:	9102      	str	r1, [sp, #8]
10001268:	4651      	mov	r1, sl
1000126a:	9701      	str	r7, [sp, #4]
1000126c:	9100      	str	r1, [sp, #0]
1000126e:	0020      	movs	r0, r4
10001270:	f7ff feaa 	bl	10000fc8 <add_alarm_under_lock>
10001274:	e7b5      	b.n	100011e2 <alarm_pool_alarm_callback+0x106>
10001276:	f000 fb05 	bl	10001884 <time_us_64>
1000127a:	9a06      	ldr	r2, [sp, #24]
1000127c:	9b07      	ldr	r3, [sp, #28]
1000127e:	1812      	adds	r2, r2, r0
10001280:	414b      	adcs	r3, r1
10001282:	4299      	cmp	r1, r3
10001284:	d802      	bhi.n	1000128c <alarm_pool_alarm_callback+0x1b0>
10001286:	d1e9      	bne.n	1000125c <alarm_pool_alarm_callback+0x180>
10001288:	4290      	cmp	r0, r2
1000128a:	d9e7      	bls.n	1000125c <alarm_pool_alarm_callback+0x180>
1000128c:	2201      	movs	r2, #1
1000128e:	4252      	negs	r2, r2
10001290:	17d3      	asrs	r3, r2, #31
10001292:	e7e3      	b.n	1000125c <alarm_pool_alarm_callback+0x180>
10001294:	9908      	ldr	r1, [sp, #32]
10001296:	4291      	cmp	r1, r2
10001298:	d9e0      	bls.n	1000125c <alarm_pool_alarm_callback+0x180>
1000129a:	2201      	movs	r2, #1
1000129c:	4252      	negs	r2, r2
1000129e:	17d3      	asrs	r3, r2, #31
100012a0:	e7dc      	b.n	1000125c <alarm_pool_alarm_callback+0x180>
100012a2:	46c0      	nop			; (mov r8, r8)
100012a4:	20000ee8 	.word	0x20000ee8
100012a8:	0fffffff 	.word	0x0fffffff

100012ac <alarm_pool_init_default>:
100012ac:	b510      	push	{r4, lr}
100012ae:	4c12      	ldr	r4, [pc, #72]	; (100012f8 <alarm_pool_init_default+0x4c>)
100012b0:	6863      	ldr	r3, [r4, #4]
100012b2:	2b00      	cmp	r3, #0
100012b4:	d004      	beq.n	100012c0 <alarm_pool_init_default+0x14>
100012b6:	210a      	movs	r1, #10
100012b8:	4810      	ldr	r0, [pc, #64]	; (100012fc <alarm_pool_init_default+0x50>)
100012ba:	f7ff fe3d 	bl	10000f38 <lock_init>
100012be:	bd10      	pop	{r4, pc}
100012c0:	0023      	movs	r3, r4
100012c2:	4a0f      	ldr	r2, [pc, #60]	; (10001300 <alarm_pool_init_default+0x54>)
100012c4:	2110      	movs	r1, #16
100012c6:	6820      	ldr	r0, [r4, #0]
100012c8:	f000 fbf0 	bl	10001aac <ph_post_alloc_init>
100012cc:	2003      	movs	r0, #3
100012ce:	f000 facd 	bl	1000186c <hardware_alarm_claim>
100012d2:	2003      	movs	r0, #3
100012d4:	f000 fb9c 	bl	10001a10 <hardware_alarm_cancel>
100012d8:	490a      	ldr	r1, [pc, #40]	; (10001304 <alarm_pool_init_default+0x58>)
100012da:	2003      	movs	r0, #3
100012dc:	f000 fade 	bl	1000189c <hardware_alarm_set_callback>
100012e0:	f7ff fb6a 	bl	100009b8 <next_striped_spin_lock_num>
100012e4:	4b08      	ldr	r3, [pc, #32]	; (10001308 <alarm_pool_init_default+0x5c>)
100012e6:	469c      	mov	ip, r3
100012e8:	2303      	movs	r3, #3
100012ea:	4460      	add	r0, ip
100012ec:	7523      	strb	r3, [r4, #20]
100012ee:	4b07      	ldr	r3, [pc, #28]	; (1000130c <alarm_pool_init_default+0x60>)
100012f0:	0080      	lsls	r0, r0, #2
100012f2:	6060      	str	r0, [r4, #4]
100012f4:	60dc      	str	r4, [r3, #12]
100012f6:	e7de      	b.n	100012b6 <alarm_pool_init_default+0xa>
100012f8:	200003bc 	.word	0x200003bc
100012fc:	20000f0c 	.word	0x20000f0c
10001300:	10000f49 	.word	0x10000f49
10001304:	100010dd 	.word	0x100010dd
10001308:	34000040 	.word	0x34000040
1000130c:	20000ee8 	.word	0x20000ee8

10001310 <alarm_pool_get_default>:
10001310:	4800      	ldr	r0, [pc, #0]	; (10001314 <alarm_pool_get_default+0x4>)
10001312:	4770      	bx	lr
10001314:	200003bc 	.word	0x200003bc

10001318 <alarm_pool_add_alarm_at>:
10001318:	b5f0      	push	{r4, r5, r6, r7, lr}
1000131a:	4657      	mov	r7, sl
1000131c:	4645      	mov	r5, r8
1000131e:	46de      	mov	lr, fp
10001320:	464e      	mov	r6, r9
10001322:	b5e0      	push	{r5, r6, r7, lr}
10001324:	b085      	sub	sp, #20
10001326:	9200      	str	r2, [sp, #0]
10001328:	9301      	str	r3, [sp, #4]
1000132a:	ab10      	add	r3, sp, #64	; 0x40
1000132c:	781b      	ldrb	r3, [r3, #0]
1000132e:	2700      	movs	r7, #0
10001330:	9303      	str	r3, [sp, #12]
10001332:	2300      	movs	r3, #0
10001334:	4680      	mov	r8, r0
10001336:	469a      	mov	sl, r3
10001338:	4643      	mov	r3, r8
1000133a:	685a      	ldr	r2, [r3, #4]
1000133c:	f3ef 8910 	mrs	r9, PRIMASK
10001340:	b672      	cpsid	i
10001342:	6813      	ldr	r3, [r2, #0]
10001344:	2b00      	cmp	r3, #0
10001346:	d0fc      	beq.n	10001342 <alarm_pool_add_alarm_at+0x2a>
10001348:	f3bf 8f5f 	dmb	sy
1000134c:	4643      	mov	r3, r8
1000134e:	681d      	ldr	r5, [r3, #0]
10001350:	7bac      	ldrb	r4, [r5, #14]
10001352:	2c00      	cmp	r4, #0
10001354:	d04f      	beq.n	100013f6 <alarm_pool_add_alarm_at+0xde>
10001356:	0066      	lsls	r6, r4, #1
10001358:	1936      	adds	r6, r6, r4
1000135a:	682b      	ldr	r3, [r5, #0]
1000135c:	3e03      	subs	r6, #3
1000135e:	199b      	adds	r3, r3, r6
10001360:	785a      	ldrb	r2, [r3, #1]
10001362:	73aa      	strb	r2, [r5, #14]
10001364:	2a00      	cmp	r2, #0
10001366:	d100      	bne.n	1000136a <alarm_pool_add_alarm_at+0x52>
10001368:	73ea      	strb	r2, [r5, #15]
1000136a:	4642      	mov	r2, r8
1000136c:	709f      	strb	r7, [r3, #2]
1000136e:	705f      	strb	r7, [r3, #1]
10001370:	701f      	strb	r7, [r3, #0]
10001372:	6892      	ldr	r2, [r2, #8]
10001374:	4b4e      	ldr	r3, [pc, #312]	; (100014b0 <alarm_pool_add_alarm_at+0x198>)
10001376:	4694      	mov	ip, r2
10001378:	9900      	ldr	r1, [sp, #0]
1000137a:	9a01      	ldr	r2, [sp, #4]
1000137c:	18e3      	adds	r3, r4, r3
1000137e:	011b      	lsls	r3, r3, #4
10001380:	4463      	add	r3, ip
10001382:	6019      	str	r1, [r3, #0]
10001384:	605a      	str	r2, [r3, #4]
10001386:	9a0e      	ldr	r2, [sp, #56]	; 0x38
10001388:	609a      	str	r2, [r3, #8]
1000138a:	9a0f      	ldr	r2, [sp, #60]	; 0x3c
1000138c:	60da      	str	r2, [r3, #12]
1000138e:	682b      	ldr	r3, [r5, #0]
10001390:	199b      	adds	r3, r3, r6
10001392:	709f      	strb	r7, [r3, #2]
10001394:	705f      	strb	r7, [r3, #1]
10001396:	701f      	strb	r7, [r3, #0]
10001398:	7b6b      	ldrb	r3, [r5, #13]
1000139a:	469b      	mov	fp, r3
1000139c:	2b00      	cmp	r3, #0
1000139e:	d042      	beq.n	10001426 <alarm_pool_add_alarm_at+0x10e>
100013a0:	0022      	movs	r2, r4
100013a2:	0019      	movs	r1, r3
100013a4:	68a8      	ldr	r0, [r5, #8]
100013a6:	686b      	ldr	r3, [r5, #4]
100013a8:	4798      	blx	r3
100013aa:	465b      	mov	r3, fp
100013ac:	005b      	lsls	r3, r3, #1
100013ae:	445b      	add	r3, fp
100013b0:	3b03      	subs	r3, #3
100013b2:	682a      	ldr	r2, [r5, #0]
100013b4:	2800      	cmp	r0, #0
100013b6:	d02d      	beq.n	10001414 <alarm_pool_add_alarm_at+0xfc>
100013b8:	18d3      	adds	r3, r2, r3
100013ba:	1996      	adds	r6, r2, r6
100013bc:	465a      	mov	r2, fp
100013be:	70b2      	strb	r2, [r6, #2]
100013c0:	781a      	ldrb	r2, [r3, #0]
100013c2:	2a00      	cmp	r2, #0
100013c4:	d000      	beq.n	100013c8 <alarm_pool_add_alarm_at+0xb0>
100013c6:	7072      	strb	r2, [r6, #1]
100013c8:	701c      	strb	r4, [r3, #0]
100013ca:	465b      	mov	r3, fp
100013cc:	736b      	strb	r3, [r5, #13]
100013ce:	455c      	cmp	r4, fp
100013d0:	d02a      	beq.n	10001428 <alarm_pool_add_alarm_at+0x110>
100013d2:	4643      	mov	r3, r8
100013d4:	68db      	ldr	r3, [r3, #12]
100013d6:	191b      	adds	r3, r3, r4
100013d8:	3b01      	subs	r3, #1
100013da:	7818      	ldrb	r0, [r3, #0]
100013dc:	4643      	mov	r3, r8
100013de:	685b      	ldr	r3, [r3, #4]
100013e0:	f3bf 8f5f 	dmb	sy
100013e4:	601f      	str	r7, [r3, #0]
100013e6:	f389 8810 	msr	PRIMASK, r9
100013ea:	4653      	mov	r3, sl
100013ec:	2b00      	cmp	r3, #0
100013ee:	d12a      	bne.n	10001446 <alarm_pool_add_alarm_at+0x12e>
100013f0:	0200      	lsls	r0, r0, #8
100013f2:	4320      	orrs	r0, r4
100013f4:	e007      	b.n	10001406 <alarm_pool_add_alarm_at+0xee>
100013f6:	685b      	ldr	r3, [r3, #4]
100013f8:	f3bf 8f5f 	dmb	sy
100013fc:	601c      	str	r4, [r3, #0]
100013fe:	f389 8810 	msr	PRIMASK, r9
10001402:	2001      	movs	r0, #1
10001404:	4240      	negs	r0, r0
10001406:	b005      	add	sp, #20
10001408:	bc3c      	pop	{r2, r3, r4, r5}
1000140a:	4690      	mov	r8, r2
1000140c:	4699      	mov	r9, r3
1000140e:	46a2      	mov	sl, r4
10001410:	46ab      	mov	fp, r5
10001412:	bdf0      	pop	{r4, r5, r6, r7, pc}
10001414:	18d3      	adds	r3, r2, r3
10001416:	1996      	adds	r6, r2, r6
10001418:	709c      	strb	r4, [r3, #2]
1000141a:	7832      	ldrb	r2, [r6, #0]
1000141c:	2a00      	cmp	r2, #0
1000141e:	d000      	beq.n	10001422 <alarm_pool_add_alarm_at+0x10a>
10001420:	705a      	strb	r2, [r3, #1]
10001422:	465b      	mov	r3, fp
10001424:	7033      	strb	r3, [r6, #0]
10001426:	736c      	strb	r4, [r5, #13]
10001428:	4643      	mov	r3, r8
1000142a:	7d18      	ldrb	r0, [r3, #20]
1000142c:	9a00      	ldr	r2, [sp, #0]
1000142e:	9b01      	ldr	r3, [sp, #4]
10001430:	f000 fa7a 	bl	10001928 <hardware_alarm_set_target>
10001434:	4682      	mov	sl, r0
10001436:	2800      	cmp	r0, #0
10001438:	d0cb      	beq.n	100013d2 <alarm_pool_add_alarm_at+0xba>
1000143a:	4643      	mov	r3, r8
1000143c:	0021      	movs	r1, r4
1000143e:	6818      	ldr	r0, [r3, #0]
10001440:	f000 fdf0 	bl	10002024 <ph_remove_and_free_node>
10001444:	e7c5      	b.n	100013d2 <alarm_pool_add_alarm_at+0xba>
10001446:	9b03      	ldr	r3, [sp, #12]
10001448:	2b00      	cmp	r3, #0
1000144a:	d02f      	beq.n	100014ac <alarm_pool_add_alarm_at+0x194>
1000144c:	9b0e      	ldr	r3, [sp, #56]	; 0x38
1000144e:	990f      	ldr	r1, [sp, #60]	; 0x3c
10001450:	2000      	movs	r0, #0
10001452:	4798      	blx	r3
10001454:	0003      	movs	r3, r0
10001456:	430b      	orrs	r3, r1
10001458:	d028      	beq.n	100014ac <alarm_pool_add_alarm_at+0x194>
1000145a:	0004      	movs	r4, r0
1000145c:	1e0d      	subs	r5, r1, #0
1000145e:	da0d      	bge.n	1000147c <alarm_pool_add_alarm_at+0x164>
10001460:	9800      	ldr	r0, [sp, #0]
10001462:	9901      	ldr	r1, [sp, #4]
10001464:	0002      	movs	r2, r0
10001466:	000b      	movs	r3, r1
10001468:	1b12      	subs	r2, r2, r4
1000146a:	41ab      	sbcs	r3, r5
1000146c:	4299      	cmp	r1, r3
1000146e:	d813      	bhi.n	10001498 <alarm_pool_add_alarm_at+0x180>
10001470:	d018      	beq.n	100014a4 <alarm_pool_add_alarm_at+0x18c>
10001472:	9200      	str	r2, [sp, #0]
10001474:	9301      	str	r3, [sp, #4]
10001476:	9b03      	ldr	r3, [sp, #12]
10001478:	469a      	mov	sl, r3
1000147a:	e75d      	b.n	10001338 <alarm_pool_add_alarm_at+0x20>
1000147c:	f000 fa02 	bl	10001884 <time_us_64>
10001480:	1824      	adds	r4, r4, r0
10001482:	414d      	adcs	r5, r1
10001484:	0023      	movs	r3, r4
10001486:	002c      	movs	r4, r5
10001488:	9300      	str	r3, [sp, #0]
1000148a:	9401      	str	r4, [sp, #4]
1000148c:	42a9      	cmp	r1, r5
1000148e:	d803      	bhi.n	10001498 <alarm_pool_add_alarm_at+0x180>
10001490:	d1f1      	bne.n	10001476 <alarm_pool_add_alarm_at+0x15e>
10001492:	9b00      	ldr	r3, [sp, #0]
10001494:	4298      	cmp	r0, r3
10001496:	d9ee      	bls.n	10001476 <alarm_pool_add_alarm_at+0x15e>
10001498:	2301      	movs	r3, #1
1000149a:	425b      	negs	r3, r3
1000149c:	17dc      	asrs	r4, r3, #31
1000149e:	9300      	str	r3, [sp, #0]
100014a0:	9401      	str	r4, [sp, #4]
100014a2:	e7e8      	b.n	10001476 <alarm_pool_add_alarm_at+0x15e>
100014a4:	9900      	ldr	r1, [sp, #0]
100014a6:	4291      	cmp	r1, r2
100014a8:	d9e3      	bls.n	10001472 <alarm_pool_add_alarm_at+0x15a>
100014aa:	e7f5      	b.n	10001498 <alarm_pool_add_alarm_at+0x180>
100014ac:	2000      	movs	r0, #0
100014ae:	e7aa      	b.n	10001406 <alarm_pool_add_alarm_at+0xee>
100014b0:	0fffffff 	.word	0x0fffffff

100014b4 <alarm_pool_cancel_alarm>:
100014b4:	b5f8      	push	{r3, r4, r5, r6, r7, lr}
100014b6:	6842      	ldr	r2, [r0, #4]
100014b8:	0004      	movs	r4, r0
100014ba:	f3ef 8510 	mrs	r5, PRIMASK
100014be:	b672      	cpsid	i
100014c0:	6813      	ldr	r3, [r2, #0]
100014c2:	2b00      	cmp	r3, #0
100014c4:	d0fc      	beq.n	100014c0 <alarm_pool_cancel_alarm+0xc>
100014c6:	f3bf 8f5f 	dmb	sy
100014ca:	23ff      	movs	r3, #255	; 0xff
100014cc:	6820      	ldr	r0, [r4, #0]
100014ce:	b2ce      	uxtb	r6, r1
100014d0:	7b42      	ldrb	r2, [r0, #13]
100014d2:	400b      	ands	r3, r1
100014d4:	42b2      	cmp	r2, r6
100014d6:	d008      	beq.n	100014ea <alarm_pool_cancel_alarm+0x36>
100014d8:	6807      	ldr	r7, [r0, #0]
100014da:	005a      	lsls	r2, r3, #1
100014dc:	46bc      	mov	ip, r7
100014de:	18d2      	adds	r2, r2, r3
100014e0:	4462      	add	r2, ip
100014e2:	3a03      	subs	r2, #3
100014e4:	7892      	ldrb	r2, [r2, #2]
100014e6:	2a00      	cmp	r2, #0
100014e8:	d011      	beq.n	1000150e <alarm_pool_cancel_alarm+0x5a>
100014ea:	68e2      	ldr	r2, [r4, #12]
100014ec:	0a09      	lsrs	r1, r1, #8
100014ee:	4694      	mov	ip, r2
100014f0:	4463      	add	r3, ip
100014f2:	3b01      	subs	r3, #1
100014f4:	781b      	ldrb	r3, [r3, #0]
100014f6:	b2c9      	uxtb	r1, r1
100014f8:	428b      	cmp	r3, r1
100014fa:	d00e      	beq.n	1000151a <alarm_pool_cancel_alarm+0x66>
100014fc:	2000      	movs	r0, #0
100014fe:	6863      	ldr	r3, [r4, #4]
10001500:	f3bf 8f5f 	dmb	sy
10001504:	2200      	movs	r2, #0
10001506:	601a      	str	r2, [r3, #0]
10001508:	f385 8810 	msr	PRIMASK, r5
1000150c:	bdf8      	pop	{r3, r4, r5, r6, r7, pc}
1000150e:	6923      	ldr	r3, [r4, #16]
10001510:	428b      	cmp	r3, r1
10001512:	d1f3      	bne.n	100014fc <alarm_pool_cancel_alarm+0x48>
10001514:	6122      	str	r2, [r4, #16]
10001516:	2000      	movs	r0, #0
10001518:	e7f1      	b.n	100014fe <alarm_pool_cancel_alarm+0x4a>
1000151a:	0031      	movs	r1, r6
1000151c:	f000 fd82 	bl	10002024 <ph_remove_and_free_node>
10001520:	e7ed      	b.n	100014fe <alarm_pool_cancel_alarm+0x4a>
10001522:	46c0      	nop			; (mov r8, r8)

10001524 <alarm_pool_add_repeating_timer_us>:
10001524:	b5f0      	push	{r4, r5, r6, r7, lr}
10001526:	464e      	mov	r6, r9
10001528:	4645      	mov	r5, r8
1000152a:	46de      	mov	lr, fp
1000152c:	4657      	mov	r7, sl
1000152e:	b5e0      	push	{r5, r6, r7, lr}
10001530:	b085      	sub	sp, #20
10001532:	9910      	ldr	r1, [sp, #64]	; 0x40
10001534:	0006      	movs	r6, r0
10001536:	4688      	mov	r8, r1
10001538:	0011      	movs	r1, r2
1000153a:	4319      	orrs	r1, r3
1000153c:	d100      	bne.n	10001540 <alarm_pool_add_repeating_timer_us+0x1c>
1000153e:	e0f3      	b.n	10001728 <alarm_pool_add_repeating_timer_us+0x204>
10001540:	17d8      	asrs	r0, r3, #31
10001542:	0007      	movs	r7, r0
10001544:	4057      	eors	r7, r2
10001546:	003c      	movs	r4, r7
10001548:	0007      	movs	r7, r0
1000154a:	405f      	eors	r7, r3
1000154c:	0001      	movs	r1, r0
1000154e:	003d      	movs	r5, r7
10001550:	1a24      	subs	r4, r4, r0
10001552:	418d      	sbcs	r5, r1
10001554:	4641      	mov	r1, r8
10001556:	980e      	ldr	r0, [sp, #56]	; 0x38
10001558:	600a      	str	r2, [r1, #0]
1000155a:	9a0f      	ldr	r2, [sp, #60]	; 0x3c
1000155c:	604b      	str	r3, [r1, #4]
1000155e:	608e      	str	r6, [r1, #8]
10001560:	6108      	str	r0, [r1, #16]
10001562:	614a      	str	r2, [r1, #20]
10001564:	f000 f98e 	bl	10001884 <time_us_64>
10001568:	1824      	adds	r4, r4, r0
1000156a:	414d      	adcs	r5, r1
1000156c:	0023      	movs	r3, r4
1000156e:	002c      	movs	r4, r5
10001570:	9300      	str	r3, [sp, #0]
10001572:	9401      	str	r4, [sp, #4]
10001574:	42a9      	cmp	r1, r5
10001576:	d900      	bls.n	1000157a <alarm_pool_add_repeating_timer_us+0x56>
10001578:	e0e5      	b.n	10001746 <alarm_pool_add_repeating_timer_us+0x222>
1000157a:	d100      	bne.n	1000157e <alarm_pool_add_repeating_timer_us+0x5a>
1000157c:	e0df      	b.n	1000173e <alarm_pool_add_repeating_timer_us+0x21a>
1000157e:	2300      	movs	r3, #0
10001580:	4699      	mov	r9, r3
10001582:	4643      	mov	r3, r8
10001584:	2500      	movs	r5, #0
10001586:	46b0      	mov	r8, r6
10001588:	001e      	movs	r6, r3
1000158a:	9310      	str	r3, [sp, #64]	; 0x40
1000158c:	4643      	mov	r3, r8
1000158e:	685b      	ldr	r3, [r3, #4]
10001590:	f3ef 8a10 	mrs	sl, PRIMASK
10001594:	b672      	cpsid	i
10001596:	681a      	ldr	r2, [r3, #0]
10001598:	2a00      	cmp	r2, #0
1000159a:	d0fc      	beq.n	10001596 <alarm_pool_add_repeating_timer_us+0x72>
1000159c:	f3bf 8f5f 	dmb	sy
100015a0:	4643      	mov	r3, r8
100015a2:	681f      	ldr	r7, [r3, #0]
100015a4:	7bbc      	ldrb	r4, [r7, #14]
100015a6:	2c00      	cmp	r4, #0
100015a8:	d063      	beq.n	10001672 <alarm_pool_add_repeating_timer_us+0x14e>
100015aa:	0063      	lsls	r3, r4, #1
100015ac:	191b      	adds	r3, r3, r4
100015ae:	1eda      	subs	r2, r3, #3
100015b0:	4694      	mov	ip, r2
100015b2:	683b      	ldr	r3, [r7, #0]
100015b4:	9203      	str	r2, [sp, #12]
100015b6:	4463      	add	r3, ip
100015b8:	785a      	ldrb	r2, [r3, #1]
100015ba:	73ba      	strb	r2, [r7, #14]
100015bc:	2a00      	cmp	r2, #0
100015be:	d100      	bne.n	100015c2 <alarm_pool_add_repeating_timer_us+0x9e>
100015c0:	73fa      	strb	r2, [r7, #15]
100015c2:	464a      	mov	r2, r9
100015c4:	709a      	strb	r2, [r3, #2]
100015c6:	705a      	strb	r2, [r3, #1]
100015c8:	701a      	strb	r2, [r3, #0]
100015ca:	4642      	mov	r2, r8
100015cc:	6892      	ldr	r2, [r2, #8]
100015ce:	4b63      	ldr	r3, [pc, #396]	; (1000175c <alarm_pool_add_repeating_timer_us+0x238>)
100015d0:	4694      	mov	ip, r2
100015d2:	9900      	ldr	r1, [sp, #0]
100015d4:	9a01      	ldr	r2, [sp, #4]
100015d6:	18e3      	adds	r3, r4, r3
100015d8:	011b      	lsls	r3, r3, #4
100015da:	4463      	add	r3, ip
100015dc:	6019      	str	r1, [r3, #0]
100015de:	605a      	str	r2, [r3, #4]
100015e0:	4a5f      	ldr	r2, [pc, #380]	; (10001760 <alarm_pool_add_repeating_timer_us+0x23c>)
100015e2:	4649      	mov	r1, r9
100015e4:	609a      	str	r2, [r3, #8]
100015e6:	9a03      	ldr	r2, [sp, #12]
100015e8:	60de      	str	r6, [r3, #12]
100015ea:	4694      	mov	ip, r2
100015ec:	683b      	ldr	r3, [r7, #0]
100015ee:	4463      	add	r3, ip
100015f0:	7099      	strb	r1, [r3, #2]
100015f2:	7059      	strb	r1, [r3, #1]
100015f4:	7019      	strb	r1, [r3, #0]
100015f6:	7b7b      	ldrb	r3, [r7, #13]
100015f8:	469b      	mov	fp, r3
100015fa:	2b00      	cmp	r3, #0
100015fc:	d100      	bne.n	10001600 <alarm_pool_add_repeating_timer_us+0xdc>
100015fe:	e083      	b.n	10001708 <alarm_pool_add_repeating_timer_us+0x1e4>
10001600:	0019      	movs	r1, r3
10001602:	0022      	movs	r2, r4
10001604:	687b      	ldr	r3, [r7, #4]
10001606:	68b8      	ldr	r0, [r7, #8]
10001608:	4798      	blx	r3
1000160a:	465b      	mov	r3, fp
1000160c:	005b      	lsls	r3, r3, #1
1000160e:	445b      	add	r3, fp
10001610:	3b03      	subs	r3, #3
10001612:	2800      	cmp	r0, #0
10001614:	d100      	bne.n	10001618 <alarm_pool_add_repeating_timer_us+0xf4>
10001616:	e06d      	b.n	100016f4 <alarm_pool_add_repeating_timer_us+0x1d0>
10001618:	9903      	ldr	r1, [sp, #12]
1000161a:	683a      	ldr	r2, [r7, #0]
1000161c:	468c      	mov	ip, r1
1000161e:	4659      	mov	r1, fp
10001620:	18d3      	adds	r3, r2, r3
10001622:	4462      	add	r2, ip
10001624:	7091      	strb	r1, [r2, #2]
10001626:	7819      	ldrb	r1, [r3, #0]
10001628:	2900      	cmp	r1, #0
1000162a:	d000      	beq.n	1000162e <alarm_pool_add_repeating_timer_us+0x10a>
1000162c:	e085      	b.n	1000173a <alarm_pool_add_repeating_timer_us+0x216>
1000162e:	701c      	strb	r4, [r3, #0]
10001630:	465b      	mov	r3, fp
10001632:	737b      	strb	r3, [r7, #13]
10001634:	455c      	cmp	r4, fp
10001636:	d068      	beq.n	1000170a <alarm_pool_add_repeating_timer_us+0x1e6>
10001638:	4643      	mov	r3, r8
1000163a:	4642      	mov	r2, r8
1000163c:	68db      	ldr	r3, [r3, #12]
1000163e:	6852      	ldr	r2, [r2, #4]
10001640:	191b      	adds	r3, r3, r4
10001642:	3b01      	subs	r3, #1
10001644:	781b      	ldrb	r3, [r3, #0]
10001646:	f3bf 8f5f 	dmb	sy
1000164a:	4649      	mov	r1, r9
1000164c:	6011      	str	r1, [r2, #0]
1000164e:	f38a 8810 	msr	PRIMASK, sl
10001652:	2d00      	cmp	r5, #0
10001654:	d11b      	bne.n	1000168e <alarm_pool_add_repeating_timer_us+0x16a>
10001656:	46b0      	mov	r8, r6
10001658:	021b      	lsls	r3, r3, #8
1000165a:	431c      	orrs	r4, r3
1000165c:	3501      	adds	r5, #1
1000165e:	4643      	mov	r3, r8
10001660:	0028      	movs	r0, r5
10001662:	60dc      	str	r4, [r3, #12]
10001664:	b005      	add	sp, #20
10001666:	bc3c      	pop	{r2, r3, r4, r5}
10001668:	4690      	mov	r8, r2
1000166a:	4699      	mov	r9, r3
1000166c:	46a2      	mov	sl, r4
1000166e:	46ab      	mov	fp, r5
10001670:	bdf0      	pop	{r4, r5, r6, r7, pc}
10001672:	9610      	str	r6, [sp, #64]	; 0x40
10001674:	4646      	mov	r6, r8
10001676:	9b10      	ldr	r3, [sp, #64]	; 0x40
10001678:	4698      	mov	r8, r3
1000167a:	6873      	ldr	r3, [r6, #4]
1000167c:	f3bf 8f5f 	dmb	sy
10001680:	601c      	str	r4, [r3, #0]
10001682:	f38a 8810 	msr	PRIMASK, sl
10001686:	2401      	movs	r4, #1
10001688:	2500      	movs	r5, #0
1000168a:	4264      	negs	r4, r4
1000168c:	e7e7      	b.n	1000165e <alarm_pool_add_repeating_timer_us+0x13a>
1000168e:	0030      	movs	r0, r6
10001690:	6933      	ldr	r3, [r6, #16]
10001692:	4798      	blx	r3
10001694:	1e07      	subs	r7, r0, #0
10001696:	d102      	bne.n	1000169e <alarm_pool_add_repeating_timer_us+0x17a>
10001698:	46b0      	mov	r8, r6
1000169a:	2400      	movs	r4, #0
1000169c:	e7df      	b.n	1000165e <alarm_pool_add_repeating_timer_us+0x13a>
1000169e:	6832      	ldr	r2, [r6, #0]
100016a0:	6873      	ldr	r3, [r6, #4]
100016a2:	0011      	movs	r1, r2
100016a4:	4319      	orrs	r1, r3
100016a6:	d054      	beq.n	10001752 <alarm_pool_add_repeating_timer_us+0x22e>
100016a8:	0014      	movs	r4, r2
100016aa:	1e1d      	subs	r5, r3, #0
100016ac:	da0c      	bge.n	100016c8 <alarm_pool_add_repeating_timer_us+0x1a4>
100016ae:	9800      	ldr	r0, [sp, #0]
100016b0:	9901      	ldr	r1, [sp, #4]
100016b2:	0002      	movs	r2, r0
100016b4:	000b      	movs	r3, r1
100016b6:	1b12      	subs	r2, r2, r4
100016b8:	41ab      	sbcs	r3, r5
100016ba:	4299      	cmp	r1, r3
100016bc:	d80f      	bhi.n	100016de <alarm_pool_add_repeating_timer_us+0x1ba>
100016be:	d012      	beq.n	100016e6 <alarm_pool_add_repeating_timer_us+0x1c2>
100016c0:	003d      	movs	r5, r7
100016c2:	9200      	str	r2, [sp, #0]
100016c4:	9301      	str	r3, [sp, #4]
100016c6:	e761      	b.n	1000158c <alarm_pool_add_repeating_timer_us+0x68>
100016c8:	f000 f8dc 	bl	10001884 <time_us_64>
100016cc:	0022      	movs	r2, r4
100016ce:	002b      	movs	r3, r5
100016d0:	1812      	adds	r2, r2, r0
100016d2:	414b      	adcs	r3, r1
100016d4:	4299      	cmp	r1, r3
100016d6:	d802      	bhi.n	100016de <alarm_pool_add_repeating_timer_us+0x1ba>
100016d8:	d1f2      	bne.n	100016c0 <alarm_pool_add_repeating_timer_us+0x19c>
100016da:	4290      	cmp	r0, r2
100016dc:	d9f0      	bls.n	100016c0 <alarm_pool_add_repeating_timer_us+0x19c>
100016de:	2201      	movs	r2, #1
100016e0:	4252      	negs	r2, r2
100016e2:	17d3      	asrs	r3, r2, #31
100016e4:	e7ec      	b.n	100016c0 <alarm_pool_add_repeating_timer_us+0x19c>
100016e6:	9900      	ldr	r1, [sp, #0]
100016e8:	4291      	cmp	r1, r2
100016ea:	d9e9      	bls.n	100016c0 <alarm_pool_add_repeating_timer_us+0x19c>
100016ec:	2201      	movs	r2, #1
100016ee:	4252      	negs	r2, r2
100016f0:	17d3      	asrs	r3, r2, #31
100016f2:	e7e5      	b.n	100016c0 <alarm_pool_add_repeating_timer_us+0x19c>
100016f4:	6839      	ldr	r1, [r7, #0]
100016f6:	9a03      	ldr	r2, [sp, #12]
100016f8:	18cb      	adds	r3, r1, r3
100016fa:	188a      	adds	r2, r1, r2
100016fc:	709c      	strb	r4, [r3, #2]
100016fe:	7811      	ldrb	r1, [r2, #0]
10001700:	2900      	cmp	r1, #0
10001702:	d116      	bne.n	10001732 <alarm_pool_add_repeating_timer_us+0x20e>
10001704:	465b      	mov	r3, fp
10001706:	7013      	strb	r3, [r2, #0]
10001708:	737c      	strb	r4, [r7, #13]
1000170a:	4643      	mov	r3, r8
1000170c:	7d18      	ldrb	r0, [r3, #20]
1000170e:	9a00      	ldr	r2, [sp, #0]
10001710:	9b01      	ldr	r3, [sp, #4]
10001712:	f000 f909 	bl	10001928 <hardware_alarm_set_target>
10001716:	1e05      	subs	r5, r0, #0
10001718:	d100      	bne.n	1000171c <alarm_pool_add_repeating_timer_us+0x1f8>
1000171a:	e78d      	b.n	10001638 <alarm_pool_add_repeating_timer_us+0x114>
1000171c:	4643      	mov	r3, r8
1000171e:	0021      	movs	r1, r4
10001720:	6818      	ldr	r0, [r3, #0]
10001722:	f000 fc7f 	bl	10002024 <ph_remove_and_free_node>
10001726:	e787      	b.n	10001638 <alarm_pool_add_repeating_timer_us+0x114>
10001728:	2401      	movs	r4, #1
1000172a:	2500      	movs	r5, #0
1000172c:	2201      	movs	r2, #1
1000172e:	2300      	movs	r3, #0
10001730:	e710      	b.n	10001554 <alarm_pool_add_repeating_timer_us+0x30>
10001732:	7059      	strb	r1, [r3, #1]
10001734:	465b      	mov	r3, fp
10001736:	7013      	strb	r3, [r2, #0]
10001738:	e7e6      	b.n	10001708 <alarm_pool_add_repeating_timer_us+0x1e4>
1000173a:	7051      	strb	r1, [r2, #1]
1000173c:	e777      	b.n	1000162e <alarm_pool_add_repeating_timer_us+0x10a>
1000173e:	9b00      	ldr	r3, [sp, #0]
10001740:	4298      	cmp	r0, r3
10001742:	d800      	bhi.n	10001746 <alarm_pool_add_repeating_timer_us+0x222>
10001744:	e71b      	b.n	1000157e <alarm_pool_add_repeating_timer_us+0x5a>
10001746:	2301      	movs	r3, #1
10001748:	425b      	negs	r3, r3
1000174a:	17dc      	asrs	r4, r3, #31
1000174c:	9300      	str	r3, [sp, #0]
1000174e:	9401      	str	r4, [sp, #4]
10001750:	e715      	b.n	1000157e <alarm_pool_add_repeating_timer_us+0x5a>
10001752:	46b0      	mov	r8, r6
10001754:	003d      	movs	r5, r7
10001756:	2400      	movs	r4, #0
10001758:	e781      	b.n	1000165e <alarm_pool_add_repeating_timer_us+0x13a>
1000175a:	46c0      	nop			; (mov r8, r8)
1000175c:	0fffffff 	.word	0x0fffffff
10001760:	10000f7d 	.word	0x10000f7d

10001764 <best_effort_wfe_or_timeout>:
10001764:	2300      	movs	r3, #0
10001766:	b570      	push	{r4, r5, r6, lr}
10001768:	b084      	sub	sp, #16
1000176a:	4e11      	ldr	r6, [pc, #68]	; (100017b0 <best_effort_wfe_or_timeout+0x4c>)
1000176c:	9302      	str	r3, [sp, #8]
1000176e:	9301      	str	r3, [sp, #4]
10001770:	4b10      	ldr	r3, [pc, #64]	; (100017b4 <best_effort_wfe_or_timeout+0x50>)
10001772:	0005      	movs	r5, r0
10001774:	9300      	str	r3, [sp, #0]
10001776:	0002      	movs	r2, r0
10001778:	000b      	movs	r3, r1
1000177a:	0030      	movs	r0, r6
1000177c:	000c      	movs	r4, r1
1000177e:	f7ff fdcb 	bl	10001318 <alarm_pool_add_alarm_at>
10001782:	2800      	cmp	r0, #0
10001784:	dd04      	ble.n	10001790 <best_effort_wfe_or_timeout+0x2c>
10001786:	bf20      	wfe
10001788:	0001      	movs	r1, r0
1000178a:	0030      	movs	r0, r6
1000178c:	f7ff fe92 	bl	100014b4 <alarm_pool_cancel_alarm>
10001790:	4a09      	ldr	r2, [pc, #36]	; (100017b8 <best_effort_wfe_or_timeout+0x54>)
10001792:	2000      	movs	r0, #0
10001794:	6a53      	ldr	r3, [r2, #36]	; 0x24
10001796:	42a3      	cmp	r3, r4
10001798:	d303      	bcc.n	100017a2 <best_effort_wfe_or_timeout+0x3e>
1000179a:	6a92      	ldr	r2, [r2, #40]	; 0x28
1000179c:	3001      	adds	r0, #1
1000179e:	42aa      	cmp	r2, r5
100017a0:	d301      	bcc.n	100017a6 <best_effort_wfe_or_timeout+0x42>
100017a2:	b004      	add	sp, #16
100017a4:	bd70      	pop	{r4, r5, r6, pc}
100017a6:	1b1c      	subs	r4, r3, r4
100017a8:	1e60      	subs	r0, r4, #1
100017aa:	4184      	sbcs	r4, r0
100017ac:	b2e0      	uxtb	r0, r4
100017ae:	e7f8      	b.n	100017a2 <best_effort_wfe_or_timeout+0x3e>
100017b0:	200003bc 	.word	0x200003bc
100017b4:	10000f99 	.word	0x10000f99
100017b8:	40054000 	.word	0x40054000

100017bc <hardware_alarm_irq_handler>:
100017bc:	b5f0      	push	{r4, r5, r6, r7, lr}
100017be:	46c6      	mov	lr, r8
100017c0:	b500      	push	{lr}
100017c2:	f3ef 8305 	mrs	r3, IPSR
100017c6:	223f      	movs	r2, #63	; 0x3f
100017c8:	4013      	ands	r3, r2
100017ca:	0018      	movs	r0, r3
100017cc:	3810      	subs	r0, #16
100017ce:	f3ef 8710 	mrs	r7, PRIMASK
100017d2:	b672      	cpsid	i
100017d4:	4d1f      	ldr	r5, [pc, #124]	; (10001854 <hardware_alarm_irq_handler+0x98>)
100017d6:	682a      	ldr	r2, [r5, #0]
100017d8:	2a00      	cmp	r2, #0
100017da:	d0fc      	beq.n	100017d6 <hardware_alarm_irq_handler+0x1a>
100017dc:	f3bf 8f5f 	dmb	sy
100017e0:	2201      	movs	r2, #1
100017e2:	0011      	movs	r1, r2
100017e4:	4081      	lsls	r1, r0
100017e6:	4688      	mov	r8, r1
100017e8:	4644      	mov	r4, r8
100017ea:	491b      	ldr	r1, [pc, #108]	; (10001858 <hardware_alarm_irq_handler+0x9c>)
100017ec:	634c      	str	r4, [r1, #52]	; 0x34
100017ee:	4c1b      	ldr	r4, [pc, #108]	; (1000185c <hardware_alarm_irq_handler+0xa0>)
100017f0:	7826      	ldrb	r6, [r4, #0]
100017f2:	46a4      	mov	ip, r4
100017f4:	0034      	movs	r4, r6
100017f6:	40c4      	lsrs	r4, r0
100017f8:	4022      	ands	r2, r4
100017fa:	d015      	beq.n	10001828 <hardware_alarm_irq_handler+0x6c>
100017fc:	6a4c      	ldr	r4, [r1, #36]	; 0x24
100017fe:	4918      	ldr	r1, [pc, #96]	; (10001860 <hardware_alarm_irq_handler+0xa4>)
10001800:	0082      	lsls	r2, r0, #2
10001802:	5851      	ldr	r1, [r2, r1]
10001804:	428c      	cmp	r4, r1
10001806:	d317      	bcc.n	10001838 <hardware_alarm_irq_handler+0x7c>
10001808:	4b16      	ldr	r3, [pc, #88]	; (10001864 <hardware_alarm_irq_handler+0xa8>)
1000180a:	58d2      	ldr	r2, [r2, r3]
1000180c:	4643      	mov	r3, r8
1000180e:	439e      	bics	r6, r3
10001810:	4663      	mov	r3, ip
10001812:	701e      	strb	r6, [r3, #0]
10001814:	f3bf 8f5f 	dmb	sy
10001818:	2300      	movs	r3, #0
1000181a:	602b      	str	r3, [r5, #0]
1000181c:	f387 8810 	msr	PRIMASK, r7
10001820:	2a00      	cmp	r2, #0
10001822:	d006      	beq.n	10001832 <hardware_alarm_irq_handler+0x76>
10001824:	4790      	blx	r2
10001826:	e004      	b.n	10001832 <hardware_alarm_irq_handler+0x76>
10001828:	f3bf 8f5f 	dmb	sy
1000182c:	602a      	str	r2, [r5, #0]
1000182e:	f387 8810 	msr	PRIMASK, r7
10001832:	bc04      	pop	{r2}
10001834:	4690      	mov	r8, r2
10001836:	bdf0      	pop	{r4, r5, r6, r7, pc}
10001838:	4a0b      	ldr	r2, [pc, #44]	; (10001868 <hardware_alarm_irq_handler+0xac>)
1000183a:	009b      	lsls	r3, r3, #2
1000183c:	4694      	mov	ip, r2
1000183e:	4463      	add	r3, ip
10001840:	681a      	ldr	r2, [r3, #0]
10001842:	601a      	str	r2, [r3, #0]
10001844:	f3bf 8f5f 	dmb	sy
10001848:	2300      	movs	r3, #0
1000184a:	602b      	str	r3, [r5, #0]
1000184c:	f387 8810 	msr	PRIMASK, r7
10001850:	e7ef      	b.n	10001832 <hardware_alarm_irq_handler+0x76>
10001852:	46c0      	nop			; (mov r8, r8)
10001854:	d0000128 	.word	0xd0000128
10001858:	40054000 	.word	0x40054000
1000185c:	20000f46 	.word	0x20000f46
10001860:	20000f18 	.word	0x20000f18
10001864:	20000928 	.word	0x20000928
10001868:	40053fd0 	.word	0x40053fd0

1000186c <hardware_alarm_claim>:
1000186c:	b510      	push	{r4, lr}
1000186e:	0001      	movs	r1, r0
10001870:	4a02      	ldr	r2, [pc, #8]	; (1000187c <hardware_alarm_claim+0x10>)
10001872:	4803      	ldr	r0, [pc, #12]	; (10001880 <hardware_alarm_claim+0x14>)
10001874:	f7ff f81a 	bl	100008ac <hw_claim_or_assert>
10001878:	bd10      	pop	{r4, pc}
1000187a:	46c0      	nop			; (mov r8, r8)
1000187c:	10005740 	.word	0x10005740
10001880:	20000f41 	.word	0x20000f41

10001884 <time_us_64>:
10001884:	4a04      	ldr	r2, [pc, #16]	; (10001898 <time_us_64+0x14>)
10001886:	6a51      	ldr	r1, [r2, #36]	; 0x24
10001888:	e000      	b.n	1000188c <time_us_64+0x8>
1000188a:	0019      	movs	r1, r3
1000188c:	6a90      	ldr	r0, [r2, #40]	; 0x28
1000188e:	6a53      	ldr	r3, [r2, #36]	; 0x24
10001890:	4299      	cmp	r1, r3
10001892:	d1fa      	bne.n	1000188a <time_us_64+0x6>
10001894:	4770      	bx	lr
10001896:	46c0      	nop			; (mov r8, r8)
10001898:	40054000 	.word	0x40054000

1000189c <hardware_alarm_set_callback>:
1000189c:	b570      	push	{r4, r5, r6, lr}
1000189e:	0004      	movs	r4, r0
100018a0:	000d      	movs	r5, r1
100018a2:	f3ef 8610 	mrs	r6, PRIMASK
100018a6:	b672      	cpsid	i
100018a8:	4a1a      	ldr	r2, [pc, #104]	; (10001914 <hardware_alarm_set_callback+0x78>)
100018aa:	6813      	ldr	r3, [r2, #0]
100018ac:	2b00      	cmp	r3, #0
100018ae:	d0fc      	beq.n	100018aa <hardware_alarm_set_callback+0xe>
100018b0:	f3bf 8f5f 	dmb	sy
100018b4:	2d00      	cmp	r5, #0
100018b6:	d01b      	beq.n	100018f0 <hardware_alarm_set_callback+0x54>
100018b8:	0020      	movs	r0, r4
100018ba:	f7ff f8c9 	bl	10000a50 <irq_get_vtable_handler>
100018be:	4916      	ldr	r1, [pc, #88]	; (10001918 <hardware_alarm_set_callback+0x7c>)
100018c0:	4288      	cmp	r0, r1
100018c2:	d00a      	beq.n	100018da <hardware_alarm_set_callback+0x3e>
100018c4:	0020      	movs	r0, r4
100018c6:	f7ff f8cb 	bl	10000a60 <irq_set_exclusive_handler>
100018ca:	2101      	movs	r1, #1
100018cc:	0020      	movs	r0, r4
100018ce:	f7ff f88f 	bl	100009f0 <irq_set_enabled>
100018d2:	2301      	movs	r3, #1
100018d4:	40a3      	lsls	r3, r4
100018d6:	4a11      	ldr	r2, [pc, #68]	; (1000191c <hardware_alarm_set_callback+0x80>)
100018d8:	6013      	str	r3, [r2, #0]
100018da:	4b11      	ldr	r3, [pc, #68]	; (10001920 <hardware_alarm_set_callback+0x84>)
100018dc:	00a4      	lsls	r4, r4, #2
100018de:	50e5      	str	r5, [r4, r3]
100018e0:	f3bf 8f5f 	dmb	sy
100018e4:	2200      	movs	r2, #0
100018e6:	4b0b      	ldr	r3, [pc, #44]	; (10001914 <hardware_alarm_set_callback+0x78>)
100018e8:	601a      	str	r2, [r3, #0]
100018ea:	f386 8810 	msr	PRIMASK, r6
100018ee:	bd70      	pop	{r4, r5, r6, pc}
100018f0:	4b0b      	ldr	r3, [pc, #44]	; (10001920 <hardware_alarm_set_callback+0x84>)
100018f2:	00a2      	lsls	r2, r4, #2
100018f4:	50d5      	str	r5, [r2, r3]
100018f6:	2201      	movs	r2, #1
100018f8:	40a2      	lsls	r2, r4
100018fa:	490a      	ldr	r1, [pc, #40]	; (10001924 <hardware_alarm_set_callback+0x88>)
100018fc:	0020      	movs	r0, r4
100018fe:	780b      	ldrb	r3, [r1, #0]
10001900:	4393      	bics	r3, r2
10001902:	700b      	strb	r3, [r1, #0]
10001904:	4904      	ldr	r1, [pc, #16]	; (10001918 <hardware_alarm_set_callback+0x7c>)
10001906:	f7ff f9b9 	bl	10000c7c <irq_remove_handler>
1000190a:	2100      	movs	r1, #0
1000190c:	0020      	movs	r0, r4
1000190e:	f7ff f86f 	bl	100009f0 <irq_set_enabled>
10001912:	e7e5      	b.n	100018e0 <hardware_alarm_set_callback+0x44>
10001914:	d0000128 	.word	0xd0000128
10001918:	100017bd 	.word	0x100017bd
1000191c:	40056038 	.word	0x40056038
10001920:	20000928 	.word	0x20000928
10001924:	20000f46 	.word	0x20000f46

10001928 <hardware_alarm_set_target>:
10001928:	b5f0      	push	{r4, r5, r6, r7, lr}
1000192a:	46d6      	mov	lr, sl
1000192c:	464f      	mov	r7, r9
1000192e:	4646      	mov	r6, r8
10001930:	4c32      	ldr	r4, [pc, #200]	; (100019fc <hardware_alarm_set_target+0xd4>)
10001932:	b5c0      	push	{r6, r7, lr}
10001934:	6a65      	ldr	r5, [r4, #36]	; 0x24
10001936:	e000      	b.n	1000193a <hardware_alarm_set_target+0x12>
10001938:	000d      	movs	r5, r1
1000193a:	6aa6      	ldr	r6, [r4, #40]	; 0x28
1000193c:	6a61      	ldr	r1, [r4, #36]	; 0x24
1000193e:	42a9      	cmp	r1, r5
10001940:	d1fa      	bne.n	10001938 <hardware_alarm_set_target+0x10>
10001942:	42ab      	cmp	r3, r5
10001944:	d809      	bhi.n	1000195a <hardware_alarm_set_target+0x32>
10001946:	d006      	beq.n	10001956 <hardware_alarm_set_target+0x2e>
10001948:	2401      	movs	r4, #1
1000194a:	0020      	movs	r0, r4
1000194c:	bc1c      	pop	{r2, r3, r4}
1000194e:	4690      	mov	r8, r2
10001950:	4699      	mov	r9, r3
10001952:	46a2      	mov	sl, r4
10001954:	bdf0      	pop	{r4, r5, r6, r7, pc}
10001956:	42b2      	cmp	r2, r6
10001958:	d9f6      	bls.n	10001948 <hardware_alarm_set_target+0x20>
1000195a:	f3ef 8910 	mrs	r9, PRIMASK
1000195e:	b672      	cpsid	i
10001960:	4c27      	ldr	r4, [pc, #156]	; (10001a00 <hardware_alarm_set_target+0xd8>)
10001962:	6821      	ldr	r1, [r4, #0]
10001964:	2900      	cmp	r1, #0
10001966:	d0fc      	beq.n	10001962 <hardware_alarm_set_target+0x3a>
10001968:	f3bf 8f5f 	dmb	sy
1000196c:	2601      	movs	r6, #1
1000196e:	4925      	ldr	r1, [pc, #148]	; (10001a04 <hardware_alarm_set_target+0xdc>)
10001970:	4086      	lsls	r6, r0
10001972:	468c      	mov	ip, r1
10001974:	7809      	ldrb	r1, [r1, #0]
10001976:	4d24      	ldr	r5, [pc, #144]	; (10001a08 <hardware_alarm_set_target+0xe0>)
10001978:	000f      	movs	r7, r1
1000197a:	4337      	orrs	r7, r6
1000197c:	4688      	mov	r8, r1
1000197e:	b2f9      	uxtb	r1, r7
10001980:	468a      	mov	sl, r1
10001982:	4661      	mov	r1, ip
10001984:	4654      	mov	r4, sl
10001986:	700c      	strb	r4, [r1, #0]
10001988:	491c      	ldr	r1, [pc, #112]	; (100019fc <hardware_alarm_set_target+0xd4>)
1000198a:	1d04      	adds	r4, r0, #4
1000198c:	00a4      	lsls	r4, r4, #2
1000198e:	634e      	str	r6, [r1, #52]	; 0x34
10001990:	5062      	str	r2, [r4, r1]
10001992:	0084      	lsls	r4, r0, #2
10001994:	5163      	str	r3, [r4, r5]
10001996:	6a0d      	ldr	r5, [r1, #32]
10001998:	2400      	movs	r4, #0
1000199a:	4235      	tst	r5, r6
1000199c:	d01a      	beq.n	100019d4 <hardware_alarm_set_target+0xac>
1000199e:	6a4d      	ldr	r5, [r1, #36]	; 0x24
100019a0:	e000      	b.n	100019a4 <hardware_alarm_set_target+0x7c>
100019a2:	0025      	movs	r5, r4
100019a4:	6a8f      	ldr	r7, [r1, #40]	; 0x28
100019a6:	6a4c      	ldr	r4, [r1, #36]	; 0x24
100019a8:	42ac      	cmp	r4, r5
100019aa:	d1fa      	bne.n	100019a2 <hardware_alarm_set_target+0x7a>
100019ac:	42ab      	cmp	r3, r5
100019ae:	d819      	bhi.n	100019e4 <hardware_alarm_set_target+0xbc>
100019b0:	d101      	bne.n	100019b6 <hardware_alarm_set_target+0x8e>
100019b2:	42ba      	cmp	r2, r7
100019b4:	d816      	bhi.n	100019e4 <hardware_alarm_set_target+0xbc>
100019b6:	45c2      	cmp	sl, r8
100019b8:	d01d      	beq.n	100019f6 <hardware_alarm_set_target+0xce>
100019ba:	4b10      	ldr	r3, [pc, #64]	; (100019fc <hardware_alarm_set_target+0xd4>)
100019bc:	4a13      	ldr	r2, [pc, #76]	; (10001a0c <hardware_alarm_set_target+0xe4>)
100019be:	621e      	str	r6, [r3, #32]
100019c0:	635e      	str	r6, [r3, #52]	; 0x34
100019c2:	231f      	movs	r3, #31
100019c4:	4018      	ands	r0, r3
100019c6:	3b1e      	subs	r3, #30
100019c8:	4083      	lsls	r3, r0
100019ca:	6013      	str	r3, [r2, #0]
100019cc:	4663      	mov	r3, ip
100019ce:	4642      	mov	r2, r8
100019d0:	2401      	movs	r4, #1
100019d2:	701a      	strb	r2, [r3, #0]
100019d4:	f3bf 8f5f 	dmb	sy
100019d8:	2200      	movs	r2, #0
100019da:	4b09      	ldr	r3, [pc, #36]	; (10001a00 <hardware_alarm_set_target+0xd8>)
100019dc:	601a      	str	r2, [r3, #0]
100019de:	f389 8810 	msr	PRIMASK, r9
100019e2:	e7b2      	b.n	1000194a <hardware_alarm_set_target+0x22>
100019e4:	2400      	movs	r4, #0
100019e6:	f3bf 8f5f 	dmb	sy
100019ea:	2200      	movs	r2, #0
100019ec:	4b04      	ldr	r3, [pc, #16]	; (10001a00 <hardware_alarm_set_target+0xd8>)
100019ee:	601a      	str	r2, [r3, #0]
100019f0:	f389 8810 	msr	PRIMASK, r9
100019f4:	e7a9      	b.n	1000194a <hardware_alarm_set_target+0x22>
100019f6:	2401      	movs	r4, #1
100019f8:	e7ec      	b.n	100019d4 <hardware_alarm_set_target+0xac>
100019fa:	46c0      	nop			; (mov r8, r8)
100019fc:	40054000 	.word	0x40054000
10001a00:	d0000128 	.word	0xd0000128
10001a04:	20000f46 	.word	0x20000f46
10001a08:	20000f18 	.word	0x20000f18
10001a0c:	e000e280 	.word	0xe000e280

10001a10 <hardware_alarm_cancel>:
10001a10:	b510      	push	{r4, lr}
10001a12:	f3ef 8410 	mrs	r4, PRIMASK
10001a16:	b672      	cpsid	i
10001a18:	490a      	ldr	r1, [pc, #40]	; (10001a44 <hardware_alarm_cancel+0x34>)
10001a1a:	680b      	ldr	r3, [r1, #0]
10001a1c:	2b00      	cmp	r3, #0
10001a1e:	d0fc      	beq.n	10001a1a <hardware_alarm_cancel+0xa>
10001a20:	f3bf 8f5f 	dmb	sy
10001a24:	2301      	movs	r3, #1
10001a26:	4083      	lsls	r3, r0
10001a28:	4a07      	ldr	r2, [pc, #28]	; (10001a48 <hardware_alarm_cancel+0x38>)
10001a2a:	4808      	ldr	r0, [pc, #32]	; (10001a4c <hardware_alarm_cancel+0x3c>)
10001a2c:	6213      	str	r3, [r2, #32]
10001a2e:	7802      	ldrb	r2, [r0, #0]
10001a30:	439a      	bics	r2, r3
10001a32:	7002      	strb	r2, [r0, #0]
10001a34:	f3bf 8f5f 	dmb	sy
10001a38:	2300      	movs	r3, #0
10001a3a:	600b      	str	r3, [r1, #0]
10001a3c:	f384 8810 	msr	PRIMASK, r4
10001a40:	bd10      	pop	{r4, pc}
10001a42:	46c0      	nop			; (mov r8, r8)
10001a44:	d0000128 	.word	0xd0000128
10001a48:	40054000 	.word	0x40054000
10001a4c:	20000f46 	.word	0x20000f46

10001a50 <ph_merge_nodes>:
10001a50:	b570      	push	{r4, r5, r6, lr}
10001a52:	0006      	movs	r6, r0
10001a54:	000d      	movs	r5, r1
10001a56:	0014      	movs	r4, r2
10001a58:	2900      	cmp	r1, #0
10001a5a:	d01e      	beq.n	10001a9a <ph_merge_nodes+0x4a>
10001a5c:	2a00      	cmp	r2, #0
10001a5e:	d01e      	beq.n	10001a9e <ph_merge_nodes+0x4e>
10001a60:	6873      	ldr	r3, [r6, #4]
10001a62:	6880      	ldr	r0, [r0, #8]
10001a64:	4798      	blx	r3
10001a66:	0063      	lsls	r3, r4, #1
10001a68:	006a      	lsls	r2, r5, #1
10001a6a:	191b      	adds	r3, r3, r4
10001a6c:	1952      	adds	r2, r2, r5
10001a6e:	3b03      	subs	r3, #3
10001a70:	3a03      	subs	r2, #3
10001a72:	6831      	ldr	r1, [r6, #0]
10001a74:	2800      	cmp	r0, #0
10001a76:	d008      	beq.n	10001a8a <ph_merge_nodes+0x3a>
10001a78:	18cb      	adds	r3, r1, r3
10001a7a:	188a      	adds	r2, r1, r2
10001a7c:	709d      	strb	r5, [r3, #2]
10001a7e:	7811      	ldrb	r1, [r2, #0]
10001a80:	2900      	cmp	r1, #0
10001a82:	d10e      	bne.n	10001aa2 <ph_merge_nodes+0x52>
10001a84:	7014      	strb	r4, [r2, #0]
10001a86:	0028      	movs	r0, r5
10001a88:	e008      	b.n	10001a9c <ph_merge_nodes+0x4c>
10001a8a:	188a      	adds	r2, r1, r2
10001a8c:	18cb      	adds	r3, r1, r3
10001a8e:	7094      	strb	r4, [r2, #2]
10001a90:	7819      	ldrb	r1, [r3, #0]
10001a92:	2900      	cmp	r1, #0
10001a94:	d000      	beq.n	10001a98 <ph_merge_nodes+0x48>
10001a96:	7051      	strb	r1, [r2, #1]
10001a98:	701d      	strb	r5, [r3, #0]
10001a9a:	0020      	movs	r0, r4
10001a9c:	bd70      	pop	{r4, r5, r6, pc}
10001a9e:	0008      	movs	r0, r1
10001aa0:	e7fc      	b.n	10001a9c <ph_merge_nodes+0x4c>
10001aa2:	7059      	strb	r1, [r3, #1]
10001aa4:	0028      	movs	r0, r5
10001aa6:	7014      	strb	r4, [r2, #0]
10001aa8:	e7f8      	b.n	10001a9c <ph_merge_nodes+0x4c>
10001aaa:	46c0      	nop			; (mov r8, r8)

10001aac <ph_post_alloc_init>:
10001aac:	b5f0      	push	{r4, r5, r6, r7, lr}
10001aae:	46de      	mov	lr, fp
10001ab0:	4657      	mov	r7, sl
10001ab2:	464e      	mov	r6, r9
10001ab4:	4645      	mov	r5, r8
10001ab6:	b5e0      	push	{r5, r6, r7, lr}
10001ab8:	6083      	str	r3, [r0, #8]
10001aba:	2300      	movs	r3, #0
10001abc:	b089      	sub	sp, #36	; 0x24
10001abe:	6042      	str	r2, [r0, #4]
10001ac0:	6802      	ldr	r2, [r0, #0]
10001ac2:	9106      	str	r1, [sp, #24]
10001ac4:	7343      	strb	r3, [r0, #13]
10001ac6:	b2c9      	uxtb	r1, r1
10001ac8:	3301      	adds	r3, #1
10001aca:	9105      	str	r1, [sp, #20]
10001acc:	7301      	strb	r1, [r0, #12]
10001ace:	7383      	strb	r3, [r0, #14]
10001ad0:	73c1      	strb	r1, [r0, #15]
10001ad2:	9204      	str	r2, [sp, #16]
10001ad4:	2901      	cmp	r1, #1
10001ad6:	d800      	bhi.n	10001ada <ph_post_alloc_init+0x2e>
10001ad8:	e0a4      	b.n	10001c24 <ph_post_alloc_init+0x178>
10001ada:	000a      	movs	r2, r1
10001adc:	1e4b      	subs	r3, r1, #1
10001ade:	b2d9      	uxtb	r1, r3
10001ae0:	1e93      	subs	r3, r2, #2
10001ae2:	9107      	str	r1, [sp, #28]
10001ae4:	2b07      	cmp	r3, #7
10001ae6:	d800      	bhi.n	10001aea <ph_post_alloc_init+0x3e>
10001ae8:	e0ae      	b.n	10001c48 <ph_post_alloc_init+0x19c>
10001aea:	2500      	movs	r5, #0
10001aec:	08cb      	lsrs	r3, r1, #3
10001aee:	9303      	str	r3, [sp, #12]
10001af0:	9b04      	ldr	r3, [sp, #16]
10001af2:	4c56      	ldr	r4, [pc, #344]	; (10001c4c <ph_post_alloc_init+0x1a0>)
10001af4:	1c59      	adds	r1, r3, #1
10001af6:	4b56      	ldr	r3, [pc, #344]	; (10001c50 <ph_post_alloc_init+0x1a4>)
10001af8:	4856      	ldr	r0, [pc, #344]	; (10001c54 <ph_post_alloc_init+0x1a8>)
10001afa:	469b      	mov	fp, r3
10001afc:	4b56      	ldr	r3, [pc, #344]	; (10001c58 <ph_post_alloc_init+0x1ac>)
10001afe:	469a      	mov	sl, r3
10001b00:	4b56      	ldr	r3, [pc, #344]	; (10001c5c <ph_post_alloc_init+0x1b0>)
10001b02:	469c      	mov	ip, r3
10001b04:	4b56      	ldr	r3, [pc, #344]	; (10001c60 <ph_post_alloc_init+0x1b4>)
10001b06:	9302      	str	r3, [sp, #8]
10001b08:	4652      	mov	r2, sl
10001b0a:	4663      	mov	r3, ip
10001b0c:	465f      	mov	r7, fp
10001b0e:	465e      	mov	r6, fp
10001b10:	4062      	eors	r2, r4
10001b12:	401a      	ands	r2, r3
10001b14:	4b50      	ldr	r3, [pc, #320]	; (10001c58 <ph_post_alloc_init+0x1ac>)
10001b16:	4027      	ands	r7, r4
10001b18:	18fb      	adds	r3, r7, r3
10001b1a:	405a      	eors	r2, r3
10001b1c:	4006      	ands	r6, r0
10001b1e:	4653      	mov	r3, sl
10001b20:	9601      	str	r6, [sp, #4]
10001b22:	4666      	mov	r6, ip
10001b24:	4043      	eors	r3, r0
10001b26:	4033      	ands	r3, r6
10001b28:	4e4b      	ldr	r6, [pc, #300]	; (10001c58 <ph_post_alloc_init+0x1ac>)
10001b2a:	700a      	strb	r2, [r1, #0]
10001b2c:	46b0      	mov	r8, r6
10001b2e:	9e01      	ldr	r6, [sp, #4]
10001b30:	3501      	adds	r5, #1
10001b32:	46b1      	mov	r9, r6
10001b34:	44c8      	add	r8, r9
10001b36:	4646      	mov	r6, r8
10001b38:	4073      	eors	r3, r6
10001b3a:	0416      	lsls	r6, r2, #16
10001b3c:	0e36      	lsrs	r6, r6, #24
10001b3e:	70ce      	strb	r6, [r1, #3]
10001b40:	0216      	lsls	r6, r2, #8
10001b42:	0e12      	lsrs	r2, r2, #24
10001b44:	724a      	strb	r2, [r1, #9]
10001b46:	041a      	lsls	r2, r3, #16
10001b48:	0e12      	lsrs	r2, r2, #24
10001b4a:	730b      	strb	r3, [r1, #12]
10001b4c:	73ca      	strb	r2, [r1, #15]
10001b4e:	021a      	lsls	r2, r3, #8
10001b50:	0e1b      	lsrs	r3, r3, #24
10001b52:	754b      	strb	r3, [r1, #21]
10001b54:	9b02      	ldr	r3, [sp, #8]
10001b56:	0e36      	lsrs	r6, r6, #24
10001b58:	405c      	eors	r4, r3
10001b5a:	4663      	mov	r3, ip
10001b5c:	401c      	ands	r4, r3
10001b5e:	4b40      	ldr	r3, [pc, #256]	; (10001c60 <ph_post_alloc_init+0x1b4>)
10001b60:	0e12      	lsrs	r2, r2, #24
10001b62:	4698      	mov	r8, r3
10001b64:	9b02      	ldr	r3, [sp, #8]
10001b66:	4447      	add	r7, r8
10001b68:	4058      	eors	r0, r3
10001b6a:	4663      	mov	r3, ip
10001b6c:	4018      	ands	r0, r3
10001b6e:	464b      	mov	r3, r9
10001b70:	4443      	add	r3, r8
10001b72:	4058      	eors	r0, r3
10001b74:	9b03      	ldr	r3, [sp, #12]
10001b76:	b2ed      	uxtb	r5, r5
10001b78:	718e      	strb	r6, [r1, #6]
10001b7a:	748a      	strb	r2, [r1, #18]
10001b7c:	407c      	eors	r4, r7
10001b7e:	3118      	adds	r1, #24
10001b80:	42ab      	cmp	r3, r5
10001b82:	d1c1      	bne.n	10001b08 <ph_post_alloc_init+0x5c>
10001b84:	9907      	ldr	r1, [sp, #28]
10001b86:	2307      	movs	r3, #7
10001b88:	000a      	movs	r2, r1
10001b8a:	439a      	bics	r2, r3
10001b8c:	1c53      	adds	r3, r2, #1
10001b8e:	b2db      	uxtb	r3, r3
10001b90:	4291      	cmp	r1, r2
10001b92:	d047      	beq.n	10001c24 <ph_post_alloc_init+0x178>
10001b94:	9c04      	ldr	r4, [sp, #16]
10001b96:	005a      	lsls	r2, r3, #1
10001b98:	46a4      	mov	ip, r4
10001b9a:	18d2      	adds	r2, r2, r3
10001b9c:	1c59      	adds	r1, r3, #1
10001b9e:	4462      	add	r2, ip
10001ba0:	9d05      	ldr	r5, [sp, #20]
10001ba2:	b2c9      	uxtb	r1, r1
10001ba4:	3a03      	subs	r2, #3
10001ba6:	7051      	strb	r1, [r2, #1]
10001ba8:	428d      	cmp	r5, r1
10001baa:	d93b      	bls.n	10001c24 <ph_post_alloc_init+0x178>
10001bac:	004a      	lsls	r2, r1, #1
10001bae:	1852      	adds	r2, r2, r1
10001bb0:	1c98      	adds	r0, r3, #2
10001bb2:	4462      	add	r2, ip
10001bb4:	b2c0      	uxtb	r0, r0
10001bb6:	3a03      	subs	r2, #3
10001bb8:	7050      	strb	r0, [r2, #1]
10001bba:	4285      	cmp	r5, r0
10001bbc:	d932      	bls.n	10001c24 <ph_post_alloc_init+0x178>
10001bbe:	0042      	lsls	r2, r0, #1
10001bc0:	1812      	adds	r2, r2, r0
10001bc2:	1cd9      	adds	r1, r3, #3
10001bc4:	4462      	add	r2, ip
10001bc6:	b2c9      	uxtb	r1, r1
10001bc8:	3a03      	subs	r2, #3
10001bca:	7051      	strb	r1, [r2, #1]
10001bcc:	428d      	cmp	r5, r1
10001bce:	d929      	bls.n	10001c24 <ph_post_alloc_init+0x178>
10001bd0:	004a      	lsls	r2, r1, #1
10001bd2:	1852      	adds	r2, r2, r1
10001bd4:	1d18      	adds	r0, r3, #4
10001bd6:	4462      	add	r2, ip
10001bd8:	b2c0      	uxtb	r0, r0
10001bda:	3a03      	subs	r2, #3
10001bdc:	7050      	strb	r0, [r2, #1]
10001bde:	4285      	cmp	r5, r0
10001be0:	d920      	bls.n	10001c24 <ph_post_alloc_init+0x178>
10001be2:	0042      	lsls	r2, r0, #1
10001be4:	1812      	adds	r2, r2, r0
10001be6:	1d59      	adds	r1, r3, #5
10001be8:	4462      	add	r2, ip
10001bea:	b2c9      	uxtb	r1, r1
10001bec:	3a03      	subs	r2, #3
10001bee:	7051      	strb	r1, [r2, #1]
10001bf0:	428d      	cmp	r5, r1
10001bf2:	d917      	bls.n	10001c24 <ph_post_alloc_init+0x178>
10001bf4:	004a      	lsls	r2, r1, #1
10001bf6:	1852      	adds	r2, r2, r1
10001bf8:	1d98      	adds	r0, r3, #6
10001bfa:	4462      	add	r2, ip
10001bfc:	b2c0      	uxtb	r0, r0
10001bfe:	3a03      	subs	r2, #3
10001c00:	7050      	strb	r0, [r2, #1]
10001c02:	4285      	cmp	r5, r0
10001c04:	d90e      	bls.n	10001c24 <ph_post_alloc_init+0x178>
10001c06:	0042      	lsls	r2, r0, #1
10001c08:	1812      	adds	r2, r2, r0
10001c0a:	1dd9      	adds	r1, r3, #7
10001c0c:	4462      	add	r2, ip
10001c0e:	b2c9      	uxtb	r1, r1
10001c10:	3a03      	subs	r2, #3
10001c12:	7051      	strb	r1, [r2, #1]
10001c14:	428d      	cmp	r5, r1
10001c16:	d905      	bls.n	10001c24 <ph_post_alloc_init+0x178>
10001c18:	004a      	lsls	r2, r1, #1
10001c1a:	1852      	adds	r2, r2, r1
10001c1c:	4462      	add	r2, ip
10001c1e:	3a03      	subs	r2, #3
10001c20:	3308      	adds	r3, #8
10001c22:	7053      	strb	r3, [r2, #1]
10001c24:	23ff      	movs	r3, #255	; 0xff
10001c26:	9a06      	ldr	r2, [sp, #24]
10001c28:	4013      	ands	r3, r2
10001c2a:	0059      	lsls	r1, r3, #1
10001c2c:	18c9      	adds	r1, r1, r3
10001c2e:	9b04      	ldr	r3, [sp, #16]
10001c30:	469c      	mov	ip, r3
10001c32:	2300      	movs	r3, #0
10001c34:	4461      	add	r1, ip
10001c36:	3903      	subs	r1, #3
10001c38:	704b      	strb	r3, [r1, #1]
10001c3a:	b009      	add	sp, #36	; 0x24
10001c3c:	bc3c      	pop	{r2, r3, r4, r5}
10001c3e:	4690      	mov	r8, r2
10001c40:	4699      	mov	r9, r3
10001c42:	46a2      	mov	sl, r4
10001c44:	46ab      	mov	fp, r5
10001c46:	bdf0      	pop	{r4, r5, r6, r7, pc}
10001c48:	2301      	movs	r3, #1
10001c4a:	e7a3      	b.n	10001b94 <ph_post_alloc_init+0xe8>
10001c4c:	04030201 	.word	0x04030201
10001c50:	7f7f7f7f 	.word	0x7f7f7f7f
10001c54:	08070605 	.word	0x08070605
10001c58:	01010101 	.word	0x01010101
10001c5c:	80808080 	.word	0x80808080
10001c60:	08080808 	.word	0x08080808

10001c64 <ph_merge_two_pass>:
10001c64:	b570      	push	{r4, r5, r6, lr}
10001c66:	0004      	movs	r4, r0
10001c68:	2900      	cmp	r1, #0
10001c6a:	d007      	beq.n	10001c7c <ph_merge_two_pass+0x18>
10001c6c:	004b      	lsls	r3, r1, #1
10001c6e:	6800      	ldr	r0, [r0, #0]
10001c70:	185b      	adds	r3, r3, r1
10001c72:	3b03      	subs	r3, #3
10001c74:	18c3      	adds	r3, r0, r3
10001c76:	785a      	ldrb	r2, [r3, #1]
10001c78:	2a00      	cmp	r2, #0
10001c7a:	d101      	bne.n	10001c80 <ph_merge_two_pass+0x1c>
10001c7c:	0008      	movs	r0, r1
10001c7e:	bd70      	pop	{r4, r5, r6, pc}
10001c80:	0055      	lsls	r5, r2, #1
10001c82:	18ad      	adds	r5, r5, r2
10001c84:	3d03      	subs	r5, #3
10001c86:	1940      	adds	r0, r0, r5
10001c88:	2500      	movs	r5, #0
10001c8a:	7846      	ldrb	r6, [r0, #1]
10001c8c:	7045      	strb	r5, [r0, #1]
10001c8e:	705d      	strb	r5, [r3, #1]
10001c90:	0020      	movs	r0, r4
10001c92:	f7ff fedd 	bl	10001a50 <ph_merge_nodes>
10001c96:	0031      	movs	r1, r6
10001c98:	0005      	movs	r5, r0
10001c9a:	0020      	movs	r0, r4
10001c9c:	f7ff ffe2 	bl	10001c64 <ph_merge_two_pass>
10001ca0:	0029      	movs	r1, r5
10001ca2:	0002      	movs	r2, r0
10001ca4:	0020      	movs	r0, r4
10001ca6:	f7ff fed3 	bl	10001a50 <ph_merge_nodes>
10001caa:	0001      	movs	r1, r0
10001cac:	e7e6      	b.n	10001c7c <ph_merge_two_pass+0x18>
10001cae:	46c0      	nop			; (mov r8, r8)

10001cb0 <ph_remove_any_head>:
10001cb0:	b5f0      	push	{r4, r5, r6, r7, lr}
10001cb2:	464e      	mov	r6, r9
10001cb4:	4645      	mov	r5, r8
10001cb6:	46de      	mov	lr, fp
10001cb8:	4657      	mov	r7, sl
10001cba:	b5e0      	push	{r5, r6, r7, lr}
10001cbc:	000e      	movs	r6, r1
10001cbe:	0074      	lsls	r4, r6, #1
10001cc0:	6801      	ldr	r1, [r0, #0]
10001cc2:	19a4      	adds	r4, r4, r6
10001cc4:	b085      	sub	sp, #20
10001cc6:	3c03      	subs	r4, #3
10001cc8:	9201      	str	r2, [sp, #4]
10001cca:	190a      	adds	r2, r1, r4
10001ccc:	0005      	movs	r5, r0
10001cce:	7810      	ldrb	r0, [r2, #0]
10001cd0:	2800      	cmp	r0, #0
10001cd2:	d04c      	beq.n	10001d6e <ph_remove_any_head+0xbe>
10001cd4:	0043      	lsls	r3, r0, #1
10001cd6:	181b      	adds	r3, r3, r0
10001cd8:	3b03      	subs	r3, #3
10001cda:	18cb      	adds	r3, r1, r3
10001cdc:	785f      	ldrb	r7, [r3, #1]
10001cde:	46bc      	mov	ip, r7
10001ce0:	2f00      	cmp	r7, #0
10001ce2:	d116      	bne.n	10001d12 <ph_remove_any_head+0x62>
10001ce4:	9c01      	ldr	r4, [sp, #4]
10001ce6:	2c00      	cmp	r4, #0
10001ce8:	d03e      	beq.n	10001d68 <ph_remove_any_head+0xb8>
10001cea:	7bec      	ldrb	r4, [r5, #15]
10001cec:	2c00      	cmp	r4, #0
10001cee:	d004      	beq.n	10001cfa <ph_remove_any_head+0x4a>
10001cf0:	0063      	lsls	r3, r4, #1
10001cf2:	191b      	adds	r3, r3, r4
10001cf4:	18cb      	adds	r3, r1, r3
10001cf6:	3b03      	subs	r3, #3
10001cf8:	705e      	strb	r6, [r3, #1]
10001cfa:	73ee      	strb	r6, [r5, #15]
10001cfc:	2800      	cmp	r0, #0
10001cfe:	d12f      	bne.n	10001d60 <ph_remove_any_head+0xb0>
10001d00:	2300      	movs	r3, #0
10001d02:	7053      	strb	r3, [r2, #1]
10001d04:	b005      	add	sp, #20
10001d06:	bc3c      	pop	{r2, r3, r4, r5}
10001d08:	4690      	mov	r8, r2
10001d0a:	4699      	mov	r9, r3
10001d0c:	46a2      	mov	sl, r4
10001d0e:	46ab      	mov	fp, r5
10001d10:	bdf0      	pop	{r4, r5, r6, r7, pc}
10001d12:	007a      	lsls	r2, r7, #1
10001d14:	4462      	add	r2, ip
10001d16:	3a03      	subs	r2, #3
10001d18:	1889      	adds	r1, r1, r2
10001d1a:	784a      	ldrb	r2, [r1, #1]
10001d1c:	4693      	mov	fp, r2
10001d1e:	2200      	movs	r2, #0
10001d20:	704a      	strb	r2, [r1, #1]
10001d22:	4690      	mov	r8, r2
10001d24:	705a      	strb	r2, [r3, #1]
10001d26:	0001      	movs	r1, r0
10001d28:	003a      	movs	r2, r7
10001d2a:	0028      	movs	r0, r5
10001d2c:	f7ff fe90 	bl	10001a50 <ph_merge_nodes>
10001d30:	465b      	mov	r3, fp
10001d32:	4681      	mov	r9, r0
10001d34:	2b00      	cmp	r3, #0
10001d36:	d007      	beq.n	10001d48 <ph_remove_any_head+0x98>
10001d38:	005b      	lsls	r3, r3, #1
10001d3a:	6829      	ldr	r1, [r5, #0]
10001d3c:	445b      	add	r3, fp
10001d3e:	3b03      	subs	r3, #3
10001d40:	18cb      	adds	r3, r1, r3
10001d42:	785a      	ldrb	r2, [r3, #1]
10001d44:	2a00      	cmp	r2, #0
10001d46:	d116      	bne.n	10001d76 <ph_remove_any_head+0xc6>
10001d48:	465a      	mov	r2, fp
10001d4a:	4649      	mov	r1, r9
10001d4c:	0028      	movs	r0, r5
10001d4e:	f7ff fe7f 	bl	10001a50 <ph_merge_nodes>
10001d52:	6829      	ldr	r1, [r5, #0]
10001d54:	9b01      	ldr	r3, [sp, #4]
10001d56:	190a      	adds	r2, r1, r4
10001d58:	2b00      	cmp	r3, #0
10001d5a:	d1c6      	bne.n	10001cea <ph_remove_any_head+0x3a>
10001d5c:	2800      	cmp	r0, #0
10001d5e:	d0cf      	beq.n	10001d00 <ph_remove_any_head+0x50>
10001d60:	0043      	lsls	r3, r0, #1
10001d62:	181b      	adds	r3, r3, r0
10001d64:	3b03      	subs	r3, #3
10001d66:	18cb      	adds	r3, r1, r3
10001d68:	2100      	movs	r1, #0
10001d6a:	7099      	strb	r1, [r3, #2]
10001d6c:	e7c8      	b.n	10001d00 <ph_remove_any_head+0x50>
10001d6e:	9b01      	ldr	r3, [sp, #4]
10001d70:	2b00      	cmp	r3, #0
10001d72:	d1ba      	bne.n	10001cea <ph_remove_any_head+0x3a>
10001d74:	e7c4      	b.n	10001d00 <ph_remove_any_head+0x50>
10001d76:	0050      	lsls	r0, r2, #1
10001d78:	1880      	adds	r0, r0, r2
10001d7a:	3803      	subs	r0, #3
10001d7c:	1809      	adds	r1, r1, r0
10001d7e:	7848      	ldrb	r0, [r1, #1]
10001d80:	4682      	mov	sl, r0
10001d82:	4640      	mov	r0, r8
10001d84:	7048      	strb	r0, [r1, #1]
10001d86:	7058      	strb	r0, [r3, #1]
10001d88:	4659      	mov	r1, fp
10001d8a:	0028      	movs	r0, r5
10001d8c:	f7ff fe60 	bl	10001a50 <ph_merge_nodes>
10001d90:	4653      	mov	r3, sl
10001d92:	4683      	mov	fp, r0
10001d94:	2b00      	cmp	r3, #0
10001d96:	d007      	beq.n	10001da8 <ph_remove_any_head+0xf8>
10001d98:	005b      	lsls	r3, r3, #1
10001d9a:	6829      	ldr	r1, [r5, #0]
10001d9c:	4453      	add	r3, sl
10001d9e:	3b03      	subs	r3, #3
10001da0:	18cb      	adds	r3, r1, r3
10001da2:	785a      	ldrb	r2, [r3, #1]
10001da4:	2a00      	cmp	r2, #0
10001da6:	d106      	bne.n	10001db6 <ph_remove_any_head+0x106>
10001da8:	4659      	mov	r1, fp
10001daa:	4652      	mov	r2, sl
10001dac:	0028      	movs	r0, r5
10001dae:	f7ff fe4f 	bl	10001a50 <ph_merge_nodes>
10001db2:	4683      	mov	fp, r0
10001db4:	e7c8      	b.n	10001d48 <ph_remove_any_head+0x98>
10001db6:	0050      	lsls	r0, r2, #1
10001db8:	1880      	adds	r0, r0, r2
10001dba:	3803      	subs	r0, #3
10001dbc:	1809      	adds	r1, r1, r0
10001dbe:	4640      	mov	r0, r8
10001dc0:	784f      	ldrb	r7, [r1, #1]
10001dc2:	7048      	strb	r0, [r1, #1]
10001dc4:	7058      	strb	r0, [r3, #1]
10001dc6:	4651      	mov	r1, sl
10001dc8:	0028      	movs	r0, r5
10001dca:	9702      	str	r7, [sp, #8]
10001dcc:	f7ff fe40 	bl	10001a50 <ph_merge_nodes>
10001dd0:	4682      	mov	sl, r0
10001dd2:	2f00      	cmp	r7, #0
10001dd4:	d008      	beq.n	10001de8 <ph_remove_any_head+0x138>
10001dd6:	46bc      	mov	ip, r7
10001dd8:	007b      	lsls	r3, r7, #1
10001dda:	6829      	ldr	r1, [r5, #0]
10001ddc:	4463      	add	r3, ip
10001dde:	3b03      	subs	r3, #3
10001de0:	18cb      	adds	r3, r1, r3
10001de2:	785a      	ldrb	r2, [r3, #1]
10001de4:	2a00      	cmp	r2, #0
10001de6:	d106      	bne.n	10001df6 <ph_remove_any_head+0x146>
10001de8:	4651      	mov	r1, sl
10001dea:	9a02      	ldr	r2, [sp, #8]
10001dec:	0028      	movs	r0, r5
10001dee:	f7ff fe2f 	bl	10001a50 <ph_merge_nodes>
10001df2:	4682      	mov	sl, r0
10001df4:	e7d8      	b.n	10001da8 <ph_remove_any_head+0xf8>
10001df6:	0050      	lsls	r0, r2, #1
10001df8:	1880      	adds	r0, r0, r2
10001dfa:	3803      	subs	r0, #3
10001dfc:	1809      	adds	r1, r1, r0
10001dfe:	4640      	mov	r0, r8
10001e00:	784f      	ldrb	r7, [r1, #1]
10001e02:	7048      	strb	r0, [r1, #1]
10001e04:	7058      	strb	r0, [r3, #1]
10001e06:	9902      	ldr	r1, [sp, #8]
10001e08:	0028      	movs	r0, r5
10001e0a:	9703      	str	r7, [sp, #12]
10001e0c:	f7ff fe20 	bl	10001a50 <ph_merge_nodes>
10001e10:	4680      	mov	r8, r0
10001e12:	2f00      	cmp	r7, #0
10001e14:	d008      	beq.n	10001e28 <ph_remove_any_head+0x178>
10001e16:	46bc      	mov	ip, r7
10001e18:	007b      	lsls	r3, r7, #1
10001e1a:	6829      	ldr	r1, [r5, #0]
10001e1c:	4463      	add	r3, ip
10001e1e:	3b03      	subs	r3, #3
10001e20:	18cb      	adds	r3, r1, r3
10001e22:	785a      	ldrb	r2, [r3, #1]
10001e24:	2a00      	cmp	r2, #0
10001e26:	d106      	bne.n	10001e36 <ph_remove_any_head+0x186>
10001e28:	9a03      	ldr	r2, [sp, #12]
10001e2a:	4641      	mov	r1, r8
10001e2c:	0028      	movs	r0, r5
10001e2e:	f7ff fe0f 	bl	10001a50 <ph_merge_nodes>
10001e32:	9002      	str	r0, [sp, #8]
10001e34:	e7d8      	b.n	10001de8 <ph_remove_any_head+0x138>
10001e36:	2003      	movs	r0, #3
10001e38:	4350      	muls	r0, r2
10001e3a:	3803      	subs	r0, #3
10001e3c:	1809      	adds	r1, r1, r0
10001e3e:	2000      	movs	r0, #0
10001e40:	784f      	ldrb	r7, [r1, #1]
10001e42:	7048      	strb	r0, [r1, #1]
10001e44:	7058      	strb	r0, [r3, #1]
10001e46:	9903      	ldr	r1, [sp, #12]
10001e48:	0028      	movs	r0, r5
10001e4a:	f7ff fe01 	bl	10001a50 <ph_merge_nodes>
10001e4e:	0039      	movs	r1, r7
10001e50:	9002      	str	r0, [sp, #8]
10001e52:	0028      	movs	r0, r5
10001e54:	f7ff ff06 	bl	10001c64 <ph_merge_two_pass>
10001e58:	9902      	ldr	r1, [sp, #8]
10001e5a:	0002      	movs	r2, r0
10001e5c:	0028      	movs	r0, r5
10001e5e:	f7ff fdf7 	bl	10001a50 <ph_merge_nodes>
10001e62:	9003      	str	r0, [sp, #12]
10001e64:	e7e0      	b.n	10001e28 <ph_remove_any_head+0x178>
10001e66:	46c0      	nop			; (mov r8, r8)

10001e68 <ph_remove_head>:
10001e68:	b5f0      	push	{r4, r5, r6, r7, lr}
10001e6a:	464e      	mov	r6, r9
10001e6c:	4645      	mov	r5, r8
10001e6e:	46de      	mov	lr, fp
10001e70:	4657      	mov	r7, sl
10001e72:	b5e0      	push	{r5, r6, r7, lr}
10001e74:	7b46      	ldrb	r6, [r0, #13]
10001e76:	0005      	movs	r5, r0
10001e78:	0074      	lsls	r4, r6, #1
10001e7a:	6800      	ldr	r0, [r0, #0]
10001e7c:	19a4      	adds	r4, r4, r6
10001e7e:	3c03      	subs	r4, #3
10001e80:	b085      	sub	sp, #20
10001e82:	1902      	adds	r2, r0, r4
10001e84:	9101      	str	r1, [sp, #4]
10001e86:	7811      	ldrb	r1, [r2, #0]
10001e88:	2900      	cmp	r1, #0
10001e8a:	d04e      	beq.n	10001f2a <ph_remove_head+0xc2>
10001e8c:	004b      	lsls	r3, r1, #1
10001e8e:	185b      	adds	r3, r3, r1
10001e90:	3b03      	subs	r3, #3
10001e92:	18c3      	adds	r3, r0, r3
10001e94:	785f      	ldrb	r7, [r3, #1]
10001e96:	46bc      	mov	ip, r7
10001e98:	2f00      	cmp	r7, #0
10001e9a:	d118      	bne.n	10001ece <ph_remove_head+0x66>
10001e9c:	9c01      	ldr	r4, [sp, #4]
10001e9e:	2c00      	cmp	r4, #0
10001ea0:	d040      	beq.n	10001f24 <ph_remove_head+0xbc>
10001ea2:	7bec      	ldrb	r4, [r5, #15]
10001ea4:	2c00      	cmp	r4, #0
10001ea6:	d004      	beq.n	10001eb2 <ph_remove_head+0x4a>
10001ea8:	0063      	lsls	r3, r4, #1
10001eaa:	191b      	adds	r3, r3, r4
10001eac:	18c3      	adds	r3, r0, r3
10001eae:	3b03      	subs	r3, #3
10001eb0:	705e      	strb	r6, [r3, #1]
10001eb2:	73ee      	strb	r6, [r5, #15]
10001eb4:	2900      	cmp	r1, #0
10001eb6:	d131      	bne.n	10001f1c <ph_remove_head+0xb4>
10001eb8:	2300      	movs	r3, #0
10001eba:	0030      	movs	r0, r6
10001ebc:	7053      	strb	r3, [r2, #1]
10001ebe:	7369      	strb	r1, [r5, #13]
10001ec0:	b005      	add	sp, #20
10001ec2:	bc3c      	pop	{r2, r3, r4, r5}
10001ec4:	4690      	mov	r8, r2
10001ec6:	4699      	mov	r9, r3
10001ec8:	46a2      	mov	sl, r4
10001eca:	46ab      	mov	fp, r5
10001ecc:	bdf0      	pop	{r4, r5, r6, r7, pc}
10001ece:	007a      	lsls	r2, r7, #1
10001ed0:	4462      	add	r2, ip
10001ed2:	3a03      	subs	r2, #3
10001ed4:	1880      	adds	r0, r0, r2
10001ed6:	7842      	ldrb	r2, [r0, #1]
10001ed8:	4693      	mov	fp, r2
10001eda:	2200      	movs	r2, #0
10001edc:	7042      	strb	r2, [r0, #1]
10001ede:	4690      	mov	r8, r2
10001ee0:	705a      	strb	r2, [r3, #1]
10001ee2:	0028      	movs	r0, r5
10001ee4:	003a      	movs	r2, r7
10001ee6:	f7ff fdb3 	bl	10001a50 <ph_merge_nodes>
10001eea:	465b      	mov	r3, fp
10001eec:	4681      	mov	r9, r0
10001eee:	2b00      	cmp	r3, #0
10001ef0:	d007      	beq.n	10001f02 <ph_remove_head+0x9a>
10001ef2:	005b      	lsls	r3, r3, #1
10001ef4:	6829      	ldr	r1, [r5, #0]
10001ef6:	445b      	add	r3, fp
10001ef8:	3b03      	subs	r3, #3
10001efa:	18cb      	adds	r3, r1, r3
10001efc:	785a      	ldrb	r2, [r3, #1]
10001efe:	2a00      	cmp	r2, #0
10001f00:	d117      	bne.n	10001f32 <ph_remove_head+0xca>
10001f02:	465a      	mov	r2, fp
10001f04:	4649      	mov	r1, r9
10001f06:	0028      	movs	r0, r5
10001f08:	f7ff fda2 	bl	10001a50 <ph_merge_nodes>
10001f0c:	9b01      	ldr	r3, [sp, #4]
10001f0e:	0001      	movs	r1, r0
10001f10:	6828      	ldr	r0, [r5, #0]
10001f12:	1902      	adds	r2, r0, r4
10001f14:	2b00      	cmp	r3, #0
10001f16:	d1c4      	bne.n	10001ea2 <ph_remove_head+0x3a>
10001f18:	2900      	cmp	r1, #0
10001f1a:	d0cd      	beq.n	10001eb8 <ph_remove_head+0x50>
10001f1c:	004b      	lsls	r3, r1, #1
10001f1e:	185b      	adds	r3, r3, r1
10001f20:	3b03      	subs	r3, #3
10001f22:	18c3      	adds	r3, r0, r3
10001f24:	2000      	movs	r0, #0
10001f26:	7098      	strb	r0, [r3, #2]
10001f28:	e7c6      	b.n	10001eb8 <ph_remove_head+0x50>
10001f2a:	9b01      	ldr	r3, [sp, #4]
10001f2c:	2b00      	cmp	r3, #0
10001f2e:	d1b8      	bne.n	10001ea2 <ph_remove_head+0x3a>
10001f30:	e7c2      	b.n	10001eb8 <ph_remove_head+0x50>
10001f32:	0050      	lsls	r0, r2, #1
10001f34:	1880      	adds	r0, r0, r2
10001f36:	3803      	subs	r0, #3
10001f38:	1809      	adds	r1, r1, r0
10001f3a:	7848      	ldrb	r0, [r1, #1]
10001f3c:	4682      	mov	sl, r0
10001f3e:	4640      	mov	r0, r8
10001f40:	7048      	strb	r0, [r1, #1]
10001f42:	7058      	strb	r0, [r3, #1]
10001f44:	4659      	mov	r1, fp
10001f46:	0028      	movs	r0, r5
10001f48:	f7ff fd82 	bl	10001a50 <ph_merge_nodes>
10001f4c:	4653      	mov	r3, sl
10001f4e:	4683      	mov	fp, r0
10001f50:	2b00      	cmp	r3, #0
10001f52:	d007      	beq.n	10001f64 <ph_remove_head+0xfc>
10001f54:	005b      	lsls	r3, r3, #1
10001f56:	6829      	ldr	r1, [r5, #0]
10001f58:	4453      	add	r3, sl
10001f5a:	3b03      	subs	r3, #3
10001f5c:	18cb      	adds	r3, r1, r3
10001f5e:	785a      	ldrb	r2, [r3, #1]
10001f60:	2a00      	cmp	r2, #0
10001f62:	d106      	bne.n	10001f72 <ph_remove_head+0x10a>
10001f64:	4659      	mov	r1, fp
10001f66:	4652      	mov	r2, sl
10001f68:	0028      	movs	r0, r5
10001f6a:	f7ff fd71 	bl	10001a50 <ph_merge_nodes>
10001f6e:	4683      	mov	fp, r0
10001f70:	e7c7      	b.n	10001f02 <ph_remove_head+0x9a>
10001f72:	0050      	lsls	r0, r2, #1
10001f74:	1880      	adds	r0, r0, r2
10001f76:	3803      	subs	r0, #3
10001f78:	1809      	adds	r1, r1, r0
10001f7a:	4640      	mov	r0, r8
10001f7c:	784f      	ldrb	r7, [r1, #1]
10001f7e:	7048      	strb	r0, [r1, #1]
10001f80:	7058      	strb	r0, [r3, #1]
10001f82:	4651      	mov	r1, sl
10001f84:	0028      	movs	r0, r5
10001f86:	9702      	str	r7, [sp, #8]
10001f88:	f7ff fd62 	bl	10001a50 <ph_merge_nodes>
10001f8c:	4682      	mov	sl, r0
10001f8e:	2f00      	cmp	r7, #0
10001f90:	d008      	beq.n	10001fa4 <ph_remove_head+0x13c>
10001f92:	46bc      	mov	ip, r7
10001f94:	007b      	lsls	r3, r7, #1
10001f96:	6829      	ldr	r1, [r5, #0]
10001f98:	4463      	add	r3, ip
10001f9a:	3b03      	subs	r3, #3
10001f9c:	18cb      	adds	r3, r1, r3
10001f9e:	785a      	ldrb	r2, [r3, #1]
10001fa0:	2a00      	cmp	r2, #0
10001fa2:	d106      	bne.n	10001fb2 <ph_remove_head+0x14a>
10001fa4:	4651      	mov	r1, sl
10001fa6:	9a02      	ldr	r2, [sp, #8]
10001fa8:	0028      	movs	r0, r5
10001faa:	f7ff fd51 	bl	10001a50 <ph_merge_nodes>
10001fae:	4682      	mov	sl, r0
10001fb0:	e7d8      	b.n	10001f64 <ph_remove_head+0xfc>
10001fb2:	0050      	lsls	r0, r2, #1
10001fb4:	1880      	adds	r0, r0, r2
10001fb6:	3803      	subs	r0, #3
10001fb8:	1809      	adds	r1, r1, r0
10001fba:	4640      	mov	r0, r8
10001fbc:	784f      	ldrb	r7, [r1, #1]
10001fbe:	7048      	strb	r0, [r1, #1]
10001fc0:	7058      	strb	r0, [r3, #1]
10001fc2:	9902      	ldr	r1, [sp, #8]
10001fc4:	0028      	movs	r0, r5
10001fc6:	9703      	str	r7, [sp, #12]
10001fc8:	f7ff fd42 	bl	10001a50 <ph_merge_nodes>
10001fcc:	4680      	mov	r8, r0
10001fce:	2f00      	cmp	r7, #0
10001fd0:	d008      	beq.n	10001fe4 <ph_remove_head+0x17c>
10001fd2:	46bc      	mov	ip, r7
10001fd4:	007b      	lsls	r3, r7, #1
10001fd6:	6829      	ldr	r1, [r5, #0]
10001fd8:	4463      	add	r3, ip
10001fda:	3b03      	subs	r3, #3
10001fdc:	18cb      	adds	r3, r1, r3
10001fde:	785a      	ldrb	r2, [r3, #1]
10001fe0:	2a00      	cmp	r2, #0
10001fe2:	d106      	bne.n	10001ff2 <ph_remove_head+0x18a>
10001fe4:	9a03      	ldr	r2, [sp, #12]
10001fe6:	4641      	mov	r1, r8
10001fe8:	0028      	movs	r0, r5
10001fea:	f7ff fd31 	bl	10001a50 <ph_merge_nodes>
10001fee:	9002      	str	r0, [sp, #8]
10001ff0:	e7d8      	b.n	10001fa4 <ph_remove_head+0x13c>
10001ff2:	2003      	movs	r0, #3
10001ff4:	4350      	muls	r0, r2
10001ff6:	3803      	subs	r0, #3
10001ff8:	1809      	adds	r1, r1, r0
10001ffa:	2000      	movs	r0, #0
10001ffc:	784f      	ldrb	r7, [r1, #1]
10001ffe:	7048      	strb	r0, [r1, #1]
10002000:	7058      	strb	r0, [r3, #1]
10002002:	9903      	ldr	r1, [sp, #12]
10002004:	0028      	movs	r0, r5
10002006:	f7ff fd23 	bl	10001a50 <ph_merge_nodes>
1000200a:	0039      	movs	r1, r7
1000200c:	9002      	str	r0, [sp, #8]
1000200e:	0028      	movs	r0, r5
10002010:	f7ff fe28 	bl	10001c64 <ph_merge_two_pass>
10002014:	9902      	ldr	r1, [sp, #8]
10002016:	0002      	movs	r2, r0
10002018:	0028      	movs	r0, r5
1000201a:	f7ff fd19 	bl	10001a50 <ph_merge_nodes>
1000201e:	9003      	str	r0, [sp, #12]
10002020:	e7e0      	b.n	10001fe4 <ph_remove_head+0x17c>
10002022:	46c0      	nop			; (mov r8, r8)

10002024 <ph_remove_and_free_node>:
10002024:	b570      	push	{r4, r5, r6, lr}
10002026:	0004      	movs	r4, r0
10002028:	2900      	cmp	r1, #0
1000202a:	d02c      	beq.n	10002086 <ph_remove_and_free_node+0x62>
1000202c:	7b43      	ldrb	r3, [r0, #13]
1000202e:	428b      	cmp	r3, r1
10002030:	d02e      	beq.n	10002090 <ph_remove_and_free_node+0x6c>
10002032:	6805      	ldr	r5, [r0, #0]
10002034:	0048      	lsls	r0, r1, #1
10002036:	1840      	adds	r0, r0, r1
10002038:	3803      	subs	r0, #3
1000203a:	1828      	adds	r0, r5, r0
1000203c:	7882      	ldrb	r2, [r0, #2]
1000203e:	2a00      	cmp	r2, #0
10002040:	d021      	beq.n	10002086 <ph_remove_and_free_node+0x62>
10002042:	0053      	lsls	r3, r2, #1
10002044:	189b      	adds	r3, r3, r2
10002046:	3b03      	subs	r3, #3
10002048:	18eb      	adds	r3, r5, r3
1000204a:	781a      	ldrb	r2, [r3, #0]
1000204c:	428a      	cmp	r2, r1
1000204e:	d102      	bne.n	10002056 <ph_remove_and_free_node+0x32>
10002050:	e01b      	b.n	1000208a <ph_remove_and_free_node+0x66>
10002052:	2a00      	cmp	r2, #0
10002054:	d008      	beq.n	10002068 <ph_remove_and_free_node+0x44>
10002056:	0053      	lsls	r3, r2, #1
10002058:	189b      	adds	r3, r3, r2
1000205a:	3b03      	subs	r3, #3
1000205c:	18eb      	adds	r3, r5, r3
1000205e:	785a      	ldrb	r2, [r3, #1]
10002060:	428a      	cmp	r2, r1
10002062:	d1f6      	bne.n	10002052 <ph_remove_and_free_node+0x2e>
10002064:	7842      	ldrb	r2, [r0, #1]
10002066:	705a      	strb	r2, [r3, #1]
10002068:	2300      	movs	r3, #0
1000206a:	2201      	movs	r2, #1
1000206c:	7083      	strb	r3, [r0, #2]
1000206e:	7043      	strb	r3, [r0, #1]
10002070:	0020      	movs	r0, r4
10002072:	f7ff fe1d 	bl	10001cb0 <ph_remove_any_head>
10002076:	7b61      	ldrb	r1, [r4, #13]
10002078:	0002      	movs	r2, r0
1000207a:	0020      	movs	r0, r4
1000207c:	f7ff fce8 	bl	10001a50 <ph_merge_nodes>
10002080:	7360      	strb	r0, [r4, #13]
10002082:	2001      	movs	r0, #1
10002084:	e000      	b.n	10002088 <ph_remove_and_free_node+0x64>
10002086:	2000      	movs	r0, #0
10002088:	bd70      	pop	{r4, r5, r6, pc}
1000208a:	7842      	ldrb	r2, [r0, #1]
1000208c:	701a      	strb	r2, [r3, #0]
1000208e:	e7eb      	b.n	10002068 <ph_remove_and_free_node+0x44>
10002090:	2201      	movs	r2, #1
10002092:	0019      	movs	r1, r3
10002094:	f7ff fe0c 	bl	10001cb0 <ph_remove_any_head>
10002098:	7360      	strb	r0, [r4, #13]
1000209a:	2001      	movs	r0, #1
1000209c:	e7f4      	b.n	10002088 <ph_remove_and_free_node+0x64>
1000209e:	46c0      	nop			; (mov r8, r8)

100020a0 <mutex_init>:
100020a0:	b510      	push	{r4, lr}
100020a2:	0004      	movs	r4, r0
100020a4:	f7fe fc88 	bl	100009b8 <next_striped_spin_lock_num>
100020a8:	0001      	movs	r1, r0
100020aa:	0020      	movs	r0, r4
100020ac:	f7fe ff44 	bl	10000f38 <lock_init>
100020b0:	23ff      	movs	r3, #255	; 0xff
100020b2:	7123      	strb	r3, [r4, #4]
100020b4:	f3bf 8f5f 	dmb	sy
100020b8:	bd10      	pop	{r4, pc}
100020ba:	46c0      	nop			; (mov r8, r8)

100020bc <recursive_mutex_init>:
100020bc:	b510      	push	{r4, lr}
100020be:	0004      	movs	r4, r0
100020c0:	f7fe fc7a 	bl	100009b8 <next_striped_spin_lock_num>
100020c4:	0001      	movs	r1, r0
100020c6:	0020      	movs	r0, r4
100020c8:	f7fe ff36 	bl	10000f38 <lock_init>
100020cc:	23ff      	movs	r3, #255	; 0xff
100020ce:	80a3      	strh	r3, [r4, #4]
100020d0:	f3bf 8f5f 	dmb	sy
100020d4:	bd10      	pop	{r4, pc}
100020d6:	46c0      	nop			; (mov r8, r8)

100020d8 <critical_section_init>:
100020d8:	b510      	push	{r4, lr}
100020da:	0004      	movs	r4, r0
100020dc:	2001      	movs	r0, #1
100020de:	f7fe fc77 	bl	100009d0 <spin_lock_claim_unused>
100020e2:	4b04      	ldr	r3, [pc, #16]	; (100020f4 <critical_section_init+0x1c>)
100020e4:	469c      	mov	ip, r3
100020e6:	4460      	add	r0, ip
100020e8:	0080      	lsls	r0, r0, #2
100020ea:	6020      	str	r0, [r4, #0]
100020ec:	f3bf 8f5f 	dmb	sy
100020f0:	bd10      	pop	{r4, pc}
100020f2:	46c0      	nop			; (mov r8, r8)
100020f4:	34000040 	.word	0x34000040

100020f8 <runtime_init>:
100020f8:	4b2d      	ldr	r3, [pc, #180]	; (100021b0 <runtime_init+0xb8>)
100020fa:	4a2e      	ldr	r2, [pc, #184]	; (100021b4 <runtime_init+0xbc>)
100020fc:	b570      	push	{r4, r5, r6, lr}
100020fe:	601a      	str	r2, [r3, #0]
10002100:	4a2d      	ldr	r2, [pc, #180]	; (100021b8 <runtime_init+0xc0>)
10002102:	4b2e      	ldr	r3, [pc, #184]	; (100021bc <runtime_init+0xc4>)
10002104:	492e      	ldr	r1, [pc, #184]	; (100021c0 <runtime_init+0xc8>)
10002106:	601a      	str	r2, [r3, #0]
10002108:	0010      	movs	r0, r2
1000210a:	688b      	ldr	r3, [r1, #8]
1000210c:	4398      	bics	r0, r3
1000210e:	d1fb      	bne.n	10002108 <runtime_init+0x10>
10002110:	4c2c      	ldr	r4, [pc, #176]	; (100021c4 <runtime_init+0xcc>)
10002112:	4b2d      	ldr	r3, [pc, #180]	; (100021c8 <runtime_init+0xd0>)
10002114:	429c      	cmp	r4, r3
10002116:	d209      	bcs.n	1000212c <runtime_init+0x34>
10002118:	3b01      	subs	r3, #1
1000211a:	1b1d      	subs	r5, r3, r4
1000211c:	08ad      	lsrs	r5, r5, #2
1000211e:	3501      	adds	r5, #1
10002120:	00ad      	lsls	r5, r5, #2
10002122:	192d      	adds	r5, r5, r4
10002124:	cc08      	ldmia	r4!, {r3}
10002126:	4798      	blx	r3
10002128:	42ac      	cmp	r4, r5
1000212a:	d1fb      	bne.n	10002124 <runtime_init+0x2c>
1000212c:	f000 f87e 	bl	1000222c <clocks_init>
10002130:	4a26      	ldr	r2, [pc, #152]	; (100021cc <runtime_init+0xd4>)
10002132:	4b22      	ldr	r3, [pc, #136]	; (100021bc <runtime_init+0xc4>)
10002134:	601a      	str	r2, [r3, #0]
10002136:	4a22      	ldr	r2, [pc, #136]	; (100021c0 <runtime_init+0xc8>)
10002138:	6893      	ldr	r3, [r2, #8]
1000213a:	01db      	lsls	r3, r3, #7
1000213c:	3380      	adds	r3, #128	; 0x80
1000213e:	d1fb      	bne.n	10002138 <runtime_init+0x40>
10002140:	2240      	movs	r2, #64	; 0x40
10002142:	4b23      	ldr	r3, [pc, #140]	; (100021d0 <runtime_init+0xd8>)
10002144:	4d23      	ldr	r5, [pc, #140]	; (100021d4 <runtime_init+0xdc>)
10002146:	4824      	ldr	r0, [pc, #144]	; (100021d8 <runtime_init+0xe0>)
10002148:	679a      	str	r2, [r3, #120]	; 0x78
1000214a:	675a      	str	r2, [r3, #116]	; 0x74
1000214c:	671a      	str	r2, [r3, #112]	; 0x70
1000214e:	66da      	str	r2, [r3, #108]	; 0x6c
10002150:	42a8      	cmp	r0, r5
10002152:	d305      	bcc.n	10002160 <runtime_init+0x68>
10002154:	e00e      	b.n	10002174 <runtime_init+0x7c>
10002156:	f7ff ffb1 	bl	100020bc <recursive_mutex_init>
1000215a:	0020      	movs	r0, r4
1000215c:	42ac      	cmp	r4, r5
1000215e:	d209      	bcs.n	10002174 <runtime_init+0x7c>
10002160:	0004      	movs	r4, r0
10002162:	6803      	ldr	r3, [r0, #0]
10002164:	3408      	adds	r4, #8
10002166:	2b00      	cmp	r3, #0
10002168:	d1f5      	bne.n	10002156 <runtime_init+0x5e>
1000216a:	f7ff ff99 	bl	100020a0 <mutex_init>
1000216e:	0020      	movs	r0, r4
10002170:	42ac      	cmp	r4, r5
10002172:	d3f5      	bcc.n	10002160 <runtime_init+0x68>
10002174:	4c19      	ldr	r4, [pc, #100]	; (100021dc <runtime_init+0xe4>)
10002176:	4d1a      	ldr	r5, [pc, #104]	; (100021e0 <runtime_init+0xe8>)
10002178:	68a1      	ldr	r1, [r4, #8]
1000217a:	22c0      	movs	r2, #192	; 0xc0
1000217c:	0028      	movs	r0, r5
1000217e:	f000 fbd3 	bl	10002928 <__wrap___aeabi_memcpy>
10002182:	60a5      	str	r5, [r4, #8]
10002184:	f7fe fc0a 	bl	1000099c <spin_locks_reset>
10002188:	f7fe feac 	bl	10000ee4 <irq_init_priorities>
1000218c:	f7ff f88e 	bl	100012ac <alarm_pool_init_default>
10002190:	4c14      	ldr	r4, [pc, #80]	; (100021e4 <runtime_init+0xec>)
10002192:	4b15      	ldr	r3, [pc, #84]	; (100021e8 <runtime_init+0xf0>)
10002194:	429c      	cmp	r4, r3
10002196:	d209      	bcs.n	100021ac <runtime_init+0xb4>
10002198:	3b01      	subs	r3, #1
1000219a:	1b1d      	subs	r5, r3, r4
1000219c:	08ad      	lsrs	r5, r5, #2
1000219e:	3501      	adds	r5, #1
100021a0:	00ad      	lsls	r5, r5, #2
100021a2:	192d      	adds	r5, r5, r4
100021a4:	cc08      	ldmia	r4!, {r3}
100021a6:	4798      	blx	r3
100021a8:	42a5      	cmp	r5, r4
100021aa:	d1fb      	bne.n	100021a4 <runtime_init+0xac>
100021ac:	bd70      	pop	{r4, r5, r6, pc}
100021ae:	46c0      	nop			; (mov r8, r8)
100021b0:	4000e000 	.word	0x4000e000
100021b4:	fefbcdbf 	.word	0xfefbcdbf
100021b8:	003c7ffe 	.word	0x003c7ffe
100021bc:	4000f000 	.word	0x4000f000
100021c0:	4000c000 	.word	0x4000c000
100021c4:	20000458 	.word	0x20000458
100021c8:	20000468 	.word	0x20000468
100021cc:	01ffffff 	.word	0x01ffffff
100021d0:	4001f000 	.word	0x4001f000
100021d4:	20000458 	.word	0x20000458
100021d8:	20000450 	.word	0x20000450
100021dc:	e000ed00 	.word	0xe000ed00
100021e0:	20000000 	.word	0x20000000
100021e4:	20000468 	.word	0x20000468
100021e8:	20000470 	.word	0x20000470

100021ec <exit>:
100021ec:	be00      	bkpt	0x0000
100021ee:	e7fd      	b.n	100021ec <exit>

100021f0 <panic>:
100021f0:	b40f      	push	{r0, r1, r2, r3}
100021f2:	b500      	push	{lr}
100021f4:	4808      	ldr	r0, [pc, #32]	; (10002218 <panic+0x28>)
100021f6:	b083      	sub	sp, #12
100021f8:	f000 fcc8 	bl	10002b8c <__wrap_puts>
100021fc:	9b04      	ldr	r3, [sp, #16]
100021fe:	2b00      	cmp	r3, #0
10002200:	d007      	beq.n	10002212 <panic+0x22>
10002202:	a905      	add	r1, sp, #20
10002204:	0018      	movs	r0, r3
10002206:	9101      	str	r1, [sp, #4]
10002208:	f000 fa34 	bl	10002674 <weak_raw_vprintf>
1000220c:	4803      	ldr	r0, [pc, #12]	; (1000221c <panic+0x2c>)
1000220e:	f000 fcbd 	bl	10002b8c <__wrap_puts>
10002212:	be00      	bkpt	0x0000
10002214:	e7fd      	b.n	10002212 <panic+0x22>
10002216:	46c0      	nop			; (mov r8, r8)
10002218:	10005770 	.word	0x10005770
1000221c:	10005780 	.word	0x10005780

10002220 <hard_assertion_failure>:
10002220:	b510      	push	{r4, lr}
10002222:	4801      	ldr	r0, [pc, #4]	; (10002228 <hard_assertion_failure+0x8>)
10002224:	f7ff ffe4 	bl	100021f0 <panic>
10002228:	10005764 	.word	0x10005764

1000222c <clocks_init>:
1000222c:	b530      	push	{r4, r5, lr}
1000222e:	200c      	movs	r0, #12
10002230:	b083      	sub	sp, #12
10002232:	f000 f9af 	bl	10002594 <watchdog_start_tick>
10002236:	f7fe fba9 	bl	1000098c <running_on_fpga>
1000223a:	2800      	cmp	r0, #0
1000223c:	d00e      	beq.n	1000225c <clocks_init+0x30>
1000223e:	4b94      	ldr	r3, [pc, #592]	; (10002490 <clocks_init+0x264>)
10002240:	4a94      	ldr	r2, [pc, #592]	; (10002494 <clocks_init+0x268>)
10002242:	601a      	str	r2, [r3, #0]
10002244:	605a      	str	r2, [r3, #4]
10002246:	609a      	str	r2, [r3, #8]
10002248:	60da      	str	r2, [r3, #12]
1000224a:	611a      	str	r2, [r3, #16]
1000224c:	615a      	str	r2, [r3, #20]
1000224e:	619a      	str	r2, [r3, #24]
10002250:	61da      	str	r2, [r3, #28]
10002252:	621a      	str	r2, [r3, #32]
10002254:	4a90      	ldr	r2, [pc, #576]	; (10002498 <clocks_init+0x26c>)
10002256:	625a      	str	r2, [r3, #36]	; 0x24
10002258:	b003      	add	sp, #12
1000225a:	bd30      	pop	{r4, r5, pc}
1000225c:	4c8f      	ldr	r4, [pc, #572]	; (1000249c <clocks_init+0x270>)
1000225e:	67a0      	str	r0, [r4, #120]	; 0x78
10002260:	f000 f9ec 	bl	1000263c <xosc_init>
10002264:	2201      	movs	r2, #1
10002266:	4b8e      	ldr	r3, [pc, #568]	; (100024a0 <clocks_init+0x274>)
10002268:	601a      	str	r2, [r3, #0]
1000226a:	6c63      	ldr	r3, [r4, #68]	; 0x44
1000226c:	2b01      	cmp	r3, #1
1000226e:	d1fc      	bne.n	1000226a <clocks_init+0x3e>
10002270:	2203      	movs	r2, #3
10002272:	4b8c      	ldr	r3, [pc, #560]	; (100024a4 <clocks_init+0x278>)
10002274:	601a      	str	r2, [r3, #0]
10002276:	4a89      	ldr	r2, [pc, #548]	; (1000249c <clocks_init+0x270>)
10002278:	6b93      	ldr	r3, [r2, #56]	; 0x38
1000227a:	2b01      	cmp	r3, #1
1000227c:	d1fc      	bne.n	10002278 <clocks_init+0x4c>
1000227e:	3301      	adds	r3, #1
10002280:	9300      	str	r3, [sp, #0]
10002282:	4a89      	ldr	r2, [pc, #548]	; (100024a8 <clocks_init+0x27c>)
10002284:	3304      	adds	r3, #4
10002286:	2101      	movs	r1, #1
10002288:	4888      	ldr	r0, [pc, #544]	; (100024ac <clocks_init+0x280>)
1000228a:	f000 f92f 	bl	100024ec <pll_init>
1000228e:	2305      	movs	r3, #5
10002290:	4a87      	ldr	r2, [pc, #540]	; (100024b0 <clocks_init+0x284>)
10002292:	9300      	str	r3, [sp, #0]
10002294:	2101      	movs	r1, #1
10002296:	4887      	ldr	r0, [pc, #540]	; (100024b4 <clocks_init+0x288>)
10002298:	f000 f928 	bl	100024ec <pll_init>
1000229c:	4b86      	ldr	r3, [pc, #536]	; (100024b8 <clocks_init+0x28c>)
1000229e:	685a      	ldr	r2, [r3, #4]
100022a0:	2aff      	cmp	r2, #255	; 0xff
100022a2:	d802      	bhi.n	100022aa <clocks_init+0x7e>
100022a4:	2280      	movs	r2, #128	; 0x80
100022a6:	0052      	lsls	r2, r2, #1
100022a8:	605a      	str	r2, [r3, #4]
100022aa:	2280      	movs	r2, #128	; 0x80
100022ac:	4c78      	ldr	r4, [pc, #480]	; (10002490 <clocks_init+0x264>)
100022ae:	4b7d      	ldr	r3, [pc, #500]	; (100024a4 <clocks_init+0x278>)
100022b0:	6921      	ldr	r1, [r4, #16]
100022b2:	0112      	lsls	r2, r2, #4
100022b4:	4d80      	ldr	r5, [pc, #512]	; (100024b8 <clocks_init+0x28c>)
100022b6:	601a      	str	r2, [r3, #0]
100022b8:	2900      	cmp	r1, #0
100022ba:	d005      	beq.n	100022c8 <clocks_init+0x9c>
100022bc:	6960      	ldr	r0, [r4, #20]
100022be:	f000 fa27 	bl	10002710 <__wrap___aeabi_uidiv>
100022c2:	3001      	adds	r0, #1
100022c4:	3801      	subs	r0, #1
100022c6:	d1fd      	bne.n	100022c4 <clocks_init+0x98>
100022c8:	21e0      	movs	r1, #224	; 0xe0
100022ca:	4b7b      	ldr	r3, [pc, #492]	; (100024b8 <clocks_init+0x28c>)
100022cc:	2002      	movs	r0, #2
100022ce:	681a      	ldr	r2, [r3, #0]
100022d0:	4011      	ands	r1, r2
100022d2:	2280      	movs	r2, #128	; 0x80
100022d4:	0152      	lsls	r2, r2, #5
100022d6:	432a      	orrs	r2, r5
100022d8:	6011      	str	r1, [r2, #0]
100022da:	6819      	ldr	r1, [r3, #0]
100022dc:	4048      	eors	r0, r1
100022de:	2103      	movs	r1, #3
100022e0:	4001      	ands	r1, r0
100022e2:	6011      	str	r1, [r2, #0]
100022e4:	2104      	movs	r1, #4
100022e6:	689a      	ldr	r2, [r3, #8]
100022e8:	4211      	tst	r1, r2
100022ea:	d0fc      	beq.n	100022e6 <clocks_init+0xba>
100022ec:	2280      	movs	r2, #128	; 0x80
100022ee:	2180      	movs	r1, #128	; 0x80
100022f0:	0192      	lsls	r2, r2, #6
100022f2:	432a      	orrs	r2, r5
100022f4:	0109      	lsls	r1, r1, #4
100022f6:	6011      	str	r1, [r2, #0]
100022f8:	2280      	movs	r2, #128	; 0x80
100022fa:	0052      	lsls	r2, r2, #1
100022fc:	605a      	str	r2, [r3, #4]
100022fe:	4b6f      	ldr	r3, [pc, #444]	; (100024bc <clocks_init+0x290>)
10002300:	6123      	str	r3, [r4, #16]
10002302:	4b6f      	ldr	r3, [pc, #444]	; (100024c0 <clocks_init+0x294>)
10002304:	6859      	ldr	r1, [r3, #4]
10002306:	29ff      	cmp	r1, #255	; 0xff
10002308:	d800      	bhi.n	1000230c <clocks_init+0xe0>
1000230a:	605a      	str	r2, [r3, #4]
1000230c:	2203      	movs	r2, #3
1000230e:	486c      	ldr	r0, [pc, #432]	; (100024c0 <clocks_init+0x294>)
10002310:	4b63      	ldr	r3, [pc, #396]	; (100024a0 <clocks_init+0x274>)
10002312:	2101      	movs	r1, #1
10002314:	601a      	str	r2, [r3, #0]
10002316:	0002      	movs	r2, r0
10002318:	6893      	ldr	r3, [r2, #8]
1000231a:	4219      	tst	r1, r3
1000231c:	d0fc      	beq.n	10002318 <clocks_init+0xec>
1000231e:	25e0      	movs	r5, #224	; 0xe0
10002320:	6813      	ldr	r3, [r2, #0]
10002322:	401d      	ands	r5, r3
10002324:	2380      	movs	r3, #128	; 0x80
10002326:	015b      	lsls	r3, r3, #5
10002328:	4303      	orrs	r3, r0
1000232a:	601d      	str	r5, [r3, #0]
1000232c:	6812      	ldr	r2, [r2, #0]
1000232e:	404a      	eors	r2, r1
10002330:	2103      	movs	r1, #3
10002332:	4011      	ands	r1, r2
10002334:	6019      	str	r1, [r3, #0]
10002336:	2102      	movs	r1, #2
10002338:	4a61      	ldr	r2, [pc, #388]	; (100024c0 <clocks_init+0x294>)
1000233a:	6893      	ldr	r3, [r2, #8]
1000233c:	4219      	tst	r1, r3
1000233e:	d0fc      	beq.n	1000233a <clocks_init+0x10e>
10002340:	2380      	movs	r3, #128	; 0x80
10002342:	2180      	movs	r1, #128	; 0x80
10002344:	019b      	lsls	r3, r3, #6
10002346:	4303      	orrs	r3, r0
10002348:	0109      	lsls	r1, r1, #4
1000234a:	6019      	str	r1, [r3, #0]
1000234c:	2180      	movs	r1, #128	; 0x80
1000234e:	4b5d      	ldr	r3, [pc, #372]	; (100024c4 <clocks_init+0x298>)
10002350:	0049      	lsls	r1, r1, #1
10002352:	6051      	str	r1, [r2, #4]
10002354:	6163      	str	r3, [r4, #20]
10002356:	4b5c      	ldr	r3, [pc, #368]	; (100024c8 <clocks_init+0x29c>)
10002358:	685a      	ldr	r2, [r3, #4]
1000235a:	2aff      	cmp	r2, #255	; 0xff
1000235c:	d800      	bhi.n	10002360 <clocks_init+0x134>
1000235e:	6059      	str	r1, [r3, #4]
10002360:	2280      	movs	r2, #128	; 0x80
10002362:	4b5a      	ldr	r3, [pc, #360]	; (100024cc <clocks_init+0x2a0>)
10002364:	69e1      	ldr	r1, [r4, #28]
10002366:	0112      	lsls	r2, r2, #4
10002368:	4d57      	ldr	r5, [pc, #348]	; (100024c8 <clocks_init+0x29c>)
1000236a:	601a      	str	r2, [r3, #0]
1000236c:	2900      	cmp	r1, #0
1000236e:	d005      	beq.n	1000237c <clocks_init+0x150>
10002370:	6960      	ldr	r0, [r4, #20]
10002372:	f000 f9cd 	bl	10002710 <__wrap___aeabi_uidiv>
10002376:	3001      	adds	r0, #1
10002378:	3801      	subs	r0, #1
1000237a:	d1fd      	bne.n	10002378 <clocks_init+0x14c>
1000237c:	22e0      	movs	r2, #224	; 0xe0
1000237e:	4952      	ldr	r1, [pc, #328]	; (100024c8 <clocks_init+0x29c>)
10002380:	680b      	ldr	r3, [r1, #0]
10002382:	401a      	ands	r2, r3
10002384:	2380      	movs	r3, #128	; 0x80
10002386:	015b      	lsls	r3, r3, #5
10002388:	432b      	orrs	r3, r5
1000238a:	601a      	str	r2, [r3, #0]
1000238c:	2380      	movs	r3, #128	; 0x80
1000238e:	2280      	movs	r2, #128	; 0x80
10002390:	019b      	lsls	r3, r3, #6
10002392:	432b      	orrs	r3, r5
10002394:	0112      	lsls	r2, r2, #4
10002396:	601a      	str	r2, [r3, #0]
10002398:	2280      	movs	r2, #128	; 0x80
1000239a:	4b3e      	ldr	r3, [pc, #248]	; (10002494 <clocks_init+0x268>)
1000239c:	0052      	lsls	r2, r2, #1
1000239e:	604a      	str	r2, [r1, #4]
100023a0:	61e3      	str	r3, [r4, #28]
100023a2:	4b4b      	ldr	r3, [pc, #300]	; (100024d0 <clocks_init+0x2a4>)
100023a4:	6859      	ldr	r1, [r3, #4]
100023a6:	29ff      	cmp	r1, #255	; 0xff
100023a8:	d800      	bhi.n	100023ac <clocks_init+0x180>
100023aa:	605a      	str	r2, [r3, #4]
100023ac:	2280      	movs	r2, #128	; 0x80
100023ae:	4b49      	ldr	r3, [pc, #292]	; (100024d4 <clocks_init+0x2a8>)
100023b0:	6a21      	ldr	r1, [r4, #32]
100023b2:	0112      	lsls	r2, r2, #4
100023b4:	4d46      	ldr	r5, [pc, #280]	; (100024d0 <clocks_init+0x2a4>)
100023b6:	601a      	str	r2, [r3, #0]
100023b8:	2900      	cmp	r1, #0
100023ba:	d005      	beq.n	100023c8 <clocks_init+0x19c>
100023bc:	6960      	ldr	r0, [r4, #20]
100023be:	f000 f9a7 	bl	10002710 <__wrap___aeabi_uidiv>
100023c2:	3001      	adds	r0, #1
100023c4:	3801      	subs	r0, #1
100023c6:	d1fd      	bne.n	100023c4 <clocks_init+0x198>
100023c8:	22e0      	movs	r2, #224	; 0xe0
100023ca:	4941      	ldr	r1, [pc, #260]	; (100024d0 <clocks_init+0x2a4>)
100023cc:	680b      	ldr	r3, [r1, #0]
100023ce:	401a      	ands	r2, r3
100023d0:	2380      	movs	r3, #128	; 0x80
100023d2:	015b      	lsls	r3, r3, #5
100023d4:	432b      	orrs	r3, r5
100023d6:	601a      	str	r2, [r3, #0]
100023d8:	2380      	movs	r3, #128	; 0x80
100023da:	2280      	movs	r2, #128	; 0x80
100023dc:	019b      	lsls	r3, r3, #6
100023de:	432b      	orrs	r3, r5
100023e0:	0112      	lsls	r2, r2, #4
100023e2:	601a      	str	r2, [r3, #0]
100023e4:	2380      	movs	r3, #128	; 0x80
100023e6:	005b      	lsls	r3, r3, #1
100023e8:	604b      	str	r3, [r1, #4]
100023ea:	4b2a      	ldr	r3, [pc, #168]	; (10002494 <clocks_init+0x268>)
100023ec:	4a3a      	ldr	r2, [pc, #232]	; (100024d8 <clocks_init+0x2ac>)
100023ee:	6223      	str	r3, [r4, #32]
100023f0:	4b3a      	ldr	r3, [pc, #232]	; (100024dc <clocks_init+0x2b0>)
100023f2:	6859      	ldr	r1, [r3, #4]
100023f4:	4291      	cmp	r1, r2
100023f6:	d801      	bhi.n	100023fc <clocks_init+0x1d0>
100023f8:	3201      	adds	r2, #1
100023fa:	605a      	str	r2, [r3, #4]
100023fc:	2280      	movs	r2, #128	; 0x80
100023fe:	4b38      	ldr	r3, [pc, #224]	; (100024e0 <clocks_init+0x2b4>)
10002400:	6a61      	ldr	r1, [r4, #36]	; 0x24
10002402:	0112      	lsls	r2, r2, #4
10002404:	4d35      	ldr	r5, [pc, #212]	; (100024dc <clocks_init+0x2b0>)
10002406:	601a      	str	r2, [r3, #0]
10002408:	2900      	cmp	r1, #0
1000240a:	d005      	beq.n	10002418 <clocks_init+0x1ec>
1000240c:	6960      	ldr	r0, [r4, #20]
1000240e:	f000 f97f 	bl	10002710 <__wrap___aeabi_uidiv>
10002412:	3001      	adds	r0, #1
10002414:	3801      	subs	r0, #1
10002416:	d1fd      	bne.n	10002414 <clocks_init+0x1e8>
10002418:	22e0      	movs	r2, #224	; 0xe0
1000241a:	4930      	ldr	r1, [pc, #192]	; (100024dc <clocks_init+0x2b0>)
1000241c:	680b      	ldr	r3, [r1, #0]
1000241e:	401a      	ands	r2, r3
10002420:	2380      	movs	r3, #128	; 0x80
10002422:	015b      	lsls	r3, r3, #5
10002424:	432b      	orrs	r3, r5
10002426:	601a      	str	r2, [r3, #0]
10002428:	2380      	movs	r3, #128	; 0x80
1000242a:	2280      	movs	r2, #128	; 0x80
1000242c:	019b      	lsls	r3, r3, #6
1000242e:	432b      	orrs	r3, r5
10002430:	0112      	lsls	r2, r2, #4
10002432:	601a      	str	r2, [r3, #0]
10002434:	2380      	movs	r3, #128	; 0x80
10002436:	02db      	lsls	r3, r3, #11
10002438:	604b      	str	r3, [r1, #4]
1000243a:	4b17      	ldr	r3, [pc, #92]	; (10002498 <clocks_init+0x26c>)
1000243c:	6263      	str	r3, [r4, #36]	; 0x24
1000243e:	4b29      	ldr	r3, [pc, #164]	; (100024e4 <clocks_init+0x2b8>)
10002440:	685a      	ldr	r2, [r3, #4]
10002442:	2aff      	cmp	r2, #255	; 0xff
10002444:	d802      	bhi.n	1000244c <clocks_init+0x220>
10002446:	2280      	movs	r2, #128	; 0x80
10002448:	0052      	lsls	r2, r2, #1
1000244a:	605a      	str	r2, [r3, #4]
1000244c:	2280      	movs	r2, #128	; 0x80
1000244e:	4b26      	ldr	r3, [pc, #152]	; (100024e8 <clocks_init+0x2bc>)
10002450:	69a1      	ldr	r1, [r4, #24]
10002452:	0112      	lsls	r2, r2, #4
10002454:	4d23      	ldr	r5, [pc, #140]	; (100024e4 <clocks_init+0x2b8>)
10002456:	601a      	str	r2, [r3, #0]
10002458:	2900      	cmp	r1, #0
1000245a:	d005      	beq.n	10002468 <clocks_init+0x23c>
1000245c:	6960      	ldr	r0, [r4, #20]
1000245e:	f000 f957 	bl	10002710 <__wrap___aeabi_uidiv>
10002462:	3001      	adds	r0, #1
10002464:	3801      	subs	r0, #1
10002466:	d1fd      	bne.n	10002464 <clocks_init+0x238>
10002468:	22e0      	movs	r2, #224	; 0xe0
1000246a:	491e      	ldr	r1, [pc, #120]	; (100024e4 <clocks_init+0x2b8>)
1000246c:	680b      	ldr	r3, [r1, #0]
1000246e:	401a      	ands	r2, r3
10002470:	2380      	movs	r3, #128	; 0x80
10002472:	015b      	lsls	r3, r3, #5
10002474:	432b      	orrs	r3, r5
10002476:	601a      	str	r2, [r3, #0]
10002478:	2380      	movs	r3, #128	; 0x80
1000247a:	2280      	movs	r2, #128	; 0x80
1000247c:	019b      	lsls	r3, r3, #6
1000247e:	432b      	orrs	r3, r5
10002480:	0112      	lsls	r2, r2, #4
10002482:	601a      	str	r2, [r3, #0]
10002484:	2380      	movs	r3, #128	; 0x80
10002486:	005b      	lsls	r3, r3, #1
10002488:	604b      	str	r3, [r1, #4]
1000248a:	4b0e      	ldr	r3, [pc, #56]	; (100024c4 <clocks_init+0x298>)
1000248c:	61a3      	str	r3, [r4, #24]
1000248e:	e6e3      	b.n	10002258 <clocks_init+0x2c>
10002490:	20000a44 	.word	0x20000a44
10002494:	02dc6c00 	.word	0x02dc6c00
10002498:	0000b71b 	.word	0x0000b71b
1000249c:	40008000 	.word	0x40008000
100024a0:	4000b03c 	.word	0x4000b03c
100024a4:	4000b030 	.word	0x4000b030
100024a8:	59682f00 	.word	0x59682f00
100024ac:	40028000 	.word	0x40028000
100024b0:	47868c00 	.word	0x47868c00
100024b4:	4002c000 	.word	0x4002c000
100024b8:	40008030 	.word	0x40008030
100024bc:	00b71b00 	.word	0x00b71b00
100024c0:	4000803c 	.word	0x4000803c
100024c4:	07735940 	.word	0x07735940
100024c8:	40008054 	.word	0x40008054
100024cc:	4000b054 	.word	0x4000b054
100024d0:	40008060 	.word	0x40008060
100024d4:	4000b060 	.word	0x4000b060
100024d8:	0003ffff 	.word	0x0003ffff
100024dc:	4000806c 	.word	0x4000806c
100024e0:	4000b06c 	.word	0x4000b06c
100024e4:	40008048 	.word	0x40008048
100024e8:	4000b048 	.word	0x4000b048

100024ec <pll_init>:
100024ec:	b5f8      	push	{r3, r4, r5, r6, r7, lr}
100024ee:	0004      	movs	r4, r0
100024f0:	200c      	movs	r0, #12
100024f2:	001e      	movs	r6, r3
100024f4:	0017      	movs	r7, r2
100024f6:	000d      	movs	r5, r1
100024f8:	f000 f90a 	bl	10002710 <__wrap___aeabi_uidiv>
100024fc:	0142      	lsls	r2, r0, #5
100024fe:	1a12      	subs	r2, r2, r0
10002500:	0191      	lsls	r1, r2, #6
10002502:	1a89      	subs	r1, r1, r2
10002504:	00c9      	lsls	r1, r1, #3
10002506:	1809      	adds	r1, r1, r0
10002508:	0189      	lsls	r1, r1, #6
1000250a:	0038      	movs	r0, r7
1000250c:	f000 f900 	bl	10002710 <__wrap___aeabi_uidiv>
10002510:	9b06      	ldr	r3, [sp, #24]
10002512:	6822      	ldr	r2, [r4, #0]
10002514:	0436      	lsls	r6, r6, #16
10002516:	031b      	lsls	r3, r3, #12
10002518:	4333      	orrs	r3, r6
1000251a:	2a00      	cmp	r2, #0
1000251c:	db21      	blt.n	10002562 <pll_init+0x76>
1000251e:	4a19      	ldr	r2, [pc, #100]	; (10002584 <pll_init+0x98>)
10002520:	4e19      	ldr	r6, [pc, #100]	; (10002588 <pll_init+0x9c>)
10002522:	18a2      	adds	r2, r4, r2
10002524:	4251      	negs	r1, r2
10002526:	414a      	adcs	r2, r1
10002528:	2180      	movs	r1, #128	; 0x80
1000252a:	0149      	lsls	r1, r1, #5
1000252c:	468c      	mov	ip, r1
1000252e:	4252      	negs	r2, r2
10002530:	400a      	ands	r2, r1
10002532:	4916      	ldr	r1, [pc, #88]	; (1000258c <pll_init+0xa0>)
10002534:	4462      	add	r2, ip
10002536:	600a      	str	r2, [r1, #0]
10002538:	4915      	ldr	r1, [pc, #84]	; (10002590 <pll_init+0xa4>)
1000253a:	600a      	str	r2, [r1, #0]
1000253c:	0017      	movs	r7, r2
1000253e:	68b1      	ldr	r1, [r6, #8]
10002540:	438f      	bics	r7, r1
10002542:	d1fb      	bne.n	1000253c <pll_init+0x50>
10002544:	21c0      	movs	r1, #192	; 0xc0
10002546:	1d22      	adds	r2, r4, #4
10002548:	0189      	lsls	r1, r1, #6
1000254a:	4311      	orrs	r1, r2
1000254c:	2221      	movs	r2, #33	; 0x21
1000254e:	6025      	str	r5, [r4, #0]
10002550:	60a0      	str	r0, [r4, #8]
10002552:	600a      	str	r2, [r1, #0]
10002554:	6822      	ldr	r2, [r4, #0]
10002556:	2a00      	cmp	r2, #0
10002558:	dafc      	bge.n	10002554 <pll_init+0x68>
1000255a:	60e3      	str	r3, [r4, #12]
1000255c:	2308      	movs	r3, #8
1000255e:	600b      	str	r3, [r1, #0]
10002560:	bdf8      	pop	{r3, r4, r5, r6, r7, pc}
10002562:	223f      	movs	r2, #63	; 0x3f
10002564:	6821      	ldr	r1, [r4, #0]
10002566:	400a      	ands	r2, r1
10002568:	42aa      	cmp	r2, r5
1000256a:	d1d8      	bne.n	1000251e <pll_init+0x32>
1000256c:	68a2      	ldr	r2, [r4, #8]
1000256e:	0512      	lsls	r2, r2, #20
10002570:	0d12      	lsrs	r2, r2, #20
10002572:	4282      	cmp	r2, r0
10002574:	d1d3      	bne.n	1000251e <pll_init+0x32>
10002576:	21ee      	movs	r1, #238	; 0xee
10002578:	68e2      	ldr	r2, [r4, #12]
1000257a:	02c9      	lsls	r1, r1, #11
1000257c:	400a      	ands	r2, r1
1000257e:	429a      	cmp	r2, r3
10002580:	d1cd      	bne.n	1000251e <pll_init+0x32>
10002582:	e7ed      	b.n	10002560 <pll_init+0x74>
10002584:	bffd4000 	.word	0xbffd4000
10002588:	4000c000 	.word	0x4000c000
1000258c:	4000e000 	.word	0x4000e000
10002590:	4000f000 	.word	0x4000f000

10002594 <watchdog_start_tick>:
10002594:	2380      	movs	r3, #128	; 0x80
10002596:	4a02      	ldr	r2, [pc, #8]	; (100025a0 <watchdog_start_tick+0xc>)
10002598:	009b      	lsls	r3, r3, #2
1000259a:	4303      	orrs	r3, r0
1000259c:	62d3      	str	r3, [r2, #44]	; 0x2c
1000259e:	4770      	bx	lr
100025a0:	40058000 	.word	0x40058000

100025a4 <watchdog_reboot>:
100025a4:	b510      	push	{r4, lr}
100025a6:	2480      	movs	r4, #128	; 0x80
100025a8:	4b1b      	ldr	r3, [pc, #108]	; (10002618 <watchdog_reboot+0x74>)
100025aa:	05e4      	lsls	r4, r4, #23
100025ac:	601c      	str	r4, [r3, #0]
100025ae:	2800      	cmp	r0, #0
100025b0:	d02b      	beq.n	1000260a <watchdog_reboot+0x66>
100025b2:	2301      	movs	r3, #1
100025b4:	4c19      	ldr	r4, [pc, #100]	; (1000261c <watchdog_reboot+0x78>)
100025b6:	4318      	orrs	r0, r3
100025b8:	4b19      	ldr	r3, [pc, #100]	; (10002620 <watchdog_reboot+0x7c>)
100025ba:	61dc      	str	r4, [r3, #28]
100025bc:	4c19      	ldr	r4, [pc, #100]	; (10002624 <watchdog_reboot+0x80>)
100025be:	4044      	eors	r4, r0
100025c0:	621c      	str	r4, [r3, #32]
100025c2:	6259      	str	r1, [r3, #36]	; 0x24
100025c4:	6298      	str	r0, [r3, #40]	; 0x28
100025c6:	2180      	movs	r1, #128	; 0x80
100025c8:	4b13      	ldr	r3, [pc, #76]	; (10002618 <watchdog_reboot+0x74>)
100025ca:	05c9      	lsls	r1, r1, #23
100025cc:	6019      	str	r1, [r3, #0]
100025ce:	4816      	ldr	r0, [pc, #88]	; (10002628 <watchdog_reboot+0x84>)
100025d0:	4916      	ldr	r1, [pc, #88]	; (1000262c <watchdog_reboot+0x88>)
100025d2:	6008      	str	r0, [r1, #0]
100025d4:	21e0      	movs	r1, #224	; 0xe0
100025d6:	04c9      	lsls	r1, r1, #19
100025d8:	6019      	str	r1, [r3, #0]
100025da:	2a00      	cmp	r2, #0
100025dc:	d104      	bne.n	100025e8 <watchdog_reboot+0x44>
100025de:	2280      	movs	r2, #128	; 0x80
100025e0:	4b13      	ldr	r3, [pc, #76]	; (10002630 <watchdog_reboot+0x8c>)
100025e2:	0612      	lsls	r2, r2, #24
100025e4:	601a      	str	r2, [r3, #0]
100025e6:	bd10      	pop	{r4, pc}
100025e8:	0153      	lsls	r3, r2, #5
100025ea:	1a9b      	subs	r3, r3, r2
100025ec:	009b      	lsls	r3, r3, #2
100025ee:	189a      	adds	r2, r3, r2
100025f0:	4b10      	ldr	r3, [pc, #64]	; (10002634 <watchdog_reboot+0x90>)
100025f2:	0112      	lsls	r2, r2, #4
100025f4:	429a      	cmp	r2, r3
100025f6:	d80b      	bhi.n	10002610 <watchdog_reboot+0x6c>
100025f8:	4b0f      	ldr	r3, [pc, #60]	; (10002638 <watchdog_reboot+0x94>)
100025fa:	601a      	str	r2, [r3, #0]
100025fc:	4b08      	ldr	r3, [pc, #32]	; (10002620 <watchdog_reboot+0x7c>)
100025fe:	605a      	str	r2, [r3, #4]
10002600:	2280      	movs	r2, #128	; 0x80
10002602:	4b0b      	ldr	r3, [pc, #44]	; (10002630 <watchdog_reboot+0x8c>)
10002604:	05d2      	lsls	r2, r2, #23
10002606:	601a      	str	r2, [r3, #0]
10002608:	e7ed      	b.n	100025e6 <watchdog_reboot+0x42>
1000260a:	4b05      	ldr	r3, [pc, #20]	; (10002620 <watchdog_reboot+0x7c>)
1000260c:	61d8      	str	r0, [r3, #28]
1000260e:	e7da      	b.n	100025c6 <watchdog_reboot+0x22>
10002610:	4a09      	ldr	r2, [pc, #36]	; (10002638 <watchdog_reboot+0x94>)
10002612:	6013      	str	r3, [r2, #0]
10002614:	001a      	movs	r2, r3
10002616:	e7f1      	b.n	100025fc <watchdog_reboot+0x58>
10002618:	4005b000 	.word	0x4005b000
1000261c:	b007c0d3 	.word	0xb007c0d3
10002620:	40058000 	.word	0x40058000
10002624:	4ff83f2d 	.word	0x4ff83f2d
10002628:	0001fffc 	.word	0x0001fffc
1000262c:	40012008 	.word	0x40012008
10002630:	4005a000 	.word	0x4005a000
10002634:	00ffffff 	.word	0x00ffffff
10002638:	20000ee0 	.word	0x20000ee0

1000263c <xosc_init>:
1000263c:	23aa      	movs	r3, #170	; 0xaa
1000263e:	4a06      	ldr	r2, [pc, #24]	; (10002658 <xosc_init+0x1c>)
10002640:	011b      	lsls	r3, r3, #4
10002642:	6013      	str	r3, [r2, #0]
10002644:	232f      	movs	r3, #47	; 0x2f
10002646:	4905      	ldr	r1, [pc, #20]	; (1000265c <xosc_init+0x20>)
10002648:	60d3      	str	r3, [r2, #12]
1000264a:	4b05      	ldr	r3, [pc, #20]	; (10002660 <xosc_init+0x24>)
1000264c:	6019      	str	r1, [r3, #0]
1000264e:	6853      	ldr	r3, [r2, #4]
10002650:	2b00      	cmp	r3, #0
10002652:	dafc      	bge.n	1000264e <xosc_init+0x12>
10002654:	4770      	bx	lr
10002656:	46c0      	nop			; (mov r8, r8)
10002658:	40024000 	.word	0x40024000
1000265c:	00fab000 	.word	0x00fab000
10002660:	40026000 	.word	0x40026000

10002664 <_out_char>:
10002664:	b510      	push	{r4, lr}
10002666:	2800      	cmp	r0, #0
10002668:	d100      	bne.n	1000266c <_out_char+0x8>
1000266a:	bd10      	pop	{r4, pc}
1000266c:	f000 fa3c 	bl	10002ae8 <__wrap_putchar>
10002670:	e7fb      	b.n	1000266a <_out_char+0x6>
10002672:	46c0      	nop			; (mov r8, r8)

10002674 <weak_raw_vprintf>:
10002674:	b510      	push	{r4, lr}
10002676:	4a09      	ldr	r2, [pc, #36]	; (1000269c <weak_raw_vprintf+0x28>)
10002678:	b084      	sub	sp, #16
1000267a:	6814      	ldr	r4, [r2, #0]
1000267c:	2c00      	cmp	r4, #0
1000267e:	d009      	beq.n	10002694 <weak_raw_vprintf+0x20>
10002680:	2201      	movs	r2, #1
10002682:	9100      	str	r1, [sp, #0]
10002684:	0003      	movs	r3, r0
10002686:	4252      	negs	r2, r2
10002688:	a903      	add	r1, sp, #12
1000268a:	4805      	ldr	r0, [pc, #20]	; (100026a0 <weak_raw_vprintf+0x2c>)
1000268c:	47a0      	blx	r4
1000268e:	2001      	movs	r0, #1
10002690:	b004      	add	sp, #16
10002692:	bd10      	pop	{r4, pc}
10002694:	f000 fa7a 	bl	10002b8c <__wrap_puts>
10002698:	2000      	movs	r0, #0
1000269a:	e7f9      	b.n	10002690 <weak_raw_vprintf+0x1c>
1000269c:	20000edc 	.word	0x20000edc
100026a0:	10002665 	.word	0x10002665

100026a4 <__aeabi_bits_init>:
100026a4:	4801      	ldr	r0, [pc, #4]	; (100026ac <__aeabi_bits_init+0x8>)
100026a6:	2104      	movs	r1, #4
100026a8:	4b01      	ldr	r3, [pc, #4]	; (100026b0 <__aeabi_bits_init+0xc>)
100026aa:	4718      	bx	r3
100026ac:	200003f0 	.word	0x200003f0
100026b0:	100026d5 	.word	0x100026d5

100026b4 <rom_func_lookup>:
100026b4:	2314      	movs	r3, #20
100026b6:	b510      	push	{r4, lr}
100026b8:	0001      	movs	r1, r0
100026ba:	8818      	ldrh	r0, [r3, #0]
100026bc:	3304      	adds	r3, #4
100026be:	881b      	ldrh	r3, [r3, #0]
100026c0:	4798      	blx	r3
100026c2:	bd10      	pop	{r4, pc}

100026c4 <rom_data_lookup>:
100026c4:	2316      	movs	r3, #22
100026c6:	b510      	push	{r4, lr}
100026c8:	0001      	movs	r1, r0
100026ca:	8818      	ldrh	r0, [r3, #0]
100026cc:	3302      	adds	r3, #2
100026ce:	881b      	ldrh	r3, [r3, #0]
100026d0:	4798      	blx	r3
100026d2:	bd10      	pop	{r4, pc}

100026d4 <rom_funcs_lookup>:
100026d4:	b5f0      	push	{r4, r5, r6, r7, lr}
100026d6:	46c6      	mov	lr, r8
100026d8:	b500      	push	{lr}
100026da:	2900      	cmp	r1, #0
100026dc:	d016      	beq.n	1000270c <rom_funcs_lookup+0x38>
100026de:	2314      	movs	r3, #20
100026e0:	0004      	movs	r4, r0
100026e2:	2501      	movs	r5, #1
100026e4:	4698      	mov	r8, r3
100026e6:	2718      	movs	r7, #24
100026e8:	0089      	lsls	r1, r1, #2
100026ea:	1846      	adds	r6, r0, r1
100026ec:	4643      	mov	r3, r8
100026ee:	6821      	ldr	r1, [r4, #0]
100026f0:	8818      	ldrh	r0, [r3, #0]
100026f2:	883b      	ldrh	r3, [r7, #0]
100026f4:	4798      	blx	r3
100026f6:	c401      	stmia	r4!, {r0}
100026f8:	1e43      	subs	r3, r0, #1
100026fa:	4198      	sbcs	r0, r3
100026fc:	4240      	negs	r0, r0
100026fe:	4005      	ands	r5, r0
10002700:	42a6      	cmp	r6, r4
10002702:	d1f3      	bne.n	100026ec <rom_funcs_lookup+0x18>
10002704:	0028      	movs	r0, r5
10002706:	bc04      	pop	{r2}
10002708:	4690      	mov	r8, r2
1000270a:	bdf0      	pop	{r4, r5, r6, r7, pc}
1000270c:	2501      	movs	r5, #1
1000270e:	e7f9      	b.n	10002704 <rom_funcs_lookup+0x30>

10002710 <__wrap___aeabi_uidiv>:
10002710:	4a11      	ldr	r2, [pc, #68]	; (10002758 <divmod_u32u32_savestate+0x18>)
10002712:	6f93      	ldr	r3, [r2, #120]	; 0x78
10002714:	089b      	lsrs	r3, r3, #2
10002716:	d213      	bcs.n	10002740 <divmod_u32u32_savestate>

10002718 <divmod_u32u32_unsafe>:
10002718:	6610      	str	r0, [r2, #96]	; 0x60
1000271a:	6651      	str	r1, [r2, #100]	; 0x64
1000271c:	2900      	cmp	r1, #0
1000271e:	d005      	beq.n	1000272c <divmod_u32u32_unsafe+0x14>
10002720:	e7ff      	b.n	10002722 <divmod_u32u32_unsafe+0xa>
10002722:	e7ff      	b.n	10002724 <divmod_u32u32_unsafe+0xc>
10002724:	e7ff      	b.n	10002726 <divmod_u32u32_unsafe+0xe>
10002726:	6f51      	ldr	r1, [r2, #116]	; 0x74
10002728:	6f10      	ldr	r0, [r2, #112]	; 0x70
1000272a:	4770      	bx	lr
1000272c:	b504      	push	{r2, lr}
1000272e:	2800      	cmp	r0, #0
10002730:	d001      	beq.n	10002736 <divmod_u32u32_unsafe+0x1e>
10002732:	2000      	movs	r0, #0
10002734:	43c0      	mvns	r0, r0
10002736:	f002 ffc7 	bl	100056c8 <____aeabi_idiv0_veneer>
1000273a:	2100      	movs	r1, #0
1000273c:	bd04      	pop	{r2, pc}
1000273e:	46c0      	nop			; (mov r8, r8)

10002740 <divmod_u32u32_savestate>:
10002740:	b5f0      	push	{r4, r5, r6, r7, lr}
10002742:	6e14      	ldr	r4, [r2, #96]	; 0x60
10002744:	6e55      	ldr	r5, [r2, #100]	; 0x64
10002746:	6f57      	ldr	r7, [r2, #116]	; 0x74
10002748:	6f16      	ldr	r6, [r2, #112]	; 0x70
1000274a:	f7ff ffe5 	bl	10002718 <divmod_u32u32_unsafe>
1000274e:	6614      	str	r4, [r2, #96]	; 0x60
10002750:	6655      	str	r5, [r2, #100]	; 0x64
10002752:	6757      	str	r7, [r2, #116]	; 0x74
10002754:	6716      	str	r6, [r2, #112]	; 0x70
10002756:	bdf0      	pop	{r4, r5, r6, r7, pc}
10002758:	d0000000 	.word	0xd0000000

1000275c <__aeabi_double_init>:
1000275c:	2313      	movs	r3, #19
1000275e:	b570      	push	{r4, r5, r6, lr}
10002760:	781d      	ldrb	r5, [r3, #0]
10002762:	2d01      	cmp	r5, #1
10002764:	d015      	beq.n	10002792 <__aeabi_double_init+0x36>
10002766:	dd10      	ble.n	1000278a <__aeabi_double_init+0x2e>
10002768:	4826      	ldr	r0, [pc, #152]	; (10002804 <__aeabi_double_init+0xa8>)
1000276a:	f7ff ffab 	bl	100026c4 <rom_data_lookup>
1000276e:	4c26      	ldr	r4, [pc, #152]	; (10002808 <__aeabi_double_init+0xac>)
10002770:	0001      	movs	r1, r0
10002772:	2280      	movs	r2, #128	; 0x80
10002774:	0020      	movs	r0, r4
10002776:	f000 f8d7 	bl	10002928 <__wrap___aeabi_memcpy>
1000277a:	2d02      	cmp	r5, #2
1000277c:	d006      	beq.n	1000278c <__aeabi_double_init+0x30>
1000277e:	4823      	ldr	r0, [pc, #140]	; (1000280c <__aeabi_double_init+0xb0>)
10002780:	f7ff ff98 	bl	100026b4 <rom_func_lookup>
10002784:	4b22      	ldr	r3, [pc, #136]	; (10002810 <__aeabi_double_init+0xb4>)
10002786:	6018      	str	r0, [r3, #0]
10002788:	bd70      	pop	{r4, r5, r6, pc}
1000278a:	4c1f      	ldr	r4, [pc, #124]	; (10002808 <__aeabi_double_init+0xac>)
1000278c:	4a21      	ldr	r2, [pc, #132]	; (10002814 <__aeabi_double_init+0xb8>)
1000278e:	64a2      	str	r2, [r4, #72]	; 0x48
10002790:	e7f5      	b.n	1000277e <__aeabi_double_init+0x22>
10002792:	4c1d      	ldr	r4, [pc, #116]	; (10002808 <__aeabi_double_init+0xac>)
10002794:	4a1f      	ldr	r2, [pc, #124]	; (10002814 <__aeabi_double_init+0xb8>)
10002796:	08a3      	lsrs	r3, r4, #2
10002798:	425b      	negs	r3, r3
1000279a:	401d      	ands	r5, r3
1000279c:	d02f      	beq.n	100027fe <__aeabi_double_init+0xa2>
1000279e:	002b      	movs	r3, r5
100027a0:	6022      	str	r2, [r4, #0]
100027a2:	2020      	movs	r0, #32
100027a4:	00a9      	lsls	r1, r5, #2
100027a6:	1861      	adds	r1, r4, r1
100027a8:	1b45      	subs	r5, r0, r5
100027aa:	600a      	str	r2, [r1, #0]
100027ac:	604a      	str	r2, [r1, #4]
100027ae:	608a      	str	r2, [r1, #8]
100027b0:	60ca      	str	r2, [r1, #12]
100027b2:	610a      	str	r2, [r1, #16]
100027b4:	614a      	str	r2, [r1, #20]
100027b6:	618a      	str	r2, [r1, #24]
100027b8:	61ca      	str	r2, [r1, #28]
100027ba:	620a      	str	r2, [r1, #32]
100027bc:	624a      	str	r2, [r1, #36]	; 0x24
100027be:	628a      	str	r2, [r1, #40]	; 0x28
100027c0:	62ca      	str	r2, [r1, #44]	; 0x2c
100027c2:	630a      	str	r2, [r1, #48]	; 0x30
100027c4:	634a      	str	r2, [r1, #52]	; 0x34
100027c6:	638a      	str	r2, [r1, #56]	; 0x38
100027c8:	63ca      	str	r2, [r1, #60]	; 0x3c
100027ca:	640a      	str	r2, [r1, #64]	; 0x40
100027cc:	644a      	str	r2, [r1, #68]	; 0x44
100027ce:	648a      	str	r2, [r1, #72]	; 0x48
100027d0:	64ca      	str	r2, [r1, #76]	; 0x4c
100027d2:	650a      	str	r2, [r1, #80]	; 0x50
100027d4:	654a      	str	r2, [r1, #84]	; 0x54
100027d6:	658a      	str	r2, [r1, #88]	; 0x58
100027d8:	65ca      	str	r2, [r1, #92]	; 0x5c
100027da:	660a      	str	r2, [r1, #96]	; 0x60
100027dc:	664a      	str	r2, [r1, #100]	; 0x64
100027de:	668a      	str	r2, [r1, #104]	; 0x68
100027e0:	66ca      	str	r2, [r1, #108]	; 0x6c
100027e2:	670a      	str	r2, [r1, #112]	; 0x70
100027e4:	674a      	str	r2, [r1, #116]	; 0x74
100027e6:	086d      	lsrs	r5, r5, #1
100027e8:	2d10      	cmp	r5, #16
100027ea:	d103      	bne.n	100027f4 <__aeabi_double_init+0x98>
100027ec:	678a      	str	r2, [r1, #120]	; 0x78
100027ee:	67ca      	str	r2, [r1, #124]	; 0x7c
100027f0:	64a2      	str	r2, [r4, #72]	; 0x48
100027f2:	e7c4      	b.n	1000277e <__aeabi_double_init+0x22>
100027f4:	331e      	adds	r3, #30
100027f6:	009b      	lsls	r3, r3, #2
100027f8:	50e2      	str	r2, [r4, r3]
100027fa:	64a2      	str	r2, [r4, #72]	; 0x48
100027fc:	e7bf      	b.n	1000277e <__aeabi_double_init+0x22>
100027fe:	2300      	movs	r3, #0
10002800:	e7cf      	b.n	100027a2 <__aeabi_double_init+0x46>
10002802:	46c0      	nop			; (mov r8, r8)
10002804:	00004453 	.word	0x00004453
10002808:	20000f48 	.word	0x20000f48
1000280c:	0000334c 	.word	0x0000334c
10002810:	20000f08 	.word	0x20000f08
10002814:	10002819 	.word	0x10002819

10002818 <double_table_shim_on_use_helper>:
10002818:	b507      	push	{r0, r1, r2, lr}
1000281a:	4660      	mov	r0, ip
1000281c:	8801      	ldrh	r1, [r0, #0]
1000281e:	0a0a      	lsrs	r2, r1, #8
10002820:	3002      	adds	r0, #2
10002822:	2adf      	cmp	r2, #223	; 0xdf
10002824:	d1fa      	bne.n	1000281c <double_table_shim_on_use_helper+0x4>
10002826:	b2c9      	uxtb	r1, r1
10002828:	0882      	lsrs	r2, r0, #2
1000282a:	d304      	bcc.n	10002836 <double_table_shim_on_use_helper+0x1e>
1000282c:	8802      	ldrh	r2, [r0, #0]
1000282e:	8840      	ldrh	r0, [r0, #2]
10002830:	0400      	lsls	r0, r0, #16
10002832:	4310      	orrs	r0, r2
10002834:	e000      	b.n	10002838 <double_table_shim_on_use_helper+0x20>
10002836:	6800      	ldr	r0, [r0, #0]
10002838:	4a01      	ldr	r2, [pc, #4]	; (10002840 <double_table_shim_on_use_helper+0x28>)
1000283a:	5050      	str	r0, [r2, r1]
1000283c:	9003      	str	r0, [sp, #12]
1000283e:	bd07      	pop	{r0, r1, r2, pc}
10002840:	20000f48 	.word	0x20000f48

10002844 <__wrap___aeabi_lmul>:
10002844:	4351      	muls	r1, r2
10002846:	4343      	muls	r3, r0
10002848:	18c9      	adds	r1, r1, r3
1000284a:	468c      	mov	ip, r1
1000284c:	0c11      	lsrs	r1, r2, #16
1000284e:	b283      	uxth	r3, r0
10002850:	434b      	muls	r3, r1
10002852:	b410      	push	{r4}
10002854:	0c04      	lsrs	r4, r0, #16
10002856:	4361      	muls	r1, r4
10002858:	b292      	uxth	r2, r2
1000285a:	b280      	uxth	r0, r0
1000285c:	4350      	muls	r0, r2
1000285e:	4362      	muls	r2, r4
10002860:	041c      	lsls	r4, r3, #16
10002862:	0c1b      	lsrs	r3, r3, #16
10002864:	1900      	adds	r0, r0, r4
10002866:	bc10      	pop	{r4}
10002868:	4159      	adcs	r1, r3
1000286a:	0413      	lsls	r3, r2, #16
1000286c:	0c12      	lsrs	r2, r2, #16
1000286e:	18c0      	adds	r0, r0, r3
10002870:	4151      	adcs	r1, r2
10002872:	4461      	add	r1, ip
10002874:	4770      	bx	lr
	...

10002878 <__aeabi_float_init>:
10002878:	2313      	movs	r3, #19
1000287a:	b510      	push	{r4, lr}
1000287c:	781c      	ldrb	r4, [r3, #0]
1000287e:	4813      	ldr	r0, [pc, #76]	; (100028cc <__aeabi_float_init+0x54>)
10002880:	f7ff ff20 	bl	100026c4 <rom_data_lookup>
10002884:	2c01      	cmp	r4, #1
10002886:	d00b      	beq.n	100028a0 <__aeabi_float_init+0x28>
10002888:	dd04      	ble.n	10002894 <__aeabi_float_init+0x1c>
1000288a:	0001      	movs	r1, r0
1000288c:	2280      	movs	r2, #128	; 0x80
1000288e:	4810      	ldr	r0, [pc, #64]	; (100028d0 <__aeabi_float_init+0x58>)
10002890:	f000 f84a 	bl	10002928 <__wrap___aeabi_memcpy>
10002894:	480f      	ldr	r0, [pc, #60]	; (100028d4 <__aeabi_float_init+0x5c>)
10002896:	f7ff ff0d 	bl	100026b4 <rom_func_lookup>
1000289a:	4b0f      	ldr	r3, [pc, #60]	; (100028d8 <__aeabi_float_init+0x60>)
1000289c:	6018      	str	r0, [r3, #0]
1000289e:	bd10      	pop	{r4, pc}
100028a0:	4c0b      	ldr	r4, [pc, #44]	; (100028d0 <__aeabi_float_init+0x58>)
100028a2:	0001      	movs	r1, r0
100028a4:	2254      	movs	r2, #84	; 0x54
100028a6:	0020      	movs	r0, r4
100028a8:	f000 f83e 	bl	10002928 <__wrap___aeabi_memcpy>
100028ac:	4b0b      	ldr	r3, [pc, #44]	; (100028dc <__aeabi_float_init+0x64>)
100028ae:	6563      	str	r3, [r4, #84]	; 0x54
100028b0:	65a3      	str	r3, [r4, #88]	; 0x58
100028b2:	65e3      	str	r3, [r4, #92]	; 0x5c
100028b4:	6623      	str	r3, [r4, #96]	; 0x60
100028b6:	6663      	str	r3, [r4, #100]	; 0x64
100028b8:	66a3      	str	r3, [r4, #104]	; 0x68
100028ba:	66e3      	str	r3, [r4, #108]	; 0x6c
100028bc:	6723      	str	r3, [r4, #112]	; 0x70
100028be:	6763      	str	r3, [r4, #116]	; 0x74
100028c0:	67a3      	str	r3, [r4, #120]	; 0x78
100028c2:	67e3      	str	r3, [r4, #124]	; 0x7c
100028c4:	6223      	str	r3, [r4, #32]
100028c6:	61e3      	str	r3, [r4, #28]
100028c8:	e7e4      	b.n	10002894 <__aeabi_float_init+0x1c>
100028ca:	46c0      	nop			; (mov r8, r8)
100028cc:	00004653 	.word	0x00004653
100028d0:	20001048 	.word	0x20001048
100028d4:	0000334c 	.word	0x0000334c
100028d8:	20000f08 	.word	0x20000f08
100028dc:	100028e1 	.word	0x100028e1

100028e0 <float_table_shim_on_use_helper>:
100028e0:	b507      	push	{r0, r1, r2, lr}
100028e2:	4660      	mov	r0, ip
100028e4:	8801      	ldrh	r1, [r0, #0]
100028e6:	0a0a      	lsrs	r2, r1, #8
100028e8:	3002      	adds	r0, #2
100028ea:	2adf      	cmp	r2, #223	; 0xdf
100028ec:	d1fa      	bne.n	100028e4 <float_table_shim_on_use_helper+0x4>
100028ee:	b2c9      	uxtb	r1, r1
100028f0:	0882      	lsrs	r2, r0, #2
100028f2:	d304      	bcc.n	100028fe <float_table_shim_on_use_helper+0x1e>
100028f4:	8802      	ldrh	r2, [r0, #0]
100028f6:	8840      	ldrh	r0, [r0, #2]
100028f8:	0400      	lsls	r0, r0, #16
100028fa:	4310      	orrs	r0, r2
100028fc:	e000      	b.n	10002900 <float_table_shim_on_use_helper+0x20>
100028fe:	6800      	ldr	r0, [r0, #0]
10002900:	4a01      	ldr	r2, [pc, #4]	; (10002908 <float_table_shim_on_use_helper+0x28>)
10002902:	5050      	str	r0, [r2, r1]
10002904:	9003      	str	r0, [sp, #12]
10002906:	bd07      	pop	{r0, r1, r2, pc}
10002908:	20001048 	.word	0x20001048

1000290c <__aeabi_mem_init>:
1000290c:	4801      	ldr	r0, [pc, #4]	; (10002914 <__aeabi_mem_init+0x8>)
1000290e:	2104      	movs	r1, #4
10002910:	4b01      	ldr	r3, [pc, #4]	; (10002918 <__aeabi_mem_init+0xc>)
10002912:	4718      	bx	r3
10002914:	20000400 	.word	0x20000400
10002918:	100026d5 	.word	0x100026d5

1000291c <__wrap_memset>:
1000291c:	4b01      	ldr	r3, [pc, #4]	; (10002924 <__wrap_memset+0x8>)
1000291e:	681b      	ldr	r3, [r3, #0]
10002920:	4718      	bx	r3
10002922:	0000      	.short	0x0000
10002924:	20000400 	.word	0x20000400

10002928 <__wrap___aeabi_memcpy>:
10002928:	4b01      	ldr	r3, [pc, #4]	; (10002930 <__wrap___aeabi_memcpy+0x8>)
1000292a:	685b      	ldr	r3, [r3, #4]
1000292c:	4718      	bx	r3
1000292e:	0000      	.short	0x0000
10002930:	20000400 	.word	0x20000400

10002934 <stdio_out_chars_no_crlf>:
10002934:	0003      	movs	r3, r0
10002936:	b510      	push	{r4, lr}
10002938:	0008      	movs	r0, r1
1000293a:	681b      	ldr	r3, [r3, #0]
1000293c:	0011      	movs	r1, r2
1000293e:	4798      	blx	r3
10002940:	bd10      	pop	{r4, pc}
10002942:	46c0      	nop			; (mov r8, r8)

10002944 <stdio_out_chars_crlf>:
10002944:	b5f8      	push	{r3, r4, r5, r6, r7, lr}
10002946:	4647      	mov	r7, r8
10002948:	46ce      	mov	lr, r9
1000294a:	b580      	push	{r7, lr}
1000294c:	7c43      	ldrb	r3, [r0, #17]
1000294e:	4680      	mov	r8, r0
10002950:	000c      	movs	r4, r1
10002952:	0015      	movs	r5, r2
10002954:	2b00      	cmp	r3, #0
10002956:	d043      	beq.n	100029e0 <stdio_out_chars_crlf+0x9c>
10002958:	2a00      	cmp	r2, #0
1000295a:	dd34      	ble.n	100029c6 <stdio_out_chars_crlf+0x82>
1000295c:	780a      	ldrb	r2, [r1, #0]
1000295e:	7c03      	ldrb	r3, [r0, #16]
10002960:	2000      	movs	r0, #0
10002962:	2a0a      	cmp	r2, #10
10002964:	d033      	beq.n	100029ce <stdio_out_chars_crlf+0x8a>
10002966:	2d01      	cmp	r5, #1
10002968:	d01e      	beq.n	100029a8 <stdio_out_chars_crlf+0x64>
1000296a:	4b20      	ldr	r3, [pc, #128]	; (100029ec <stdio_out_chars_crlf+0xa8>)
1000296c:	2101      	movs	r1, #1
1000296e:	1e67      	subs	r7, r4, #1
10002970:	4699      	mov	r9, r3
10002972:	e002      	b.n	1000297a <stdio_out_chars_crlf+0x36>
10002974:	0031      	movs	r1, r6
10002976:	42b5      	cmp	r5, r6
10002978:	d016      	beq.n	100029a8 <stdio_out_chars_crlf+0x64>
1000297a:	5c63      	ldrb	r3, [r4, r1]
1000297c:	5c7a      	ldrb	r2, [r7, r1]
1000297e:	1c4e      	adds	r6, r1, #1
10002980:	2b0a      	cmp	r3, #10
10002982:	d1f7      	bne.n	10002974 <stdio_out_chars_crlf+0x30>
10002984:	2a0d      	cmp	r2, #13
10002986:	d0f5      	beq.n	10002974 <stdio_out_chars_crlf+0x30>
10002988:	4643      	mov	r3, r8
1000298a:	681b      	ldr	r3, [r3, #0]
1000298c:	4288      	cmp	r0, r1
1000298e:	da04      	bge.n	1000299a <stdio_out_chars_crlf+0x56>
10002990:	1a09      	subs	r1, r1, r0
10002992:	1820      	adds	r0, r4, r0
10002994:	4798      	blx	r3
10002996:	4643      	mov	r3, r8
10002998:	681b      	ldr	r3, [r3, #0]
1000299a:	2102      	movs	r1, #2
1000299c:	4648      	mov	r0, r9
1000299e:	4798      	blx	r3
100029a0:	0030      	movs	r0, r6
100029a2:	0031      	movs	r1, r6
100029a4:	42b5      	cmp	r5, r6
100029a6:	d1e8      	bne.n	1000297a <stdio_out_chars_crlf+0x36>
100029a8:	4285      	cmp	r5, r0
100029aa:	dd04      	ble.n	100029b6 <stdio_out_chars_crlf+0x72>
100029ac:	4643      	mov	r3, r8
100029ae:	1a29      	subs	r1, r5, r0
100029b0:	681b      	ldr	r3, [r3, #0]
100029b2:	1820      	adds	r0, r4, r0
100029b4:	4798      	blx	r3
100029b6:	1964      	adds	r4, r4, r5
100029b8:	3c01      	subs	r4, #1
100029ba:	7823      	ldrb	r3, [r4, #0]
100029bc:	3b0d      	subs	r3, #13
100029be:	425a      	negs	r2, r3
100029c0:	4153      	adcs	r3, r2
100029c2:	4642      	mov	r2, r8
100029c4:	7413      	strb	r3, [r2, #16]
100029c6:	bc0c      	pop	{r2, r3}
100029c8:	4690      	mov	r8, r2
100029ca:	4699      	mov	r9, r3
100029cc:	bdf8      	pop	{r3, r4, r5, r6, r7, pc}
100029ce:	2b00      	cmp	r3, #0
100029d0:	d1c9      	bne.n	10002966 <stdio_out_chars_crlf+0x22>
100029d2:	4643      	mov	r3, r8
100029d4:	4805      	ldr	r0, [pc, #20]	; (100029ec <stdio_out_chars_crlf+0xa8>)
100029d6:	2102      	movs	r1, #2
100029d8:	681b      	ldr	r3, [r3, #0]
100029da:	4798      	blx	r3
100029dc:	2001      	movs	r0, #1
100029de:	e7c2      	b.n	10002966 <stdio_out_chars_crlf+0x22>
100029e0:	6803      	ldr	r3, [r0, #0]
100029e2:	0011      	movs	r1, r2
100029e4:	0020      	movs	r0, r4
100029e6:	4798      	blx	r3
100029e8:	e7ed      	b.n	100029c6 <stdio_out_chars_crlf+0x82>
100029ea:	46c0      	nop			; (mov r8, r8)
100029ec:	100057f8 	.word	0x100057f8

100029f0 <stdio_put_string>:
100029f0:	b5f0      	push	{r4, r5, r6, r7, lr}
100029f2:	46de      	mov	lr, fp
100029f4:	4657      	mov	r7, sl
100029f6:	464e      	mov	r6, r9
100029f8:	4645      	mov	r5, r8
100029fa:	b5e0      	push	{r5, r6, r7, lr}
100029fc:	001e      	movs	r6, r3
100029fe:	23d0      	movs	r3, #208	; 0xd0
10002a00:	061b      	lsls	r3, r3, #24
10002a02:	b083      	sub	sp, #12
10002a04:	681c      	ldr	r4, [r3, #0]
10002a06:	4b33      	ldr	r3, [pc, #204]	; (10002ad4 <stdio_put_string+0xe4>)
10002a08:	af01      	add	r7, sp, #4
10002a0a:	4680      	mov	r8, r0
10002a0c:	000d      	movs	r5, r1
10002a0e:	0018      	movs	r0, r3
10002a10:	0039      	movs	r1, r7
10002a12:	4691      	mov	r9, r2
10002a14:	469b      	mov	fp, r3
10002a16:	f002 fe5f 	bl	100056d8 <__mutex_try_enter_veneer>
10002a1a:	4682      	mov	sl, r0
10002a1c:	2800      	cmp	r0, #0
10002a1e:	d108      	bne.n	10002a32 <stdio_put_string+0x42>
10002a20:	9b01      	ldr	r3, [sp, #4]
10002a22:	b264      	sxtb	r4, r4
10002a24:	429c      	cmp	r4, r3
10002a26:	d004      	beq.n	10002a32 <stdio_put_string+0x42>
10002a28:	4658      	mov	r0, fp
10002a2a:	f002 fe65 	bl	100056f8 <__mutex_enter_blocking_veneer>
10002a2e:	2301      	movs	r3, #1
10002a30:	469a      	mov	sl, r3
10002a32:	1c6b      	adds	r3, r5, #1
10002a34:	d103      	bne.n	10002a3e <stdio_put_string+0x4e>
10002a36:	4640      	mov	r0, r8
10002a38:	f002 fe00 	bl	1000563c <strlen>
10002a3c:	0005      	movs	r5, r0
10002a3e:	2e00      	cmp	r6, #0
10002a40:	d128      	bne.n	10002a94 <stdio_put_string+0xa4>
10002a42:	4e25      	ldr	r6, [pc, #148]	; (10002ad8 <stdio_put_string+0xe8>)
10002a44:	4b25      	ldr	r3, [pc, #148]	; (10002adc <stdio_put_string+0xec>)
10002a46:	681c      	ldr	r4, [r3, #0]
10002a48:	2c00      	cmp	r4, #0
10002a4a:	d016      	beq.n	10002a7a <stdio_put_string+0x8a>
10002a4c:	464b      	mov	r3, r9
10002a4e:	2b00      	cmp	r3, #0
10002a50:	d122      	bne.n	10002a98 <stdio_put_string+0xa8>
10002a52:	4f23      	ldr	r7, [pc, #140]	; (10002ae0 <stdio_put_string+0xf0>)
10002a54:	e002      	b.n	10002a5c <stdio_put_string+0x6c>
10002a56:	68e4      	ldr	r4, [r4, #12]
10002a58:	2c00      	cmp	r4, #0
10002a5a:	d00e      	beq.n	10002a7a <stdio_put_string+0x8a>
10002a5c:	6823      	ldr	r3, [r4, #0]
10002a5e:	2b00      	cmp	r3, #0
10002a60:	d0f9      	beq.n	10002a56 <stdio_put_string+0x66>
10002a62:	683b      	ldr	r3, [r7, #0]
10002a64:	2b00      	cmp	r3, #0
10002a66:	d001      	beq.n	10002a6c <stdio_put_string+0x7c>
10002a68:	42a3      	cmp	r3, r4
10002a6a:	d1f4      	bne.n	10002a56 <stdio_put_string+0x66>
10002a6c:	0020      	movs	r0, r4
10002a6e:	002a      	movs	r2, r5
10002a70:	4641      	mov	r1, r8
10002a72:	47b0      	blx	r6
10002a74:	68e4      	ldr	r4, [r4, #12]
10002a76:	2c00      	cmp	r4, #0
10002a78:	d1f0      	bne.n	10002a5c <stdio_put_string+0x6c>
10002a7a:	4653      	mov	r3, sl
10002a7c:	2b00      	cmp	r3, #0
10002a7e:	d125      	bne.n	10002acc <stdio_put_string+0xdc>
10002a80:	1e68      	subs	r0, r5, #1
10002a82:	4185      	sbcs	r5, r0
10002a84:	b2e8      	uxtb	r0, r5
10002a86:	b003      	add	sp, #12
10002a88:	bc3c      	pop	{r2, r3, r4, r5}
10002a8a:	4690      	mov	r8, r2
10002a8c:	4699      	mov	r9, r3
10002a8e:	46a2      	mov	sl, r4
10002a90:	46ab      	mov	fp, r5
10002a92:	bdf0      	pop	{r4, r5, r6, r7, pc}
10002a94:	4e13      	ldr	r6, [pc, #76]	; (10002ae4 <stdio_put_string+0xf4>)
10002a96:	e7d5      	b.n	10002a44 <stdio_put_string+0x54>
10002a98:	4b11      	ldr	r3, [pc, #68]	; (10002ae0 <stdio_put_string+0xf0>)
10002a9a:	4699      	mov	r9, r3
10002a9c:	e002      	b.n	10002aa4 <stdio_put_string+0xb4>
10002a9e:	68e4      	ldr	r4, [r4, #12]
10002aa0:	2c00      	cmp	r4, #0
10002aa2:	d0ea      	beq.n	10002a7a <stdio_put_string+0x8a>
10002aa4:	6823      	ldr	r3, [r4, #0]
10002aa6:	2b00      	cmp	r3, #0
10002aa8:	d0f9      	beq.n	10002a9e <stdio_put_string+0xae>
10002aaa:	464b      	mov	r3, r9
10002aac:	681b      	ldr	r3, [r3, #0]
10002aae:	2b00      	cmp	r3, #0
10002ab0:	d001      	beq.n	10002ab6 <stdio_put_string+0xc6>
10002ab2:	42a3      	cmp	r3, r4
10002ab4:	d1f3      	bne.n	10002a9e <stdio_put_string+0xae>
10002ab6:	002a      	movs	r2, r5
10002ab8:	4641      	mov	r1, r8
10002aba:	0020      	movs	r0, r4
10002abc:	47b0      	blx	r6
10002abe:	230a      	movs	r3, #10
10002ac0:	2201      	movs	r2, #1
10002ac2:	0039      	movs	r1, r7
10002ac4:	0020      	movs	r0, r4
10002ac6:	703b      	strb	r3, [r7, #0]
10002ac8:	47b0      	blx	r6
10002aca:	e7e8      	b.n	10002a9e <stdio_put_string+0xae>
10002acc:	4658      	mov	r0, fp
10002ace:	f002 fdf3 	bl	100056b8 <__mutex_exit_veneer>
10002ad2:	e7d5      	b.n	10002a80 <stdio_put_string+0x90>
10002ad4:	20000450 	.word	0x20000450
10002ad8:	10002945 	.word	0x10002945
10002adc:	20000ad4 	.word	0x20000ad4
10002ae0:	20000ad8 	.word	0x20000ad8
10002ae4:	10002935 	.word	0x10002935

10002ae8 <__wrap_putchar>:
10002ae8:	b5f0      	push	{r4, r5, r6, r7, lr}
10002aea:	4647      	mov	r7, r8
10002aec:	46ce      	mov	lr, r9
10002aee:	b580      	push	{r7, lr}
10002af0:	b083      	sub	sp, #12
10002af2:	466b      	mov	r3, sp
10002af4:	1cdf      	adds	r7, r3, #3
10002af6:	23d0      	movs	r3, #208	; 0xd0
10002af8:	7038      	strb	r0, [r7, #0]
10002afa:	061b      	lsls	r3, r3, #24
10002afc:	681c      	ldr	r4, [r3, #0]
10002afe:	4b20      	ldr	r3, [pc, #128]	; (10002b80 <__wrap_putchar+0x98>)
10002b00:	0006      	movs	r6, r0
10002b02:	a901      	add	r1, sp, #4
10002b04:	0018      	movs	r0, r3
10002b06:	4698      	mov	r8, r3
10002b08:	f002 fde6 	bl	100056d8 <__mutex_try_enter_veneer>
10002b0c:	1e05      	subs	r5, r0, #0
10002b0e:	d022      	beq.n	10002b56 <__wrap_putchar+0x6e>
10002b10:	4b1c      	ldr	r3, [pc, #112]	; (10002b84 <__wrap_putchar+0x9c>)
10002b12:	681c      	ldr	r4, [r3, #0]
10002b14:	2c00      	cmp	r4, #0
10002b16:	d02a      	beq.n	10002b6e <__wrap_putchar+0x86>
10002b18:	4b1b      	ldr	r3, [pc, #108]	; (10002b88 <__wrap_putchar+0xa0>)
10002b1a:	4699      	mov	r9, r3
10002b1c:	e002      	b.n	10002b24 <__wrap_putchar+0x3c>
10002b1e:	68e4      	ldr	r4, [r4, #12]
10002b20:	2c00      	cmp	r4, #0
10002b22:	d010      	beq.n	10002b46 <__wrap_putchar+0x5e>
10002b24:	6823      	ldr	r3, [r4, #0]
10002b26:	2b00      	cmp	r3, #0
10002b28:	d0f9      	beq.n	10002b1e <__wrap_putchar+0x36>
10002b2a:	464b      	mov	r3, r9
10002b2c:	681b      	ldr	r3, [r3, #0]
10002b2e:	2b00      	cmp	r3, #0
10002b30:	d001      	beq.n	10002b36 <__wrap_putchar+0x4e>
10002b32:	42a3      	cmp	r3, r4
10002b34:	d1f3      	bne.n	10002b1e <__wrap_putchar+0x36>
10002b36:	0020      	movs	r0, r4
10002b38:	2201      	movs	r2, #1
10002b3a:	0039      	movs	r1, r7
10002b3c:	f7ff ff02 	bl	10002944 <stdio_out_chars_crlf>
10002b40:	68e4      	ldr	r4, [r4, #12]
10002b42:	2c00      	cmp	r4, #0
10002b44:	d1ee      	bne.n	10002b24 <__wrap_putchar+0x3c>
10002b46:	2d00      	cmp	r5, #0
10002b48:	d111      	bne.n	10002b6e <__wrap_putchar+0x86>
10002b4a:	0030      	movs	r0, r6
10002b4c:	b003      	add	sp, #12
10002b4e:	bc0c      	pop	{r2, r3}
10002b50:	4690      	mov	r8, r2
10002b52:	4699      	mov	r9, r3
10002b54:	bdf0      	pop	{r4, r5, r6, r7, pc}
10002b56:	9b01      	ldr	r3, [sp, #4]
10002b58:	b264      	sxtb	r4, r4
10002b5a:	429c      	cmp	r4, r3
10002b5c:	d00b      	beq.n	10002b76 <__wrap_putchar+0x8e>
10002b5e:	4640      	mov	r0, r8
10002b60:	f002 fdca 	bl	100056f8 <__mutex_enter_blocking_veneer>
10002b64:	4b07      	ldr	r3, [pc, #28]	; (10002b84 <__wrap_putchar+0x9c>)
10002b66:	2501      	movs	r5, #1
10002b68:	681c      	ldr	r4, [r3, #0]
10002b6a:	2c00      	cmp	r4, #0
10002b6c:	d1d4      	bne.n	10002b18 <__wrap_putchar+0x30>
10002b6e:	4640      	mov	r0, r8
10002b70:	f002 fda2 	bl	100056b8 <__mutex_exit_veneer>
10002b74:	e7e9      	b.n	10002b4a <__wrap_putchar+0x62>
10002b76:	4b03      	ldr	r3, [pc, #12]	; (10002b84 <__wrap_putchar+0x9c>)
10002b78:	681c      	ldr	r4, [r3, #0]
10002b7a:	2c00      	cmp	r4, #0
10002b7c:	d1cc      	bne.n	10002b18 <__wrap_putchar+0x30>
10002b7e:	e7e4      	b.n	10002b4a <__wrap_putchar+0x62>
10002b80:	20000450 	.word	0x20000450
10002b84:	20000ad4 	.word	0x20000ad4
10002b88:	20000ad8 	.word	0x20000ad8

10002b8c <__wrap_puts>:
10002b8c:	b570      	push	{r4, r5, r6, lr}
10002b8e:	0004      	movs	r4, r0
10002b90:	f002 fd54 	bl	1000563c <strlen>
10002b94:	2300      	movs	r3, #0
10002b96:	0001      	movs	r1, r0
10002b98:	0005      	movs	r5, r0
10002b9a:	2201      	movs	r2, #1
10002b9c:	0020      	movs	r0, r4
10002b9e:	f7ff ff27 	bl	100029f0 <stdio_put_string>
10002ba2:	4b08      	ldr	r3, [pc, #32]	; (10002bc4 <__wrap_puts+0x38>)
10002ba4:	681c      	ldr	r4, [r3, #0]
10002ba6:	2c00      	cmp	r4, #0
10002ba8:	d006      	beq.n	10002bb8 <__wrap_puts+0x2c>
10002baa:	6863      	ldr	r3, [r4, #4]
10002bac:	2b00      	cmp	r3, #0
10002bae:	d005      	beq.n	10002bbc <__wrap_puts+0x30>
10002bb0:	4798      	blx	r3
10002bb2:	68e4      	ldr	r4, [r4, #12]
10002bb4:	2c00      	cmp	r4, #0
10002bb6:	d1f8      	bne.n	10002baa <__wrap_puts+0x1e>
10002bb8:	0028      	movs	r0, r5
10002bba:	bd70      	pop	{r4, r5, r6, pc}
10002bbc:	68e4      	ldr	r4, [r4, #12]
10002bbe:	2c00      	cmp	r4, #0
10002bc0:	d1f3      	bne.n	10002baa <__wrap_puts+0x1e>
10002bc2:	e7f9      	b.n	10002bb8 <__wrap_puts+0x2c>
10002bc4:	20000ad4 	.word	0x20000ad4

10002bc8 <stdio_set_driver_enabled>:
10002bc8:	4a0a      	ldr	r2, [pc, #40]	; (10002bf4 <stdio_set_driver_enabled+0x2c>)
10002bca:	6813      	ldr	r3, [r2, #0]
10002bcc:	2b00      	cmp	r3, #0
10002bce:	d105      	bne.n	10002bdc <stdio_set_driver_enabled+0x14>
10002bd0:	e00c      	b.n	10002bec <stdio_set_driver_enabled+0x24>
10002bd2:	001a      	movs	r2, r3
10002bd4:	68db      	ldr	r3, [r3, #12]
10002bd6:	320c      	adds	r2, #12
10002bd8:	2b00      	cmp	r3, #0
10002bda:	d007      	beq.n	10002bec <stdio_set_driver_enabled+0x24>
10002bdc:	4298      	cmp	r0, r3
10002bde:	d1f8      	bne.n	10002bd2 <stdio_set_driver_enabled+0xa>
10002be0:	2900      	cmp	r1, #0
10002be2:	d102      	bne.n	10002bea <stdio_set_driver_enabled+0x22>
10002be4:	68c3      	ldr	r3, [r0, #12]
10002be6:	6013      	str	r3, [r2, #0]
10002be8:	60c1      	str	r1, [r0, #12]
10002bea:	4770      	bx	lr
10002bec:	2900      	cmp	r1, #0
10002bee:	d0fc      	beq.n	10002bea <stdio_set_driver_enabled+0x22>
10002bf0:	6010      	str	r0, [r2, #0]
10002bf2:	e7fa      	b.n	10002bea <stdio_set_driver_enabled+0x22>
10002bf4:	20000ad4 	.word	0x20000ad4

10002bf8 <stdio_init_all>:
10002bf8:	b510      	push	{r4, lr}
10002bfa:	f000 f943 	bl	10002e84 <stdio_usb_init>
10002bfe:	bd10      	pop	{r4, pc}

10002c00 <resetd_init>:
10002c00:	4770      	bx	lr
10002c02:	46c0      	nop			; (mov r8, r8)

10002c04 <resetd_reset>:
10002c04:	2200      	movs	r2, #0
10002c06:	4b01      	ldr	r3, [pc, #4]	; (10002c0c <resetd_reset+0x8>)
10002c08:	701a      	strb	r2, [r3, #0]
10002c0a:	4770      	bx	lr
10002c0c:	20000f44 	.word	0x20000f44

10002c10 <resetd_open>:
10002c10:	794b      	ldrb	r3, [r1, #5]
10002c12:	2000      	movs	r0, #0
10002c14:	2bff      	cmp	r3, #255	; 0xff
10002c16:	d10b      	bne.n	10002c30 <resetd_open+0x20>
10002c18:	798b      	ldrb	r3, [r1, #6]
10002c1a:	2b00      	cmp	r3, #0
10002c1c:	d108      	bne.n	10002c30 <resetd_open+0x20>
10002c1e:	79cb      	ldrb	r3, [r1, #7]
10002c20:	2b01      	cmp	r3, #1
10002c22:	d105      	bne.n	10002c30 <resetd_open+0x20>
10002c24:	2a08      	cmp	r2, #8
10002c26:	d903      	bls.n	10002c30 <resetd_open+0x20>
10002c28:	788a      	ldrb	r2, [r1, #2]
10002c2a:	4b02      	ldr	r3, [pc, #8]	; (10002c34 <resetd_open+0x24>)
10002c2c:	3009      	adds	r0, #9
10002c2e:	701a      	strb	r2, [r3, #0]
10002c30:	4770      	bx	lr
10002c32:	46c0      	nop			; (mov r8, r8)
10002c34:	20000f44 	.word	0x20000f44

10002c38 <resetd_xfer_cb>:
10002c38:	2001      	movs	r0, #1
10002c3a:	4770      	bx	lr

10002c3c <resetd_control_xfer_cb>:
10002c3c:	b570      	push	{r4, r5, r6, lr}
10002c3e:	2900      	cmp	r1, #0
10002c40:	d115      	bne.n	10002c6e <resetd_control_xfer_cb+0x32>
10002c42:	4915      	ldr	r1, [pc, #84]	; (10002c98 <resetd_control_xfer_cb+0x5c>)
10002c44:	7953      	ldrb	r3, [r2, #5]
10002c46:	7910      	ldrb	r0, [r2, #4]
10002c48:	7809      	ldrb	r1, [r1, #0]
10002c4a:	021b      	lsls	r3, r3, #8
10002c4c:	4303      	orrs	r3, r0
10002c4e:	2000      	movs	r0, #0
10002c50:	4299      	cmp	r1, r3
10002c52:	d000      	beq.n	10002c56 <resetd_control_xfer_cb+0x1a>
10002c54:	bd70      	pop	{r4, r5, r6, pc}
10002c56:	7853      	ldrb	r3, [r2, #1]
10002c58:	2b01      	cmp	r3, #1
10002c5a:	d00a      	beq.n	10002c72 <resetd_control_xfer_cb+0x36>
10002c5c:	2b02      	cmp	r3, #2
10002c5e:	d1f9      	bne.n	10002c54 <resetd_control_xfer_cb+0x18>
10002c60:	2000      	movs	r0, #0
10002c62:	2264      	movs	r2, #100	; 0x64
10002c64:	2100      	movs	r1, #0
10002c66:	f7ff fc9d 	bl	100025a4 <watchdog_reboot>
10002c6a:	2001      	movs	r0, #1
10002c6c:	e7f2      	b.n	10002c54 <resetd_control_xfer_cb+0x18>
10002c6e:	2001      	movs	r0, #1
10002c70:	e7f0      	b.n	10002c54 <resetd_control_xfer_cb+0x18>
10002c72:	78d4      	ldrb	r4, [r2, #3]
10002c74:	7891      	ldrb	r1, [r2, #2]
10002c76:	0224      	lsls	r4, r4, #8
10002c78:	430c      	orrs	r4, r1
10002c7a:	0005      	movs	r5, r0
10002c7c:	05e2      	lsls	r2, r4, #23
10002c7e:	d502      	bpl.n	10002c86 <resetd_control_xfer_cb+0x4a>
10002c80:	0a62      	lsrs	r2, r4, #9
10002c82:	4093      	lsls	r3, r2
10002c84:	001d      	movs	r5, r3
10002c86:	4805      	ldr	r0, [pc, #20]	; (10002c9c <resetd_control_xfer_cb+0x60>)
10002c88:	f7ff fd14 	bl	100026b4 <rom_func_lookup>
10002c8c:	217f      	movs	r1, #127	; 0x7f
10002c8e:	0003      	movs	r3, r0
10002c90:	4021      	ands	r1, r4
10002c92:	0028      	movs	r0, r5
10002c94:	4798      	blx	r3
10002c96:	46c0      	nop			; (mov r8, r8)
10002c98:	20000f44 	.word	0x20000f44
10002c9c:	00004255 	.word	0x00004255

10002ca0 <usbd_app_driver_get_cb>:
10002ca0:	2301      	movs	r3, #1
10002ca2:	7003      	strb	r3, [r0, #0]
10002ca4:	4800      	ldr	r0, [pc, #0]	; (10002ca8 <usbd_app_driver_get_cb+0x8>)
10002ca6:	4770      	bx	lr
10002ca8:	100057fc 	.word	0x100057fc

10002cac <tud_cdc_line_coding_cb>:
10002cac:	784a      	ldrb	r2, [r1, #1]
10002cae:	780b      	ldrb	r3, [r1, #0]
10002cb0:	0212      	lsls	r2, r2, #8
10002cb2:	431a      	orrs	r2, r3
10002cb4:	788b      	ldrb	r3, [r1, #2]
10002cb6:	b510      	push	{r4, lr}
10002cb8:	041b      	lsls	r3, r3, #16
10002cba:	431a      	orrs	r2, r3
10002cbc:	78cb      	ldrb	r3, [r1, #3]
10002cbe:	061b      	lsls	r3, r3, #24
10002cc0:	4313      	orrs	r3, r2
10002cc2:	2296      	movs	r2, #150	; 0x96
10002cc4:	00d2      	lsls	r2, r2, #3
10002cc6:	4293      	cmp	r3, r2
10002cc8:	d000      	beq.n	10002ccc <tud_cdc_line_coding_cb+0x20>
10002cca:	bd10      	pop	{r4, pc}
10002ccc:	4803      	ldr	r0, [pc, #12]	; (10002cdc <tud_cdc_line_coding_cb+0x30>)
10002cce:	f7ff fcf1 	bl	100026b4 <rom_func_lookup>
10002cd2:	2100      	movs	r1, #0
10002cd4:	0003      	movs	r3, r0
10002cd6:	0008      	movs	r0, r1
10002cd8:	4798      	blx	r3
10002cda:	46c0      	nop			; (mov r8, r8)
10002cdc:	00004255 	.word	0x00004255

10002ce0 <stdio_usb_in_chars>:
10002ce0:	b570      	push	{r4, r5, r6, lr}
10002ce2:	4c18      	ldr	r4, [pc, #96]	; (10002d44 <stdio_usb_in_chars+0x64>)
10002ce4:	b082      	sub	sp, #8
10002ce6:	0005      	movs	r5, r0
10002ce8:	000e      	movs	r6, r1
10002cea:	0020      	movs	r0, r4
10002cec:	a901      	add	r1, sp, #4
10002cee:	f002 fcf3 	bl	100056d8 <__mutex_try_enter_veneer>
10002cf2:	2800      	cmp	r0, #0
10002cf4:	d108      	bne.n	10002d08 <stdio_usb_in_chars+0x28>
10002cf6:	23d0      	movs	r3, #208	; 0xd0
10002cf8:	061b      	lsls	r3, r3, #24
10002cfa:	681b      	ldr	r3, [r3, #0]
10002cfc:	9a01      	ldr	r2, [sp, #4]
10002cfe:	429a      	cmp	r2, r3
10002d00:	d01c      	beq.n	10002d3c <stdio_usb_in_chars+0x5c>
10002d02:	0020      	movs	r0, r4
10002d04:	f002 fcf8 	bl	100056f8 <__mutex_enter_blocking_veneer>
10002d08:	2000      	movs	r0, #0
10002d0a:	f001 fe3d 	bl	10004988 <tud_cdc_n_connected>
10002d0e:	2800      	cmp	r0, #0
10002d10:	d107      	bne.n	10002d22 <stdio_usb_in_chars+0x42>
10002d12:	2503      	movs	r5, #3
10002d14:	426d      	negs	r5, r5
10002d16:	0020      	movs	r0, r4
10002d18:	f002 fcce 	bl	100056b8 <__mutex_exit_veneer>
10002d1c:	0028      	movs	r0, r5
10002d1e:	b002      	add	sp, #8
10002d20:	bd70      	pop	{r4, r5, r6, pc}
10002d22:	2000      	movs	r0, #0
10002d24:	f001 fe48 	bl	100049b8 <tud_cdc_n_available>
10002d28:	2800      	cmp	r0, #0
10002d2a:	d0f2      	beq.n	10002d12 <stdio_usb_in_chars+0x32>
10002d2c:	0029      	movs	r1, r5
10002d2e:	0032      	movs	r2, r6
10002d30:	2000      	movs	r0, #0
10002d32:	f001 fe4d 	bl	100049d0 <tud_cdc_n_read>
10002d36:	1e05      	subs	r5, r0, #0
10002d38:	d0eb      	beq.n	10002d12 <stdio_usb_in_chars+0x32>
10002d3a:	e7ec      	b.n	10002d16 <stdio_usb_in_chars+0x36>
10002d3c:	2503      	movs	r5, #3
10002d3e:	426d      	negs	r5, r5
10002d40:	e7ec      	b.n	10002d1c <stdio_usb_in_chars+0x3c>
10002d42:	46c0      	nop			; (mov r8, r8)
10002d44:	20000f10 	.word	0x20000f10

10002d48 <stdio_usb_out_chars>:
10002d48:	b5f0      	push	{r4, r5, r6, r7, lr}
10002d4a:	464f      	mov	r7, r9
10002d4c:	4646      	mov	r6, r8
10002d4e:	46d6      	mov	lr, sl
10002d50:	b5c0      	push	{r6, r7, lr}
10002d52:	4b36      	ldr	r3, [pc, #216]	; (10002e2c <stdio_usb_out_chars+0xe4>)
10002d54:	b082      	sub	sp, #8
10002d56:	0007      	movs	r7, r0
10002d58:	000e      	movs	r6, r1
10002d5a:	0018      	movs	r0, r3
10002d5c:	a901      	add	r1, sp, #4
10002d5e:	4699      	mov	r9, r3
10002d60:	f002 fcba 	bl	100056d8 <__mutex_try_enter_veneer>
10002d64:	2800      	cmp	r0, #0
10002d66:	d108      	bne.n	10002d7a <stdio_usb_out_chars+0x32>
10002d68:	23d0      	movs	r3, #208	; 0xd0
10002d6a:	061b      	lsls	r3, r3, #24
10002d6c:	681b      	ldr	r3, [r3, #0]
10002d6e:	9a01      	ldr	r2, [sp, #4]
10002d70:	429a      	cmp	r2, r3
10002d72:	d041      	beq.n	10002df8 <stdio_usb_out_chars+0xb0>
10002d74:	4648      	mov	r0, r9
10002d76:	f002 fcbf 	bl	100056f8 <__mutex_enter_blocking_veneer>
10002d7a:	2000      	movs	r0, #0
10002d7c:	f001 fe04 	bl	10004988 <tud_cdc_n_connected>
10002d80:	2800      	cmp	r0, #0
10002d82:	d031      	beq.n	10002de8 <stdio_usb_out_chars+0xa0>
10002d84:	2400      	movs	r4, #0
10002d86:	2e00      	cmp	r6, #0
10002d88:	dd33      	ble.n	10002df2 <stdio_usb_out_chars+0xaa>
10002d8a:	4b29      	ldr	r3, [pc, #164]	; (10002e30 <stdio_usb_out_chars+0xe8>)
10002d8c:	4698      	mov	r8, r3
10002d8e:	469a      	mov	sl, r3
10002d90:	e012      	b.n	10002db8 <stdio_usb_out_chars+0x70>
10002d92:	2800      	cmp	r0, #0
10002d94:	d147      	bne.n	10002e26 <stdio_usb_out_chars+0xde>
10002d96:	f000 fe5b 	bl	10003a50 <tud_task>
10002d9a:	2000      	movs	r0, #0
10002d9c:	f001 fe50 	bl	10004a40 <tud_cdc_n_write_flush>
10002da0:	2000      	movs	r0, #0
10002da2:	f001 fdf1 	bl	10004988 <tud_cdc_n_connected>
10002da6:	2800      	cmp	r0, #0
10002da8:	d023      	beq.n	10002df2 <stdio_usb_out_chars+0xaa>
10002daa:	2000      	movs	r0, #0
10002dac:	f001 fe9e 	bl	10004aec <tud_cdc_n_write_available>
10002db0:	2800      	cmp	r0, #0
10002db2:	d027      	beq.n	10002e04 <stdio_usb_out_chars+0xbc>
10002db4:	42b4      	cmp	r4, r6
10002db6:	da1c      	bge.n	10002df2 <stdio_usb_out_chars+0xaa>
10002db8:	2000      	movs	r0, #0
10002dba:	1b35      	subs	r5, r6, r4
10002dbc:	f001 fe96 	bl	10004aec <tud_cdc_n_write_available>
10002dc0:	4285      	cmp	r5, r0
10002dc2:	dce6      	bgt.n	10002d92 <stdio_usb_out_chars+0x4a>
10002dc4:	1939      	adds	r1, r7, r4
10002dc6:	002a      	movs	r2, r5
10002dc8:	2000      	movs	r0, #0
10002dca:	f001 fe75 	bl	10004ab8 <tud_cdc_n_write>
10002dce:	0005      	movs	r5, r0
10002dd0:	f000 fe3e 	bl	10003a50 <tud_task>
10002dd4:	2000      	movs	r0, #0
10002dd6:	f001 fe33 	bl	10004a40 <tud_cdc_n_write_flush>
10002dda:	f7fe fd53 	bl	10001884 <time_us_64>
10002dde:	4643      	mov	r3, r8
10002de0:	1964      	adds	r4, r4, r5
10002de2:	6018      	str	r0, [r3, #0]
10002de4:	6059      	str	r1, [r3, #4]
10002de6:	e7e5      	b.n	10002db4 <stdio_usb_out_chars+0x6c>
10002de8:	2000      	movs	r0, #0
10002dea:	2100      	movs	r1, #0
10002dec:	4b10      	ldr	r3, [pc, #64]	; (10002e30 <stdio_usb_out_chars+0xe8>)
10002dee:	6018      	str	r0, [r3, #0]
10002df0:	6059      	str	r1, [r3, #4]
10002df2:	4648      	mov	r0, r9
10002df4:	f002 fc60 	bl	100056b8 <__mutex_exit_veneer>
10002df8:	b002      	add	sp, #8
10002dfa:	bc1c      	pop	{r2, r3, r4}
10002dfc:	4690      	mov	r8, r2
10002dfe:	4699      	mov	r9, r3
10002e00:	46a2      	mov	sl, r4
10002e02:	bdf0      	pop	{r4, r5, r6, r7, pc}
10002e04:	f7fe fd3e 	bl	10001884 <time_us_64>
10002e08:	4653      	mov	r3, sl
10002e0a:	000d      	movs	r5, r1
10002e0c:	681a      	ldr	r2, [r3, #0]
10002e0e:	685b      	ldr	r3, [r3, #4]
10002e10:	2100      	movs	r1, #0
10002e12:	4684      	mov	ip, r0
10002e14:	4807      	ldr	r0, [pc, #28]	; (10002e34 <stdio_usb_out_chars+0xec>)
10002e16:	1812      	adds	r2, r2, r0
10002e18:	414b      	adcs	r3, r1
10002e1a:	429d      	cmp	r5, r3
10002e1c:	d8e9      	bhi.n	10002df2 <stdio_usb_out_chars+0xaa>
10002e1e:	d1c9      	bne.n	10002db4 <stdio_usb_out_chars+0x6c>
10002e20:	4594      	cmp	ip, r2
10002e22:	d9c7      	bls.n	10002db4 <stdio_usb_out_chars+0x6c>
10002e24:	e7e5      	b.n	10002df2 <stdio_usb_out_chars+0xaa>
10002e26:	0005      	movs	r5, r0
10002e28:	e7cc      	b.n	10002dc4 <stdio_usb_out_chars+0x7c>
10002e2a:	46c0      	nop			; (mov r8, r8)
10002e2c:	20000f10 	.word	0x20000f10
10002e30:	20000570 	.word	0x20000570
10002e34:	0007a120 	.word	0x0007a120

10002e38 <timer_task>:
10002e38:	b510      	push	{r4, lr}
10002e3a:	4b04      	ldr	r3, [pc, #16]	; (10002e4c <timer_task+0x14>)
10002e3c:	7818      	ldrb	r0, [r3, #0]
10002e3e:	f7fd fde9 	bl	10000a14 <irq_set_pending>
10002e42:	20fa      	movs	r0, #250	; 0xfa
10002e44:	2100      	movs	r1, #0
10002e46:	0080      	lsls	r0, r0, #2
10002e48:	bd10      	pop	{r4, pc}
10002e4a:	46c0      	nop			; (mov r8, r8)
10002e4c:	20000f45 	.word	0x20000f45

10002e50 <usb_irq>:
10002e50:	b510      	push	{r4, lr}
10002e52:	4b02      	ldr	r3, [pc, #8]	; (10002e5c <usb_irq+0xc>)
10002e54:	7818      	ldrb	r0, [r3, #0]
10002e56:	f7fd fddd 	bl	10000a14 <irq_set_pending>
10002e5a:	bd10      	pop	{r4, pc}
10002e5c:	20000f45 	.word	0x20000f45

10002e60 <low_priority_worker_irq>:
10002e60:	b510      	push	{r4, lr}
10002e62:	4c07      	ldr	r4, [pc, #28]	; (10002e80 <low_priority_worker_irq+0x20>)
10002e64:	2100      	movs	r1, #0
10002e66:	0020      	movs	r0, r4
10002e68:	f002 fc36 	bl	100056d8 <__mutex_try_enter_veneer>
10002e6c:	2800      	cmp	r0, #0
10002e6e:	d100      	bne.n	10002e72 <low_priority_worker_irq+0x12>
10002e70:	bd10      	pop	{r4, pc}
10002e72:	f000 fded 	bl	10003a50 <tud_task>
10002e76:	0020      	movs	r0, r4
10002e78:	f002 fc1e 	bl	100056b8 <__mutex_exit_veneer>
10002e7c:	e7f8      	b.n	10002e70 <low_priority_worker_irq+0x10>
10002e7e:	46c0      	nop			; (mov r8, r8)
10002e80:	20000f10 	.word	0x20000f10

10002e84 <stdio_usb_init>:
10002e84:	b530      	push	{r4, r5, lr}
10002e86:	4b23      	ldr	r3, [pc, #140]	; (10002f14 <stdio_usb_init+0x90>)
10002e88:	b085      	sub	sp, #20
10002e8a:	781b      	ldrb	r3, [r3, #0]
10002e8c:	f002 f83c 	bl	10004f08 <tusb_init>
10002e90:	4821      	ldr	r0, [pc, #132]	; (10002f18 <stdio_usb_init+0x94>)
10002e92:	f7ff f905 	bl	100020a0 <mutex_init>
10002e96:	2001      	movs	r0, #1
10002e98:	f7fe f836 	bl	10000f08 <user_irq_claim_unused>
10002e9c:	23ff      	movs	r3, #255	; 0xff
10002e9e:	4c1f      	ldr	r4, [pc, #124]	; (10002f1c <stdio_usb_init+0x98>)
10002ea0:	491f      	ldr	r1, [pc, #124]	; (10002f20 <stdio_usb_init+0x9c>)
10002ea2:	7020      	strb	r0, [r4, #0]
10002ea4:	4018      	ands	r0, r3
10002ea6:	f7fd fddb 	bl	10000a60 <irq_set_exclusive_handler>
10002eaa:	7820      	ldrb	r0, [r4, #0]
10002eac:	2101      	movs	r1, #1
10002eae:	f7fd fd9f 	bl	100009f0 <irq_set_enabled>
10002eb2:	2005      	movs	r0, #5
10002eb4:	f7fd fdb6 	bl	10000a24 <irq_has_shared_handler>
10002eb8:	1e04      	subs	r4, r0, #0
10002eba:	d00c      	beq.n	10002ed6 <stdio_usb_init+0x52>
10002ebc:	2200      	movs	r2, #0
10002ebe:	4919      	ldr	r1, [pc, #100]	; (10002f24 <stdio_usb_init+0xa0>)
10002ec0:	2005      	movs	r0, #5
10002ec2:	f7fd fdf7 	bl	10000ab4 <irq_add_shared_handler>
10002ec6:	2101      	movs	r1, #1
10002ec8:	4817      	ldr	r0, [pc, #92]	; (10002f28 <stdio_usb_init+0xa4>)
10002eca:	f7ff fe7d 	bl	10002bc8 <stdio_set_driver_enabled>
10002ece:	2401      	movs	r4, #1
10002ed0:	0020      	movs	r0, r4
10002ed2:	b005      	add	sp, #20
10002ed4:	bd30      	pop	{r4, r5, pc}
10002ed6:	f7fe fa1b 	bl	10001310 <alarm_pool_get_default>
10002eda:	0005      	movs	r5, r0
10002edc:	f7fe fcd2 	bl	10001884 <time_us_64>
10002ee0:	22fa      	movs	r2, #250	; 0xfa
10002ee2:	2300      	movs	r3, #0
10002ee4:	0092      	lsls	r2, r2, #2
10002ee6:	1812      	adds	r2, r2, r0
10002ee8:	414b      	adcs	r3, r1
10002eea:	4299      	cmp	r1, r3
10002eec:	d80e      	bhi.n	10002f0c <stdio_usb_init+0x88>
10002eee:	d00b      	beq.n	10002f08 <stdio_usb_init+0x84>
10002ef0:	2101      	movs	r1, #1
10002ef2:	9102      	str	r1, [sp, #8]
10002ef4:	2100      	movs	r1, #0
10002ef6:	9101      	str	r1, [sp, #4]
10002ef8:	490c      	ldr	r1, [pc, #48]	; (10002f2c <stdio_usb_init+0xa8>)
10002efa:	0028      	movs	r0, r5
10002efc:	9100      	str	r1, [sp, #0]
10002efe:	f7fe fa0b 	bl	10001318 <alarm_pool_add_alarm_at>
10002f02:	2800      	cmp	r0, #0
10002f04:	d0e4      	beq.n	10002ed0 <stdio_usb_init+0x4c>
10002f06:	e7de      	b.n	10002ec6 <stdio_usb_init+0x42>
10002f08:	4290      	cmp	r0, r2
10002f0a:	d9f1      	bls.n	10002ef0 <stdio_usb_init+0x6c>
10002f0c:	2201      	movs	r2, #1
10002f0e:	4252      	negs	r2, r2
10002f10:	17d3      	asrs	r3, r2, #31
10002f12:	e7ed      	b.n	10002ef0 <stdio_usb_init+0x6c>
10002f14:	10005a08 	.word	0x10005a08
10002f18:	20000f10 	.word	0x20000f10
10002f1c:	20000f45 	.word	0x20000f45
10002f20:	10002e61 	.word	0x10002e61
10002f24:	10002e51 	.word	0x10002e51
10002f28:	20000410 	.word	0x20000410
10002f2c:	10002e39 	.word	0x10002e39

10002f30 <tud_descriptor_device_cb>:
10002f30:	4800      	ldr	r0, [pc, #0]	; (10002f34 <tud_descriptor_device_cb+0x4>)
10002f32:	4770      	bx	lr
10002f34:	100058b4 	.word	0x100058b4

10002f38 <tud_descriptor_configuration_cb>:
10002f38:	4800      	ldr	r0, [pc, #0]	; (10002f3c <tud_descriptor_configuration_cb+0x4>)
10002f3a:	4770      	bx	lr
10002f3c:	10005860 	.word	0x10005860

10002f40 <tud_descriptor_string_cb>:
10002f40:	b570      	push	{r4, r5, r6, lr}
10002f42:	0004      	movs	r4, r0
10002f44:	4816      	ldr	r0, [pc, #88]	; (10002fa0 <tud_descriptor_string_cb+0x60>)
10002f46:	7803      	ldrb	r3, [r0, #0]
10002f48:	2b00      	cmp	r3, #0
10002f4a:	d020      	beq.n	10002f8e <tud_descriptor_string_cb+0x4e>
10002f4c:	2c00      	cmp	r4, #0
10002f4e:	d018      	beq.n	10002f82 <tud_descriptor_string_cb+0x42>
10002f50:	2c05      	cmp	r4, #5
10002f52:	d823      	bhi.n	10002f9c <tud_descriptor_string_cb+0x5c>
10002f54:	4b13      	ldr	r3, [pc, #76]	; (10002fa4 <tud_descriptor_string_cb+0x64>)
10002f56:	4814      	ldr	r0, [pc, #80]	; (10002fa8 <tud_descriptor_string_cb+0x68>)
10002f58:	00a4      	lsls	r4, r4, #2
10002f5a:	58e5      	ldr	r5, [r4, r3]
10002f5c:	1c81      	adds	r1, r0, #2
10002f5e:	2300      	movs	r3, #0
10002f60:	e004      	b.n	10002f6c <tud_descriptor_string_cb+0x2c>
10002f62:	3301      	adds	r3, #1
10002f64:	800a      	strh	r2, [r1, #0]
10002f66:	3102      	adds	r1, #2
10002f68:	2b13      	cmp	r3, #19
10002f6a:	d014      	beq.n	10002f96 <tud_descriptor_string_cb+0x56>
10002f6c:	5cea      	ldrb	r2, [r5, r3]
10002f6e:	b2dc      	uxtb	r4, r3
10002f70:	2a00      	cmp	r2, #0
10002f72:	d1f6      	bne.n	10002f62 <tud_descriptor_string_cb+0x22>
10002f74:	23c0      	movs	r3, #192	; 0xc0
10002f76:	3401      	adds	r4, #1
10002f78:	0064      	lsls	r4, r4, #1
10002f7a:	009b      	lsls	r3, r3, #2
10002f7c:	431c      	orrs	r4, r3
10002f7e:	8004      	strh	r4, [r0, #0]
10002f80:	bd70      	pop	{r4, r5, r6, pc}
10002f82:	24c1      	movs	r4, #193	; 0xc1
10002f84:	4808      	ldr	r0, [pc, #32]	; (10002fa8 <tud_descriptor_string_cb+0x68>)
10002f86:	4b09      	ldr	r3, [pc, #36]	; (10002fac <tud_descriptor_string_cb+0x6c>)
10002f88:	00a4      	lsls	r4, r4, #2
10002f8a:	8043      	strh	r3, [r0, #2]
10002f8c:	e7f7      	b.n	10002f7e <tud_descriptor_string_cb+0x3e>
10002f8e:	2111      	movs	r1, #17
10002f90:	f002 fa50 	bl	10005434 <pico_get_unique_board_id_string>
10002f94:	e7da      	b.n	10002f4c <tud_descriptor_string_cb+0xc>
10002f96:	24ca      	movs	r4, #202	; 0xca
10002f98:	00a4      	lsls	r4, r4, #2
10002f9a:	e7f0      	b.n	10002f7e <tud_descriptor_string_cb+0x3e>
10002f9c:	2000      	movs	r0, #0
10002f9e:	e7ef      	b.n	10002f80 <tud_descriptor_string_cb+0x40>
10002fa0:	20000f28 	.word	0x20000f28
10002fa4:	100058c8 	.word	0x100058c8
10002fa8:	20000aac 	.word	0x20000aac
10002fac:	00000409 	.word	0x00000409

10002fb0 <dcd_rp2040_irq>:
10002fb0:	b5f0      	push	{r4, r5, r6, r7, lr}
10002fb2:	2398      	movs	r3, #152	; 0x98
10002fb4:	4657      	mov	r7, sl
10002fb6:	4645      	mov	r5, r8
10002fb8:	46de      	mov	lr, fp
10002fba:	464e      	mov	r6, r9
10002fbc:	4a6c      	ldr	r2, [pc, #432]	; (10003170 <dcd_rp2040_irq+0x1c0>)
10002fbe:	b5e0      	push	{r5, r6, r7, lr}
10002fc0:	58d7      	ldr	r7, [r2, r3]
10002fc2:	2580      	movs	r5, #128	; 0x80
10002fc4:	003c      	movs	r4, r7
10002fc6:	026d      	lsls	r5, r5, #9
10002fc8:	3b88      	subs	r3, #136	; 0x88
10002fca:	b083      	sub	sp, #12
10002fcc:	402c      	ands	r4, r5
10002fce:	469a      	mov	sl, r3
10002fd0:	d00f      	beq.n	10002ff2 <dcd_rp2040_irq+0x42>
10002fd2:	2201      	movs	r2, #1
10002fd4:	2123      	movs	r1, #35	; 0x23
10002fd6:	4b67      	ldr	r3, [pc, #412]	; (10003174 <dcd_rp2040_irq+0x1c4>)
10002fd8:	2000      	movs	r0, #0
10002fda:	545a      	strb	r2, [r3, r1]
10002fdc:	70da      	strb	r2, [r3, #3]
10002fde:	4966      	ldr	r1, [pc, #408]	; (10003178 <dcd_rp2040_irq+0x1c8>)
10002fe0:	f001 fa88 	bl	100044f4 <dcd_event_setup_received>
10002fe4:	2280      	movs	r2, #128	; 0x80
10002fe6:	4b65      	ldr	r3, [pc, #404]	; (1000317c <dcd_rp2040_irq+0x1cc>)
10002fe8:	0292      	lsls	r2, r2, #10
10002fea:	651a      	str	r2, [r3, #80]	; 0x50
10002fec:	4b64      	ldr	r3, [pc, #400]	; (10003180 <dcd_rp2040_irq+0x1d0>)
10002fee:	002c      	movs	r4, r5
10002ff0:	469a      	mov	sl, r3
10002ff2:	06fb      	lsls	r3, r7, #27
10002ff4:	d417      	bmi.n	10003026 <dcd_rp2040_irq+0x76>
10002ff6:	2380      	movs	r3, #128	; 0x80
10002ff8:	015b      	lsls	r3, r3, #5
10002ffa:	421f      	tst	r7, r3
10002ffc:	d145      	bne.n	1000308a <dcd_rp2040_irq+0xda>
10002ffe:	2380      	movs	r3, #128	; 0x80
10003000:	01db      	lsls	r3, r3, #7
10003002:	421f      	tst	r7, r3
10003004:	d000      	beq.n	10003008 <dcd_rp2040_irq+0x58>
10003006:	e088      	b.n	1000311a <dcd_rp2040_irq+0x16a>
10003008:	2380      	movs	r3, #128	; 0x80
1000300a:	021b      	lsls	r3, r3, #8
1000300c:	421f      	tst	r7, r3
1000300e:	d000      	beq.n	10003012 <dcd_rp2040_irq+0x62>
10003010:	e091      	b.n	10003136 <dcd_rp2040_irq+0x186>
10003012:	42bc      	cmp	r4, r7
10003014:	d000      	beq.n	10003018 <dcd_rp2040_irq+0x68>
10003016:	e0a5      	b.n	10003164 <dcd_rp2040_irq+0x1b4>
10003018:	b003      	add	sp, #12
1000301a:	bc3c      	pop	{r2, r3, r4, r5}
1000301c:	4690      	mov	r8, r2
1000301e:	4699      	mov	r9, r3
10003020:	46a2      	mov	sl, r4
10003022:	46ab      	mov	fp, r5
10003024:	bdf0      	pop	{r4, r5, r6, r7, pc}
10003026:	4b52      	ldr	r3, [pc, #328]	; (10003170 <dcd_rp2040_irq+0x1c0>)
10003028:	6d9b      	ldr	r3, [r3, #88]	; 0x58
1000302a:	4698      	mov	r8, r3
1000302c:	2b00      	cmp	r3, #0
1000302e:	d027      	beq.n	10003080 <dcd_rp2040_irq+0xd0>
10003030:	4b52      	ldr	r3, [pc, #328]	; (1000317c <dcd_rp2040_irq+0x1cc>)
10003032:	2500      	movs	r5, #0
10003034:	469b      	mov	fp, r3
10003036:	2301      	movs	r3, #1
10003038:	4699      	mov	r9, r3
1000303a:	4643      	mov	r3, r8
1000303c:	2601      	movs	r6, #1
1000303e:	46b8      	mov	r8, r7
10003040:	001f      	movs	r7, r3
10003042:	e004      	b.n	1000304e <dcd_rp2040_irq+0x9e>
10003044:	3501      	adds	r5, #1
10003046:	0076      	lsls	r6, r6, #1
10003048:	b2ed      	uxtb	r5, r5
1000304a:	2d20      	cmp	r5, #32
1000304c:	d017      	beq.n	1000307e <dcd_rp2040_irq+0xce>
1000304e:	4237      	tst	r7, r6
10003050:	d0f8      	beq.n	10003044 <dcd_rp2040_irq+0x94>
10003052:	465b      	mov	r3, fp
10003054:	659e      	str	r6, [r3, #88]	; 0x58
10003056:	464b      	mov	r3, r9
10003058:	086c      	lsrs	r4, r5, #1
1000305a:	43ab      	bics	r3, r5
1000305c:	0064      	lsls	r4, r4, #1
1000305e:	18e4      	adds	r4, r4, r3
10003060:	4b44      	ldr	r3, [pc, #272]	; (10003174 <dcd_rp2040_irq+0x1c4>)
10003062:	0164      	lsls	r4, r4, #5
10003064:	469c      	mov	ip, r3
10003066:	4464      	add	r4, ip
10003068:	0020      	movs	r0, r4
1000306a:	f000 fb81 	bl	10003770 <hw_endpoint_xfer_continue>
1000306e:	2800      	cmp	r0, #0
10003070:	d16c      	bne.n	1000314c <dcd_rp2040_irq+0x19c>
10003072:	3501      	adds	r5, #1
10003074:	43b7      	bics	r7, r6
10003076:	b2ed      	uxtb	r5, r5
10003078:	0076      	lsls	r6, r6, #1
1000307a:	2f00      	cmp	r7, #0
1000307c:	d1e5      	bne.n	1000304a <dcd_rp2040_irq+0x9a>
1000307e:	4647      	mov	r7, r8
10003080:	2380      	movs	r3, #128	; 0x80
10003082:	015b      	lsls	r3, r3, #5
10003084:	4654      	mov	r4, sl
10003086:	421f      	tst	r7, r3
10003088:	d0b9      	beq.n	10002ffe <dcd_rp2040_irq+0x4e>
1000308a:	431c      	orrs	r4, r3
1000308c:	2300      	movs	r3, #0
1000308e:	4a38      	ldr	r2, [pc, #224]	; (10003170 <dcd_rp2040_irq+0x1c0>)
10003090:	2100      	movs	r1, #0
10003092:	6013      	str	r3, [r2, #0]
10003094:	4a38      	ldr	r2, [pc, #224]	; (10003178 <dcd_rp2040_irq+0x1c8>)
10003096:	483b      	ldr	r0, [pc, #236]	; (10003184 <dcd_rp2040_irq+0x1d4>)
10003098:	6093      	str	r3, [r2, #8]
1000309a:	60d3      	str	r3, [r2, #12]
1000309c:	4a3a      	ldr	r2, [pc, #232]	; (10003188 <dcd_rp2040_irq+0x1d8>)
1000309e:	6093      	str	r3, [r2, #8]
100030a0:	60d3      	str	r3, [r2, #12]
100030a2:	4a3a      	ldr	r2, [pc, #232]	; (1000318c <dcd_rp2040_irq+0x1dc>)
100030a4:	6093      	str	r3, [r2, #8]
100030a6:	60d3      	str	r3, [r2, #12]
100030a8:	4a39      	ldr	r2, [pc, #228]	; (10003190 <dcd_rp2040_irq+0x1e0>)
100030aa:	6093      	str	r3, [r2, #8]
100030ac:	60d3      	str	r3, [r2, #12]
100030ae:	4a39      	ldr	r2, [pc, #228]	; (10003194 <dcd_rp2040_irq+0x1e4>)
100030b0:	6093      	str	r3, [r2, #8]
100030b2:	60d3      	str	r3, [r2, #12]
100030b4:	4a38      	ldr	r2, [pc, #224]	; (10003198 <dcd_rp2040_irq+0x1e8>)
100030b6:	6093      	str	r3, [r2, #8]
100030b8:	60d3      	str	r3, [r2, #12]
100030ba:	4a38      	ldr	r2, [pc, #224]	; (1000319c <dcd_rp2040_irq+0x1ec>)
100030bc:	6093      	str	r3, [r2, #8]
100030be:	60d3      	str	r3, [r2, #12]
100030c0:	4a37      	ldr	r2, [pc, #220]	; (100031a0 <dcd_rp2040_irq+0x1f0>)
100030c2:	6093      	str	r3, [r2, #8]
100030c4:	60d3      	str	r3, [r2, #12]
100030c6:	4a37      	ldr	r2, [pc, #220]	; (100031a4 <dcd_rp2040_irq+0x1f4>)
100030c8:	6093      	str	r3, [r2, #8]
100030ca:	60d3      	str	r3, [r2, #12]
100030cc:	4a36      	ldr	r2, [pc, #216]	; (100031a8 <dcd_rp2040_irq+0x1f8>)
100030ce:	6093      	str	r3, [r2, #8]
100030d0:	60d3      	str	r3, [r2, #12]
100030d2:	4a36      	ldr	r2, [pc, #216]	; (100031ac <dcd_rp2040_irq+0x1fc>)
100030d4:	6093      	str	r3, [r2, #8]
100030d6:	60d3      	str	r3, [r2, #12]
100030d8:	4a35      	ldr	r2, [pc, #212]	; (100031b0 <dcd_rp2040_irq+0x200>)
100030da:	6093      	str	r3, [r2, #8]
100030dc:	60d3      	str	r3, [r2, #12]
100030de:	4a35      	ldr	r2, [pc, #212]	; (100031b4 <dcd_rp2040_irq+0x204>)
100030e0:	6093      	str	r3, [r2, #8]
100030e2:	60d3      	str	r3, [r2, #12]
100030e4:	4a34      	ldr	r2, [pc, #208]	; (100031b8 <dcd_rp2040_irq+0x208>)
100030e6:	6093      	str	r3, [r2, #8]
100030e8:	60d3      	str	r3, [r2, #12]
100030ea:	4a34      	ldr	r2, [pc, #208]	; (100031bc <dcd_rp2040_irq+0x20c>)
100030ec:	6093      	str	r3, [r2, #8]
100030ee:	60d3      	str	r3, [r2, #12]
100030f0:	22f0      	movs	r2, #240	; 0xf0
100030f2:	0092      	lsls	r2, r2, #2
100030f4:	f7ff fc12 	bl	1000291c <__wrap_memset>
100030f8:	4b31      	ldr	r3, [pc, #196]	; (100031c0 <dcd_rp2040_irq+0x210>)
100030fa:	4a32      	ldr	r2, [pc, #200]	; (100031c4 <dcd_rp2040_irq+0x214>)
100030fc:	2100      	movs	r1, #0
100030fe:	601a      	str	r2, [r3, #0]
10003100:	2000      	movs	r0, #0
10003102:	2201      	movs	r2, #1
10003104:	f001 f9ca 	bl	1000449c <dcd_event_bus_reset>
10003108:	2280      	movs	r2, #128	; 0x80
1000310a:	4b1c      	ldr	r3, [pc, #112]	; (1000317c <dcd_rp2040_irq+0x1cc>)
1000310c:	0312      	lsls	r2, r2, #12
1000310e:	651a      	str	r2, [r3, #80]	; 0x50
10003110:	2380      	movs	r3, #128	; 0x80
10003112:	01db      	lsls	r3, r3, #7
10003114:	421f      	tst	r7, r3
10003116:	d100      	bne.n	1000311a <dcd_rp2040_irq+0x16a>
10003118:	e776      	b.n	10003008 <dcd_rp2040_irq+0x58>
1000311a:	2201      	movs	r2, #1
1000311c:	2104      	movs	r1, #4
1000311e:	2000      	movs	r0, #0
10003120:	431c      	orrs	r4, r3
10003122:	f001 f929 	bl	10004378 <dcd_event_bus_signal>
10003126:	2210      	movs	r2, #16
10003128:	4b14      	ldr	r3, [pc, #80]	; (1000317c <dcd_rp2040_irq+0x1cc>)
1000312a:	651a      	str	r2, [r3, #80]	; 0x50
1000312c:	2380      	movs	r3, #128	; 0x80
1000312e:	021b      	lsls	r3, r3, #8
10003130:	421f      	tst	r7, r3
10003132:	d100      	bne.n	10003136 <dcd_rp2040_irq+0x186>
10003134:	e76d      	b.n	10003012 <dcd_rp2040_irq+0x62>
10003136:	2201      	movs	r2, #1
10003138:	2105      	movs	r1, #5
1000313a:	2000      	movs	r0, #0
1000313c:	431c      	orrs	r4, r3
1000313e:	f001 f91b 	bl	10004378 <dcd_event_bus_signal>
10003142:	2280      	movs	r2, #128	; 0x80
10003144:	4b0d      	ldr	r3, [pc, #52]	; (1000317c <dcd_rp2040_irq+0x1cc>)
10003146:	0112      	lsls	r2, r2, #4
10003148:	651a      	str	r2, [r3, #80]	; 0x50
1000314a:	e762      	b.n	10003012 <dcd_rp2040_irq+0x62>
1000314c:	464b      	mov	r3, r9
1000314e:	8aa2      	ldrh	r2, [r4, #20]
10003150:	78a1      	ldrb	r1, [r4, #2]
10003152:	2000      	movs	r0, #0
10003154:	9300      	str	r3, [sp, #0]
10003156:	2300      	movs	r3, #0
10003158:	f001 f9f4 	bl	10004544 <dcd_event_xfer_complete>
1000315c:	0020      	movs	r0, r4
1000315e:	f000 fa45 	bl	100035ec <hw_endpoint_reset_transfer>
10003162:	e786      	b.n	10003072 <dcd_rp2040_irq+0xc2>
10003164:	0021      	movs	r1, r4
10003166:	4818      	ldr	r0, [pc, #96]	; (100031c8 <dcd_rp2040_irq+0x218>)
10003168:	4079      	eors	r1, r7
1000316a:	f7ff f841 	bl	100021f0 <panic>
1000316e:	46c0      	nop			; (mov r8, r8)
10003170:	50110000 	.word	0x50110000
10003174:	20000adc 	.word	0x20000adc
10003178:	50100000 	.word	0x50100000
1000317c:	50113000 	.word	0x50113000
10003180:	00010010 	.word	0x00010010
10003184:	20000b1c 	.word	0x20000b1c
10003188:	50100008 	.word	0x50100008
1000318c:	50100010 	.word	0x50100010
10003190:	50100018 	.word	0x50100018
10003194:	50100020 	.word	0x50100020
10003198:	50100028 	.word	0x50100028
1000319c:	50100030 	.word	0x50100030
100031a0:	50100038 	.word	0x50100038
100031a4:	50100040 	.word	0x50100040
100031a8:	50100048 	.word	0x50100048
100031ac:	50100050 	.word	0x50100050
100031b0:	50100058 	.word	0x50100058
100031b4:	50100060 	.word	0x50100060
100031b8:	50100068 	.word	0x50100068
100031bc:	50100070 	.word	0x50100070
100031c0:	20000ee4 	.word	0x20000ee4
100031c4:	50100180 	.word	0x50100180
100031c8:	100058e0 	.word	0x100058e0

100031cc <dcd_int_enable>:
100031cc:	b510      	push	{r4, lr}
100031ce:	2101      	movs	r1, #1
100031d0:	2005      	movs	r0, #5
100031d2:	f7fd fc0d 	bl	100009f0 <irq_set_enabled>
100031d6:	bd10      	pop	{r4, pc}

100031d8 <dcd_set_address>:
100031d8:	b510      	push	{r4, lr}
100031da:	2200      	movs	r2, #0
100031dc:	2100      	movs	r1, #0
100031de:	4802      	ldr	r0, [pc, #8]	; (100031e8 <dcd_set_address+0x10>)
100031e0:	f000 fa2a 	bl	10003638 <hw_endpoint_xfer_start>
100031e4:	bd10      	pop	{r4, pc}
100031e6:	46c0      	nop			; (mov r8, r8)
100031e8:	20000afc 	.word	0x20000afc

100031ec <dcd_connect>:
100031ec:	2280      	movs	r2, #128	; 0x80
100031ee:	4b02      	ldr	r3, [pc, #8]	; (100031f8 <dcd_connect+0xc>)
100031f0:	0252      	lsls	r2, r2, #9
100031f2:	64da      	str	r2, [r3, #76]	; 0x4c
100031f4:	4770      	bx	lr
100031f6:	46c0      	nop			; (mov r8, r8)
100031f8:	50112000 	.word	0x50112000

100031fc <dcd_init>:
100031fc:	b5f0      	push	{r4, r5, r6, r7, lr}
100031fe:	46c6      	mov	lr, r8
10003200:	b500      	push	{lr}
10003202:	0007      	movs	r7, r0
10003204:	f000 f9cc 	bl	100035a0 <rp2040_usb_init>
10003208:	230c      	movs	r3, #12
1000320a:	4d35      	ldr	r5, [pc, #212]	; (100032e0 <dcd_init+0xe4>)
1000320c:	4935      	ldr	r1, [pc, #212]	; (100032e4 <dcd_init+0xe8>)
1000320e:	67ab      	str	r3, [r5, #120]	; 0x78
10003210:	2005      	movs	r0, #5
10003212:	f7fd fc25 	bl	10000a60 <irq_set_exclusive_handler>
10003216:	2340      	movs	r3, #64	; 0x40
10003218:	4698      	mov	r8, r3
1000321a:	4c33      	ldr	r4, [pc, #204]	; (100032e8 <dcd_init+0xec>)
1000321c:	2240      	movs	r2, #64	; 0x40
1000321e:	2100      	movs	r1, #0
10003220:	0020      	movs	r0, r4
10003222:	f7ff fb7b 	bl	1000291c <__wrap_memset>
10003226:	4643      	mov	r3, r8
10003228:	2601      	movs	r6, #1
1000322a:	83a3      	strh	r3, [r4, #28]
1000322c:	2121      	movs	r1, #33	; 0x21
1000322e:	2300      	movs	r3, #0
10003230:	4a2e      	ldr	r2, [pc, #184]	; (100032ec <dcd_init+0xf0>)
10003232:	7066      	strb	r6, [r4, #1]
10003234:	60a2      	str	r2, [r4, #8]
10003236:	6013      	str	r3, [r2, #0]
10003238:	5463      	strb	r3, [r4, r1]
1000323a:	315f      	adds	r1, #95	; 0x5f
1000323c:	8461      	strh	r1, [r4, #34]	; 0x22
1000323e:	4641      	mov	r1, r8
10003240:	87a1      	strh	r1, [r4, #60]	; 0x3c
10003242:	3902      	subs	r1, #2
10003244:	5463      	strb	r3, [r4, r1]
10003246:	4a2a      	ldr	r2, [pc, #168]	; (100032f0 <dcd_init+0xf4>)
10003248:	492a      	ldr	r1, [pc, #168]	; (100032f4 <dcd_init+0xf8>)
1000324a:	6063      	str	r3, [r4, #4]
1000324c:	60e2      	str	r2, [r4, #12]
1000324e:	62a1      	str	r1, [r4, #40]	; 0x28
10003250:	600b      	str	r3, [r1, #0]
10003252:	62e2      	str	r2, [r4, #44]	; 0x2c
10003254:	4a28      	ldr	r2, [pc, #160]	; (100032f8 <dcd_init+0xfc>)
10003256:	6263      	str	r3, [r4, #36]	; 0x24
10003258:	6093      	str	r3, [r2, #8]
1000325a:	60d3      	str	r3, [r2, #12]
1000325c:	4a27      	ldr	r2, [pc, #156]	; (100032fc <dcd_init+0x100>)
1000325e:	0020      	movs	r0, r4
10003260:	6093      	str	r3, [r2, #8]
10003262:	60d3      	str	r3, [r2, #12]
10003264:	4a26      	ldr	r2, [pc, #152]	; (10003300 <dcd_init+0x104>)
10003266:	2100      	movs	r1, #0
10003268:	6093      	str	r3, [r2, #8]
1000326a:	60d3      	str	r3, [r2, #12]
1000326c:	4a25      	ldr	r2, [pc, #148]	; (10003304 <dcd_init+0x108>)
1000326e:	3040      	adds	r0, #64	; 0x40
10003270:	6093      	str	r3, [r2, #8]
10003272:	60d3      	str	r3, [r2, #12]
10003274:	4a24      	ldr	r2, [pc, #144]	; (10003308 <dcd_init+0x10c>)
10003276:	6093      	str	r3, [r2, #8]
10003278:	60d3      	str	r3, [r2, #12]
1000327a:	4a24      	ldr	r2, [pc, #144]	; (1000330c <dcd_init+0x110>)
1000327c:	6093      	str	r3, [r2, #8]
1000327e:	60d3      	str	r3, [r2, #12]
10003280:	4a23      	ldr	r2, [pc, #140]	; (10003310 <dcd_init+0x114>)
10003282:	6093      	str	r3, [r2, #8]
10003284:	60d3      	str	r3, [r2, #12]
10003286:	4a23      	ldr	r2, [pc, #140]	; (10003314 <dcd_init+0x118>)
10003288:	6093      	str	r3, [r2, #8]
1000328a:	60d3      	str	r3, [r2, #12]
1000328c:	4a22      	ldr	r2, [pc, #136]	; (10003318 <dcd_init+0x11c>)
1000328e:	6093      	str	r3, [r2, #8]
10003290:	60d3      	str	r3, [r2, #12]
10003292:	4a22      	ldr	r2, [pc, #136]	; (1000331c <dcd_init+0x120>)
10003294:	6093      	str	r3, [r2, #8]
10003296:	60d3      	str	r3, [r2, #12]
10003298:	4a21      	ldr	r2, [pc, #132]	; (10003320 <dcd_init+0x124>)
1000329a:	6093      	str	r3, [r2, #8]
1000329c:	60d3      	str	r3, [r2, #12]
1000329e:	4a21      	ldr	r2, [pc, #132]	; (10003324 <dcd_init+0x128>)
100032a0:	6093      	str	r3, [r2, #8]
100032a2:	60d3      	str	r3, [r2, #12]
100032a4:	4a20      	ldr	r2, [pc, #128]	; (10003328 <dcd_init+0x12c>)
100032a6:	6093      	str	r3, [r2, #8]
100032a8:	60d3      	str	r3, [r2, #12]
100032aa:	4a20      	ldr	r2, [pc, #128]	; (1000332c <dcd_init+0x130>)
100032ac:	6093      	str	r3, [r2, #8]
100032ae:	60d3      	str	r3, [r2, #12]
100032b0:	4a1f      	ldr	r2, [pc, #124]	; (10003330 <dcd_init+0x134>)
100032b2:	6093      	str	r3, [r2, #8]
100032b4:	60d3      	str	r3, [r2, #12]
100032b6:	22f0      	movs	r2, #240	; 0xf0
100032b8:	0092      	lsls	r2, r2, #2
100032ba:	f7ff fb2f 	bl	1000291c <__wrap_memset>
100032be:	4b1d      	ldr	r3, [pc, #116]	; (10003334 <dcd_init+0x138>)
100032c0:	4a1d      	ldr	r2, [pc, #116]	; (10003338 <dcd_init+0x13c>)
100032c2:	0038      	movs	r0, r7
100032c4:	601a      	str	r2, [r3, #0]
100032c6:	2380      	movs	r3, #128	; 0x80
100032c8:	059b      	lsls	r3, r3, #22
100032ca:	642e      	str	r6, [r5, #64]	; 0x40
100032cc:	64eb      	str	r3, [r5, #76]	; 0x4c
100032ce:	2390      	movs	r3, #144	; 0x90
100032d0:	4a1a      	ldr	r2, [pc, #104]	; (1000333c <dcd_init+0x140>)
100032d2:	50ea      	str	r2, [r5, r3]
100032d4:	f7ff ff8a 	bl	100031ec <dcd_connect>
100032d8:	bc04      	pop	{r2}
100032da:	4690      	mov	r8, r2
100032dc:	bdf0      	pop	{r4, r5, r6, r7, pc}
100032de:	46c0      	nop			; (mov r8, r8)
100032e0:	50110000 	.word	0x50110000
100032e4:	10002fb1 	.word	0x10002fb1
100032e8:	20000adc 	.word	0x20000adc
100032ec:	50100084 	.word	0x50100084
100032f0:	50100100 	.word	0x50100100
100032f4:	50100080 	.word	0x50100080
100032f8:	50100000 	.word	0x50100000
100032fc:	50100008 	.word	0x50100008
10003300:	50100010 	.word	0x50100010
10003304:	50100018 	.word	0x50100018
10003308:	50100020 	.word	0x50100020
1000330c:	50100028 	.word	0x50100028
10003310:	50100030 	.word	0x50100030
10003314:	50100038 	.word	0x50100038
10003318:	50100040 	.word	0x50100040
1000331c:	50100048 	.word	0x50100048
10003320:	50100050 	.word	0x50100050
10003324:	50100058 	.word	0x50100058
10003328:	50100060 	.word	0x50100060
1000332c:	50100068 	.word	0x50100068
10003330:	50100070 	.word	0x50100070
10003334:	20000ee4 	.word	0x20000ee4
10003338:	50100180 	.word	0x50100180
1000333c:	0001d010 	.word	0x0001d010

10003340 <dcd_edpt0_status_complete>:
10003340:	780b      	ldrb	r3, [r1, #0]
10003342:	065b      	lsls	r3, r3, #25
10003344:	d102      	bne.n	1000334c <dcd_edpt0_status_complete+0xc>
10003346:	784b      	ldrb	r3, [r1, #1]
10003348:	2b05      	cmp	r3, #5
1000334a:	d000      	beq.n	1000334e <dcd_edpt0_status_complete+0xe>
1000334c:	4770      	bx	lr
1000334e:	788a      	ldrb	r2, [r1, #2]
10003350:	4b01      	ldr	r3, [pc, #4]	; (10003358 <dcd_edpt0_status_complete+0x18>)
10003352:	601a      	str	r2, [r3, #0]
10003354:	e7fa      	b.n	1000334c <dcd_edpt0_status_complete+0xc>
10003356:	46c0      	nop			; (mov r8, r8)
10003358:	50110000 	.word	0x50110000

1000335c <dcd_edpt_open>:
1000335c:	b5f0      	push	{r4, r5, r6, r7, lr}
1000335e:	46c6      	mov	lr, r8
10003360:	2307      	movs	r3, #7
10003362:	b500      	push	{lr}
10003364:	7948      	ldrb	r0, [r1, #5]
10003366:	788f      	ldrb	r7, [r1, #2]
10003368:	790a      	ldrb	r2, [r1, #4]
1000336a:	4003      	ands	r3, r0
1000336c:	78c8      	ldrb	r0, [r1, #3]
1000336e:	217f      	movs	r1, #127	; 0x7f
10003370:	0780      	lsls	r0, r0, #30
10003372:	4039      	ands	r1, r7
10003374:	0f80      	lsrs	r0, r0, #30
10003376:	021b      	lsls	r3, r3, #8
10003378:	09fc      	lsrs	r4, r7, #7
1000337a:	4313      	orrs	r3, r2
1000337c:	004e      	lsls	r6, r1, #1
1000337e:	b2c2      	uxtb	r2, r0
10003380:	4694      	mov	ip, r2
10003382:	4d28      	ldr	r5, [pc, #160]	; (10003424 <dcd_edpt_open+0xc8>)
10003384:	1932      	adds	r2, r6, r4
10003386:	0152      	lsls	r2, r2, #5
10003388:	18aa      	adds	r2, r5, r2
1000338a:	7097      	strb	r7, [r2, #2]
1000338c:	2701      	movs	r7, #1
1000338e:	4067      	eors	r7, r4
10003390:	7057      	strb	r7, [r2, #1]
10003392:	2700      	movs	r7, #0
10003394:	8393      	strh	r3, [r2, #28]
10003396:	70d7      	strb	r7, [r2, #3]
10003398:	7790      	strb	r0, [r2, #30]
1000339a:	00ca      	lsls	r2, r1, #3
1000339c:	2c01      	cmp	r4, #1
1000339e:	d027      	beq.n	100033f0 <dcd_edpt_open+0x94>
100033a0:	4821      	ldr	r0, [pc, #132]	; (10003428 <dcd_edpt_open+0xcc>)
100033a2:	4680      	mov	r8, r0
100033a4:	0188      	lsls	r0, r1, #6
100033a6:	4442      	add	r2, r8
100033a8:	1828      	adds	r0, r5, r0
100033aa:	6082      	str	r2, [r0, #8]
100033ac:	6017      	str	r7, [r2, #0]
100033ae:	2900      	cmp	r1, #0
100033b0:	d027      	beq.n	10003402 <dcd_edpt_open+0xa6>
100033b2:	4a1e      	ldr	r2, [pc, #120]	; (1000342c <dcd_edpt_open+0xd0>)
100033b4:	00c9      	lsls	r1, r1, #3
100033b6:	4690      	mov	r8, r2
100033b8:	4441      	add	r1, r8
100033ba:	6041      	str	r1, [r0, #4]
100033bc:	223f      	movs	r2, #63	; 0x3f
100033be:	333f      	adds	r3, #63	; 0x3f
100033c0:	4393      	bics	r3, r2
100033c2:	4662      	mov	r2, ip
100033c4:	2a02      	cmp	r2, #2
100033c6:	d100      	bne.n	100033ca <dcd_edpt_open+0x6e>
100033c8:	005b      	lsls	r3, r3, #1
100033ca:	4919      	ldr	r1, [pc, #100]	; (10003430 <dcd_edpt_open+0xd4>)
100033cc:	1936      	adds	r6, r6, r4
100033ce:	680a      	ldr	r2, [r1, #0]
100033d0:	0176      	lsls	r6, r6, #5
100033d2:	18d3      	adds	r3, r2, r3
100033d4:	600b      	str	r3, [r1, #0]
100033d6:	4b17      	ldr	r3, [pc, #92]	; (10003434 <dcd_edpt_open+0xd8>)
100033d8:	19ad      	adds	r5, r5, r6
100033da:	60ea      	str	r2, [r5, #12]
100033dc:	4053      	eors	r3, r2
100033de:	4662      	mov	r2, ip
100033e0:	0692      	lsls	r2, r2, #26
100033e2:	4313      	orrs	r3, r2
100033e4:	2280      	movs	r2, #128	; 0x80
100033e6:	0612      	lsls	r2, r2, #24
100033e8:	4313      	orrs	r3, r2
100033ea:	686a      	ldr	r2, [r5, #4]
100033ec:	6013      	str	r3, [r2, #0]
100033ee:	e00e      	b.n	1000340e <dcd_edpt_open+0xb2>
100033f0:	4811      	ldr	r0, [pc, #68]	; (10003438 <dcd_edpt_open+0xdc>)
100033f2:	4680      	mov	r8, r0
100033f4:	0188      	lsls	r0, r1, #6
100033f6:	4442      	add	r2, r8
100033f8:	1828      	adds	r0, r5, r0
100033fa:	6282      	str	r2, [r0, #40]	; 0x28
100033fc:	6017      	str	r7, [r2, #0]
100033fe:	2900      	cmp	r1, #0
10003400:	d109      	bne.n	10003416 <dcd_edpt_open+0xba>
10003402:	2300      	movs	r3, #0
10003404:	0164      	lsls	r4, r4, #5
10003406:	192d      	adds	r5, r5, r4
10003408:	606b      	str	r3, [r5, #4]
1000340a:	4b0c      	ldr	r3, [pc, #48]	; (1000343c <dcd_edpt_open+0xe0>)
1000340c:	60eb      	str	r3, [r5, #12]
1000340e:	2001      	movs	r0, #1
10003410:	bc04      	pop	{r2}
10003412:	4690      	mov	r8, r2
10003414:	bdf0      	pop	{r4, r5, r6, r7, pc}
10003416:	4a07      	ldr	r2, [pc, #28]	; (10003434 <dcd_edpt_open+0xd8>)
10003418:	00c9      	lsls	r1, r1, #3
1000341a:	4690      	mov	r8, r2
1000341c:	4441      	add	r1, r8
1000341e:	6241      	str	r1, [r0, #36]	; 0x24
10003420:	e7cc      	b.n	100033bc <dcd_edpt_open+0x60>
10003422:	46c0      	nop			; (mov r8, r8)
10003424:	20000adc 	.word	0x20000adc
10003428:	50100084 	.word	0x50100084
1000342c:	50100004 	.word	0x50100004
10003430:	20000ee4 	.word	0x20000ee4
10003434:	50100000 	.word	0x50100000
10003438:	50100080 	.word	0x50100080
1000343c:	50100100 	.word	0x50100100

10003440 <dcd_edpt_close_all>:
10003440:	2300      	movs	r3, #0
10003442:	4a1c      	ldr	r2, [pc, #112]	; (100034b4 <dcd_edpt_close_all+0x74>)
10003444:	b510      	push	{r4, lr}
10003446:	6093      	str	r3, [r2, #8]
10003448:	60d3      	str	r3, [r2, #12]
1000344a:	4a1b      	ldr	r2, [pc, #108]	; (100034b8 <dcd_edpt_close_all+0x78>)
1000344c:	2100      	movs	r1, #0
1000344e:	6093      	str	r3, [r2, #8]
10003450:	60d3      	str	r3, [r2, #12]
10003452:	4a1a      	ldr	r2, [pc, #104]	; (100034bc <dcd_edpt_close_all+0x7c>)
10003454:	481a      	ldr	r0, [pc, #104]	; (100034c0 <dcd_edpt_close_all+0x80>)
10003456:	6093      	str	r3, [r2, #8]
10003458:	60d3      	str	r3, [r2, #12]
1000345a:	4a1a      	ldr	r2, [pc, #104]	; (100034c4 <dcd_edpt_close_all+0x84>)
1000345c:	6093      	str	r3, [r2, #8]
1000345e:	60d3      	str	r3, [r2, #12]
10003460:	4a19      	ldr	r2, [pc, #100]	; (100034c8 <dcd_edpt_close_all+0x88>)
10003462:	6093      	str	r3, [r2, #8]
10003464:	60d3      	str	r3, [r2, #12]
10003466:	4a19      	ldr	r2, [pc, #100]	; (100034cc <dcd_edpt_close_all+0x8c>)
10003468:	6093      	str	r3, [r2, #8]
1000346a:	60d3      	str	r3, [r2, #12]
1000346c:	4a18      	ldr	r2, [pc, #96]	; (100034d0 <dcd_edpt_close_all+0x90>)
1000346e:	6093      	str	r3, [r2, #8]
10003470:	60d3      	str	r3, [r2, #12]
10003472:	4a18      	ldr	r2, [pc, #96]	; (100034d4 <dcd_edpt_close_all+0x94>)
10003474:	6093      	str	r3, [r2, #8]
10003476:	60d3      	str	r3, [r2, #12]
10003478:	4a17      	ldr	r2, [pc, #92]	; (100034d8 <dcd_edpt_close_all+0x98>)
1000347a:	6093      	str	r3, [r2, #8]
1000347c:	60d3      	str	r3, [r2, #12]
1000347e:	4a17      	ldr	r2, [pc, #92]	; (100034dc <dcd_edpt_close_all+0x9c>)
10003480:	6093      	str	r3, [r2, #8]
10003482:	60d3      	str	r3, [r2, #12]
10003484:	4a16      	ldr	r2, [pc, #88]	; (100034e0 <dcd_edpt_close_all+0xa0>)
10003486:	6093      	str	r3, [r2, #8]
10003488:	60d3      	str	r3, [r2, #12]
1000348a:	4a16      	ldr	r2, [pc, #88]	; (100034e4 <dcd_edpt_close_all+0xa4>)
1000348c:	6093      	str	r3, [r2, #8]
1000348e:	60d3      	str	r3, [r2, #12]
10003490:	4a15      	ldr	r2, [pc, #84]	; (100034e8 <dcd_edpt_close_all+0xa8>)
10003492:	6093      	str	r3, [r2, #8]
10003494:	60d3      	str	r3, [r2, #12]
10003496:	4a15      	ldr	r2, [pc, #84]	; (100034ec <dcd_edpt_close_all+0xac>)
10003498:	6093      	str	r3, [r2, #8]
1000349a:	60d3      	str	r3, [r2, #12]
1000349c:	4a14      	ldr	r2, [pc, #80]	; (100034f0 <dcd_edpt_close_all+0xb0>)
1000349e:	6093      	str	r3, [r2, #8]
100034a0:	60d3      	str	r3, [r2, #12]
100034a2:	22f0      	movs	r2, #240	; 0xf0
100034a4:	0092      	lsls	r2, r2, #2
100034a6:	f7ff fa39 	bl	1000291c <__wrap_memset>
100034aa:	4b12      	ldr	r3, [pc, #72]	; (100034f4 <dcd_edpt_close_all+0xb4>)
100034ac:	4a12      	ldr	r2, [pc, #72]	; (100034f8 <dcd_edpt_close_all+0xb8>)
100034ae:	601a      	str	r2, [r3, #0]
100034b0:	bd10      	pop	{r4, pc}
100034b2:	46c0      	nop			; (mov r8, r8)
100034b4:	50100000 	.word	0x50100000
100034b8:	50100008 	.word	0x50100008
100034bc:	50100010 	.word	0x50100010
100034c0:	20000b1c 	.word	0x20000b1c
100034c4:	50100018 	.word	0x50100018
100034c8:	50100020 	.word	0x50100020
100034cc:	50100028 	.word	0x50100028
100034d0:	50100030 	.word	0x50100030
100034d4:	50100038 	.word	0x50100038
100034d8:	50100040 	.word	0x50100040
100034dc:	50100048 	.word	0x50100048
100034e0:	50100050 	.word	0x50100050
100034e4:	50100058 	.word	0x50100058
100034e8:	50100060 	.word	0x50100060
100034ec:	50100068 	.word	0x50100068
100034f0:	50100070 	.word	0x50100070
100034f4:	20000ee4 	.word	0x20000ee4
100034f8:	50100180 	.word	0x50100180

100034fc <dcd_edpt_xfer>:
100034fc:	207f      	movs	r0, #127	; 0x7f
100034fe:	b520      	push	{r5, lr}
10003500:	0015      	movs	r5, r2
10003502:	4008      	ands	r0, r1
10003504:	0040      	lsls	r0, r0, #1
10003506:	09c9      	lsrs	r1, r1, #7
10003508:	1840      	adds	r0, r0, r1
1000350a:	4904      	ldr	r1, [pc, #16]	; (1000351c <dcd_edpt_xfer+0x20>)
1000350c:	0140      	lsls	r0, r0, #5
1000350e:	1840      	adds	r0, r0, r1
10003510:	001a      	movs	r2, r3
10003512:	0029      	movs	r1, r5
10003514:	f000 f890 	bl	10003638 <hw_endpoint_xfer_start>
10003518:	2001      	movs	r0, #1
1000351a:	bd20      	pop	{r5, pc}
1000351c:	20000adc 	.word	0x20000adc

10003520 <dcd_edpt_stall>:
10003520:	237f      	movs	r3, #127	; 0x7f
10003522:	b510      	push	{r4, lr}
10003524:	400b      	ands	r3, r1
10003526:	09c9      	lsrs	r1, r1, #7
10003528:	2b00      	cmp	r3, #0
1000352a:	d103      	bne.n	10003534 <dcd_edpt_stall+0x14>
1000352c:	2202      	movs	r2, #2
1000352e:	4807      	ldr	r0, [pc, #28]	; (1000354c <dcd_edpt_stall+0x2c>)
10003530:	1a52      	subs	r2, r2, r1
10003532:	6682      	str	r2, [r0, #104]	; 0x68
10003534:	2280      	movs	r2, #128	; 0x80
10003536:	0058      	lsls	r0, r3, #1
10003538:	1840      	adds	r0, r0, r1
1000353a:	4b05      	ldr	r3, [pc, #20]	; (10003550 <dcd_edpt_stall+0x30>)
1000353c:	0140      	lsls	r0, r0, #5
1000353e:	18c0      	adds	r0, r0, r3
10003540:	0112      	lsls	r2, r2, #4
10003542:	2100      	movs	r1, #0
10003544:	f000 f858 	bl	100035f8 <_hw_endpoint_buffer_control_update32>
10003548:	bd10      	pop	{r4, pc}
1000354a:	46c0      	nop			; (mov r8, r8)
1000354c:	50112000 	.word	0x50112000
10003550:	20000adc 	.word	0x20000adc

10003554 <dcd_edpt_clear_stall>:
10003554:	237f      	movs	r3, #127	; 0x7f
10003556:	b510      	push	{r4, lr}
10003558:	400b      	ands	r3, r1
1000355a:	d100      	bne.n	1000355e <dcd_edpt_clear_stall+0xa>
1000355c:	bd10      	pop	{r4, pc}
1000355e:	09c9      	lsrs	r1, r1, #7
10003560:	0058      	lsls	r0, r3, #1
10003562:	1840      	adds	r0, r0, r1
10003564:	4b04      	ldr	r3, [pc, #16]	; (10003578 <dcd_edpt_clear_stall+0x24>)
10003566:	0140      	lsls	r0, r0, #5
10003568:	1818      	adds	r0, r3, r0
1000356a:	2300      	movs	r3, #0
1000356c:	2200      	movs	r2, #0
1000356e:	70c3      	strb	r3, [r0, #3]
10003570:	4902      	ldr	r1, [pc, #8]	; (1000357c <dcd_edpt_clear_stall+0x28>)
10003572:	f000 f841 	bl	100035f8 <_hw_endpoint_buffer_control_update32>
10003576:	e7f1      	b.n	1000355c <dcd_edpt_clear_stall+0x8>
10003578:	20000adc 	.word	0x20000adc
1000357c:	fffff7ff 	.word	0xfffff7ff

10003580 <_hw_endpoint_buffer_control_update32.part.2>:
10003580:	217f      	movs	r1, #127	; 0x7f
10003582:	b510      	push	{r4, lr}
10003584:	7880      	ldrb	r0, [r0, #2]
10003586:	4a04      	ldr	r2, [pc, #16]	; (10003598 <_hw_endpoint_buffer_control_update32.part.2+0x18>)
10003588:	09c3      	lsrs	r3, r0, #7
1000358a:	009b      	lsls	r3, r3, #2
1000358c:	4001      	ands	r1, r0
1000358e:	589a      	ldr	r2, [r3, r2]
10003590:	4802      	ldr	r0, [pc, #8]	; (1000359c <_hw_endpoint_buffer_control_update32.part.2+0x1c>)
10003592:	f7fe fe2d 	bl	100021f0 <panic>
10003596:	46c0      	nop			; (mov r8, r8)
10003598:	20000424 	.word	0x20000424
1000359c:	100058f4 	.word	0x100058f4

100035a0 <rp2040_usb_init>:
100035a0:	2280      	movs	r2, #128	; 0x80
100035a2:	4b0d      	ldr	r3, [pc, #52]	; (100035d8 <rp2040_usb_init+0x38>)
100035a4:	0452      	lsls	r2, r2, #17
100035a6:	b510      	push	{r4, lr}
100035a8:	601a      	str	r2, [r3, #0]
100035aa:	4b0c      	ldr	r3, [pc, #48]	; (100035dc <rp2040_usb_init+0x3c>)
100035ac:	490c      	ldr	r1, [pc, #48]	; (100035e0 <rp2040_usb_init+0x40>)
100035ae:	601a      	str	r2, [r3, #0]
100035b0:	0010      	movs	r0, r2
100035b2:	688b      	ldr	r3, [r1, #8]
100035b4:	4398      	bics	r0, r3
100035b6:	d1fb      	bne.n	100035b0 <rp2040_usb_init+0x10>
100035b8:	4c0a      	ldr	r4, [pc, #40]	; (100035e4 <rp2040_usb_init+0x44>)
100035ba:	229c      	movs	r2, #156	; 0x9c
100035bc:	2100      	movs	r1, #0
100035be:	0020      	movs	r0, r4
100035c0:	f7ff f9ac 	bl	1000291c <__wrap_memset>
100035c4:	2280      	movs	r2, #128	; 0x80
100035c6:	2100      	movs	r1, #0
100035c8:	0152      	lsls	r2, r2, #5
100035ca:	4807      	ldr	r0, [pc, #28]	; (100035e8 <rp2040_usb_init+0x48>)
100035cc:	f7ff f9a6 	bl	1000291c <__wrap_memset>
100035d0:	2309      	movs	r3, #9
100035d2:	6763      	str	r3, [r4, #116]	; 0x74
100035d4:	bd10      	pop	{r4, pc}
100035d6:	46c0      	nop			; (mov r8, r8)
100035d8:	4000e000 	.word	0x4000e000
100035dc:	4000f000 	.word	0x4000f000
100035e0:	4000c000 	.word	0x4000c000
100035e4:	50110000 	.word	0x50110000
100035e8:	50100000 	.word	0x50100000

100035ec <hw_endpoint_reset_transfer>:
100035ec:	2300      	movs	r3, #0
100035ee:	7403      	strb	r3, [r0, #16]
100035f0:	8243      	strh	r3, [r0, #18]
100035f2:	8283      	strh	r3, [r0, #20]
100035f4:	6183      	str	r3, [r0, #24]
100035f6:	4770      	bx	lr

100035f8 <_hw_endpoint_buffer_control_update32>:
100035f8:	b510      	push	{r4, lr}
100035fa:	6883      	ldr	r3, [r0, #8]
100035fc:	2900      	cmp	r1, #0
100035fe:	d001      	beq.n	10003604 <_hw_endpoint_buffer_control_update32+0xc>
10003600:	681c      	ldr	r4, [r3, #0]
10003602:	4021      	ands	r1, r4
10003604:	2a00      	cmp	r2, #0
10003606:	d011      	beq.n	1000362c <_hw_endpoint_buffer_control_update32+0x34>
10003608:	2480      	movs	r4, #128	; 0x80
1000360a:	00e4      	lsls	r4, r4, #3
1000360c:	4311      	orrs	r1, r2
1000360e:	4222      	tst	r2, r4
10003610:	d00c      	beq.n	1000362c <_hw_endpoint_buffer_control_update32+0x34>
10003612:	681a      	ldr	r2, [r3, #0]
10003614:	4222      	tst	r2, r4
10003616:	d10b      	bne.n	10003630 <_hw_endpoint_buffer_control_update32+0x38>
10003618:	4a06      	ldr	r2, [pc, #24]	; (10003634 <_hw_endpoint_buffer_control_update32+0x3c>)
1000361a:	400a      	ands	r2, r1
1000361c:	601a      	str	r2, [r3, #0]
1000361e:	e7ff      	b.n	10003620 <_hw_endpoint_buffer_control_update32+0x28>
10003620:	e7ff      	b.n	10003622 <_hw_endpoint_buffer_control_update32+0x2a>
10003622:	e7ff      	b.n	10003624 <_hw_endpoint_buffer_control_update32+0x2c>
10003624:	e7ff      	b.n	10003626 <_hw_endpoint_buffer_control_update32+0x2e>
10003626:	e7ff      	b.n	10003628 <_hw_endpoint_buffer_control_update32+0x30>
10003628:	e7ff      	b.n	1000362a <_hw_endpoint_buffer_control_update32+0x32>
1000362a:	6883      	ldr	r3, [r0, #8]
1000362c:	6019      	str	r1, [r3, #0]
1000362e:	bd10      	pop	{r4, pc}
10003630:	f7ff ffa6 	bl	10003580 <_hw_endpoint_buffer_control_update32.part.2>
10003634:	fffffbff 	.word	0xfffffbff

10003638 <hw_endpoint_xfer_start>:
10003638:	b5f0      	push	{r4, r5, r6, r7, lr}
1000363a:	46c6      	mov	lr, r8
1000363c:	2300      	movs	r3, #0
1000363e:	b500      	push	{lr}
10003640:	8283      	strh	r3, [r0, #20]
10003642:	3301      	adds	r3, #1
10003644:	7403      	strb	r3, [r0, #16]
10003646:	6843      	ldr	r3, [r0, #4]
10003648:	0004      	movs	r4, r0
1000364a:	681e      	ldr	r6, [r3, #0]
1000364c:	8b83      	ldrh	r3, [r0, #28]
1000364e:	6181      	str	r1, [r0, #24]
10003650:	1c1f      	adds	r7, r3, #0
10003652:	4293      	cmp	r3, r2
10003654:	d900      	bls.n	10003658 <hw_endpoint_xfer_start+0x20>
10003656:	1c17      	adds	r7, r2, #0
10003658:	2580      	movs	r5, #128	; 0x80
1000365a:	b2bf      	uxth	r7, r7
1000365c:	1bd2      	subs	r2, r2, r7
1000365e:	78e3      	ldrb	r3, [r4, #3]
10003660:	b292      	uxth	r2, r2
10003662:	00ed      	lsls	r5, r5, #3
10003664:	8262      	strh	r2, [r4, #18]
10003666:	433d      	orrs	r5, r7
10003668:	2b00      	cmp	r3, #0
1000366a:	d002      	beq.n	10003672 <hw_endpoint_xfer_start+0x3a>
1000366c:	2590      	movs	r5, #144	; 0x90
1000366e:	01ad      	lsls	r5, r5, #6
10003670:	433d      	orrs	r5, r7
10003672:	2001      	movs	r0, #1
10003674:	4043      	eors	r3, r0
10003676:	70e3      	strb	r3, [r4, #3]
10003678:	7863      	ldrb	r3, [r4, #1]
1000367a:	2b00      	cmp	r3, #0
1000367c:	d02a      	beq.n	100036d4 <hw_endpoint_xfer_start+0x9c>
1000367e:	2a00      	cmp	r2, #0
10003680:	d022      	beq.n	100036c8 <hw_endpoint_xfer_start+0x90>
10003682:	2380      	movs	r3, #128	; 0x80
10003684:	015b      	lsls	r3, r3, #5
10003686:	431d      	orrs	r5, r3
10003688:	4b35      	ldr	r3, [pc, #212]	; (10003760 <hw_endpoint_xfer_start+0x128>)
1000368a:	6c1b      	ldr	r3, [r3, #64]	; 0x40
1000368c:	079b      	lsls	r3, r3, #30
1000368e:	d42e      	bmi.n	100036ee <hw_endpoint_xfer_start+0xb6>
10003690:	78a3      	ldrb	r3, [r4, #2]
10003692:	09db      	lsrs	r3, r3, #7
10003694:	d12b      	bne.n	100036ee <hw_endpoint_xfer_start+0xb6>
10003696:	4b33      	ldr	r3, [pc, #204]	; (10003764 <hw_endpoint_xfer_start+0x12c>)
10003698:	4033      	ands	r3, r6
1000369a:	2680      	movs	r6, #128	; 0x80
1000369c:	05b6      	lsls	r6, r6, #22
1000369e:	431e      	orrs	r6, r3
100036a0:	6863      	ldr	r3, [r4, #4]
100036a2:	68a2      	ldr	r2, [r4, #8]
100036a4:	601e      	str	r6, [r3, #0]
100036a6:	6813      	ldr	r3, [r2, #0]
100036a8:	055b      	lsls	r3, r3, #21
100036aa:	d455      	bmi.n	10003758 <hw_endpoint_xfer_start+0x120>
100036ac:	4b2e      	ldr	r3, [pc, #184]	; (10003768 <hw_endpoint_xfer_start+0x130>)
100036ae:	402b      	ands	r3, r5
100036b0:	6013      	str	r3, [r2, #0]
100036b2:	e7ff      	b.n	100036b4 <hw_endpoint_xfer_start+0x7c>
100036b4:	e7ff      	b.n	100036b6 <hw_endpoint_xfer_start+0x7e>
100036b6:	e7ff      	b.n	100036b8 <hw_endpoint_xfer_start+0x80>
100036b8:	e7ff      	b.n	100036ba <hw_endpoint_xfer_start+0x82>
100036ba:	e7ff      	b.n	100036bc <hw_endpoint_xfer_start+0x84>
100036bc:	e7ff      	b.n	100036be <hw_endpoint_xfer_start+0x86>
100036be:	68a3      	ldr	r3, [r4, #8]
100036c0:	601d      	str	r5, [r3, #0]
100036c2:	bc04      	pop	{r2}
100036c4:	4690      	mov	r8, r2
100036c6:	bdf0      	pop	{r4, r5, r6, r7, pc}
100036c8:	23a0      	movs	r3, #160	; 0xa0
100036ca:	01db      	lsls	r3, r3, #7
100036cc:	431d      	orrs	r5, r3
100036ce:	4b24      	ldr	r3, [pc, #144]	; (10003760 <hw_endpoint_xfer_start+0x128>)
100036d0:	6c1b      	ldr	r3, [r3, #64]	; 0x40
100036d2:	e7e0      	b.n	10003696 <hw_endpoint_xfer_start+0x5e>
100036d4:	003a      	movs	r2, r7
100036d6:	68e0      	ldr	r0, [r4, #12]
100036d8:	f7ff f926 	bl	10002928 <__wrap___aeabi_memcpy>
100036dc:	69a3      	ldr	r3, [r4, #24]
100036de:	8a62      	ldrh	r2, [r4, #18]
100036e0:	469c      	mov	ip, r3
100036e2:	2380      	movs	r3, #128	; 0x80
100036e4:	4467      	add	r7, ip
100036e6:	021b      	lsls	r3, r3, #8
100036e8:	61a7      	str	r7, [r4, #24]
100036ea:	431d      	orrs	r5, r3
100036ec:	e7c7      	b.n	1000367e <hw_endpoint_xfer_start+0x46>
100036ee:	8ba3      	ldrh	r3, [r4, #28]
100036f0:	1c19      	adds	r1, r3, #0
100036f2:	4293      	cmp	r3, r2
100036f4:	d900      	bls.n	100036f8 <hw_endpoint_xfer_start+0xc0>
100036f6:	1c11      	adds	r1, r2, #0
100036f8:	2780      	movs	r7, #128	; 0x80
100036fa:	b28b      	uxth	r3, r1
100036fc:	00ff      	lsls	r7, r7, #3
100036fe:	1ad2      	subs	r2, r2, r3
10003700:	4698      	mov	r8, r3
10003702:	431f      	orrs	r7, r3
10003704:	78e3      	ldrb	r3, [r4, #3]
10003706:	b292      	uxth	r2, r2
10003708:	8262      	strh	r2, [r4, #18]
1000370a:	2b00      	cmp	r3, #0
1000370c:	d003      	beq.n	10003716 <hw_endpoint_xfer_start+0xde>
1000370e:	2790      	movs	r7, #144	; 0x90
10003710:	4641      	mov	r1, r8
10003712:	01bf      	lsls	r7, r7, #6
10003714:	430f      	orrs	r7, r1
10003716:	2101      	movs	r1, #1
10003718:	404b      	eors	r3, r1
1000371a:	70e3      	strb	r3, [r4, #3]
1000371c:	7863      	ldrb	r3, [r4, #1]
1000371e:	2b00      	cmp	r3, #0
10003720:	d00c      	beq.n	1000373c <hw_endpoint_xfer_start+0x104>
10003722:	2a00      	cmp	r2, #0
10003724:	d102      	bne.n	1000372c <hw_endpoint_xfer_start+0xf4>
10003726:	2380      	movs	r3, #128	; 0x80
10003728:	01db      	lsls	r3, r3, #7
1000372a:	431f      	orrs	r7, r3
1000372c:	4b0f      	ldr	r3, [pc, #60]	; (1000376c <hw_endpoint_xfer_start+0x134>)
1000372e:	043f      	lsls	r7, r7, #16
10003730:	4033      	ands	r3, r6
10003732:	26a0      	movs	r6, #160	; 0xa0
10003734:	05f6      	lsls	r6, r6, #23
10003736:	433d      	orrs	r5, r7
10003738:	431e      	orrs	r6, r3
1000373a:	e7b1      	b.n	100036a0 <hw_endpoint_xfer_start+0x68>
1000373c:	68e0      	ldr	r0, [r4, #12]
1000373e:	4642      	mov	r2, r8
10003740:	3040      	adds	r0, #64	; 0x40
10003742:	69a1      	ldr	r1, [r4, #24]
10003744:	f7ff f8f0 	bl	10002928 <__wrap___aeabi_memcpy>
10003748:	69a3      	ldr	r3, [r4, #24]
1000374a:	8a62      	ldrh	r2, [r4, #18]
1000374c:	4443      	add	r3, r8
1000374e:	61a3      	str	r3, [r4, #24]
10003750:	2380      	movs	r3, #128	; 0x80
10003752:	021b      	lsls	r3, r3, #8
10003754:	431f      	orrs	r7, r3
10003756:	e7e4      	b.n	10003722 <hw_endpoint_xfer_start+0xea>
10003758:	0020      	movs	r0, r4
1000375a:	f7ff ff11 	bl	10003580 <_hw_endpoint_buffer_control_update32.part.2>
1000375e:	46c0      	nop			; (mov r8, r8)
10003760:	50110000 	.word	0x50110000
10003764:	afffffff 	.word	0xafffffff
10003768:	fffffbff 	.word	0xfffffbff
1000376c:	dfffffff 	.word	0xdfffffff

10003770 <hw_endpoint_xfer_continue>:
10003770:	b5f0      	push	{r4, r5, r6, r7, lr}
10003772:	46c6      	mov	lr, r8
10003774:	b500      	push	{lr}
10003776:	7c06      	ldrb	r6, [r0, #16]
10003778:	0004      	movs	r4, r0
1000377a:	2e00      	cmp	r6, #0
1000377c:	d100      	bne.n	10003780 <hw_endpoint_xfer_continue+0x10>
1000377e:	e0d1      	b.n	10003924 <hw_endpoint_xfer_continue+0x1b4>
10003780:	6883      	ldr	r3, [r0, #8]
10003782:	681a      	ldr	r2, [r3, #0]
10003784:	681d      	ldr	r5, [r3, #0]
10003786:	7843      	ldrb	r3, [r0, #1]
10003788:	05ad      	lsls	r5, r5, #22
1000378a:	0dad      	lsrs	r5, r5, #22
1000378c:	2b00      	cmp	r3, #0
1000378e:	d150      	bne.n	10003832 <hw_endpoint_xfer_continue+0xc2>
10003790:	8a83      	ldrh	r3, [r0, #20]
10003792:	18eb      	adds	r3, r5, r3
10003794:	b29b      	uxth	r3, r3
10003796:	8283      	strh	r3, [r0, #20]
10003798:	8ba1      	ldrh	r1, [r4, #28]
1000379a:	6862      	ldr	r2, [r4, #4]
1000379c:	428d      	cmp	r5, r1
1000379e:	d206      	bcs.n	100037ae <hw_endpoint_xfer_continue+0x3e>
100037a0:	2300      	movs	r3, #0
100037a2:	8263      	strh	r3, [r4, #18]
100037a4:	6813      	ldr	r3, [r2, #0]
100037a6:	0030      	movs	r0, r6
100037a8:	bc04      	pop	{r2}
100037aa:	4690      	mov	r8, r2
100037ac:	bdf0      	pop	{r4, r5, r6, r7, pc}
100037ae:	6812      	ldr	r2, [r2, #0]
100037b0:	0052      	lsls	r2, r2, #1
100037b2:	d502      	bpl.n	100037ba <hw_endpoint_xfer_continue+0x4a>
100037b4:	428d      	cmp	r5, r1
100037b6:	d100      	bne.n	100037ba <hw_endpoint_xfer_continue+0x4a>
100037b8:	e074      	b.n	100038a4 <hw_endpoint_xfer_continue+0x134>
100037ba:	8a63      	ldrh	r3, [r4, #18]
100037bc:	2b00      	cmp	r3, #0
100037be:	d0f2      	beq.n	100037a6 <hw_endpoint_xfer_continue+0x36>
100037c0:	6862      	ldr	r2, [r4, #4]
100037c2:	1c1f      	adds	r7, r3, #0
100037c4:	6816      	ldr	r6, [r2, #0]
100037c6:	428b      	cmp	r3, r1
100037c8:	d900      	bls.n	100037cc <hw_endpoint_xfer_continue+0x5c>
100037ca:	1c0f      	adds	r7, r1, #0
100037cc:	2580      	movs	r5, #128	; 0x80
100037ce:	b2bf      	uxth	r7, r7
100037d0:	1bdb      	subs	r3, r3, r7
100037d2:	78e2      	ldrb	r2, [r4, #3]
100037d4:	b29b      	uxth	r3, r3
100037d6:	00ed      	lsls	r5, r5, #3
100037d8:	8263      	strh	r3, [r4, #18]
100037da:	433d      	orrs	r5, r7
100037dc:	2a00      	cmp	r2, #0
100037de:	d002      	beq.n	100037e6 <hw_endpoint_xfer_continue+0x76>
100037e0:	2590      	movs	r5, #144	; 0x90
100037e2:	01ad      	lsls	r5, r5, #6
100037e4:	433d      	orrs	r5, r7
100037e6:	2101      	movs	r1, #1
100037e8:	404a      	eors	r2, r1
100037ea:	70e2      	strb	r2, [r4, #3]
100037ec:	7862      	ldrb	r2, [r4, #1]
100037ee:	2a00      	cmp	r2, #0
100037f0:	d067      	beq.n	100038c2 <hw_endpoint_xfer_continue+0x152>
100037f2:	2b00      	cmp	r3, #0
100037f4:	d12a      	bne.n	1000384c <hw_endpoint_xfer_continue+0xdc>
100037f6:	23a0      	movs	r3, #160	; 0xa0
100037f8:	01db      	lsls	r3, r3, #7
100037fa:	431d      	orrs	r5, r3
100037fc:	4b4e      	ldr	r3, [pc, #312]	; (10003938 <hw_endpoint_xfer_continue+0x1c8>)
100037fe:	6c1b      	ldr	r3, [r3, #64]	; 0x40
10003800:	4b4e      	ldr	r3, [pc, #312]	; (1000393c <hw_endpoint_xfer_continue+0x1cc>)
10003802:	4033      	ands	r3, r6
10003804:	2680      	movs	r6, #128	; 0x80
10003806:	05b6      	lsls	r6, r6, #22
10003808:	431e      	orrs	r6, r3
1000380a:	6863      	ldr	r3, [r4, #4]
1000380c:	68a2      	ldr	r2, [r4, #8]
1000380e:	601e      	str	r6, [r3, #0]
10003810:	6813      	ldr	r3, [r2, #0]
10003812:	055b      	lsls	r3, r3, #21
10003814:	d500      	bpl.n	10003818 <hw_endpoint_xfer_continue+0xa8>
10003816:	e08c      	b.n	10003932 <hw_endpoint_xfer_continue+0x1c2>
10003818:	4b49      	ldr	r3, [pc, #292]	; (10003940 <hw_endpoint_xfer_continue+0x1d0>)
1000381a:	402b      	ands	r3, r5
1000381c:	6013      	str	r3, [r2, #0]
1000381e:	e7ff      	b.n	10003820 <hw_endpoint_xfer_continue+0xb0>
10003820:	e7ff      	b.n	10003822 <hw_endpoint_xfer_continue+0xb2>
10003822:	e7ff      	b.n	10003824 <hw_endpoint_xfer_continue+0xb4>
10003824:	e7ff      	b.n	10003826 <hw_endpoint_xfer_continue+0xb6>
10003826:	e7ff      	b.n	10003828 <hw_endpoint_xfer_continue+0xb8>
10003828:	e7ff      	b.n	1000382a <hw_endpoint_xfer_continue+0xba>
1000382a:	68a3      	ldr	r3, [r4, #8]
1000382c:	2600      	movs	r6, #0
1000382e:	601d      	str	r5, [r3, #0]
10003830:	e7b9      	b.n	100037a6 <hw_endpoint_xfer_continue+0x36>
10003832:	002a      	movs	r2, r5
10003834:	68c1      	ldr	r1, [r0, #12]
10003836:	6980      	ldr	r0, [r0, #24]
10003838:	f7ff f876 	bl	10002928 <__wrap___aeabi_memcpy>
1000383c:	8aa3      	ldrh	r3, [r4, #20]
1000383e:	69a2      	ldr	r2, [r4, #24]
10003840:	18eb      	adds	r3, r5, r3
10003842:	b29b      	uxth	r3, r3
10003844:	1952      	adds	r2, r2, r5
10003846:	82a3      	strh	r3, [r4, #20]
10003848:	61a2      	str	r2, [r4, #24]
1000384a:	e7a5      	b.n	10003798 <hw_endpoint_xfer_continue+0x28>
1000384c:	2280      	movs	r2, #128	; 0x80
1000384e:	0152      	lsls	r2, r2, #5
10003850:	4315      	orrs	r5, r2
10003852:	4a39      	ldr	r2, [pc, #228]	; (10003938 <hw_endpoint_xfer_continue+0x1c8>)
10003854:	6c12      	ldr	r2, [r2, #64]	; 0x40
10003856:	0792      	lsls	r2, r2, #30
10003858:	d402      	bmi.n	10003860 <hw_endpoint_xfer_continue+0xf0>
1000385a:	78a2      	ldrb	r2, [r4, #2]
1000385c:	09d2      	lsrs	r2, r2, #7
1000385e:	d0cf      	beq.n	10003800 <hw_endpoint_xfer_continue+0x90>
10003860:	8ba2      	ldrh	r2, [r4, #28]
10003862:	1c11      	adds	r1, r2, #0
10003864:	429a      	cmp	r2, r3
10003866:	d83f      	bhi.n	100038e8 <hw_endpoint_xfer_continue+0x178>
10003868:	2780      	movs	r7, #128	; 0x80
1000386a:	b28a      	uxth	r2, r1
1000386c:	00ff      	lsls	r7, r7, #3
1000386e:	1a9b      	subs	r3, r3, r2
10003870:	4690      	mov	r8, r2
10003872:	4317      	orrs	r7, r2
10003874:	78e2      	ldrb	r2, [r4, #3]
10003876:	b29b      	uxth	r3, r3
10003878:	8263      	strh	r3, [r4, #18]
1000387a:	2a00      	cmp	r2, #0
1000387c:	d12f      	bne.n	100038de <hw_endpoint_xfer_continue+0x16e>
1000387e:	2101      	movs	r1, #1
10003880:	404a      	eors	r2, r1
10003882:	70e2      	strb	r2, [r4, #3]
10003884:	7862      	ldrb	r2, [r4, #1]
10003886:	2a00      	cmp	r2, #0
10003888:	d03e      	beq.n	10003908 <hw_endpoint_xfer_continue+0x198>
1000388a:	2b00      	cmp	r3, #0
1000388c:	d102      	bne.n	10003894 <hw_endpoint_xfer_continue+0x124>
1000388e:	2380      	movs	r3, #128	; 0x80
10003890:	01db      	lsls	r3, r3, #7
10003892:	431f      	orrs	r7, r3
10003894:	4b2b      	ldr	r3, [pc, #172]	; (10003944 <hw_endpoint_xfer_continue+0x1d4>)
10003896:	043f      	lsls	r7, r7, #16
10003898:	4033      	ands	r3, r6
1000389a:	26a0      	movs	r6, #160	; 0xa0
1000389c:	05f6      	lsls	r6, r6, #23
1000389e:	433d      	orrs	r5, r7
100038a0:	431e      	orrs	r6, r3
100038a2:	e7b2      	b.n	1000380a <hw_endpoint_xfer_continue+0x9a>
100038a4:	68a2      	ldr	r2, [r4, #8]
100038a6:	6815      	ldr	r5, [r2, #0]
100038a8:	7862      	ldrb	r2, [r4, #1]
100038aa:	01ad      	lsls	r5, r5, #6
100038ac:	0dad      	lsrs	r5, r5, #22
100038ae:	2a00      	cmp	r2, #0
100038b0:	d11c      	bne.n	100038ec <hw_endpoint_xfer_continue+0x17c>
100038b2:	18eb      	adds	r3, r5, r3
100038b4:	82a3      	strh	r3, [r4, #20]
100038b6:	428d      	cmp	r5, r1
100038b8:	d300      	bcc.n	100038bc <hw_endpoint_xfer_continue+0x14c>
100038ba:	e77e      	b.n	100037ba <hw_endpoint_xfer_continue+0x4a>
100038bc:	2300      	movs	r3, #0
100038be:	8263      	strh	r3, [r4, #18]
100038c0:	e771      	b.n	100037a6 <hw_endpoint_xfer_continue+0x36>
100038c2:	003a      	movs	r2, r7
100038c4:	69a1      	ldr	r1, [r4, #24]
100038c6:	68e0      	ldr	r0, [r4, #12]
100038c8:	f7ff f82e 	bl	10002928 <__wrap___aeabi_memcpy>
100038cc:	69a3      	ldr	r3, [r4, #24]
100038ce:	469c      	mov	ip, r3
100038d0:	2380      	movs	r3, #128	; 0x80
100038d2:	4467      	add	r7, ip
100038d4:	021b      	lsls	r3, r3, #8
100038d6:	431d      	orrs	r5, r3
100038d8:	61a7      	str	r7, [r4, #24]
100038da:	8a63      	ldrh	r3, [r4, #18]
100038dc:	e789      	b.n	100037f2 <hw_endpoint_xfer_continue+0x82>
100038de:	2790      	movs	r7, #144	; 0x90
100038e0:	4641      	mov	r1, r8
100038e2:	01bf      	lsls	r7, r7, #6
100038e4:	430f      	orrs	r7, r1
100038e6:	e7ca      	b.n	1000387e <hw_endpoint_xfer_continue+0x10e>
100038e8:	1c19      	adds	r1, r3, #0
100038ea:	e7bd      	b.n	10003868 <hw_endpoint_xfer_continue+0xf8>
100038ec:	68e1      	ldr	r1, [r4, #12]
100038ee:	002a      	movs	r2, r5
100038f0:	3140      	adds	r1, #64	; 0x40
100038f2:	69a0      	ldr	r0, [r4, #24]
100038f4:	f7ff f818 	bl	10002928 <__wrap___aeabi_memcpy>
100038f8:	8aa3      	ldrh	r3, [r4, #20]
100038fa:	8ba1      	ldrh	r1, [r4, #28]
100038fc:	18eb      	adds	r3, r5, r3
100038fe:	82a3      	strh	r3, [r4, #20]
10003900:	69a3      	ldr	r3, [r4, #24]
10003902:	195b      	adds	r3, r3, r5
10003904:	61a3      	str	r3, [r4, #24]
10003906:	e7d6      	b.n	100038b6 <hw_endpoint_xfer_continue+0x146>
10003908:	68e0      	ldr	r0, [r4, #12]
1000390a:	4642      	mov	r2, r8
1000390c:	3040      	adds	r0, #64	; 0x40
1000390e:	69a1      	ldr	r1, [r4, #24]
10003910:	f7ff f80a 	bl	10002928 <__wrap___aeabi_memcpy>
10003914:	69a3      	ldr	r3, [r4, #24]
10003916:	4443      	add	r3, r8
10003918:	61a3      	str	r3, [r4, #24]
1000391a:	2380      	movs	r3, #128	; 0x80
1000391c:	021b      	lsls	r3, r3, #8
1000391e:	431f      	orrs	r7, r3
10003920:	8a63      	ldrh	r3, [r4, #18]
10003922:	e7b2      	b.n	1000388a <hw_endpoint_xfer_continue+0x11a>
10003924:	237f      	movs	r3, #127	; 0x7f
10003926:	7881      	ldrb	r1, [r0, #2]
10003928:	4a07      	ldr	r2, [pc, #28]	; (10003948 <hw_endpoint_xfer_continue+0x1d8>)
1000392a:	4019      	ands	r1, r3
1000392c:	4807      	ldr	r0, [pc, #28]	; (1000394c <hw_endpoint_xfer_continue+0x1dc>)
1000392e:	f7fe fc5f 	bl	100021f0 <panic>
10003932:	0020      	movs	r0, r4
10003934:	f7ff fe24 	bl	10003580 <_hw_endpoint_buffer_control_update32.part.2>
10003938:	50110000 	.word	0x50110000
1000393c:	afffffff 	.word	0xafffffff
10003940:	fffffbff 	.word	0xfffffbff
10003944:	dfffffff 	.word	0xdfffffff
10003948:	20000424 	.word	0x20000424
1000394c:	10005914 	.word	0x10005914

10003950 <tud_mounted>:
10003950:	4b02      	ldr	r3, [pc, #8]	; (1000395c <tud_mounted+0xc>)
10003952:	7858      	ldrb	r0, [r3, #1]
10003954:	1e43      	subs	r3, r0, #1
10003956:	4198      	sbcs	r0, r3
10003958:	b2c0      	uxtb	r0, r0
1000395a:	4770      	bx	lr
1000395c:	200008cc 	.word	0x200008cc

10003960 <tud_suspended>:
10003960:	4b02      	ldr	r3, [pc, #8]	; (1000396c <tud_suspended+0xc>)
10003962:	7818      	ldrb	r0, [r3, #0]
10003964:	0740      	lsls	r0, r0, #29
10003966:	0fc0      	lsrs	r0, r0, #31
10003968:	4770      	bx	lr
1000396a:	46c0      	nop			; (mov r8, r8)
1000396c:	200008cc 	.word	0x200008cc

10003970 <tud_inited>:
10003970:	4b01      	ldr	r3, [pc, #4]	; (10003978 <tud_inited+0x8>)
10003972:	7818      	ldrb	r0, [r3, #0]
10003974:	4770      	bx	lr
10003976:	46c0      	nop			; (mov r8, r8)
10003978:	20000f3f 	.word	0x20000f3f

1000397c <tud_init>:
1000397c:	b5f8      	push	{r3, r4, r5, r6, r7, lr}
1000397e:	4647      	mov	r7, r8
10003980:	46ce      	mov	lr, r9
10003982:	4e29      	ldr	r6, [pc, #164]	; (10003a28 <tud_init+0xac>)
10003984:	b580      	push	{r7, lr}
10003986:	7833      	ldrb	r3, [r6, #0]
10003988:	4680      	mov	r8, r0
1000398a:	2b00      	cmp	r3, #0
1000398c:	d004      	beq.n	10003998 <tud_init+0x1c>
1000398e:	2001      	movs	r0, #1
10003990:	bc0c      	pop	{r2, r3}
10003992:	4690      	mov	r8, r2
10003994:	4699      	mov	r9, r3
10003996:	bdf8      	pop	{r3, r4, r5, r6, r7, pc}
10003998:	2253      	movs	r2, #83	; 0x53
1000399a:	2100      	movs	r1, #0
1000399c:	4823      	ldr	r0, [pc, #140]	; (10003a2c <tud_init+0xb0>)
1000399e:	f7fe ffbd 	bl	1000291c <__wrap_memset>
100039a2:	4c23      	ldr	r4, [pc, #140]	; (10003a30 <tud_init+0xb4>)
100039a4:	0020      	movs	r0, r4
100039a6:	f7fe fb7b 	bl	100020a0 <mutex_init>
100039aa:	4b22      	ldr	r3, [pc, #136]	; (10003a34 <tud_init+0xb8>)
100039ac:	601c      	str	r4, [r3, #0]
100039ae:	4c22      	ldr	r4, [pc, #136]	; (10003a38 <tud_init+0xbc>)
100039b0:	0020      	movs	r0, r4
100039b2:	301c      	adds	r0, #28
100039b4:	f7fe fb90 	bl	100020d8 <critical_section_init>
100039b8:	0020      	movs	r0, r4
100039ba:	f001 fcef 	bl	1000539c <tu_fifo_clear>
100039be:	4b1f      	ldr	r3, [pc, #124]	; (10003a3c <tud_init+0xc0>)
100039c0:	4f1f      	ldr	r7, [pc, #124]	; (10003a40 <tud_init+0xc4>)
100039c2:	601c      	str	r4, [r3, #0]
100039c4:	4d1f      	ldr	r5, [pc, #124]	; (10003a44 <tud_init+0xc8>)
100039c6:	2f00      	cmp	r7, #0
100039c8:	d004      	beq.n	100039d4 <tud_init+0x58>
100039ca:	0028      	movs	r0, r5
100039cc:	f7ff f968 	bl	10002ca0 <usbd_app_driver_get_cb>
100039d0:	4b1d      	ldr	r3, [pc, #116]	; (10003a48 <tud_init+0xcc>)
100039d2:	6018      	str	r0, [r3, #0]
100039d4:	782b      	ldrb	r3, [r5, #0]
100039d6:	2400      	movs	r4, #0
100039d8:	2f00      	cmp	r7, #0
100039da:	d01c      	beq.n	10003a16 <tud_init+0x9a>
100039dc:	4a1a      	ldr	r2, [pc, #104]	; (10003a48 <tud_init+0xcc>)
100039de:	4f1b      	ldr	r7, [pc, #108]	; (10003a4c <tud_init+0xd0>)
100039e0:	4691      	mov	r9, r2
100039e2:	429c      	cmp	r4, r3
100039e4:	d310      	bcc.n	10003a08 <tud_init+0x8c>
100039e6:	d11b      	bne.n	10003a20 <tud_init+0xa4>
100039e8:	003b      	movs	r3, r7
100039ea:	4798      	blx	r3
100039ec:	3401      	adds	r4, #1
100039ee:	782b      	ldrb	r3, [r5, #0]
100039f0:	b2e4      	uxtb	r4, r4
100039f2:	42a3      	cmp	r3, r4
100039f4:	d2f5      	bcs.n	100039e2 <tud_init+0x66>
100039f6:	4640      	mov	r0, r8
100039f8:	f7ff fc00 	bl	100031fc <dcd_init>
100039fc:	4640      	mov	r0, r8
100039fe:	f7ff fbe5 	bl	100031cc <dcd_int_enable>
10003a02:	2301      	movs	r3, #1
10003a04:	7033      	strb	r3, [r6, #0]
10003a06:	e7c2      	b.n	1000398e <tud_init+0x12>
10003a08:	464a      	mov	r2, r9
10003a0a:	0063      	lsls	r3, r4, #1
10003a0c:	191b      	adds	r3, r3, r4
10003a0e:	6812      	ldr	r2, [r2, #0]
10003a10:	00db      	lsls	r3, r3, #3
10003a12:	589b      	ldr	r3, [r3, r2]
10003a14:	e7e9      	b.n	100039ea <tud_init+0x6e>
10003a16:	f001 f875 	bl	10004b04 <cdcd_init>
10003a1a:	782b      	ldrb	r3, [r5, #0]
10003a1c:	2b00      	cmp	r3, #0
10003a1e:	d0ea      	beq.n	100039f6 <tud_init+0x7a>
10003a20:	2300      	movs	r3, #0
10003a22:	681b      	ldr	r3, [r3, #0]
10003a24:	deff      	udf	#255	; 0xff
10003a26:	46c0      	nop			; (mov r8, r8)
10003a28:	20000f3f 	.word	0x20000f3f
10003a2c:	200008cc 	.word	0x200008cc
10003a30:	20000884 	.word	0x20000884
10003a34:	20000920 	.word	0x20000920
10003a38:	2000042c 	.word	0x2000042c
10003a3c:	20000924 	.word	0x20000924
10003a40:	10002ca1 	.word	0x10002ca1
10003a44:	20000f3e 	.word	0x20000f3e
10003a48:	20000594 	.word	0x20000594
10003a4c:	10004b05 	.word	0x10004b05

10003a50 <tud_task>:
10003a50:	b5f0      	push	{r4, r5, r6, r7, lr}
10003a52:	46de      	mov	lr, fp
10003a54:	4657      	mov	r7, sl
10003a56:	464e      	mov	r6, r9
10003a58:	4645      	mov	r5, r8
10003a5a:	b5e0      	push	{r5, r6, r7, lr}
10003a5c:	b08b      	sub	sp, #44	; 0x2c
10003a5e:	f001 fa59 	bl	10004f14 <tusb_inited>
10003a62:	2800      	cmp	r0, #0
10003a64:	d100      	bne.n	10003a68 <tud_task+0x18>
10003a66:	e18d      	b.n	10003d84 <tud_task+0x334>
10003a68:	4bca      	ldr	r3, [pc, #808]	; (10003d94 <tud_task+0x344>)
10003a6a:	4ecb      	ldr	r6, [pc, #812]	; (10003d98 <tud_task+0x348>)
10003a6c:	469b      	mov	fp, r3
10003a6e:	ac07      	add	r4, sp, #28
10003a70:	6835      	ldr	r5, [r6, #0]
10003a72:	69ea      	ldr	r2, [r5, #28]
10003a74:	f3ef 8310 	mrs	r3, PRIMASK
10003a78:	b672      	cpsid	i
10003a7a:	6811      	ldr	r1, [r2, #0]
10003a7c:	2900      	cmp	r1, #0
10003a7e:	d0fc      	beq.n	10003a7a <tud_task+0x2a>
10003a80:	f3bf 8f5f 	dmb	sy
10003a84:	622b      	str	r3, [r5, #32]
10003a86:	0021      	movs	r1, r4
10003a88:	0028      	movs	r0, r5
10003a8a:	f001 fafd 	bl	10005088 <tu_fifo_read>
10003a8e:	69ea      	ldr	r2, [r5, #28]
10003a90:	6a2b      	ldr	r3, [r5, #32]
10003a92:	f3bf 8f5f 	dmb	sy
10003a96:	2100      	movs	r1, #0
10003a98:	6011      	str	r1, [r2, #0]
10003a9a:	f383 8810 	msr	PRIMASK, r3
10003a9e:	2800      	cmp	r0, #0
10003aa0:	d100      	bne.n	10003aa4 <tud_task+0x54>
10003aa2:	e16f      	b.n	10003d84 <tud_task+0x334>
10003aa4:	7863      	ldrb	r3, [r4, #1]
10003aa6:	2b08      	cmp	r3, #8
10003aa8:	d8e2      	bhi.n	10003a70 <tud_task+0x20>
10003aaa:	465a      	mov	r2, fp
10003aac:	009b      	lsls	r3, r3, #2
10003aae:	58d3      	ldr	r3, [r2, r3]
10003ab0:	469f      	mov	pc, r3
10003ab2:	6863      	ldr	r3, [r4, #4]
10003ab4:	2b00      	cmp	r3, #0
10003ab6:	d0db      	beq.n	10003a70 <tud_task+0x20>
10003ab8:	68a0      	ldr	r0, [r4, #8]
10003aba:	4798      	blx	r3
10003abc:	e7d8      	b.n	10003a70 <tud_task+0x20>
10003abe:	227f      	movs	r2, #127	; 0x7f
10003ac0:	7921      	ldrb	r1, [r4, #4]
10003ac2:	4bb6      	ldr	r3, [pc, #728]	; (10003d9c <tud_task+0x34c>)
10003ac4:	400a      	ands	r2, r1
10003ac6:	0055      	lsls	r5, r2, #1
10003ac8:	09c8      	lsrs	r0, r1, #7
10003aca:	195b      	adds	r3, r3, r5
10003acc:	181b      	adds	r3, r3, r0
10003ace:	0018      	movs	r0, r3
10003ad0:	2701      	movs	r7, #1
10003ad2:	3030      	adds	r0, #48	; 0x30
10003ad4:	78c5      	ldrb	r5, [r0, #3]
10003ad6:	43bd      	bics	r5, r7
10003ad8:	70c5      	strb	r5, [r0, #3]
10003ada:	78c5      	ldrb	r5, [r0, #3]
10003adc:	3703      	adds	r7, #3
10003ade:	43bd      	bics	r5, r7
10003ae0:	70c5      	strb	r5, [r0, #3]
10003ae2:	2a00      	cmp	r2, #0
10003ae4:	d100      	bne.n	10003ae8 <tud_task+0x98>
10003ae6:	e187      	b.n	10003df8 <tud_task+0x3a8>
10003ae8:	4aad      	ldr	r2, [pc, #692]	; (10003da0 <tud_task+0x350>)
10003aea:	7cdb      	ldrb	r3, [r3, #19]
10003aec:	2a00      	cmp	r2, #0
10003aee:	d006      	beq.n	10003afe <tud_task+0xae>
10003af0:	4aac      	ldr	r2, [pc, #688]	; (10003da4 <tud_task+0x354>)
10003af2:	7812      	ldrb	r2, [r2, #0]
10003af4:	4293      	cmp	r3, r2
10003af6:	d200      	bcs.n	10003afa <tud_task+0xaa>
10003af8:	e1b5      	b.n	10003e66 <tud_task+0x416>
10003afa:	1a9b      	subs	r3, r3, r2
10003afc:	b2db      	uxtb	r3, r3
10003afe:	2b00      	cmp	r3, #0
10003b00:	d000      	beq.n	10003b04 <tud_task+0xb4>
10003b02:	e13f      	b.n	10003d84 <tud_task+0x334>
10003b04:	4da8      	ldr	r5, [pc, #672]	; (10003da8 <tud_task+0x358>)
10003b06:	7962      	ldrb	r2, [r4, #5]
10003b08:	7820      	ldrb	r0, [r4, #0]
10003b0a:	68a3      	ldr	r3, [r4, #8]
10003b0c:	47a8      	blx	r5
10003b0e:	e7af      	b.n	10003a70 <tud_task+0x20>
10003b10:	2201      	movs	r2, #1
10003b12:	4da2      	ldr	r5, [pc, #648]	; (10003d9c <tud_task+0x34c>)
10003b14:	2101      	movs	r1, #1
10003b16:	782b      	ldrb	r3, [r5, #0]
10003b18:	2004      	movs	r0, #4
10003b1a:	4313      	orrs	r3, r2
10003b1c:	702b      	strb	r3, [r5, #0]
10003b1e:	2333      	movs	r3, #51	; 0x33
10003b20:	5cea      	ldrb	r2, [r5, r3]
10003b22:	438a      	bics	r2, r1
10003b24:	54ea      	strb	r2, [r5, r3]
10003b26:	5cea      	ldrb	r2, [r5, r3]
10003b28:	4382      	bics	r2, r0
10003b2a:	54ea      	strb	r2, [r5, r3]
10003b2c:	3301      	adds	r3, #1
10003b2e:	5cea      	ldrb	r2, [r5, r3]
10003b30:	438a      	bics	r2, r1
10003b32:	54ea      	strb	r2, [r5, r3]
10003b34:	5cea      	ldrb	r2, [r5, r3]
10003b36:	4382      	bics	r2, r0
10003b38:	54ea      	strb	r2, [r5, r3]
10003b3a:	7823      	ldrb	r3, [r4, #0]
10003b3c:	2000      	movs	r0, #0
10003b3e:	469a      	mov	sl, r3
10003b40:	f000 fe90 	bl	10004864 <usbd_control_set_complete_callback>
10003b44:	2260      	movs	r2, #96	; 0x60
10003b46:	7923      	ldrb	r3, [r4, #4]
10003b48:	401a      	ands	r2, r3
10003b4a:	2a60      	cmp	r2, #96	; 0x60
10003b4c:	d100      	bne.n	10003b50 <tud_task+0x100>
10003b4e:	e14a      	b.n	10003de6 <tud_task+0x396>
10003b50:	2a40      	cmp	r2, #64	; 0x40
10003b52:	d100      	bne.n	10003b56 <tud_task+0x106>
10003b54:	e16e      	b.n	10003e34 <tud_task+0x3e4>
10003b56:	06db      	lsls	r3, r3, #27
10003b58:	0edb      	lsrs	r3, r3, #27
10003b5a:	b2d9      	uxtb	r1, r3
10003b5c:	2901      	cmp	r1, #1
10003b5e:	d100      	bne.n	10003b62 <tud_task+0x112>
10003b60:	e18c      	b.n	10003e7c <tud_task+0x42c>
10003b62:	b25b      	sxtb	r3, r3
10003b64:	2b00      	cmp	r3, #0
10003b66:	d100      	bne.n	10003b6a <tud_task+0x11a>
10003b68:	e172      	b.n	10003e50 <tud_task+0x400>
10003b6a:	2902      	cmp	r1, #2
10003b6c:	d000      	beq.n	10003b70 <tud_task+0x120>
10003b6e:	e13a      	b.n	10003de6 <tud_task+0x396>
10003b70:	2370      	movs	r3, #112	; 0x70
10003b72:	7a21      	ldrb	r1, [r4, #8]
10003b74:	420b      	tst	r3, r1
10003b76:	d000      	beq.n	10003b7a <tud_task+0x12a>
10003b78:	e135      	b.n	10003de6 <tud_task+0x396>
10003b7a:	09c8      	lsrs	r0, r1, #7
10003b7c:	4684      	mov	ip, r0
10003b7e:	330f      	adds	r3, #15
10003b80:	400b      	ands	r3, r1
10003b82:	005b      	lsls	r3, r3, #1
10003b84:	18e8      	adds	r0, r5, r3
10003b86:	4f86      	ldr	r7, [pc, #536]	; (10003da0 <tud_task+0x350>)
10003b88:	4460      	add	r0, ip
10003b8a:	7cc0      	ldrb	r0, [r0, #19]
10003b8c:	2f00      	cmp	r7, #0
10003b8e:	d006      	beq.n	10003b9e <tud_task+0x14e>
10003b90:	4f84      	ldr	r7, [pc, #528]	; (10003da4 <tud_task+0x354>)
10003b92:	783f      	ldrb	r7, [r7, #0]
10003b94:	42b8      	cmp	r0, r7
10003b96:	d200      	bcs.n	10003b9a <tud_task+0x14a>
10003b98:	e1c0      	b.n	10003f1c <tud_task+0x4cc>
10003b9a:	1bc0      	subs	r0, r0, r7
10003b9c:	b2c0      	uxtb	r0, r0
10003b9e:	2800      	cmp	r0, #0
10003ba0:	d000      	beq.n	10003ba4 <tud_task+0x154>
10003ba2:	e1b6      	b.n	10003f12 <tud_task+0x4c2>
10003ba4:	2a00      	cmp	r2, #0
10003ba6:	d000      	beq.n	10003baa <tud_task+0x15a>
10003ba8:	e27b      	b.n	100040a2 <tud_task+0x652>
10003baa:	4f80      	ldr	r7, [pc, #512]	; (10003dac <tud_task+0x35c>)
10003bac:	7962      	ldrb	r2, [r4, #5]
10003bae:	4690      	mov	r8, r2
10003bb0:	2a01      	cmp	r2, #1
10003bb2:	d005      	beq.n	10003bc0 <tud_task+0x170>
10003bb4:	2a00      	cmp	r2, #0
10003bb6:	d100      	bne.n	10003bba <tud_task+0x16a>
10003bb8:	e276      	b.n	100040a8 <tud_task+0x658>
10003bba:	2a03      	cmp	r2, #3
10003bbc:	d000      	beq.n	10003bc0 <tud_task+0x170>
10003bbe:	e112      	b.n	10003de6 <tud_task+0x396>
10003bc0:	88e2      	ldrh	r2, [r4, #6]
10003bc2:	2a00      	cmp	r2, #0
10003bc4:	d10d      	bne.n	10003be2 <tud_task+0x192>
10003bc6:	4642      	mov	r2, r8
10003bc8:	18eb      	adds	r3, r5, r3
10003bca:	4463      	add	r3, ip
10003bcc:	2a01      	cmp	r2, #1
10003bce:	d100      	bne.n	10003bd2 <tud_task+0x182>
10003bd0:	e27e      	b.n	100040d0 <tud_task+0x680>
10003bd2:	2230      	movs	r2, #48	; 0x30
10003bd4:	4690      	mov	r8, r2
10003bd6:	4498      	add	r8, r3
10003bd8:	4643      	mov	r3, r8
10003bda:	78db      	ldrb	r3, [r3, #3]
10003bdc:	079b      	lsls	r3, r3, #30
10003bde:	d400      	bmi.n	10003be2 <tud_task+0x192>
10003be0:	e28d      	b.n	100040fe <tud_task+0x6ae>
10003be2:	2f00      	cmp	r7, #0
10003be4:	d100      	bne.n	10003be8 <tud_task+0x198>
10003be6:	e743      	b.n	10003a70 <tud_task+0x20>
10003be8:	68f8      	ldr	r0, [r7, #12]
10003bea:	f000 fe3b 	bl	10004864 <usbd_control_set_complete_callback>
10003bee:	68fb      	ldr	r3, [r7, #12]
10003bf0:	aa08      	add	r2, sp, #32
10003bf2:	2100      	movs	r1, #0
10003bf4:	4650      	mov	r0, sl
10003bf6:	4798      	blx	r3
10003bf8:	2000      	movs	r0, #0
10003bfa:	f000 fe33 	bl	10004864 <usbd_control_set_complete_callback>
10003bfe:	2334      	movs	r3, #52	; 0x34
10003c00:	5ceb      	ldrb	r3, [r5, r3]
10003c02:	07db      	lsls	r3, r3, #31
10003c04:	d500      	bpl.n	10003c08 <tud_task+0x1b8>
10003c06:	e733      	b.n	10003a70 <tud_task+0x20>
10003c08:	e162      	b.n	10003ed0 <tud_task+0x480>
10003c0a:	4b64      	ldr	r3, [pc, #400]	; (10003d9c <tud_task+0x34c>)
10003c0c:	781b      	ldrb	r3, [r3, #0]
10003c0e:	07db      	lsls	r3, r3, #31
10003c10:	d400      	bmi.n	10003c14 <tud_task+0x1c4>
10003c12:	e72d      	b.n	10003a70 <tud_task+0x20>
10003c14:	4b66      	ldr	r3, [pc, #408]	; (10003db0 <tud_task+0x360>)
10003c16:	2b00      	cmp	r3, #0
10003c18:	d100      	bne.n	10003c1c <tud_task+0x1cc>
10003c1a:	e729      	b.n	10003a70 <tud_task+0x20>
10003c1c:	e000      	b.n	10003c20 <tud_task+0x1d0>
10003c1e:	bf00      	nop
10003c20:	e726      	b.n	10003a70 <tud_task+0x20>
10003c22:	4b5e      	ldr	r3, [pc, #376]	; (10003d9c <tud_task+0x34c>)
10003c24:	781a      	ldrb	r2, [r3, #0]
10003c26:	07d2      	lsls	r2, r2, #31
10003c28:	d400      	bmi.n	10003c2c <tud_task+0x1dc>
10003c2a:	e721      	b.n	10003a70 <tud_task+0x20>
10003c2c:	4a61      	ldr	r2, [pc, #388]	; (10003db4 <tud_task+0x364>)
10003c2e:	2a00      	cmp	r2, #0
10003c30:	d100      	bne.n	10003c34 <tud_task+0x1e4>
10003c32:	e71d      	b.n	10003a70 <tud_task+0x20>
10003c34:	7818      	ldrb	r0, [r3, #0]
10003c36:	0700      	lsls	r0, r0, #28
10003c38:	0fc0      	lsrs	r0, r0, #31
10003c3a:	e000      	b.n	10003c3e <tud_task+0x1ee>
10003c3c:	bf00      	nop
10003c3e:	e717      	b.n	10003a70 <tud_task+0x20>
10003c40:	4f58      	ldr	r7, [pc, #352]	; (10003da4 <tud_task+0x354>)
10003c42:	4a57      	ldr	r2, [pc, #348]	; (10003da0 <tud_task+0x350>)
10003c44:	783b      	ldrb	r3, [r7, #0]
10003c46:	2500      	movs	r5, #0
10003c48:	2a00      	cmp	r2, #0
10003c4a:	d100      	bne.n	10003c4e <tud_task+0x1fe>
10003c4c:	e0e4      	b.n	10003e18 <tud_task+0x3c8>
10003c4e:	4a5a      	ldr	r2, [pc, #360]	; (10003db8 <tud_task+0x368>)
10003c50:	4690      	mov	r8, r2
10003c52:	429d      	cmp	r5, r3
10003c54:	d308      	bcc.n	10003c68 <tud_task+0x218>
10003c56:	429d      	cmp	r5, r3
10003c58:	d000      	beq.n	10003c5c <tud_task+0x20c>
10003c5a:	e0e0      	b.n	10003e1e <tud_task+0x3ce>
10003c5c:	3501      	adds	r5, #1
10003c5e:	b2ed      	uxtb	r5, r5
10003c60:	429d      	cmp	r5, r3
10003c62:	d900      	bls.n	10003c66 <tud_task+0x216>
10003c64:	e704      	b.n	10003a70 <tud_task+0x20>
10003c66:	d2f6      	bcs.n	10003c56 <tud_task+0x206>
10003c68:	4641      	mov	r1, r8
10003c6a:	6809      	ldr	r1, [r1, #0]
10003c6c:	006a      	lsls	r2, r5, #1
10003c6e:	468c      	mov	ip, r1
10003c70:	1952      	adds	r2, r2, r5
10003c72:	00d2      	lsls	r2, r2, #3
10003c74:	4462      	add	r2, ip
10003c76:	6952      	ldr	r2, [r2, #20]
10003c78:	2a00      	cmp	r2, #0
10003c7a:	d0ef      	beq.n	10003c5c <tud_task+0x20c>
10003c7c:	7820      	ldrb	r0, [r4, #0]
10003c7e:	4790      	blx	r2
10003c80:	3501      	adds	r5, #1
10003c82:	783b      	ldrb	r3, [r7, #0]
10003c84:	b2ed      	uxtb	r5, r5
10003c86:	429d      	cmp	r5, r3
10003c88:	d9e3      	bls.n	10003c52 <tud_task+0x202>
10003c8a:	e6f1      	b.n	10003a70 <tud_task+0x20>
10003c8c:	7823      	ldrb	r3, [r4, #0]
10003c8e:	4f45      	ldr	r7, [pc, #276]	; (10003da4 <tud_task+0x354>)
10003c90:	4a43      	ldr	r2, [pc, #268]	; (10003da0 <tud_task+0x350>)
10003c92:	4698      	mov	r8, r3
10003c94:	2500      	movs	r5, #0
10003c96:	783b      	ldrb	r3, [r7, #0]
10003c98:	2a00      	cmp	r2, #0
10003c9a:	d100      	bne.n	10003c9e <tud_task+0x24e>
10003c9c:	e0c2      	b.n	10003e24 <tud_task+0x3d4>
10003c9e:	4a47      	ldr	r2, [pc, #284]	; (10003dbc <tud_task+0x36c>)
10003ca0:	4691      	mov	r9, r2
10003ca2:	4a45      	ldr	r2, [pc, #276]	; (10003db8 <tud_task+0x368>)
10003ca4:	4692      	mov	sl, r2
10003ca6:	003a      	movs	r2, r7
10003ca8:	4647      	mov	r7, r8
10003caa:	4690      	mov	r8, r2
10003cac:	42ab      	cmp	r3, r5
10003cae:	d860      	bhi.n	10003d72 <tud_task+0x322>
10003cb0:	d000      	beq.n	10003cb4 <tud_task+0x264>
10003cb2:	e0ae      	b.n	10003e12 <tud_task+0x3c2>
10003cb4:	464b      	mov	r3, r9
10003cb6:	0038      	movs	r0, r7
10003cb8:	4798      	blx	r3
10003cba:	4643      	mov	r3, r8
10003cbc:	3501      	adds	r5, #1
10003cbe:	781b      	ldrb	r3, [r3, #0]
10003cc0:	b2ed      	uxtb	r5, r5
10003cc2:	42ab      	cmp	r3, r5
10003cc4:	d2f2      	bcs.n	10003cac <tud_task+0x25c>
10003cc6:	4d35      	ldr	r5, [pc, #212]	; (10003d9c <tud_task+0x34c>)
10003cc8:	2253      	movs	r2, #83	; 0x53
10003cca:	2100      	movs	r1, #0
10003ccc:	0028      	movs	r0, r5
10003cce:	f7fe fe25 	bl	1000291c <__wrap_memset>
10003cd2:	2210      	movs	r2, #16
10003cd4:	21ff      	movs	r1, #255	; 0xff
10003cd6:	1ce8      	adds	r0, r5, #3
10003cd8:	f7fe fe20 	bl	1000291c <__wrap_memset>
10003cdc:	0028      	movs	r0, r5
10003cde:	2220      	movs	r2, #32
10003ce0:	21ff      	movs	r1, #255	; 0xff
10003ce2:	3013      	adds	r0, #19
10003ce4:	f7fe fe1a 	bl	1000291c <__wrap_memset>
10003ce8:	f000 fdb2 	bl	10004850 <usbd_control_reset>
10003cec:	4b34      	ldr	r3, [pc, #208]	; (10003dc0 <tud_task+0x370>)
10003cee:	2b00      	cmp	r3, #0
10003cf0:	d100      	bne.n	10003cf4 <tud_task+0x2a4>
10003cf2:	e6bd      	b.n	10003a70 <tud_task+0x20>
10003cf4:	e000      	b.n	10003cf8 <tud_task+0x2a8>
10003cf6:	bf00      	nop
10003cf8:	e6ba      	b.n	10003a70 <tud_task+0x20>
10003cfa:	7823      	ldrb	r3, [r4, #0]
10003cfc:	4f29      	ldr	r7, [pc, #164]	; (10003da4 <tud_task+0x354>)
10003cfe:	4a28      	ldr	r2, [pc, #160]	; (10003da0 <tud_task+0x350>)
10003d00:	4698      	mov	r8, r3
10003d02:	2500      	movs	r5, #0
10003d04:	783b      	ldrb	r3, [r7, #0]
10003d06:	2a00      	cmp	r2, #0
10003d08:	d100      	bne.n	10003d0c <tud_task+0x2bc>
10003d0a:	e07b      	b.n	10003e04 <tud_task+0x3b4>
10003d0c:	4a2b      	ldr	r2, [pc, #172]	; (10003dbc <tud_task+0x36c>)
10003d0e:	4691      	mov	r9, r2
10003d10:	4a29      	ldr	r2, [pc, #164]	; (10003db8 <tud_task+0x368>)
10003d12:	4692      	mov	sl, r2
10003d14:	003a      	movs	r2, r7
10003d16:	4647      	mov	r7, r8
10003d18:	4690      	mov	r8, r2
10003d1a:	429d      	cmp	r5, r3
10003d1c:	d320      	bcc.n	10003d60 <tud_task+0x310>
10003d1e:	d000      	beq.n	10003d22 <tud_task+0x2d2>
10003d20:	e077      	b.n	10003e12 <tud_task+0x3c2>
10003d22:	464b      	mov	r3, r9
10003d24:	0038      	movs	r0, r7
10003d26:	4798      	blx	r3
10003d28:	4643      	mov	r3, r8
10003d2a:	3501      	adds	r5, #1
10003d2c:	781b      	ldrb	r3, [r3, #0]
10003d2e:	b2ed      	uxtb	r5, r5
10003d30:	42ab      	cmp	r3, r5
10003d32:	d2f2      	bcs.n	10003d1a <tud_task+0x2ca>
10003d34:	4d19      	ldr	r5, [pc, #100]	; (10003d9c <tud_task+0x34c>)
10003d36:	2253      	movs	r2, #83	; 0x53
10003d38:	2100      	movs	r1, #0
10003d3a:	0028      	movs	r0, r5
10003d3c:	f7fe fdee 	bl	1000291c <__wrap_memset>
10003d40:	2210      	movs	r2, #16
10003d42:	21ff      	movs	r1, #255	; 0xff
10003d44:	1ce8      	adds	r0, r5, #3
10003d46:	f7fe fde9 	bl	1000291c <__wrap_memset>
10003d4a:	0028      	movs	r0, r5
10003d4c:	2220      	movs	r2, #32
10003d4e:	21ff      	movs	r1, #255	; 0xff
10003d50:	3013      	adds	r0, #19
10003d52:	f7fe fde3 	bl	1000291c <__wrap_memset>
10003d56:	f000 fd7b 	bl	10004850 <usbd_control_reset>
10003d5a:	7923      	ldrb	r3, [r4, #4]
10003d5c:	70ab      	strb	r3, [r5, #2]
10003d5e:	e687      	b.n	10003a70 <tud_task+0x20>
10003d60:	4652      	mov	r2, sl
10003d62:	6812      	ldr	r2, [r2, #0]
10003d64:	006b      	lsls	r3, r5, #1
10003d66:	4694      	mov	ip, r2
10003d68:	195b      	adds	r3, r3, r5
10003d6a:	00db      	lsls	r3, r3, #3
10003d6c:	4463      	add	r3, ip
10003d6e:	685b      	ldr	r3, [r3, #4]
10003d70:	e7d8      	b.n	10003d24 <tud_task+0x2d4>
10003d72:	4652      	mov	r2, sl
10003d74:	6812      	ldr	r2, [r2, #0]
10003d76:	006b      	lsls	r3, r5, #1
10003d78:	4694      	mov	ip, r2
10003d7a:	195b      	adds	r3, r3, r5
10003d7c:	00db      	lsls	r3, r3, #3
10003d7e:	4463      	add	r3, ip
10003d80:	685b      	ldr	r3, [r3, #4]
10003d82:	e798      	b.n	10003cb6 <tud_task+0x266>
10003d84:	b00b      	add	sp, #44	; 0x2c
10003d86:	bc3c      	pop	{r2, r3, r4, r5}
10003d88:	4690      	mov	r8, r2
10003d8a:	4699      	mov	r9, r3
10003d8c:	46a2      	mov	sl, r4
10003d8e:	46ab      	mov	fp, r5
10003d90:	bdf0      	pop	{r4, r5, r6, r7, pc}
10003d92:	46c0      	nop			; (mov r8, r8)
10003d94:	10005948 	.word	0x10005948
10003d98:	20000924 	.word	0x20000924
10003d9c:	200008cc 	.word	0x200008cc
10003da0:	10002ca1 	.word	0x10002ca1
10003da4:	20000f3e 	.word	0x20000f3e
10003da8:	10004d6d 	.word	0x10004d6d
10003dac:	100059d4 	.word	0x100059d4
	...
10003db8:	20000594 	.word	0x20000594
10003dbc:	10004b81 	.word	0x10004b81
10003dc0:	00000000 	.word	0x00000000
10003dc4:	9f02      	ldr	r7, [sp, #8]
10003dc6:	4641      	mov	r1, r8
10003dc8:	003a      	movs	r2, r7
10003dca:	4648      	mov	r0, r9
10003dcc:	f000 feee 	bl	10004bac <cdcd_open>
10003dd0:	4684      	mov	ip, r0
10003dd2:	2808      	cmp	r0, #8
10003dd4:	d902      	bls.n	10003ddc <tud_task+0x38c>
10003dd6:	42b8      	cmp	r0, r7
10003dd8:	d800      	bhi.n	10003ddc <tud_task+0x38c>
10003dda:	e2b1      	b.n	10004340 <tud_task+0x8f0>
10003ddc:	4bcf      	ldr	r3, [pc, #828]	; (1000411c <tud_task+0x6cc>)
10003dde:	781b      	ldrb	r3, [r3, #0]
10003de0:	2b00      	cmp	r3, #0
10003de2:	d000      	beq.n	10003de6 <tud_task+0x396>
10003de4:	e2b6      	b.n	10004354 <tud_task+0x904>
10003de6:	7820      	ldrb	r0, [r4, #0]
10003de8:	2100      	movs	r1, #0
10003dea:	f7ff fb99 	bl	10003520 <dcd_edpt_stall>
10003dee:	7820      	ldrb	r0, [r4, #0]
10003df0:	2180      	movs	r1, #128	; 0x80
10003df2:	f7ff fb95 	bl	10003520 <dcd_edpt_stall>
10003df6:	e63b      	b.n	10003a70 <tud_task+0x20>
10003df8:	7962      	ldrb	r2, [r4, #5]
10003dfa:	7820      	ldrb	r0, [r4, #0]
10003dfc:	68a3      	ldr	r3, [r4, #8]
10003dfe:	f000 fd45 	bl	1000488c <usbd_control_xfer_cb>
10003e02:	e635      	b.n	10003a70 <tud_task+0x20>
10003e04:	4640      	mov	r0, r8
10003e06:	f000 febb 	bl	10004b80 <cdcd_reset>
10003e0a:	783b      	ldrb	r3, [r7, #0]
10003e0c:	2b00      	cmp	r3, #0
10003e0e:	d100      	bne.n	10003e12 <tud_task+0x3c2>
10003e10:	e790      	b.n	10003d34 <tud_task+0x2e4>
10003e12:	2300      	movs	r3, #0
10003e14:	685b      	ldr	r3, [r3, #4]
10003e16:	deff      	udf	#255	; 0xff
10003e18:	2b00      	cmp	r3, #0
10003e1a:	d100      	bne.n	10003e1e <tud_task+0x3ce>
10003e1c:	e628      	b.n	10003a70 <tud_task+0x20>
10003e1e:	2300      	movs	r3, #0
10003e20:	695b      	ldr	r3, [r3, #20]
10003e22:	deff      	udf	#255	; 0xff
10003e24:	4640      	mov	r0, r8
10003e26:	f000 feab 	bl	10004b80 <cdcd_reset>
10003e2a:	783b      	ldrb	r3, [r7, #0]
10003e2c:	2b00      	cmp	r3, #0
10003e2e:	d100      	bne.n	10003e32 <tud_task+0x3e2>
10003e30:	e749      	b.n	10003cc6 <tud_task+0x276>
10003e32:	e7ee      	b.n	10003e12 <tud_task+0x3c2>
10003e34:	48ba      	ldr	r0, [pc, #744]	; (10004120 <tud_task+0x6d0>)
10003e36:	2800      	cmp	r0, #0
10003e38:	d0d5      	beq.n	10003de6 <tud_task+0x396>
10003e3a:	f000 fd13 	bl	10004864 <usbd_control_set_complete_callback>
10003e3e:	aa08      	add	r2, sp, #32
10003e40:	2100      	movs	r1, #0
10003e42:	4650      	mov	r0, sl
10003e44:	e000      	b.n	10003e48 <tud_task+0x3f8>
10003e46:	bf00      	nop
10003e48:	2800      	cmp	r0, #0
10003e4a:	d000      	beq.n	10003e4e <tud_task+0x3fe>
10003e4c:	e610      	b.n	10003a70 <tud_task+0x20>
10003e4e:	e7ca      	b.n	10003de6 <tud_task+0x396>
10003e50:	2a20      	cmp	r2, #32
10003e52:	d042      	beq.n	10003eda <tud_task+0x48a>
10003e54:	2a00      	cmp	r2, #0
10003e56:	d1c6      	bne.n	10003de6 <tud_task+0x396>
10003e58:	7963      	ldrb	r3, [r4, #5]
10003e5a:	2b09      	cmp	r3, #9
10003e5c:	d8c3      	bhi.n	10003de6 <tud_task+0x396>
10003e5e:	4ab1      	ldr	r2, [pc, #708]	; (10004124 <tud_task+0x6d4>)
10003e60:	009b      	lsls	r3, r3, #2
10003e62:	58d3      	ldr	r3, [r2, r3]
10003e64:	469f      	mov	pc, r3
10003e66:	005a      	lsls	r2, r3, #1
10003e68:	18d3      	adds	r3, r2, r3
10003e6a:	4aaf      	ldr	r2, [pc, #700]	; (10004128 <tud_task+0x6d8>)
10003e6c:	00db      	lsls	r3, r3, #3
10003e6e:	6812      	ldr	r2, [r2, #0]
10003e70:	18d3      	adds	r3, r2, r3
10003e72:	2b00      	cmp	r3, #0
10003e74:	d100      	bne.n	10003e78 <tud_task+0x428>
10003e76:	e785      	b.n	10003d84 <tud_task+0x334>
10003e78:	691d      	ldr	r5, [r3, #16]
10003e7a:	e644      	b.n	10003b06 <tud_task+0xb6>
10003e7c:	7a23      	ldrb	r3, [r4, #8]
10003e7e:	2b0f      	cmp	r3, #15
10003e80:	d8b1      	bhi.n	10003de6 <tud_task+0x396>
10003e82:	4aaa      	ldr	r2, [pc, #680]	; (1000412c <tud_task+0x6dc>)
10003e84:	18ed      	adds	r5, r5, r3
10003e86:	78eb      	ldrb	r3, [r5, #3]
10003e88:	2a00      	cmp	r2, #0
10003e8a:	d005      	beq.n	10003e98 <tud_task+0x448>
10003e8c:	4aa3      	ldr	r2, [pc, #652]	; (1000411c <tud_task+0x6cc>)
10003e8e:	7812      	ldrb	r2, [r2, #0]
10003e90:	4293      	cmp	r3, r2
10003e92:	d358      	bcc.n	10003f46 <tud_task+0x4f6>
10003e94:	1a9b      	subs	r3, r3, r2
10003e96:	b2db      	uxtb	r3, r3
10003e98:	2b00      	cmp	r3, #0
10003e9a:	d1a4      	bne.n	10003de6 <tud_task+0x396>
10003e9c:	48a4      	ldr	r0, [pc, #656]	; (10004130 <tud_task+0x6e0>)
10003e9e:	4da5      	ldr	r5, [pc, #660]	; (10004134 <tud_task+0x6e4>)
10003ea0:	f000 fce0 	bl	10004864 <usbd_control_set_complete_callback>
10003ea4:	68eb      	ldr	r3, [r5, #12]
10003ea6:	aa08      	add	r2, sp, #32
10003ea8:	2100      	movs	r1, #0
10003eaa:	4650      	mov	r0, sl
10003eac:	4798      	blx	r3
10003eae:	2800      	cmp	r0, #0
10003eb0:	d000      	beq.n	10003eb4 <tud_task+0x464>
10003eb2:	e5dd      	b.n	10003a70 <tud_task+0x20>
10003eb4:	2560      	movs	r5, #96	; 0x60
10003eb6:	7923      	ldrb	r3, [r4, #4]
10003eb8:	401d      	ands	r5, r3
10003eba:	d194      	bne.n	10003de6 <tud_task+0x396>
10003ebc:	7963      	ldrb	r3, [r4, #5]
10003ebe:	3b0a      	subs	r3, #10
10003ec0:	2b01      	cmp	r3, #1
10003ec2:	d890      	bhi.n	10003de6 <tud_task+0x396>
10003ec4:	f000 fcce 	bl	10004864 <usbd_control_set_complete_callback>
10003ec8:	7963      	ldrb	r3, [r4, #5]
10003eca:	2b0a      	cmp	r3, #10
10003ecc:	d100      	bne.n	10003ed0 <tud_task+0x480>
10003ece:	e13b      	b.n	10004148 <tud_task+0x6f8>
10003ed0:	a908      	add	r1, sp, #32
10003ed2:	4650      	mov	r0, sl
10003ed4:	f000 fc4a 	bl	1000476c <tud_control_status>
10003ed8:	e5ca      	b.n	10003a70 <tud_task+0x20>
10003eda:	7a23      	ldrb	r3, [r4, #8]
10003edc:	2b0f      	cmp	r3, #15
10003ede:	d882      	bhi.n	10003de6 <tud_task+0x396>
10003ee0:	4a92      	ldr	r2, [pc, #584]	; (1000412c <tud_task+0x6dc>)
10003ee2:	18ed      	adds	r5, r5, r3
10003ee4:	78eb      	ldrb	r3, [r5, #3]
10003ee6:	2a00      	cmp	r2, #0
10003ee8:	d006      	beq.n	10003ef8 <tud_task+0x4a8>
10003eea:	4a8c      	ldr	r2, [pc, #560]	; (1000411c <tud_task+0x6cc>)
10003eec:	7812      	ldrb	r2, [r2, #0]
10003eee:	4293      	cmp	r3, r2
10003ef0:	d200      	bcs.n	10003ef4 <tud_task+0x4a4>
10003ef2:	e0e2      	b.n	100040ba <tud_task+0x66a>
10003ef4:	1a9b      	subs	r3, r3, r2
10003ef6:	b2db      	uxtb	r3, r3
10003ef8:	2b00      	cmp	r3, #0
10003efa:	d000      	beq.n	10003efe <tud_task+0x4ae>
10003efc:	e773      	b.n	10003de6 <tud_task+0x396>
10003efe:	488c      	ldr	r0, [pc, #560]	; (10004130 <tud_task+0x6e0>)
10003f00:	4d8c      	ldr	r5, [pc, #560]	; (10004134 <tud_task+0x6e4>)
10003f02:	f000 fcaf 	bl	10004864 <usbd_control_set_complete_callback>
10003f06:	68eb      	ldr	r3, [r5, #12]
10003f08:	aa08      	add	r2, sp, #32
10003f0a:	2100      	movs	r1, #0
10003f0c:	4650      	mov	r0, sl
10003f0e:	4798      	blx	r3
10003f10:	e79a      	b.n	10003e48 <tud_task+0x3f8>
10003f12:	2700      	movs	r7, #0
10003f14:	2a00      	cmp	r2, #0
10003f16:	d100      	bne.n	10003f1a <tud_task+0x4ca>
10003f18:	e648      	b.n	10003bac <tud_task+0x15c>
10003f1a:	e764      	b.n	10003de6 <tud_task+0x396>
10003f1c:	0047      	lsls	r7, r0, #1
10003f1e:	1838      	adds	r0, r7, r0
10003f20:	4f81      	ldr	r7, [pc, #516]	; (10004128 <tud_task+0x6d8>)
10003f22:	00c0      	lsls	r0, r0, #3
10003f24:	683f      	ldr	r7, [r7, #0]
10003f26:	183f      	adds	r7, r7, r0
10003f28:	2a00      	cmp	r2, #0
10003f2a:	d100      	bne.n	10003f2e <tud_task+0x4de>
10003f2c:	e63e      	b.n	10003bac <tud_task+0x15c>
10003f2e:	2f00      	cmp	r7, #0
10003f30:	d100      	bne.n	10003f34 <tud_task+0x4e4>
10003f32:	e758      	b.n	10003de6 <tud_task+0x396>
10003f34:	68f8      	ldr	r0, [r7, #12]
10003f36:	f000 fc95 	bl	10004864 <usbd_control_set_complete_callback>
10003f3a:	68fb      	ldr	r3, [r7, #12]
10003f3c:	aa08      	add	r2, sp, #32
10003f3e:	2100      	movs	r1, #0
10003f40:	4650      	mov	r0, sl
10003f42:	4798      	blx	r3
10003f44:	e780      	b.n	10003e48 <tud_task+0x3f8>
10003f46:	4a78      	ldr	r2, [pc, #480]	; (10004128 <tud_task+0x6d8>)
10003f48:	005d      	lsls	r5, r3, #1
10003f4a:	18eb      	adds	r3, r5, r3
10003f4c:	6815      	ldr	r5, [r2, #0]
10003f4e:	00db      	lsls	r3, r3, #3
10003f50:	18ed      	adds	r5, r5, r3
10003f52:	2d00      	cmp	r5, #0
10003f54:	d100      	bne.n	10003f58 <tud_task+0x508>
10003f56:	e746      	b.n	10003de6 <tud_task+0x396>
10003f58:	68e8      	ldr	r0, [r5, #12]
10003f5a:	e7a1      	b.n	10003ea0 <tud_task+0x450>
10003f5c:	79a3      	ldrb	r3, [r4, #6]
10003f5e:	9301      	str	r3, [sp, #4]
10003f60:	001a      	movs	r2, r3
10003f62:	786b      	ldrb	r3, [r5, #1]
10003f64:	429a      	cmp	r2, r3
10003f66:	d007      	beq.n	10003f78 <tud_task+0x528>
10003f68:	786b      	ldrb	r3, [r5, #1]
10003f6a:	2b00      	cmp	r3, #0
10003f6c:	d000      	beq.n	10003f70 <tud_task+0x520>
10003f6e:	e162      	b.n	10004236 <tud_task+0x7e6>
10003f70:	9b01      	ldr	r3, [sp, #4]
10003f72:	2b00      	cmp	r3, #0
10003f74:	d000      	beq.n	10003f78 <tud_task+0x528>
10003f76:	e0f0      	b.n	1000415a <tud_task+0x70a>
10003f78:	9b01      	ldr	r3, [sp, #4]
10003f7a:	a908      	add	r1, sp, #32
10003f7c:	4650      	mov	r0, sl
10003f7e:	706b      	strb	r3, [r5, #1]
10003f80:	f000 fbf4 	bl	1000476c <tud_control_status>
10003f84:	e574      	b.n	10003a70 <tud_task+0x20>
10003f86:	a808      	add	r0, sp, #32
10003f88:	f000 fc72 	bl	10004870 <usbd_control_set_request>
10003f8c:	79a1      	ldrb	r1, [r4, #6]
10003f8e:	4650      	mov	r0, sl
10003f90:	f7ff f922 	bl	100031d8 <dcd_set_address>
10003f94:	2202      	movs	r2, #2
10003f96:	782b      	ldrb	r3, [r5, #0]
10003f98:	4313      	orrs	r3, r2
10003f9a:	702b      	strb	r3, [r5, #0]
10003f9c:	e568      	b.n	10003a70 <tud_task+0x20>
10003f9e:	88e3      	ldrh	r3, [r4, #6]
10003fa0:	2b01      	cmp	r3, #1
10003fa2:	d000      	beq.n	10003fa6 <tud_task+0x556>
10003fa4:	e71f      	b.n	10003de6 <tud_task+0x396>
10003fa6:	2208      	movs	r2, #8
10003fa8:	782b      	ldrb	r3, [r5, #0]
10003faa:	a908      	add	r1, sp, #32
10003fac:	4313      	orrs	r3, r2
10003fae:	4650      	mov	r0, sl
10003fb0:	702b      	strb	r3, [r5, #0]
10003fb2:	f000 fbdb 	bl	1000476c <tud_control_status>
10003fb6:	e55b      	b.n	10003a70 <tud_task+0x20>
10003fb8:	88e3      	ldrh	r3, [r4, #6]
10003fba:	2b01      	cmp	r3, #1
10003fbc:	d000      	beq.n	10003fc0 <tud_task+0x570>
10003fbe:	e712      	b.n	10003de6 <tud_task+0x396>
10003fc0:	2208      	movs	r2, #8
10003fc2:	782b      	ldrb	r3, [r5, #0]
10003fc4:	a908      	add	r1, sp, #32
10003fc6:	4393      	bics	r3, r2
10003fc8:	4650      	mov	r0, sl
10003fca:	702b      	strb	r3, [r5, #0]
10003fcc:	f000 fbce 	bl	1000476c <tud_control_status>
10003fd0:	e54e      	b.n	10003a70 <tud_task+0x20>
10003fd2:	2002      	movs	r0, #2
10003fd4:	7829      	ldrb	r1, [r5, #0]
10003fd6:	ab06      	add	r3, sp, #24
10003fd8:	1c9a      	adds	r2, r3, #2
10003fda:	068b      	lsls	r3, r1, #26
10003fdc:	0889      	lsrs	r1, r1, #2
10003fde:	0fdb      	lsrs	r3, r3, #31
10003fe0:	4001      	ands	r1, r0
10003fe2:	430b      	orrs	r3, r1
10003fe4:	8013      	strh	r3, [r2, #0]
10003fe6:	a908      	add	r1, sp, #32
10003fe8:	2302      	movs	r3, #2
10003fea:	4650      	mov	r0, sl
10003fec:	f000 fbd6 	bl	1000479c <tud_control_xfer>
10003ff0:	e53e      	b.n	10003a70 <tud_task+0x20>
10003ff2:	786b      	ldrb	r3, [r5, #1]
10003ff4:	aa06      	add	r2, sp, #24
10003ff6:	3202      	adds	r2, #2
10003ff8:	7013      	strb	r3, [r2, #0]
10003ffa:	a908      	add	r1, sp, #32
10003ffc:	2301      	movs	r3, #1
10003ffe:	4650      	mov	r0, sl
10004000:	f000 fbcc 	bl	1000479c <tud_control_xfer>
10004004:	e534      	b.n	10003a70 <tud_task+0x20>
10004006:	88e0      	ldrh	r0, [r4, #6]
10004008:	0a03      	lsrs	r3, r0, #8
1000400a:	b2c0      	uxtb	r0, r0
1000400c:	2b0f      	cmp	r3, #15
1000400e:	d900      	bls.n	10004012 <tud_task+0x5c2>
10004010:	e6e9      	b.n	10003de6 <tud_task+0x396>
10004012:	4949      	ldr	r1, [pc, #292]	; (10004138 <tud_task+0x6e8>)
10004014:	009a      	lsls	r2, r3, #2
10004016:	588a      	ldr	r2, [r1, r2]
10004018:	4697      	mov	pc, r2
1000401a:	4b48      	ldr	r3, [pc, #288]	; (1000413c <tud_task+0x6ec>)
1000401c:	2b00      	cmp	r3, #0
1000401e:	d100      	bne.n	10004022 <tud_task+0x5d2>
10004020:	e6e1      	b.n	10003de6 <tud_task+0x396>
10004022:	e000      	b.n	10004026 <tud_task+0x5d6>
10004024:	bf00      	nop
10004026:	78c3      	ldrb	r3, [r0, #3]
10004028:	7881      	ldrb	r1, [r0, #2]
1000402a:	021b      	lsls	r3, r3, #8
1000402c:	0002      	movs	r2, r0
1000402e:	430b      	orrs	r3, r1
10004030:	4650      	mov	r0, sl
10004032:	a908      	add	r1, sp, #32
10004034:	f000 fbb2 	bl	1000479c <tud_control_xfer>
10004038:	e706      	b.n	10003e48 <tud_task+0x3f8>
1000403a:	4b41      	ldr	r3, [pc, #260]	; (10004140 <tud_task+0x6f0>)
1000403c:	2b00      	cmp	r3, #0
1000403e:	d100      	bne.n	10004042 <tud_task+0x5f2>
10004040:	e6d1      	b.n	10003de6 <tud_task+0x396>
10004042:	e000      	b.n	10004046 <tud_task+0x5f6>
10004044:	bf00      	nop
10004046:	1e02      	subs	r2, r0, #0
10004048:	d100      	bne.n	1000404c <tud_task+0x5fc>
1000404a:	e6cc      	b.n	10003de6 <tud_task+0x396>
1000404c:	7813      	ldrb	r3, [r2, #0]
1000404e:	a908      	add	r1, sp, #32
10004050:	4650      	mov	r0, sl
10004052:	f000 fba3 	bl	1000479c <tud_control_xfer>
10004056:	e6f7      	b.n	10003e48 <tud_task+0x3f8>
10004058:	8921      	ldrh	r1, [r4, #8]
1000405a:	f7fe ff71 	bl	10002f40 <tud_descriptor_string_cb>
1000405e:	1e02      	subs	r2, r0, #0
10004060:	d1f4      	bne.n	1000404c <tud_task+0x5fc>
10004062:	e6c0      	b.n	10003de6 <tud_task+0x396>
10004064:	2b02      	cmp	r3, #2
10004066:	d100      	bne.n	1000406a <tud_task+0x61a>
10004068:	e171      	b.n	1000434e <tud_task+0x8fe>
1000406a:	4b36      	ldr	r3, [pc, #216]	; (10004144 <tud_task+0x6f4>)
1000406c:	2b00      	cmp	r3, #0
1000406e:	d100      	bne.n	10004072 <tud_task+0x622>
10004070:	e6b9      	b.n	10003de6 <tud_task+0x396>
10004072:	e000      	b.n	10004076 <tud_task+0x626>
10004074:	bf00      	nop
10004076:	2800      	cmp	r0, #0
10004078:	d100      	bne.n	1000407c <tud_task+0x62c>
1000407a:	e6b4      	b.n	10003de6 <tud_task+0x396>
1000407c:	78c3      	ldrb	r3, [r0, #3]
1000407e:	7882      	ldrb	r2, [r0, #2]
10004080:	021b      	lsls	r3, r3, #8
10004082:	4313      	orrs	r3, r2
10004084:	a908      	add	r1, sp, #32
10004086:	0002      	movs	r2, r0
10004088:	4650      	mov	r0, sl
1000408a:	f000 fb87 	bl	1000479c <tud_control_xfer>
1000408e:	e6db      	b.n	10003e48 <tud_task+0x3f8>
10004090:	f7fe ff4e 	bl	10002f30 <tud_descriptor_device_cb>
10004094:	2312      	movs	r3, #18
10004096:	0002      	movs	r2, r0
10004098:	a908      	add	r1, sp, #32
1000409a:	4650      	mov	r0, sl
1000409c:	f000 fb7e 	bl	1000479c <tud_control_xfer>
100040a0:	e6d2      	b.n	10003e48 <tud_task+0x3f8>
100040a2:	4823      	ldr	r0, [pc, #140]	; (10004130 <tud_task+0x6e0>)
100040a4:	4f23      	ldr	r7, [pc, #140]	; (10004134 <tud_task+0x6e4>)
100040a6:	e746      	b.n	10003f36 <tud_task+0x4e6>
100040a8:	18eb      	adds	r3, r5, r3
100040aa:	4463      	add	r3, ip
100040ac:	3330      	adds	r3, #48	; 0x30
100040ae:	78db      	ldrb	r3, [r3, #3]
100040b0:	aa06      	add	r2, sp, #24
100040b2:	079b      	lsls	r3, r3, #30
100040b4:	0fdb      	lsrs	r3, r3, #31
100040b6:	3202      	adds	r2, #2
100040b8:	e794      	b.n	10003fe4 <tud_task+0x594>
100040ba:	4a1b      	ldr	r2, [pc, #108]	; (10004128 <tud_task+0x6d8>)
100040bc:	005d      	lsls	r5, r3, #1
100040be:	18eb      	adds	r3, r5, r3
100040c0:	6815      	ldr	r5, [r2, #0]
100040c2:	00db      	lsls	r3, r3, #3
100040c4:	18ed      	adds	r5, r5, r3
100040c6:	2d00      	cmp	r5, #0
100040c8:	d100      	bne.n	100040cc <tud_task+0x67c>
100040ca:	e68c      	b.n	10003de6 <tud_task+0x396>
100040cc:	68e8      	ldr	r0, [r5, #12]
100040ce:	e718      	b.n	10003f02 <tud_task+0x4b2>
100040d0:	322f      	adds	r2, #47	; 0x2f
100040d2:	4691      	mov	r9, r2
100040d4:	4499      	add	r9, r3
100040d6:	464b      	mov	r3, r9
100040d8:	78db      	ldrb	r3, [r3, #3]
100040da:	079b      	lsls	r3, r3, #30
100040dc:	d400      	bmi.n	100040e0 <tud_task+0x690>
100040de:	e580      	b.n	10003be2 <tud_task+0x192>
100040e0:	4650      	mov	r0, sl
100040e2:	f7ff fa37 	bl	10003554 <dcd_edpt_clear_stall>
100040e6:	464b      	mov	r3, r9
100040e8:	2202      	movs	r2, #2
100040ea:	78db      	ldrb	r3, [r3, #3]
100040ec:	4393      	bics	r3, r2
100040ee:	464a      	mov	r2, r9
100040f0:	70d3      	strb	r3, [r2, #3]
100040f2:	78d3      	ldrb	r3, [r2, #3]
100040f4:	4642      	mov	r2, r8
100040f6:	4393      	bics	r3, r2
100040f8:	464a      	mov	r2, r9
100040fa:	70d3      	strb	r3, [r2, #3]
100040fc:	e571      	b.n	10003be2 <tud_task+0x192>
100040fe:	4650      	mov	r0, sl
10004100:	f7ff fa0e 	bl	10003520 <dcd_edpt_stall>
10004104:	4643      	mov	r3, r8
10004106:	2202      	movs	r2, #2
10004108:	78db      	ldrb	r3, [r3, #3]
1000410a:	4313      	orrs	r3, r2
1000410c:	4642      	mov	r2, r8
1000410e:	70d3      	strb	r3, [r2, #3]
10004110:	78d3      	ldrb	r3, [r2, #3]
10004112:	2201      	movs	r2, #1
10004114:	4313      	orrs	r3, r2
10004116:	4642      	mov	r2, r8
10004118:	70d3      	strb	r3, [r2, #3]
1000411a:	e562      	b.n	10003be2 <tud_task+0x192>
1000411c:	20000f3e 	.word	0x20000f3e
10004120:	00000000 	.word	0x00000000
10004124:	1000596c 	.word	0x1000596c
10004128:	20000594 	.word	0x20000594
1000412c:	10002ca1 	.word	0x10002ca1
10004130:	10004c91 	.word	0x10004c91
10004134:	100059d4 	.word	0x100059d4
10004138:	10005994 	.word	0x10005994
	...
10004148:	ab06      	add	r3, sp, #24
1000414a:	1c9a      	adds	r2, r3, #2
1000414c:	a908      	add	r1, sp, #32
1000414e:	2301      	movs	r3, #1
10004150:	4650      	mov	r0, sl
10004152:	7015      	strb	r5, [r2, #0]
10004154:	f000 fb22 	bl	1000479c <tud_control_xfer>
10004158:	e48a      	b.n	10003a70 <tud_task+0x20>
1000415a:	1e58      	subs	r0, r3, #1
1000415c:	b2c0      	uxtb	r0, r0
1000415e:	f7fe feeb 	bl	10002f38 <tud_descriptor_configuration_cb>
10004162:	2800      	cmp	r0, #0
10004164:	d100      	bne.n	10004168 <tud_task+0x718>
10004166:	e63e      	b.n	10003de6 <tud_task+0x396>
10004168:	7843      	ldrb	r3, [r0, #1]
1000416a:	9304      	str	r3, [sp, #16]
1000416c:	2b02      	cmp	r3, #2
1000416e:	d000      	beq.n	10004172 <tud_task+0x722>
10004170:	e639      	b.n	10003de6 <tud_task+0x396>
10004172:	2701      	movs	r7, #1
10004174:	79c3      	ldrb	r3, [r0, #7]
10004176:	115a      	asrs	r2, r3, #5
10004178:	403a      	ands	r2, r7
1000417a:	0112      	lsls	r2, r2, #4
1000417c:	4691      	mov	r9, r2
1000417e:	782a      	ldrb	r2, [r5, #0]
10004180:	119b      	asrs	r3, r3, #6
10004182:	4690      	mov	r8, r2
10004184:	2210      	movs	r2, #16
10004186:	4641      	mov	r1, r8
10004188:	4391      	bics	r1, r2
1000418a:	000a      	movs	r2, r1
1000418c:	4649      	mov	r1, r9
1000418e:	430a      	orrs	r2, r1
10004190:	2120      	movs	r1, #32
10004192:	403b      	ands	r3, r7
10004194:	438a      	bics	r2, r1
10004196:	015b      	lsls	r3, r3, #5
10004198:	4313      	orrs	r3, r2
1000419a:	702b      	strb	r3, [r5, #0]
1000419c:	2309      	movs	r3, #9
1000419e:	4698      	mov	r8, r3
100041a0:	78c3      	ldrb	r3, [r0, #3]
100041a2:	7882      	ldrb	r2, [r0, #2]
100041a4:	021b      	lsls	r3, r3, #8
100041a6:	4313      	orrs	r3, r2
100041a8:	18c3      	adds	r3, r0, r3
100041aa:	4480      	add	r8, r0
100041ac:	9303      	str	r3, [sp, #12]
100041ae:	4598      	cmp	r8, r3
100041b0:	d300      	bcc.n	100041b4 <tud_task+0x764>
100041b2:	e0be      	b.n	10004332 <tud_task+0x8e2>
100041b4:	46d1      	mov	r9, sl
100041b6:	4643      	mov	r3, r8
100041b8:	2201      	movs	r2, #1
100041ba:	785b      	ldrb	r3, [r3, #1]
100041bc:	9200      	str	r2, [sp, #0]
100041be:	2b0b      	cmp	r3, #11
100041c0:	d107      	bne.n	100041d2 <tud_task+0x782>
100041c2:	4643      	mov	r3, r8
100041c4:	78db      	ldrb	r3, [r3, #3]
100041c6:	9300      	str	r3, [sp, #0]
100041c8:	4643      	mov	r3, r8
100041ca:	781b      	ldrb	r3, [r3, #0]
100041cc:	4498      	add	r8, r3
100041ce:	4643      	mov	r3, r8
100041d0:	785b      	ldrb	r3, [r3, #1]
100041d2:	2b04      	cmp	r3, #4
100041d4:	d000      	beq.n	100041d8 <tud_task+0x788>
100041d6:	e606      	b.n	10003de6 <tud_task+0x396>
100041d8:	4642      	mov	r2, r8
100041da:	9b03      	ldr	r3, [sp, #12]
100041dc:	2700      	movs	r7, #0
100041de:	1a9b      	subs	r3, r3, r2
100041e0:	b29b      	uxth	r3, r3
100041e2:	9302      	str	r3, [sp, #8]
100041e4:	4a5d      	ldr	r2, [pc, #372]	; (1000435c <tud_task+0x90c>)
100041e6:	4b5e      	ldr	r3, [pc, #376]	; (10004360 <tud_task+0x910>)
100041e8:	781b      	ldrb	r3, [r3, #0]
100041ea:	2a00      	cmp	r2, #0
100041ec:	d116      	bne.n	1000421c <tud_task+0x7cc>
100041ee:	e5e9      	b.n	10003dc4 <tud_task+0x374>
100041f0:	42bb      	cmp	r3, r7
100041f2:	d000      	beq.n	100041f6 <tud_task+0x7a6>
100041f4:	e0ae      	b.n	10004354 <tud_task+0x904>
100041f6:	4a5b      	ldr	r2, [pc, #364]	; (10004364 <tud_task+0x914>)
100041f8:	4b5b      	ldr	r3, [pc, #364]	; (10004368 <tud_task+0x918>)
100041fa:	4692      	mov	sl, r2
100041fc:	9a02      	ldr	r2, [sp, #8]
100041fe:	4641      	mov	r1, r8
10004200:	4648      	mov	r0, r9
10004202:	4798      	blx	r3
10004204:	2808      	cmp	r0, #8
10004206:	d902      	bls.n	1000420e <tud_task+0x7be>
10004208:	9b02      	ldr	r3, [sp, #8]
1000420a:	4283      	cmp	r3, r0
1000420c:	d253      	bcs.n	100042b6 <tud_task+0x866>
1000420e:	4b54      	ldr	r3, [pc, #336]	; (10004360 <tud_task+0x910>)
10004210:	3701      	adds	r7, #1
10004212:	781b      	ldrb	r3, [r3, #0]
10004214:	b2ff      	uxtb	r7, r7
10004216:	42bb      	cmp	r3, r7
10004218:	d200      	bcs.n	1000421c <tud_task+0x7cc>
1000421a:	e5e4      	b.n	10003de6 <tud_task+0x396>
1000421c:	42bb      	cmp	r3, r7
1000421e:	d9e7      	bls.n	100041f0 <tud_task+0x7a0>
10004220:	4a52      	ldr	r2, [pc, #328]	; (1000436c <tud_task+0x91c>)
10004222:	007b      	lsls	r3, r7, #1
10004224:	6812      	ldr	r2, [r2, #0]
10004226:	19db      	adds	r3, r3, r7
10004228:	4692      	mov	sl, r2
1000422a:	00db      	lsls	r3, r3, #3
1000422c:	449a      	add	sl, r3
1000422e:	4653      	mov	r3, sl
10004230:	9205      	str	r2, [sp, #20]
10004232:	689b      	ldr	r3, [r3, #8]
10004234:	e7e2      	b.n	100041fc <tud_task+0x7ac>
10004236:	4650      	mov	r0, sl
10004238:	f7ff f902 	bl	10003440 <dcd_edpt_close_all>
1000423c:	78ab      	ldrb	r3, [r5, #2]
1000423e:	4f48      	ldr	r7, [pc, #288]	; (10004360 <tud_task+0x910>)
10004240:	4a46      	ldr	r2, [pc, #280]	; (1000435c <tud_task+0x90c>)
10004242:	9300      	str	r3, [sp, #0]
10004244:	2100      	movs	r1, #0
10004246:	783b      	ldrb	r3, [r7, #0]
10004248:	2a00      	cmp	r2, #0
1000424a:	d02d      	beq.n	100042a8 <tud_task+0x858>
1000424c:	4a47      	ldr	r2, [pc, #284]	; (1000436c <tud_task+0x91c>)
1000424e:	4691      	mov	r9, r2
10004250:	003a      	movs	r2, r7
10004252:	000f      	movs	r7, r1
10004254:	4690      	mov	r8, r2
10004256:	42bb      	cmp	r3, r7
10004258:	d81d      	bhi.n	10004296 <tud_task+0x846>
1000425a:	d000      	beq.n	1000425e <tud_task+0x80e>
1000425c:	e5d9      	b.n	10003e12 <tud_task+0x3c2>
1000425e:	4b44      	ldr	r3, [pc, #272]	; (10004370 <tud_task+0x920>)
10004260:	4650      	mov	r0, sl
10004262:	4798      	blx	r3
10004264:	4643      	mov	r3, r8
10004266:	3701      	adds	r7, #1
10004268:	781b      	ldrb	r3, [r3, #0]
1000426a:	b2ff      	uxtb	r7, r7
1000426c:	42bb      	cmp	r3, r7
1000426e:	d2f2      	bcs.n	10004256 <tud_task+0x806>
10004270:	2253      	movs	r2, #83	; 0x53
10004272:	2100      	movs	r1, #0
10004274:	0028      	movs	r0, r5
10004276:	f7fe fb51 	bl	1000291c <__wrap_memset>
1000427a:	2210      	movs	r2, #16
1000427c:	21ff      	movs	r1, #255	; 0xff
1000427e:	1ce8      	adds	r0, r5, #3
10004280:	f7fe fb4c 	bl	1000291c <__wrap_memset>
10004284:	0028      	movs	r0, r5
10004286:	2220      	movs	r2, #32
10004288:	3013      	adds	r0, #19
1000428a:	21ff      	movs	r1, #255	; 0xff
1000428c:	f7fe fb46 	bl	1000291c <__wrap_memset>
10004290:	9b00      	ldr	r3, [sp, #0]
10004292:	70ab      	strb	r3, [r5, #2]
10004294:	e66c      	b.n	10003f70 <tud_task+0x520>
10004296:	464a      	mov	r2, r9
10004298:	6812      	ldr	r2, [r2, #0]
1000429a:	007b      	lsls	r3, r7, #1
1000429c:	4694      	mov	ip, r2
1000429e:	19db      	adds	r3, r3, r7
100042a0:	00db      	lsls	r3, r3, #3
100042a2:	4463      	add	r3, ip
100042a4:	685b      	ldr	r3, [r3, #4]
100042a6:	e7db      	b.n	10004260 <tud_task+0x810>
100042a8:	4650      	mov	r0, sl
100042aa:	f000 fc69 	bl	10004b80 <cdcd_reset>
100042ae:	783b      	ldrb	r3, [r7, #0]
100042b0:	2b00      	cmp	r3, #0
100042b2:	d0dd      	beq.n	10004270 <tud_task+0x820>
100042b4:	e5ad      	b.n	10003e12 <tud_task+0x3c2>
100042b6:	4684      	mov	ip, r0
100042b8:	9b00      	ldr	r3, [sp, #0]
100042ba:	2b01      	cmp	r3, #1
100042bc:	d019      	beq.n	100042f2 <tud_task+0x8a2>
100042be:	9b00      	ldr	r3, [sp, #0]
100042c0:	2b00      	cmp	r3, #0
100042c2:	d023      	beq.n	1000430c <tud_task+0x8bc>
100042c4:	4643      	mov	r3, r8
100042c6:	7899      	ldrb	r1, [r3, #2]
100042c8:	186a      	adds	r2, r5, r1
100042ca:	78d2      	ldrb	r2, [r2, #3]
100042cc:	000b      	movs	r3, r1
100042ce:	2aff      	cmp	r2, #255	; 0xff
100042d0:	d000      	beq.n	100042d4 <tud_task+0x884>
100042d2:	e588      	b.n	10003de6 <tud_task+0x396>
100042d4:	2200      	movs	r2, #0
100042d6:	18eb      	adds	r3, r5, r3
100042d8:	70df      	strb	r7, [r3, #3]
100042da:	3201      	adds	r2, #1
100042dc:	9b00      	ldr	r3, [sp, #0]
100042de:	b2d2      	uxtb	r2, r2
100042e0:	429a      	cmp	r2, r3
100042e2:	d213      	bcs.n	1000430c <tud_task+0x8bc>
100042e4:	1853      	adds	r3, r2, r1
100042e6:	b2db      	uxtb	r3, r3
100042e8:	18e8      	adds	r0, r5, r3
100042ea:	78c0      	ldrb	r0, [r0, #3]
100042ec:	28ff      	cmp	r0, #255	; 0xff
100042ee:	d0f2      	beq.n	100042d6 <tud_task+0x886>
100042f0:	e579      	b.n	10003de6 <tud_task+0x396>
100042f2:	4652      	mov	r2, sl
100042f4:	4b1c      	ldr	r3, [pc, #112]	; (10004368 <tud_task+0x918>)
100042f6:	6892      	ldr	r2, [r2, #8]
100042f8:	429a      	cmp	r2, r3
100042fa:	d025      	beq.n	10004348 <tud_task+0x8f8>
100042fc:	4643      	mov	r3, r8
100042fe:	789b      	ldrb	r3, [r3, #2]
10004300:	18eb      	adds	r3, r5, r3
10004302:	78da      	ldrb	r2, [r3, #3]
10004304:	2aff      	cmp	r2, #255	; 0xff
10004306:	d000      	beq.n	1000430a <tud_task+0x8ba>
10004308:	e56d      	b.n	10003de6 <tud_task+0x396>
1000430a:	70df      	strb	r7, [r3, #3]
1000430c:	0028      	movs	r0, r5
1000430e:	46e2      	mov	sl, ip
10004310:	003b      	movs	r3, r7
10004312:	4641      	mov	r1, r8
10004314:	3013      	adds	r0, #19
10004316:	4662      	mov	r2, ip
10004318:	f000 fe3a 	bl	10004f90 <tu_edpt_bind_driver>
1000431c:	4b10      	ldr	r3, [pc, #64]	; (10004360 <tud_task+0x910>)
1000431e:	44d0      	add	r8, sl
10004320:	781b      	ldrb	r3, [r3, #0]
10004322:	42bb      	cmp	r3, r7
10004324:	d200      	bcs.n	10004328 <tud_task+0x8d8>
10004326:	e55e      	b.n	10003de6 <tud_task+0x396>
10004328:	9b03      	ldr	r3, [sp, #12]
1000432a:	4543      	cmp	r3, r8
1000432c:	d900      	bls.n	10004330 <tud_task+0x8e0>
1000432e:	e742      	b.n	100041b6 <tud_task+0x766>
10004330:	46ca      	mov	sl, r9
10004332:	4b10      	ldr	r3, [pc, #64]	; (10004374 <tud_task+0x924>)
10004334:	2b00      	cmp	r3, #0
10004336:	d100      	bne.n	1000433a <tud_task+0x8ea>
10004338:	e61e      	b.n	10003f78 <tud_task+0x528>
1000433a:	e000      	b.n	1000433e <tud_task+0x8ee>
1000433c:	bf00      	nop
1000433e:	e61b      	b.n	10003f78 <tud_task+0x528>
10004340:	4b08      	ldr	r3, [pc, #32]	; (10004364 <tud_task+0x914>)
10004342:	4f06      	ldr	r7, [pc, #24]	; (1000435c <tud_task+0x90c>)
10004344:	469a      	mov	sl, r3
10004346:	e7b7      	b.n	100042b8 <tud_task+0x868>
10004348:	9b04      	ldr	r3, [sp, #16]
1000434a:	9300      	str	r3, [sp, #0]
1000434c:	e7ba      	b.n	100042c4 <tud_task+0x874>
1000434e:	f7fe fdf3 	bl	10002f38 <tud_descriptor_configuration_cb>
10004352:	e690      	b.n	10004076 <tud_task+0x626>
10004354:	2300      	movs	r3, #0
10004356:	689b      	ldr	r3, [r3, #8]
10004358:	deff      	udf	#255	; 0xff
1000435a:	46c0      	nop			; (mov r8, r8)
1000435c:	10002ca1 	.word	0x10002ca1
10004360:	20000f3e 	.word	0x20000f3e
10004364:	100059d4 	.word	0x100059d4
10004368:	10004bad 	.word	0x10004bad
1000436c:	20000594 	.word	0x20000594
10004370:	10004b81 	.word	0x10004b81
10004374:	00000000 	.word	0x00000000

10004378 <dcd_event_bus_signal>:
10004378:	b570      	push	{r4, r5, r6, lr}
1000437a:	b086      	sub	sp, #24
1000437c:	466b      	mov	r3, sp
1000437e:	0005      	movs	r5, r0
10004380:	000c      	movs	r4, r1
10004382:	1c98      	adds	r0, r3, #2
10004384:	220a      	movs	r2, #10
10004386:	2100      	movs	r1, #0
10004388:	f7fe fac8 	bl	1000291c <__wrap_memset>
1000438c:	466b      	mov	r3, sp
1000438e:	701d      	strb	r5, [r3, #0]
10004390:	705c      	strb	r4, [r3, #1]
10004392:	2c03      	cmp	r4, #3
10004394:	d04f      	beq.n	10004436 <dcd_event_bus_signal+0xbe>
10004396:	d909      	bls.n	100043ac <dcd_event_bus_signal+0x34>
10004398:	2c04      	cmp	r4, #4
1000439a:	d03a      	beq.n	10004412 <dcd_event_bus_signal+0x9a>
1000439c:	2c05      	cmp	r4, #5
1000439e:	d12e      	bne.n	100043fe <dcd_event_bus_signal+0x86>
100043a0:	4b3c      	ldr	r3, [pc, #240]	; (10004494 <dcd_event_bus_signal+0x11c>)
100043a2:	781a      	ldrb	r2, [r3, #0]
100043a4:	07d2      	lsls	r2, r2, #31
100043a6:	d466      	bmi.n	10004476 <dcd_event_bus_signal+0xfe>
100043a8:	b006      	add	sp, #24
100043aa:	bd70      	pop	{r4, r5, r6, pc}
100043ac:	2c02      	cmp	r4, #2
100043ae:	d126      	bne.n	100043fe <dcd_event_bus_signal+0x86>
100043b0:	2101      	movs	r1, #1
100043b2:	4b38      	ldr	r3, [pc, #224]	; (10004494 <dcd_event_bus_signal+0x11c>)
100043b4:	781a      	ldrb	r2, [r3, #0]
100043b6:	438a      	bics	r2, r1
100043b8:	701a      	strb	r2, [r3, #0]
100043ba:	781a      	ldrb	r2, [r3, #0]
100043bc:	3103      	adds	r1, #3
100043be:	43a2      	bics	r2, r4
100043c0:	701a      	strb	r2, [r3, #0]
100043c2:	2200      	movs	r2, #0
100043c4:	705a      	strb	r2, [r3, #1]
100043c6:	781a      	ldrb	r2, [r3, #0]
100043c8:	438a      	bics	r2, r1
100043ca:	701a      	strb	r2, [r3, #0]
100043cc:	4b32      	ldr	r3, [pc, #200]	; (10004498 <dcd_event_bus_signal+0x120>)
100043ce:	681c      	ldr	r4, [r3, #0]
100043d0:	69e2      	ldr	r2, [r4, #28]
100043d2:	f3ef 8110 	mrs	r1, PRIMASK
100043d6:	b672      	cpsid	i
100043d8:	6813      	ldr	r3, [r2, #0]
100043da:	2b00      	cmp	r3, #0
100043dc:	d0fc      	beq.n	100043d8 <dcd_event_bus_signal+0x60>
100043de:	f3bf 8f5f 	dmb	sy
100043e2:	6221      	str	r1, [r4, #32]
100043e4:	4669      	mov	r1, sp
100043e6:	0020      	movs	r0, r4
100043e8:	f000 ff1a 	bl	10005220 <tu_fifo_write>
100043ec:	69e2      	ldr	r2, [r4, #28]
100043ee:	6a23      	ldr	r3, [r4, #32]
100043f0:	f3bf 8f5f 	dmb	sy
100043f4:	2100      	movs	r1, #0
100043f6:	6011      	str	r1, [r2, #0]
100043f8:	f383 8810 	msr	PRIMASK, r3
100043fc:	e7d4      	b.n	100043a8 <dcd_event_bus_signal+0x30>
100043fe:	4b26      	ldr	r3, [pc, #152]	; (10004498 <dcd_event_bus_signal+0x120>)
10004400:	681c      	ldr	r4, [r3, #0]
10004402:	69e2      	ldr	r2, [r4, #28]
10004404:	f3ef 8110 	mrs	r1, PRIMASK
10004408:	b672      	cpsid	i
1000440a:	6813      	ldr	r3, [r2, #0]
1000440c:	2b00      	cmp	r3, #0
1000440e:	d1e6      	bne.n	100043de <dcd_event_bus_signal+0x66>
10004410:	e7fb      	b.n	1000440a <dcd_event_bus_signal+0x92>
10004412:	4b20      	ldr	r3, [pc, #128]	; (10004494 <dcd_event_bus_signal+0x11c>)
10004414:	781a      	ldrb	r2, [r3, #0]
10004416:	07d2      	lsls	r2, r2, #31
10004418:	d5c6      	bpl.n	100043a8 <dcd_event_bus_signal+0x30>
1000441a:	2104      	movs	r1, #4
1000441c:	781a      	ldrb	r2, [r3, #0]
1000441e:	430a      	orrs	r2, r1
10004420:	701a      	strb	r2, [r3, #0]
10004422:	4b1d      	ldr	r3, [pc, #116]	; (10004498 <dcd_event_bus_signal+0x120>)
10004424:	681c      	ldr	r4, [r3, #0]
10004426:	69e2      	ldr	r2, [r4, #28]
10004428:	f3ef 8110 	mrs	r1, PRIMASK
1000442c:	b672      	cpsid	i
1000442e:	6813      	ldr	r3, [r2, #0]
10004430:	2b00      	cmp	r3, #0
10004432:	d1d4      	bne.n	100043de <dcd_event_bus_signal+0x66>
10004434:	e7fb      	b.n	1000442e <dcd_event_bus_signal+0xb6>
10004436:	4b17      	ldr	r3, [pc, #92]	; (10004494 <dcd_event_bus_signal+0x11c>)
10004438:	781a      	ldrb	r2, [r3, #0]
1000443a:	0752      	lsls	r2, r2, #29
1000443c:	d5b4      	bpl.n	100043a8 <dcd_event_bus_signal+0x30>
1000443e:	2104      	movs	r1, #4
10004440:	200e      	movs	r0, #14
10004442:	781a      	ldrb	r2, [r3, #0]
10004444:	4468      	add	r0, sp
10004446:	438a      	bics	r2, r1
10004448:	701a      	strb	r2, [r3, #0]
1000444a:	2100      	movs	r1, #0
1000444c:	220a      	movs	r2, #10
1000444e:	f7fe fa65 	bl	1000291c <__wrap_memset>
10004452:	2305      	movs	r3, #5
10004454:	ae03      	add	r6, sp, #12
10004456:	7073      	strb	r3, [r6, #1]
10004458:	4b0f      	ldr	r3, [pc, #60]	; (10004498 <dcd_event_bus_signal+0x120>)
1000445a:	7035      	strb	r5, [r6, #0]
1000445c:	681c      	ldr	r4, [r3, #0]
1000445e:	69e2      	ldr	r2, [r4, #28]
10004460:	f3ef 8110 	mrs	r1, PRIMASK
10004464:	b672      	cpsid	i
10004466:	6813      	ldr	r3, [r2, #0]
10004468:	2b00      	cmp	r3, #0
1000446a:	d0fc      	beq.n	10004466 <dcd_event_bus_signal+0xee>
1000446c:	f3bf 8f5f 	dmb	sy
10004470:	6221      	str	r1, [r4, #32]
10004472:	0031      	movs	r1, r6
10004474:	e7b7      	b.n	100043e6 <dcd_event_bus_signal+0x6e>
10004476:	2104      	movs	r1, #4
10004478:	781a      	ldrb	r2, [r3, #0]
1000447a:	438a      	bics	r2, r1
1000447c:	701a      	strb	r2, [r3, #0]
1000447e:	4b06      	ldr	r3, [pc, #24]	; (10004498 <dcd_event_bus_signal+0x120>)
10004480:	681c      	ldr	r4, [r3, #0]
10004482:	69e2      	ldr	r2, [r4, #28]
10004484:	f3ef 8110 	mrs	r1, PRIMASK
10004488:	b672      	cpsid	i
1000448a:	6813      	ldr	r3, [r2, #0]
1000448c:	2b00      	cmp	r3, #0
1000448e:	d1a6      	bne.n	100043de <dcd_event_bus_signal+0x66>
10004490:	e7fb      	b.n	1000448a <dcd_event_bus_signal+0x112>
10004492:	46c0      	nop			; (mov r8, r8)
10004494:	200008cc 	.word	0x200008cc
10004498:	20000924 	.word	0x20000924

1000449c <dcd_event_bus_reset>:
1000449c:	b570      	push	{r4, r5, r6, lr}
1000449e:	b084      	sub	sp, #16
100044a0:	466b      	mov	r3, sp
100044a2:	0006      	movs	r6, r0
100044a4:	000d      	movs	r5, r1
100044a6:	220a      	movs	r2, #10
100044a8:	2100      	movs	r1, #0
100044aa:	1d98      	adds	r0, r3, #6
100044ac:	f7fe fa36 	bl	1000291c <__wrap_memset>
100044b0:	2301      	movs	r3, #1
100044b2:	ac01      	add	r4, sp, #4
100044b4:	7063      	strb	r3, [r4, #1]
100044b6:	4b0e      	ldr	r3, [pc, #56]	; (100044f0 <dcd_event_bus_reset+0x54>)
100044b8:	7125      	strb	r5, [r4, #4]
100044ba:	681d      	ldr	r5, [r3, #0]
100044bc:	7026      	strb	r6, [r4, #0]
100044be:	69ea      	ldr	r2, [r5, #28]
100044c0:	f3ef 8310 	mrs	r3, PRIMASK
100044c4:	b672      	cpsid	i
100044c6:	6811      	ldr	r1, [r2, #0]
100044c8:	2900      	cmp	r1, #0
100044ca:	d0fc      	beq.n	100044c6 <dcd_event_bus_reset+0x2a>
100044cc:	f3bf 8f5f 	dmb	sy
100044d0:	622b      	str	r3, [r5, #32]
100044d2:	0021      	movs	r1, r4
100044d4:	0028      	movs	r0, r5
100044d6:	f000 fea3 	bl	10005220 <tu_fifo_write>
100044da:	69ea      	ldr	r2, [r5, #28]
100044dc:	6a2b      	ldr	r3, [r5, #32]
100044de:	f3bf 8f5f 	dmb	sy
100044e2:	2100      	movs	r1, #0
100044e4:	6011      	str	r1, [r2, #0]
100044e6:	f383 8810 	msr	PRIMASK, r3
100044ea:	b004      	add	sp, #16
100044ec:	bd70      	pop	{r4, r5, r6, pc}
100044ee:	46c0      	nop			; (mov r8, r8)
100044f0:	20000924 	.word	0x20000924

100044f4 <dcd_event_setup_received>:
100044f4:	2300      	movs	r3, #0
100044f6:	b530      	push	{r4, r5, lr}
100044f8:	b085      	sub	sp, #20
100044fa:	ad01      	add	r5, sp, #4
100044fc:	806b      	strh	r3, [r5, #2]
100044fe:	7028      	strb	r0, [r5, #0]
10004500:	3306      	adds	r3, #6
10004502:	2208      	movs	r2, #8
10004504:	a802      	add	r0, sp, #8
10004506:	706b      	strb	r3, [r5, #1]
10004508:	f7fe fa0e 	bl	10002928 <__wrap___aeabi_memcpy>
1000450c:	4b0c      	ldr	r3, [pc, #48]	; (10004540 <dcd_event_setup_received+0x4c>)
1000450e:	681c      	ldr	r4, [r3, #0]
10004510:	69e2      	ldr	r2, [r4, #28]
10004512:	f3ef 8310 	mrs	r3, PRIMASK
10004516:	b672      	cpsid	i
10004518:	6811      	ldr	r1, [r2, #0]
1000451a:	2900      	cmp	r1, #0
1000451c:	d0fc      	beq.n	10004518 <dcd_event_setup_received+0x24>
1000451e:	f3bf 8f5f 	dmb	sy
10004522:	6223      	str	r3, [r4, #32]
10004524:	0029      	movs	r1, r5
10004526:	0020      	movs	r0, r4
10004528:	f000 fe7a 	bl	10005220 <tu_fifo_write>
1000452c:	69e2      	ldr	r2, [r4, #28]
1000452e:	6a23      	ldr	r3, [r4, #32]
10004530:	f3bf 8f5f 	dmb	sy
10004534:	2100      	movs	r1, #0
10004536:	6011      	str	r1, [r2, #0]
10004538:	f383 8810 	msr	PRIMASK, r3
1000453c:	b005      	add	sp, #20
1000453e:	bd30      	pop	{r4, r5, pc}
10004540:	20000924 	.word	0x20000924

10004544 <dcd_event_xfer_complete>:
10004544:	b5f0      	push	{r4, r5, r6, r7, lr}
10004546:	46c6      	mov	lr, r8
10004548:	b500      	push	{lr}
1000454a:	b084      	sub	sp, #16
1000454c:	001d      	movs	r5, r3
1000454e:	466b      	mov	r3, sp
10004550:	4680      	mov	r8, r0
10004552:	000f      	movs	r7, r1
10004554:	0016      	movs	r6, r2
10004556:	2100      	movs	r1, #0
10004558:	2206      	movs	r2, #6
1000455a:	1d98      	adds	r0, r3, #6
1000455c:	f7fe f9de 	bl	1000291c <__wrap_memset>
10004560:	4643      	mov	r3, r8
10004562:	ac01      	add	r4, sp, #4
10004564:	7023      	strb	r3, [r4, #0]
10004566:	2307      	movs	r3, #7
10004568:	7063      	strb	r3, [r4, #1]
1000456a:	4b0f      	ldr	r3, [pc, #60]	; (100045a8 <dcd_event_xfer_complete+0x64>)
1000456c:	7165      	strb	r5, [r4, #5]
1000456e:	681d      	ldr	r5, [r3, #0]
10004570:	7127      	strb	r7, [r4, #4]
10004572:	60a6      	str	r6, [r4, #8]
10004574:	69ea      	ldr	r2, [r5, #28]
10004576:	f3ef 8310 	mrs	r3, PRIMASK
1000457a:	b672      	cpsid	i
1000457c:	6811      	ldr	r1, [r2, #0]
1000457e:	2900      	cmp	r1, #0
10004580:	d0fc      	beq.n	1000457c <dcd_event_xfer_complete+0x38>
10004582:	f3bf 8f5f 	dmb	sy
10004586:	622b      	str	r3, [r5, #32]
10004588:	0021      	movs	r1, r4
1000458a:	0028      	movs	r0, r5
1000458c:	f000 fe48 	bl	10005220 <tu_fifo_write>
10004590:	69ea      	ldr	r2, [r5, #28]
10004592:	6a2b      	ldr	r3, [r5, #32]
10004594:	f3bf 8f5f 	dmb	sy
10004598:	2100      	movs	r1, #0
1000459a:	6011      	str	r1, [r2, #0]
1000459c:	f383 8810 	msr	PRIMASK, r3
100045a0:	b004      	add	sp, #16
100045a2:	bc04      	pop	{r2}
100045a4:	4690      	mov	r8, r2
100045a6:	bdf0      	pop	{r4, r5, r6, r7, pc}
100045a8:	20000924 	.word	0x20000924

100045ac <usbd_open_edpt_pair>:
100045ac:	b5f0      	push	{r4, r5, r6, r7, lr}
100045ae:	4646      	mov	r6, r8
100045b0:	46d6      	mov	lr, sl
100045b2:	464f      	mov	r7, r9
100045b4:	4680      	mov	r8, r0
100045b6:	b5c0      	push	{r6, r7, lr}
100045b8:	000c      	movs	r4, r1
100045ba:	0015      	movs	r5, r2
100045bc:	001e      	movs	r6, r3
100045be:	2a00      	cmp	r2, #0
100045c0:	d03e      	beq.n	10004640 <usbd_open_edpt_pair+0x94>
100045c2:	784b      	ldrb	r3, [r1, #1]
100045c4:	2b05      	cmp	r3, #5
100045c6:	d108      	bne.n	100045da <usbd_open_edpt_pair+0x2e>
100045c8:	78cb      	ldrb	r3, [r1, #3]
100045ca:	079b      	lsls	r3, r3, #30
100045cc:	0f9b      	lsrs	r3, r3, #30
100045ce:	42b3      	cmp	r3, r6
100045d0:	d103      	bne.n	100045da <usbd_open_edpt_pair+0x2e>
100045d2:	2270      	movs	r2, #112	; 0x70
100045d4:	788b      	ldrb	r3, [r1, #2]
100045d6:	421a      	tst	r2, r3
100045d8:	d005      	beq.n	100045e6 <usbd_open_edpt_pair+0x3a>
100045da:	2000      	movs	r0, #0
100045dc:	bc1c      	pop	{r2, r3, r4}
100045de:	4690      	mov	r8, r2
100045e0:	4699      	mov	r9, r3
100045e2:	46a2      	mov	sl, r4
100045e4:	bdf0      	pop	{r4, r5, r6, r7, pc}
100045e6:	4b17      	ldr	r3, [pc, #92]	; (10004644 <usbd_open_edpt_pair+0x98>)
100045e8:	2700      	movs	r7, #0
100045ea:	4699      	mov	r9, r3
100045ec:	2370      	movs	r3, #112	; 0x70
100045ee:	469a      	mov	sl, r3
100045f0:	464b      	mov	r3, r9
100045f2:	0020      	movs	r0, r4
100045f4:	7899      	ldrb	r1, [r3, #2]
100045f6:	f000 fc91 	bl	10004f1c <tu_edpt_validate>
100045fa:	2800      	cmp	r0, #0
100045fc:	d0ed      	beq.n	100045da <usbd_open_edpt_pair+0x2e>
100045fe:	0021      	movs	r1, r4
10004600:	4640      	mov	r0, r8
10004602:	f7fe feab 	bl	1000335c <dcd_edpt_open>
10004606:	2800      	cmp	r0, #0
10004608:	d0e7      	beq.n	100045da <usbd_open_edpt_pair+0x2e>
1000460a:	78a3      	ldrb	r3, [r4, #2]
1000460c:	09da      	lsrs	r2, r3, #7
1000460e:	2a01      	cmp	r2, #1
10004610:	d013      	beq.n	1000463a <usbd_open_edpt_pair+0x8e>
10004612:	9a08      	ldr	r2, [sp, #32]
10004614:	7013      	strb	r3, [r2, #0]
10004616:	7823      	ldrb	r3, [r4, #0]
10004618:	3701      	adds	r7, #1
1000461a:	18e4      	adds	r4, r4, r3
1000461c:	42af      	cmp	r7, r5
1000461e:	da0f      	bge.n	10004640 <usbd_open_edpt_pair+0x94>
10004620:	7863      	ldrb	r3, [r4, #1]
10004622:	2b05      	cmp	r3, #5
10004624:	d1d9      	bne.n	100045da <usbd_open_edpt_pair+0x2e>
10004626:	78e3      	ldrb	r3, [r4, #3]
10004628:	079b      	lsls	r3, r3, #30
1000462a:	0f9b      	lsrs	r3, r3, #30
1000462c:	42b3      	cmp	r3, r6
1000462e:	d1d4      	bne.n	100045da <usbd_open_edpt_pair+0x2e>
10004630:	4652      	mov	r2, sl
10004632:	78a3      	ldrb	r3, [r4, #2]
10004634:	421a      	tst	r2, r3
10004636:	d1d0      	bne.n	100045da <usbd_open_edpt_pair+0x2e>
10004638:	e7da      	b.n	100045f0 <usbd_open_edpt_pair+0x44>
1000463a:	9a09      	ldr	r2, [sp, #36]	; 0x24
1000463c:	7013      	strb	r3, [r2, #0]
1000463e:	e7ea      	b.n	10004616 <usbd_open_edpt_pair+0x6a>
10004640:	2001      	movs	r0, #1
10004642:	e7cb      	b.n	100045dc <usbd_open_edpt_pair+0x30>
10004644:	200008cc 	.word	0x200008cc

10004648 <usbd_edpt_open>:
10004648:	2270      	movs	r2, #112	; 0x70
1000464a:	b570      	push	{r4, r5, r6, lr}
1000464c:	788b      	ldrb	r3, [r1, #2]
1000464e:	0005      	movs	r5, r0
10004650:	000c      	movs	r4, r1
10004652:	421a      	tst	r2, r3
10004654:	d001      	beq.n	1000465a <usbd_edpt_open+0x12>
10004656:	2000      	movs	r0, #0
10004658:	bd70      	pop	{r4, r5, r6, pc}
1000465a:	4b06      	ldr	r3, [pc, #24]	; (10004674 <usbd_edpt_open+0x2c>)
1000465c:	0020      	movs	r0, r4
1000465e:	7899      	ldrb	r1, [r3, #2]
10004660:	f000 fc5c 	bl	10004f1c <tu_edpt_validate>
10004664:	2800      	cmp	r0, #0
10004666:	d0f6      	beq.n	10004656 <usbd_edpt_open+0xe>
10004668:	0021      	movs	r1, r4
1000466a:	0028      	movs	r0, r5
1000466c:	f7fe fe76 	bl	1000335c <dcd_edpt_open>
10004670:	e7f2      	b.n	10004658 <usbd_edpt_open+0x10>
10004672:	46c0      	nop			; (mov r8, r8)
10004674:	200008cc 	.word	0x200008cc

10004678 <usbd_edpt_claim>:
10004678:	237f      	movs	r3, #127	; 0x7f
1000467a:	b570      	push	{r4, r5, r6, lr}
1000467c:	400b      	ands	r3, r1
1000467e:	4d14      	ldr	r5, [pc, #80]	; (100046d0 <usbd_edpt_claim+0x58>)
10004680:	005b      	lsls	r3, r3, #1
10004682:	09c9      	lsrs	r1, r1, #7
10004684:	18ed      	adds	r5, r5, r3
10004686:	186d      	adds	r5, r5, r1
10004688:	3530      	adds	r5, #48	; 0x30
1000468a:	78ec      	ldrb	r4, [r5, #3]
1000468c:	07e4      	lsls	r4, r4, #31
1000468e:	0fe4      	lsrs	r4, r4, #31
10004690:	d117      	bne.n	100046c2 <usbd_edpt_claim+0x4a>
10004692:	78eb      	ldrb	r3, [r5, #3]
10004694:	075b      	lsls	r3, r3, #29
10004696:	d501      	bpl.n	1000469c <usbd_edpt_claim+0x24>
10004698:	0020      	movs	r0, r4
1000469a:	bd70      	pop	{r4, r5, r6, pc}
1000469c:	2101      	movs	r1, #1
1000469e:	4e0d      	ldr	r6, [pc, #52]	; (100046d4 <usbd_edpt_claim+0x5c>)
100046a0:	4249      	negs	r1, r1
100046a2:	6830      	ldr	r0, [r6, #0]
100046a4:	f001 f820 	bl	100056e8 <__mutex_enter_timeout_ms_veneer>
100046a8:	78ec      	ldrb	r4, [r5, #3]
100046aa:	07e4      	lsls	r4, r4, #31
100046ac:	0fe4      	lsrs	r4, r4, #31
100046ae:	d10a      	bne.n	100046c6 <usbd_edpt_claim+0x4e>
100046b0:	78eb      	ldrb	r3, [r5, #3]
100046b2:	075b      	lsls	r3, r3, #29
100046b4:	d408      	bmi.n	100046c8 <usbd_edpt_claim+0x50>
100046b6:	2204      	movs	r2, #4
100046b8:	78eb      	ldrb	r3, [r5, #3]
100046ba:	2401      	movs	r4, #1
100046bc:	4313      	orrs	r3, r2
100046be:	70eb      	strb	r3, [r5, #3]
100046c0:	e002      	b.n	100046c8 <usbd_edpt_claim+0x50>
100046c2:	2400      	movs	r4, #0
100046c4:	e7e8      	b.n	10004698 <usbd_edpt_claim+0x20>
100046c6:	2400      	movs	r4, #0
100046c8:	6830      	ldr	r0, [r6, #0]
100046ca:	f000 fff5 	bl	100056b8 <__mutex_exit_veneer>
100046ce:	e7e3      	b.n	10004698 <usbd_edpt_claim+0x20>
100046d0:	200008cc 	.word	0x200008cc
100046d4:	20000920 	.word	0x20000920

100046d8 <usbd_edpt_release>:
100046d8:	b570      	push	{r4, r5, r6, lr}
100046da:	000d      	movs	r5, r1
100046dc:	2101      	movs	r1, #1
100046de:	4c0f      	ldr	r4, [pc, #60]	; (1000471c <usbd_edpt_release+0x44>)
100046e0:	4249      	negs	r1, r1
100046e2:	6820      	ldr	r0, [r4, #0]
100046e4:	f001 f800 	bl	100056e8 <__mutex_enter_timeout_ms_veneer>
100046e8:	217f      	movs	r1, #127	; 0x7f
100046ea:	4029      	ands	r1, r5
100046ec:	004b      	lsls	r3, r1, #1
100046ee:	490c      	ldr	r1, [pc, #48]	; (10004720 <usbd_edpt_release+0x48>)
100046f0:	09ed      	lsrs	r5, r5, #7
100046f2:	18c9      	adds	r1, r1, r3
100046f4:	1949      	adds	r1, r1, r5
100046f6:	3130      	adds	r1, #48	; 0x30
100046f8:	78cb      	ldrb	r3, [r1, #3]
100046fa:	2500      	movs	r5, #0
100046fc:	07db      	lsls	r3, r3, #31
100046fe:	d407      	bmi.n	10004710 <usbd_edpt_release+0x38>
10004700:	78cd      	ldrb	r5, [r1, #3]
10004702:	076d      	lsls	r5, r5, #29
10004704:	0fed      	lsrs	r5, r5, #31
10004706:	d003      	beq.n	10004710 <usbd_edpt_release+0x38>
10004708:	2204      	movs	r2, #4
1000470a:	78cb      	ldrb	r3, [r1, #3]
1000470c:	4393      	bics	r3, r2
1000470e:	70cb      	strb	r3, [r1, #3]
10004710:	6820      	ldr	r0, [r4, #0]
10004712:	f000 ffd1 	bl	100056b8 <__mutex_exit_veneer>
10004716:	0028      	movs	r0, r5
10004718:	bd70      	pop	{r4, r5, r6, pc}
1000471a:	46c0      	nop			; (mov r8, r8)
1000471c:	20000920 	.word	0x20000920
10004720:	200008cc 	.word	0x200008cc

10004724 <usbd_edpt_xfer>:
10004724:	b570      	push	{r4, r5, r6, lr}
10004726:	247f      	movs	r4, #127	; 0x7f
10004728:	400c      	ands	r4, r1
1000472a:	0065      	lsls	r5, r4, #1
1000472c:	4c0e      	ldr	r4, [pc, #56]	; (10004768 <usbd_edpt_xfer+0x44>)
1000472e:	0006      	movs	r6, r0
10004730:	1964      	adds	r4, r4, r5
10004732:	09c8      	lsrs	r0, r1, #7
10004734:	1824      	adds	r4, r4, r0
10004736:	3430      	adds	r4, #48	; 0x30
10004738:	78e5      	ldrb	r5, [r4, #3]
1000473a:	2000      	movs	r0, #0
1000473c:	07ed      	lsls	r5, r5, #31
1000473e:	d500      	bpl.n	10004742 <usbd_edpt_xfer+0x1e>
10004740:	bd70      	pop	{r4, r5, r6, pc}
10004742:	2501      	movs	r5, #1
10004744:	78e0      	ldrb	r0, [r4, #3]
10004746:	4328      	orrs	r0, r5
10004748:	70e0      	strb	r0, [r4, #3]
1000474a:	0030      	movs	r0, r6
1000474c:	f7fe fed6 	bl	100034fc <dcd_edpt_xfer>
10004750:	2800      	cmp	r0, #0
10004752:	d1f5      	bne.n	10004740 <usbd_edpt_xfer+0x1c>
10004754:	2201      	movs	r2, #1
10004756:	78e3      	ldrb	r3, [r4, #3]
10004758:	4393      	bics	r3, r2
1000475a:	70e3      	strb	r3, [r4, #3]
1000475c:	78e3      	ldrb	r3, [r4, #3]
1000475e:	3203      	adds	r2, #3
10004760:	4393      	bics	r3, r2
10004762:	70e3      	strb	r3, [r4, #3]
10004764:	e7ec      	b.n	10004740 <usbd_edpt_xfer+0x1c>
10004766:	46c0      	nop			; (mov r8, r8)
10004768:	200008cc 	.word	0x200008cc

1000476c <tud_control_status>:
1000476c:	b570      	push	{r4, r5, r6, lr}
1000476e:	4c0a      	ldr	r4, [pc, #40]	; (10004798 <tud_control_status+0x2c>)
10004770:	0006      	movs	r6, r0
10004772:	2208      	movs	r2, #8
10004774:	0020      	movs	r0, r4
10004776:	000d      	movs	r5, r1
10004778:	f7fe f8d6 	bl	10002928 <__wrap___aeabi_memcpy>
1000477c:	2100      	movs	r1, #0
1000477e:	5669      	ldrsb	r1, [r5, r1]
10004780:	2300      	movs	r3, #0
10004782:	43c9      	mvns	r1, r1
10004784:	0fc9      	lsrs	r1, r1, #31
10004786:	0030      	movs	r0, r6
10004788:	60e3      	str	r3, [r4, #12]
1000478a:	01c9      	lsls	r1, r1, #7
1000478c:	2200      	movs	r2, #0
1000478e:	60a3      	str	r3, [r4, #8]
10004790:	f7ff ffc8 	bl	10004724 <usbd_edpt_xfer>
10004794:	bd70      	pop	{r4, r5, r6, pc}
10004796:	46c0      	nop			; (mov r8, r8)
10004798:	20000870 	.word	0x20000870

1000479c <tud_control_xfer>:
1000479c:	b5f0      	push	{r4, r5, r6, r7, lr}
1000479e:	46c6      	mov	lr, r8
100047a0:	4690      	mov	r8, r2
100047a2:	4c29      	ldr	r4, [pc, #164]	; (10004848 <tud_control_xfer+0xac>)
100047a4:	2208      	movs	r2, #8
100047a6:	b500      	push	{lr}
100047a8:	0006      	movs	r6, r0
100047aa:	0020      	movs	r0, r4
100047ac:	000d      	movs	r5, r1
100047ae:	001f      	movs	r7, r3
100047b0:	f7fe f8ba 	bl	10002928 <__wrap___aeabi_memcpy>
100047b4:	4643      	mov	r3, r8
100047b6:	60a3      	str	r3, [r4, #8]
100047b8:	2300      	movs	r3, #0
100047ba:	81e3      	strh	r3, [r4, #14]
100047bc:	79eb      	ldrb	r3, [r5, #7]
100047be:	79aa      	ldrb	r2, [r5, #6]
100047c0:	021b      	lsls	r3, r3, #8
100047c2:	4313      	orrs	r3, r2
100047c4:	1c1a      	adds	r2, r3, #0
100047c6:	42bb      	cmp	r3, r7
100047c8:	d900      	bls.n	100047cc <tud_control_xfer+0x30>
100047ca:	1c3a      	adds	r2, r7, #0
100047cc:	b297      	uxth	r7, r2
100047ce:	81a2      	strh	r2, [r4, #12]
100047d0:	2b00      	cmp	r3, #0
100047d2:	d012      	beq.n	100047fa <tud_control_xfer+0x5e>
100047d4:	2f00      	cmp	r7, #0
100047d6:	d01d      	beq.n	10004814 <tud_control_xfer+0x78>
100047d8:	4643      	mov	r3, r8
100047da:	2b00      	cmp	r3, #0
100047dc:	d031      	beq.n	10004842 <tud_control_xfer+0xa6>
100047de:	1c3b      	adds	r3, r7, #0
100047e0:	2f40      	cmp	r7, #64	; 0x40
100047e2:	d81d      	bhi.n	10004820 <tud_control_xfer+0x84>
100047e4:	b29f      	uxth	r7, r3
100047e6:	7823      	ldrb	r3, [r4, #0]
100047e8:	2b7f      	cmp	r3, #127	; 0x7f
100047ea:	d81e      	bhi.n	1000482a <tud_control_xfer+0x8e>
100047ec:	2100      	movs	r1, #0
100047ee:	4a17      	ldr	r2, [pc, #92]	; (1000484c <tud_control_xfer+0xb0>)
100047f0:	003b      	movs	r3, r7
100047f2:	0030      	movs	r0, r6
100047f4:	f7ff ff96 	bl	10004724 <usbd_edpt_xfer>
100047f8:	e009      	b.n	1000480e <tud_control_xfer+0x72>
100047fa:	2100      	movs	r1, #0
100047fc:	5669      	ldrsb	r1, [r5, r1]
100047fe:	2300      	movs	r3, #0
10004800:	43c9      	mvns	r1, r1
10004802:	0fc9      	lsrs	r1, r1, #31
10004804:	01c9      	lsls	r1, r1, #7
10004806:	2200      	movs	r2, #0
10004808:	0030      	movs	r0, r6
1000480a:	f7ff ff8b 	bl	10004724 <usbd_edpt_xfer>
1000480e:	bc04      	pop	{r2}
10004810:	4690      	mov	r8, r2
10004812:	bdf0      	pop	{r4, r5, r6, r7, pc}
10004814:	7823      	ldrb	r3, [r4, #0]
10004816:	2b7f      	cmp	r3, #127	; 0x7f
10004818:	d910      	bls.n	1000483c <tud_control_xfer+0xa0>
1000481a:	2180      	movs	r1, #128	; 0x80
1000481c:	2200      	movs	r2, #0
1000481e:	e7e7      	b.n	100047f0 <tud_control_xfer+0x54>
10004820:	2340      	movs	r3, #64	; 0x40
10004822:	b29f      	uxth	r7, r3
10004824:	7823      	ldrb	r3, [r4, #0]
10004826:	2b7f      	cmp	r3, #127	; 0x7f
10004828:	d9e0      	bls.n	100047ec <tud_control_xfer+0x50>
1000482a:	4c08      	ldr	r4, [pc, #32]	; (1000484c <tud_control_xfer+0xb0>)
1000482c:	003a      	movs	r2, r7
1000482e:	4641      	mov	r1, r8
10004830:	0020      	movs	r0, r4
10004832:	f7fe f879 	bl	10002928 <__wrap___aeabi_memcpy>
10004836:	2180      	movs	r1, #128	; 0x80
10004838:	0022      	movs	r2, r4
1000483a:	e7d9      	b.n	100047f0 <tud_control_xfer+0x54>
1000483c:	2100      	movs	r1, #0
1000483e:	2200      	movs	r2, #0
10004840:	e7d6      	b.n	100047f0 <tud_control_xfer+0x54>
10004842:	2000      	movs	r0, #0
10004844:	e7e3      	b.n	1000480e <tud_control_xfer+0x72>
10004846:	46c0      	nop			; (mov r8, r8)
10004848:	20000870 	.word	0x20000870
1000484c:	2000088c 	.word	0x2000088c

10004850 <usbd_control_reset>:
10004850:	b510      	push	{r4, lr}
10004852:	2214      	movs	r2, #20
10004854:	2100      	movs	r1, #0
10004856:	4802      	ldr	r0, [pc, #8]	; (10004860 <usbd_control_reset+0x10>)
10004858:	f7fe f860 	bl	1000291c <__wrap_memset>
1000485c:	bd10      	pop	{r4, pc}
1000485e:	46c0      	nop			; (mov r8, r8)
10004860:	20000870 	.word	0x20000870

10004864 <usbd_control_set_complete_callback>:
10004864:	4b01      	ldr	r3, [pc, #4]	; (1000486c <usbd_control_set_complete_callback+0x8>)
10004866:	6118      	str	r0, [r3, #16]
10004868:	4770      	bx	lr
1000486a:	46c0      	nop			; (mov r8, r8)
1000486c:	20000870 	.word	0x20000870

10004870 <usbd_control_set_request>:
10004870:	b510      	push	{r4, lr}
10004872:	4c05      	ldr	r4, [pc, #20]	; (10004888 <usbd_control_set_request+0x18>)
10004874:	0001      	movs	r1, r0
10004876:	2208      	movs	r2, #8
10004878:	0020      	movs	r0, r4
1000487a:	f7fe f855 	bl	10002928 <__wrap___aeabi_memcpy>
1000487e:	2300      	movs	r3, #0
10004880:	60a3      	str	r3, [r4, #8]
10004882:	60e3      	str	r3, [r4, #12]
10004884:	bd10      	pop	{r4, pc}
10004886:	46c0      	nop			; (mov r8, r8)
10004888:	20000870 	.word	0x20000870

1000488c <usbd_control_xfer_cb>:
1000488c:	b5f8      	push	{r3, r4, r5, r6, r7, lr}
1000488e:	4c3b      	ldr	r4, [pc, #236]	; (1000497c <usbd_control_xfer_cb+0xf0>)
10004890:	001d      	movs	r5, r3
10004892:	7823      	ldrb	r3, [r4, #0]
10004894:	0006      	movs	r6, r0
10004896:	09da      	lsrs	r2, r3, #7
10004898:	09c9      	lsrs	r1, r1, #7
1000489a:	428a      	cmp	r2, r1
1000489c:	d013      	beq.n	100048c6 <usbd_control_xfer_cb+0x3a>
1000489e:	2000      	movs	r0, #0
100048a0:	2d00      	cmp	r5, #0
100048a2:	d000      	beq.n	100048a6 <usbd_control_xfer_cb+0x1a>
100048a4:	bdf8      	pop	{r3, r4, r5, r6, r7, pc}
100048a6:	4b36      	ldr	r3, [pc, #216]	; (10004980 <usbd_control_xfer_cb+0xf4>)
100048a8:	2b00      	cmp	r3, #0
100048aa:	d003      	beq.n	100048b4 <usbd_control_xfer_cb+0x28>
100048ac:	0021      	movs	r1, r4
100048ae:	0030      	movs	r0, r6
100048b0:	f7fe fd46 	bl	10003340 <dcd_edpt0_status_complete>
100048b4:	6923      	ldr	r3, [r4, #16]
100048b6:	2b00      	cmp	r3, #0
100048b8:	d043      	beq.n	10004942 <usbd_control_xfer_cb+0xb6>
100048ba:	0022      	movs	r2, r4
100048bc:	2102      	movs	r1, #2
100048be:	0030      	movs	r0, r6
100048c0:	4798      	blx	r3
100048c2:	2001      	movs	r0, #1
100048c4:	e7ee      	b.n	100048a4 <usbd_control_xfer_cb+0x18>
100048c6:	68a0      	ldr	r0, [r4, #8]
100048c8:	2b7f      	cmp	r3, #127	; 0x7f
100048ca:	d806      	bhi.n	100048da <usbd_control_xfer_cb+0x4e>
100048cc:	2800      	cmp	r0, #0
100048ce:	d036      	beq.n	1000493e <usbd_control_xfer_cb+0xb2>
100048d0:	002a      	movs	r2, r5
100048d2:	492c      	ldr	r1, [pc, #176]	; (10004984 <usbd_control_xfer_cb+0xf8>)
100048d4:	f7fe f828 	bl	10002928 <__wrap___aeabi_memcpy>
100048d8:	68a0      	ldr	r0, [r4, #8]
100048da:	89e2      	ldrh	r2, [r4, #14]
100048dc:	88e3      	ldrh	r3, [r4, #6]
100048de:	1952      	adds	r2, r2, r5
100048e0:	b292      	uxth	r2, r2
100048e2:	1940      	adds	r0, r0, r5
100048e4:	81e2      	strh	r2, [r4, #14]
100048e6:	60a0      	str	r0, [r4, #8]
100048e8:	4293      	cmp	r3, r2
100048ea:	d014      	beq.n	10004916 <usbd_control_xfer_cb+0x8a>
100048ec:	2d3f      	cmp	r5, #63	; 0x3f
100048ee:	d912      	bls.n	10004916 <usbd_control_xfer_cb+0x8a>
100048f0:	89a5      	ldrh	r5, [r4, #12]
100048f2:	1aa9      	subs	r1, r5, r2
100048f4:	1c0f      	adds	r7, r1, #0
100048f6:	b289      	uxth	r1, r1
100048f8:	2940      	cmp	r1, #64	; 0x40
100048fa:	d82e      	bhi.n	1000495a <usbd_control_xfer_cb+0xce>
100048fc:	7823      	ldrb	r3, [r4, #0]
100048fe:	b2bf      	uxth	r7, r7
10004900:	2b7f      	cmp	r3, #127	; 0x7f
10004902:	d82c      	bhi.n	1000495e <usbd_control_xfer_cb+0xd2>
10004904:	2100      	movs	r1, #0
10004906:	42aa      	cmp	r2, r5
10004908:	d035      	beq.n	10004976 <usbd_control_xfer_cb+0xea>
1000490a:	4a1e      	ldr	r2, [pc, #120]	; (10004984 <usbd_control_xfer_cb+0xf8>)
1000490c:	003b      	movs	r3, r7
1000490e:	0030      	movs	r0, r6
10004910:	f7ff ff08 	bl	10004724 <usbd_edpt_xfer>
10004914:	e7c6      	b.n	100048a4 <usbd_control_xfer_cb+0x18>
10004916:	6923      	ldr	r3, [r4, #16]
10004918:	2b00      	cmp	r3, #0
1000491a:	d005      	beq.n	10004928 <usbd_control_xfer_cb+0x9c>
1000491c:	0022      	movs	r2, r4
1000491e:	2101      	movs	r1, #1
10004920:	0030      	movs	r0, r6
10004922:	4798      	blx	r3
10004924:	2800      	cmp	r0, #0
10004926:	d00e      	beq.n	10004946 <usbd_control_xfer_cb+0xba>
10004928:	2100      	movs	r1, #0
1000492a:	5661      	ldrsb	r1, [r4, r1]
1000492c:	2300      	movs	r3, #0
1000492e:	43c9      	mvns	r1, r1
10004930:	0fc9      	lsrs	r1, r1, #31
10004932:	01c9      	lsls	r1, r1, #7
10004934:	2200      	movs	r2, #0
10004936:	0030      	movs	r0, r6
10004938:	f7ff fef4 	bl	10004724 <usbd_edpt_xfer>
1000493c:	e7b2      	b.n	100048a4 <usbd_control_xfer_cb+0x18>
1000493e:	2000      	movs	r0, #0
10004940:	e7b0      	b.n	100048a4 <usbd_control_xfer_cb+0x18>
10004942:	2001      	movs	r0, #1
10004944:	e7ae      	b.n	100048a4 <usbd_control_xfer_cb+0x18>
10004946:	2100      	movs	r1, #0
10004948:	0030      	movs	r0, r6
1000494a:	f7fe fde9 	bl	10003520 <dcd_edpt_stall>
1000494e:	0030      	movs	r0, r6
10004950:	2180      	movs	r1, #128	; 0x80
10004952:	f7fe fde5 	bl	10003520 <dcd_edpt_stall>
10004956:	2001      	movs	r0, #1
10004958:	e7a4      	b.n	100048a4 <usbd_control_xfer_cb+0x18>
1000495a:	2740      	movs	r7, #64	; 0x40
1000495c:	e7ce      	b.n	100048fc <usbd_control_xfer_cb+0x70>
1000495e:	2180      	movs	r1, #128	; 0x80
10004960:	42aa      	cmp	r2, r5
10004962:	d008      	beq.n	10004976 <usbd_control_xfer_cb+0xea>
10004964:	4c07      	ldr	r4, [pc, #28]	; (10004984 <usbd_control_xfer_cb+0xf8>)
10004966:	0001      	movs	r1, r0
10004968:	003a      	movs	r2, r7
1000496a:	0020      	movs	r0, r4
1000496c:	f7fd ffdc 	bl	10002928 <__wrap___aeabi_memcpy>
10004970:	2180      	movs	r1, #128	; 0x80
10004972:	0022      	movs	r2, r4
10004974:	e7ca      	b.n	1000490c <usbd_control_xfer_cb+0x80>
10004976:	2200      	movs	r2, #0
10004978:	e7c8      	b.n	1000490c <usbd_control_xfer_cb+0x80>
1000497a:	46c0      	nop			; (mov r8, r8)
1000497c:	20000870 	.word	0x20000870
10004980:	10003341 	.word	0x10003341
10004984:	2000088c 	.word	0x2000088c

10004988 <tud_cdc_n_connected>:
10004988:	b510      	push	{r4, lr}
1000498a:	0004      	movs	r4, r0
1000498c:	f7fe ffe0 	bl	10003950 <tud_mounted>
10004990:	2800      	cmp	r0, #0
10004992:	d101      	bne.n	10004998 <tud_cdc_n_connected+0x10>
10004994:	2000      	movs	r0, #0
10004996:	bd10      	pop	{r4, pc}
10004998:	f7fe ffe2 	bl	10003960 <tud_suspended>
1000499c:	2800      	cmp	r0, #0
1000499e:	d1f9      	bne.n	10004994 <tud_cdc_n_connected+0xc>
100049a0:	20b6      	movs	r0, #182	; 0xb6
100049a2:	0080      	lsls	r0, r0, #2
100049a4:	4344      	muls	r4, r0
100049a6:	4803      	ldr	r0, [pc, #12]	; (100049b4 <tud_cdc_n_connected+0x2c>)
100049a8:	1900      	adds	r0, r0, r4
100049aa:	7903      	ldrb	r3, [r0, #4]
100049ac:	2001      	movs	r0, #1
100049ae:	4018      	ands	r0, r3
100049b0:	e7f1      	b.n	10004996 <tud_cdc_n_connected+0xe>
100049b2:	46c0      	nop			; (mov r8, r8)
100049b4:	20000598 	.word	0x20000598

100049b8 <tud_cdc_n_available>:
100049b8:	23b6      	movs	r3, #182	; 0xb6
100049ba:	009b      	lsls	r3, r3, #2
100049bc:	4358      	muls	r0, r3
100049be:	b510      	push	{r4, lr}
100049c0:	4b02      	ldr	r3, [pc, #8]	; (100049cc <tud_cdc_n_available+0x14>)
100049c2:	3010      	adds	r0, #16
100049c4:	18c0      	adds	r0, r0, r3
100049c6:	f000 fb35 	bl	10005034 <tu_fifo_count>
100049ca:	bd10      	pop	{r4, pc}
100049cc:	20000598 	.word	0x20000598

100049d0 <tud_cdc_n_read>:
100049d0:	b5f0      	push	{r4, r5, r6, r7, lr}
100049d2:	25b6      	movs	r5, #182	; 0xb6
100049d4:	00ad      	lsls	r5, r5, #2
100049d6:	4345      	muls	r5, r0
100049d8:	002c      	movs	r4, r5
100049da:	46c6      	mov	lr, r8
100049dc:	4e17      	ldr	r6, [pc, #92]	; (10004a3c <tud_cdc_n_read+0x6c>)
100049de:	3410      	adds	r4, #16
100049e0:	19a4      	adds	r4, r4, r6
100049e2:	b500      	push	{lr}
100049e4:	b292      	uxth	r2, r2
100049e6:	0020      	movs	r0, r4
100049e8:	f000 fb9e 	bl	10005128 <tu_fifo_read_n>
100049ec:	0007      	movs	r7, r0
100049ee:	0020      	movs	r0, r4
100049f0:	f000 fb3a 	bl	10005068 <tu_fifo_remaining>
100049f4:	283f      	cmp	r0, #63	; 0x3f
100049f6:	d803      	bhi.n	10004a00 <tud_cdc_n_read+0x30>
100049f8:	0038      	movs	r0, r7
100049fa:	bc04      	pop	{r2}
100049fc:	4690      	mov	r8, r2
100049fe:	bdf0      	pop	{r4, r5, r6, r7, pc}
10004a00:	1973      	adds	r3, r6, r5
10004a02:	78d9      	ldrb	r1, [r3, #3]
10004a04:	2000      	movs	r0, #0
10004a06:	4698      	mov	r8, r3
10004a08:	f7ff fe36 	bl	10004678 <usbd_edpt_claim>
10004a0c:	2800      	cmp	r0, #0
10004a0e:	d0f3      	beq.n	100049f8 <tud_cdc_n_read+0x28>
10004a10:	0020      	movs	r0, r4
10004a12:	f000 fb29 	bl	10005068 <tu_fifo_remaining>
10004a16:	283f      	cmp	r0, #63	; 0x3f
10004a18:	d90a      	bls.n	10004a30 <tud_cdc_n_read+0x60>
10004a1a:	2396      	movs	r3, #150	; 0x96
10004a1c:	009b      	lsls	r3, r3, #2
10004a1e:	18ea      	adds	r2, r5, r3
10004a20:	4643      	mov	r3, r8
10004a22:	1992      	adds	r2, r2, r6
10004a24:	78d9      	ldrb	r1, [r3, #3]
10004a26:	2000      	movs	r0, #0
10004a28:	2340      	movs	r3, #64	; 0x40
10004a2a:	f7ff fe7b 	bl	10004724 <usbd_edpt_xfer>
10004a2e:	e7e3      	b.n	100049f8 <tud_cdc_n_read+0x28>
10004a30:	4643      	mov	r3, r8
10004a32:	2000      	movs	r0, #0
10004a34:	78d9      	ldrb	r1, [r3, #3]
10004a36:	f7ff fe4f 	bl	100046d8 <usbd_edpt_release>
10004a3a:	e7dd      	b.n	100049f8 <tud_cdc_n_read+0x28>
10004a3c:	20000598 	.word	0x20000598

10004a40 <tud_cdc_n_write_flush>:
10004a40:	b5f8      	push	{r3, r4, r5, r6, r7, lr}
10004a42:	0005      	movs	r5, r0
10004a44:	f7fe ff84 	bl	10003950 <tud_mounted>
10004a48:	2800      	cmp	r0, #0
10004a4a:	d101      	bne.n	10004a50 <tud_cdc_n_write_flush+0x10>
10004a4c:	2000      	movs	r0, #0
10004a4e:	bdf8      	pop	{r3, r4, r5, r6, r7, pc}
10004a50:	f7fe ff86 	bl	10003960 <tud_suspended>
10004a54:	2800      	cmp	r0, #0
10004a56:	d1f9      	bne.n	10004a4c <tud_cdc_n_write_flush+0xc>
10004a58:	24b6      	movs	r4, #182	; 0xb6
10004a5a:	00a4      	lsls	r4, r4, #2
10004a5c:	436c      	muls	r4, r5
10004a5e:	0025      	movs	r5, r4
10004a60:	4e14      	ldr	r6, [pc, #80]	; (10004ab4 <tud_cdc_n_write_flush+0x74>)
10004a62:	352c      	adds	r5, #44	; 0x2c
10004a64:	19ad      	adds	r5, r5, r6
10004a66:	0028      	movs	r0, r5
10004a68:	f000 fae4 	bl	10005034 <tu_fifo_count>
10004a6c:	2800      	cmp	r0, #0
10004a6e:	d0ed      	beq.n	10004a4c <tud_cdc_n_write_flush+0xc>
10004a70:	1937      	adds	r7, r6, r4
10004a72:	78b9      	ldrb	r1, [r7, #2]
10004a74:	2000      	movs	r0, #0
10004a76:	f7ff fdff 	bl	10004678 <usbd_edpt_claim>
10004a7a:	2800      	cmp	r0, #0
10004a7c:	d0e6      	beq.n	10004a4c <tud_cdc_n_write_flush+0xc>
10004a7e:	23a6      	movs	r3, #166	; 0xa6
10004a80:	009b      	lsls	r3, r3, #2
10004a82:	469c      	mov	ip, r3
10004a84:	4464      	add	r4, ip
10004a86:	19a4      	adds	r4, r4, r6
10004a88:	0021      	movs	r1, r4
10004a8a:	0028      	movs	r0, r5
10004a8c:	2240      	movs	r2, #64	; 0x40
10004a8e:	f000 fb4b 	bl	10005128 <tu_fifo_read_n>
10004a92:	78b9      	ldrb	r1, [r7, #2]
10004a94:	1e05      	subs	r5, r0, #0
10004a96:	d008      	beq.n	10004aaa <tud_cdc_n_write_flush+0x6a>
10004a98:	0003      	movs	r3, r0
10004a9a:	0022      	movs	r2, r4
10004a9c:	2000      	movs	r0, #0
10004a9e:	f7ff fe41 	bl	10004724 <usbd_edpt_xfer>
10004aa2:	2800      	cmp	r0, #0
10004aa4:	d0d2      	beq.n	10004a4c <tud_cdc_n_write_flush+0xc>
10004aa6:	0028      	movs	r0, r5
10004aa8:	e7d1      	b.n	10004a4e <tud_cdc_n_write_flush+0xe>
10004aaa:	2000      	movs	r0, #0
10004aac:	f7ff fe14 	bl	100046d8 <usbd_edpt_release>
10004ab0:	e7cc      	b.n	10004a4c <tud_cdc_n_write_flush+0xc>
10004ab2:	46c0      	nop			; (mov r8, r8)
10004ab4:	20000598 	.word	0x20000598

10004ab8 <tud_cdc_n_write>:
10004ab8:	b570      	push	{r4, r5, r6, lr}
10004aba:	24b6      	movs	r4, #182	; 0xb6
10004abc:	00a4      	lsls	r4, r4, #2
10004abe:	4344      	muls	r4, r0
10004ac0:	4b09      	ldr	r3, [pc, #36]	; (10004ae8 <tud_cdc_n_write+0x30>)
10004ac2:	342c      	adds	r4, #44	; 0x2c
10004ac4:	18e4      	adds	r4, r4, r3
10004ac6:	0005      	movs	r5, r0
10004ac8:	b292      	uxth	r2, r2
10004aca:	0020      	movs	r0, r4
10004acc:	f000 fbe8 	bl	100052a0 <tu_fifo_write_n>
10004ad0:	0006      	movs	r6, r0
10004ad2:	0020      	movs	r0, r4
10004ad4:	f000 faae 	bl	10005034 <tu_fifo_count>
10004ad8:	283f      	cmp	r0, #63	; 0x3f
10004ada:	d801      	bhi.n	10004ae0 <tud_cdc_n_write+0x28>
10004adc:	0030      	movs	r0, r6
10004ade:	bd70      	pop	{r4, r5, r6, pc}
10004ae0:	0028      	movs	r0, r5
10004ae2:	f7ff ffad 	bl	10004a40 <tud_cdc_n_write_flush>
10004ae6:	e7f9      	b.n	10004adc <tud_cdc_n_write+0x24>
10004ae8:	20000598 	.word	0x20000598

10004aec <tud_cdc_n_write_available>:
10004aec:	23b6      	movs	r3, #182	; 0xb6
10004aee:	009b      	lsls	r3, r3, #2
10004af0:	4358      	muls	r0, r3
10004af2:	b510      	push	{r4, lr}
10004af4:	4b02      	ldr	r3, [pc, #8]	; (10004b00 <tud_cdc_n_write_available+0x14>)
10004af6:	302c      	adds	r0, #44	; 0x2c
10004af8:	18c0      	adds	r0, r0, r3
10004afa:	f000 fab5 	bl	10005068 <tu_fifo_remaining>
10004afe:	bd10      	pop	{r4, pc}
10004b00:	20000598 	.word	0x20000598

10004b04 <cdcd_init>:
10004b04:	22b6      	movs	r2, #182	; 0xb6
10004b06:	b5f0      	push	{r4, r5, r6, r7, lr}
10004b08:	4c1b      	ldr	r4, [pc, #108]	; (10004b78 <cdcd_init+0x74>)
10004b0a:	b083      	sub	sp, #12
10004b0c:	0092      	lsls	r2, r2, #2
10004b0e:	2100      	movs	r1, #0
10004b10:	0020      	movs	r0, r4
10004b12:	f7fd ff03 	bl	1000291c <__wrap_memset>
10004b16:	23ff      	movs	r3, #255	; 0xff
10004b18:	7163      	strb	r3, [r4, #5]
10004b1a:	4b18      	ldr	r3, [pc, #96]	; (10004b7c <cdcd_init+0x78>)
10004b1c:	2680      	movs	r6, #128	; 0x80
10004b1e:	2500      	movs	r5, #0
10004b20:	80e3      	strh	r3, [r4, #6]
10004b22:	2701      	movs	r7, #1
10004b24:	2308      	movs	r3, #8
10004b26:	0021      	movs	r1, r4
10004b28:	0020      	movs	r0, r4
10004b2a:	0076      	lsls	r6, r6, #1
10004b2c:	7323      	strb	r3, [r4, #12]
10004b2e:	8127      	strh	r7, [r4, #8]
10004b30:	0032      	movs	r2, r6
10004b32:	3148      	adds	r1, #72	; 0x48
10004b34:	9500      	str	r5, [sp, #0]
10004b36:	3b07      	subs	r3, #7
10004b38:	3010      	adds	r0, #16
10004b3a:	f000 fa3f 	bl	10004fbc <tu_fifo_config>
10004b3e:	0021      	movs	r1, r4
10004b40:	0020      	movs	r0, r4
10004b42:	3149      	adds	r1, #73	; 0x49
10004b44:	0032      	movs	r2, r6
10004b46:	31ff      	adds	r1, #255	; 0xff
10004b48:	9700      	str	r7, [sp, #0]
10004b4a:	2301      	movs	r3, #1
10004b4c:	302c      	adds	r0, #44	; 0x2c
10004b4e:	f000 fa35 	bl	10004fbc <tu_fifo_config>
10004b52:	2392      	movs	r3, #146	; 0x92
10004b54:	009b      	lsls	r3, r3, #2
10004b56:	18e6      	adds	r6, r4, r3
10004b58:	0030      	movs	r0, r6
10004b5a:	f7fd faa1 	bl	100020a0 <mutex_init>
10004b5e:	2394      	movs	r3, #148	; 0x94
10004b60:	009b      	lsls	r3, r3, #2
10004b62:	62a6      	str	r6, [r4, #40]	; 0x28
10004b64:	18e6      	adds	r6, r4, r3
10004b66:	6265      	str	r5, [r4, #36]	; 0x24
10004b68:	0030      	movs	r0, r6
10004b6a:	f7fd fa99 	bl	100020a0 <mutex_init>
10004b6e:	6426      	str	r6, [r4, #64]	; 0x40
10004b70:	6465      	str	r5, [r4, #68]	; 0x44
10004b72:	b003      	add	sp, #12
10004b74:	bdf0      	pop	{r4, r5, r6, r7, pc}
10004b76:	46c0      	nop			; (mov r8, r8)
10004b78:	20000598 	.word	0x20000598
10004b7c:	ffffc200 	.word	0xffffc200

10004b80 <cdcd_reset>:
10004b80:	b510      	push	{r4, lr}
10004b82:	4c09      	ldr	r4, [pc, #36]	; (10004ba8 <cdcd_reset+0x28>)
10004b84:	2205      	movs	r2, #5
10004b86:	2100      	movs	r1, #0
10004b88:	0020      	movs	r0, r4
10004b8a:	f7fd fec7 	bl	1000291c <__wrap_memset>
10004b8e:	0020      	movs	r0, r4
10004b90:	342c      	adds	r4, #44	; 0x2c
10004b92:	3010      	adds	r0, #16
10004b94:	f000 fc02 	bl	1000539c <tu_fifo_clear>
10004b98:	0020      	movs	r0, r4
10004b9a:	f000 fbff 	bl	1000539c <tu_fifo_clear>
10004b9e:	2101      	movs	r1, #1
10004ba0:	0020      	movs	r0, r4
10004ba2:	f000 fc21 	bl	100053e8 <tu_fifo_set_overwritable>
10004ba6:	bd10      	pop	{r4, pc}
10004ba8:	20000598 	.word	0x20000598

10004bac <cdcd_open>:
10004bac:	b5f0      	push	{r4, r5, r6, r7, lr}
10004bae:	794b      	ldrb	r3, [r1, #5]
10004bb0:	b083      	sub	sp, #12
10004bb2:	0006      	movs	r6, r0
10004bb4:	2b02      	cmp	r3, #2
10004bb6:	d102      	bne.n	10004bbe <cdcd_open+0x12>
10004bb8:	798b      	ldrb	r3, [r1, #6]
10004bba:	2b02      	cmp	r3, #2
10004bbc:	d003      	beq.n	10004bc6 <cdcd_open+0x1a>
10004bbe:	2400      	movs	r4, #0
10004bc0:	0020      	movs	r0, r4
10004bc2:	b003      	add	sp, #12
10004bc4:	bdf0      	pop	{r4, r5, r6, r7, pc}
10004bc6:	4f2f      	ldr	r7, [pc, #188]	; (10004c84 <cdcd_open+0xd8>)
10004bc8:	78bb      	ldrb	r3, [r7, #2]
10004bca:	2b00      	cmp	r3, #0
10004bcc:	d1f7      	bne.n	10004bbe <cdcd_open+0x12>
10004bce:	788b      	ldrb	r3, [r1, #2]
10004bd0:	2409      	movs	r4, #9
10004bd2:	703b      	strb	r3, [r7, #0]
10004bd4:	780d      	ldrb	r5, [r1, #0]
10004bd6:	194d      	adds	r5, r1, r5
10004bd8:	786b      	ldrb	r3, [r5, #1]
10004bda:	2b24      	cmp	r3, #36	; 0x24
10004bdc:	d10b      	bne.n	10004bf6 <cdcd_open+0x4a>
10004bde:	2a08      	cmp	r2, #8
10004be0:	d802      	bhi.n	10004be8 <cdcd_open+0x3c>
10004be2:	e00f      	b.n	10004c04 <cdcd_open+0x58>
10004be4:	42a2      	cmp	r2, r4
10004be6:	d30d      	bcc.n	10004c04 <cdcd_open+0x58>
10004be8:	782b      	ldrb	r3, [r5, #0]
10004bea:	18ed      	adds	r5, r5, r3
10004bec:	18e4      	adds	r4, r4, r3
10004bee:	786b      	ldrb	r3, [r5, #1]
10004bf0:	b2a4      	uxth	r4, r4
10004bf2:	2b24      	cmp	r3, #36	; 0x24
10004bf4:	d0f6      	beq.n	10004be4 <cdcd_open+0x38>
10004bf6:	2b05      	cmp	r3, #5
10004bf8:	d020      	beq.n	10004c3c <cdcd_open+0x90>
10004bfa:	2b04      	cmp	r3, #4
10004bfc:	d102      	bne.n	10004c04 <cdcd_open+0x58>
10004bfe:	796b      	ldrb	r3, [r5, #5]
10004c00:	2b0a      	cmp	r3, #10
10004c02:	d02e      	beq.n	10004c62 <cdcd_open+0xb6>
10004c04:	4d20      	ldr	r5, [pc, #128]	; (10004c88 <cdcd_open+0xdc>)
10004c06:	0028      	movs	r0, r5
10004c08:	f000 fa2e 	bl	10005068 <tu_fifo_remaining>
10004c0c:	283f      	cmp	r0, #63	; 0x3f
10004c0e:	d9d7      	bls.n	10004bc0 <cdcd_open+0x14>
10004c10:	002e      	movs	r6, r5
10004c12:	3e10      	subs	r6, #16
10004c14:	78f1      	ldrb	r1, [r6, #3]
10004c16:	2000      	movs	r0, #0
10004c18:	f7ff fd2e 	bl	10004678 <usbd_edpt_claim>
10004c1c:	2800      	cmp	r0, #0
10004c1e:	d0cf      	beq.n	10004bc0 <cdcd_open+0x14>
10004c20:	0028      	movs	r0, r5
10004c22:	f000 fa21 	bl	10005068 <tu_fifo_remaining>
10004c26:	283f      	cmp	r0, #63	; 0x3f
10004c28:	d916      	bls.n	10004c58 <cdcd_open+0xac>
10004c2a:	2392      	movs	r3, #146	; 0x92
10004c2c:	009b      	lsls	r3, r3, #2
10004c2e:	18ea      	adds	r2, r5, r3
10004c30:	78f1      	ldrb	r1, [r6, #3]
10004c32:	2340      	movs	r3, #64	; 0x40
10004c34:	2000      	movs	r0, #0
10004c36:	f7ff fd75 	bl	10004724 <usbd_edpt_xfer>
10004c3a:	e7c1      	b.n	10004bc0 <cdcd_open+0x14>
10004c3c:	0029      	movs	r1, r5
10004c3e:	0030      	movs	r0, r6
10004c40:	f7ff fd02 	bl	10004648 <usbd_edpt_open>
10004c44:	2800      	cmp	r0, #0
10004c46:	d0ba      	beq.n	10004bbe <cdcd_open+0x12>
10004c48:	78ab      	ldrb	r3, [r5, #2]
10004c4a:	707b      	strb	r3, [r7, #1]
10004c4c:	782b      	ldrb	r3, [r5, #0]
10004c4e:	18e4      	adds	r4, r4, r3
10004c50:	18ed      	adds	r5, r5, r3
10004c52:	b2a4      	uxth	r4, r4
10004c54:	786b      	ldrb	r3, [r5, #1]
10004c56:	e7d0      	b.n	10004bfa <cdcd_open+0x4e>
10004c58:	78f1      	ldrb	r1, [r6, #3]
10004c5a:	2000      	movs	r0, #0
10004c5c:	f7ff fd3c 	bl	100046d8 <usbd_edpt_release>
10004c60:	e7ae      	b.n	10004bc0 <cdcd_open+0x14>
10004c62:	4b0a      	ldr	r3, [pc, #40]	; (10004c8c <cdcd_open+0xe0>)
10004c64:	782f      	ldrb	r7, [r5, #0]
10004c66:	9301      	str	r3, [sp, #4]
10004c68:	3301      	adds	r3, #1
10004c6a:	9300      	str	r3, [sp, #0]
10004c6c:	19e9      	adds	r1, r5, r7
10004c6e:	2302      	movs	r3, #2
10004c70:	2202      	movs	r2, #2
10004c72:	0030      	movs	r0, r6
10004c74:	f7ff fc9a 	bl	100045ac <usbd_open_edpt_pair>
10004c78:	2800      	cmp	r0, #0
10004c7a:	d0a0      	beq.n	10004bbe <cdcd_open+0x12>
10004c7c:	340e      	adds	r4, #14
10004c7e:	19e4      	adds	r4, r4, r7
10004c80:	b2a4      	uxth	r4, r4
10004c82:	e7bf      	b.n	10004c04 <cdcd_open+0x58>
10004c84:	20000598 	.word	0x20000598
10004c88:	200005a8 	.word	0x200005a8
10004c8c:	2000059a 	.word	0x2000059a

10004c90 <cdcd_control_xfer_cb>:
10004c90:	b5f8      	push	{r3, r4, r5, r6, r7, lr}
10004c92:	2360      	movs	r3, #96	; 0x60
10004c94:	0014      	movs	r4, r2
10004c96:	7812      	ldrb	r2, [r2, #0]
10004c98:	4013      	ands	r3, r2
10004c9a:	2200      	movs	r2, #0
10004c9c:	2b20      	cmp	r3, #32
10004c9e:	d114      	bne.n	10004cca <cdcd_control_xfer_cb+0x3a>
10004ca0:	4d2d      	ldr	r5, [pc, #180]	; (10004d58 <cdcd_control_xfer_cb+0xc8>)
10004ca2:	7963      	ldrb	r3, [r4, #5]
10004ca4:	7927      	ldrb	r7, [r4, #4]
10004ca6:	782e      	ldrb	r6, [r5, #0]
10004ca8:	021b      	lsls	r3, r3, #8
10004caa:	433b      	orrs	r3, r7
10004cac:	429e      	cmp	r6, r3
10004cae:	d10c      	bne.n	10004cca <cdcd_control_xfer_cb+0x3a>
10004cb0:	7863      	ldrb	r3, [r4, #1]
10004cb2:	2b21      	cmp	r3, #33	; 0x21
10004cb4:	d036      	beq.n	10004d24 <cdcd_control_xfer_cb+0x94>
10004cb6:	d90a      	bls.n	10004cce <cdcd_control_xfer_cb+0x3e>
10004cb8:	2b22      	cmp	r3, #34	; 0x22
10004cba:	d017      	beq.n	10004cec <cdcd_control_xfer_cb+0x5c>
10004cbc:	2b23      	cmp	r3, #35	; 0x23
10004cbe:	d104      	bne.n	10004cca <cdcd_control_xfer_cb+0x3a>
10004cc0:	2900      	cmp	r1, #0
10004cc2:	d044      	beq.n	10004d4e <cdcd_control_xfer_cb+0xbe>
10004cc4:	2902      	cmp	r1, #2
10004cc6:	d036      	beq.n	10004d36 <cdcd_control_xfer_cb+0xa6>
10004cc8:	2201      	movs	r2, #1
10004cca:	0010      	movs	r0, r2
10004ccc:	bdf8      	pop	{r3, r4, r5, r6, r7, pc}
10004cce:	2b20      	cmp	r3, #32
10004cd0:	d1fb      	bne.n	10004cca <cdcd_control_xfer_cb+0x3a>
10004cd2:	2900      	cmp	r1, #0
10004cd4:	d028      	beq.n	10004d28 <cdcd_control_xfer_cb+0x98>
10004cd6:	2902      	cmp	r1, #2
10004cd8:	d1f6      	bne.n	10004cc8 <cdcd_control_xfer_cb+0x38>
10004cda:	4b20      	ldr	r3, [pc, #128]	; (10004d5c <cdcd_control_xfer_cb+0xcc>)
10004cdc:	2b00      	cmp	r3, #0
10004cde:	d0f3      	beq.n	10004cc8 <cdcd_control_xfer_cb+0x38>
10004ce0:	1da9      	adds	r1, r5, #6
10004ce2:	2000      	movs	r0, #0
10004ce4:	f7fd ffe2 	bl	10002cac <tud_cdc_line_coding_cb>
10004ce8:	2201      	movs	r2, #1
10004cea:	e7ee      	b.n	10004cca <cdcd_control_xfer_cb+0x3a>
10004cec:	2900      	cmp	r1, #0
10004cee:	d02e      	beq.n	10004d4e <cdcd_control_xfer_cb+0xbe>
10004cf0:	2902      	cmp	r1, #2
10004cf2:	d1e9      	bne.n	10004cc8 <cdcd_control_xfer_cb+0x38>
10004cf4:	2601      	movs	r6, #1
10004cf6:	78a1      	ldrb	r1, [r4, #2]
10004cf8:	78e4      	ldrb	r4, [r4, #3]
10004cfa:	0028      	movs	r0, r5
10004cfc:	0224      	lsls	r4, r4, #8
10004cfe:	430c      	orrs	r4, r1
10004d00:	0031      	movs	r1, r6
10004d02:	712c      	strb	r4, [r5, #4]
10004d04:	43a1      	bics	r1, r4
10004d06:	302c      	adds	r0, #44	; 0x2c
10004d08:	f000 fb6e 	bl	100053e8 <tu_fifo_set_overwritable>
10004d0c:	4b14      	ldr	r3, [pc, #80]	; (10004d60 <cdcd_control_xfer_cb+0xd0>)
10004d0e:	2b00      	cmp	r3, #0
10004d10:	d0da      	beq.n	10004cc8 <cdcd_control_xfer_cb+0x38>
10004d12:	0031      	movs	r1, r6
10004d14:	0862      	lsrs	r2, r4, #1
10004d16:	4032      	ands	r2, r6
10004d18:	4021      	ands	r1, r4
10004d1a:	2000      	movs	r0, #0
10004d1c:	e000      	b.n	10004d20 <cdcd_control_xfer_cb+0x90>
10004d1e:	bf00      	nop
10004d20:	2201      	movs	r2, #1
10004d22:	e7d2      	b.n	10004cca <cdcd_control_xfer_cb+0x3a>
10004d24:	2900      	cmp	r1, #0
10004d26:	d1cf      	bne.n	10004cc8 <cdcd_control_xfer_cb+0x38>
10004d28:	4a0e      	ldr	r2, [pc, #56]	; (10004d64 <cdcd_control_xfer_cb+0xd4>)
10004d2a:	2307      	movs	r3, #7
10004d2c:	0021      	movs	r1, r4
10004d2e:	f7ff fd35 	bl	1000479c <tud_control_xfer>
10004d32:	2201      	movs	r2, #1
10004d34:	e7c9      	b.n	10004cca <cdcd_control_xfer_cb+0x3a>
10004d36:	4b0c      	ldr	r3, [pc, #48]	; (10004d68 <cdcd_control_xfer_cb+0xd8>)
10004d38:	2b00      	cmp	r3, #0
10004d3a:	d0c5      	beq.n	10004cc8 <cdcd_control_xfer_cb+0x38>
10004d3c:	78e1      	ldrb	r1, [r4, #3]
10004d3e:	78a3      	ldrb	r3, [r4, #2]
10004d40:	0209      	lsls	r1, r1, #8
10004d42:	4319      	orrs	r1, r3
10004d44:	2000      	movs	r0, #0
10004d46:	e000      	b.n	10004d4a <cdcd_control_xfer_cb+0xba>
10004d48:	bf00      	nop
10004d4a:	2201      	movs	r2, #1
10004d4c:	e7bd      	b.n	10004cca <cdcd_control_xfer_cb+0x3a>
10004d4e:	0021      	movs	r1, r4
10004d50:	f7ff fd0c 	bl	1000476c <tud_control_status>
10004d54:	2201      	movs	r2, #1
10004d56:	e7b8      	b.n	10004cca <cdcd_control_xfer_cb+0x3a>
10004d58:	20000598 	.word	0x20000598
10004d5c:	10002cad 	.word	0x10002cad
10004d60:	00000000 	.word	0x00000000
10004d64:	2000059e 	.word	0x2000059e
10004d68:	00000000 	.word	0x00000000

10004d6c <cdcd_xfer_cb>:
10004d6c:	b5f8      	push	{r3, r4, r5, r6, r7, lr}
10004d6e:	4657      	mov	r7, sl
10004d70:	464e      	mov	r6, r9
10004d72:	4645      	mov	r5, r8
10004d74:	46de      	mov	lr, fp
10004d76:	b5e0      	push	{r5, r6, r7, lr}
10004d78:	4c5e      	ldr	r4, [pc, #376]	; (10004ef4 <cdcd_xfer_cb+0x188>)
10004d7a:	001f      	movs	r7, r3
10004d7c:	78e3      	ldrb	r3, [r4, #3]
10004d7e:	4681      	mov	r9, r0
10004d80:	000d      	movs	r5, r1
10004d82:	428b      	cmp	r3, r1
10004d84:	d165      	bne.n	10004e52 <cdcd_xfer_cb+0xe6>
10004d86:	2396      	movs	r3, #150	; 0x96
10004d88:	009b      	lsls	r3, r3, #2
10004d8a:	18e6      	adds	r6, r4, r3
10004d8c:	2310      	movs	r3, #16
10004d8e:	4698      	mov	r8, r3
10004d90:	44a0      	add	r8, r4
10004d92:	b2ba      	uxth	r2, r7
10004d94:	0031      	movs	r1, r6
10004d96:	4640      	mov	r0, r8
10004d98:	f000 fa82 	bl	100052a0 <tu_fifo_write_n>
10004d9c:	4b56      	ldr	r3, [pc, #344]	; (10004ef8 <cdcd_xfer_cb+0x18c>)
10004d9e:	2b00      	cmp	r3, #0
10004da0:	d019      	beq.n	10004dd6 <cdcd_xfer_cb+0x6a>
10004da2:	7963      	ldrb	r3, [r4, #5]
10004da4:	2bff      	cmp	r3, #255	; 0xff
10004da6:	d016      	beq.n	10004dd6 <cdcd_xfer_cb+0x6a>
10004da8:	2f00      	cmp	r7, #0
10004daa:	d014      	beq.n	10004dd6 <cdcd_xfer_cb+0x6a>
10004dac:	19f2      	adds	r2, r6, r7
10004dae:	4692      	mov	sl, r2
10004db0:	46a3      	mov	fp, r4
10004db2:	e003      	b.n	10004dbc <cdcd_xfer_cb+0x50>
10004db4:	3601      	adds	r6, #1
10004db6:	45b2      	cmp	sl, r6
10004db8:	d00d      	beq.n	10004dd6 <cdcd_xfer_cb+0x6a>
10004dba:	7963      	ldrb	r3, [r4, #5]
10004dbc:	7832      	ldrb	r2, [r6, #0]
10004dbe:	429a      	cmp	r2, r3
10004dc0:	d1f8      	bne.n	10004db4 <cdcd_xfer_cb+0x48>
10004dc2:	4640      	mov	r0, r8
10004dc4:	f000 f948 	bl	10005058 <tu_fifo_empty>
10004dc8:	2800      	cmp	r0, #0
10004dca:	d1f3      	bne.n	10004db4 <cdcd_xfer_cb+0x48>
10004dcc:	465b      	mov	r3, fp
10004dce:	7959      	ldrb	r1, [r3, #5]
10004dd0:	e000      	b.n	10004dd4 <cdcd_xfer_cb+0x68>
10004dd2:	bf00      	nop
10004dd4:	e7ee      	b.n	10004db4 <cdcd_xfer_cb+0x48>
10004dd6:	4b49      	ldr	r3, [pc, #292]	; (10004efc <cdcd_xfer_cb+0x190>)
10004dd8:	2b00      	cmp	r3, #0
10004dda:	d005      	beq.n	10004de8 <cdcd_xfer_cb+0x7c>
10004ddc:	4640      	mov	r0, r8
10004dde:	f000 f93b 	bl	10005058 <tu_fifo_empty>
10004de2:	2800      	cmp	r0, #0
10004de4:	d100      	bne.n	10004de8 <cdcd_xfer_cb+0x7c>
10004de6:	e077      	b.n	10004ed8 <cdcd_xfer_cb+0x16c>
10004de8:	4640      	mov	r0, r8
10004dea:	f000 f93d 	bl	10005068 <tu_fifo_remaining>
10004dee:	283f      	cmp	r0, #63	; 0x3f
10004df0:	d859      	bhi.n	10004ea6 <cdcd_xfer_cb+0x13a>
10004df2:	4642      	mov	r2, r8
10004df4:	3a10      	subs	r2, #16
10004df6:	7893      	ldrb	r3, [r2, #2]
10004df8:	42ab      	cmp	r3, r5
10004dfa:	d007      	beq.n	10004e0c <cdcd_xfer_cb+0xa0>
10004dfc:	2401      	movs	r4, #1
10004dfe:	0020      	movs	r0, r4
10004e00:	bc3c      	pop	{r2, r3, r4, r5}
10004e02:	4690      	mov	r8, r2
10004e04:	4699      	mov	r9, r3
10004e06:	46a2      	mov	sl, r4
10004e08:	46ab      	mov	fp, r5
10004e0a:	bdf8      	pop	{r3, r4, r5, r6, r7, pc}
10004e0c:	4b3c      	ldr	r3, [pc, #240]	; (10004f00 <cdcd_xfer_cb+0x194>)
10004e0e:	2b00      	cmp	r3, #0
10004e10:	d002      	beq.n	10004e18 <cdcd_xfer_cb+0xac>
10004e12:	2000      	movs	r0, #0
10004e14:	e000      	b.n	10004e18 <cdcd_xfer_cb+0xac>
10004e16:	bf00      	nop
10004e18:	f7fe fd9a 	bl	10003950 <tud_mounted>
10004e1c:	2800      	cmp	r0, #0
10004e1e:	d11d      	bne.n	10004e5c <cdcd_xfer_cb+0xf0>
10004e20:	4c38      	ldr	r4, [pc, #224]	; (10004f04 <cdcd_xfer_cb+0x198>)
10004e22:	0020      	movs	r0, r4
10004e24:	f000 f906 	bl	10005034 <tu_fifo_count>
10004e28:	2800      	cmp	r0, #0
10004e2a:	d1e7      	bne.n	10004dfc <cdcd_xfer_cb+0x90>
10004e2c:	2f00      	cmp	r7, #0
10004e2e:	d0e5      	beq.n	10004dfc <cdcd_xfer_cb+0x90>
10004e30:	06bb      	lsls	r3, r7, #26
10004e32:	d1e3      	bne.n	10004dfc <cdcd_xfer_cb+0x90>
10004e34:	3c2c      	subs	r4, #44	; 0x2c
10004e36:	78a1      	ldrb	r1, [r4, #2]
10004e38:	4648      	mov	r0, r9
10004e3a:	f7ff fc1d 	bl	10004678 <usbd_edpt_claim>
10004e3e:	0025      	movs	r5, r4
10004e40:	1e04      	subs	r4, r0, #0
10004e42:	d0db      	beq.n	10004dfc <cdcd_xfer_cb+0x90>
10004e44:	78a9      	ldrb	r1, [r5, #2]
10004e46:	2300      	movs	r3, #0
10004e48:	2200      	movs	r2, #0
10004e4a:	4648      	mov	r0, r9
10004e4c:	f7ff fc6a 	bl	10004724 <usbd_edpt_xfer>
10004e50:	e7d5      	b.n	10004dfe <cdcd_xfer_cb+0x92>
10004e52:	78a3      	ldrb	r3, [r4, #2]
10004e54:	428b      	cmp	r3, r1
10004e56:	d0d9      	beq.n	10004e0c <cdcd_xfer_cb+0xa0>
10004e58:	2400      	movs	r4, #0
10004e5a:	e7d0      	b.n	10004dfe <cdcd_xfer_cb+0x92>
10004e5c:	f7fe fd80 	bl	10003960 <tud_suspended>
10004e60:	4c28      	ldr	r4, [pc, #160]	; (10004f04 <cdcd_xfer_cb+0x198>)
10004e62:	2800      	cmp	r0, #0
10004e64:	d1dd      	bne.n	10004e22 <cdcd_xfer_cb+0xb6>
10004e66:	0020      	movs	r0, r4
10004e68:	f000 f8e4 	bl	10005034 <tu_fifo_count>
10004e6c:	2800      	cmp	r0, #0
10004e6e:	d0d8      	beq.n	10004e22 <cdcd_xfer_cb+0xb6>
10004e70:	0025      	movs	r5, r4
10004e72:	3d2c      	subs	r5, #44	; 0x2c
10004e74:	78a9      	ldrb	r1, [r5, #2]
10004e76:	2000      	movs	r0, #0
10004e78:	f7ff fbfe 	bl	10004678 <usbd_edpt_claim>
10004e7c:	2800      	cmp	r0, #0
10004e7e:	d0d0      	beq.n	10004e22 <cdcd_xfer_cb+0xb6>
10004e80:	239b      	movs	r3, #155	; 0x9b
10004e82:	009b      	lsls	r3, r3, #2
10004e84:	18e6      	adds	r6, r4, r3
10004e86:	0031      	movs	r1, r6
10004e88:	2240      	movs	r2, #64	; 0x40
10004e8a:	0020      	movs	r0, r4
10004e8c:	f000 f94c 	bl	10005128 <tu_fifo_read_n>
10004e90:	78a9      	ldrb	r1, [r5, #2]
10004e92:	2800      	cmp	r0, #0
10004e94:	d029      	beq.n	10004eea <cdcd_xfer_cb+0x17e>
10004e96:	0003      	movs	r3, r0
10004e98:	0032      	movs	r2, r6
10004e9a:	2000      	movs	r0, #0
10004e9c:	f7ff fc42 	bl	10004724 <usbd_edpt_xfer>
10004ea0:	2800      	cmp	r0, #0
10004ea2:	d1ab      	bne.n	10004dfc <cdcd_xfer_cb+0x90>
10004ea4:	e7bd      	b.n	10004e22 <cdcd_xfer_cb+0xb6>
10004ea6:	4644      	mov	r4, r8
10004ea8:	3c10      	subs	r4, #16
10004eaa:	78e1      	ldrb	r1, [r4, #3]
10004eac:	2000      	movs	r0, #0
10004eae:	f7ff fbe3 	bl	10004678 <usbd_edpt_claim>
10004eb2:	2800      	cmp	r0, #0
10004eb4:	d101      	bne.n	10004eba <cdcd_xfer_cb+0x14e>
10004eb6:	78a3      	ldrb	r3, [r4, #2]
10004eb8:	e79e      	b.n	10004df8 <cdcd_xfer_cb+0x8c>
10004eba:	4640      	mov	r0, r8
10004ebc:	f000 f8d4 	bl	10005068 <tu_fifo_remaining>
10004ec0:	283f      	cmp	r0, #63	; 0x3f
10004ec2:	d90c      	bls.n	10004ede <cdcd_xfer_cb+0x172>
10004ec4:	2292      	movs	r2, #146	; 0x92
10004ec6:	0092      	lsls	r2, r2, #2
10004ec8:	2340      	movs	r3, #64	; 0x40
10004eca:	4442      	add	r2, r8
10004ecc:	78e1      	ldrb	r1, [r4, #3]
10004ece:	2000      	movs	r0, #0
10004ed0:	f7ff fc28 	bl	10004724 <usbd_edpt_xfer>
10004ed4:	78a3      	ldrb	r3, [r4, #2]
10004ed6:	e78f      	b.n	10004df8 <cdcd_xfer_cb+0x8c>
10004ed8:	e000      	b.n	10004edc <cdcd_xfer_cb+0x170>
10004eda:	bf00      	nop
10004edc:	e784      	b.n	10004de8 <cdcd_xfer_cb+0x7c>
10004ede:	78e1      	ldrb	r1, [r4, #3]
10004ee0:	2000      	movs	r0, #0
10004ee2:	f7ff fbf9 	bl	100046d8 <usbd_edpt_release>
10004ee6:	78a3      	ldrb	r3, [r4, #2]
10004ee8:	e786      	b.n	10004df8 <cdcd_xfer_cb+0x8c>
10004eea:	2000      	movs	r0, #0
10004eec:	f7ff fbf4 	bl	100046d8 <usbd_edpt_release>
10004ef0:	e797      	b.n	10004e22 <cdcd_xfer_cb+0xb6>
10004ef2:	46c0      	nop			; (mov r8, r8)
10004ef4:	20000598 	.word	0x20000598
	...
10004f04:	200005c4 	.word	0x200005c4

10004f08 <tusb_init>:
10004f08:	b510      	push	{r4, lr}
10004f0a:	2000      	movs	r0, #0
10004f0c:	f7fe fd36 	bl	1000397c <tud_init>
10004f10:	bd10      	pop	{r4, pc}
10004f12:	46c0      	nop			; (mov r8, r8)

10004f14 <tusb_inited>:
10004f14:	b510      	push	{r4, lr}
10004f16:	f7fe fd2b 	bl	10003970 <tud_inited>
10004f1a:	bd10      	pop	{r4, pc}

10004f1c <tu_edpt_validate>:
10004f1c:	2307      	movs	r3, #7
10004f1e:	b510      	push	{r4, lr}
10004f20:	7944      	ldrb	r4, [r0, #5]
10004f22:	7902      	ldrb	r2, [r0, #4]
10004f24:	4023      	ands	r3, r4
10004f26:	021b      	lsls	r3, r3, #8
10004f28:	431a      	orrs	r2, r3
10004f2a:	78c3      	ldrb	r3, [r0, #3]
10004f2c:	079b      	lsls	r3, r3, #30
10004f2e:	0f9b      	lsrs	r3, r3, #30
10004f30:	2b02      	cmp	r3, #2
10004f32:	d00d      	beq.n	10004f50 <tu_edpt_validate+0x34>
10004f34:	d814      	bhi.n	10004f60 <tu_edpt_validate+0x44>
10004f36:	2000      	movs	r0, #0
10004f38:	2b01      	cmp	r3, #1
10004f3a:	d108      	bne.n	10004f4e <tu_edpt_validate+0x32>
10004f3c:	3902      	subs	r1, #2
10004f3e:	424b      	negs	r3, r1
10004f40:	4159      	adcs	r1, r3
10004f42:	4b11      	ldr	r3, [pc, #68]	; (10004f88 <tu_edpt_validate+0x6c>)
10004f44:	469c      	mov	ip, r3
10004f46:	4461      	add	r1, ip
10004f48:	4291      	cmp	r1, r2
10004f4a:	4140      	adcs	r0, r0
10004f4c:	b2c0      	uxtb	r0, r0
10004f4e:	bd10      	pop	{r4, pc}
10004f50:	2902      	cmp	r1, #2
10004f52:	d012      	beq.n	10004f7a <tu_edpt_validate+0x5e>
10004f54:	2000      	movs	r0, #0
10004f56:	2340      	movs	r3, #64	; 0x40
10004f58:	4293      	cmp	r3, r2
10004f5a:	4140      	adcs	r0, r0
10004f5c:	b2c0      	uxtb	r0, r0
10004f5e:	e7f6      	b.n	10004f4e <tu_edpt_validate+0x32>
10004f60:	3902      	subs	r1, #2
10004f62:	424b      	negs	r3, r1
10004f64:	4159      	adcs	r1, r3
10004f66:	23f0      	movs	r3, #240	; 0xf0
10004f68:	2000      	movs	r0, #0
10004f6a:	4249      	negs	r1, r1
10004f6c:	009b      	lsls	r3, r3, #2
10004f6e:	4019      	ands	r1, r3
10004f70:	3140      	adds	r1, #64	; 0x40
10004f72:	4291      	cmp	r1, r2
10004f74:	4140      	adcs	r0, r0
10004f76:	b2c0      	uxtb	r0, r0
10004f78:	e7e9      	b.n	10004f4e <tu_edpt_validate+0x32>
10004f7a:	4b04      	ldr	r3, [pc, #16]	; (10004f8c <tu_edpt_validate+0x70>)
10004f7c:	469c      	mov	ip, r3
10004f7e:	4462      	add	r2, ip
10004f80:	4250      	negs	r0, r2
10004f82:	4150      	adcs	r0, r2
10004f84:	b2c0      	uxtb	r0, r0
10004f86:	e7e2      	b.n	10004f4e <tu_edpt_validate+0x32>
10004f88:	000003ff 	.word	0x000003ff
10004f8c:	fffffe00 	.word	0xfffffe00

10004f90 <tu_edpt_bind_driver>:
10004f90:	b5f0      	push	{r4, r5, r6, r7, lr}
10004f92:	2a00      	cmp	r2, #0
10004f94:	d011      	beq.n	10004fba <tu_edpt_bind_driver+0x2a>
10004f96:	2400      	movs	r4, #0
10004f98:	277f      	movs	r7, #127	; 0x7f
10004f9a:	784d      	ldrb	r5, [r1, #1]
10004f9c:	2d05      	cmp	r5, #5
10004f9e:	d106      	bne.n	10004fae <tu_edpt_bind_driver+0x1e>
10004fa0:	003d      	movs	r5, r7
10004fa2:	788e      	ldrb	r6, [r1, #2]
10004fa4:	4035      	ands	r5, r6
10004fa6:	006d      	lsls	r5, r5, #1
10004fa8:	09f6      	lsrs	r6, r6, #7
10004faa:	1945      	adds	r5, r0, r5
10004fac:	55ab      	strb	r3, [r5, r6]
10004fae:	780d      	ldrb	r5, [r1, #0]
10004fb0:	1964      	adds	r4, r4, r5
10004fb2:	b2a4      	uxth	r4, r4
10004fb4:	1949      	adds	r1, r1, r5
10004fb6:	42a2      	cmp	r2, r4
10004fb8:	d8ef      	bhi.n	10004f9a <tu_edpt_bind_driver+0xa>
10004fba:	bdf0      	pop	{r4, r5, r6, r7, pc}

10004fbc <tu_fifo_config>:
10004fbc:	b5f0      	push	{r4, r5, r6, r7, lr}
10004fbe:	46c6      	mov	lr, r8
10004fc0:	b500      	push	{lr}
10004fc2:	001e      	movs	r6, r3
10004fc4:	ab06      	add	r3, sp, #24
10004fc6:	781b      	ldrb	r3, [r3, #0]
10004fc8:	0004      	movs	r4, r0
10004fca:	4698      	mov	r8, r3
10004fcc:	2380      	movs	r3, #128	; 0x80
10004fce:	000f      	movs	r7, r1
10004fd0:	0015      	movs	r5, r2
10004fd2:	021b      	lsls	r3, r3, #8
10004fd4:	429a      	cmp	r2, r3
10004fd6:	d82a      	bhi.n	1000502e <tu_fifo_config+0x72>
10004fd8:	6940      	ldr	r0, [r0, #20]
10004fda:	2800      	cmp	r0, #0
10004fdc:	d003      	beq.n	10004fe6 <tu_fifo_config+0x2a>
10004fde:	2101      	movs	r1, #1
10004fe0:	4249      	negs	r1, r1
10004fe2:	f000 fb81 	bl	100056e8 <__mutex_enter_timeout_ms_veneer>
10004fe6:	69a0      	ldr	r0, [r4, #24]
10004fe8:	2800      	cmp	r0, #0
10004fea:	d003      	beq.n	10004ff4 <tu_fifo_config+0x38>
10004fec:	2101      	movs	r1, #1
10004fee:	4249      	negs	r1, r1
10004ff0:	f000 fb7a 	bl	100056e8 <__mutex_enter_timeout_ms_veneer>
10004ff4:	4643      	mov	r3, r8
10004ff6:	80a5      	strh	r5, [r4, #4]
10004ff8:	006d      	lsls	r5, r5, #1
10004ffa:	b2ad      	uxth	r5, r5
10004ffc:	7223      	strb	r3, [r4, #8]
10004ffe:	1e6b      	subs	r3, r5, #1
10005000:	81a3      	strh	r3, [r4, #12]
10005002:	2300      	movs	r3, #0
10005004:	6960      	ldr	r0, [r4, #20]
10005006:	426d      	negs	r5, r5
10005008:	81e3      	strh	r3, [r4, #14]
1000500a:	6027      	str	r7, [r4, #0]
1000500c:	80e6      	strh	r6, [r4, #6]
1000500e:	8165      	strh	r5, [r4, #10]
10005010:	8223      	strh	r3, [r4, #16]
10005012:	2800      	cmp	r0, #0
10005014:	d001      	beq.n	1000501a <tu_fifo_config+0x5e>
10005016:	f000 fb4f 	bl	100056b8 <__mutex_exit_veneer>
1000501a:	69a0      	ldr	r0, [r4, #24]
1000501c:	2401      	movs	r4, #1
1000501e:	2800      	cmp	r0, #0
10005020:	d001      	beq.n	10005026 <tu_fifo_config+0x6a>
10005022:	f000 fb49 	bl	100056b8 <__mutex_exit_veneer>
10005026:	0020      	movs	r0, r4
10005028:	bc04      	pop	{r2}
1000502a:	4690      	mov	r8, r2
1000502c:	bdf0      	pop	{r4, r5, r6, r7, pc}
1000502e:	2400      	movs	r4, #0
10005030:	e7f9      	b.n	10005026 <tu_fifo_config+0x6a>
10005032:	46c0      	nop			; (mov r8, r8)

10005034 <tu_fifo_count>:
10005034:	89c1      	ldrh	r1, [r0, #14]
10005036:	8a02      	ldrh	r2, [r0, #16]
10005038:	b289      	uxth	r1, r1
1000503a:	b292      	uxth	r2, r2
1000503c:	1a8b      	subs	r3, r1, r2
1000503e:	b29b      	uxth	r3, r3
10005040:	4291      	cmp	r1, r2
10005042:	d202      	bcs.n	1000504a <tu_fifo_count+0x16>
10005044:	8942      	ldrh	r2, [r0, #10]
10005046:	1a9b      	subs	r3, r3, r2
10005048:	b29b      	uxth	r3, r3
1000504a:	8882      	ldrh	r2, [r0, #4]
1000504c:	1c10      	adds	r0, r2, #0
1000504e:	429a      	cmp	r2, r3
10005050:	d900      	bls.n	10005054 <tu_fifo_count+0x20>
10005052:	1c18      	adds	r0, r3, #0
10005054:	b280      	uxth	r0, r0
10005056:	4770      	bx	lr

10005058 <tu_fifo_empty>:
10005058:	89c3      	ldrh	r3, [r0, #14]
1000505a:	8a00      	ldrh	r0, [r0, #16]
1000505c:	1a18      	subs	r0, r3, r0
1000505e:	4243      	negs	r3, r0
10005060:	4158      	adcs	r0, r3
10005062:	b2c0      	uxtb	r0, r0
10005064:	4770      	bx	lr
10005066:	46c0      	nop			; (mov r8, r8)

10005068 <tu_fifo_remaining>:
10005068:	b510      	push	{r4, lr}
1000506a:	89c4      	ldrh	r4, [r0, #14]
1000506c:	8a01      	ldrh	r1, [r0, #16]
1000506e:	b2a4      	uxth	r4, r4
10005070:	b289      	uxth	r1, r1
10005072:	1a62      	subs	r2, r4, r1
10005074:	8883      	ldrh	r3, [r0, #4]
10005076:	b292      	uxth	r2, r2
10005078:	428c      	cmp	r4, r1
1000507a:	d202      	bcs.n	10005082 <tu_fifo_remaining+0x1a>
1000507c:	8940      	ldrh	r0, [r0, #10]
1000507e:	1a12      	subs	r2, r2, r0
10005080:	b292      	uxth	r2, r2
10005082:	1a98      	subs	r0, r3, r2
10005084:	b280      	uxth	r0, r0
10005086:	bd10      	pop	{r4, pc}

10005088 <tu_fifo_read>:
10005088:	b570      	push	{r4, r5, r6, lr}
1000508a:	0004      	movs	r4, r0
1000508c:	6980      	ldr	r0, [r0, #24]
1000508e:	000d      	movs	r5, r1
10005090:	2800      	cmp	r0, #0
10005092:	d003      	beq.n	1000509c <tu_fifo_read+0x14>
10005094:	2101      	movs	r1, #1
10005096:	4249      	negs	r1, r1
10005098:	f000 fb26 	bl	100056e8 <__mutex_enter_timeout_ms_veneer>
1000509c:	89e2      	ldrh	r2, [r4, #14]
1000509e:	8a21      	ldrh	r1, [r4, #16]
100050a0:	b292      	uxth	r2, r2
100050a2:	b289      	uxth	r1, r1
100050a4:	1a53      	subs	r3, r2, r1
100050a6:	b29b      	uxth	r3, r3
100050a8:	428a      	cmp	r2, r1
100050aa:	d202      	bcs.n	100050b2 <tu_fifo_read+0x2a>
100050ac:	8960      	ldrh	r0, [r4, #10]
100050ae:	1a1b      	subs	r3, r3, r0
100050b0:	b29b      	uxth	r3, r3
100050b2:	88a0      	ldrh	r0, [r4, #4]
100050b4:	4298      	cmp	r0, r3
100050b6:	d321      	bcc.n	100050fc <tu_fifo_read+0x74>
100050b8:	2b00      	cmp	r3, #0
100050ba:	d102      	bne.n	100050c2 <tu_fifo_read+0x3a>
100050bc:	e027      	b.n	1000510e <tu_fifo_read+0x86>
100050be:	1a09      	subs	r1, r1, r0
100050c0:	b289      	uxth	r1, r1
100050c2:	4288      	cmp	r0, r1
100050c4:	d9fb      	bls.n	100050be <tu_fifo_read+0x36>
100050c6:	6823      	ldr	r3, [r4, #0]
100050c8:	88e2      	ldrh	r2, [r4, #6]
100050ca:	469c      	mov	ip, r3
100050cc:	4351      	muls	r1, r2
100050ce:	0028      	movs	r0, r5
100050d0:	4461      	add	r1, ip
100050d2:	f7fd fc29 	bl	10002928 <__wrap___aeabi_memcpy>
100050d6:	8a22      	ldrh	r2, [r4, #16]
100050d8:	2501      	movs	r5, #1
100050da:	b292      	uxth	r2, r2
100050dc:	1c53      	adds	r3, r2, #1
100050de:	b29b      	uxth	r3, r3
100050e0:	429a      	cmp	r2, r3
100050e2:	d917      	bls.n	10005114 <tu_fifo_read+0x8c>
100050e4:	2300      	movs	r3, #0
100050e6:	8962      	ldrh	r2, [r4, #10]
100050e8:	189b      	adds	r3, r3, r2
100050ea:	b29b      	uxth	r3, r3
100050ec:	69a0      	ldr	r0, [r4, #24]
100050ee:	8223      	strh	r3, [r4, #16]
100050f0:	2800      	cmp	r0, #0
100050f2:	d001      	beq.n	100050f8 <tu_fifo_read+0x70>
100050f4:	f000 fae0 	bl	100056b8 <__mutex_exit_veneer>
100050f8:	0028      	movs	r0, r5
100050fa:	bd70      	pop	{r4, r5, r6, pc}
100050fc:	4282      	cmp	r2, r0
100050fe:	d20d      	bcs.n	1000511c <tu_fifo_read+0x94>
10005100:	8963      	ldrh	r3, [r4, #10]
10005102:	18c3      	adds	r3, r0, r3
10005104:	1ad3      	subs	r3, r2, r3
10005106:	b29b      	uxth	r3, r3
10005108:	8223      	strh	r3, [r4, #16]
1000510a:	1e03      	subs	r3, r0, #0
1000510c:	d1d9      	bne.n	100050c2 <tu_fifo_read+0x3a>
1000510e:	2500      	movs	r5, #0
10005110:	8a23      	ldrh	r3, [r4, #16]
10005112:	b29b      	uxth	r3, r3
10005114:	89a2      	ldrh	r2, [r4, #12]
10005116:	429a      	cmp	r2, r3
10005118:	d2e8      	bcs.n	100050ec <tu_fifo_read+0x64>
1000511a:	e7e4      	b.n	100050e6 <tu_fifo_read+0x5e>
1000511c:	1a13      	subs	r3, r2, r0
1000511e:	89a6      	ldrh	r6, [r4, #12]
10005120:	b29b      	uxth	r3, r3
10005122:	429e      	cmp	r6, r3
10005124:	d2f0      	bcs.n	10005108 <tu_fifo_read+0x80>
10005126:	e7eb      	b.n	10005100 <tu_fifo_read+0x78>

10005128 <tu_fifo_read_n>:
10005128:	b5f0      	push	{r4, r5, r6, r7, lr}
1000512a:	464f      	mov	r7, r9
1000512c:	4646      	mov	r6, r8
1000512e:	46d6      	mov	lr, sl
10005130:	0005      	movs	r5, r0
10005132:	6980      	ldr	r0, [r0, #24]
10005134:	b5c0      	push	{r6, r7, lr}
10005136:	4689      	mov	r9, r1
10005138:	4690      	mov	r8, r2
1000513a:	2800      	cmp	r0, #0
1000513c:	d003      	beq.n	10005146 <tu_fifo_read_n+0x1e>
1000513e:	2101      	movs	r1, #1
10005140:	4249      	negs	r1, r1
10005142:	f000 fad1 	bl	100056e8 <__mutex_enter_timeout_ms_veneer>
10005146:	89eb      	ldrh	r3, [r5, #14]
10005148:	8a2c      	ldrh	r4, [r5, #16]
1000514a:	b29b      	uxth	r3, r3
1000514c:	b2a4      	uxth	r4, r4
1000514e:	1b1e      	subs	r6, r3, r4
10005150:	b2b6      	uxth	r6, r6
10005152:	42a3      	cmp	r3, r4
10005154:	d202      	bcs.n	1000515c <tu_fifo_read_n+0x34>
10005156:	896a      	ldrh	r2, [r5, #10]
10005158:	1ab6      	subs	r6, r6, r2
1000515a:	b2b6      	uxth	r6, r6
1000515c:	88af      	ldrh	r7, [r5, #4]
1000515e:	42b7      	cmp	r7, r6
10005160:	d33d      	bcc.n	100051de <tu_fifo_read_n+0xb6>
10005162:	2e00      	cmp	r6, #0
10005164:	d047      	beq.n	100051f6 <tu_fifo_read_n+0xce>
10005166:	4643      	mov	r3, r8
10005168:	45b0      	cmp	r8, r6
1000516a:	d850      	bhi.n	1000520e <tu_fifo_read_n+0xe6>
1000516c:	b29e      	uxth	r6, r3
1000516e:	42a7      	cmp	r7, r4
10005170:	d803      	bhi.n	1000517a <tu_fifo_read_n+0x52>
10005172:	1be4      	subs	r4, r4, r7
10005174:	b2a4      	uxth	r4, r4
10005176:	42a7      	cmp	r7, r4
10005178:	d9fb      	bls.n	10005172 <tu_fifo_read_n+0x4a>
1000517a:	88eb      	ldrh	r3, [r5, #6]
1000517c:	1b38      	subs	r0, r7, r4
1000517e:	0019      	movs	r1, r3
10005180:	4698      	mov	r8, r3
10005182:	682b      	ldr	r3, [r5, #0]
10005184:	4361      	muls	r1, r4
10005186:	469c      	mov	ip, r3
10005188:	b280      	uxth	r0, r0
1000518a:	4461      	add	r1, ip
1000518c:	42b0      	cmp	r0, r6
1000518e:	d238      	bcs.n	10005202 <tu_fifo_read_n+0xda>
10005190:	4643      	mov	r3, r8
10005192:	4358      	muls	r0, r3
10005194:	b283      	uxth	r3, r0
10005196:	001a      	movs	r2, r3
10005198:	4648      	mov	r0, r9
1000519a:	469a      	mov	sl, r3
1000519c:	f7fd fbc4 	bl	10002928 <__wrap___aeabi_memcpy>
100051a0:	4643      	mov	r3, r8
100051a2:	4648      	mov	r0, r9
100051a4:	1bf7      	subs	r7, r6, r7
100051a6:	19e4      	adds	r4, r4, r7
100051a8:	435c      	muls	r4, r3
100051aa:	4450      	add	r0, sl
100051ac:	b2a2      	uxth	r2, r4
100051ae:	6829      	ldr	r1, [r5, #0]
100051b0:	f7fd fbba 	bl	10002928 <__wrap___aeabi_memcpy>
100051b4:	8a2a      	ldrh	r2, [r5, #16]
100051b6:	b292      	uxth	r2, r2
100051b8:	1993      	adds	r3, r2, r6
100051ba:	b29b      	uxth	r3, r3
100051bc:	429a      	cmp	r2, r3
100051be:	d91c      	bls.n	100051fa <tu_fifo_read_n+0xd2>
100051c0:	896a      	ldrh	r2, [r5, #10]
100051c2:	189b      	adds	r3, r3, r2
100051c4:	b29b      	uxth	r3, r3
100051c6:	69a8      	ldr	r0, [r5, #24]
100051c8:	822b      	strh	r3, [r5, #16]
100051ca:	2800      	cmp	r0, #0
100051cc:	d001      	beq.n	100051d2 <tu_fifo_read_n+0xaa>
100051ce:	f000 fa73 	bl	100056b8 <__mutex_exit_veneer>
100051d2:	0030      	movs	r0, r6
100051d4:	bc1c      	pop	{r2, r3, r4}
100051d6:	4690      	mov	r8, r2
100051d8:	4699      	mov	r9, r3
100051da:	46a2      	mov	sl, r4
100051dc:	bdf0      	pop	{r4, r5, r6, r7, pc}
100051de:	42bb      	cmp	r3, r7
100051e0:	d217      	bcs.n	10005212 <tu_fifo_read_n+0xea>
100051e2:	896a      	ldrh	r2, [r5, #10]
100051e4:	18ba      	adds	r2, r7, r2
100051e6:	1a9a      	subs	r2, r3, r2
100051e8:	b292      	uxth	r2, r2
100051ea:	822a      	strh	r2, [r5, #16]
100051ec:	8a2c      	ldrh	r4, [r5, #16]
100051ee:	003e      	movs	r6, r7
100051f0:	b2a4      	uxth	r4, r4
100051f2:	2e00      	cmp	r6, #0
100051f4:	d1b7      	bne.n	10005166 <tu_fifo_read_n+0x3e>
100051f6:	8a2b      	ldrh	r3, [r5, #16]
100051f8:	b29b      	uxth	r3, r3
100051fa:	89aa      	ldrh	r2, [r5, #12]
100051fc:	429a      	cmp	r2, r3
100051fe:	d2e2      	bcs.n	100051c6 <tu_fifo_read_n+0x9e>
10005200:	e7de      	b.n	100051c0 <tu_fifo_read_n+0x98>
10005202:	4642      	mov	r2, r8
10005204:	4648      	mov	r0, r9
10005206:	4372      	muls	r2, r6
10005208:	f7fd fb8e 	bl	10002928 <__wrap___aeabi_memcpy>
1000520c:	e7d2      	b.n	100051b4 <tu_fifo_read_n+0x8c>
1000520e:	1c33      	adds	r3, r6, #0
10005210:	e7ac      	b.n	1000516c <tu_fifo_read_n+0x44>
10005212:	1bda      	subs	r2, r3, r7
10005214:	89a9      	ldrh	r1, [r5, #12]
10005216:	b292      	uxth	r2, r2
10005218:	4291      	cmp	r1, r2
1000521a:	d2e6      	bcs.n	100051ea <tu_fifo_read_n+0xc2>
1000521c:	e7e1      	b.n	100051e2 <tu_fifo_read_n+0xba>
1000521e:	46c0      	nop			; (mov r8, r8)

10005220 <tu_fifo_write>:
10005220:	b5f8      	push	{r3, r4, r5, r6, r7, lr}
10005222:	0004      	movs	r4, r0
10005224:	6940      	ldr	r0, [r0, #20]
10005226:	000e      	movs	r6, r1
10005228:	2800      	cmp	r0, #0
1000522a:	d003      	beq.n	10005234 <tu_fifo_write+0x14>
1000522c:	2101      	movs	r1, #1
1000522e:	4249      	negs	r1, r1
10005230:	f000 fa5a 	bl	100056e8 <__mutex_enter_timeout_ms_veneer>
10005234:	89e5      	ldrh	r5, [r4, #14]
10005236:	8a23      	ldrh	r3, [r4, #16]
10005238:	b2ad      	uxth	r5, r5
1000523a:	b29b      	uxth	r3, r3
1000523c:	1aea      	subs	r2, r5, r3
1000523e:	b292      	uxth	r2, r2
10005240:	42ab      	cmp	r3, r5
10005242:	d902      	bls.n	1000524a <tu_fifo_write+0x2a>
10005244:	8963      	ldrh	r3, [r4, #10]
10005246:	1ad2      	subs	r2, r2, r3
10005248:	b292      	uxth	r2, r2
1000524a:	88a3      	ldrh	r3, [r4, #4]
1000524c:	4293      	cmp	r3, r2
1000524e:	d022      	beq.n	10005296 <tu_fifo_write+0x76>
10005250:	0028      	movs	r0, r5
10005252:	429d      	cmp	r5, r3
10005254:	d303      	bcc.n	1000525e <tu_fifo_write+0x3e>
10005256:	1ac0      	subs	r0, r0, r3
10005258:	b280      	uxth	r0, r0
1000525a:	4283      	cmp	r3, r0
1000525c:	d9fb      	bls.n	10005256 <tu_fifo_write+0x36>
1000525e:	6823      	ldr	r3, [r4, #0]
10005260:	88e2      	ldrh	r2, [r4, #6]
10005262:	469c      	mov	ip, r3
10005264:	4350      	muls	r0, r2
10005266:	0031      	movs	r1, r6
10005268:	4460      	add	r0, ip
1000526a:	f7fd fb5d 	bl	10002928 <__wrap___aeabi_memcpy>
1000526e:	1c6b      	adds	r3, r5, #1
10005270:	b29b      	uxth	r3, r3
10005272:	429d      	cmp	r5, r3
10005274:	d90b      	bls.n	1000528e <tu_fifo_write+0x6e>
10005276:	8962      	ldrh	r2, [r4, #10]
10005278:	189b      	adds	r3, r3, r2
1000527a:	b29b      	uxth	r3, r3
1000527c:	6960      	ldr	r0, [r4, #20]
1000527e:	81e3      	strh	r3, [r4, #14]
10005280:	2701      	movs	r7, #1
10005282:	2800      	cmp	r0, #0
10005284:	d001      	beq.n	1000528a <tu_fifo_write+0x6a>
10005286:	f000 fa17 	bl	100056b8 <__mutex_exit_veneer>
1000528a:	0038      	movs	r0, r7
1000528c:	bdf8      	pop	{r3, r4, r5, r6, r7, pc}
1000528e:	89a2      	ldrh	r2, [r4, #12]
10005290:	429a      	cmp	r2, r3
10005292:	d2f3      	bcs.n	1000527c <tu_fifo_write+0x5c>
10005294:	e7ef      	b.n	10005276 <tu_fifo_write+0x56>
10005296:	7a27      	ldrb	r7, [r4, #8]
10005298:	2f00      	cmp	r7, #0
1000529a:	d1d9      	bne.n	10005250 <tu_fifo_write+0x30>
1000529c:	e7f5      	b.n	1000528a <tu_fifo_write+0x6a>
1000529e:	46c0      	nop			; (mov r8, r8)

100052a0 <tu_fifo_write_n>:
100052a0:	b5f8      	push	{r3, r4, r5, r6, r7, lr}
100052a2:	464e      	mov	r6, r9
100052a4:	4645      	mov	r5, r8
100052a6:	46de      	mov	lr, fp
100052a8:	4657      	mov	r7, sl
100052aa:	4689      	mov	r9, r1
100052ac:	b5e0      	push	{r5, r6, r7, lr}
100052ae:	0005      	movs	r5, r0
100052b0:	1e16      	subs	r6, r2, #0
100052b2:	d058      	beq.n	10005366 <tu_fifo_write_n+0xc6>
100052b4:	6940      	ldr	r0, [r0, #20]
100052b6:	2800      	cmp	r0, #0
100052b8:	d003      	beq.n	100052c2 <tu_fifo_write_n+0x22>
100052ba:	2101      	movs	r1, #1
100052bc:	4249      	negs	r1, r1
100052be:	f000 fa13 	bl	100056e8 <__mutex_enter_timeout_ms_veneer>
100052c2:	88ea      	ldrh	r2, [r5, #6]
100052c4:	89ef      	ldrh	r7, [r5, #14]
100052c6:	4690      	mov	r8, r2
100052c8:	8a29      	ldrh	r1, [r5, #16]
100052ca:	7a2a      	ldrb	r2, [r5, #8]
100052cc:	b2bf      	uxth	r7, r7
100052ce:	b289      	uxth	r1, r1
100052d0:	88ab      	ldrh	r3, [r5, #4]
100052d2:	2a00      	cmp	r2, #0
100052d4:	d138      	bne.n	10005348 <tu_fifo_write_n+0xa8>
100052d6:	1a7a      	subs	r2, r7, r1
100052d8:	b292      	uxth	r2, r2
100052da:	428f      	cmp	r7, r1
100052dc:	d202      	bcs.n	100052e4 <tu_fifo_write_n+0x44>
100052de:	8969      	ldrh	r1, [r5, #10]
100052e0:	1a52      	subs	r2, r2, r1
100052e2:	b292      	uxth	r2, r2
100052e4:	1a9a      	subs	r2, r3, r2
100052e6:	1c11      	adds	r1, r2, #0
100052e8:	b292      	uxth	r2, r2
100052ea:	42b2      	cmp	r2, r6
100052ec:	d84f      	bhi.n	1000538e <tu_fifo_write_n+0xee>
100052ee:	b28e      	uxth	r6, r1
100052f0:	1af4      	subs	r4, r6, r3
100052f2:	b2a2      	uxth	r2, r4
100052f4:	4692      	mov	sl, r2
100052f6:	003c      	movs	r4, r7
100052f8:	429f      	cmp	r7, r3
100052fa:	d303      	bcc.n	10005304 <tu_fifo_write_n+0x64>
100052fc:	1ae4      	subs	r4, r4, r3
100052fe:	b2a4      	uxth	r4, r4
10005300:	429c      	cmp	r4, r3
10005302:	d2fb      	bcs.n	100052fc <tu_fifo_write_n+0x5c>
10005304:	4640      	mov	r0, r8
10005306:	682a      	ldr	r2, [r5, #0]
10005308:	4360      	muls	r0, r4
1000530a:	4694      	mov	ip, r2
1000530c:	1b1b      	subs	r3, r3, r4
1000530e:	b29b      	uxth	r3, r3
10005310:	4460      	add	r0, ip
10005312:	4642      	mov	r2, r8
10005314:	429e      	cmp	r6, r3
10005316:	d828      	bhi.n	1000536a <tu_fifo_write_n+0xca>
10005318:	4372      	muls	r2, r6
1000531a:	4649      	mov	r1, r9
1000531c:	f7fd fb04 	bl	10002928 <__wrap___aeabi_memcpy>
10005320:	19f3      	adds	r3, r6, r7
10005322:	b29b      	uxth	r3, r3
10005324:	429f      	cmp	r7, r3
10005326:	d81a      	bhi.n	1000535e <tu_fifo_write_n+0xbe>
10005328:	89aa      	ldrh	r2, [r5, #12]
1000532a:	429a      	cmp	r2, r3
1000532c:	d317      	bcc.n	1000535e <tu_fifo_write_n+0xbe>
1000532e:	6968      	ldr	r0, [r5, #20]
10005330:	81eb      	strh	r3, [r5, #14]
10005332:	2800      	cmp	r0, #0
10005334:	d001      	beq.n	1000533a <tu_fifo_write_n+0x9a>
10005336:	f000 f9bf 	bl	100056b8 <__mutex_exit_veneer>
1000533a:	0030      	movs	r0, r6
1000533c:	bc3c      	pop	{r2, r3, r4, r5}
1000533e:	4690      	mov	r8, r2
10005340:	4699      	mov	r9, r3
10005342:	46a2      	mov	sl, r4
10005344:	46ab      	mov	fp, r5
10005346:	bdf8      	pop	{r3, r4, r5, r6, r7, pc}
10005348:	429e      	cmp	r6, r3
1000534a:	d322      	bcc.n	10005392 <tu_fifo_write_n+0xf2>
1000534c:	4642      	mov	r2, r8
1000534e:	1af6      	subs	r6, r6, r3
10005350:	4356      	muls	r6, r2
10005352:	2200      	movs	r2, #0
10005354:	44b1      	add	r9, r6
10005356:	000f      	movs	r7, r1
10005358:	001e      	movs	r6, r3
1000535a:	4692      	mov	sl, r2
1000535c:	e7cb      	b.n	100052f6 <tu_fifo_write_n+0x56>
1000535e:	896a      	ldrh	r2, [r5, #10]
10005360:	189b      	adds	r3, r3, r2
10005362:	b29b      	uxth	r3, r3
10005364:	e7e3      	b.n	1000532e <tu_fifo_write_n+0x8e>
10005366:	2600      	movs	r6, #0
10005368:	e7e7      	b.n	1000533a <tu_fifo_write_n+0x9a>
1000536a:	4353      	muls	r3, r2
1000536c:	b29b      	uxth	r3, r3
1000536e:	001a      	movs	r2, r3
10005370:	4649      	mov	r1, r9
10005372:	469b      	mov	fp, r3
10005374:	f7fd fad8 	bl	10002928 <__wrap___aeabi_memcpy>
10005378:	0022      	movs	r2, r4
1000537a:	4643      	mov	r3, r8
1000537c:	4649      	mov	r1, r9
1000537e:	4452      	add	r2, sl
10005380:	435a      	muls	r2, r3
10005382:	4459      	add	r1, fp
10005384:	b292      	uxth	r2, r2
10005386:	6828      	ldr	r0, [r5, #0]
10005388:	f7fd face 	bl	10002928 <__wrap___aeabi_memcpy>
1000538c:	e7c8      	b.n	10005320 <tu_fifo_write_n+0x80>
1000538e:	1c31      	adds	r1, r6, #0
10005390:	e7ad      	b.n	100052ee <tu_fifo_write_n+0x4e>
10005392:	1af4      	subs	r4, r6, r3
10005394:	b2a2      	uxth	r2, r4
10005396:	4692      	mov	sl, r2
10005398:	e7ad      	b.n	100052f6 <tu_fifo_write_n+0x56>
1000539a:	46c0      	nop			; (mov r8, r8)

1000539c <tu_fifo_clear>:
1000539c:	b510      	push	{r4, lr}
1000539e:	0004      	movs	r4, r0
100053a0:	6940      	ldr	r0, [r0, #20]
100053a2:	2800      	cmp	r0, #0
100053a4:	d003      	beq.n	100053ae <tu_fifo_clear+0x12>
100053a6:	2101      	movs	r1, #1
100053a8:	4249      	negs	r1, r1
100053aa:	f000 f99d 	bl	100056e8 <__mutex_enter_timeout_ms_veneer>
100053ae:	69a0      	ldr	r0, [r4, #24]
100053b0:	2800      	cmp	r0, #0
100053b2:	d003      	beq.n	100053bc <tu_fifo_clear+0x20>
100053b4:	2101      	movs	r1, #1
100053b6:	4249      	negs	r1, r1
100053b8:	f000 f996 	bl	100056e8 <__mutex_enter_timeout_ms_veneer>
100053bc:	2300      	movs	r3, #0
100053be:	81e3      	strh	r3, [r4, #14]
100053c0:	8223      	strh	r3, [r4, #16]
100053c2:	88a3      	ldrh	r3, [r4, #4]
100053c4:	6960      	ldr	r0, [r4, #20]
100053c6:	005b      	lsls	r3, r3, #1
100053c8:	b29b      	uxth	r3, r3
100053ca:	1e5a      	subs	r2, r3, #1
100053cc:	425b      	negs	r3, r3
100053ce:	81a2      	strh	r2, [r4, #12]
100053d0:	8163      	strh	r3, [r4, #10]
100053d2:	2800      	cmp	r0, #0
100053d4:	d001      	beq.n	100053da <tu_fifo_clear+0x3e>
100053d6:	f000 f96f 	bl	100056b8 <__mutex_exit_veneer>
100053da:	69a0      	ldr	r0, [r4, #24]
100053dc:	2800      	cmp	r0, #0
100053de:	d001      	beq.n	100053e4 <tu_fifo_clear+0x48>
100053e0:	f000 f96a 	bl	100056b8 <__mutex_exit_veneer>
100053e4:	2001      	movs	r0, #1
100053e6:	bd10      	pop	{r4, pc}

100053e8 <tu_fifo_set_overwritable>:
100053e8:	b570      	push	{r4, r5, r6, lr}
100053ea:	0004      	movs	r4, r0
100053ec:	6940      	ldr	r0, [r0, #20]
100053ee:	000d      	movs	r5, r1
100053f0:	2800      	cmp	r0, #0
100053f2:	d003      	beq.n	100053fc <tu_fifo_set_overwritable+0x14>
100053f4:	2101      	movs	r1, #1
100053f6:	4249      	negs	r1, r1
100053f8:	f000 f976 	bl	100056e8 <__mutex_enter_timeout_ms_veneer>
100053fc:	69a0      	ldr	r0, [r4, #24]
100053fe:	2800      	cmp	r0, #0
10005400:	d003      	beq.n	1000540a <tu_fifo_set_overwritable+0x22>
10005402:	2101      	movs	r1, #1
10005404:	4249      	negs	r1, r1
10005406:	f000 f96f 	bl	100056e8 <__mutex_enter_timeout_ms_veneer>
1000540a:	6960      	ldr	r0, [r4, #20]
1000540c:	7225      	strb	r5, [r4, #8]
1000540e:	2800      	cmp	r0, #0
10005410:	d001      	beq.n	10005416 <tu_fifo_set_overwritable+0x2e>
10005412:	f000 f951 	bl	100056b8 <__mutex_exit_veneer>
10005416:	69a0      	ldr	r0, [r4, #24]
10005418:	2800      	cmp	r0, #0
1000541a:	d001      	beq.n	10005420 <tu_fifo_set_overwritable+0x38>
1000541c:	f000 f94c 	bl	100056b8 <__mutex_exit_veneer>
10005420:	2001      	movs	r0, #1
10005422:	bd70      	pop	{r4, r5, r6, pc}

10005424 <_retrieve_unique_id_on_boot>:
10005424:	b510      	push	{r4, lr}
10005426:	4802      	ldr	r0, [pc, #8]	; (10005430 <_retrieve_unique_id_on_boot+0xc>)
10005428:	f000 f8ea 	bl	10005600 <flash_get_unique_id>
1000542c:	bd10      	pop	{r4, pc}
1000542e:	46c0      	nop			; (mov r8, r8)
10005430:	20000f00 	.word	0x20000f00

10005434 <pico_get_unique_board_id_string>:
10005434:	3901      	subs	r1, #1
10005436:	b530      	push	{r4, r5, lr}
10005438:	2900      	cmp	r1, #0
1000543a:	d100      	bne.n	1000543e <pico_get_unique_board_id_string+0xa>
1000543c:	e0b8      	b.n	100055b0 <pico_get_unique_board_id_string+0x17c>
1000543e:	4b6f      	ldr	r3, [pc, #444]	; (100055fc <pico_get_unique_board_id_string+0x1c8>)
10005440:	781a      	ldrb	r2, [r3, #0]
10005442:	1112      	asrs	r2, r2, #4
10005444:	b2d5      	uxtb	r5, r2
10005446:	002c      	movs	r4, r5
10005448:	3430      	adds	r4, #48	; 0x30
1000544a:	2a09      	cmp	r2, #9
1000544c:	dd00      	ble.n	10005450 <pico_get_unique_board_id_string+0x1c>
1000544e:	e0b2      	b.n	100055b6 <pico_get_unique_board_id_string+0x182>
10005450:	7004      	strb	r4, [r0, #0]
10005452:	2901      	cmp	r1, #1
10005454:	d100      	bne.n	10005458 <pico_get_unique_board_id_string+0x24>
10005456:	e0ce      	b.n	100055f6 <pico_get_unique_board_id_string+0x1c2>
10005458:	220f      	movs	r2, #15
1000545a:	781c      	ldrb	r4, [r3, #0]
1000545c:	4022      	ands	r2, r4
1000545e:	0014      	movs	r4, r2
10005460:	3430      	adds	r4, #48	; 0x30
10005462:	2a09      	cmp	r2, #9
10005464:	d900      	bls.n	10005468 <pico_get_unique_board_id_string+0x34>
10005466:	e0a8      	b.n	100055ba <pico_get_unique_board_id_string+0x186>
10005468:	7044      	strb	r4, [r0, #1]
1000546a:	2902      	cmp	r1, #2
1000546c:	d100      	bne.n	10005470 <pico_get_unique_board_id_string+0x3c>
1000546e:	e0c2      	b.n	100055f6 <pico_get_unique_board_id_string+0x1c2>
10005470:	785a      	ldrb	r2, [r3, #1]
10005472:	1112      	asrs	r2, r2, #4
10005474:	b2d5      	uxtb	r5, r2
10005476:	002c      	movs	r4, r5
10005478:	3430      	adds	r4, #48	; 0x30
1000547a:	2a09      	cmp	r2, #9
1000547c:	dd00      	ble.n	10005480 <pico_get_unique_board_id_string+0x4c>
1000547e:	e09f      	b.n	100055c0 <pico_get_unique_board_id_string+0x18c>
10005480:	7084      	strb	r4, [r0, #2]
10005482:	2903      	cmp	r1, #3
10005484:	d100      	bne.n	10005488 <pico_get_unique_board_id_string+0x54>
10005486:	e0b6      	b.n	100055f6 <pico_get_unique_board_id_string+0x1c2>
10005488:	220f      	movs	r2, #15
1000548a:	785c      	ldrb	r4, [r3, #1]
1000548c:	4022      	ands	r2, r4
1000548e:	0014      	movs	r4, r2
10005490:	3430      	adds	r4, #48	; 0x30
10005492:	2a09      	cmp	r2, #9
10005494:	d900      	bls.n	10005498 <pico_get_unique_board_id_string+0x64>
10005496:	e095      	b.n	100055c4 <pico_get_unique_board_id_string+0x190>
10005498:	70c4      	strb	r4, [r0, #3]
1000549a:	2904      	cmp	r1, #4
1000549c:	d100      	bne.n	100054a0 <pico_get_unique_board_id_string+0x6c>
1000549e:	e0aa      	b.n	100055f6 <pico_get_unique_board_id_string+0x1c2>
100054a0:	789a      	ldrb	r2, [r3, #2]
100054a2:	1112      	asrs	r2, r2, #4
100054a4:	b2d5      	uxtb	r5, r2
100054a6:	002c      	movs	r4, r5
100054a8:	3430      	adds	r4, #48	; 0x30
100054aa:	2a09      	cmp	r2, #9
100054ac:	dd00      	ble.n	100054b0 <pico_get_unique_board_id_string+0x7c>
100054ae:	e08c      	b.n	100055ca <pico_get_unique_board_id_string+0x196>
100054b0:	7104      	strb	r4, [r0, #4]
100054b2:	2905      	cmp	r1, #5
100054b4:	d100      	bne.n	100054b8 <pico_get_unique_board_id_string+0x84>
100054b6:	e09e      	b.n	100055f6 <pico_get_unique_board_id_string+0x1c2>
100054b8:	220f      	movs	r2, #15
100054ba:	789c      	ldrb	r4, [r3, #2]
100054bc:	4022      	ands	r2, r4
100054be:	0014      	movs	r4, r2
100054c0:	3430      	adds	r4, #48	; 0x30
100054c2:	2a09      	cmp	r2, #9
100054c4:	d900      	bls.n	100054c8 <pico_get_unique_board_id_string+0x94>
100054c6:	e082      	b.n	100055ce <pico_get_unique_board_id_string+0x19a>
100054c8:	7144      	strb	r4, [r0, #5]
100054ca:	2906      	cmp	r1, #6
100054cc:	d100      	bne.n	100054d0 <pico_get_unique_board_id_string+0x9c>
100054ce:	e092      	b.n	100055f6 <pico_get_unique_board_id_string+0x1c2>
100054d0:	78da      	ldrb	r2, [r3, #3]
100054d2:	1112      	asrs	r2, r2, #4
100054d4:	b2d5      	uxtb	r5, r2
100054d6:	002c      	movs	r4, r5
100054d8:	3430      	adds	r4, #48	; 0x30
100054da:	2a09      	cmp	r2, #9
100054dc:	dd00      	ble.n	100054e0 <pico_get_unique_board_id_string+0xac>
100054de:	e079      	b.n	100055d4 <pico_get_unique_board_id_string+0x1a0>
100054e0:	7184      	strb	r4, [r0, #6]
100054e2:	2907      	cmp	r1, #7
100054e4:	d100      	bne.n	100054e8 <pico_get_unique_board_id_string+0xb4>
100054e6:	e086      	b.n	100055f6 <pico_get_unique_board_id_string+0x1c2>
100054e8:	220f      	movs	r2, #15
100054ea:	78dc      	ldrb	r4, [r3, #3]
100054ec:	4022      	ands	r2, r4
100054ee:	0014      	movs	r4, r2
100054f0:	3430      	adds	r4, #48	; 0x30
100054f2:	2a09      	cmp	r2, #9
100054f4:	d900      	bls.n	100054f8 <pico_get_unique_board_id_string+0xc4>
100054f6:	e06f      	b.n	100055d8 <pico_get_unique_board_id_string+0x1a4>
100054f8:	71c4      	strb	r4, [r0, #7]
100054fa:	2908      	cmp	r1, #8
100054fc:	d100      	bne.n	10005500 <pico_get_unique_board_id_string+0xcc>
100054fe:	e07a      	b.n	100055f6 <pico_get_unique_board_id_string+0x1c2>
10005500:	791a      	ldrb	r2, [r3, #4]
10005502:	1112      	asrs	r2, r2, #4
10005504:	b2d5      	uxtb	r5, r2
10005506:	002c      	movs	r4, r5
10005508:	3430      	adds	r4, #48	; 0x30
1000550a:	2a09      	cmp	r2, #9
1000550c:	dc67      	bgt.n	100055de <pico_get_unique_board_id_string+0x1aa>
1000550e:	7204      	strb	r4, [r0, #8]
10005510:	2909      	cmp	r1, #9
10005512:	d100      	bne.n	10005516 <pico_get_unique_board_id_string+0xe2>
10005514:	e06f      	b.n	100055f6 <pico_get_unique_board_id_string+0x1c2>
10005516:	220f      	movs	r2, #15
10005518:	791c      	ldrb	r4, [r3, #4]
1000551a:	4022      	ands	r2, r4
1000551c:	0014      	movs	r4, r2
1000551e:	3430      	adds	r4, #48	; 0x30
10005520:	2a09      	cmp	r2, #9
10005522:	d85e      	bhi.n	100055e2 <pico_get_unique_board_id_string+0x1ae>
10005524:	7244      	strb	r4, [r0, #9]
10005526:	290a      	cmp	r1, #10
10005528:	d065      	beq.n	100055f6 <pico_get_unique_board_id_string+0x1c2>
1000552a:	795a      	ldrb	r2, [r3, #5]
1000552c:	1112      	asrs	r2, r2, #4
1000552e:	b2d5      	uxtb	r5, r2
10005530:	002c      	movs	r4, r5
10005532:	3430      	adds	r4, #48	; 0x30
10005534:	2a09      	cmp	r2, #9
10005536:	dc57      	bgt.n	100055e8 <pico_get_unique_board_id_string+0x1b4>
10005538:	7284      	strb	r4, [r0, #10]
1000553a:	290b      	cmp	r1, #11
1000553c:	d05b      	beq.n	100055f6 <pico_get_unique_board_id_string+0x1c2>
1000553e:	220f      	movs	r2, #15
10005540:	795c      	ldrb	r4, [r3, #5]
10005542:	4022      	ands	r2, r4
10005544:	0014      	movs	r4, r2
10005546:	3430      	adds	r4, #48	; 0x30
10005548:	2a09      	cmp	r2, #9
1000554a:	d84f      	bhi.n	100055ec <pico_get_unique_board_id_string+0x1b8>
1000554c:	72c4      	strb	r4, [r0, #11]
1000554e:	290c      	cmp	r1, #12
10005550:	d051      	beq.n	100055f6 <pico_get_unique_board_id_string+0x1c2>
10005552:	799a      	ldrb	r2, [r3, #6]
10005554:	1112      	asrs	r2, r2, #4
10005556:	b2d5      	uxtb	r5, r2
10005558:	002c      	movs	r4, r5
1000555a:	3430      	adds	r4, #48	; 0x30
1000555c:	2a09      	cmp	r2, #9
1000555e:	dd00      	ble.n	10005562 <pico_get_unique_board_id_string+0x12e>
10005560:	3407      	adds	r4, #7
10005562:	7304      	strb	r4, [r0, #12]
10005564:	290d      	cmp	r1, #13
10005566:	d046      	beq.n	100055f6 <pico_get_unique_board_id_string+0x1c2>
10005568:	220f      	movs	r2, #15
1000556a:	799c      	ldrb	r4, [r3, #6]
1000556c:	4022      	ands	r2, r4
1000556e:	0014      	movs	r4, r2
10005570:	3430      	adds	r4, #48	; 0x30
10005572:	2a09      	cmp	r2, #9
10005574:	d901      	bls.n	1000557a <pico_get_unique_board_id_string+0x146>
10005576:	3237      	adds	r2, #55	; 0x37
10005578:	0014      	movs	r4, r2
1000557a:	7344      	strb	r4, [r0, #13]
1000557c:	290e      	cmp	r1, #14
1000557e:	d03a      	beq.n	100055f6 <pico_get_unique_board_id_string+0x1c2>
10005580:	79da      	ldrb	r2, [r3, #7]
10005582:	1112      	asrs	r2, r2, #4
10005584:	b2d5      	uxtb	r5, r2
10005586:	002c      	movs	r4, r5
10005588:	3430      	adds	r4, #48	; 0x30
1000558a:	2a09      	cmp	r2, #9
1000558c:	dd00      	ble.n	10005590 <pico_get_unique_board_id_string+0x15c>
1000558e:	3407      	adds	r4, #7
10005590:	7384      	strb	r4, [r0, #14]
10005592:	290f      	cmp	r1, #15
10005594:	d02f      	beq.n	100055f6 <pico_get_unique_board_id_string+0x1c2>
10005596:	79da      	ldrb	r2, [r3, #7]
10005598:	230f      	movs	r3, #15
1000559a:	4013      	ands	r3, r2
1000559c:	001a      	movs	r2, r3
1000559e:	3237      	adds	r2, #55	; 0x37
100055a0:	2b09      	cmp	r3, #9
100055a2:	d801      	bhi.n	100055a8 <pico_get_unique_board_id_string+0x174>
100055a4:	3330      	adds	r3, #48	; 0x30
100055a6:	001a      	movs	r2, r3
100055a8:	73c2      	strb	r2, [r0, #15]
100055aa:	2910      	cmp	r1, #16
100055ac:	d023      	beq.n	100055f6 <pico_get_unique_board_id_string+0x1c2>
100055ae:	3010      	adds	r0, #16
100055b0:	2300      	movs	r3, #0
100055b2:	7003      	strb	r3, [r0, #0]
100055b4:	bd30      	pop	{r4, r5, pc}
100055b6:	3407      	adds	r4, #7
100055b8:	e74a      	b.n	10005450 <pico_get_unique_board_id_string+0x1c>
100055ba:	3237      	adds	r2, #55	; 0x37
100055bc:	0014      	movs	r4, r2
100055be:	e753      	b.n	10005468 <pico_get_unique_board_id_string+0x34>
100055c0:	3407      	adds	r4, #7
100055c2:	e75d      	b.n	10005480 <pico_get_unique_board_id_string+0x4c>
100055c4:	3237      	adds	r2, #55	; 0x37
100055c6:	0014      	movs	r4, r2
100055c8:	e766      	b.n	10005498 <pico_get_unique_board_id_string+0x64>
100055ca:	3407      	adds	r4, #7
100055cc:	e770      	b.n	100054b0 <pico_get_unique_board_id_string+0x7c>
100055ce:	3237      	adds	r2, #55	; 0x37
100055d0:	0014      	movs	r4, r2
100055d2:	e779      	b.n	100054c8 <pico_get_unique_board_id_string+0x94>
100055d4:	3407      	adds	r4, #7
100055d6:	e783      	b.n	100054e0 <pico_get_unique_board_id_string+0xac>
100055d8:	3237      	adds	r2, #55	; 0x37
100055da:	0014      	movs	r4, r2
100055dc:	e78c      	b.n	100054f8 <pico_get_unique_board_id_string+0xc4>
100055de:	3407      	adds	r4, #7
100055e0:	e795      	b.n	1000550e <pico_get_unique_board_id_string+0xda>
100055e2:	3237      	adds	r2, #55	; 0x37
100055e4:	0014      	movs	r4, r2
100055e6:	e79d      	b.n	10005524 <pico_get_unique_board_id_string+0xf0>
100055e8:	3407      	adds	r4, #7
100055ea:	e7a5      	b.n	10005538 <pico_get_unique_board_id_string+0x104>
100055ec:	3237      	adds	r2, #55	; 0x37
100055ee:	0014      	movs	r4, r2
100055f0:	72c4      	strb	r4, [r0, #11]
100055f2:	290c      	cmp	r1, #12
100055f4:	d1ad      	bne.n	10005552 <pico_get_unique_board_id_string+0x11e>
100055f6:	1840      	adds	r0, r0, r1
100055f8:	e7da      	b.n	100055b0 <pico_get_unique_board_id_string+0x17c>
100055fa:	46c0      	nop			; (mov r8, r8)
100055fc:	20000f00 	.word	0x20000f00

10005600 <flash_get_unique_id>:
10005600:	b510      	push	{r4, lr}
10005602:	b088      	sub	sp, #32
10005604:	0004      	movs	r4, r0
10005606:	220d      	movs	r2, #13
10005608:	2100      	movs	r1, #0
1000560a:	4668      	mov	r0, sp
1000560c:	f7fd f986 	bl	1000291c <__wrap_memset>
10005610:	220d      	movs	r2, #13
10005612:	2100      	movs	r1, #0
10005614:	a804      	add	r0, sp, #16
10005616:	f7fd f981 	bl	1000291c <__wrap_memset>
1000561a:	234b      	movs	r3, #75	; 0x4b
1000561c:	466a      	mov	r2, sp
1000561e:	a904      	add	r1, sp, #16
10005620:	7013      	strb	r3, [r2, #0]
10005622:	4668      	mov	r0, sp
10005624:	220d      	movs	r2, #13
10005626:	f000 f83f 	bl	100056a8 <__flash_do_cmd_veneer>
1000562a:	2115      	movs	r1, #21
1000562c:	2208      	movs	r2, #8
1000562e:	4469      	add	r1, sp
10005630:	0020      	movs	r0, r4
10005632:	f7fd f979 	bl	10002928 <__wrap___aeabi_memcpy>
10005636:	b008      	add	sp, #32
10005638:	bd10      	pop	{r4, pc}
1000563a:	46c0      	nop			; (mov r8, r8)

1000563c <strlen>:
1000563c:	b510      	push	{r4, lr}
1000563e:	0783      	lsls	r3, r0, #30
10005640:	d027      	beq.n	10005692 <strlen+0x56>
10005642:	7803      	ldrb	r3, [r0, #0]
10005644:	2b00      	cmp	r3, #0
10005646:	d026      	beq.n	10005696 <strlen+0x5a>
10005648:	0003      	movs	r3, r0
1000564a:	2103      	movs	r1, #3
1000564c:	e002      	b.n	10005654 <strlen+0x18>
1000564e:	781a      	ldrb	r2, [r3, #0]
10005650:	2a00      	cmp	r2, #0
10005652:	d01c      	beq.n	1000568e <strlen+0x52>
10005654:	3301      	adds	r3, #1
10005656:	420b      	tst	r3, r1
10005658:	d1f9      	bne.n	1000564e <strlen+0x12>
1000565a:	6819      	ldr	r1, [r3, #0]
1000565c:	4a0f      	ldr	r2, [pc, #60]	; (1000569c <strlen+0x60>)
1000565e:	4c10      	ldr	r4, [pc, #64]	; (100056a0 <strlen+0x64>)
10005660:	188a      	adds	r2, r1, r2
10005662:	438a      	bics	r2, r1
10005664:	4222      	tst	r2, r4
10005666:	d10f      	bne.n	10005688 <strlen+0x4c>
10005668:	3304      	adds	r3, #4
1000566a:	6819      	ldr	r1, [r3, #0]
1000566c:	4a0b      	ldr	r2, [pc, #44]	; (1000569c <strlen+0x60>)
1000566e:	188a      	adds	r2, r1, r2
10005670:	438a      	bics	r2, r1
10005672:	4222      	tst	r2, r4
10005674:	d108      	bne.n	10005688 <strlen+0x4c>
10005676:	3304      	adds	r3, #4
10005678:	6819      	ldr	r1, [r3, #0]
1000567a:	4a08      	ldr	r2, [pc, #32]	; (1000569c <strlen+0x60>)
1000567c:	188a      	adds	r2, r1, r2
1000567e:	438a      	bics	r2, r1
10005680:	4222      	tst	r2, r4
10005682:	d0f1      	beq.n	10005668 <strlen+0x2c>
10005684:	e000      	b.n	10005688 <strlen+0x4c>
10005686:	3301      	adds	r3, #1
10005688:	781a      	ldrb	r2, [r3, #0]
1000568a:	2a00      	cmp	r2, #0
1000568c:	d1fb      	bne.n	10005686 <strlen+0x4a>
1000568e:	1a18      	subs	r0, r3, r0
10005690:	bd10      	pop	{r4, pc}
10005692:	0003      	movs	r3, r0
10005694:	e7e1      	b.n	1000565a <strlen+0x1e>
10005696:	2000      	movs	r0, #0
10005698:	e7fa      	b.n	10005690 <strlen+0x54>
1000569a:	46c0      	nop			; (mov r8, r8)
1000569c:	fefefeff 	.word	0xfefefeff
100056a0:	80808080 	.word	0x80808080

100056a4 <_fini>:
100056a4:	b5f8      	push	{r3, r4, r5, r6, r7, lr}
100056a6:	46c0      	nop			; (mov r8, r8)

100056a8 <__flash_do_cmd_veneer>:
100056a8:	b401      	push	{r0}
100056aa:	4802      	ldr	r0, [pc, #8]	; (100056b4 <__flash_do_cmd_veneer+0xc>)
100056ac:	4684      	mov	ip, r0
100056ae:	bc01      	pop	{r0}
100056b0:	4760      	bx	ip
100056b2:	bf00      	nop
100056b4:	20000289 	.word	0x20000289

100056b8 <__mutex_exit_veneer>:
100056b8:	b401      	push	{r0}
100056ba:	4802      	ldr	r0, [pc, #8]	; (100056c4 <__mutex_exit_veneer+0xc>)
100056bc:	4684      	mov	ip, r0
100056be:	bc01      	pop	{r0}
100056c0:	4760      	bx	ip
100056c2:	bf00      	nop
100056c4:	200001e9 	.word	0x200001e9

100056c8 <____aeabi_idiv0_veneer>:
100056c8:	b401      	push	{r0}
100056ca:	4802      	ldr	r0, [pc, #8]	; (100056d4 <____aeabi_idiv0_veneer+0xc>)
100056cc:	4684      	mov	ip, r0
100056ce:	bc01      	pop	{r0}
100056d0:	4760      	bx	ip
100056d2:	bf00      	nop
100056d4:	2000033d 	.word	0x2000033d

100056d8 <__mutex_try_enter_veneer>:
100056d8:	b401      	push	{r0}
100056da:	4802      	ldr	r0, [pc, #8]	; (100056e4 <__mutex_try_enter_veneer+0xc>)
100056dc:	4684      	mov	ip, r0
100056de:	bc01      	pop	{r0}
100056e0:	4760      	bx	ip
100056e2:	bf00      	nop
100056e4:	20000109 	.word	0x20000109

100056e8 <__mutex_enter_timeout_ms_veneer>:
100056e8:	b401      	push	{r0}
100056ea:	4802      	ldr	r0, [pc, #8]	; (100056f4 <__mutex_enter_timeout_ms_veneer+0xc>)
100056ec:	4684      	mov	ip, r0
100056ee:	bc01      	pop	{r0}
100056f0:	4760      	bx	ip
100056f2:	bf00      	nop
100056f4:	20000151 	.word	0x20000151

100056f8 <__mutex_enter_blocking_veneer>:
100056f8:	b401      	push	{r0}
100056fa:	4802      	ldr	r0, [pc, #8]	; (10005704 <__mutex_enter_blocking_veneer+0xc>)
100056fc:	4684      	mov	ip, r0
100056fe:	bc01      	pop	{r0}
10005700:	4760      	bx	ip
10005702:	bf00      	nop
10005704:	200000c1 	.word	0x200000c1

Disassembly of section .data:

200000c0 <mutex_enter_blocking>:
200000c0:	23d0      	movs	r3, #208	; 0xd0
200000c2:	b530      	push	{r4, r5, lr}
200000c4:	2500      	movs	r5, #0
200000c6:	061b      	lsls	r3, r3, #24
200000c8:	575d      	ldrsb	r5, [r3, r5]
200000ca:	2400      	movs	r4, #0
200000cc:	e006      	b.n	200000dc <mutex_enter_blocking+0x1c>
200000ce:	6803      	ldr	r3, [r0, #0]
200000d0:	f3bf 8f5f 	dmb	sy
200000d4:	601c      	str	r4, [r3, #0]
200000d6:	f381 8810 	msr	PRIMASK, r1
200000da:	bf20      	wfe
200000dc:	6802      	ldr	r2, [r0, #0]
200000de:	f3ef 8110 	mrs	r1, PRIMASK
200000e2:	b672      	cpsid	i
200000e4:	6813      	ldr	r3, [r2, #0]
200000e6:	2b00      	cmp	r3, #0
200000e8:	d0fc      	beq.n	200000e4 <mutex_enter_blocking+0x24>
200000ea:	f3bf 8f5f 	dmb	sy
200000ee:	7903      	ldrb	r3, [r0, #4]
200000f0:	2b7f      	cmp	r3, #127	; 0x7f
200000f2:	d9ec      	bls.n	200000ce <mutex_enter_blocking+0xe>
200000f4:	7105      	strb	r5, [r0, #4]
200000f6:	6803      	ldr	r3, [r0, #0]
200000f8:	f3bf 8f5f 	dmb	sy
200000fc:	2200      	movs	r2, #0
200000fe:	601a      	str	r2, [r3, #0]
20000100:	f381 8810 	msr	PRIMASK, r1
20000104:	bd30      	pop	{r4, r5, pc}
20000106:	46c0      	nop			; (mov r8, r8)

20000108 <mutex_try_enter>:
20000108:	0003      	movs	r3, r0
2000010a:	b510      	push	{r4, lr}
2000010c:	6800      	ldr	r0, [r0, #0]
2000010e:	f3ef 8410 	mrs	r4, PRIMASK
20000112:	b672      	cpsid	i
20000114:	6802      	ldr	r2, [r0, #0]
20000116:	2a00      	cmp	r2, #0
20000118:	d0fc      	beq.n	20000114 <mutex_try_enter+0xc>
2000011a:	f3bf 8f5f 	dmb	sy
2000011e:	2204      	movs	r2, #4
20000120:	569a      	ldrsb	r2, [r3, r2]
20000122:	2a00      	cmp	r2, #0
20000124:	db0b      	blt.n	2000013e <mutex_try_enter+0x36>
20000126:	2900      	cmp	r1, #0
20000128:	d00f      	beq.n	2000014a <mutex_try_enter+0x42>
2000012a:	2000      	movs	r0, #0
2000012c:	600a      	str	r2, [r1, #0]
2000012e:	681b      	ldr	r3, [r3, #0]
20000130:	f3bf 8f5f 	dmb	sy
20000134:	2200      	movs	r2, #0
20000136:	601a      	str	r2, [r3, #0]
20000138:	f384 8810 	msr	PRIMASK, r4
2000013c:	bd10      	pop	{r4, pc}
2000013e:	22d0      	movs	r2, #208	; 0xd0
20000140:	0612      	lsls	r2, r2, #24
20000142:	6812      	ldr	r2, [r2, #0]
20000144:	2001      	movs	r0, #1
20000146:	711a      	strb	r2, [r3, #4]
20000148:	e7f1      	b.n	2000012e <mutex_try_enter+0x26>
2000014a:	2000      	movs	r0, #0
2000014c:	e7ef      	b.n	2000012e <mutex_try_enter+0x26>
2000014e:	46c0      	nop			; (mov r8, r8)

20000150 <mutex_enter_timeout_ms>:
20000150:	b5f0      	push	{r4, r5, r6, r7, lr}
20000152:	46c6      	mov	lr, r8
20000154:	b500      	push	{lr}
20000156:	000c      	movs	r4, r1
20000158:	4680      	mov	r8, r0
2000015a:	f000 f8f1 	bl	20000340 <__time_us_64_veneer>
2000015e:	22fa      	movs	r2, #250	; 0xfa
20000160:	0006      	movs	r6, r0
20000162:	000f      	movs	r7, r1
20000164:	0020      	movs	r0, r4
20000166:	0092      	lsls	r2, r2, #2
20000168:	2300      	movs	r3, #0
2000016a:	2100      	movs	r1, #0
2000016c:	f000 f8f8 	bl	20000360 <____wrap___aeabi_lmul_veneer>
20000170:	1980      	adds	r0, r0, r6
20000172:	4179      	adcs	r1, r7
20000174:	0004      	movs	r4, r0
20000176:	000d      	movs	r5, r1
20000178:	428f      	cmp	r7, r1
2000017a:	d82f      	bhi.n	200001dc <mutex_enter_timeout_ms+0x8c>
2000017c:	d02c      	beq.n	200001d8 <mutex_enter_timeout_ms+0x88>
2000017e:	23d0      	movs	r3, #208	; 0xd0
20000180:	061b      	lsls	r3, r3, #24
20000182:	681f      	ldr	r7, [r3, #0]
20000184:	2600      	movs	r6, #0
20000186:	e00c      	b.n	200001a2 <mutex_enter_timeout_ms+0x52>
20000188:	4642      	mov	r2, r8
2000018a:	6812      	ldr	r2, [r2, #0]
2000018c:	f3bf 8f5f 	dmb	sy
20000190:	6016      	str	r6, [r2, #0]
20000192:	f383 8810 	msr	PRIMASK, r3
20000196:	0020      	movs	r0, r4
20000198:	0029      	movs	r1, r5
2000019a:	f000 f8d9 	bl	20000350 <__best_effort_wfe_or_timeout_veneer>
2000019e:	2800      	cmp	r0, #0
200001a0:	d120      	bne.n	200001e4 <mutex_enter_timeout_ms+0x94>
200001a2:	4643      	mov	r3, r8
200001a4:	681a      	ldr	r2, [r3, #0]
200001a6:	f3ef 8310 	mrs	r3, PRIMASK
200001aa:	b672      	cpsid	i
200001ac:	6811      	ldr	r1, [r2, #0]
200001ae:	2900      	cmp	r1, #0
200001b0:	d0fc      	beq.n	200001ac <mutex_enter_timeout_ms+0x5c>
200001b2:	f3bf 8f5f 	dmb	sy
200001b6:	4642      	mov	r2, r8
200001b8:	7912      	ldrb	r2, [r2, #4]
200001ba:	2a7f      	cmp	r2, #127	; 0x7f
200001bc:	d9e4      	bls.n	20000188 <mutex_enter_timeout_ms+0x38>
200001be:	4642      	mov	r2, r8
200001c0:	7117      	strb	r7, [r2, #4]
200001c2:	6812      	ldr	r2, [r2, #0]
200001c4:	f3bf 8f5f 	dmb	sy
200001c8:	2100      	movs	r1, #0
200001ca:	6011      	str	r1, [r2, #0]
200001cc:	f383 8810 	msr	PRIMASK, r3
200001d0:	2001      	movs	r0, #1
200001d2:	bc04      	pop	{r2}
200001d4:	4690      	mov	r8, r2
200001d6:	bdf0      	pop	{r4, r5, r6, r7, pc}
200001d8:	4286      	cmp	r6, r0
200001da:	d9d0      	bls.n	2000017e <mutex_enter_timeout_ms+0x2e>
200001dc:	2401      	movs	r4, #1
200001de:	4264      	negs	r4, r4
200001e0:	17e5      	asrs	r5, r4, #31
200001e2:	e7cc      	b.n	2000017e <mutex_enter_timeout_ms+0x2e>
200001e4:	2000      	movs	r0, #0
200001e6:	e7f4      	b.n	200001d2 <mutex_enter_timeout_ms+0x82>

200001e8 <mutex_exit>:
200001e8:	6802      	ldr	r2, [r0, #0]
200001ea:	f3ef 8110 	mrs	r1, PRIMASK
200001ee:	b672      	cpsid	i
200001f0:	6813      	ldr	r3, [r2, #0]
200001f2:	2b00      	cmp	r3, #0
200001f4:	d0fc      	beq.n	200001f0 <mutex_exit+0x8>
200001f6:	f3bf 8f5f 	dmb	sy
200001fa:	23ff      	movs	r3, #255	; 0xff
200001fc:	7103      	strb	r3, [r0, #4]
200001fe:	6803      	ldr	r3, [r0, #0]
20000200:	f3bf 8f5f 	dmb	sy
20000204:	2200      	movs	r2, #0
20000206:	601a      	str	r2, [r3, #0]
20000208:	f381 8810 	msr	PRIMASK, r1
2000020c:	bf40      	sev
2000020e:	4770      	bx	lr

20000210 <flash_init_boot2_copyout>:
20000210:	4808      	ldr	r0, [pc, #32]	; (20000234 <flash_init_boot2_copyout+0x24>)
20000212:	b510      	push	{r4, lr}
20000214:	7803      	ldrb	r3, [r0, #0]
20000216:	2b00      	cmp	r3, #0
20000218:	d10a      	bne.n	20000230 <flash_init_boot2_copyout+0x20>
2000021a:	2380      	movs	r3, #128	; 0x80
2000021c:	4906      	ldr	r1, [pc, #24]	; (20000238 <flash_init_boot2_copyout+0x28>)
2000021e:	4a07      	ldr	r2, [pc, #28]	; (2000023c <flash_init_boot2_copyout+0x2c>)
20000220:	055b      	lsls	r3, r3, #21
20000222:	681c      	ldr	r4, [r3, #0]
20000224:	50cc      	str	r4, [r1, r3]
20000226:	3304      	adds	r3, #4
20000228:	4293      	cmp	r3, r2
2000022a:	d1fa      	bne.n	20000222 <flash_init_boot2_copyout+0x12>
2000022c:	2301      	movs	r3, #1
2000022e:	7003      	strb	r3, [r0, #0]
20000230:	bd10      	pop	{r4, pc}
20000232:	46c0      	nop			; (mov r8, r8)
20000234:	20000f40 	.word	0x20000f40
20000238:	10000938 	.word	0x10000938
2000023c:	10000100 	.word	0x10000100

20000240 <flash_enable_xip_via_boot2>:
20000240:	b510      	push	{r4, lr}
20000242:	4b02      	ldr	r3, [pc, #8]	; (2000024c <flash_enable_xip_via_boot2+0xc>)
20000244:	3301      	adds	r3, #1
20000246:	4798      	blx	r3
20000248:	bd10      	pop	{r4, pc}
2000024a:	46c0      	nop			; (mov r8, r8)
2000024c:	20000938 	.word	0x20000938

20000250 <flash_cs_force.constprop.0>:
20000250:	4b05      	ldr	r3, [pc, #20]	; (20000268 <flash_cs_force.constprop.0+0x18>)
20000252:	681a      	ldr	r2, [r3, #0]
20000254:	2380      	movs	r3, #128	; 0x80
20000256:	009b      	lsls	r3, r3, #2
20000258:	4053      	eors	r3, r2
2000025a:	22c0      	movs	r2, #192	; 0xc0
2000025c:	0092      	lsls	r2, r2, #2
2000025e:	4013      	ands	r3, r2
20000260:	4a02      	ldr	r2, [pc, #8]	; (2000026c <flash_cs_force.constprop.0+0x1c>)
20000262:	6013      	str	r3, [r2, #0]
20000264:	4770      	bx	lr
20000266:	46c0      	nop			; (mov r8, r8)
20000268:	4001800c 	.word	0x4001800c
2000026c:	4001900c 	.word	0x4001900c

20000270 <flash_cs_force.constprop.1>:
20000270:	4b03      	ldr	r3, [pc, #12]	; (20000280 <flash_cs_force.constprop.1+0x10>)
20000272:	681a      	ldr	r2, [r3, #0]
20000274:	23c0      	movs	r3, #192	; 0xc0
20000276:	009b      	lsls	r3, r3, #2
20000278:	4393      	bics	r3, r2
2000027a:	4a02      	ldr	r2, [pc, #8]	; (20000284 <flash_cs_force.constprop.1+0x14>)
2000027c:	6013      	str	r3, [r2, #0]
2000027e:	4770      	bx	lr
20000280:	4001800c 	.word	0x4001800c
20000284:	4001900c 	.word	0x4001900c

20000288 <flash_do_cmd>:
20000288:	b5f0      	push	{r4, r5, r6, r7, lr}
2000028a:	46d6      	mov	lr, sl
2000028c:	464f      	mov	r7, r9
2000028e:	4646      	mov	r6, r8
20000290:	2314      	movs	r3, #20
20000292:	b5c0      	push	{r6, r7, lr}
20000294:	2718      	movs	r7, #24
20000296:	4698      	mov	r8, r3
20000298:	4681      	mov	r9, r0
2000029a:	000d      	movs	r5, r1
2000029c:	8818      	ldrh	r0, [r3, #0]
2000029e:	4924      	ldr	r1, [pc, #144]	; (20000330 <flash_do_cmd+0xa8>)
200002a0:	883b      	ldrh	r3, [r7, #0]
200002a2:	0014      	movs	r4, r2
200002a4:	4798      	blx	r3
200002a6:	4643      	mov	r3, r8
200002a8:	4682      	mov	sl, r0
200002aa:	4922      	ldr	r1, [pc, #136]	; (20000334 <flash_do_cmd+0xac>)
200002ac:	8818      	ldrh	r0, [r3, #0]
200002ae:	883b      	ldrh	r3, [r7, #0]
200002b0:	4798      	blx	r3
200002b2:	4643      	mov	r3, r8
200002b4:	4920      	ldr	r1, [pc, #128]	; (20000338 <flash_do_cmd+0xb0>)
200002b6:	0006      	movs	r6, r0
200002b8:	8818      	ldrh	r0, [r3, #0]
200002ba:	883b      	ldrh	r3, [r7, #0]
200002bc:	4798      	blx	r3
200002be:	4680      	mov	r8, r0
200002c0:	f7ff ffa6 	bl	20000210 <flash_init_boot2_copyout>
200002c4:	47d0      	blx	sl
200002c6:	47b0      	blx	r6
200002c8:	f7ff ffc2 	bl	20000250 <flash_cs_force.constprop.0>
200002cc:	2c00      	cmp	r4, #0
200002ce:	d024      	beq.n	2000031a <flash_do_cmd+0x92>
200002d0:	20c0      	movs	r0, #192	; 0xc0
200002d2:	0022      	movs	r2, r4
200002d4:	0540      	lsls	r0, r0, #21
200002d6:	2608      	movs	r6, #8
200002d8:	3f16      	subs	r7, #22
200002da:	e011      	b.n	20000300 <flash_do_cmd+0x78>
200002dc:	464b      	mov	r3, r9
200002de:	781b      	ldrb	r3, [r3, #0]
200002e0:	3c01      	subs	r4, #1
200002e2:	6603      	str	r3, [r0, #96]	; 0x60
200002e4:	2301      	movs	r3, #1
200002e6:	469c      	mov	ip, r3
200002e8:	44e1      	add	r9, ip
200002ea:	2900      	cmp	r1, #0
200002ec:	d005      	beq.n	200002fa <flash_do_cmd+0x72>
200002ee:	2a00      	cmp	r2, #0
200002f0:	d003      	beq.n	200002fa <flash_do_cmd+0x72>
200002f2:	6e03      	ldr	r3, [r0, #96]	; 0x60
200002f4:	3a01      	subs	r2, #1
200002f6:	702b      	strb	r3, [r5, #0]
200002f8:	3501      	adds	r5, #1
200002fa:	0013      	movs	r3, r2
200002fc:	4323      	orrs	r3, r4
200002fe:	d00c      	beq.n	2000031a <flash_do_cmd+0x92>
20000300:	0031      	movs	r1, r6
20000302:	6a83      	ldr	r3, [r0, #40]	; 0x28
20000304:	4019      	ands	r1, r3
20000306:	421f      	tst	r7, r3
20000308:	d0ef      	beq.n	200002ea <flash_do_cmd+0x62>
2000030a:	2c00      	cmp	r4, #0
2000030c:	d0ed      	beq.n	200002ea <flash_do_cmd+0x62>
2000030e:	1b13      	subs	r3, r2, r4
20000310:	2b0d      	cmp	r3, #13
20000312:	d9e3      	bls.n	200002dc <flash_do_cmd+0x54>
20000314:	2900      	cmp	r1, #0
20000316:	d1ea      	bne.n	200002ee <flash_do_cmd+0x66>
20000318:	e7f2      	b.n	20000300 <flash_do_cmd+0x78>
2000031a:	f7ff ffa9 	bl	20000270 <flash_cs_force.constprop.1>
2000031e:	47c0      	blx	r8
20000320:	f7ff ff8e 	bl	20000240 <flash_enable_xip_via_boot2>
20000324:	bc1c      	pop	{r2, r3, r4}
20000326:	4690      	mov	r8, r2
20000328:	4699      	mov	r9, r3
2000032a:	46a2      	mov	sl, r4
2000032c:	bdf0      	pop	{r4, r5, r6, r7, pc}
2000032e:	46c0      	nop			; (mov r8, r8)
20000330:	00004649 	.word	0x00004649
20000334:	00005845 	.word	0x00005845
20000338:	00004346 	.word	0x00004346

2000033c <__aeabi_idiv0>:
2000033c:	4770      	bx	lr
2000033e:	46c0      	nop			; (mov r8, r8)

20000340 <__time_us_64_veneer>:
20000340:	b401      	push	{r0}
20000342:	4802      	ldr	r0, [pc, #8]	; (2000034c <__time_us_64_veneer+0xc>)
20000344:	4684      	mov	ip, r0
20000346:	bc01      	pop	{r0}
20000348:	4760      	bx	ip
2000034a:	bf00      	nop
2000034c:	10001885 	.word	0x10001885

20000350 <__best_effort_wfe_or_timeout_veneer>:
20000350:	b401      	push	{r0}
20000352:	4802      	ldr	r0, [pc, #8]	; (2000035c <__best_effort_wfe_or_timeout_veneer+0xc>)
20000354:	4684      	mov	ip, r0
20000356:	bc01      	pop	{r0}
20000358:	4760      	bx	ip
2000035a:	bf00      	nop
2000035c:	10001765 	.word	0x10001765

20000360 <____wrap___aeabi_lmul_veneer>:
20000360:	b401      	push	{r0}
20000362:	4802      	ldr	r0, [pc, #8]	; (2000036c <____wrap___aeabi_lmul_veneer+0xc>)
20000364:	4684      	mov	ip, r0
20000366:	bc01      	pop	{r0}
20000368:	4760      	bx	ip
2000036a:	bf00      	nop
2000036c:	10002845 	.word	0x10002845

20000370 <striped_spin_lock_num>:
20000370:	00000010                                ....

20000374 <irq_handler_chain_slots>:
20000374:	00000000 	.word	0x00000000
20000378:	00010000 	.word	0x00010000
	...
20000384:	00020000 	.word	0x00020000
	...
20000390:	00030000 	.word	0x00030000
	...
2000039c:	00ff0000 	.word	0x00ff0000
200003a0:	00000000 	.word	0x00000000

200003a4 <irq_handler_chain_first_slot>:
200003a4:	b500      	push	{lr}
200003a6:	6848      	ldr	r0, [r1, #4]
200003a8:	3101      	adds	r1, #1
200003aa:	468e      	mov	lr, r1
200003ac:	4700      	bx	r0

200003ae <irq_handler_chain_remove_tail>:
200003ae:	4670      	mov	r0, lr
200003b0:	3809      	subs	r0, #9
200003b2:	4901      	ldr	r1, [pc, #4]	; (200003b8 <irq_handler_chain_remove_tail+0xa>)
200003b4:	4788      	blx	r1
200003b6:	bd00      	pop	{pc}
200003b8:	10000e31 	.word	0x10000e31

200003bc <default_alarm_pool>:
200003bc:	200003d4 00000000 20000470 20000a6c     ... ....p.. l.. 
	...

200003d4 <default_alarm_pool_heap>:
200003d4:	20000a7c 00000000 00000000 00000010     |.. ............
	...

200003f0 <aeabi_bits_funcs>:
200003f0:	00003350 	.word	0x00003350
200003f4:	0000334c 	.word	0x0000334c
200003f8:	00003354 	.word	0x00003354
200003fc:	00003352 	.word	0x00003352

20000400 <aeabi_bits_funcs_end>:
20000400:	0000534d 	.word	0x0000534d
20000404:	0000434d 	.word	0x0000434d
20000408:	00003453 	.word	0x00003453
2000040c:	00003443 	.word	0x00003443

20000410 <stdio_usb>:
20000410:	10002d49 00000000 10002ce1 00000000     I-.......,......
20000420:	00000100                                ....

20000424 <ep_dir_string>:
20000424:	10005940 10005944                       @Y..DY..

2000042c <_usbd_qdef>:
2000042c:	20001148 000c0010 ffe00000 0000001f     H.. ............
	...

20000450 <print_mutex>:
	...

20000458 <__mutex_array_end>:
20000458:	1000290d 	.word	0x1000290d
2000045c:	100026a5 	.word	0x100026a5
20000460:	1000275d 	.word	0x1000275d
20000464:	10002879 	.word	0x10002879

20000468 <__frame_dummy_init_array_entry>:
20000468:	10000339 10005425                       9...%T..
