
/home/student/CompTech/assignment-4/Task1/c/build/InputOutput.elf:     file format elf32-littlearm

Sections:
Idx Name          Size      VMA       LMA       File off  Algn
  0 .boot2        00000100  10000000  10000000  00001000  2**0
                  CONTENTS, ALLOC, LOAD, READONLY, CODE
  1 .text         00004f40  10000100  10000100  00001100  2**3
                  CONTENTS, ALLOC, LOAD, READONLY, CODE
  2 .rodata       000002d4  10005040  10005040  00006040  2**2
                  CONTENTS, ALLOC, LOAD, READONLY, DATA
  3 .binary_info  00000020  10005314  10005314  00006314  2**2
                  CONTENTS, ALLOC, LOAD, DATA
  4 .ram_vector_table 000000c0  20000000  20000000  00007470  2**2
                  CONTENTS
  5 .data         000003b0  200000c0  10005334  000070c0  2**4
                  CONTENTS, ALLOC, LOAD, READONLY, CODE
  6 .uninitialized_data 00000000  20000470  20000470  00007530  2**0
                  CONTENTS
  7 .scratch_x    00000000  20040000  20040000  00007530  2**0
                  CONTENTS
  8 .scratch_y    00000000  20041000  20041000  00007530  2**0
                  CONTENTS
  9 .bss          00000d88  20000470  20000470  00007470  2**3
                  ALLOC
 10 .heap         00000800  200011f8  200011f8  00007530  2**2
                  CONTENTS, READONLY
 11 .stack_dummy  00000800  20041000  20041000  00007d40  2**5
                  CONTENTS, READONLY
 12 .ARM.attributes 00000028  00000000  00000000  00008540  2**0
                  CONTENTS, READONLY
 13 .comment      0000009f  00000000  00000000  00008568  2**0
                  CONTENTS, READONLY
 14 .debug_line   00000222  00000000  00000000  00008607  2**0
                  CONTENTS, READONLY, DEBUGGING, OCTETS
 15 .debug_info   00000999  00000000  00000000  00008829  2**0
                  CONTENTS, READONLY, DEBUGGING, OCTETS
 16 .debug_abbrev 000001fc  00000000  00000000  000091c2  2**0
                  CONTENTS, READONLY, DEBUGGING, OCTETS
 17 .debug_aranges 00000040  00000000  00000000  000093c0  2**3
                  CONTENTS, READONLY, DEBUGGING, OCTETS
 18 .debug_str    00000613  00000000  00000000  00009400  2**0
                  CONTENTS, READONLY, DEBUGGING, OCTETS
 19 .debug_loc    000000a3  00000000  00000000  00009a13  2**0
                  CONTENTS, READONLY, DEBUGGING, OCTETS
 20 .debug_frame  00000028  00000000  00000000  00009ab8  2**2
                  CONTENTS, READONLY, DEBUGGING, OCTETS

/home/student/CompTech/assignment-4/Task1/c/build/InputOutput.elf:     file format elf32-littlearm


Disassembly of section .boot2:

10000000 <__boot2_start__>:
10000000:	4b32b500 	.word	0x4b32b500
10000004:	60582021 	.word	0x60582021
10000008:	21026898 	.word	0x21026898
1000000c:	60984388 	.word	0x60984388
10000010:	611860d8 	.word	0x611860d8
10000014:	4b2e6158 	.word	0x4b2e6158
10000018:	60992100 	.word	0x60992100
1000001c:	61592102 	.word	0x61592102
10000020:	22f02101 	.word	0x22f02101
10000024:	492b5099 	.word	0x492b5099
10000028:	21016019 	.word	0x21016019
1000002c:	20356099 	.word	0x20356099
10000030:	f844f000 	.word	0xf844f000
10000034:	42902202 	.word	0x42902202
10000038:	2106d014 	.word	0x2106d014
1000003c:	f0006619 	.word	0xf0006619
10000040:	6e19f834 	.word	0x6e19f834
10000044:	66192101 	.word	0x66192101
10000048:	66182000 	.word	0x66182000
1000004c:	f000661a 	.word	0xf000661a
10000050:	6e19f82c 	.word	0x6e19f82c
10000054:	6e196e19 	.word	0x6e196e19
10000058:	f0002005 	.word	0xf0002005
1000005c:	2101f82f 	.word	0x2101f82f
10000060:	d1f94208 	.word	0xd1f94208
10000064:	60992100 	.word	0x60992100
10000068:	6019491b 	.word	0x6019491b
1000006c:	60592100 	.word	0x60592100
10000070:	481b491a 	.word	0x481b491a
10000074:	21016001 	.word	0x21016001
10000078:	21eb6099 	.word	0x21eb6099
1000007c:	21a06619 	.word	0x21a06619
10000080:	f0006619 	.word	0xf0006619
10000084:	2100f812 	.word	0x2100f812
10000088:	49166099 	.word	0x49166099
1000008c:	60014814 	.word	0x60014814
10000090:	60992101 	.word	0x60992101
10000094:	2800bc01 	.word	0x2800bc01
10000098:	4700d000 	.word	0x4700d000
1000009c:	49134812 	.word	0x49134812
100000a0:	c8036008 	.word	0xc8036008
100000a4:	8808f380 	.word	0x8808f380
100000a8:	b5034708 	.word	0xb5034708
100000ac:	20046a99 	.word	0x20046a99
100000b0:	d0fb4201 	.word	0xd0fb4201
100000b4:	42012001 	.word	0x42012001
100000b8:	bd03d1f8 	.word	0xbd03d1f8
100000bc:	6618b502 	.word	0x6618b502
100000c0:	f7ff6618 	.word	0xf7ff6618
100000c4:	6e18fff2 	.word	0x6e18fff2
100000c8:	bd026e18 	.word	0xbd026e18
100000cc:	40020000 	.word	0x40020000
100000d0:	18000000 	.word	0x18000000
100000d4:	00070000 	.word	0x00070000
100000d8:	005f0300 	.word	0x005f0300
100000dc:	00002221 	.word	0x00002221
100000e0:	180000f4 	.word	0x180000f4
100000e4:	a0002022 	.word	0xa0002022
100000e8:	10000100 	.word	0x10000100
100000ec:	e000ed08 	.word	0xe000ed08
	...
100000fc:	7a4eb274 	.word	0x7a4eb274

Disassembly of section .text:

10000100 <__VECTOR_TABLE>:
10000100:	20042000 	.word	0x20042000
10000104:	100001f7 	.word	0x100001f7
10000108:	100001c3 	.word	0x100001c3
1000010c:	100001c5 	.word	0x100001c5
10000110:	100001c1 	.word	0x100001c1
10000114:	100001c1 	.word	0x100001c1
10000118:	100001c1 	.word	0x100001c1
1000011c:	100001c1 	.word	0x100001c1
10000120:	100001c1 	.word	0x100001c1
10000124:	100001c1 	.word	0x100001c1
10000128:	100001c1 	.word	0x100001c1
1000012c:	100001c7 	.word	0x100001c7
10000130:	100001c1 	.word	0x100001c1
10000134:	100001c1 	.word	0x100001c1
10000138:	100001c9 	.word	0x100001c9
1000013c:	100001cb 	.word	0x100001cb
10000140:	100001cd 	.word	0x100001cd
10000144:	100001cd 	.word	0x100001cd
10000148:	100001cd 	.word	0x100001cd
1000014c:	100001cd 	.word	0x100001cd
10000150:	100001cd 	.word	0x100001cd
10000154:	100001cd 	.word	0x100001cd
10000158:	100001cd 	.word	0x100001cd
1000015c:	100001cd 	.word	0x100001cd
10000160:	100001cd 	.word	0x100001cd
10000164:	100001cd 	.word	0x100001cd
10000168:	100001cd 	.word	0x100001cd
1000016c:	100001cd 	.word	0x100001cd
10000170:	100001cd 	.word	0x100001cd
10000174:	100001cd 	.word	0x100001cd
10000178:	100001cd 	.word	0x100001cd
1000017c:	100001cd 	.word	0x100001cd
10000180:	100001cd 	.word	0x100001cd
10000184:	100001cd 	.word	0x100001cd
10000188:	100001cd 	.word	0x100001cd
1000018c:	100001cd 	.word	0x100001cd
10000190:	100001cd 	.word	0x100001cd
10000194:	100001cd 	.word	0x100001cd
10000198:	100001cd 	.word	0x100001cd
1000019c:	100001cd 	.word	0x100001cd
100001a0:	100001cd 	.word	0x100001cd
100001a4:	100001cd 	.word	0x100001cd
100001a8:	100001cd 	.word	0x100001cd
100001ac:	100001cd 	.word	0x100001cd
100001b0:	100001cd 	.word	0x100001cd
100001b4:	100001cd 	.word	0x100001cd
100001b8:	100001cd 	.word	0x100001cd
100001bc:	100001cd 	.word	0x100001cd

100001c0 <isr_invalid>:
100001c0:	be00      	bkpt	0x0000

100001c2 <isr_nmi>:
100001c2:	be00      	bkpt	0x0000

100001c4 <isr_hardfault>:
100001c4:	be00      	bkpt	0x0000

100001c6 <isr_svcall>:
100001c6:	be00      	bkpt	0x0000

100001c8 <isr_pendsv>:
100001c8:	be00      	bkpt	0x0000

100001ca <isr_systick>:
100001ca:	be00      	bkpt	0x0000

100001cc <__unhandled_user_irq>:
100001cc:	f000 f84b 	bl	10000266 <__get_current_exception>
100001d0:	3810      	subs	r0, #16

100001d2 <unhandled_user_irq_num_in_r0>:
100001d2:	be00      	bkpt	0x0000

100001d4 <binary_info_header>:
100001d4:	7188ebf2 	.word	0x7188ebf2
100001d8:	10005314 	.word	0x10005314
100001dc:	10005334 	.word	0x10005334
100001e0:	10000234 	.word	0x10000234
100001e4:	e71aa390 	.word	0xe71aa390

100001e8 <_entry_point>:
100001e8:	2000      	movs	r0, #0
100001ea:	4921      	ldr	r1, [pc, #132]	; (10000270 <__get_current_exception+0xa>)
100001ec:	6008      	str	r0, [r1, #0]
100001ee:	c806      	ldmia	r0!, {r1, r2}
100001f0:	f381 8808 	msr	MSP, r1
100001f4:	4710      	bx	r2

100001f6 <_reset_handler>:
100001f6:	481f      	ldr	r0, [pc, #124]	; (10000274 <__get_current_exception+0xe>)
100001f8:	6800      	ldr	r0, [r0, #0]
100001fa:	2800      	cmp	r0, #0
100001fc:	d12f      	bne.n	1000025e <hold_non_core0_in_bootrom>
100001fe:	a40d      	add	r4, pc, #52	; (adr r4, 10000234 <data_cpy_table>)
10000200:	cc0e      	ldmia	r4!, {r1, r2, r3}
10000202:	2900      	cmp	r1, #0
10000204:	d002      	beq.n	1000020c <_reset_handler+0x16>
10000206:	f000 f812 	bl	1000022e <data_cpy>
1000020a:	e7f9      	b.n	10000200 <_reset_handler+0xa>
1000020c:	491a      	ldr	r1, [pc, #104]	; (10000278 <__get_current_exception+0x12>)
1000020e:	4a1b      	ldr	r2, [pc, #108]	; (1000027c <__get_current_exception+0x16>)
10000210:	2000      	movs	r0, #0
10000212:	e000      	b.n	10000216 <bss_fill_test>

10000214 <bss_fill_loop>:
10000214:	c101      	stmia	r1!, {r0}

10000216 <bss_fill_test>:
10000216:	4291      	cmp	r1, r2
10000218:	d1fc      	bne.n	10000214 <bss_fill_loop>

1000021a <platform_entry>:
1000021a:	4919      	ldr	r1, [pc, #100]	; (10000280 <__get_current_exception+0x1a>)
1000021c:	4788      	blx	r1
1000021e:	4919      	ldr	r1, [pc, #100]	; (10000284 <__get_current_exception+0x1e>)
10000220:	4788      	blx	r1
10000222:	4919      	ldr	r1, [pc, #100]	; (10000288 <__get_current_exception+0x22>)
10000224:	4788      	blx	r1
10000226:	be00      	bkpt	0x0000
10000228:	e7fd      	b.n	10000226 <platform_entry+0xc>

1000022a <data_cpy_loop>:
1000022a:	c901      	ldmia	r1!, {r0}
1000022c:	c201      	stmia	r2!, {r0}

1000022e <data_cpy>:
1000022e:	429a      	cmp	r2, r3
10000230:	d3fb      	bcc.n	1000022a <data_cpy_loop>
10000232:	4770      	bx	lr

10000234 <data_cpy_table>:
10000234:	10005334 	.word	0x10005334
10000238:	200000c0 	.word	0x200000c0
1000023c:	20000470 	.word	0x20000470
10000240:	100056e4 	.word	0x100056e4
10000244:	20040000 	.word	0x20040000
10000248:	20040000 	.word	0x20040000
1000024c:	100056e4 	.word	0x100056e4
10000250:	20041000 	.word	0x20041000
10000254:	20041000 	.word	0x20041000
10000258:	00000000 	.word	0x00000000
1000025c:	4770      	bx	lr

1000025e <hold_non_core0_in_bootrom>:
1000025e:	480b      	ldr	r0, [pc, #44]	; (1000028c <__get_current_exception+0x26>)
10000260:	f001 fec2 	bl	10001fe8 <rom_func_lookup>
10000264:	4700      	bx	r0

10000266 <__get_current_exception>:
10000266:	f3ef 8005 	mrs	r0, IPSR
1000026a:	b2c0      	uxtb	r0, r0
1000026c:	4770      	bx	lr
1000026e:	0000      	.short	0x0000
10000270:	e000ed08 	.word	0xe000ed08
10000274:	d0000000 	.word	0xd0000000
10000278:	20000470 	.word	0x20000470
1000027c:	200011f8 	.word	0x200011f8
10000280:	10001a2d 	.word	0x10001a2d
10000284:	1000035d 	.word	0x1000035d
10000288:	10001b21 	.word	0x10001b21
1000028c:	00005657 	.word	0x00005657

10000290 <__bi_50>:
10000290:	50520006 5360b3ab 100050f8              ..RP..`S.P..

1000029c <__bi_38>:
1000029c:	50520006 02031c86 10005108              ..RP.....Q..

100002a8 <__bi_30>:
100002a8:	50520006 9da22254 10005114              ..RPT"...Q..

100002b4 <__bi_22>:
100002b4:	50520005 68f465de 100056e4              ..RP.e.h.V..

100002c0 <_init>:
100002c0:	b5f8      	push	{r3, r4, r5, r6, r7, lr}
100002c2:	46c0      	nop			; (mov r8, r8)

100002c4 <deregister_tm_clones>:
100002c4:	4804      	ldr	r0, [pc, #16]	; (100002d8 <deregister_tm_clones+0x14>)
100002c6:	4b05      	ldr	r3, [pc, #20]	; (100002dc <deregister_tm_clones+0x18>)
100002c8:	b510      	push	{r4, lr}
100002ca:	4283      	cmp	r3, r0
100002cc:	d003      	beq.n	100002d6 <deregister_tm_clones+0x12>
100002ce:	4b04      	ldr	r3, [pc, #16]	; (100002e0 <deregister_tm_clones+0x1c>)
100002d0:	2b00      	cmp	r3, #0
100002d2:	d000      	beq.n	100002d6 <deregister_tm_clones+0x12>
100002d4:	4798      	blx	r3
100002d6:	bd10      	pop	{r4, pc}
100002d8:	20000470 	.word	0x20000470
100002dc:	20000470 	.word	0x20000470
100002e0:	00000000 	.word	0x00000000

100002e4 <register_tm_clones>:
100002e4:	4806      	ldr	r0, [pc, #24]	; (10000300 <register_tm_clones+0x1c>)
100002e6:	4907      	ldr	r1, [pc, #28]	; (10000304 <register_tm_clones+0x20>)
100002e8:	1a09      	subs	r1, r1, r0
100002ea:	1089      	asrs	r1, r1, #2
100002ec:	0fcb      	lsrs	r3, r1, #31
100002ee:	1859      	adds	r1, r3, r1
100002f0:	b510      	push	{r4, lr}
100002f2:	1049      	asrs	r1, r1, #1
100002f4:	d003      	beq.n	100002fe <register_tm_clones+0x1a>
100002f6:	4b04      	ldr	r3, [pc, #16]	; (10000308 <register_tm_clones+0x24>)
100002f8:	2b00      	cmp	r3, #0
100002fa:	d000      	beq.n	100002fe <register_tm_clones+0x1a>
100002fc:	4798      	blx	r3
100002fe:	bd10      	pop	{r4, pc}
10000300:	20000470 	.word	0x20000470
10000304:	20000470 	.word	0x20000470
10000308:	00000000 	.word	0x00000000

1000030c <__do_global_dtors_aux>:
1000030c:	b510      	push	{r4, lr}
1000030e:	4c07      	ldr	r4, [pc, #28]	; (1000032c <__do_global_dtors_aux+0x20>)
10000310:	7823      	ldrb	r3, [r4, #0]
10000312:	2b00      	cmp	r3, #0
10000314:	d109      	bne.n	1000032a <__do_global_dtors_aux+0x1e>
10000316:	f7ff ffd5 	bl	100002c4 <deregister_tm_clones>
1000031a:	4b05      	ldr	r3, [pc, #20]	; (10000330 <__do_global_dtors_aux+0x24>)
1000031c:	2b00      	cmp	r3, #0
1000031e:	d002      	beq.n	10000326 <__do_global_dtors_aux+0x1a>
10000320:	4804      	ldr	r0, [pc, #16]	; (10000334 <__do_global_dtors_aux+0x28>)
10000322:	e000      	b.n	10000326 <__do_global_dtors_aux+0x1a>
10000324:	bf00      	nop
10000326:	2301      	movs	r3, #1
10000328:	7023      	strb	r3, [r4, #0]
1000032a:	bd10      	pop	{r4, pc}
1000032c:	20000578 	.word	0x20000578
10000330:	00000000 	.word	0x00000000
10000334:	10005040 	.word	0x10005040

10000338 <frame_dummy>:
10000338:	4b05      	ldr	r3, [pc, #20]	; (10000350 <frame_dummy+0x18>)
1000033a:	b510      	push	{r4, lr}
1000033c:	2b00      	cmp	r3, #0
1000033e:	d003      	beq.n	10000348 <frame_dummy+0x10>
10000340:	4904      	ldr	r1, [pc, #16]	; (10000354 <frame_dummy+0x1c>)
10000342:	4805      	ldr	r0, [pc, #20]	; (10000358 <frame_dummy+0x20>)
10000344:	e000      	b.n	10000348 <frame_dummy+0x10>
10000346:	bf00      	nop
10000348:	f7ff ffcc 	bl	100002e4 <register_tm_clones>
1000034c:	bd10      	pop	{r4, pc}
1000034e:	46c0      	nop			; (mov r8, r8)
10000350:	00000000 	.word	0x00000000
10000354:	2000057c 	.word	0x2000057c
10000358:	10005040 	.word	0x10005040

1000035c <main>:
1000035c:	b570      	push	{r4, r5, r6, lr}
1000035e:	f002 f8e5 	bl	1000252c <stdio_init_all>
10000362:	24d0      	movs	r4, #208	; 0xd0
10000364:	2000      	movs	r0, #0
10000366:	f000 f84b 	bl	10000400 <gpio_init>
1000036a:	2301      	movs	r3, #1
1000036c:	0624      	lsls	r4, r4, #24
1000036e:	6263      	str	r3, [r4, #36]	; 0x24
10000370:	2006      	movs	r0, #6
10000372:	f000 f845 	bl	10000400 <gpio_init>
10000376:	2340      	movs	r3, #64	; 0x40
10000378:	2001      	movs	r0, #1
1000037a:	6263      	str	r3, [r4, #36]	; 0x24
1000037c:	f000 f840 	bl	10000400 <gpio_init>
10000380:	2302      	movs	r3, #2
10000382:	2200      	movs	r2, #0
10000384:	62a3      	str	r3, [r4, #40]	; 0x28
10000386:	2101      	movs	r1, #1
10000388:	2001      	movs	r0, #1
1000038a:	f000 f821 	bl	100003d0 <gpio_set_pulls>
1000038e:	2002      	movs	r0, #2
10000390:	f000 f836 	bl	10000400 <gpio_init>
10000394:	2304      	movs	r3, #4
10000396:	2200      	movs	r2, #0
10000398:	62a3      	str	r3, [r4, #40]	; 0x28
1000039a:	2101      	movs	r1, #1
1000039c:	2002      	movs	r0, #2
1000039e:	f000 f817 	bl	100003d0 <gpio_set_pulls>
100003a2:	2002      	movs	r0, #2
100003a4:	2141      	movs	r1, #65	; 0x41
100003a6:	2204      	movs	r2, #4
100003a8:	4c06      	ldr	r4, [pc, #24]	; (100003c4 <main+0x68>)
100003aa:	4e07      	ldr	r6, [pc, #28]	; (100003c8 <main+0x6c>)
100003ac:	4d07      	ldr	r5, [pc, #28]	; (100003cc <main+0x70>)
100003ae:	6823      	ldr	r3, [r4, #0]
100003b0:	4218      	tst	r0, r3
100003b2:	d100      	bne.n	100003b6 <main+0x5a>
100003b4:	6031      	str	r1, [r6, #0]
100003b6:	421a      	tst	r2, r3
100003b8:	d1f9      	bne.n	100003ae <main+0x52>
100003ba:	6029      	str	r1, [r5, #0]
100003bc:	6823      	ldr	r3, [r4, #0]
100003be:	4218      	tst	r0, r3
100003c0:	d1f9      	bne.n	100003b6 <main+0x5a>
100003c2:	e7f7      	b.n	100003b4 <main+0x58>
100003c4:	d0000004 	.word	0xd0000004
100003c8:	d0000014 	.word	0xd0000014
100003cc:	d0000018 	.word	0xd0000018

100003d0 <gpio_set_pulls>:
100003d0:	4b0a      	ldr	r3, [pc, #40]	; (100003fc <gpio_set_pulls+0x2c>)
100003d2:	0080      	lsls	r0, r0, #2
100003d4:	469c      	mov	ip, r3
100003d6:	2304      	movs	r3, #4
100003d8:	4460      	add	r0, ip
100003da:	2900      	cmp	r1, #0
100003dc:	d001      	beq.n	100003e2 <gpio_set_pulls+0x12>
100003de:	230c      	movs	r3, #12
100003e0:	2108      	movs	r1, #8
100003e2:	2a00      	cmp	r2, #0
100003e4:	d100      	bne.n	100003e8 <gpio_set_pulls+0x18>
100003e6:	000b      	movs	r3, r1
100003e8:	6802      	ldr	r2, [r0, #0]
100003ea:	4053      	eors	r3, r2
100003ec:	220c      	movs	r2, #12
100003ee:	401a      	ands	r2, r3
100003f0:	2380      	movs	r3, #128	; 0x80
100003f2:	015b      	lsls	r3, r3, #5
100003f4:	4318      	orrs	r0, r3
100003f6:	6002      	str	r2, [r0, #0]
100003f8:	4770      	bx	lr
100003fa:	46c0      	nop			; (mov r8, r8)
100003fc:	4001c004 	.word	0x4001c004

10000400 <gpio_init>:
10000400:	2301      	movs	r3, #1
10000402:	22d0      	movs	r2, #208	; 0xd0
10000404:	4083      	lsls	r3, r0
10000406:	0612      	lsls	r2, r2, #24
10000408:	6293      	str	r3, [r2, #40]	; 0x28
1000040a:	6193      	str	r3, [r2, #24]
1000040c:	4a09      	ldr	r2, [pc, #36]	; (10000434 <gpio_init+0x34>)
1000040e:	0083      	lsls	r3, r0, #2
10000410:	4694      	mov	ip, r2
10000412:	2240      	movs	r2, #64	; 0x40
10000414:	4463      	add	r3, ip
10000416:	6819      	ldr	r1, [r3, #0]
10000418:	00c0      	lsls	r0, r0, #3
1000041a:	404a      	eors	r2, r1
1000041c:	21c0      	movs	r1, #192	; 0xc0
1000041e:	4011      	ands	r1, r2
10000420:	2280      	movs	r2, #128	; 0x80
10000422:	0152      	lsls	r2, r2, #5
10000424:	4313      	orrs	r3, r2
10000426:	6019      	str	r1, [r3, #0]
10000428:	4b03      	ldr	r3, [pc, #12]	; (10000438 <gpio_init+0x38>)
1000042a:	469c      	mov	ip, r3
1000042c:	2305      	movs	r3, #5
1000042e:	4460      	add	r0, ip
10000430:	6043      	str	r3, [r0, #4]
10000432:	4770      	bx	lr
10000434:	4001c004 	.word	0x4001c004
10000438:	40014000 	.word	0x40014000

1000043c <hw_claim_or_assert>:
1000043c:	b5f8      	push	{r3, r4, r5, r6, r7, lr}
1000043e:	f3ef 8710 	mrs	r7, PRIMASK
10000442:	b672      	cpsid	i
10000444:	4e0d      	ldr	r6, [pc, #52]	; (1000047c <hw_claim_or_assert+0x40>)
10000446:	6833      	ldr	r3, [r6, #0]
10000448:	2b00      	cmp	r3, #0
1000044a:	d0fc      	beq.n	10000446 <hw_claim_or_assert+0xa>
1000044c:	f3bf 8f5f 	dmb	sy
10000450:	2507      	movs	r5, #7
10000452:	08cb      	lsrs	r3, r1, #3
10000454:	18c0      	adds	r0, r0, r3
10000456:	2301      	movs	r3, #1
10000458:	400d      	ands	r5, r1
1000045a:	40ab      	lsls	r3, r5
1000045c:	001d      	movs	r5, r3
1000045e:	7804      	ldrb	r4, [r0, #0]
10000460:	4025      	ands	r5, r4
10000462:	d107      	bne.n	10000474 <hw_claim_or_assert+0x38>
10000464:	4323      	orrs	r3, r4
10000466:	7003      	strb	r3, [r0, #0]
10000468:	f3bf 8f5f 	dmb	sy
1000046c:	6035      	str	r5, [r6, #0]
1000046e:	f387 8810 	msr	PRIMASK, r7
10000472:	bdf8      	pop	{r3, r4, r5, r6, r7, pc}
10000474:	0010      	movs	r0, r2
10000476:	f001 fb55 	bl	10001b24 <panic>
1000047a:	46c0      	nop			; (mov r8, r8)
1000047c:	d000012c 	.word	0xd000012c

10000480 <hw_claim_unused_from_range>:
10000480:	b5f8      	push	{r3, r4, r5, r6, r7, lr}
10000482:	46ce      	mov	lr, r9
10000484:	4647      	mov	r7, r8
10000486:	468c      	mov	ip, r1
10000488:	b580      	push	{r7, lr}
1000048a:	f3ef 8810 	mrs	r8, PRIMASK
1000048e:	b672      	cpsid	i
10000490:	4d21      	ldr	r5, [pc, #132]	; (10000518 <hw_claim_unused_from_range+0x98>)
10000492:	682c      	ldr	r4, [r5, #0]
10000494:	2c00      	cmp	r4, #0
10000496:	d0fc      	beq.n	10000492 <hw_claim_unused_from_range+0x12>
10000498:	f3bf 8f5f 	dmb	sy
1000049c:	429a      	cmp	r2, r3
1000049e:	d82c      	bhi.n	100004fa <hw_claim_unused_from_range+0x7a>
100004a0:	2107      	movs	r1, #7
100004a2:	2501      	movs	r5, #1
100004a4:	4011      	ands	r1, r2
100004a6:	408d      	lsls	r5, r1
100004a8:	08d4      	lsrs	r4, r2, #3
100004aa:	1904      	adds	r4, r0, r4
100004ac:	7826      	ldrb	r6, [r4, #0]
100004ae:	4235      	tst	r5, r6
100004b0:	d01f      	beq.n	100004f2 <hw_claim_unused_from_range+0x72>
100004b2:	2107      	movs	r1, #7
100004b4:	4689      	mov	r9, r1
100004b6:	3906      	subs	r1, #6
100004b8:	e009      	b.n	100004ce <hw_claim_unused_from_range+0x4e>
100004ba:	464d      	mov	r5, r9
100004bc:	000f      	movs	r7, r1
100004be:	4015      	ands	r5, r2
100004c0:	40af      	lsls	r7, r5
100004c2:	08d4      	lsrs	r4, r2, #3
100004c4:	1904      	adds	r4, r0, r4
100004c6:	7826      	ldrb	r6, [r4, #0]
100004c8:	003d      	movs	r5, r7
100004ca:	4237      	tst	r7, r6
100004cc:	d011      	beq.n	100004f2 <hw_claim_unused_from_range+0x72>
100004ce:	3201      	adds	r2, #1
100004d0:	4293      	cmp	r3, r2
100004d2:	d2f2      	bcs.n	100004ba <hw_claim_unused_from_range+0x3a>
100004d4:	2001      	movs	r0, #1
100004d6:	4240      	negs	r0, r0
100004d8:	f3bf 8f5f 	dmb	sy
100004dc:	2200      	movs	r2, #0
100004de:	4b0e      	ldr	r3, [pc, #56]	; (10000518 <hw_claim_unused_from_range+0x98>)
100004e0:	601a      	str	r2, [r3, #0]
100004e2:	f388 8810 	msr	PRIMASK, r8
100004e6:	2800      	cmp	r0, #0
100004e8:	db0f      	blt.n	1000050a <hw_claim_unused_from_range+0x8a>
100004ea:	bc0c      	pop	{r2, r3}
100004ec:	4690      	mov	r8, r2
100004ee:	4699      	mov	r9, r3
100004f0:	bdf8      	pop	{r3, r4, r5, r6, r7, pc}
100004f2:	4335      	orrs	r5, r6
100004f4:	7025      	strb	r5, [r4, #0]
100004f6:	0010      	movs	r0, r2
100004f8:	e7ee      	b.n	100004d8 <hw_claim_unused_from_range+0x58>
100004fa:	f3bf 8f5f 	dmb	sy
100004fe:	2300      	movs	r3, #0
10000500:	602b      	str	r3, [r5, #0]
10000502:	f388 8810 	msr	PRIMASK, r8
10000506:	2001      	movs	r0, #1
10000508:	4240      	negs	r0, r0
1000050a:	4663      	mov	r3, ip
1000050c:	2b00      	cmp	r3, #0
1000050e:	d0ec      	beq.n	100004ea <hw_claim_unused_from_range+0x6a>
10000510:	9808      	ldr	r0, [sp, #32]
10000512:	f001 fb07 	bl	10001b24 <panic>
10000516:	46c0      	nop			; (mov r8, r8)
10000518:	d000012c 	.word	0xd000012c

1000051c <running_on_fpga>:
1000051c:	4b02      	ldr	r3, [pc, #8]	; (10000528 <running_on_fpga+0xc>)
1000051e:	6818      	ldr	r0, [r3, #0]
10000520:	0780      	lsls	r0, r0, #30
10000522:	0fc0      	lsrs	r0, r0, #31
10000524:	4770      	bx	lr
10000526:	46c0      	nop			; (mov r8, r8)
10000528:	4006c000 	.word	0x4006c000

1000052c <spin_locks_reset>:
1000052c:	2100      	movs	r1, #0
1000052e:	4b04      	ldr	r3, [pc, #16]	; (10000540 <spin_locks_reset+0x14>)
10000530:	4a04      	ldr	r2, [pc, #16]	; (10000544 <spin_locks_reset+0x18>)
10000532:	f3bf 8f5f 	dmb	sy
10000536:	c302      	stmia	r3!, {r1}
10000538:	4293      	cmp	r3, r2
1000053a:	d1fa      	bne.n	10000532 <spin_locks_reset+0x6>
1000053c:	4770      	bx	lr
1000053e:	46c0      	nop			; (mov r8, r8)
10000540:	d0000100 	.word	0xd0000100
10000544:	d0000180 	.word	0xd0000180

10000548 <next_striped_spin_lock_num>:
10000548:	4a04      	ldr	r2, [pc, #16]	; (1000055c <next_striped_spin_lock_num+0x14>)
1000054a:	7810      	ldrb	r0, [r2, #0]
1000054c:	1c43      	adds	r3, r0, #1
1000054e:	b2db      	uxtb	r3, r3
10000550:	2b17      	cmp	r3, #23
10000552:	d900      	bls.n	10000556 <next_striped_spin_lock_num+0xe>
10000554:	2310      	movs	r3, #16
10000556:	7013      	strb	r3, [r2, #0]
10000558:	4770      	bx	lr
1000055a:	46c0      	nop			; (mov r8, r8)
1000055c:	20000370 	.word	0x20000370

10000560 <spin_lock_claim_unused>:
10000560:	b500      	push	{lr}
10000562:	4b05      	ldr	r3, [pc, #20]	; (10000578 <spin_lock_claim_unused+0x18>)
10000564:	b083      	sub	sp, #12
10000566:	0001      	movs	r1, r0
10000568:	9300      	str	r3, [sp, #0]
1000056a:	2218      	movs	r2, #24
1000056c:	231f      	movs	r3, #31
1000056e:	4803      	ldr	r0, [pc, #12]	; (1000057c <spin_lock_claim_unused+0x1c>)
10000570:	f7ff ff86 	bl	10000480 <hw_claim_unused_from_range>
10000574:	b003      	add	sp, #12
10000576:	bd00      	pop	{pc}
10000578:	10005040 	.word	0x10005040
1000057c:	20000a38 	.word	0x20000a38

10000580 <irq_set_enabled>:
10000580:	2301      	movs	r3, #1
10000582:	4083      	lsls	r3, r0
10000584:	2900      	cmp	r1, #0
10000586:	d004      	beq.n	10000592 <irq_set_enabled+0x12>
10000588:	4a03      	ldr	r2, [pc, #12]	; (10000598 <irq_set_enabled+0x18>)
1000058a:	6013      	str	r3, [r2, #0]
1000058c:	4a03      	ldr	r2, [pc, #12]	; (1000059c <irq_set_enabled+0x1c>)
1000058e:	6013      	str	r3, [r2, #0]
10000590:	4770      	bx	lr
10000592:	4a03      	ldr	r2, [pc, #12]	; (100005a0 <irq_set_enabled+0x20>)
10000594:	6013      	str	r3, [r2, #0]
10000596:	e7fb      	b.n	10000590 <irq_set_enabled+0x10>
10000598:	e000e280 	.word	0xe000e280
1000059c:	e000e100 	.word	0xe000e100
100005a0:	e000e180 	.word	0xe000e180

100005a4 <irq_set_pending>:
100005a4:	2301      	movs	r3, #1
100005a6:	4083      	lsls	r3, r0
100005a8:	4a01      	ldr	r2, [pc, #4]	; (100005b0 <irq_set_pending+0xc>)
100005aa:	6013      	str	r3, [r2, #0]
100005ac:	4770      	bx	lr
100005ae:	46c0      	nop			; (mov r8, r8)
100005b0:	e000e200 	.word	0xe000e200

100005b4 <irq_has_shared_handler>:
100005b4:	4b08      	ldr	r3, [pc, #32]	; (100005d8 <irq_has_shared_handler+0x24>)
100005b6:	3010      	adds	r0, #16
100005b8:	689b      	ldr	r3, [r3, #8]
100005ba:	0080      	lsls	r0, r0, #2
100005bc:	58c3      	ldr	r3, [r0, r3]
100005be:	2b00      	cmp	r3, #0
100005c0:	d007      	beq.n	100005d2 <irq_has_shared_handler+0x1e>
100005c2:	4a06      	ldr	r2, [pc, #24]	; (100005dc <irq_has_shared_handler+0x28>)
100005c4:	2000      	movs	r0, #0
100005c6:	1a9b      	subs	r3, r3, r2
100005c8:	222f      	movs	r2, #47	; 0x2f
100005ca:	429a      	cmp	r2, r3
100005cc:	4140      	adcs	r0, r0
100005ce:	b2c0      	uxtb	r0, r0
100005d0:	4770      	bx	lr
100005d2:	2000      	movs	r0, #0
100005d4:	e7fc      	b.n	100005d0 <irq_has_shared_handler+0x1c>
100005d6:	46c0      	nop			; (mov r8, r8)
100005d8:	e000ed00 	.word	0xe000ed00
100005dc:	20000374 	.word	0x20000374

100005e0 <irq_get_vtable_handler>:
100005e0:	4b02      	ldr	r3, [pc, #8]	; (100005ec <irq_get_vtable_handler+0xc>)
100005e2:	3010      	adds	r0, #16
100005e4:	689b      	ldr	r3, [r3, #8]
100005e6:	0080      	lsls	r0, r0, #2
100005e8:	58c0      	ldr	r0, [r0, r3]
100005ea:	4770      	bx	lr
100005ec:	e000ed00 	.word	0xe000ed00

100005f0 <irq_set_exclusive_handler>:
100005f0:	b570      	push	{r4, r5, r6, lr}
100005f2:	000d      	movs	r5, r1
100005f4:	f3ef 8610 	mrs	r6, PRIMASK
100005f8:	b672      	cpsid	i
100005fa:	4a0f      	ldr	r2, [pc, #60]	; (10000638 <irq_set_exclusive_handler+0x48>)
100005fc:	6813      	ldr	r3, [r2, #0]
100005fe:	2b00      	cmp	r3, #0
10000600:	d0fc      	beq.n	100005fc <irq_set_exclusive_handler+0xc>
10000602:	f3bf 8f5f 	dmb	sy
10000606:	4b0d      	ldr	r3, [pc, #52]	; (1000063c <irq_set_exclusive_handler+0x4c>)
10000608:	3010      	adds	r0, #16
1000060a:	689b      	ldr	r3, [r3, #8]
1000060c:	0084      	lsls	r4, r0, #2
1000060e:	591b      	ldr	r3, [r3, r4]
10000610:	4a0b      	ldr	r2, [pc, #44]	; (10000640 <irq_set_exclusive_handler+0x50>)
10000612:	4293      	cmp	r3, r2
10000614:	d003      	beq.n	1000061e <irq_set_exclusive_handler+0x2e>
10000616:	429d      	cmp	r5, r3
10000618:	d001      	beq.n	1000061e <irq_set_exclusive_handler+0x2e>
1000061a:	f001 fa9b 	bl	10001b54 <hard_assertion_failure>
1000061e:	4b07      	ldr	r3, [pc, #28]	; (1000063c <irq_set_exclusive_handler+0x4c>)
10000620:	689b      	ldr	r3, [r3, #8]
10000622:	511d      	str	r5, [r3, r4]
10000624:	f3bf 8f5f 	dmb	sy
10000628:	f3bf 8f5f 	dmb	sy
1000062c:	2200      	movs	r2, #0
1000062e:	4b02      	ldr	r3, [pc, #8]	; (10000638 <irq_set_exclusive_handler+0x48>)
10000630:	601a      	str	r2, [r3, #0]
10000632:	f386 8810 	msr	PRIMASK, r6
10000636:	bd70      	pop	{r4, r5, r6, pc}
10000638:	d0000124 	.word	0xd0000124
1000063c:	e000ed00 	.word	0xe000ed00
10000640:	100001cd 	.word	0x100001cd

10000644 <irq_add_shared_handler>:
10000644:	b5f8      	push	{r3, r4, r5, r6, r7, lr}
10000646:	4657      	mov	r7, sl
10000648:	4645      	mov	r5, r8
1000064a:	46de      	mov	lr, fp
1000064c:	464e      	mov	r6, r9
1000064e:	468a      	mov	sl, r1
10000650:	b5e0      	push	{r5, r6, r7, lr}
10000652:	4690      	mov	r8, r2
10000654:	0007      	movs	r7, r0
10000656:	f3ef 8910 	mrs	r9, PRIMASK
1000065a:	b672      	cpsid	i
1000065c:	4a60      	ldr	r2, [pc, #384]	; (100007e0 <irq_add_shared_handler+0x19c>)
1000065e:	6813      	ldr	r3, [r2, #0]
10000660:	2b00      	cmp	r3, #0
10000662:	d0fc      	beq.n	1000065e <irq_add_shared_handler+0x1a>
10000664:	f3bf 8f5f 	dmb	sy
10000668:	2000      	movs	r0, #0
1000066a:	4b5e      	ldr	r3, [pc, #376]	; (100007e4 <irq_add_shared_handler+0x1a0>)
1000066c:	5618      	ldrsb	r0, [r3, r0]
1000066e:	469b      	mov	fp, r3
10000670:	2800      	cmp	r0, #0
10000672:	da00      	bge.n	10000676 <irq_add_shared_handler+0x32>
10000674:	e0a2      	b.n	100007bc <irq_add_shared_handler+0x178>
10000676:	465a      	mov	r2, fp
10000678:	0044      	lsls	r4, r0, #1
1000067a:	4d5b      	ldr	r5, [pc, #364]	; (100007e8 <irq_add_shared_handler+0x1a4>)
1000067c:	1824      	adds	r4, r4, r0
1000067e:	00a4      	lsls	r4, r4, #2
10000680:	192e      	adds	r6, r5, r4
10000682:	79b3      	ldrb	r3, [r6, #6]
10000684:	3710      	adds	r7, #16
10000686:	7013      	strb	r3, [r2, #0]
10000688:	4b58      	ldr	r3, [pc, #352]	; (100007ec <irq_add_shared_handler+0x1a8>)
1000068a:	00ba      	lsls	r2, r7, #2
1000068c:	689b      	ldr	r3, [r3, #8]
1000068e:	4693      	mov	fp, r2
10000690:	5899      	ldr	r1, [r3, r2]
10000692:	1b4b      	subs	r3, r1, r5
10000694:	2b2f      	cmp	r3, #47	; 0x2f
10000696:	d841      	bhi.n	1000071c <irq_add_shared_handler+0xd8>
10000698:	2301      	movs	r3, #1
1000069a:	000a      	movs	r2, r1
1000069c:	439a      	bics	r2, r3
1000069e:	79d3      	ldrb	r3, [r2, #7]
100006a0:	4694      	mov	ip, r2
100006a2:	4543      	cmp	r3, r8
100006a4:	d914      	bls.n	100006d0 <irq_add_shared_handler+0x8c>
100006a6:	2706      	movs	r7, #6
100006a8:	57d7      	ldrsb	r7, [r2, r7]
100006aa:	0013      	movs	r3, r2
100006ac:	2f00      	cmp	r7, #0
100006ae:	da06      	bge.n	100006be <irq_add_shared_handler+0x7a>
100006b0:	e08d      	b.n	100007ce <irq_add_shared_handler+0x18a>
100006b2:	2706      	movs	r7, #6
100006b4:	57df      	ldrsb	r7, [r3, r7]
100006b6:	001a      	movs	r2, r3
100006b8:	2f00      	cmp	r7, #0
100006ba:	da00      	bge.n	100006be <irq_add_shared_handler+0x7a>
100006bc:	e087      	b.n	100007ce <irq_add_shared_handler+0x18a>
100006be:	007b      	lsls	r3, r7, #1
100006c0:	19db      	adds	r3, r3, r7
100006c2:	009b      	lsls	r3, r3, #2
100006c4:	18eb      	adds	r3, r5, r3
100006c6:	79df      	ldrb	r7, [r3, #7]
100006c8:	4547      	cmp	r7, r8
100006ca:	d8f2      	bhi.n	100006b2 <irq_add_shared_handler+0x6e>
100006cc:	2a00      	cmp	r2, #0
100006ce:	d151      	bne.n	10000774 <irq_add_shared_handler+0x130>
100006d0:	4a47      	ldr	r2, [pc, #284]	; (100007f0 <irq_add_shared_handler+0x1ac>)
100006d2:	4663      	mov	r3, ip
100006d4:	1b5b      	subs	r3, r3, r5
100006d6:	415b      	adcs	r3, r3
100006d8:	435a      	muls	r2, r3
100006da:	0d12      	lsrs	r2, r2, #20
100006dc:	4b45      	ldr	r3, [pc, #276]	; (100007f4 <irq_add_shared_handler+0x1b0>)
100006de:	1ca1      	adds	r1, r4, #2
100006e0:	8033      	strh	r3, [r6, #0]
100006e2:	4b45      	ldr	r3, [pc, #276]	; (100007f8 <irq_add_shared_handler+0x1b4>)
100006e4:	1869      	adds	r1, r5, r1
100006e6:	3b04      	subs	r3, #4
100006e8:	1a5b      	subs	r3, r3, r1
100006ea:	051b      	lsls	r3, r3, #20
100006ec:	4943      	ldr	r1, [pc, #268]	; (100007fc <irq_add_shared_handler+0x1b8>)
100006ee:	0d5b      	lsrs	r3, r3, #21
100006f0:	430b      	orrs	r3, r1
100006f2:	8073      	strh	r3, [r6, #2]
100006f4:	4663      	mov	r3, ip
100006f6:	3404      	adds	r4, #4
100006f8:	3b04      	subs	r3, #4
100006fa:	192d      	adds	r5, r5, r4
100006fc:	1b5d      	subs	r5, r3, r5
100006fe:	4643      	mov	r3, r8
10000700:	052d      	lsls	r5, r5, #20
10000702:	71f3      	strb	r3, [r6, #7]
10000704:	0d6d      	lsrs	r5, r5, #21
10000706:	4653      	mov	r3, sl
10000708:	4329      	orrs	r1, r5
1000070a:	80b1      	strh	r1, [r6, #4]
1000070c:	71b2      	strb	r2, [r6, #6]
1000070e:	2101      	movs	r1, #1
10000710:	4662      	mov	r2, ip
10000712:	60b3      	str	r3, [r6, #8]
10000714:	4b3a      	ldr	r3, [pc, #232]	; (10000800 <irq_add_shared_handler+0x1bc>)
10000716:	4331      	orrs	r1, r6
10000718:	6013      	str	r3, [r2, #0]
1000071a:	e018      	b.n	1000074e <irq_add_shared_handler+0x10a>
1000071c:	4b39      	ldr	r3, [pc, #228]	; (10000804 <irq_add_shared_handler+0x1c0>)
1000071e:	4299      	cmp	r1, r3
10000720:	d152      	bne.n	100007c8 <irq_add_shared_handler+0x184>
10000722:	4b34      	ldr	r3, [pc, #208]	; (100007f4 <irq_add_shared_handler+0x1b0>)
10000724:	3402      	adds	r4, #2
10000726:	8033      	strh	r3, [r6, #0]
10000728:	4b33      	ldr	r3, [pc, #204]	; (100007f8 <irq_add_shared_handler+0x1b4>)
1000072a:	192d      	adds	r5, r5, r4
1000072c:	3b04      	subs	r3, #4
1000072e:	1b5d      	subs	r5, r3, r5
10000730:	052d      	lsls	r5, r5, #20
10000732:	4b32      	ldr	r3, [pc, #200]	; (100007fc <irq_add_shared_handler+0x1b8>)
10000734:	0d6d      	lsrs	r5, r5, #21
10000736:	431d      	orrs	r5, r3
10000738:	4b33      	ldr	r3, [pc, #204]	; (10000808 <irq_add_shared_handler+0x1c4>)
1000073a:	2101      	movs	r1, #1
1000073c:	80b3      	strh	r3, [r6, #4]
1000073e:	23ff      	movs	r3, #255	; 0xff
10000740:	71b3      	strb	r3, [r6, #6]
10000742:	4643      	mov	r3, r8
10000744:	71f3      	strb	r3, [r6, #7]
10000746:	4653      	mov	r3, sl
10000748:	8075      	strh	r5, [r6, #2]
1000074a:	60b3      	str	r3, [r6, #8]
1000074c:	4331      	orrs	r1, r6
1000074e:	465a      	mov	r2, fp
10000750:	4b26      	ldr	r3, [pc, #152]	; (100007ec <irq_add_shared_handler+0x1a8>)
10000752:	689b      	ldr	r3, [r3, #8]
10000754:	5099      	str	r1, [r3, r2]
10000756:	f3bf 8f5f 	dmb	sy
1000075a:	f3bf 8f5f 	dmb	sy
1000075e:	2200      	movs	r2, #0
10000760:	4b1f      	ldr	r3, [pc, #124]	; (100007e0 <irq_add_shared_handler+0x19c>)
10000762:	601a      	str	r2, [r3, #0]
10000764:	f389 8810 	msr	PRIMASK, r9
10000768:	bc3c      	pop	{r2, r3, r4, r5}
1000076a:	4690      	mov	r8, r2
1000076c:	4699      	mov	r9, r3
1000076e:	46a2      	mov	sl, r4
10000770:	46ab      	mov	fp, r5
10000772:	bdf8      	pop	{r3, r4, r5, r6, r7, pc}
10000774:	2706      	movs	r7, #6
10000776:	57d7      	ldrsb	r7, [r2, r7]
10000778:	1d13      	adds	r3, r2, #4
1000077a:	469c      	mov	ip, r3
1000077c:	2f00      	cmp	r7, #0
1000077e:	db2c      	blt.n	100007da <irq_add_shared_handler+0x196>
10000780:	3404      	adds	r4, #4
10000782:	192d      	adds	r5, r5, r4
10000784:	24e0      	movs	r4, #224	; 0xe0
10000786:	8893      	ldrh	r3, [r2, #4]
10000788:	0224      	lsls	r4, r4, #8
1000078a:	055b      	lsls	r3, r3, #21
1000078c:	151b      	asrs	r3, r3, #20
1000078e:	4463      	add	r3, ip
10000790:	1b5b      	subs	r3, r3, r5
10000792:	051b      	lsls	r3, r3, #20
10000794:	0d5b      	lsrs	r3, r3, #21
10000796:	4323      	orrs	r3, r4
10000798:	4665      	mov	r5, ip
1000079a:	1f34      	subs	r4, r6, #4
1000079c:	1b64      	subs	r4, r4, r5
1000079e:	0524      	lsls	r4, r4, #20
100007a0:	4d16      	ldr	r5, [pc, #88]	; (100007fc <irq_add_shared_handler+0x1b8>)
100007a2:	0d64      	lsrs	r4, r4, #21
100007a4:	432c      	orrs	r4, r5
100007a6:	8094      	strh	r4, [r2, #4]
100007a8:	7190      	strb	r0, [r2, #6]
100007aa:	80b3      	strh	r3, [r6, #4]
100007ac:	4643      	mov	r3, r8
100007ae:	71f3      	strb	r3, [r6, #7]
100007b0:	4653      	mov	r3, sl
100007b2:	4a13      	ldr	r2, [pc, #76]	; (10000800 <irq_add_shared_handler+0x1bc>)
100007b4:	71b7      	strb	r7, [r6, #6]
100007b6:	6032      	str	r2, [r6, #0]
100007b8:	60b3      	str	r3, [r6, #8]
100007ba:	e7c8      	b.n	1000074e <irq_add_shared_handler+0x10a>
100007bc:	f001 f9ca 	bl	10001b54 <hard_assertion_failure>
100007c0:	465b      	mov	r3, fp
100007c2:	2000      	movs	r0, #0
100007c4:	5618      	ldrsb	r0, [r3, r0]
100007c6:	e756      	b.n	10000676 <irq_add_shared_handler+0x32>
100007c8:	f001 f9c4 	bl	10001b54 <hard_assertion_failure>
100007cc:	e7a9      	b.n	10000722 <irq_add_shared_handler+0xde>
100007ce:	1d1a      	adds	r2, r3, #4
100007d0:	4694      	mov	ip, r2
100007d2:	001a      	movs	r2, r3
100007d4:	23bd      	movs	r3, #189	; 0xbd
100007d6:	021b      	lsls	r3, r3, #8
100007d8:	e7de      	b.n	10000798 <irq_add_shared_handler+0x154>
100007da:	23bd      	movs	r3, #189	; 0xbd
100007dc:	021b      	lsls	r3, r3, #8
100007de:	e7db      	b.n	10000798 <irq_add_shared_handler+0x154>
100007e0:	d0000124 	.word	0xd0000124
100007e4:	20000f32 	.word	0x20000f32
100007e8:	20000374 	.word	0x20000374
100007ec:	e000ed00 	.word	0xe000ed00
100007f0:	0000aaaa 	.word	0x0000aaaa
100007f4:	ffffa100 	.word	0xffffa100
100007f8:	200003a4 	.word	0x200003a4
100007fc:	ffffe000 	.word	0xffffe000
10000800:	47804801 	.word	0x47804801
10000804:	100001cd 	.word	0x100001cd
10000808:	ffffbd00 	.word	0xffffbd00

1000080c <irq_remove_handler>:
1000080c:	b5f0      	push	{r4, r5, r6, r7, lr}
1000080e:	4645      	mov	r5, r8
10000810:	46de      	mov	lr, fp
10000812:	4657      	mov	r7, sl
10000814:	464e      	mov	r6, r9
10000816:	b5e0      	push	{r5, r6, r7, lr}
10000818:	000d      	movs	r5, r1
1000081a:	b083      	sub	sp, #12
1000081c:	f3ef 8a10 	mrs	sl, PRIMASK
10000820:	b672      	cpsid	i
10000822:	4a5a      	ldr	r2, [pc, #360]	; (1000098c <irq_remove_handler+0x180>)
10000824:	6813      	ldr	r3, [r2, #0]
10000826:	2b00      	cmp	r3, #0
10000828:	d0fc      	beq.n	10000824 <irq_remove_handler+0x18>
1000082a:	f3bf 8f5f 	dmb	sy
1000082e:	2210      	movs	r2, #16
10000830:	4691      	mov	r9, r2
10000832:	4481      	add	r9, r0
10000834:	464a      	mov	r2, r9
10000836:	4b56      	ldr	r3, [pc, #344]	; (10000990 <irq_remove_handler+0x184>)
10000838:	0096      	lsls	r6, r2, #2
1000083a:	689b      	ldr	r3, [r3, #8]
1000083c:	599c      	ldr	r4, [r3, r6]
1000083e:	4b55      	ldr	r3, [pc, #340]	; (10000994 <irq_remove_handler+0x188>)
10000840:	4698      	mov	r8, r3
10000842:	429c      	cmp	r4, r3
10000844:	d005      	beq.n	10000852 <irq_remove_handler+0x46>
10000846:	42ac      	cmp	r4, r5
10000848:	d016      	beq.n	10000878 <irq_remove_handler+0x6c>
1000084a:	4f53      	ldr	r7, [pc, #332]	; (10000998 <irq_remove_handler+0x18c>)
1000084c:	1be3      	subs	r3, r4, r7
1000084e:	2b2f      	cmp	r3, #47	; 0x2f
10000850:	d914      	bls.n	1000087c <irq_remove_handler+0x70>
10000852:	4b4f      	ldr	r3, [pc, #316]	; (10000990 <irq_remove_handler+0x184>)
10000854:	689b      	ldr	r3, [r3, #8]
10000856:	519c      	str	r4, [r3, r6]
10000858:	f3bf 8f5f 	dmb	sy
1000085c:	f3bf 8f5f 	dmb	sy
10000860:	2200      	movs	r2, #0
10000862:	4b4a      	ldr	r3, [pc, #296]	; (1000098c <irq_remove_handler+0x180>)
10000864:	601a      	str	r2, [r3, #0]
10000866:	f38a 8810 	msr	PRIMASK, sl
1000086a:	b003      	add	sp, #12
1000086c:	bc3c      	pop	{r2, r3, r4, r5}
1000086e:	4690      	mov	r8, r2
10000870:	4699      	mov	r9, r3
10000872:	46a2      	mov	sl, r4
10000874:	46ab      	mov	fp, r5
10000876:	bdf0      	pop	{r4, r5, r6, r7, pc}
10000878:	001c      	movs	r4, r3
1000087a:	e7ea      	b.n	10000852 <irq_remove_handler+0x46>
1000087c:	2301      	movs	r3, #1
1000087e:	4083      	lsls	r3, r0
10000880:	469b      	mov	fp, r3
10000882:	465a      	mov	r2, fp
10000884:	4b45      	ldr	r3, [pc, #276]	; (1000099c <irq_remove_handler+0x190>)
10000886:	681b      	ldr	r3, [r3, #0]
10000888:	401a      	ands	r2, r3
1000088a:	9200      	str	r2, [sp, #0]
1000088c:	465a      	mov	r2, fp
1000088e:	4b44      	ldr	r3, [pc, #272]	; (100009a0 <irq_remove_handler+0x194>)
10000890:	601a      	str	r2, [r3, #0]
10000892:	f3bf 8f5f 	dmb	sy
10000896:	f7ff fce6 	bl	10000266 <__get_current_exception>
1000089a:	9001      	str	r0, [sp, #4]
1000089c:	2800      	cmp	r0, #0
1000089e:	d003      	beq.n	100008a8 <irq_remove_handler+0x9c>
100008a0:	4581      	cmp	r9, r0
100008a2:	d001      	beq.n	100008a8 <irq_remove_handler+0x9c>
100008a4:	f001 f956 	bl	10001b54 <hard_assertion_failure>
100008a8:	2301      	movs	r3, #1
100008aa:	0022      	movs	r2, r4
100008ac:	2106      	movs	r1, #6
100008ae:	439a      	bics	r2, r3
100008b0:	6893      	ldr	r3, [r2, #8]
100008b2:	5651      	ldrsb	r1, [r2, r1]
100008b4:	429d      	cmp	r5, r3
100008b6:	d10a      	bne.n	100008ce <irq_remove_handler+0xc2>
100008b8:	e052      	b.n	10000960 <irq_remove_handler+0x154>
100008ba:	004b      	lsls	r3, r1, #1
100008bc:	185b      	adds	r3, r3, r1
100008be:	2106      	movs	r1, #6
100008c0:	009b      	lsls	r3, r3, #2
100008c2:	18fb      	adds	r3, r7, r3
100008c4:	6898      	ldr	r0, [r3, #8]
100008c6:	5659      	ldrsb	r1, [r3, r1]
100008c8:	42a8      	cmp	r0, r5
100008ca:	d00f      	beq.n	100008ec <irq_remove_handler+0xe0>
100008cc:	001a      	movs	r2, r3
100008ce:	2900      	cmp	r1, #0
100008d0:	daf3      	bge.n	100008ba <irq_remove_handler+0xae>
100008d2:	9b00      	ldr	r3, [sp, #0]
100008d4:	2b00      	cmp	r3, #0
100008d6:	d005      	beq.n	100008e4 <irq_remove_handler+0xd8>
100008d8:	465a      	mov	r2, fp
100008da:	4b32      	ldr	r3, [pc, #200]	; (100009a4 <irq_remove_handler+0x198>)
100008dc:	601a      	str	r2, [r3, #0]
100008de:	4b2f      	ldr	r3, [pc, #188]	; (1000099c <irq_remove_handler+0x190>)
100008e0:	601a      	str	r2, [r3, #0]
100008e2:	e7b6      	b.n	10000852 <irq_remove_handler+0x46>
100008e4:	465a      	mov	r2, fp
100008e6:	4b2e      	ldr	r3, [pc, #184]	; (100009a0 <irq_remove_handler+0x194>)
100008e8:	601a      	str	r2, [r3, #0]
100008ea:	e7b2      	b.n	10000852 <irq_remove_handler+0x46>
100008ec:	2900      	cmp	r1, #0
100008ee:	db21      	blt.n	10000934 <irq_remove_handler+0x128>
100008f0:	004a      	lsls	r2, r1, #1
100008f2:	1850      	adds	r0, r2, r1
100008f4:	0080      	lsls	r0, r0, #2
100008f6:	183d      	adds	r5, r7, r0
100008f8:	4680      	mov	r8, r0
100008fa:	68a8      	ldr	r0, [r5, #8]
100008fc:	6098      	str	r0, [r3, #8]
100008fe:	79e8      	ldrb	r0, [r5, #7]
10000900:	71d8      	strb	r0, [r3, #7]
10000902:	2006      	movs	r0, #6
10000904:	5628      	ldrsb	r0, [r5, r0]
10000906:	7198      	strb	r0, [r3, #6]
10000908:	2800      	cmp	r0, #0
1000090a:	db26      	blt.n	1000095a <irq_remove_handler+0x14e>
1000090c:	88ad      	ldrh	r5, [r5, #4]
1000090e:	1af8      	subs	r0, r7, r3
10000910:	056d      	lsls	r5, r5, #21
10000912:	152d      	asrs	r5, r5, #20
10000914:	4445      	add	r5, r8
10000916:	1940      	adds	r0, r0, r5
10000918:	25e0      	movs	r5, #224	; 0xe0
1000091a:	0500      	lsls	r0, r0, #20
1000091c:	0d40      	lsrs	r0, r0, #21
1000091e:	022d      	lsls	r5, r5, #8
10000920:	4328      	orrs	r0, r5
10000922:	8098      	strh	r0, [r3, #4]
10000924:	1852      	adds	r2, r2, r1
10000926:	4b20      	ldr	r3, [pc, #128]	; (100009a8 <irq_remove_handler+0x19c>)
10000928:	0092      	lsls	r2, r2, #2
1000092a:	18bf      	adds	r7, r7, r2
1000092c:	781a      	ldrb	r2, [r3, #0]
1000092e:	7019      	strb	r1, [r3, #0]
10000930:	71ba      	strb	r2, [r7, #6]
10000932:	e7ce      	b.n	100008d2 <irq_remove_handler+0xc6>
10000934:	9901      	ldr	r1, [sp, #4]
10000936:	2900      	cmp	r1, #0
10000938:	d118      	bne.n	1000096c <irq_remove_handler+0x160>
1000093a:	2a00      	cmp	r2, #0
1000093c:	d023      	beq.n	10000986 <irq_remove_handler+0x17a>
1000093e:	31ff      	adds	r1, #255	; 0xff
10000940:	7191      	strb	r1, [r2, #6]
10000942:	491a      	ldr	r1, [pc, #104]	; (100009ac <irq_remove_handler+0x1a0>)
10000944:	8091      	strh	r1, [r2, #4]
10000946:	4918      	ldr	r1, [pc, #96]	; (100009a8 <irq_remove_handler+0x19c>)
10000948:	780a      	ldrb	r2, [r1, #0]
1000094a:	719a      	strb	r2, [r3, #6]
1000094c:	4a18      	ldr	r2, [pc, #96]	; (100009b0 <irq_remove_handler+0x1a4>)
1000094e:	1bdb      	subs	r3, r3, r7
10000950:	415b      	adcs	r3, r3
10000952:	435a      	muls	r2, r3
10000954:	0d12      	lsrs	r2, r2, #20
10000956:	700a      	strb	r2, [r1, #0]
10000958:	e7bb      	b.n	100008d2 <irq_remove_handler+0xc6>
1000095a:	20bd      	movs	r0, #189	; 0xbd
1000095c:	0200      	lsls	r0, r0, #8
1000095e:	e7e0      	b.n	10000922 <irq_remove_handler+0x116>
10000960:	0013      	movs	r3, r2
10000962:	2900      	cmp	r1, #0
10000964:	dac4      	bge.n	100008f0 <irq_remove_handler+0xe4>
10000966:	9a01      	ldr	r2, [sp, #4]
10000968:	2a00      	cmp	r2, #0
1000096a:	d00c      	beq.n	10000986 <irq_remove_handler+0x17a>
1000096c:	4a11      	ldr	r2, [pc, #68]	; (100009b4 <irq_remove_handler+0x1a8>)
1000096e:	4912      	ldr	r1, [pc, #72]	; (100009b8 <irq_remove_handler+0x1ac>)
10000970:	1ad2      	subs	r2, r2, r3
10000972:	3a08      	subs	r2, #8
10000974:	0250      	lsls	r0, r2, #9
10000976:	0d40      	lsrs	r0, r0, #21
10000978:	4301      	orrs	r1, r0
1000097a:	8099      	strh	r1, [r3, #4]
1000097c:	490f      	ldr	r1, [pc, #60]	; (100009bc <irq_remove_handler+0x1b0>)
1000097e:	0852      	lsrs	r2, r2, #1
10000980:	430a      	orrs	r2, r1
10000982:	80da      	strh	r2, [r3, #6]
10000984:	e7a5      	b.n	100008d2 <irq_remove_handler+0xc6>
10000986:	4644      	mov	r4, r8
10000988:	e7dd      	b.n	10000946 <irq_remove_handler+0x13a>
1000098a:	46c0      	nop			; (mov r8, r8)
1000098c:	d0000124 	.word	0xd0000124
10000990:	e000ed00 	.word	0xe000ed00
10000994:	100001cd 	.word	0x100001cd
10000998:	20000374 	.word	0x20000374
1000099c:	e000e100 	.word	0xe000e100
100009a0:	e000e180 	.word	0xe000e180
100009a4:	e000e280 	.word	0xe000e280
100009a8:	20000f32 	.word	0x20000f32
100009ac:	ffffbd00 	.word	0xffffbd00
100009b0:	0000aaaa 	.word	0x0000aaaa
100009b4:	200003ae 	.word	0x200003ae
100009b8:	fffff000 	.word	0xfffff000
100009bc:	fffff800 	.word	0xfffff800

100009c0 <irq_add_tail_to_free_list>:
100009c0:	b5f8      	push	{r3, r4, r5, r6, r7, lr}
100009c2:	2501      	movs	r5, #1
100009c4:	0004      	movs	r4, r0
100009c6:	4305      	orrs	r5, r0
100009c8:	f7ff fc4d 	bl	10000266 <__get_current_exception>
100009cc:	f3ef 8610 	mrs	r6, PRIMASK
100009d0:	b672      	cpsid	i
100009d2:	4a21      	ldr	r2, [pc, #132]	; (10000a58 <irq_add_tail_to_free_list+0x98>)
100009d4:	6813      	ldr	r3, [r2, #0]
100009d6:	2b00      	cmp	r3, #0
100009d8:	d0fc      	beq.n	100009d4 <irq_add_tail_to_free_list+0x14>
100009da:	f3bf 8f5f 	dmb	sy
100009de:	4b1f      	ldr	r3, [pc, #124]	; (10000a5c <irq_add_tail_to_free_list+0x9c>)
100009e0:	4a1f      	ldr	r2, [pc, #124]	; (10000a60 <irq_add_tail_to_free_list+0xa0>)
100009e2:	0021      	movs	r1, r4
100009e4:	1ac9      	subs	r1, r1, r3
100009e6:	4149      	adcs	r1, r1
100009e8:	434a      	muls	r2, r1
100009ea:	0d12      	lsrs	r2, r2, #20
100009ec:	491d      	ldr	r1, [pc, #116]	; (10000a64 <irq_add_tail_to_free_list+0xa4>)
100009ee:	0080      	lsls	r0, r0, #2
100009f0:	688f      	ldr	r7, [r1, #8]
100009f2:	b252      	sxtb	r2, r2
100009f4:	583f      	ldr	r7, [r7, r0]
100009f6:	42af      	cmp	r7, r5
100009f8:	d01c      	beq.n	10000a34 <irq_add_tail_to_free_list+0x74>
100009fa:	2106      	movs	r1, #6
100009fc:	5659      	ldrsb	r1, [r3, r1]
100009fe:	4291      	cmp	r1, r2
10000a00:	d01c      	beq.n	10000a3c <irq_add_tail_to_free_list+0x7c>
10000a02:	2112      	movs	r1, #18
10000a04:	5659      	ldrsb	r1, [r3, r1]
10000a06:	4291      	cmp	r1, r2
10000a08:	d022      	beq.n	10000a50 <irq_add_tail_to_free_list+0x90>
10000a0a:	211e      	movs	r1, #30
10000a0c:	5659      	ldrsb	r1, [r3, r1]
10000a0e:	4291      	cmp	r1, r2
10000a10:	d020      	beq.n	10000a54 <irq_add_tail_to_free_list+0x94>
10000a12:	212a      	movs	r1, #42	; 0x2a
10000a14:	5659      	ldrsb	r1, [r3, r1]
10000a16:	2003      	movs	r0, #3
10000a18:	4291      	cmp	r1, r2
10000a1a:	d010      	beq.n	10000a3e <irq_add_tail_to_free_list+0x7e>
10000a1c:	4b12      	ldr	r3, [pc, #72]	; (10000a68 <irq_add_tail_to_free_list+0xa8>)
10000a1e:	7819      	ldrb	r1, [r3, #0]
10000a20:	701a      	strb	r2, [r3, #0]
10000a22:	71a1      	strb	r1, [r4, #6]
10000a24:	f3bf 8f5f 	dmb	sy
10000a28:	2200      	movs	r2, #0
10000a2a:	4b0b      	ldr	r3, [pc, #44]	; (10000a58 <irq_add_tail_to_free_list+0x98>)
10000a2c:	601a      	str	r2, [r3, #0]
10000a2e:	f386 8810 	msr	PRIMASK, r6
10000a32:	bdf8      	pop	{r3, r4, r5, r6, r7, pc}
10000a34:	688b      	ldr	r3, [r1, #8]
10000a36:	490d      	ldr	r1, [pc, #52]	; (10000a6c <irq_add_tail_to_free_list+0xac>)
10000a38:	5019      	str	r1, [r3, r0]
10000a3a:	e7ef      	b.n	10000a1c <irq_add_tail_to_free_list+0x5c>
10000a3c:	2000      	movs	r0, #0
10000a3e:	0041      	lsls	r1, r0, #1
10000a40:	1809      	adds	r1, r1, r0
10000a42:	0089      	lsls	r1, r1, #2
10000a44:	185b      	adds	r3, r3, r1
10000a46:	21ff      	movs	r1, #255	; 0xff
10000a48:	7199      	strb	r1, [r3, #6]
10000a4a:	4909      	ldr	r1, [pc, #36]	; (10000a70 <irq_add_tail_to_free_list+0xb0>)
10000a4c:	8099      	strh	r1, [r3, #4]
10000a4e:	e7e5      	b.n	10000a1c <irq_add_tail_to_free_list+0x5c>
10000a50:	2001      	movs	r0, #1
10000a52:	e7f4      	b.n	10000a3e <irq_add_tail_to_free_list+0x7e>
10000a54:	2002      	movs	r0, #2
10000a56:	e7f2      	b.n	10000a3e <irq_add_tail_to_free_list+0x7e>
10000a58:	d0000124 	.word	0xd0000124
10000a5c:	20000374 	.word	0x20000374
10000a60:	0000aaaa 	.word	0x0000aaaa
10000a64:	e000ed00 	.word	0xe000ed00
10000a68:	20000f32 	.word	0x20000f32
10000a6c:	100001cd 	.word	0x100001cd
10000a70:	ffffbd00 	.word	0xffffbd00

10000a74 <irq_init_priorities>:
10000a74:	4b05      	ldr	r3, [pc, #20]	; (10000a8c <irq_init_priorities+0x18>)
10000a76:	4a06      	ldr	r2, [pc, #24]	; (10000a90 <irq_init_priorities+0x1c>)
10000a78:	6013      	str	r3, [r2, #0]
10000a7a:	4a06      	ldr	r2, [pc, #24]	; (10000a94 <irq_init_priorities+0x20>)
10000a7c:	6013      	str	r3, [r2, #0]
10000a7e:	6053      	str	r3, [r2, #4]
10000a80:	6093      	str	r3, [r2, #8]
10000a82:	60d3      	str	r3, [r2, #12]
10000a84:	6113      	str	r3, [r2, #16]
10000a86:	6153      	str	r3, [r2, #20]
10000a88:	6193      	str	r3, [r2, #24]
10000a8a:	4770      	bx	lr
10000a8c:	80808080 	.word	0x80808080
10000a90:	e000e400 	.word	0xe000e400
10000a94:	e000e404 	.word	0xe000e404

10000a98 <user_irq_claim_unused>:
10000a98:	23d0      	movs	r3, #208	; 0xd0
10000a9a:	b500      	push	{lr}
10000a9c:	061b      	lsls	r3, r3, #24
10000a9e:	0001      	movs	r1, r0
10000aa0:	6818      	ldr	r0, [r3, #0]
10000aa2:	4b07      	ldr	r3, [pc, #28]	; (10000ac0 <user_irq_claim_unused+0x28>)
10000aa4:	b083      	sub	sp, #12
10000aa6:	1818      	adds	r0, r3, r0
10000aa8:	4b06      	ldr	r3, [pc, #24]	; (10000ac4 <user_irq_claim_unused+0x2c>)
10000aaa:	2200      	movs	r2, #0
10000aac:	9300      	str	r3, [sp, #0]
10000aae:	2305      	movs	r3, #5
10000ab0:	f7ff fce6 	bl	10000480 <hw_claim_unused_from_range>
10000ab4:	2800      	cmp	r0, #0
10000ab6:	db01      	blt.n	10000abc <user_irq_claim_unused+0x24>
10000ab8:	231f      	movs	r3, #31
10000aba:	1a18      	subs	r0, r3, r0
10000abc:	b003      	add	sp, #12
10000abe:	bd00      	pop	{pc}
10000ac0:	20000f2c 	.word	0x20000f2c
10000ac4:	1000505c 	.word	0x1000505c

10000ac8 <lock_init>:
10000ac8:	4b02      	ldr	r3, [pc, #8]	; (10000ad4 <lock_init+0xc>)
10000aca:	469c      	mov	ip, r3
10000acc:	4461      	add	r1, ip
10000ace:	0089      	lsls	r1, r1, #2
10000ad0:	6001      	str	r1, [r0, #0]
10000ad2:	4770      	bx	lr
10000ad4:	34000040 	.word	0x34000040

10000ad8 <timer_pool_entry_comparator>:
10000ad8:	6883      	ldr	r3, [r0, #8]
10000ada:	480b      	ldr	r0, [pc, #44]	; (10000b08 <timer_pool_entry_comparator+0x30>)
10000adc:	b510      	push	{r4, lr}
10000ade:	4684      	mov	ip, r0
10000ae0:	4461      	add	r1, ip
10000ae2:	4462      	add	r2, ip
10000ae4:	0109      	lsls	r1, r1, #4
10000ae6:	0112      	lsls	r2, r2, #4
10000ae8:	189a      	adds	r2, r3, r2
10000aea:	1859      	adds	r1, r3, r1
10000aec:	6854      	ldr	r4, [r2, #4]
10000aee:	684b      	ldr	r3, [r1, #4]
10000af0:	2001      	movs	r0, #1
10000af2:	429c      	cmp	r4, r3
10000af4:	d801      	bhi.n	10000afa <timer_pool_entry_comparator+0x22>
10000af6:	d002      	beq.n	10000afe <timer_pool_entry_comparator+0x26>
10000af8:	2000      	movs	r0, #0
10000afa:	b2c0      	uxtb	r0, r0
10000afc:	bd10      	pop	{r4, pc}
10000afe:	6812      	ldr	r2, [r2, #0]
10000b00:	680b      	ldr	r3, [r1, #0]
10000b02:	429a      	cmp	r2, r3
10000b04:	d8f9      	bhi.n	10000afa <timer_pool_entry_comparator+0x22>
10000b06:	e7f7      	b.n	10000af8 <timer_pool_entry_comparator+0x20>
10000b08:	0fffffff 	.word	0x0fffffff

10000b0c <sleep_until_callback>:
10000b0c:	4b0a      	ldr	r3, [pc, #40]	; (10000b38 <sleep_until_callback+0x2c>)
10000b0e:	6819      	ldr	r1, [r3, #0]
10000b10:	f3ef 8010 	mrs	r0, PRIMASK
10000b14:	b672      	cpsid	i
10000b16:	680a      	ldr	r2, [r1, #0]
10000b18:	2a00      	cmp	r2, #0
10000b1a:	d0fc      	beq.n	10000b16 <sleep_until_callback+0xa>
10000b1c:	f3bf 8f5f 	dmb	sy
10000b20:	681b      	ldr	r3, [r3, #0]
10000b22:	f3bf 8f5f 	dmb	sy
10000b26:	2200      	movs	r2, #0
10000b28:	601a      	str	r2, [r3, #0]
10000b2a:	f380 8810 	msr	PRIMASK, r0
10000b2e:	bf40      	sev
10000b30:	2000      	movs	r0, #0
10000b32:	2100      	movs	r1, #0
10000b34:	4770      	bx	lr
10000b36:	46c0      	nop			; (mov r8, r8)
10000b38:	20000efc 	.word	0x20000efc

10000b3c <add_alarm_under_lock>:
10000b3c:	b5f8      	push	{r3, r4, r5, r6, r7, lr}
10000b3e:	4645      	mov	r5, r8
10000b40:	4657      	mov	r7, sl
10000b42:	464e      	mov	r6, r9
10000b44:	46de      	mov	lr, fp
10000b46:	b5e0      	push	{r5, r6, r7, lr}
10000b48:	0014      	movs	r4, r2
10000b4a:	aa0d      	add	r2, sp, #52	; 0x34
10000b4c:	7812      	ldrb	r2, [r2, #0]
10000b4e:	001d      	movs	r5, r3
10000b50:	ab0c      	add	r3, sp, #48	; 0x30
10000b52:	4692      	mov	sl, r2
10000b54:	781b      	ldrb	r3, [r3, #0]
10000b56:	6802      	ldr	r2, [r0, #0]
10000b58:	4681      	mov	r9, r0
10000b5a:	4690      	mov	r8, r2
10000b5c:	2b00      	cmp	r3, #0
10000b5e:	d113      	bne.n	10000b88 <add_alarm_under_lock+0x4c>
10000b60:	7b97      	ldrb	r7, [r2, #14]
10000b62:	2f00      	cmp	r7, #0
10000b64:	d04a      	beq.n	10000bfc <add_alarm_under_lock+0xc0>
10000b66:	4640      	mov	r0, r8
10000b68:	007e      	lsls	r6, r7, #1
10000b6a:	6812      	ldr	r2, [r2, #0]
10000b6c:	19f6      	adds	r6, r6, r7
10000b6e:	3e03      	subs	r6, #3
10000b70:	1992      	adds	r2, r2, r6
10000b72:	7851      	ldrb	r1, [r2, #1]
10000b74:	003b      	movs	r3, r7
10000b76:	7381      	strb	r1, [r0, #14]
10000b78:	2900      	cmp	r1, #0
10000b7a:	d100      	bne.n	10000b7e <add_alarm_under_lock+0x42>
10000b7c:	73c1      	strb	r1, [r0, #15]
10000b7e:	2100      	movs	r1, #0
10000b80:	7091      	strb	r1, [r2, #2]
10000b82:	7051      	strb	r1, [r2, #1]
10000b84:	7011      	strb	r1, [r2, #0]
10000b86:	e003      	b.n	10000b90 <add_alarm_under_lock+0x54>
10000b88:	001f      	movs	r7, r3
10000b8a:	005e      	lsls	r6, r3, #1
10000b8c:	18f6      	adds	r6, r6, r3
10000b8e:	3e03      	subs	r6, #3
10000b90:	4a2e      	ldr	r2, [pc, #184]	; (10000c4c <add_alarm_under_lock+0x110>)
10000b92:	4694      	mov	ip, r2
10000b94:	464a      	mov	r2, r9
10000b96:	6892      	ldr	r2, [r2, #8]
10000b98:	4463      	add	r3, ip
10000b9a:	4694      	mov	ip, r2
10000b9c:	011b      	lsls	r3, r3, #4
10000b9e:	9a0a      	ldr	r2, [sp, #40]	; 0x28
10000ba0:	4463      	add	r3, ip
10000ba2:	609a      	str	r2, [r3, #8]
10000ba4:	9a0b      	ldr	r2, [sp, #44]	; 0x2c
10000ba6:	601c      	str	r4, [r3, #0]
10000ba8:	605d      	str	r5, [r3, #4]
10000baa:	60da      	str	r2, [r3, #12]
10000bac:	4643      	mov	r3, r8
10000bae:	2200      	movs	r2, #0
10000bb0:	681b      	ldr	r3, [r3, #0]
10000bb2:	199b      	adds	r3, r3, r6
10000bb4:	709a      	strb	r2, [r3, #2]
10000bb6:	705a      	strb	r2, [r3, #1]
10000bb8:	701a      	strb	r2, [r3, #0]
10000bba:	4643      	mov	r3, r8
10000bbc:	7b5b      	ldrb	r3, [r3, #13]
10000bbe:	469b      	mov	fp, r3
10000bc0:	2b00      	cmp	r3, #0
10000bc2:	d02b      	beq.n	10000c1c <add_alarm_under_lock+0xe0>
10000bc4:	4643      	mov	r3, r8
10000bc6:	003a      	movs	r2, r7
10000bc8:	6898      	ldr	r0, [r3, #8]
10000bca:	4659      	mov	r1, fp
10000bcc:	685b      	ldr	r3, [r3, #4]
10000bce:	4798      	blx	r3
10000bd0:	465b      	mov	r3, fp
10000bd2:	4642      	mov	r2, r8
10000bd4:	005b      	lsls	r3, r3, #1
10000bd6:	445b      	add	r3, fp
10000bd8:	3b03      	subs	r3, #3
10000bda:	6812      	ldr	r2, [r2, #0]
10000bdc:	2800      	cmp	r0, #0
10000bde:	d014      	beq.n	10000c0a <add_alarm_under_lock+0xce>
10000be0:	18d3      	adds	r3, r2, r3
10000be2:	1996      	adds	r6, r2, r6
10000be4:	465a      	mov	r2, fp
10000be6:	70b2      	strb	r2, [r6, #2]
10000be8:	781a      	ldrb	r2, [r3, #0]
10000bea:	2a00      	cmp	r2, #0
10000bec:	d000      	beq.n	10000bf0 <add_alarm_under_lock+0xb4>
10000bee:	7072      	strb	r2, [r6, #1]
10000bf0:	701f      	strb	r7, [r3, #0]
10000bf2:	465a      	mov	r2, fp
10000bf4:	4643      	mov	r3, r8
10000bf6:	735a      	strb	r2, [r3, #13]
10000bf8:	45bb      	cmp	fp, r7
10000bfa:	d011      	beq.n	10000c20 <add_alarm_under_lock+0xe4>
10000bfc:	0038      	movs	r0, r7
10000bfe:	bc3c      	pop	{r2, r3, r4, r5}
10000c00:	4690      	mov	r8, r2
10000c02:	4699      	mov	r9, r3
10000c04:	46a2      	mov	sl, r4
10000c06:	46ab      	mov	fp, r5
10000c08:	bdf8      	pop	{r3, r4, r5, r6, r7, pc}
10000c0a:	18d3      	adds	r3, r2, r3
10000c0c:	1996      	adds	r6, r2, r6
10000c0e:	709f      	strb	r7, [r3, #2]
10000c10:	7832      	ldrb	r2, [r6, #0]
10000c12:	2a00      	cmp	r2, #0
10000c14:	d000      	beq.n	10000c18 <add_alarm_under_lock+0xdc>
10000c16:	705a      	strb	r2, [r3, #1]
10000c18:	465b      	mov	r3, fp
10000c1a:	7033      	strb	r3, [r6, #0]
10000c1c:	4643      	mov	r3, r8
10000c1e:	735f      	strb	r7, [r3, #13]
10000c20:	464b      	mov	r3, r9
10000c22:	0022      	movs	r2, r4
10000c24:	7d18      	ldrb	r0, [r3, #20]
10000c26:	002b      	movs	r3, r5
10000c28:	f000 fb18 	bl	1000125c <hardware_alarm_set_target>
10000c2c:	1e04      	subs	r4, r0, #0
10000c2e:	d007      	beq.n	10000c40 <add_alarm_under_lock+0x104>
10000c30:	4653      	mov	r3, sl
10000c32:	2b00      	cmp	r3, #0
10000c34:	d104      	bne.n	10000c40 <add_alarm_under_lock+0x104>
10000c36:	464b      	mov	r3, r9
10000c38:	0039      	movs	r1, r7
10000c3a:	6818      	ldr	r0, [r3, #0]
10000c3c:	f000 fe8c 	bl	10001958 <ph_remove_and_free_node>
10000c40:	9b0e      	ldr	r3, [sp, #56]	; 0x38
10000c42:	2b00      	cmp	r3, #0
10000c44:	d0da      	beq.n	10000bfc <add_alarm_under_lock+0xc0>
10000c46:	701c      	strb	r4, [r3, #0]
10000c48:	e7d8      	b.n	10000bfc <add_alarm_under_lock+0xc0>
10000c4a:	46c0      	nop			; (mov r8, r8)
10000c4c:	0fffffff 	.word	0x0fffffff

10000c50 <alarm_pool_alarm_callback>:
10000c50:	b5f0      	push	{r4, r5, r6, r7, lr}
10000c52:	46de      	mov	lr, fp
10000c54:	4657      	mov	r7, sl
10000c56:	464e      	mov	r6, r9
10000c58:	4645      	mov	r5, r8
10000c5a:	2300      	movs	r3, #0
10000c5c:	b5e0      	push	{r5, r6, r7, lr}
10000c5e:	b08d      	sub	sp, #52	; 0x34
10000c60:	930a      	str	r3, [sp, #40]	; 0x28
10000c62:	4b6d      	ldr	r3, [pc, #436]	; (10000e18 <alarm_pool_alarm_callback+0x1c8>)
10000c64:	0082      	lsls	r2, r0, #2
10000c66:	58d4      	ldr	r4, [r2, r3]
10000c68:	2300      	movs	r3, #0
10000c6a:	469b      	mov	fp, r3
10000c6c:	900b      	str	r0, [sp, #44]	; 0x2c
10000c6e:	f000 faa3 	bl	100011b8 <time_us_64>
10000c72:	6862      	ldr	r2, [r4, #4]
10000c74:	f3ef 8510 	mrs	r5, PRIMASK
10000c78:	b672      	cpsid	i
10000c7a:	6813      	ldr	r3, [r2, #0]
10000c7c:	2b00      	cmp	r3, #0
10000c7e:	d0fc      	beq.n	10000c7a <alarm_pool_alarm_callback+0x2a>
10000c80:	f3bf 8f5f 	dmb	sy
10000c84:	6823      	ldr	r3, [r4, #0]
10000c86:	469c      	mov	ip, r3
10000c88:	7b5b      	ldrb	r3, [r3, #13]
10000c8a:	4699      	mov	r9, r3
10000c8c:	2b00      	cmp	r3, #0
10000c8e:	d100      	bne.n	10000c92 <alarm_pool_alarm_callback+0x42>
10000c90:	e06b      	b.n	10000d6a <alarm_pool_alarm_callback+0x11a>
10000c92:	68a2      	ldr	r2, [r4, #8]
10000c94:	4b61      	ldr	r3, [pc, #388]	; (10000e1c <alarm_pool_alarm_callback+0x1cc>)
10000c96:	4690      	mov	r8, r2
10000c98:	444b      	add	r3, r9
10000c9a:	011b      	lsls	r3, r3, #4
10000c9c:	4498      	add	r8, r3
10000c9e:	4643      	mov	r3, r8
10000ca0:	681e      	ldr	r6, [r3, #0]
10000ca2:	685f      	ldr	r7, [r3, #4]
10000ca4:	0032      	movs	r2, r6
10000ca6:	003b      	movs	r3, r7
10000ca8:	1a12      	subs	r2, r2, r0
10000caa:	418b      	sbcs	r3, r1
10000cac:	2b00      	cmp	r3, #0
10000cae:	dd65      	ble.n	10000d7c <alarm_pool_alarm_callback+0x12c>
10000cb0:	003b      	movs	r3, r7
10000cb2:	0032      	movs	r2, r6
10000cb4:	980b      	ldr	r0, [sp, #44]	; 0x2c
10000cb6:	f000 fad1 	bl	1000125c <hardware_alarm_set_target>
10000cba:	2300      	movs	r3, #0
10000cbc:	2200      	movs	r2, #0
10000cbe:	9208      	str	r2, [sp, #32]
10000cc0:	9309      	str	r3, [sp, #36]	; 0x24
10000cc2:	2300      	movs	r3, #0
10000cc4:	2700      	movs	r7, #0
10000cc6:	469a      	mov	sl, r3
10000cc8:	6863      	ldr	r3, [r4, #4]
10000cca:	f3bf 8f5f 	dmb	sy
10000cce:	465a      	mov	r2, fp
10000cd0:	601a      	str	r2, [r3, #0]
10000cd2:	f385 8810 	msr	PRIMASK, r5
10000cd6:	4653      	mov	r3, sl
10000cd8:	2b00      	cmp	r3, #0
10000cda:	d108      	bne.n	10000cee <alarm_pool_alarm_callback+0x9e>
10000cdc:	2800      	cmp	r0, #0
10000cde:	d1c6      	bne.n	10000c6e <alarm_pool_alarm_callback+0x1e>
10000ce0:	b00d      	add	sp, #52	; 0x34
10000ce2:	bc3c      	pop	{r2, r3, r4, r5}
10000ce4:	4690      	mov	r8, r2
10000ce6:	4699      	mov	r9, r3
10000ce8:	46a2      	mov	sl, r4
10000cea:	46ab      	mov	fp, r5
10000cec:	bdf0      	pop	{r4, r5, r6, r7, pc}
10000cee:	9b0a      	ldr	r3, [sp, #40]	; 0x28
10000cf0:	0039      	movs	r1, r7
10000cf2:	0218      	lsls	r0, r3, #8
10000cf4:	464b      	mov	r3, r9
10000cf6:	4318      	orrs	r0, r3
10000cf8:	47d0      	blx	sl
10000cfa:	6862      	ldr	r2, [r4, #4]
10000cfc:	9006      	str	r0, [sp, #24]
10000cfe:	9107      	str	r1, [sp, #28]
10000d00:	f3ef 8810 	mrs	r8, PRIMASK
10000d04:	b672      	cpsid	i
10000d06:	4656      	mov	r6, sl
10000d08:	4645      	mov	r5, r8
10000d0a:	6813      	ldr	r3, [r2, #0]
10000d0c:	2b00      	cmp	r3, #0
10000d0e:	d0fc      	beq.n	10000d0a <alarm_pool_alarm_callback+0xba>
10000d10:	46b2      	mov	sl, r6
10000d12:	46a8      	mov	r8, r5
10000d14:	f3bf 8f5f 	dmb	sy
10000d18:	9906      	ldr	r1, [sp, #24]
10000d1a:	9a07      	ldr	r2, [sp, #28]
10000d1c:	1e13      	subs	r3, r2, #0
10000d1e:	db49      	blt.n	10000db4 <alarm_pool_alarm_callback+0x164>
10000d20:	4319      	orrs	r1, r3
10000d22:	d002      	beq.n	10000d2a <alarm_pool_alarm_callback+0xda>
10000d24:	6923      	ldr	r3, [r4, #16]
10000d26:	2b00      	cmp	r3, #0
10000d28:	d15f      	bne.n	10000dea <alarm_pool_alarm_callback+0x19a>
10000d2a:	6823      	ldr	r3, [r4, #0]
10000d2c:	7bda      	ldrb	r2, [r3, #15]
10000d2e:	2a00      	cmp	r2, #0
10000d30:	d007      	beq.n	10000d42 <alarm_pool_alarm_callback+0xf2>
10000d32:	0051      	lsls	r1, r2, #1
10000d34:	188a      	adds	r2, r1, r2
10000d36:	6819      	ldr	r1, [r3, #0]
10000d38:	468c      	mov	ip, r1
10000d3a:	4649      	mov	r1, r9
10000d3c:	4462      	add	r2, ip
10000d3e:	3a03      	subs	r2, #3
10000d40:	7051      	strb	r1, [r2, #1]
10000d42:	464a      	mov	r2, r9
10000d44:	73da      	strb	r2, [r3, #15]
10000d46:	68e2      	ldr	r2, [r4, #12]
10000d48:	464b      	mov	r3, r9
10000d4a:	4694      	mov	ip, r2
10000d4c:	3b01      	subs	r3, #1
10000d4e:	4463      	add	r3, ip
10000d50:	781a      	ldrb	r2, [r3, #0]
10000d52:	3201      	adds	r2, #1
10000d54:	701a      	strb	r2, [r3, #0]
10000d56:	465b      	mov	r3, fp
10000d58:	6123      	str	r3, [r4, #16]
10000d5a:	6863      	ldr	r3, [r4, #4]
10000d5c:	f3bf 8f5f 	dmb	sy
10000d60:	465a      	mov	r2, fp
10000d62:	601a      	str	r2, [r3, #0]
10000d64:	f388 8810 	msr	PRIMASK, r8
10000d68:	e781      	b.n	10000c6e <alarm_pool_alarm_callback+0x1e>
10000d6a:	2300      	movs	r3, #0
10000d6c:	2200      	movs	r2, #0
10000d6e:	9208      	str	r2, [sp, #32]
10000d70:	9309      	str	r3, [sp, #36]	; 0x24
10000d72:	2300      	movs	r3, #0
10000d74:	2700      	movs	r7, #0
10000d76:	469a      	mov	sl, r3
10000d78:	2000      	movs	r0, #0
10000d7a:	e7a5      	b.n	10000cc8 <alarm_pool_alarm_callback+0x78>
10000d7c:	2b00      	cmp	r3, #0
10000d7e:	d101      	bne.n	10000d84 <alarm_pool_alarm_callback+0x134>
10000d80:	2a00      	cmp	r2, #0
10000d82:	d195      	bne.n	10000cb0 <alarm_pool_alarm_callback+0x60>
10000d84:	2100      	movs	r1, #0
10000d86:	4660      	mov	r0, ip
10000d88:	f000 fd08 	bl	1000179c <ph_remove_head>
10000d8c:	4643      	mov	r3, r8
10000d8e:	681a      	ldr	r2, [r3, #0]
10000d90:	685b      	ldr	r3, [r3, #4]
10000d92:	9208      	str	r2, [sp, #32]
10000d94:	9309      	str	r3, [sp, #36]	; 0x24
10000d96:	4643      	mov	r3, r8
10000d98:	689b      	ldr	r3, [r3, #8]
10000d9a:	469a      	mov	sl, r3
10000d9c:	4643      	mov	r3, r8
10000d9e:	68df      	ldr	r7, [r3, #12]
10000da0:	68e3      	ldr	r3, [r4, #12]
10000da2:	444b      	add	r3, r9
10000da4:	3b01      	subs	r3, #1
10000da6:	781b      	ldrb	r3, [r3, #0]
10000da8:	930a      	str	r3, [sp, #40]	; 0x28
10000daa:	021b      	lsls	r3, r3, #8
10000dac:	4303      	orrs	r3, r0
10000dae:	6123      	str	r3, [r4, #16]
10000db0:	2000      	movs	r0, #0
10000db2:	e789      	b.n	10000cc8 <alarm_pool_alarm_callback+0x78>
10000db4:	6923      	ldr	r3, [r4, #16]
10000db6:	2b00      	cmp	r3, #0
10000db8:	d0b7      	beq.n	10000d2a <alarm_pool_alarm_callback+0xda>
10000dba:	9d08      	ldr	r5, [sp, #32]
10000dbc:	9e09      	ldr	r6, [sp, #36]	; 0x24
10000dbe:	1a6d      	subs	r5, r5, r1
10000dc0:	4196      	sbcs	r6, r2
10000dc2:	002a      	movs	r2, r5
10000dc4:	0033      	movs	r3, r6
10000dc6:	9d08      	ldr	r5, [sp, #32]
10000dc8:	9e09      	ldr	r6, [sp, #36]	; 0x24
10000dca:	429e      	cmp	r6, r3
10000dcc:	d818      	bhi.n	10000e00 <alarm_pool_alarm_callback+0x1b0>
10000dce:	d01b      	beq.n	10000e08 <alarm_pool_alarm_callback+0x1b8>
10000dd0:	4659      	mov	r1, fp
10000dd2:	9104      	str	r1, [sp, #16]
10000dd4:	2101      	movs	r1, #1
10000dd6:	9103      	str	r1, [sp, #12]
10000dd8:	4649      	mov	r1, r9
10000dda:	9102      	str	r1, [sp, #8]
10000ddc:	4651      	mov	r1, sl
10000dde:	9701      	str	r7, [sp, #4]
10000de0:	9100      	str	r1, [sp, #0]
10000de2:	0020      	movs	r0, r4
10000de4:	f7ff feaa 	bl	10000b3c <add_alarm_under_lock>
10000de8:	e7b5      	b.n	10000d56 <alarm_pool_alarm_callback+0x106>
10000dea:	f000 f9e5 	bl	100011b8 <time_us_64>
10000dee:	9a06      	ldr	r2, [sp, #24]
10000df0:	9b07      	ldr	r3, [sp, #28]
10000df2:	1812      	adds	r2, r2, r0
10000df4:	414b      	adcs	r3, r1
10000df6:	4299      	cmp	r1, r3
10000df8:	d802      	bhi.n	10000e00 <alarm_pool_alarm_callback+0x1b0>
10000dfa:	d1e9      	bne.n	10000dd0 <alarm_pool_alarm_callback+0x180>
10000dfc:	4290      	cmp	r0, r2
10000dfe:	d9e7      	bls.n	10000dd0 <alarm_pool_alarm_callback+0x180>
10000e00:	2201      	movs	r2, #1
10000e02:	4252      	negs	r2, r2
10000e04:	17d3      	asrs	r3, r2, #31
10000e06:	e7e3      	b.n	10000dd0 <alarm_pool_alarm_callback+0x180>
10000e08:	9908      	ldr	r1, [sp, #32]
10000e0a:	4291      	cmp	r1, r2
10000e0c:	d9e0      	bls.n	10000dd0 <alarm_pool_alarm_callback+0x180>
10000e0e:	2201      	movs	r2, #1
10000e10:	4252      	negs	r2, r2
10000e12:	17d3      	asrs	r3, r2, #31
10000e14:	e7dc      	b.n	10000dd0 <alarm_pool_alarm_callback+0x180>
10000e16:	46c0      	nop			; (mov r8, r8)
10000e18:	20000ee0 	.word	0x20000ee0
10000e1c:	0fffffff 	.word	0x0fffffff

10000e20 <alarm_pool_init_default>:
10000e20:	b510      	push	{r4, lr}
10000e22:	4c12      	ldr	r4, [pc, #72]	; (10000e6c <alarm_pool_init_default+0x4c>)
10000e24:	6863      	ldr	r3, [r4, #4]
10000e26:	2b00      	cmp	r3, #0
10000e28:	d004      	beq.n	10000e34 <alarm_pool_init_default+0x14>
10000e2a:	210a      	movs	r1, #10
10000e2c:	4810      	ldr	r0, [pc, #64]	; (10000e70 <alarm_pool_init_default+0x50>)
10000e2e:	f7ff fe4b 	bl	10000ac8 <lock_init>
10000e32:	bd10      	pop	{r4, pc}
10000e34:	0023      	movs	r3, r4
10000e36:	4a0f      	ldr	r2, [pc, #60]	; (10000e74 <alarm_pool_init_default+0x54>)
10000e38:	2110      	movs	r1, #16
10000e3a:	6820      	ldr	r0, [r4, #0]
10000e3c:	f000 fad0 	bl	100013e0 <ph_post_alloc_init>
10000e40:	2003      	movs	r0, #3
10000e42:	f000 f9ad 	bl	100011a0 <hardware_alarm_claim>
10000e46:	2003      	movs	r0, #3
10000e48:	f000 fa7c 	bl	10001344 <hardware_alarm_cancel>
10000e4c:	490a      	ldr	r1, [pc, #40]	; (10000e78 <alarm_pool_init_default+0x58>)
10000e4e:	2003      	movs	r0, #3
10000e50:	f000 f9be 	bl	100011d0 <hardware_alarm_set_callback>
10000e54:	f7ff fb78 	bl	10000548 <next_striped_spin_lock_num>
10000e58:	4b08      	ldr	r3, [pc, #32]	; (10000e7c <alarm_pool_init_default+0x5c>)
10000e5a:	469c      	mov	ip, r3
10000e5c:	2303      	movs	r3, #3
10000e5e:	4460      	add	r0, ip
10000e60:	7523      	strb	r3, [r4, #20]
10000e62:	4b07      	ldr	r3, [pc, #28]	; (10000e80 <alarm_pool_init_default+0x60>)
10000e64:	0080      	lsls	r0, r0, #2
10000e66:	6060      	str	r0, [r4, #4]
10000e68:	60dc      	str	r4, [r3, #12]
10000e6a:	e7de      	b.n	10000e2a <alarm_pool_init_default+0xa>
10000e6c:	200003bc 	.word	0x200003bc
10000e70:	20000efc 	.word	0x20000efc
10000e74:	10000ad9 	.word	0x10000ad9
10000e78:	10000c51 	.word	0x10000c51
10000e7c:	34000040 	.word	0x34000040
10000e80:	20000ee0 	.word	0x20000ee0

10000e84 <alarm_pool_get_default>:
10000e84:	4800      	ldr	r0, [pc, #0]	; (10000e88 <alarm_pool_get_default+0x4>)
10000e86:	4770      	bx	lr
10000e88:	200003bc 	.word	0x200003bc

10000e8c <alarm_pool_add_alarm_at>:
10000e8c:	b5f0      	push	{r4, r5, r6, r7, lr}
10000e8e:	4657      	mov	r7, sl
10000e90:	4645      	mov	r5, r8
10000e92:	46de      	mov	lr, fp
10000e94:	464e      	mov	r6, r9
10000e96:	b5e0      	push	{r5, r6, r7, lr}
10000e98:	b085      	sub	sp, #20
10000e9a:	9200      	str	r2, [sp, #0]
10000e9c:	9301      	str	r3, [sp, #4]
10000e9e:	ab10      	add	r3, sp, #64	; 0x40
10000ea0:	781b      	ldrb	r3, [r3, #0]
10000ea2:	2700      	movs	r7, #0
10000ea4:	9303      	str	r3, [sp, #12]
10000ea6:	2300      	movs	r3, #0
10000ea8:	4680      	mov	r8, r0
10000eaa:	469a      	mov	sl, r3
10000eac:	4643      	mov	r3, r8
10000eae:	685a      	ldr	r2, [r3, #4]
10000eb0:	f3ef 8910 	mrs	r9, PRIMASK
10000eb4:	b672      	cpsid	i
10000eb6:	6813      	ldr	r3, [r2, #0]
10000eb8:	2b00      	cmp	r3, #0
10000eba:	d0fc      	beq.n	10000eb6 <alarm_pool_add_alarm_at+0x2a>
10000ebc:	f3bf 8f5f 	dmb	sy
10000ec0:	4643      	mov	r3, r8
10000ec2:	681d      	ldr	r5, [r3, #0]
10000ec4:	7bac      	ldrb	r4, [r5, #14]
10000ec6:	2c00      	cmp	r4, #0
10000ec8:	d04f      	beq.n	10000f6a <alarm_pool_add_alarm_at+0xde>
10000eca:	0066      	lsls	r6, r4, #1
10000ecc:	1936      	adds	r6, r6, r4
10000ece:	682b      	ldr	r3, [r5, #0]
10000ed0:	3e03      	subs	r6, #3
10000ed2:	199b      	adds	r3, r3, r6
10000ed4:	785a      	ldrb	r2, [r3, #1]
10000ed6:	73aa      	strb	r2, [r5, #14]
10000ed8:	2a00      	cmp	r2, #0
10000eda:	d100      	bne.n	10000ede <alarm_pool_add_alarm_at+0x52>
10000edc:	73ea      	strb	r2, [r5, #15]
10000ede:	4642      	mov	r2, r8
10000ee0:	709f      	strb	r7, [r3, #2]
10000ee2:	705f      	strb	r7, [r3, #1]
10000ee4:	701f      	strb	r7, [r3, #0]
10000ee6:	6892      	ldr	r2, [r2, #8]
10000ee8:	4b4e      	ldr	r3, [pc, #312]	; (10001024 <alarm_pool_add_alarm_at+0x198>)
10000eea:	4694      	mov	ip, r2
10000eec:	9900      	ldr	r1, [sp, #0]
10000eee:	9a01      	ldr	r2, [sp, #4]
10000ef0:	18e3      	adds	r3, r4, r3
10000ef2:	011b      	lsls	r3, r3, #4
10000ef4:	4463      	add	r3, ip
10000ef6:	6019      	str	r1, [r3, #0]
10000ef8:	605a      	str	r2, [r3, #4]
10000efa:	9a0e      	ldr	r2, [sp, #56]	; 0x38
10000efc:	609a      	str	r2, [r3, #8]
10000efe:	9a0f      	ldr	r2, [sp, #60]	; 0x3c
10000f00:	60da      	str	r2, [r3, #12]
10000f02:	682b      	ldr	r3, [r5, #0]
10000f04:	199b      	adds	r3, r3, r6
10000f06:	709f      	strb	r7, [r3, #2]
10000f08:	705f      	strb	r7, [r3, #1]
10000f0a:	701f      	strb	r7, [r3, #0]
10000f0c:	7b6b      	ldrb	r3, [r5, #13]
10000f0e:	469b      	mov	fp, r3
10000f10:	2b00      	cmp	r3, #0
10000f12:	d042      	beq.n	10000f9a <alarm_pool_add_alarm_at+0x10e>
10000f14:	0022      	movs	r2, r4
10000f16:	0019      	movs	r1, r3
10000f18:	68a8      	ldr	r0, [r5, #8]
10000f1a:	686b      	ldr	r3, [r5, #4]
10000f1c:	4798      	blx	r3
10000f1e:	465b      	mov	r3, fp
10000f20:	005b      	lsls	r3, r3, #1
10000f22:	445b      	add	r3, fp
10000f24:	3b03      	subs	r3, #3
10000f26:	682a      	ldr	r2, [r5, #0]
10000f28:	2800      	cmp	r0, #0
10000f2a:	d02d      	beq.n	10000f88 <alarm_pool_add_alarm_at+0xfc>
10000f2c:	18d3      	adds	r3, r2, r3
10000f2e:	1996      	adds	r6, r2, r6
10000f30:	465a      	mov	r2, fp
10000f32:	70b2      	strb	r2, [r6, #2]
10000f34:	781a      	ldrb	r2, [r3, #0]
10000f36:	2a00      	cmp	r2, #0
10000f38:	d000      	beq.n	10000f3c <alarm_pool_add_alarm_at+0xb0>
10000f3a:	7072      	strb	r2, [r6, #1]
10000f3c:	701c      	strb	r4, [r3, #0]
10000f3e:	465b      	mov	r3, fp
10000f40:	736b      	strb	r3, [r5, #13]
10000f42:	455c      	cmp	r4, fp
10000f44:	d02a      	beq.n	10000f9c <alarm_pool_add_alarm_at+0x110>
10000f46:	4643      	mov	r3, r8
10000f48:	68db      	ldr	r3, [r3, #12]
10000f4a:	191b      	adds	r3, r3, r4
10000f4c:	3b01      	subs	r3, #1
10000f4e:	7818      	ldrb	r0, [r3, #0]
10000f50:	4643      	mov	r3, r8
10000f52:	685b      	ldr	r3, [r3, #4]
10000f54:	f3bf 8f5f 	dmb	sy
10000f58:	601f      	str	r7, [r3, #0]
10000f5a:	f389 8810 	msr	PRIMASK, r9
10000f5e:	4653      	mov	r3, sl
10000f60:	2b00      	cmp	r3, #0
10000f62:	d12a      	bne.n	10000fba <alarm_pool_add_alarm_at+0x12e>
10000f64:	0200      	lsls	r0, r0, #8
10000f66:	4320      	orrs	r0, r4
10000f68:	e007      	b.n	10000f7a <alarm_pool_add_alarm_at+0xee>
10000f6a:	685b      	ldr	r3, [r3, #4]
10000f6c:	f3bf 8f5f 	dmb	sy
10000f70:	601c      	str	r4, [r3, #0]
10000f72:	f389 8810 	msr	PRIMASK, r9
10000f76:	2001      	movs	r0, #1
10000f78:	4240      	negs	r0, r0
10000f7a:	b005      	add	sp, #20
10000f7c:	bc3c      	pop	{r2, r3, r4, r5}
10000f7e:	4690      	mov	r8, r2
10000f80:	4699      	mov	r9, r3
10000f82:	46a2      	mov	sl, r4
10000f84:	46ab      	mov	fp, r5
10000f86:	bdf0      	pop	{r4, r5, r6, r7, pc}
10000f88:	18d3      	adds	r3, r2, r3
10000f8a:	1996      	adds	r6, r2, r6
10000f8c:	709c      	strb	r4, [r3, #2]
10000f8e:	7832      	ldrb	r2, [r6, #0]
10000f90:	2a00      	cmp	r2, #0
10000f92:	d000      	beq.n	10000f96 <alarm_pool_add_alarm_at+0x10a>
10000f94:	705a      	strb	r2, [r3, #1]
10000f96:	465b      	mov	r3, fp
10000f98:	7033      	strb	r3, [r6, #0]
10000f9a:	736c      	strb	r4, [r5, #13]
10000f9c:	4643      	mov	r3, r8
10000f9e:	7d18      	ldrb	r0, [r3, #20]
10000fa0:	9a00      	ldr	r2, [sp, #0]
10000fa2:	9b01      	ldr	r3, [sp, #4]
10000fa4:	f000 f95a 	bl	1000125c <hardware_alarm_set_target>
10000fa8:	4682      	mov	sl, r0
10000faa:	2800      	cmp	r0, #0
10000fac:	d0cb      	beq.n	10000f46 <alarm_pool_add_alarm_at+0xba>
10000fae:	4643      	mov	r3, r8
10000fb0:	0021      	movs	r1, r4
10000fb2:	6818      	ldr	r0, [r3, #0]
10000fb4:	f000 fcd0 	bl	10001958 <ph_remove_and_free_node>
10000fb8:	e7c5      	b.n	10000f46 <alarm_pool_add_alarm_at+0xba>
10000fba:	9b03      	ldr	r3, [sp, #12]
10000fbc:	2b00      	cmp	r3, #0
10000fbe:	d02f      	beq.n	10001020 <alarm_pool_add_alarm_at+0x194>
10000fc0:	9b0e      	ldr	r3, [sp, #56]	; 0x38
10000fc2:	990f      	ldr	r1, [sp, #60]	; 0x3c
10000fc4:	2000      	movs	r0, #0
10000fc6:	4798      	blx	r3
10000fc8:	0003      	movs	r3, r0
10000fca:	430b      	orrs	r3, r1
10000fcc:	d028      	beq.n	10001020 <alarm_pool_add_alarm_at+0x194>
10000fce:	0004      	movs	r4, r0
10000fd0:	1e0d      	subs	r5, r1, #0
10000fd2:	da0d      	bge.n	10000ff0 <alarm_pool_add_alarm_at+0x164>
10000fd4:	9800      	ldr	r0, [sp, #0]
10000fd6:	9901      	ldr	r1, [sp, #4]
10000fd8:	0002      	movs	r2, r0
10000fda:	000b      	movs	r3, r1
10000fdc:	1b12      	subs	r2, r2, r4
10000fde:	41ab      	sbcs	r3, r5
10000fe0:	4299      	cmp	r1, r3
10000fe2:	d813      	bhi.n	1000100c <alarm_pool_add_alarm_at+0x180>
10000fe4:	d018      	beq.n	10001018 <alarm_pool_add_alarm_at+0x18c>
10000fe6:	9200      	str	r2, [sp, #0]
10000fe8:	9301      	str	r3, [sp, #4]
10000fea:	9b03      	ldr	r3, [sp, #12]
10000fec:	469a      	mov	sl, r3
10000fee:	e75d      	b.n	10000eac <alarm_pool_add_alarm_at+0x20>
10000ff0:	f000 f8e2 	bl	100011b8 <time_us_64>
10000ff4:	1824      	adds	r4, r4, r0
10000ff6:	414d      	adcs	r5, r1
10000ff8:	0023      	movs	r3, r4
10000ffa:	002c      	movs	r4, r5
10000ffc:	9300      	str	r3, [sp, #0]
10000ffe:	9401      	str	r4, [sp, #4]
10001000:	42a9      	cmp	r1, r5
10001002:	d803      	bhi.n	1000100c <alarm_pool_add_alarm_at+0x180>
10001004:	d1f1      	bne.n	10000fea <alarm_pool_add_alarm_at+0x15e>
10001006:	9b00      	ldr	r3, [sp, #0]
10001008:	4298      	cmp	r0, r3
1000100a:	d9ee      	bls.n	10000fea <alarm_pool_add_alarm_at+0x15e>
1000100c:	2301      	movs	r3, #1
1000100e:	425b      	negs	r3, r3
10001010:	17dc      	asrs	r4, r3, #31
10001012:	9300      	str	r3, [sp, #0]
10001014:	9401      	str	r4, [sp, #4]
10001016:	e7e8      	b.n	10000fea <alarm_pool_add_alarm_at+0x15e>
10001018:	9900      	ldr	r1, [sp, #0]
1000101a:	4291      	cmp	r1, r2
1000101c:	d9e3      	bls.n	10000fe6 <alarm_pool_add_alarm_at+0x15a>
1000101e:	e7f5      	b.n	1000100c <alarm_pool_add_alarm_at+0x180>
10001020:	2000      	movs	r0, #0
10001022:	e7aa      	b.n	10000f7a <alarm_pool_add_alarm_at+0xee>
10001024:	0fffffff 	.word	0x0fffffff

10001028 <alarm_pool_cancel_alarm>:
10001028:	b5f8      	push	{r3, r4, r5, r6, r7, lr}
1000102a:	6842      	ldr	r2, [r0, #4]
1000102c:	0004      	movs	r4, r0
1000102e:	f3ef 8510 	mrs	r5, PRIMASK
10001032:	b672      	cpsid	i
10001034:	6813      	ldr	r3, [r2, #0]
10001036:	2b00      	cmp	r3, #0
10001038:	d0fc      	beq.n	10001034 <alarm_pool_cancel_alarm+0xc>
1000103a:	f3bf 8f5f 	dmb	sy
1000103e:	23ff      	movs	r3, #255	; 0xff
10001040:	6820      	ldr	r0, [r4, #0]
10001042:	b2ce      	uxtb	r6, r1
10001044:	7b42      	ldrb	r2, [r0, #13]
10001046:	400b      	ands	r3, r1
10001048:	42b2      	cmp	r2, r6
1000104a:	d008      	beq.n	1000105e <alarm_pool_cancel_alarm+0x36>
1000104c:	6807      	ldr	r7, [r0, #0]
1000104e:	005a      	lsls	r2, r3, #1
10001050:	46bc      	mov	ip, r7
10001052:	18d2      	adds	r2, r2, r3
10001054:	4462      	add	r2, ip
10001056:	3a03      	subs	r2, #3
10001058:	7892      	ldrb	r2, [r2, #2]
1000105a:	2a00      	cmp	r2, #0
1000105c:	d011      	beq.n	10001082 <alarm_pool_cancel_alarm+0x5a>
1000105e:	68e2      	ldr	r2, [r4, #12]
10001060:	0a09      	lsrs	r1, r1, #8
10001062:	4694      	mov	ip, r2
10001064:	4463      	add	r3, ip
10001066:	3b01      	subs	r3, #1
10001068:	781b      	ldrb	r3, [r3, #0]
1000106a:	b2c9      	uxtb	r1, r1
1000106c:	428b      	cmp	r3, r1
1000106e:	d00e      	beq.n	1000108e <alarm_pool_cancel_alarm+0x66>
10001070:	2000      	movs	r0, #0
10001072:	6863      	ldr	r3, [r4, #4]
10001074:	f3bf 8f5f 	dmb	sy
10001078:	2200      	movs	r2, #0
1000107a:	601a      	str	r2, [r3, #0]
1000107c:	f385 8810 	msr	PRIMASK, r5
10001080:	bdf8      	pop	{r3, r4, r5, r6, r7, pc}
10001082:	6923      	ldr	r3, [r4, #16]
10001084:	428b      	cmp	r3, r1
10001086:	d1f3      	bne.n	10001070 <alarm_pool_cancel_alarm+0x48>
10001088:	6122      	str	r2, [r4, #16]
1000108a:	2000      	movs	r0, #0
1000108c:	e7f1      	b.n	10001072 <alarm_pool_cancel_alarm+0x4a>
1000108e:	0031      	movs	r1, r6
10001090:	f000 fc62 	bl	10001958 <ph_remove_and_free_node>
10001094:	e7ed      	b.n	10001072 <alarm_pool_cancel_alarm+0x4a>
10001096:	46c0      	nop			; (mov r8, r8)

10001098 <best_effort_wfe_or_timeout>:
10001098:	2300      	movs	r3, #0
1000109a:	b570      	push	{r4, r5, r6, lr}
1000109c:	b084      	sub	sp, #16
1000109e:	4e11      	ldr	r6, [pc, #68]	; (100010e4 <best_effort_wfe_or_timeout+0x4c>)
100010a0:	9302      	str	r3, [sp, #8]
100010a2:	9301      	str	r3, [sp, #4]
100010a4:	4b10      	ldr	r3, [pc, #64]	; (100010e8 <best_effort_wfe_or_timeout+0x50>)
100010a6:	0005      	movs	r5, r0
100010a8:	9300      	str	r3, [sp, #0]
100010aa:	0002      	movs	r2, r0
100010ac:	000b      	movs	r3, r1
100010ae:	0030      	movs	r0, r6
100010b0:	000c      	movs	r4, r1
100010b2:	f7ff feeb 	bl	10000e8c <alarm_pool_add_alarm_at>
100010b6:	2800      	cmp	r0, #0
100010b8:	dd04      	ble.n	100010c4 <best_effort_wfe_or_timeout+0x2c>
100010ba:	bf20      	wfe
100010bc:	0001      	movs	r1, r0
100010be:	0030      	movs	r0, r6
100010c0:	f7ff ffb2 	bl	10001028 <alarm_pool_cancel_alarm>
100010c4:	4a09      	ldr	r2, [pc, #36]	; (100010ec <best_effort_wfe_or_timeout+0x54>)
100010c6:	2000      	movs	r0, #0
100010c8:	6a53      	ldr	r3, [r2, #36]	; 0x24
100010ca:	42a3      	cmp	r3, r4
100010cc:	d303      	bcc.n	100010d6 <best_effort_wfe_or_timeout+0x3e>
100010ce:	6a92      	ldr	r2, [r2, #40]	; 0x28
100010d0:	3001      	adds	r0, #1
100010d2:	42aa      	cmp	r2, r5
100010d4:	d301      	bcc.n	100010da <best_effort_wfe_or_timeout+0x42>
100010d6:	b004      	add	sp, #16
100010d8:	bd70      	pop	{r4, r5, r6, pc}
100010da:	1b1c      	subs	r4, r3, r4
100010dc:	1e60      	subs	r0, r4, #1
100010de:	4184      	sbcs	r4, r0
100010e0:	b2e0      	uxtb	r0, r4
100010e2:	e7f8      	b.n	100010d6 <best_effort_wfe_or_timeout+0x3e>
100010e4:	200003bc 	.word	0x200003bc
100010e8:	10000b0d 	.word	0x10000b0d
100010ec:	40054000 	.word	0x40054000

100010f0 <hardware_alarm_irq_handler>:
100010f0:	b5f0      	push	{r4, r5, r6, r7, lr}
100010f2:	46c6      	mov	lr, r8
100010f4:	b500      	push	{lr}
100010f6:	f3ef 8305 	mrs	r3, IPSR
100010fa:	223f      	movs	r2, #63	; 0x3f
100010fc:	4013      	ands	r3, r2
100010fe:	0018      	movs	r0, r3
10001100:	3810      	subs	r0, #16
10001102:	f3ef 8710 	mrs	r7, PRIMASK
10001106:	b672      	cpsid	i
10001108:	4d1f      	ldr	r5, [pc, #124]	; (10001188 <hardware_alarm_irq_handler+0x98>)
1000110a:	682a      	ldr	r2, [r5, #0]
1000110c:	2a00      	cmp	r2, #0
1000110e:	d0fc      	beq.n	1000110a <hardware_alarm_irq_handler+0x1a>
10001110:	f3bf 8f5f 	dmb	sy
10001114:	2201      	movs	r2, #1
10001116:	0011      	movs	r1, r2
10001118:	4081      	lsls	r1, r0
1000111a:	4688      	mov	r8, r1
1000111c:	4644      	mov	r4, r8
1000111e:	491b      	ldr	r1, [pc, #108]	; (1000118c <hardware_alarm_irq_handler+0x9c>)
10001120:	634c      	str	r4, [r1, #52]	; 0x34
10001122:	4c1b      	ldr	r4, [pc, #108]	; (10001190 <hardware_alarm_irq_handler+0xa0>)
10001124:	7826      	ldrb	r6, [r4, #0]
10001126:	46a4      	mov	ip, r4
10001128:	0034      	movs	r4, r6
1000112a:	40c4      	lsrs	r4, r0
1000112c:	4022      	ands	r2, r4
1000112e:	d015      	beq.n	1000115c <hardware_alarm_irq_handler+0x6c>
10001130:	6a4c      	ldr	r4, [r1, #36]	; 0x24
10001132:	4918      	ldr	r1, [pc, #96]	; (10001194 <hardware_alarm_irq_handler+0xa4>)
10001134:	0082      	lsls	r2, r0, #2
10001136:	5851      	ldr	r1, [r2, r1]
10001138:	428c      	cmp	r4, r1
1000113a:	d317      	bcc.n	1000116c <hardware_alarm_irq_handler+0x7c>
1000113c:	4b16      	ldr	r3, [pc, #88]	; (10001198 <hardware_alarm_irq_handler+0xa8>)
1000113e:	58d2      	ldr	r2, [r2, r3]
10001140:	4643      	mov	r3, r8
10001142:	439e      	bics	r6, r3
10001144:	4663      	mov	r3, ip
10001146:	701e      	strb	r6, [r3, #0]
10001148:	f3bf 8f5f 	dmb	sy
1000114c:	2300      	movs	r3, #0
1000114e:	602b      	str	r3, [r5, #0]
10001150:	f387 8810 	msr	PRIMASK, r7
10001154:	2a00      	cmp	r2, #0
10001156:	d006      	beq.n	10001166 <hardware_alarm_irq_handler+0x76>
10001158:	4790      	blx	r2
1000115a:	e004      	b.n	10001166 <hardware_alarm_irq_handler+0x76>
1000115c:	f3bf 8f5f 	dmb	sy
10001160:	602a      	str	r2, [r5, #0]
10001162:	f387 8810 	msr	PRIMASK, r7
10001166:	bc04      	pop	{r2}
10001168:	4690      	mov	r8, r2
1000116a:	bdf0      	pop	{r4, r5, r6, r7, pc}
1000116c:	4a0b      	ldr	r2, [pc, #44]	; (1000119c <hardware_alarm_irq_handler+0xac>)
1000116e:	009b      	lsls	r3, r3, #2
10001170:	4694      	mov	ip, r2
10001172:	4463      	add	r3, ip
10001174:	681a      	ldr	r2, [r3, #0]
10001176:	601a      	str	r2, [r3, #0]
10001178:	f3bf 8f5f 	dmb	sy
1000117c:	2300      	movs	r3, #0
1000117e:	602b      	str	r3, [r5, #0]
10001180:	f387 8810 	msr	PRIMASK, r7
10001184:	e7ef      	b.n	10001166 <hardware_alarm_irq_handler+0x76>
10001186:	46c0      	nop			; (mov r8, r8)
10001188:	d0000128 	.word	0xd0000128
1000118c:	40054000 	.word	0x40054000
10001190:	20000f35 	.word	0x20000f35
10001194:	20000f08 	.word	0x20000f08
10001198:	20000928 	.word	0x20000928
1000119c:	40053fd0 	.word	0x40053fd0

100011a0 <hardware_alarm_claim>:
100011a0:	b510      	push	{r4, lr}
100011a2:	0001      	movs	r1, r0
100011a4:	4a02      	ldr	r2, [pc, #8]	; (100011b0 <hardware_alarm_claim+0x10>)
100011a6:	4803      	ldr	r0, [pc, #12]	; (100011b4 <hardware_alarm_claim+0x14>)
100011a8:	f7ff f948 	bl	1000043c <hw_claim_or_assert>
100011ac:	bd10      	pop	{r4, pc}
100011ae:	46c0      	nop			; (mov r8, r8)
100011b0:	10005078 	.word	0x10005078
100011b4:	20000f31 	.word	0x20000f31

100011b8 <time_us_64>:
100011b8:	4a04      	ldr	r2, [pc, #16]	; (100011cc <time_us_64+0x14>)
100011ba:	6a51      	ldr	r1, [r2, #36]	; 0x24
100011bc:	e000      	b.n	100011c0 <time_us_64+0x8>
100011be:	0019      	movs	r1, r3
100011c0:	6a90      	ldr	r0, [r2, #40]	; 0x28
100011c2:	6a53      	ldr	r3, [r2, #36]	; 0x24
100011c4:	4299      	cmp	r1, r3
100011c6:	d1fa      	bne.n	100011be <time_us_64+0x6>
100011c8:	4770      	bx	lr
100011ca:	46c0      	nop			; (mov r8, r8)
100011cc:	40054000 	.word	0x40054000

100011d0 <hardware_alarm_set_callback>:
100011d0:	b570      	push	{r4, r5, r6, lr}
100011d2:	0004      	movs	r4, r0
100011d4:	000d      	movs	r5, r1
100011d6:	f3ef 8610 	mrs	r6, PRIMASK
100011da:	b672      	cpsid	i
100011dc:	4a1a      	ldr	r2, [pc, #104]	; (10001248 <hardware_alarm_set_callback+0x78>)
100011de:	6813      	ldr	r3, [r2, #0]
100011e0:	2b00      	cmp	r3, #0
100011e2:	d0fc      	beq.n	100011de <hardware_alarm_set_callback+0xe>
100011e4:	f3bf 8f5f 	dmb	sy
100011e8:	2d00      	cmp	r5, #0
100011ea:	d01b      	beq.n	10001224 <hardware_alarm_set_callback+0x54>
100011ec:	0020      	movs	r0, r4
100011ee:	f7ff f9f7 	bl	100005e0 <irq_get_vtable_handler>
100011f2:	4916      	ldr	r1, [pc, #88]	; (1000124c <hardware_alarm_set_callback+0x7c>)
100011f4:	4288      	cmp	r0, r1
100011f6:	d00a      	beq.n	1000120e <hardware_alarm_set_callback+0x3e>
100011f8:	0020      	movs	r0, r4
100011fa:	f7ff f9f9 	bl	100005f0 <irq_set_exclusive_handler>
100011fe:	2101      	movs	r1, #1
10001200:	0020      	movs	r0, r4
10001202:	f7ff f9bd 	bl	10000580 <irq_set_enabled>
10001206:	2301      	movs	r3, #1
10001208:	40a3      	lsls	r3, r4
1000120a:	4a11      	ldr	r2, [pc, #68]	; (10001250 <hardware_alarm_set_callback+0x80>)
1000120c:	6013      	str	r3, [r2, #0]
1000120e:	4b11      	ldr	r3, [pc, #68]	; (10001254 <hardware_alarm_set_callback+0x84>)
10001210:	00a4      	lsls	r4, r4, #2
10001212:	50e5      	str	r5, [r4, r3]
10001214:	f3bf 8f5f 	dmb	sy
10001218:	2200      	movs	r2, #0
1000121a:	4b0b      	ldr	r3, [pc, #44]	; (10001248 <hardware_alarm_set_callback+0x78>)
1000121c:	601a      	str	r2, [r3, #0]
1000121e:	f386 8810 	msr	PRIMASK, r6
10001222:	bd70      	pop	{r4, r5, r6, pc}
10001224:	4b0b      	ldr	r3, [pc, #44]	; (10001254 <hardware_alarm_set_callback+0x84>)
10001226:	00a2      	lsls	r2, r4, #2
10001228:	50d5      	str	r5, [r2, r3]
1000122a:	2201      	movs	r2, #1
1000122c:	40a2      	lsls	r2, r4
1000122e:	490a      	ldr	r1, [pc, #40]	; (10001258 <hardware_alarm_set_callback+0x88>)
10001230:	0020      	movs	r0, r4
10001232:	780b      	ldrb	r3, [r1, #0]
10001234:	4393      	bics	r3, r2
10001236:	700b      	strb	r3, [r1, #0]
10001238:	4904      	ldr	r1, [pc, #16]	; (1000124c <hardware_alarm_set_callback+0x7c>)
1000123a:	f7ff fae7 	bl	1000080c <irq_remove_handler>
1000123e:	2100      	movs	r1, #0
10001240:	0020      	movs	r0, r4
10001242:	f7ff f99d 	bl	10000580 <irq_set_enabled>
10001246:	e7e5      	b.n	10001214 <hardware_alarm_set_callback+0x44>
10001248:	d0000128 	.word	0xd0000128
1000124c:	100010f1 	.word	0x100010f1
10001250:	40056038 	.word	0x40056038
10001254:	20000928 	.word	0x20000928
10001258:	20000f35 	.word	0x20000f35

1000125c <hardware_alarm_set_target>:
1000125c:	b5f0      	push	{r4, r5, r6, r7, lr}
1000125e:	46d6      	mov	lr, sl
10001260:	464f      	mov	r7, r9
10001262:	4646      	mov	r6, r8
10001264:	4c32      	ldr	r4, [pc, #200]	; (10001330 <hardware_alarm_set_target+0xd4>)
10001266:	b5c0      	push	{r6, r7, lr}
10001268:	6a65      	ldr	r5, [r4, #36]	; 0x24
1000126a:	e000      	b.n	1000126e <hardware_alarm_set_target+0x12>
1000126c:	000d      	movs	r5, r1
1000126e:	6aa6      	ldr	r6, [r4, #40]	; 0x28
10001270:	6a61      	ldr	r1, [r4, #36]	; 0x24
10001272:	42a9      	cmp	r1, r5
10001274:	d1fa      	bne.n	1000126c <hardware_alarm_set_target+0x10>
10001276:	42ab      	cmp	r3, r5
10001278:	d809      	bhi.n	1000128e <hardware_alarm_set_target+0x32>
1000127a:	d006      	beq.n	1000128a <hardware_alarm_set_target+0x2e>
1000127c:	2401      	movs	r4, #1
1000127e:	0020      	movs	r0, r4
10001280:	bc1c      	pop	{r2, r3, r4}
10001282:	4690      	mov	r8, r2
10001284:	4699      	mov	r9, r3
10001286:	46a2      	mov	sl, r4
10001288:	bdf0      	pop	{r4, r5, r6, r7, pc}
1000128a:	42b2      	cmp	r2, r6
1000128c:	d9f6      	bls.n	1000127c <hardware_alarm_set_target+0x20>
1000128e:	f3ef 8910 	mrs	r9, PRIMASK
10001292:	b672      	cpsid	i
10001294:	4c27      	ldr	r4, [pc, #156]	; (10001334 <hardware_alarm_set_target+0xd8>)
10001296:	6821      	ldr	r1, [r4, #0]
10001298:	2900      	cmp	r1, #0
1000129a:	d0fc      	beq.n	10001296 <hardware_alarm_set_target+0x3a>
1000129c:	f3bf 8f5f 	dmb	sy
100012a0:	2601      	movs	r6, #1
100012a2:	4925      	ldr	r1, [pc, #148]	; (10001338 <hardware_alarm_set_target+0xdc>)
100012a4:	4086      	lsls	r6, r0
100012a6:	468c      	mov	ip, r1
100012a8:	7809      	ldrb	r1, [r1, #0]
100012aa:	4d24      	ldr	r5, [pc, #144]	; (1000133c <hardware_alarm_set_target+0xe0>)
100012ac:	000f      	movs	r7, r1
100012ae:	4337      	orrs	r7, r6
100012b0:	4688      	mov	r8, r1
100012b2:	b2f9      	uxtb	r1, r7
100012b4:	468a      	mov	sl, r1
100012b6:	4661      	mov	r1, ip
100012b8:	4654      	mov	r4, sl
100012ba:	700c      	strb	r4, [r1, #0]
100012bc:	491c      	ldr	r1, [pc, #112]	; (10001330 <hardware_alarm_set_target+0xd4>)
100012be:	1d04      	adds	r4, r0, #4
100012c0:	00a4      	lsls	r4, r4, #2
100012c2:	634e      	str	r6, [r1, #52]	; 0x34
100012c4:	5062      	str	r2, [r4, r1]
100012c6:	0084      	lsls	r4, r0, #2
100012c8:	5163      	str	r3, [r4, r5]
100012ca:	6a0d      	ldr	r5, [r1, #32]
100012cc:	2400      	movs	r4, #0
100012ce:	4235      	tst	r5, r6
100012d0:	d01a      	beq.n	10001308 <hardware_alarm_set_target+0xac>
100012d2:	6a4d      	ldr	r5, [r1, #36]	; 0x24
100012d4:	e000      	b.n	100012d8 <hardware_alarm_set_target+0x7c>
100012d6:	0025      	movs	r5, r4
100012d8:	6a8f      	ldr	r7, [r1, #40]	; 0x28
100012da:	6a4c      	ldr	r4, [r1, #36]	; 0x24
100012dc:	42ac      	cmp	r4, r5
100012de:	d1fa      	bne.n	100012d6 <hardware_alarm_set_target+0x7a>
100012e0:	42ab      	cmp	r3, r5
100012e2:	d819      	bhi.n	10001318 <hardware_alarm_set_target+0xbc>
100012e4:	d101      	bne.n	100012ea <hardware_alarm_set_target+0x8e>
100012e6:	42ba      	cmp	r2, r7
100012e8:	d816      	bhi.n	10001318 <hardware_alarm_set_target+0xbc>
100012ea:	45c2      	cmp	sl, r8
100012ec:	d01d      	beq.n	1000132a <hardware_alarm_set_target+0xce>
100012ee:	4b10      	ldr	r3, [pc, #64]	; (10001330 <hardware_alarm_set_target+0xd4>)
100012f0:	4a13      	ldr	r2, [pc, #76]	; (10001340 <hardware_alarm_set_target+0xe4>)
100012f2:	621e      	str	r6, [r3, #32]
100012f4:	635e      	str	r6, [r3, #52]	; 0x34
100012f6:	231f      	movs	r3, #31
100012f8:	4018      	ands	r0, r3
100012fa:	3b1e      	subs	r3, #30
100012fc:	4083      	lsls	r3, r0
100012fe:	6013      	str	r3, [r2, #0]
10001300:	4663      	mov	r3, ip
10001302:	4642      	mov	r2, r8
10001304:	2401      	movs	r4, #1
10001306:	701a      	strb	r2, [r3, #0]
10001308:	f3bf 8f5f 	dmb	sy
1000130c:	2200      	movs	r2, #0
1000130e:	4b09      	ldr	r3, [pc, #36]	; (10001334 <hardware_alarm_set_target+0xd8>)
10001310:	601a      	str	r2, [r3, #0]
10001312:	f389 8810 	msr	PRIMASK, r9
10001316:	e7b2      	b.n	1000127e <hardware_alarm_set_target+0x22>
10001318:	2400      	movs	r4, #0
1000131a:	f3bf 8f5f 	dmb	sy
1000131e:	2200      	movs	r2, #0
10001320:	4b04      	ldr	r3, [pc, #16]	; (10001334 <hardware_alarm_set_target+0xd8>)
10001322:	601a      	str	r2, [r3, #0]
10001324:	f389 8810 	msr	PRIMASK, r9
10001328:	e7a9      	b.n	1000127e <hardware_alarm_set_target+0x22>
1000132a:	2401      	movs	r4, #1
1000132c:	e7ec      	b.n	10001308 <hardware_alarm_set_target+0xac>
1000132e:	46c0      	nop			; (mov r8, r8)
10001330:	40054000 	.word	0x40054000
10001334:	d0000128 	.word	0xd0000128
10001338:	20000f35 	.word	0x20000f35
1000133c:	20000f08 	.word	0x20000f08
10001340:	e000e280 	.word	0xe000e280

10001344 <hardware_alarm_cancel>:
10001344:	b510      	push	{r4, lr}
10001346:	f3ef 8410 	mrs	r4, PRIMASK
1000134a:	b672      	cpsid	i
1000134c:	490a      	ldr	r1, [pc, #40]	; (10001378 <hardware_alarm_cancel+0x34>)
1000134e:	680b      	ldr	r3, [r1, #0]
10001350:	2b00      	cmp	r3, #0
10001352:	d0fc      	beq.n	1000134e <hardware_alarm_cancel+0xa>
10001354:	f3bf 8f5f 	dmb	sy
10001358:	2301      	movs	r3, #1
1000135a:	4083      	lsls	r3, r0
1000135c:	4a07      	ldr	r2, [pc, #28]	; (1000137c <hardware_alarm_cancel+0x38>)
1000135e:	4808      	ldr	r0, [pc, #32]	; (10001380 <hardware_alarm_cancel+0x3c>)
10001360:	6213      	str	r3, [r2, #32]
10001362:	7802      	ldrb	r2, [r0, #0]
10001364:	439a      	bics	r2, r3
10001366:	7002      	strb	r2, [r0, #0]
10001368:	f3bf 8f5f 	dmb	sy
1000136c:	2300      	movs	r3, #0
1000136e:	600b      	str	r3, [r1, #0]
10001370:	f384 8810 	msr	PRIMASK, r4
10001374:	bd10      	pop	{r4, pc}
10001376:	46c0      	nop			; (mov r8, r8)
10001378:	d0000128 	.word	0xd0000128
1000137c:	40054000 	.word	0x40054000
10001380:	20000f35 	.word	0x20000f35

10001384 <ph_merge_nodes>:
10001384:	b570      	push	{r4, r5, r6, lr}
10001386:	0006      	movs	r6, r0
10001388:	000d      	movs	r5, r1
1000138a:	0014      	movs	r4, r2
1000138c:	2900      	cmp	r1, #0
1000138e:	d01e      	beq.n	100013ce <ph_merge_nodes+0x4a>
10001390:	2a00      	cmp	r2, #0
10001392:	d01e      	beq.n	100013d2 <ph_merge_nodes+0x4e>
10001394:	6873      	ldr	r3, [r6, #4]
10001396:	6880      	ldr	r0, [r0, #8]
10001398:	4798      	blx	r3
1000139a:	0063      	lsls	r3, r4, #1
1000139c:	006a      	lsls	r2, r5, #1
1000139e:	191b      	adds	r3, r3, r4
100013a0:	1952      	adds	r2, r2, r5
100013a2:	3b03      	subs	r3, #3
100013a4:	3a03      	subs	r2, #3
100013a6:	6831      	ldr	r1, [r6, #0]
100013a8:	2800      	cmp	r0, #0
100013aa:	d008      	beq.n	100013be <ph_merge_nodes+0x3a>
100013ac:	18cb      	adds	r3, r1, r3
100013ae:	188a      	adds	r2, r1, r2
100013b0:	709d      	strb	r5, [r3, #2]
100013b2:	7811      	ldrb	r1, [r2, #0]
100013b4:	2900      	cmp	r1, #0
100013b6:	d10e      	bne.n	100013d6 <ph_merge_nodes+0x52>
100013b8:	7014      	strb	r4, [r2, #0]
100013ba:	0028      	movs	r0, r5
100013bc:	e008      	b.n	100013d0 <ph_merge_nodes+0x4c>
100013be:	188a      	adds	r2, r1, r2
100013c0:	18cb      	adds	r3, r1, r3
100013c2:	7094      	strb	r4, [r2, #2]
100013c4:	7819      	ldrb	r1, [r3, #0]
100013c6:	2900      	cmp	r1, #0
100013c8:	d000      	beq.n	100013cc <ph_merge_nodes+0x48>
100013ca:	7051      	strb	r1, [r2, #1]
100013cc:	701d      	strb	r5, [r3, #0]
100013ce:	0020      	movs	r0, r4
100013d0:	bd70      	pop	{r4, r5, r6, pc}
100013d2:	0008      	movs	r0, r1
100013d4:	e7fc      	b.n	100013d0 <ph_merge_nodes+0x4c>
100013d6:	7059      	strb	r1, [r3, #1]
100013d8:	0028      	movs	r0, r5
100013da:	7014      	strb	r4, [r2, #0]
100013dc:	e7f8      	b.n	100013d0 <ph_merge_nodes+0x4c>
100013de:	46c0      	nop			; (mov r8, r8)

100013e0 <ph_post_alloc_init>:
100013e0:	b5f0      	push	{r4, r5, r6, r7, lr}
100013e2:	46de      	mov	lr, fp
100013e4:	4657      	mov	r7, sl
100013e6:	464e      	mov	r6, r9
100013e8:	4645      	mov	r5, r8
100013ea:	b5e0      	push	{r5, r6, r7, lr}
100013ec:	6083      	str	r3, [r0, #8]
100013ee:	2300      	movs	r3, #0
100013f0:	b089      	sub	sp, #36	; 0x24
100013f2:	6042      	str	r2, [r0, #4]
100013f4:	6802      	ldr	r2, [r0, #0]
100013f6:	9106      	str	r1, [sp, #24]
100013f8:	7343      	strb	r3, [r0, #13]
100013fa:	b2c9      	uxtb	r1, r1
100013fc:	3301      	adds	r3, #1
100013fe:	9105      	str	r1, [sp, #20]
10001400:	7301      	strb	r1, [r0, #12]
10001402:	7383      	strb	r3, [r0, #14]
10001404:	73c1      	strb	r1, [r0, #15]
10001406:	9204      	str	r2, [sp, #16]
10001408:	2901      	cmp	r1, #1
1000140a:	d800      	bhi.n	1000140e <ph_post_alloc_init+0x2e>
1000140c:	e0a4      	b.n	10001558 <ph_post_alloc_init+0x178>
1000140e:	000a      	movs	r2, r1
10001410:	1e4b      	subs	r3, r1, #1
10001412:	b2d9      	uxtb	r1, r3
10001414:	1e93      	subs	r3, r2, #2
10001416:	9107      	str	r1, [sp, #28]
10001418:	2b07      	cmp	r3, #7
1000141a:	d800      	bhi.n	1000141e <ph_post_alloc_init+0x3e>
1000141c:	e0ae      	b.n	1000157c <ph_post_alloc_init+0x19c>
1000141e:	2500      	movs	r5, #0
10001420:	08cb      	lsrs	r3, r1, #3
10001422:	9303      	str	r3, [sp, #12]
10001424:	9b04      	ldr	r3, [sp, #16]
10001426:	4c56      	ldr	r4, [pc, #344]	; (10001580 <ph_post_alloc_init+0x1a0>)
10001428:	1c59      	adds	r1, r3, #1
1000142a:	4b56      	ldr	r3, [pc, #344]	; (10001584 <ph_post_alloc_init+0x1a4>)
1000142c:	4856      	ldr	r0, [pc, #344]	; (10001588 <ph_post_alloc_init+0x1a8>)
1000142e:	469b      	mov	fp, r3
10001430:	4b56      	ldr	r3, [pc, #344]	; (1000158c <ph_post_alloc_init+0x1ac>)
10001432:	469a      	mov	sl, r3
10001434:	4b56      	ldr	r3, [pc, #344]	; (10001590 <ph_post_alloc_init+0x1b0>)
10001436:	469c      	mov	ip, r3
10001438:	4b56      	ldr	r3, [pc, #344]	; (10001594 <ph_post_alloc_init+0x1b4>)
1000143a:	9302      	str	r3, [sp, #8]
1000143c:	4652      	mov	r2, sl
1000143e:	4663      	mov	r3, ip
10001440:	465f      	mov	r7, fp
10001442:	465e      	mov	r6, fp
10001444:	4062      	eors	r2, r4
10001446:	401a      	ands	r2, r3
10001448:	4b50      	ldr	r3, [pc, #320]	; (1000158c <ph_post_alloc_init+0x1ac>)
1000144a:	4027      	ands	r7, r4
1000144c:	18fb      	adds	r3, r7, r3
1000144e:	405a      	eors	r2, r3
10001450:	4006      	ands	r6, r0
10001452:	4653      	mov	r3, sl
10001454:	9601      	str	r6, [sp, #4]
10001456:	4666      	mov	r6, ip
10001458:	4043      	eors	r3, r0
1000145a:	4033      	ands	r3, r6
1000145c:	4e4b      	ldr	r6, [pc, #300]	; (1000158c <ph_post_alloc_init+0x1ac>)
1000145e:	700a      	strb	r2, [r1, #0]
10001460:	46b0      	mov	r8, r6
10001462:	9e01      	ldr	r6, [sp, #4]
10001464:	3501      	adds	r5, #1
10001466:	46b1      	mov	r9, r6
10001468:	44c8      	add	r8, r9
1000146a:	4646      	mov	r6, r8
1000146c:	4073      	eors	r3, r6
1000146e:	0416      	lsls	r6, r2, #16
10001470:	0e36      	lsrs	r6, r6, #24
10001472:	70ce      	strb	r6, [r1, #3]
10001474:	0216      	lsls	r6, r2, #8
10001476:	0e12      	lsrs	r2, r2, #24
10001478:	724a      	strb	r2, [r1, #9]
1000147a:	041a      	lsls	r2, r3, #16
1000147c:	0e12      	lsrs	r2, r2, #24
1000147e:	730b      	strb	r3, [r1, #12]
10001480:	73ca      	strb	r2, [r1, #15]
10001482:	021a      	lsls	r2, r3, #8
10001484:	0e1b      	lsrs	r3, r3, #24
10001486:	754b      	strb	r3, [r1, #21]
10001488:	9b02      	ldr	r3, [sp, #8]
1000148a:	0e36      	lsrs	r6, r6, #24
1000148c:	405c      	eors	r4, r3
1000148e:	4663      	mov	r3, ip
10001490:	401c      	ands	r4, r3
10001492:	4b40      	ldr	r3, [pc, #256]	; (10001594 <ph_post_alloc_init+0x1b4>)
10001494:	0e12      	lsrs	r2, r2, #24
10001496:	4698      	mov	r8, r3
10001498:	9b02      	ldr	r3, [sp, #8]
1000149a:	4447      	add	r7, r8
1000149c:	4058      	eors	r0, r3
1000149e:	4663      	mov	r3, ip
100014a0:	4018      	ands	r0, r3
100014a2:	464b      	mov	r3, r9
100014a4:	4443      	add	r3, r8
100014a6:	4058      	eors	r0, r3
100014a8:	9b03      	ldr	r3, [sp, #12]
100014aa:	b2ed      	uxtb	r5, r5
100014ac:	718e      	strb	r6, [r1, #6]
100014ae:	748a      	strb	r2, [r1, #18]
100014b0:	407c      	eors	r4, r7
100014b2:	3118      	adds	r1, #24
100014b4:	42ab      	cmp	r3, r5
100014b6:	d1c1      	bne.n	1000143c <ph_post_alloc_init+0x5c>
100014b8:	9907      	ldr	r1, [sp, #28]
100014ba:	2307      	movs	r3, #7
100014bc:	000a      	movs	r2, r1
100014be:	439a      	bics	r2, r3
100014c0:	1c53      	adds	r3, r2, #1
100014c2:	b2db      	uxtb	r3, r3
100014c4:	4291      	cmp	r1, r2
100014c6:	d047      	beq.n	10001558 <ph_post_alloc_init+0x178>
100014c8:	9c04      	ldr	r4, [sp, #16]
100014ca:	005a      	lsls	r2, r3, #1
100014cc:	46a4      	mov	ip, r4
100014ce:	18d2      	adds	r2, r2, r3
100014d0:	1c59      	adds	r1, r3, #1
100014d2:	4462      	add	r2, ip
100014d4:	9d05      	ldr	r5, [sp, #20]
100014d6:	b2c9      	uxtb	r1, r1
100014d8:	3a03      	subs	r2, #3
100014da:	7051      	strb	r1, [r2, #1]
100014dc:	428d      	cmp	r5, r1
100014de:	d93b      	bls.n	10001558 <ph_post_alloc_init+0x178>
100014e0:	004a      	lsls	r2, r1, #1
100014e2:	1852      	adds	r2, r2, r1
100014e4:	1c98      	adds	r0, r3, #2
100014e6:	4462      	add	r2, ip
100014e8:	b2c0      	uxtb	r0, r0
100014ea:	3a03      	subs	r2, #3
100014ec:	7050      	strb	r0, [r2, #1]
100014ee:	4285      	cmp	r5, r0
100014f0:	d932      	bls.n	10001558 <ph_post_alloc_init+0x178>
100014f2:	0042      	lsls	r2, r0, #1
100014f4:	1812      	adds	r2, r2, r0
100014f6:	1cd9      	adds	r1, r3, #3
100014f8:	4462      	add	r2, ip
100014fa:	b2c9      	uxtb	r1, r1
100014fc:	3a03      	subs	r2, #3
100014fe:	7051      	strb	r1, [r2, #1]
10001500:	428d      	cmp	r5, r1
10001502:	d929      	bls.n	10001558 <ph_post_alloc_init+0x178>
10001504:	004a      	lsls	r2, r1, #1
10001506:	1852      	adds	r2, r2, r1
10001508:	1d18      	adds	r0, r3, #4
1000150a:	4462      	add	r2, ip
1000150c:	b2c0      	uxtb	r0, r0
1000150e:	3a03      	subs	r2, #3
10001510:	7050      	strb	r0, [r2, #1]
10001512:	4285      	cmp	r5, r0
10001514:	d920      	bls.n	10001558 <ph_post_alloc_init+0x178>
10001516:	0042      	lsls	r2, r0, #1
10001518:	1812      	adds	r2, r2, r0
1000151a:	1d59      	adds	r1, r3, #5
1000151c:	4462      	add	r2, ip
1000151e:	b2c9      	uxtb	r1, r1
10001520:	3a03      	subs	r2, #3
10001522:	7051      	strb	r1, [r2, #1]
10001524:	428d      	cmp	r5, r1
10001526:	d917      	bls.n	10001558 <ph_post_alloc_init+0x178>
10001528:	004a      	lsls	r2, r1, #1
1000152a:	1852      	adds	r2, r2, r1
1000152c:	1d98      	adds	r0, r3, #6
1000152e:	4462      	add	r2, ip
10001530:	b2c0      	uxtb	r0, r0
10001532:	3a03      	subs	r2, #3
10001534:	7050      	strb	r0, [r2, #1]
10001536:	4285      	cmp	r5, r0
10001538:	d90e      	bls.n	10001558 <ph_post_alloc_init+0x178>
1000153a:	0042      	lsls	r2, r0, #1
1000153c:	1812      	adds	r2, r2, r0
1000153e:	1dd9      	adds	r1, r3, #7
10001540:	4462      	add	r2, ip
10001542:	b2c9      	uxtb	r1, r1
10001544:	3a03      	subs	r2, #3
10001546:	7051      	strb	r1, [r2, #1]
10001548:	428d      	cmp	r5, r1
1000154a:	d905      	bls.n	10001558 <ph_post_alloc_init+0x178>
1000154c:	004a      	lsls	r2, r1, #1
1000154e:	1852      	adds	r2, r2, r1
10001550:	4462      	add	r2, ip
10001552:	3a03      	subs	r2, #3
10001554:	3308      	adds	r3, #8
10001556:	7053      	strb	r3, [r2, #1]
10001558:	23ff      	movs	r3, #255	; 0xff
1000155a:	9a06      	ldr	r2, [sp, #24]
1000155c:	4013      	ands	r3, r2
1000155e:	0059      	lsls	r1, r3, #1
10001560:	18c9      	adds	r1, r1, r3
10001562:	9b04      	ldr	r3, [sp, #16]
10001564:	469c      	mov	ip, r3
10001566:	2300      	movs	r3, #0
10001568:	4461      	add	r1, ip
1000156a:	3903      	subs	r1, #3
1000156c:	704b      	strb	r3, [r1, #1]
1000156e:	b009      	add	sp, #36	; 0x24
10001570:	bc3c      	pop	{r2, r3, r4, r5}
10001572:	4690      	mov	r8, r2
10001574:	4699      	mov	r9, r3
10001576:	46a2      	mov	sl, r4
10001578:	46ab      	mov	fp, r5
1000157a:	bdf0      	pop	{r4, r5, r6, r7, pc}
1000157c:	2301      	movs	r3, #1
1000157e:	e7a3      	b.n	100014c8 <ph_post_alloc_init+0xe8>
10001580:	04030201 	.word	0x04030201
10001584:	7f7f7f7f 	.word	0x7f7f7f7f
10001588:	08070605 	.word	0x08070605
1000158c:	01010101 	.word	0x01010101
10001590:	80808080 	.word	0x80808080
10001594:	08080808 	.word	0x08080808

10001598 <ph_merge_two_pass>:
10001598:	b570      	push	{r4, r5, r6, lr}
1000159a:	0004      	movs	r4, r0
1000159c:	2900      	cmp	r1, #0
1000159e:	d007      	beq.n	100015b0 <ph_merge_two_pass+0x18>
100015a0:	004b      	lsls	r3, r1, #1
100015a2:	6800      	ldr	r0, [r0, #0]
100015a4:	185b      	adds	r3, r3, r1
100015a6:	3b03      	subs	r3, #3
100015a8:	18c3      	adds	r3, r0, r3
100015aa:	785a      	ldrb	r2, [r3, #1]
100015ac:	2a00      	cmp	r2, #0
100015ae:	d101      	bne.n	100015b4 <ph_merge_two_pass+0x1c>
100015b0:	0008      	movs	r0, r1
100015b2:	bd70      	pop	{r4, r5, r6, pc}
100015b4:	0055      	lsls	r5, r2, #1
100015b6:	18ad      	adds	r5, r5, r2
100015b8:	3d03      	subs	r5, #3
100015ba:	1940      	adds	r0, r0, r5
100015bc:	2500      	movs	r5, #0
100015be:	7846      	ldrb	r6, [r0, #1]
100015c0:	7045      	strb	r5, [r0, #1]
100015c2:	705d      	strb	r5, [r3, #1]
100015c4:	0020      	movs	r0, r4
100015c6:	f7ff fedd 	bl	10001384 <ph_merge_nodes>
100015ca:	0031      	movs	r1, r6
100015cc:	0005      	movs	r5, r0
100015ce:	0020      	movs	r0, r4
100015d0:	f7ff ffe2 	bl	10001598 <ph_merge_two_pass>
100015d4:	0029      	movs	r1, r5
100015d6:	0002      	movs	r2, r0
100015d8:	0020      	movs	r0, r4
100015da:	f7ff fed3 	bl	10001384 <ph_merge_nodes>
100015de:	0001      	movs	r1, r0
100015e0:	e7e6      	b.n	100015b0 <ph_merge_two_pass+0x18>
100015e2:	46c0      	nop			; (mov r8, r8)

100015e4 <ph_remove_any_head>:
100015e4:	b5f0      	push	{r4, r5, r6, r7, lr}
100015e6:	464e      	mov	r6, r9
100015e8:	4645      	mov	r5, r8
100015ea:	46de      	mov	lr, fp
100015ec:	4657      	mov	r7, sl
100015ee:	b5e0      	push	{r5, r6, r7, lr}
100015f0:	000e      	movs	r6, r1
100015f2:	0074      	lsls	r4, r6, #1
100015f4:	6801      	ldr	r1, [r0, #0]
100015f6:	19a4      	adds	r4, r4, r6
100015f8:	b085      	sub	sp, #20
100015fa:	3c03      	subs	r4, #3
100015fc:	9201      	str	r2, [sp, #4]
100015fe:	190a      	adds	r2, r1, r4
10001600:	0005      	movs	r5, r0
10001602:	7810      	ldrb	r0, [r2, #0]
10001604:	2800      	cmp	r0, #0
10001606:	d04c      	beq.n	100016a2 <ph_remove_any_head+0xbe>
10001608:	0043      	lsls	r3, r0, #1
1000160a:	181b      	adds	r3, r3, r0
1000160c:	3b03      	subs	r3, #3
1000160e:	18cb      	adds	r3, r1, r3
10001610:	785f      	ldrb	r7, [r3, #1]
10001612:	46bc      	mov	ip, r7
10001614:	2f00      	cmp	r7, #0
10001616:	d116      	bne.n	10001646 <ph_remove_any_head+0x62>
10001618:	9c01      	ldr	r4, [sp, #4]
1000161a:	2c00      	cmp	r4, #0
1000161c:	d03e      	beq.n	1000169c <ph_remove_any_head+0xb8>
1000161e:	7bec      	ldrb	r4, [r5, #15]
10001620:	2c00      	cmp	r4, #0
10001622:	d004      	beq.n	1000162e <ph_remove_any_head+0x4a>
10001624:	0063      	lsls	r3, r4, #1
10001626:	191b      	adds	r3, r3, r4
10001628:	18cb      	adds	r3, r1, r3
1000162a:	3b03      	subs	r3, #3
1000162c:	705e      	strb	r6, [r3, #1]
1000162e:	73ee      	strb	r6, [r5, #15]
10001630:	2800      	cmp	r0, #0
10001632:	d12f      	bne.n	10001694 <ph_remove_any_head+0xb0>
10001634:	2300      	movs	r3, #0
10001636:	7053      	strb	r3, [r2, #1]
10001638:	b005      	add	sp, #20
1000163a:	bc3c      	pop	{r2, r3, r4, r5}
1000163c:	4690      	mov	r8, r2
1000163e:	4699      	mov	r9, r3
10001640:	46a2      	mov	sl, r4
10001642:	46ab      	mov	fp, r5
10001644:	bdf0      	pop	{r4, r5, r6, r7, pc}
10001646:	007a      	lsls	r2, r7, #1
10001648:	4462      	add	r2, ip
1000164a:	3a03      	subs	r2, #3
1000164c:	1889      	adds	r1, r1, r2
1000164e:	784a      	ldrb	r2, [r1, #1]
10001650:	4693      	mov	fp, r2
10001652:	2200      	movs	r2, #0
10001654:	704a      	strb	r2, [r1, #1]
10001656:	4690      	mov	r8, r2
10001658:	705a      	strb	r2, [r3, #1]
1000165a:	0001      	movs	r1, r0
1000165c:	003a      	movs	r2, r7
1000165e:	0028      	movs	r0, r5
10001660:	f7ff fe90 	bl	10001384 <ph_merge_nodes>
10001664:	465b      	mov	r3, fp
10001666:	4681      	mov	r9, r0
10001668:	2b00      	cmp	r3, #0
1000166a:	d007      	beq.n	1000167c <ph_remove_any_head+0x98>
1000166c:	005b      	lsls	r3, r3, #1
1000166e:	6829      	ldr	r1, [r5, #0]
10001670:	445b      	add	r3, fp
10001672:	3b03      	subs	r3, #3
10001674:	18cb      	adds	r3, r1, r3
10001676:	785a      	ldrb	r2, [r3, #1]
10001678:	2a00      	cmp	r2, #0
1000167a:	d116      	bne.n	100016aa <ph_remove_any_head+0xc6>
1000167c:	465a      	mov	r2, fp
1000167e:	4649      	mov	r1, r9
10001680:	0028      	movs	r0, r5
10001682:	f7ff fe7f 	bl	10001384 <ph_merge_nodes>
10001686:	6829      	ldr	r1, [r5, #0]
10001688:	9b01      	ldr	r3, [sp, #4]
1000168a:	190a      	adds	r2, r1, r4
1000168c:	2b00      	cmp	r3, #0
1000168e:	d1c6      	bne.n	1000161e <ph_remove_any_head+0x3a>
10001690:	2800      	cmp	r0, #0
10001692:	d0cf      	beq.n	10001634 <ph_remove_any_head+0x50>
10001694:	0043      	lsls	r3, r0, #1
10001696:	181b      	adds	r3, r3, r0
10001698:	3b03      	subs	r3, #3
1000169a:	18cb      	adds	r3, r1, r3
1000169c:	2100      	movs	r1, #0
1000169e:	7099      	strb	r1, [r3, #2]
100016a0:	e7c8      	b.n	10001634 <ph_remove_any_head+0x50>
100016a2:	9b01      	ldr	r3, [sp, #4]
100016a4:	2b00      	cmp	r3, #0
100016a6:	d1ba      	bne.n	1000161e <ph_remove_any_head+0x3a>
100016a8:	e7c4      	b.n	10001634 <ph_remove_any_head+0x50>
100016aa:	0050      	lsls	r0, r2, #1
100016ac:	1880      	adds	r0, r0, r2
100016ae:	3803      	subs	r0, #3
100016b0:	1809      	adds	r1, r1, r0
100016b2:	7848      	ldrb	r0, [r1, #1]
100016b4:	4682      	mov	sl, r0
100016b6:	4640      	mov	r0, r8
100016b8:	7048      	strb	r0, [r1, #1]
100016ba:	7058      	strb	r0, [r3, #1]
100016bc:	4659      	mov	r1, fp
100016be:	0028      	movs	r0, r5
100016c0:	f7ff fe60 	bl	10001384 <ph_merge_nodes>
100016c4:	4653      	mov	r3, sl
100016c6:	4683      	mov	fp, r0
100016c8:	2b00      	cmp	r3, #0
100016ca:	d007      	beq.n	100016dc <ph_remove_any_head+0xf8>
100016cc:	005b      	lsls	r3, r3, #1
100016ce:	6829      	ldr	r1, [r5, #0]
100016d0:	4453      	add	r3, sl
100016d2:	3b03      	subs	r3, #3
100016d4:	18cb      	adds	r3, r1, r3
100016d6:	785a      	ldrb	r2, [r3, #1]
100016d8:	2a00      	cmp	r2, #0
100016da:	d106      	bne.n	100016ea <ph_remove_any_head+0x106>
100016dc:	4659      	mov	r1, fp
100016de:	4652      	mov	r2, sl
100016e0:	0028      	movs	r0, r5
100016e2:	f7ff fe4f 	bl	10001384 <ph_merge_nodes>
100016e6:	4683      	mov	fp, r0
100016e8:	e7c8      	b.n	1000167c <ph_remove_any_head+0x98>
100016ea:	0050      	lsls	r0, r2, #1
100016ec:	1880      	adds	r0, r0, r2
100016ee:	3803      	subs	r0, #3
100016f0:	1809      	adds	r1, r1, r0
100016f2:	4640      	mov	r0, r8
100016f4:	784f      	ldrb	r7, [r1, #1]
100016f6:	7048      	strb	r0, [r1, #1]
100016f8:	7058      	strb	r0, [r3, #1]
100016fa:	4651      	mov	r1, sl
100016fc:	0028      	movs	r0, r5
100016fe:	9702      	str	r7, [sp, #8]
10001700:	f7ff fe40 	bl	10001384 <ph_merge_nodes>
10001704:	4682      	mov	sl, r0
10001706:	2f00      	cmp	r7, #0
10001708:	d008      	beq.n	1000171c <ph_remove_any_head+0x138>
1000170a:	46bc      	mov	ip, r7
1000170c:	007b      	lsls	r3, r7, #1
1000170e:	6829      	ldr	r1, [r5, #0]
10001710:	4463      	add	r3, ip
10001712:	3b03      	subs	r3, #3
10001714:	18cb      	adds	r3, r1, r3
10001716:	785a      	ldrb	r2, [r3, #1]
10001718:	2a00      	cmp	r2, #0
1000171a:	d106      	bne.n	1000172a <ph_remove_any_head+0x146>
1000171c:	4651      	mov	r1, sl
1000171e:	9a02      	ldr	r2, [sp, #8]
10001720:	0028      	movs	r0, r5
10001722:	f7ff fe2f 	bl	10001384 <ph_merge_nodes>
10001726:	4682      	mov	sl, r0
10001728:	e7d8      	b.n	100016dc <ph_remove_any_head+0xf8>
1000172a:	0050      	lsls	r0, r2, #1
1000172c:	1880      	adds	r0, r0, r2
1000172e:	3803      	subs	r0, #3
10001730:	1809      	adds	r1, r1, r0
10001732:	4640      	mov	r0, r8
10001734:	784f      	ldrb	r7, [r1, #1]
10001736:	7048      	strb	r0, [r1, #1]
10001738:	7058      	strb	r0, [r3, #1]
1000173a:	9902      	ldr	r1, [sp, #8]
1000173c:	0028      	movs	r0, r5
1000173e:	9703      	str	r7, [sp, #12]
10001740:	f7ff fe20 	bl	10001384 <ph_merge_nodes>
10001744:	4680      	mov	r8, r0
10001746:	2f00      	cmp	r7, #0
10001748:	d008      	beq.n	1000175c <ph_remove_any_head+0x178>
1000174a:	46bc      	mov	ip, r7
1000174c:	007b      	lsls	r3, r7, #1
1000174e:	6829      	ldr	r1, [r5, #0]
10001750:	4463      	add	r3, ip
10001752:	3b03      	subs	r3, #3
10001754:	18cb      	adds	r3, r1, r3
10001756:	785a      	ldrb	r2, [r3, #1]
10001758:	2a00      	cmp	r2, #0
1000175a:	d106      	bne.n	1000176a <ph_remove_any_head+0x186>
1000175c:	9a03      	ldr	r2, [sp, #12]
1000175e:	4641      	mov	r1, r8
10001760:	0028      	movs	r0, r5
10001762:	f7ff fe0f 	bl	10001384 <ph_merge_nodes>
10001766:	9002      	str	r0, [sp, #8]
10001768:	e7d8      	b.n	1000171c <ph_remove_any_head+0x138>
1000176a:	2003      	movs	r0, #3
1000176c:	4350      	muls	r0, r2
1000176e:	3803      	subs	r0, #3
10001770:	1809      	adds	r1, r1, r0
10001772:	2000      	movs	r0, #0
10001774:	784f      	ldrb	r7, [r1, #1]
10001776:	7048      	strb	r0, [r1, #1]
10001778:	7058      	strb	r0, [r3, #1]
1000177a:	9903      	ldr	r1, [sp, #12]
1000177c:	0028      	movs	r0, r5
1000177e:	f7ff fe01 	bl	10001384 <ph_merge_nodes>
10001782:	0039      	movs	r1, r7
10001784:	9002      	str	r0, [sp, #8]
10001786:	0028      	movs	r0, r5
10001788:	f7ff ff06 	bl	10001598 <ph_merge_two_pass>
1000178c:	9902      	ldr	r1, [sp, #8]
1000178e:	0002      	movs	r2, r0
10001790:	0028      	movs	r0, r5
10001792:	f7ff fdf7 	bl	10001384 <ph_merge_nodes>
10001796:	9003      	str	r0, [sp, #12]
10001798:	e7e0      	b.n	1000175c <ph_remove_any_head+0x178>
1000179a:	46c0      	nop			; (mov r8, r8)

1000179c <ph_remove_head>:
1000179c:	b5f0      	push	{r4, r5, r6, r7, lr}
1000179e:	464e      	mov	r6, r9
100017a0:	4645      	mov	r5, r8
100017a2:	46de      	mov	lr, fp
100017a4:	4657      	mov	r7, sl
100017a6:	b5e0      	push	{r5, r6, r7, lr}
100017a8:	7b46      	ldrb	r6, [r0, #13]
100017aa:	0005      	movs	r5, r0
100017ac:	0074      	lsls	r4, r6, #1
100017ae:	6800      	ldr	r0, [r0, #0]
100017b0:	19a4      	adds	r4, r4, r6
100017b2:	3c03      	subs	r4, #3
100017b4:	b085      	sub	sp, #20
100017b6:	1902      	adds	r2, r0, r4
100017b8:	9101      	str	r1, [sp, #4]
100017ba:	7811      	ldrb	r1, [r2, #0]
100017bc:	2900      	cmp	r1, #0
100017be:	d04e      	beq.n	1000185e <ph_remove_head+0xc2>
100017c0:	004b      	lsls	r3, r1, #1
100017c2:	185b      	adds	r3, r3, r1
100017c4:	3b03      	subs	r3, #3
100017c6:	18c3      	adds	r3, r0, r3
100017c8:	785f      	ldrb	r7, [r3, #1]
100017ca:	46bc      	mov	ip, r7
100017cc:	2f00      	cmp	r7, #0
100017ce:	d118      	bne.n	10001802 <ph_remove_head+0x66>
100017d0:	9c01      	ldr	r4, [sp, #4]
100017d2:	2c00      	cmp	r4, #0
100017d4:	d040      	beq.n	10001858 <ph_remove_head+0xbc>
100017d6:	7bec      	ldrb	r4, [r5, #15]
100017d8:	2c00      	cmp	r4, #0
100017da:	d004      	beq.n	100017e6 <ph_remove_head+0x4a>
100017dc:	0063      	lsls	r3, r4, #1
100017de:	191b      	adds	r3, r3, r4
100017e0:	18c3      	adds	r3, r0, r3
100017e2:	3b03      	subs	r3, #3
100017e4:	705e      	strb	r6, [r3, #1]
100017e6:	73ee      	strb	r6, [r5, #15]
100017e8:	2900      	cmp	r1, #0
100017ea:	d131      	bne.n	10001850 <ph_remove_head+0xb4>
100017ec:	2300      	movs	r3, #0
100017ee:	0030      	movs	r0, r6
100017f0:	7053      	strb	r3, [r2, #1]
100017f2:	7369      	strb	r1, [r5, #13]
100017f4:	b005      	add	sp, #20
100017f6:	bc3c      	pop	{r2, r3, r4, r5}
100017f8:	4690      	mov	r8, r2
100017fa:	4699      	mov	r9, r3
100017fc:	46a2      	mov	sl, r4
100017fe:	46ab      	mov	fp, r5
10001800:	bdf0      	pop	{r4, r5, r6, r7, pc}
10001802:	007a      	lsls	r2, r7, #1
10001804:	4462      	add	r2, ip
10001806:	3a03      	subs	r2, #3
10001808:	1880      	adds	r0, r0, r2
1000180a:	7842      	ldrb	r2, [r0, #1]
1000180c:	4693      	mov	fp, r2
1000180e:	2200      	movs	r2, #0
10001810:	7042      	strb	r2, [r0, #1]
10001812:	4690      	mov	r8, r2
10001814:	705a      	strb	r2, [r3, #1]
10001816:	0028      	movs	r0, r5
10001818:	003a      	movs	r2, r7
1000181a:	f7ff fdb3 	bl	10001384 <ph_merge_nodes>
1000181e:	465b      	mov	r3, fp
10001820:	4681      	mov	r9, r0
10001822:	2b00      	cmp	r3, #0
10001824:	d007      	beq.n	10001836 <ph_remove_head+0x9a>
10001826:	005b      	lsls	r3, r3, #1
10001828:	6829      	ldr	r1, [r5, #0]
1000182a:	445b      	add	r3, fp
1000182c:	3b03      	subs	r3, #3
1000182e:	18cb      	adds	r3, r1, r3
10001830:	785a      	ldrb	r2, [r3, #1]
10001832:	2a00      	cmp	r2, #0
10001834:	d117      	bne.n	10001866 <ph_remove_head+0xca>
10001836:	465a      	mov	r2, fp
10001838:	4649      	mov	r1, r9
1000183a:	0028      	movs	r0, r5
1000183c:	f7ff fda2 	bl	10001384 <ph_merge_nodes>
10001840:	9b01      	ldr	r3, [sp, #4]
10001842:	0001      	movs	r1, r0
10001844:	6828      	ldr	r0, [r5, #0]
10001846:	1902      	adds	r2, r0, r4
10001848:	2b00      	cmp	r3, #0
1000184a:	d1c4      	bne.n	100017d6 <ph_remove_head+0x3a>
1000184c:	2900      	cmp	r1, #0
1000184e:	d0cd      	beq.n	100017ec <ph_remove_head+0x50>
10001850:	004b      	lsls	r3, r1, #1
10001852:	185b      	adds	r3, r3, r1
10001854:	3b03      	subs	r3, #3
10001856:	18c3      	adds	r3, r0, r3
10001858:	2000      	movs	r0, #0
1000185a:	7098      	strb	r0, [r3, #2]
1000185c:	e7c6      	b.n	100017ec <ph_remove_head+0x50>
1000185e:	9b01      	ldr	r3, [sp, #4]
10001860:	2b00      	cmp	r3, #0
10001862:	d1b8      	bne.n	100017d6 <ph_remove_head+0x3a>
10001864:	e7c2      	b.n	100017ec <ph_remove_head+0x50>
10001866:	0050      	lsls	r0, r2, #1
10001868:	1880      	adds	r0, r0, r2
1000186a:	3803      	subs	r0, #3
1000186c:	1809      	adds	r1, r1, r0
1000186e:	7848      	ldrb	r0, [r1, #1]
10001870:	4682      	mov	sl, r0
10001872:	4640      	mov	r0, r8
10001874:	7048      	strb	r0, [r1, #1]
10001876:	7058      	strb	r0, [r3, #1]
10001878:	4659      	mov	r1, fp
1000187a:	0028      	movs	r0, r5
1000187c:	f7ff fd82 	bl	10001384 <ph_merge_nodes>
10001880:	4653      	mov	r3, sl
10001882:	4683      	mov	fp, r0
10001884:	2b00      	cmp	r3, #0
10001886:	d007      	beq.n	10001898 <ph_remove_head+0xfc>
10001888:	005b      	lsls	r3, r3, #1
1000188a:	6829      	ldr	r1, [r5, #0]
1000188c:	4453      	add	r3, sl
1000188e:	3b03      	subs	r3, #3
10001890:	18cb      	adds	r3, r1, r3
10001892:	785a      	ldrb	r2, [r3, #1]
10001894:	2a00      	cmp	r2, #0
10001896:	d106      	bne.n	100018a6 <ph_remove_head+0x10a>
10001898:	4659      	mov	r1, fp
1000189a:	4652      	mov	r2, sl
1000189c:	0028      	movs	r0, r5
1000189e:	f7ff fd71 	bl	10001384 <ph_merge_nodes>
100018a2:	4683      	mov	fp, r0
100018a4:	e7c7      	b.n	10001836 <ph_remove_head+0x9a>
100018a6:	0050      	lsls	r0, r2, #1
100018a8:	1880      	adds	r0, r0, r2
100018aa:	3803      	subs	r0, #3
100018ac:	1809      	adds	r1, r1, r0
100018ae:	4640      	mov	r0, r8
100018b0:	784f      	ldrb	r7, [r1, #1]
100018b2:	7048      	strb	r0, [r1, #1]
100018b4:	7058      	strb	r0, [r3, #1]
100018b6:	4651      	mov	r1, sl
100018b8:	0028      	movs	r0, r5
100018ba:	9702      	str	r7, [sp, #8]
100018bc:	f7ff fd62 	bl	10001384 <ph_merge_nodes>
100018c0:	4682      	mov	sl, r0
100018c2:	2f00      	cmp	r7, #0
100018c4:	d008      	beq.n	100018d8 <ph_remove_head+0x13c>
100018c6:	46bc      	mov	ip, r7
100018c8:	007b      	lsls	r3, r7, #1
100018ca:	6829      	ldr	r1, [r5, #0]
100018cc:	4463      	add	r3, ip
100018ce:	3b03      	subs	r3, #3
100018d0:	18cb      	adds	r3, r1, r3
100018d2:	785a      	ldrb	r2, [r3, #1]
100018d4:	2a00      	cmp	r2, #0
100018d6:	d106      	bne.n	100018e6 <ph_remove_head+0x14a>
100018d8:	4651      	mov	r1, sl
100018da:	9a02      	ldr	r2, [sp, #8]
100018dc:	0028      	movs	r0, r5
100018de:	f7ff fd51 	bl	10001384 <ph_merge_nodes>
100018e2:	4682      	mov	sl, r0
100018e4:	e7d8      	b.n	10001898 <ph_remove_head+0xfc>
100018e6:	0050      	lsls	r0, r2, #1
100018e8:	1880      	adds	r0, r0, r2
100018ea:	3803      	subs	r0, #3
100018ec:	1809      	adds	r1, r1, r0
100018ee:	4640      	mov	r0, r8
100018f0:	784f      	ldrb	r7, [r1, #1]
100018f2:	7048      	strb	r0, [r1, #1]
100018f4:	7058      	strb	r0, [r3, #1]
100018f6:	9902      	ldr	r1, [sp, #8]
100018f8:	0028      	movs	r0, r5
100018fa:	9703      	str	r7, [sp, #12]
100018fc:	f7ff fd42 	bl	10001384 <ph_merge_nodes>
10001900:	4680      	mov	r8, r0
10001902:	2f00      	cmp	r7, #0
10001904:	d008      	beq.n	10001918 <ph_remove_head+0x17c>
10001906:	46bc      	mov	ip, r7
10001908:	007b      	lsls	r3, r7, #1
1000190a:	6829      	ldr	r1, [r5, #0]
1000190c:	4463      	add	r3, ip
1000190e:	3b03      	subs	r3, #3
10001910:	18cb      	adds	r3, r1, r3
10001912:	785a      	ldrb	r2, [r3, #1]
10001914:	2a00      	cmp	r2, #0
10001916:	d106      	bne.n	10001926 <ph_remove_head+0x18a>
10001918:	9a03      	ldr	r2, [sp, #12]
1000191a:	4641      	mov	r1, r8
1000191c:	0028      	movs	r0, r5
1000191e:	f7ff fd31 	bl	10001384 <ph_merge_nodes>
10001922:	9002      	str	r0, [sp, #8]
10001924:	e7d8      	b.n	100018d8 <ph_remove_head+0x13c>
10001926:	2003      	movs	r0, #3
10001928:	4350      	muls	r0, r2
1000192a:	3803      	subs	r0, #3
1000192c:	1809      	adds	r1, r1, r0
1000192e:	2000      	movs	r0, #0
10001930:	784f      	ldrb	r7, [r1, #1]
10001932:	7048      	strb	r0, [r1, #1]
10001934:	7058      	strb	r0, [r3, #1]
10001936:	9903      	ldr	r1, [sp, #12]
10001938:	0028      	movs	r0, r5
1000193a:	f7ff fd23 	bl	10001384 <ph_merge_nodes>
1000193e:	0039      	movs	r1, r7
10001940:	9002      	str	r0, [sp, #8]
10001942:	0028      	movs	r0, r5
10001944:	f7ff fe28 	bl	10001598 <ph_merge_two_pass>
10001948:	9902      	ldr	r1, [sp, #8]
1000194a:	0002      	movs	r2, r0
1000194c:	0028      	movs	r0, r5
1000194e:	f7ff fd19 	bl	10001384 <ph_merge_nodes>
10001952:	9003      	str	r0, [sp, #12]
10001954:	e7e0      	b.n	10001918 <ph_remove_head+0x17c>
10001956:	46c0      	nop			; (mov r8, r8)

10001958 <ph_remove_and_free_node>:
10001958:	b570      	push	{r4, r5, r6, lr}
1000195a:	0004      	movs	r4, r0
1000195c:	2900      	cmp	r1, #0
1000195e:	d02c      	beq.n	100019ba <ph_remove_and_free_node+0x62>
10001960:	7b43      	ldrb	r3, [r0, #13]
10001962:	428b      	cmp	r3, r1
10001964:	d02e      	beq.n	100019c4 <ph_remove_and_free_node+0x6c>
10001966:	6805      	ldr	r5, [r0, #0]
10001968:	0048      	lsls	r0, r1, #1
1000196a:	1840      	adds	r0, r0, r1
1000196c:	3803      	subs	r0, #3
1000196e:	1828      	adds	r0, r5, r0
10001970:	7882      	ldrb	r2, [r0, #2]
10001972:	2a00      	cmp	r2, #0
10001974:	d021      	beq.n	100019ba <ph_remove_and_free_node+0x62>
10001976:	0053      	lsls	r3, r2, #1
10001978:	189b      	adds	r3, r3, r2
1000197a:	3b03      	subs	r3, #3
1000197c:	18eb      	adds	r3, r5, r3
1000197e:	781a      	ldrb	r2, [r3, #0]
10001980:	428a      	cmp	r2, r1
10001982:	d102      	bne.n	1000198a <ph_remove_and_free_node+0x32>
10001984:	e01b      	b.n	100019be <ph_remove_and_free_node+0x66>
10001986:	2a00      	cmp	r2, #0
10001988:	d008      	beq.n	1000199c <ph_remove_and_free_node+0x44>
1000198a:	0053      	lsls	r3, r2, #1
1000198c:	189b      	adds	r3, r3, r2
1000198e:	3b03      	subs	r3, #3
10001990:	18eb      	adds	r3, r5, r3
10001992:	785a      	ldrb	r2, [r3, #1]
10001994:	428a      	cmp	r2, r1
10001996:	d1f6      	bne.n	10001986 <ph_remove_and_free_node+0x2e>
10001998:	7842      	ldrb	r2, [r0, #1]
1000199a:	705a      	strb	r2, [r3, #1]
1000199c:	2300      	movs	r3, #0
1000199e:	2201      	movs	r2, #1
100019a0:	7083      	strb	r3, [r0, #2]
100019a2:	7043      	strb	r3, [r0, #1]
100019a4:	0020      	movs	r0, r4
100019a6:	f7ff fe1d 	bl	100015e4 <ph_remove_any_head>
100019aa:	7b61      	ldrb	r1, [r4, #13]
100019ac:	0002      	movs	r2, r0
100019ae:	0020      	movs	r0, r4
100019b0:	f7ff fce8 	bl	10001384 <ph_merge_nodes>
100019b4:	7360      	strb	r0, [r4, #13]
100019b6:	2001      	movs	r0, #1
100019b8:	e000      	b.n	100019bc <ph_remove_and_free_node+0x64>
100019ba:	2000      	movs	r0, #0
100019bc:	bd70      	pop	{r4, r5, r6, pc}
100019be:	7842      	ldrb	r2, [r0, #1]
100019c0:	701a      	strb	r2, [r3, #0]
100019c2:	e7eb      	b.n	1000199c <ph_remove_and_free_node+0x44>
100019c4:	2201      	movs	r2, #1
100019c6:	0019      	movs	r1, r3
100019c8:	f7ff fe0c 	bl	100015e4 <ph_remove_any_head>
100019cc:	7360      	strb	r0, [r4, #13]
100019ce:	2001      	movs	r0, #1
100019d0:	e7f4      	b.n	100019bc <ph_remove_and_free_node+0x64>
100019d2:	46c0      	nop			; (mov r8, r8)

100019d4 <mutex_init>:
100019d4:	b510      	push	{r4, lr}
100019d6:	0004      	movs	r4, r0
100019d8:	f7fe fdb6 	bl	10000548 <next_striped_spin_lock_num>
100019dc:	0001      	movs	r1, r0
100019de:	0020      	movs	r0, r4
100019e0:	f7ff f872 	bl	10000ac8 <lock_init>
100019e4:	23ff      	movs	r3, #255	; 0xff
100019e6:	7123      	strb	r3, [r4, #4]
100019e8:	f3bf 8f5f 	dmb	sy
100019ec:	bd10      	pop	{r4, pc}
100019ee:	46c0      	nop			; (mov r8, r8)

100019f0 <recursive_mutex_init>:
100019f0:	b510      	push	{r4, lr}
100019f2:	0004      	movs	r4, r0
100019f4:	f7fe fda8 	bl	10000548 <next_striped_spin_lock_num>
100019f8:	0001      	movs	r1, r0
100019fa:	0020      	movs	r0, r4
100019fc:	f7ff f864 	bl	10000ac8 <lock_init>
10001a00:	23ff      	movs	r3, #255	; 0xff
10001a02:	80a3      	strh	r3, [r4, #4]
10001a04:	f3bf 8f5f 	dmb	sy
10001a08:	bd10      	pop	{r4, pc}
10001a0a:	46c0      	nop			; (mov r8, r8)

10001a0c <critical_section_init>:
10001a0c:	b510      	push	{r4, lr}
10001a0e:	0004      	movs	r4, r0
10001a10:	2001      	movs	r0, #1
10001a12:	f7fe fda5 	bl	10000560 <spin_lock_claim_unused>
10001a16:	4b04      	ldr	r3, [pc, #16]	; (10001a28 <critical_section_init+0x1c>)
10001a18:	469c      	mov	ip, r3
10001a1a:	4460      	add	r0, ip
10001a1c:	0080      	lsls	r0, r0, #2
10001a1e:	6020      	str	r0, [r4, #0]
10001a20:	f3bf 8f5f 	dmb	sy
10001a24:	bd10      	pop	{r4, pc}
10001a26:	46c0      	nop			; (mov r8, r8)
10001a28:	34000040 	.word	0x34000040

10001a2c <runtime_init>:
10001a2c:	4b2d      	ldr	r3, [pc, #180]	; (10001ae4 <runtime_init+0xb8>)
10001a2e:	4a2e      	ldr	r2, [pc, #184]	; (10001ae8 <runtime_init+0xbc>)
10001a30:	b570      	push	{r4, r5, r6, lr}
10001a32:	601a      	str	r2, [r3, #0]
10001a34:	4a2d      	ldr	r2, [pc, #180]	; (10001aec <runtime_init+0xc0>)
10001a36:	4b2e      	ldr	r3, [pc, #184]	; (10001af0 <runtime_init+0xc4>)
10001a38:	492e      	ldr	r1, [pc, #184]	; (10001af4 <runtime_init+0xc8>)
10001a3a:	601a      	str	r2, [r3, #0]
10001a3c:	0010      	movs	r0, r2
10001a3e:	688b      	ldr	r3, [r1, #8]
10001a40:	4398      	bics	r0, r3
10001a42:	d1fb      	bne.n	10001a3c <runtime_init+0x10>
10001a44:	4c2c      	ldr	r4, [pc, #176]	; (10001af8 <runtime_init+0xcc>)
10001a46:	4b2d      	ldr	r3, [pc, #180]	; (10001afc <runtime_init+0xd0>)
10001a48:	429c      	cmp	r4, r3
10001a4a:	d209      	bcs.n	10001a60 <runtime_init+0x34>
10001a4c:	3b01      	subs	r3, #1
10001a4e:	1b1d      	subs	r5, r3, r4
10001a50:	08ad      	lsrs	r5, r5, #2
10001a52:	3501      	adds	r5, #1
10001a54:	00ad      	lsls	r5, r5, #2
10001a56:	192d      	adds	r5, r5, r4
10001a58:	cc08      	ldmia	r4!, {r3}
10001a5a:	4798      	blx	r3
10001a5c:	42ac      	cmp	r4, r5
10001a5e:	d1fb      	bne.n	10001a58 <runtime_init+0x2c>
10001a60:	f000 f87e 	bl	10001b60 <clocks_init>
10001a64:	4a26      	ldr	r2, [pc, #152]	; (10001b00 <runtime_init+0xd4>)
10001a66:	4b22      	ldr	r3, [pc, #136]	; (10001af0 <runtime_init+0xc4>)
10001a68:	601a      	str	r2, [r3, #0]
10001a6a:	4a22      	ldr	r2, [pc, #136]	; (10001af4 <runtime_init+0xc8>)
10001a6c:	6893      	ldr	r3, [r2, #8]
10001a6e:	01db      	lsls	r3, r3, #7
10001a70:	3380      	adds	r3, #128	; 0x80
10001a72:	d1fb      	bne.n	10001a6c <runtime_init+0x40>
10001a74:	2240      	movs	r2, #64	; 0x40
10001a76:	4b23      	ldr	r3, [pc, #140]	; (10001b04 <runtime_init+0xd8>)
10001a78:	4d23      	ldr	r5, [pc, #140]	; (10001b08 <runtime_init+0xdc>)
10001a7a:	4824      	ldr	r0, [pc, #144]	; (10001b0c <runtime_init+0xe0>)
10001a7c:	679a      	str	r2, [r3, #120]	; 0x78
10001a7e:	675a      	str	r2, [r3, #116]	; 0x74
10001a80:	671a      	str	r2, [r3, #112]	; 0x70
10001a82:	66da      	str	r2, [r3, #108]	; 0x6c
10001a84:	42a8      	cmp	r0, r5
10001a86:	d305      	bcc.n	10001a94 <runtime_init+0x68>
10001a88:	e00e      	b.n	10001aa8 <runtime_init+0x7c>
10001a8a:	f7ff ffb1 	bl	100019f0 <recursive_mutex_init>
10001a8e:	0020      	movs	r0, r4
10001a90:	42ac      	cmp	r4, r5
10001a92:	d209      	bcs.n	10001aa8 <runtime_init+0x7c>
10001a94:	0004      	movs	r4, r0
10001a96:	6803      	ldr	r3, [r0, #0]
10001a98:	3408      	adds	r4, #8
10001a9a:	2b00      	cmp	r3, #0
10001a9c:	d1f5      	bne.n	10001a8a <runtime_init+0x5e>
10001a9e:	f7ff ff99 	bl	100019d4 <mutex_init>
10001aa2:	0020      	movs	r0, r4
10001aa4:	42ac      	cmp	r4, r5
10001aa6:	d3f5      	bcc.n	10001a94 <runtime_init+0x68>
10001aa8:	4c19      	ldr	r4, [pc, #100]	; (10001b10 <runtime_init+0xe4>)
10001aaa:	4d1a      	ldr	r5, [pc, #104]	; (10001b14 <runtime_init+0xe8>)
10001aac:	68a1      	ldr	r1, [r4, #8]
10001aae:	22c0      	movs	r2, #192	; 0xc0
10001ab0:	0028      	movs	r0, r5
10001ab2:	f000 fbd3 	bl	1000225c <__wrap___aeabi_memcpy>
10001ab6:	60a5      	str	r5, [r4, #8]
10001ab8:	f7fe fd38 	bl	1000052c <spin_locks_reset>
10001abc:	f7fe ffda 	bl	10000a74 <irq_init_priorities>
10001ac0:	f7ff f9ae 	bl	10000e20 <alarm_pool_init_default>
10001ac4:	4c14      	ldr	r4, [pc, #80]	; (10001b18 <runtime_init+0xec>)
10001ac6:	4b15      	ldr	r3, [pc, #84]	; (10001b1c <runtime_init+0xf0>)
10001ac8:	429c      	cmp	r4, r3
10001aca:	d209      	bcs.n	10001ae0 <runtime_init+0xb4>
10001acc:	3b01      	subs	r3, #1
10001ace:	1b1d      	subs	r5, r3, r4
10001ad0:	08ad      	lsrs	r5, r5, #2
10001ad2:	3501      	adds	r5, #1
10001ad4:	00ad      	lsls	r5, r5, #2
10001ad6:	192d      	adds	r5, r5, r4
10001ad8:	cc08      	ldmia	r4!, {r3}
10001ada:	4798      	blx	r3
10001adc:	42a5      	cmp	r5, r4
10001ade:	d1fb      	bne.n	10001ad8 <runtime_init+0xac>
10001ae0:	bd70      	pop	{r4, r5, r6, pc}
10001ae2:	46c0      	nop			; (mov r8, r8)
10001ae4:	4000e000 	.word	0x4000e000
10001ae8:	fefbcdbf 	.word	0xfefbcdbf
10001aec:	003c7ffe 	.word	0x003c7ffe
10001af0:	4000f000 	.word	0x4000f000
10001af4:	4000c000 	.word	0x4000c000
10001af8:	20000458 	.word	0x20000458
10001afc:	20000468 	.word	0x20000468
10001b00:	01ffffff 	.word	0x01ffffff
10001b04:	4001f000 	.word	0x4001f000
10001b08:	20000458 	.word	0x20000458
10001b0c:	20000450 	.word	0x20000450
10001b10:	e000ed00 	.word	0xe000ed00
10001b14:	20000000 	.word	0x20000000
10001b18:	20000468 	.word	0x20000468
10001b1c:	20000470 	.word	0x20000470

10001b20 <exit>:
10001b20:	be00      	bkpt	0x0000
10001b22:	e7fd      	b.n	10001b20 <exit>

10001b24 <panic>:
10001b24:	b40f      	push	{r0, r1, r2, r3}
10001b26:	b500      	push	{lr}
10001b28:	4808      	ldr	r0, [pc, #32]	; (10001b4c <panic+0x28>)
10001b2a:	b083      	sub	sp, #12
10001b2c:	f000 fcc8 	bl	100024c0 <__wrap_puts>
10001b30:	9b04      	ldr	r3, [sp, #16]
10001b32:	2b00      	cmp	r3, #0
10001b34:	d007      	beq.n	10001b46 <panic+0x22>
10001b36:	a905      	add	r1, sp, #20
10001b38:	0018      	movs	r0, r3
10001b3a:	9101      	str	r1, [sp, #4]
10001b3c:	f000 fa34 	bl	10001fa8 <weak_raw_vprintf>
10001b40:	4803      	ldr	r0, [pc, #12]	; (10001b50 <panic+0x2c>)
10001b42:	f000 fcbd 	bl	100024c0 <__wrap_puts>
10001b46:	be00      	bkpt	0x0000
10001b48:	e7fd      	b.n	10001b46 <panic+0x22>
10001b4a:	46c0      	nop			; (mov r8, r8)
10001b4c:	100050a8 	.word	0x100050a8
10001b50:	100050b8 	.word	0x100050b8

10001b54 <hard_assertion_failure>:
10001b54:	b510      	push	{r4, lr}
10001b56:	4801      	ldr	r0, [pc, #4]	; (10001b5c <hard_assertion_failure+0x8>)
10001b58:	f7ff ffe4 	bl	10001b24 <panic>
10001b5c:	1000509c 	.word	0x1000509c

10001b60 <clocks_init>:
10001b60:	b530      	push	{r4, r5, lr}
10001b62:	200c      	movs	r0, #12
10001b64:	b083      	sub	sp, #12
10001b66:	f000 f9af 	bl	10001ec8 <watchdog_start_tick>
10001b6a:	f7fe fcd7 	bl	1000051c <running_on_fpga>
10001b6e:	2800      	cmp	r0, #0
10001b70:	d00e      	beq.n	10001b90 <clocks_init+0x30>
10001b72:	4b94      	ldr	r3, [pc, #592]	; (10001dc4 <clocks_init+0x264>)
10001b74:	4a94      	ldr	r2, [pc, #592]	; (10001dc8 <clocks_init+0x268>)
10001b76:	601a      	str	r2, [r3, #0]
10001b78:	605a      	str	r2, [r3, #4]
10001b7a:	609a      	str	r2, [r3, #8]
10001b7c:	60da      	str	r2, [r3, #12]
10001b7e:	611a      	str	r2, [r3, #16]
10001b80:	615a      	str	r2, [r3, #20]
10001b82:	619a      	str	r2, [r3, #24]
10001b84:	61da      	str	r2, [r3, #28]
10001b86:	621a      	str	r2, [r3, #32]
10001b88:	4a90      	ldr	r2, [pc, #576]	; (10001dcc <clocks_init+0x26c>)
10001b8a:	625a      	str	r2, [r3, #36]	; 0x24
10001b8c:	b003      	add	sp, #12
10001b8e:	bd30      	pop	{r4, r5, pc}
10001b90:	4c8f      	ldr	r4, [pc, #572]	; (10001dd0 <clocks_init+0x270>)
10001b92:	67a0      	str	r0, [r4, #120]	; 0x78
10001b94:	f000 f9ec 	bl	10001f70 <xosc_init>
10001b98:	2201      	movs	r2, #1
10001b9a:	4b8e      	ldr	r3, [pc, #568]	; (10001dd4 <clocks_init+0x274>)
10001b9c:	601a      	str	r2, [r3, #0]
10001b9e:	6c63      	ldr	r3, [r4, #68]	; 0x44
10001ba0:	2b01      	cmp	r3, #1
10001ba2:	d1fc      	bne.n	10001b9e <clocks_init+0x3e>
10001ba4:	2203      	movs	r2, #3
10001ba6:	4b8c      	ldr	r3, [pc, #560]	; (10001dd8 <clocks_init+0x278>)
10001ba8:	601a      	str	r2, [r3, #0]
10001baa:	4a89      	ldr	r2, [pc, #548]	; (10001dd0 <clocks_init+0x270>)
10001bac:	6b93      	ldr	r3, [r2, #56]	; 0x38
10001bae:	2b01      	cmp	r3, #1
10001bb0:	d1fc      	bne.n	10001bac <clocks_init+0x4c>
10001bb2:	3301      	adds	r3, #1
10001bb4:	9300      	str	r3, [sp, #0]
10001bb6:	4a89      	ldr	r2, [pc, #548]	; (10001ddc <clocks_init+0x27c>)
10001bb8:	3304      	adds	r3, #4
10001bba:	2101      	movs	r1, #1
10001bbc:	4888      	ldr	r0, [pc, #544]	; (10001de0 <clocks_init+0x280>)
10001bbe:	f000 f92f 	bl	10001e20 <pll_init>
10001bc2:	2305      	movs	r3, #5
10001bc4:	4a87      	ldr	r2, [pc, #540]	; (10001de4 <clocks_init+0x284>)
10001bc6:	9300      	str	r3, [sp, #0]
10001bc8:	2101      	movs	r1, #1
10001bca:	4887      	ldr	r0, [pc, #540]	; (10001de8 <clocks_init+0x288>)
10001bcc:	f000 f928 	bl	10001e20 <pll_init>
10001bd0:	4b86      	ldr	r3, [pc, #536]	; (10001dec <clocks_init+0x28c>)
10001bd2:	685a      	ldr	r2, [r3, #4]
10001bd4:	2aff      	cmp	r2, #255	; 0xff
10001bd6:	d802      	bhi.n	10001bde <clocks_init+0x7e>
10001bd8:	2280      	movs	r2, #128	; 0x80
10001bda:	0052      	lsls	r2, r2, #1
10001bdc:	605a      	str	r2, [r3, #4]
10001bde:	2280      	movs	r2, #128	; 0x80
10001be0:	4c78      	ldr	r4, [pc, #480]	; (10001dc4 <clocks_init+0x264>)
10001be2:	4b7d      	ldr	r3, [pc, #500]	; (10001dd8 <clocks_init+0x278>)
10001be4:	6921      	ldr	r1, [r4, #16]
10001be6:	0112      	lsls	r2, r2, #4
10001be8:	4d80      	ldr	r5, [pc, #512]	; (10001dec <clocks_init+0x28c>)
10001bea:	601a      	str	r2, [r3, #0]
10001bec:	2900      	cmp	r1, #0
10001bee:	d005      	beq.n	10001bfc <clocks_init+0x9c>
10001bf0:	6960      	ldr	r0, [r4, #20]
10001bf2:	f000 fa27 	bl	10002044 <__wrap___aeabi_uidiv>
10001bf6:	3001      	adds	r0, #1
10001bf8:	3801      	subs	r0, #1
10001bfa:	d1fd      	bne.n	10001bf8 <clocks_init+0x98>
10001bfc:	21e0      	movs	r1, #224	; 0xe0
10001bfe:	4b7b      	ldr	r3, [pc, #492]	; (10001dec <clocks_init+0x28c>)
10001c00:	2002      	movs	r0, #2
10001c02:	681a      	ldr	r2, [r3, #0]
10001c04:	4011      	ands	r1, r2
10001c06:	2280      	movs	r2, #128	; 0x80
10001c08:	0152      	lsls	r2, r2, #5
10001c0a:	432a      	orrs	r2, r5
10001c0c:	6011      	str	r1, [r2, #0]
10001c0e:	6819      	ldr	r1, [r3, #0]
10001c10:	4048      	eors	r0, r1
10001c12:	2103      	movs	r1, #3
10001c14:	4001      	ands	r1, r0
10001c16:	6011      	str	r1, [r2, #0]
10001c18:	2104      	movs	r1, #4
10001c1a:	689a      	ldr	r2, [r3, #8]
10001c1c:	4211      	tst	r1, r2
10001c1e:	d0fc      	beq.n	10001c1a <clocks_init+0xba>
10001c20:	2280      	movs	r2, #128	; 0x80
10001c22:	2180      	movs	r1, #128	; 0x80
10001c24:	0192      	lsls	r2, r2, #6
10001c26:	432a      	orrs	r2, r5
10001c28:	0109      	lsls	r1, r1, #4
10001c2a:	6011      	str	r1, [r2, #0]
10001c2c:	2280      	movs	r2, #128	; 0x80
10001c2e:	0052      	lsls	r2, r2, #1
10001c30:	605a      	str	r2, [r3, #4]
10001c32:	4b6f      	ldr	r3, [pc, #444]	; (10001df0 <clocks_init+0x290>)
10001c34:	6123      	str	r3, [r4, #16]
10001c36:	4b6f      	ldr	r3, [pc, #444]	; (10001df4 <clocks_init+0x294>)
10001c38:	6859      	ldr	r1, [r3, #4]
10001c3a:	29ff      	cmp	r1, #255	; 0xff
10001c3c:	d800      	bhi.n	10001c40 <clocks_init+0xe0>
10001c3e:	605a      	str	r2, [r3, #4]
10001c40:	2203      	movs	r2, #3
10001c42:	486c      	ldr	r0, [pc, #432]	; (10001df4 <clocks_init+0x294>)
10001c44:	4b63      	ldr	r3, [pc, #396]	; (10001dd4 <clocks_init+0x274>)
10001c46:	2101      	movs	r1, #1
10001c48:	601a      	str	r2, [r3, #0]
10001c4a:	0002      	movs	r2, r0
10001c4c:	6893      	ldr	r3, [r2, #8]
10001c4e:	4219      	tst	r1, r3
10001c50:	d0fc      	beq.n	10001c4c <clocks_init+0xec>
10001c52:	25e0      	movs	r5, #224	; 0xe0
10001c54:	6813      	ldr	r3, [r2, #0]
10001c56:	401d      	ands	r5, r3
10001c58:	2380      	movs	r3, #128	; 0x80
10001c5a:	015b      	lsls	r3, r3, #5
10001c5c:	4303      	orrs	r3, r0
10001c5e:	601d      	str	r5, [r3, #0]
10001c60:	6812      	ldr	r2, [r2, #0]
10001c62:	404a      	eors	r2, r1
10001c64:	2103      	movs	r1, #3
10001c66:	4011      	ands	r1, r2
10001c68:	6019      	str	r1, [r3, #0]
10001c6a:	2102      	movs	r1, #2
10001c6c:	4a61      	ldr	r2, [pc, #388]	; (10001df4 <clocks_init+0x294>)
10001c6e:	6893      	ldr	r3, [r2, #8]
10001c70:	4219      	tst	r1, r3
10001c72:	d0fc      	beq.n	10001c6e <clocks_init+0x10e>
10001c74:	2380      	movs	r3, #128	; 0x80
10001c76:	2180      	movs	r1, #128	; 0x80
10001c78:	019b      	lsls	r3, r3, #6
10001c7a:	4303      	orrs	r3, r0
10001c7c:	0109      	lsls	r1, r1, #4
10001c7e:	6019      	str	r1, [r3, #0]
10001c80:	2180      	movs	r1, #128	; 0x80
10001c82:	4b5d      	ldr	r3, [pc, #372]	; (10001df8 <clocks_init+0x298>)
10001c84:	0049      	lsls	r1, r1, #1
10001c86:	6051      	str	r1, [r2, #4]
10001c88:	6163      	str	r3, [r4, #20]
10001c8a:	4b5c      	ldr	r3, [pc, #368]	; (10001dfc <clocks_init+0x29c>)
10001c8c:	685a      	ldr	r2, [r3, #4]
10001c8e:	2aff      	cmp	r2, #255	; 0xff
10001c90:	d800      	bhi.n	10001c94 <clocks_init+0x134>
10001c92:	6059      	str	r1, [r3, #4]
10001c94:	2280      	movs	r2, #128	; 0x80
10001c96:	4b5a      	ldr	r3, [pc, #360]	; (10001e00 <clocks_init+0x2a0>)
10001c98:	69e1      	ldr	r1, [r4, #28]
10001c9a:	0112      	lsls	r2, r2, #4
10001c9c:	4d57      	ldr	r5, [pc, #348]	; (10001dfc <clocks_init+0x29c>)
10001c9e:	601a      	str	r2, [r3, #0]
10001ca0:	2900      	cmp	r1, #0
10001ca2:	d005      	beq.n	10001cb0 <clocks_init+0x150>
10001ca4:	6960      	ldr	r0, [r4, #20]
10001ca6:	f000 f9cd 	bl	10002044 <__wrap___aeabi_uidiv>
10001caa:	3001      	adds	r0, #1
10001cac:	3801      	subs	r0, #1
10001cae:	d1fd      	bne.n	10001cac <clocks_init+0x14c>
10001cb0:	22e0      	movs	r2, #224	; 0xe0
10001cb2:	4952      	ldr	r1, [pc, #328]	; (10001dfc <clocks_init+0x29c>)
10001cb4:	680b      	ldr	r3, [r1, #0]
10001cb6:	401a      	ands	r2, r3
10001cb8:	2380      	movs	r3, #128	; 0x80
10001cba:	015b      	lsls	r3, r3, #5
10001cbc:	432b      	orrs	r3, r5
10001cbe:	601a      	str	r2, [r3, #0]
10001cc0:	2380      	movs	r3, #128	; 0x80
10001cc2:	2280      	movs	r2, #128	; 0x80
10001cc4:	019b      	lsls	r3, r3, #6
10001cc6:	432b      	orrs	r3, r5
10001cc8:	0112      	lsls	r2, r2, #4
10001cca:	601a      	str	r2, [r3, #0]
10001ccc:	2280      	movs	r2, #128	; 0x80
10001cce:	4b3e      	ldr	r3, [pc, #248]	; (10001dc8 <clocks_init+0x268>)
10001cd0:	0052      	lsls	r2, r2, #1
10001cd2:	604a      	str	r2, [r1, #4]
10001cd4:	61e3      	str	r3, [r4, #28]
10001cd6:	4b4b      	ldr	r3, [pc, #300]	; (10001e04 <clocks_init+0x2a4>)
10001cd8:	6859      	ldr	r1, [r3, #4]
10001cda:	29ff      	cmp	r1, #255	; 0xff
10001cdc:	d800      	bhi.n	10001ce0 <clocks_init+0x180>
10001cde:	605a      	str	r2, [r3, #4]
10001ce0:	2280      	movs	r2, #128	; 0x80
10001ce2:	4b49      	ldr	r3, [pc, #292]	; (10001e08 <clocks_init+0x2a8>)
10001ce4:	6a21      	ldr	r1, [r4, #32]
10001ce6:	0112      	lsls	r2, r2, #4
10001ce8:	4d46      	ldr	r5, [pc, #280]	; (10001e04 <clocks_init+0x2a4>)
10001cea:	601a      	str	r2, [r3, #0]
10001cec:	2900      	cmp	r1, #0
10001cee:	d005      	beq.n	10001cfc <clocks_init+0x19c>
10001cf0:	6960      	ldr	r0, [r4, #20]
10001cf2:	f000 f9a7 	bl	10002044 <__wrap___aeabi_uidiv>
10001cf6:	3001      	adds	r0, #1
10001cf8:	3801      	subs	r0, #1
10001cfa:	d1fd      	bne.n	10001cf8 <clocks_init+0x198>
10001cfc:	22e0      	movs	r2, #224	; 0xe0
10001cfe:	4941      	ldr	r1, [pc, #260]	; (10001e04 <clocks_init+0x2a4>)
10001d00:	680b      	ldr	r3, [r1, #0]
10001d02:	401a      	ands	r2, r3
10001d04:	2380      	movs	r3, #128	; 0x80
10001d06:	015b      	lsls	r3, r3, #5
10001d08:	432b      	orrs	r3, r5
10001d0a:	601a      	str	r2, [r3, #0]
10001d0c:	2380      	movs	r3, #128	; 0x80
10001d0e:	2280      	movs	r2, #128	; 0x80
10001d10:	019b      	lsls	r3, r3, #6
10001d12:	432b      	orrs	r3, r5
10001d14:	0112      	lsls	r2, r2, #4
10001d16:	601a      	str	r2, [r3, #0]
10001d18:	2380      	movs	r3, #128	; 0x80
10001d1a:	005b      	lsls	r3, r3, #1
10001d1c:	604b      	str	r3, [r1, #4]
10001d1e:	4b2a      	ldr	r3, [pc, #168]	; (10001dc8 <clocks_init+0x268>)
10001d20:	4a3a      	ldr	r2, [pc, #232]	; (10001e0c <clocks_init+0x2ac>)
10001d22:	6223      	str	r3, [r4, #32]
10001d24:	4b3a      	ldr	r3, [pc, #232]	; (10001e10 <clocks_init+0x2b0>)
10001d26:	6859      	ldr	r1, [r3, #4]
10001d28:	4291      	cmp	r1, r2
10001d2a:	d801      	bhi.n	10001d30 <clocks_init+0x1d0>
10001d2c:	3201      	adds	r2, #1
10001d2e:	605a      	str	r2, [r3, #4]
10001d30:	2280      	movs	r2, #128	; 0x80
10001d32:	4b38      	ldr	r3, [pc, #224]	; (10001e14 <clocks_init+0x2b4>)
10001d34:	6a61      	ldr	r1, [r4, #36]	; 0x24
10001d36:	0112      	lsls	r2, r2, #4
10001d38:	4d35      	ldr	r5, [pc, #212]	; (10001e10 <clocks_init+0x2b0>)
10001d3a:	601a      	str	r2, [r3, #0]
10001d3c:	2900      	cmp	r1, #0
10001d3e:	d005      	beq.n	10001d4c <clocks_init+0x1ec>
10001d40:	6960      	ldr	r0, [r4, #20]
10001d42:	f000 f97f 	bl	10002044 <__wrap___aeabi_uidiv>
10001d46:	3001      	adds	r0, #1
10001d48:	3801      	subs	r0, #1
10001d4a:	d1fd      	bne.n	10001d48 <clocks_init+0x1e8>
10001d4c:	22e0      	movs	r2, #224	; 0xe0
10001d4e:	4930      	ldr	r1, [pc, #192]	; (10001e10 <clocks_init+0x2b0>)
10001d50:	680b      	ldr	r3, [r1, #0]
10001d52:	401a      	ands	r2, r3
10001d54:	2380      	movs	r3, #128	; 0x80
10001d56:	015b      	lsls	r3, r3, #5
10001d58:	432b      	orrs	r3, r5
10001d5a:	601a      	str	r2, [r3, #0]
10001d5c:	2380      	movs	r3, #128	; 0x80
10001d5e:	2280      	movs	r2, #128	; 0x80
10001d60:	019b      	lsls	r3, r3, #6
10001d62:	432b      	orrs	r3, r5
10001d64:	0112      	lsls	r2, r2, #4
10001d66:	601a      	str	r2, [r3, #0]
10001d68:	2380      	movs	r3, #128	; 0x80
10001d6a:	02db      	lsls	r3, r3, #11
10001d6c:	604b      	str	r3, [r1, #4]
10001d6e:	4b17      	ldr	r3, [pc, #92]	; (10001dcc <clocks_init+0x26c>)
10001d70:	6263      	str	r3, [r4, #36]	; 0x24
10001d72:	4b29      	ldr	r3, [pc, #164]	; (10001e18 <clocks_init+0x2b8>)
10001d74:	685a      	ldr	r2, [r3, #4]
10001d76:	2aff      	cmp	r2, #255	; 0xff
10001d78:	d802      	bhi.n	10001d80 <clocks_init+0x220>
10001d7a:	2280      	movs	r2, #128	; 0x80
10001d7c:	0052      	lsls	r2, r2, #1
10001d7e:	605a      	str	r2, [r3, #4]
10001d80:	2280      	movs	r2, #128	; 0x80
10001d82:	4b26      	ldr	r3, [pc, #152]	; (10001e1c <clocks_init+0x2bc>)
10001d84:	69a1      	ldr	r1, [r4, #24]
10001d86:	0112      	lsls	r2, r2, #4
10001d88:	4d23      	ldr	r5, [pc, #140]	; (10001e18 <clocks_init+0x2b8>)
10001d8a:	601a      	str	r2, [r3, #0]
10001d8c:	2900      	cmp	r1, #0
10001d8e:	d005      	beq.n	10001d9c <clocks_init+0x23c>
10001d90:	6960      	ldr	r0, [r4, #20]
10001d92:	f000 f957 	bl	10002044 <__wrap___aeabi_uidiv>
10001d96:	3001      	adds	r0, #1
10001d98:	3801      	subs	r0, #1
10001d9a:	d1fd      	bne.n	10001d98 <clocks_init+0x238>
10001d9c:	22e0      	movs	r2, #224	; 0xe0
10001d9e:	491e      	ldr	r1, [pc, #120]	; (10001e18 <clocks_init+0x2b8>)
10001da0:	680b      	ldr	r3, [r1, #0]
10001da2:	401a      	ands	r2, r3
10001da4:	2380      	movs	r3, #128	; 0x80
10001da6:	015b      	lsls	r3, r3, #5
10001da8:	432b      	orrs	r3, r5
10001daa:	601a      	str	r2, [r3, #0]
10001dac:	2380      	movs	r3, #128	; 0x80
10001dae:	2280      	movs	r2, #128	; 0x80
10001db0:	019b      	lsls	r3, r3, #6
10001db2:	432b      	orrs	r3, r5
10001db4:	0112      	lsls	r2, r2, #4
10001db6:	601a      	str	r2, [r3, #0]
10001db8:	2380      	movs	r3, #128	; 0x80
10001dba:	005b      	lsls	r3, r3, #1
10001dbc:	604b      	str	r3, [r1, #4]
10001dbe:	4b0e      	ldr	r3, [pc, #56]	; (10001df8 <clocks_init+0x298>)
10001dc0:	61a3      	str	r3, [r4, #24]
10001dc2:	e6e3      	b.n	10001b8c <clocks_init+0x2c>
10001dc4:	20000a3c 	.word	0x20000a3c
10001dc8:	02dc6c00 	.word	0x02dc6c00
10001dcc:	0000b71b 	.word	0x0000b71b
10001dd0:	40008000 	.word	0x40008000
10001dd4:	4000b03c 	.word	0x4000b03c
10001dd8:	4000b030 	.word	0x4000b030
10001ddc:	59682f00 	.word	0x59682f00
10001de0:	40028000 	.word	0x40028000
10001de4:	47868c00 	.word	0x47868c00
10001de8:	4002c000 	.word	0x4002c000
10001dec:	40008030 	.word	0x40008030
10001df0:	00b71b00 	.word	0x00b71b00
10001df4:	4000803c 	.word	0x4000803c
10001df8:	07735940 	.word	0x07735940
10001dfc:	40008054 	.word	0x40008054
10001e00:	4000b054 	.word	0x4000b054
10001e04:	40008060 	.word	0x40008060
10001e08:	4000b060 	.word	0x4000b060
10001e0c:	0003ffff 	.word	0x0003ffff
10001e10:	4000806c 	.word	0x4000806c
10001e14:	4000b06c 	.word	0x4000b06c
10001e18:	40008048 	.word	0x40008048
10001e1c:	4000b048 	.word	0x4000b048

10001e20 <pll_init>:
10001e20:	b5f8      	push	{r3, r4, r5, r6, r7, lr}
10001e22:	0004      	movs	r4, r0
10001e24:	200c      	movs	r0, #12
10001e26:	001e      	movs	r6, r3
10001e28:	0017      	movs	r7, r2
10001e2a:	000d      	movs	r5, r1
10001e2c:	f000 f90a 	bl	10002044 <__wrap___aeabi_uidiv>
10001e30:	0142      	lsls	r2, r0, #5
10001e32:	1a12      	subs	r2, r2, r0
10001e34:	0191      	lsls	r1, r2, #6
10001e36:	1a89      	subs	r1, r1, r2
10001e38:	00c9      	lsls	r1, r1, #3
10001e3a:	1809      	adds	r1, r1, r0
10001e3c:	0189      	lsls	r1, r1, #6
10001e3e:	0038      	movs	r0, r7
10001e40:	f000 f900 	bl	10002044 <__wrap___aeabi_uidiv>
10001e44:	9b06      	ldr	r3, [sp, #24]
10001e46:	6822      	ldr	r2, [r4, #0]
10001e48:	0436      	lsls	r6, r6, #16
10001e4a:	031b      	lsls	r3, r3, #12
10001e4c:	4333      	orrs	r3, r6
10001e4e:	2a00      	cmp	r2, #0
10001e50:	db21      	blt.n	10001e96 <pll_init+0x76>
10001e52:	4a19      	ldr	r2, [pc, #100]	; (10001eb8 <pll_init+0x98>)
10001e54:	4e19      	ldr	r6, [pc, #100]	; (10001ebc <pll_init+0x9c>)
10001e56:	18a2      	adds	r2, r4, r2
10001e58:	4251      	negs	r1, r2
10001e5a:	414a      	adcs	r2, r1
10001e5c:	2180      	movs	r1, #128	; 0x80
10001e5e:	0149      	lsls	r1, r1, #5
10001e60:	468c      	mov	ip, r1
10001e62:	4252      	negs	r2, r2
10001e64:	400a      	ands	r2, r1
10001e66:	4916      	ldr	r1, [pc, #88]	; (10001ec0 <pll_init+0xa0>)
10001e68:	4462      	add	r2, ip
10001e6a:	600a      	str	r2, [r1, #0]
10001e6c:	4915      	ldr	r1, [pc, #84]	; (10001ec4 <pll_init+0xa4>)
10001e6e:	600a      	str	r2, [r1, #0]
10001e70:	0017      	movs	r7, r2
10001e72:	68b1      	ldr	r1, [r6, #8]
10001e74:	438f      	bics	r7, r1
10001e76:	d1fb      	bne.n	10001e70 <pll_init+0x50>
10001e78:	21c0      	movs	r1, #192	; 0xc0
10001e7a:	1d22      	adds	r2, r4, #4
10001e7c:	0189      	lsls	r1, r1, #6
10001e7e:	4311      	orrs	r1, r2
10001e80:	2221      	movs	r2, #33	; 0x21
10001e82:	6025      	str	r5, [r4, #0]
10001e84:	60a0      	str	r0, [r4, #8]
10001e86:	600a      	str	r2, [r1, #0]
10001e88:	6822      	ldr	r2, [r4, #0]
10001e8a:	2a00      	cmp	r2, #0
10001e8c:	dafc      	bge.n	10001e88 <pll_init+0x68>
10001e8e:	60e3      	str	r3, [r4, #12]
10001e90:	2308      	movs	r3, #8
10001e92:	600b      	str	r3, [r1, #0]
10001e94:	bdf8      	pop	{r3, r4, r5, r6, r7, pc}
10001e96:	223f      	movs	r2, #63	; 0x3f
10001e98:	6821      	ldr	r1, [r4, #0]
10001e9a:	400a      	ands	r2, r1
10001e9c:	42aa      	cmp	r2, r5
10001e9e:	d1d8      	bne.n	10001e52 <pll_init+0x32>
10001ea0:	68a2      	ldr	r2, [r4, #8]
10001ea2:	0512      	lsls	r2, r2, #20
10001ea4:	0d12      	lsrs	r2, r2, #20
10001ea6:	4282      	cmp	r2, r0
10001ea8:	d1d3      	bne.n	10001e52 <pll_init+0x32>
10001eaa:	21ee      	movs	r1, #238	; 0xee
10001eac:	68e2      	ldr	r2, [r4, #12]
10001eae:	02c9      	lsls	r1, r1, #11
10001eb0:	400a      	ands	r2, r1
10001eb2:	429a      	cmp	r2, r3
10001eb4:	d1cd      	bne.n	10001e52 <pll_init+0x32>
10001eb6:	e7ed      	b.n	10001e94 <pll_init+0x74>
10001eb8:	bffd4000 	.word	0xbffd4000
10001ebc:	4000c000 	.word	0x4000c000
10001ec0:	4000e000 	.word	0x4000e000
10001ec4:	4000f000 	.word	0x4000f000

10001ec8 <watchdog_start_tick>:
10001ec8:	2380      	movs	r3, #128	; 0x80
10001eca:	4a02      	ldr	r2, [pc, #8]	; (10001ed4 <watchdog_start_tick+0xc>)
10001ecc:	009b      	lsls	r3, r3, #2
10001ece:	4303      	orrs	r3, r0
10001ed0:	62d3      	str	r3, [r2, #44]	; 0x2c
10001ed2:	4770      	bx	lr
10001ed4:	40058000 	.word	0x40058000

10001ed8 <watchdog_reboot>:
10001ed8:	b510      	push	{r4, lr}
10001eda:	2480      	movs	r4, #128	; 0x80
10001edc:	4b1b      	ldr	r3, [pc, #108]	; (10001f4c <watchdog_reboot+0x74>)
10001ede:	05e4      	lsls	r4, r4, #23
10001ee0:	601c      	str	r4, [r3, #0]
10001ee2:	2800      	cmp	r0, #0
10001ee4:	d02b      	beq.n	10001f3e <watchdog_reboot+0x66>
10001ee6:	2301      	movs	r3, #1
10001ee8:	4c19      	ldr	r4, [pc, #100]	; (10001f50 <watchdog_reboot+0x78>)
10001eea:	4318      	orrs	r0, r3
10001eec:	4b19      	ldr	r3, [pc, #100]	; (10001f54 <watchdog_reboot+0x7c>)
10001eee:	61dc      	str	r4, [r3, #28]
10001ef0:	4c19      	ldr	r4, [pc, #100]	; (10001f58 <watchdog_reboot+0x80>)
10001ef2:	4044      	eors	r4, r0
10001ef4:	621c      	str	r4, [r3, #32]
10001ef6:	6259      	str	r1, [r3, #36]	; 0x24
10001ef8:	6298      	str	r0, [r3, #40]	; 0x28
10001efa:	2180      	movs	r1, #128	; 0x80
10001efc:	4b13      	ldr	r3, [pc, #76]	; (10001f4c <watchdog_reboot+0x74>)
10001efe:	05c9      	lsls	r1, r1, #23
10001f00:	6019      	str	r1, [r3, #0]
10001f02:	4816      	ldr	r0, [pc, #88]	; (10001f5c <watchdog_reboot+0x84>)
10001f04:	4916      	ldr	r1, [pc, #88]	; (10001f60 <watchdog_reboot+0x88>)
10001f06:	6008      	str	r0, [r1, #0]
10001f08:	21e0      	movs	r1, #224	; 0xe0
10001f0a:	04c9      	lsls	r1, r1, #19
10001f0c:	6019      	str	r1, [r3, #0]
10001f0e:	2a00      	cmp	r2, #0
10001f10:	d104      	bne.n	10001f1c <watchdog_reboot+0x44>
10001f12:	2280      	movs	r2, #128	; 0x80
10001f14:	4b13      	ldr	r3, [pc, #76]	; (10001f64 <watchdog_reboot+0x8c>)
10001f16:	0612      	lsls	r2, r2, #24
10001f18:	601a      	str	r2, [r3, #0]
10001f1a:	bd10      	pop	{r4, pc}
10001f1c:	0153      	lsls	r3, r2, #5
10001f1e:	1a9b      	subs	r3, r3, r2
10001f20:	009b      	lsls	r3, r3, #2
10001f22:	189a      	adds	r2, r3, r2
10001f24:	4b10      	ldr	r3, [pc, #64]	; (10001f68 <watchdog_reboot+0x90>)
10001f26:	0112      	lsls	r2, r2, #4
10001f28:	429a      	cmp	r2, r3
10001f2a:	d80b      	bhi.n	10001f44 <watchdog_reboot+0x6c>
10001f2c:	4b0f      	ldr	r3, [pc, #60]	; (10001f6c <watchdog_reboot+0x94>)
10001f2e:	601a      	str	r2, [r3, #0]
10001f30:	4b08      	ldr	r3, [pc, #32]	; (10001f54 <watchdog_reboot+0x7c>)
10001f32:	605a      	str	r2, [r3, #4]
10001f34:	2280      	movs	r2, #128	; 0x80
10001f36:	4b0b      	ldr	r3, [pc, #44]	; (10001f64 <watchdog_reboot+0x8c>)
10001f38:	05d2      	lsls	r2, r2, #23
10001f3a:	601a      	str	r2, [r3, #0]
10001f3c:	e7ed      	b.n	10001f1a <watchdog_reboot+0x42>
10001f3e:	4b05      	ldr	r3, [pc, #20]	; (10001f54 <watchdog_reboot+0x7c>)
10001f40:	61d8      	str	r0, [r3, #28]
10001f42:	e7da      	b.n	10001efa <watchdog_reboot+0x22>
10001f44:	4a09      	ldr	r2, [pc, #36]	; (10001f6c <watchdog_reboot+0x94>)
10001f46:	6013      	str	r3, [r2, #0]
10001f48:	001a      	movs	r2, r3
10001f4a:	e7f1      	b.n	10001f30 <watchdog_reboot+0x58>
10001f4c:	4005b000 	.word	0x4005b000
10001f50:	b007c0d3 	.word	0xb007c0d3
10001f54:	40058000 	.word	0x40058000
10001f58:	4ff83f2d 	.word	0x4ff83f2d
10001f5c:	0001fffc 	.word	0x0001fffc
10001f60:	40012008 	.word	0x40012008
10001f64:	4005a000 	.word	0x4005a000
10001f68:	00ffffff 	.word	0x00ffffff
10001f6c:	20000ed8 	.word	0x20000ed8

10001f70 <xosc_init>:
10001f70:	23aa      	movs	r3, #170	; 0xaa
10001f72:	4a06      	ldr	r2, [pc, #24]	; (10001f8c <xosc_init+0x1c>)
10001f74:	011b      	lsls	r3, r3, #4
10001f76:	6013      	str	r3, [r2, #0]
10001f78:	232f      	movs	r3, #47	; 0x2f
10001f7a:	4905      	ldr	r1, [pc, #20]	; (10001f90 <xosc_init+0x20>)
10001f7c:	60d3      	str	r3, [r2, #12]
10001f7e:	4b05      	ldr	r3, [pc, #20]	; (10001f94 <xosc_init+0x24>)
10001f80:	6019      	str	r1, [r3, #0]
10001f82:	6853      	ldr	r3, [r2, #4]
10001f84:	2b00      	cmp	r3, #0
10001f86:	dafc      	bge.n	10001f82 <xosc_init+0x12>
10001f88:	4770      	bx	lr
10001f8a:	46c0      	nop			; (mov r8, r8)
10001f8c:	40024000 	.word	0x40024000
10001f90:	00fab000 	.word	0x00fab000
10001f94:	40026000 	.word	0x40026000

10001f98 <_out_char>:
10001f98:	b510      	push	{r4, lr}
10001f9a:	2800      	cmp	r0, #0
10001f9c:	d100      	bne.n	10001fa0 <_out_char+0x8>
10001f9e:	bd10      	pop	{r4, pc}
10001fa0:	f000 fa3c 	bl	1000241c <__wrap_putchar>
10001fa4:	e7fb      	b.n	10001f9e <_out_char+0x6>
10001fa6:	46c0      	nop			; (mov r8, r8)

10001fa8 <weak_raw_vprintf>:
10001fa8:	b510      	push	{r4, lr}
10001faa:	4a09      	ldr	r2, [pc, #36]	; (10001fd0 <weak_raw_vprintf+0x28>)
10001fac:	b084      	sub	sp, #16
10001fae:	6814      	ldr	r4, [r2, #0]
10001fb0:	2c00      	cmp	r4, #0
10001fb2:	d009      	beq.n	10001fc8 <weak_raw_vprintf+0x20>
10001fb4:	2201      	movs	r2, #1
10001fb6:	9100      	str	r1, [sp, #0]
10001fb8:	0003      	movs	r3, r0
10001fba:	4252      	negs	r2, r2
10001fbc:	a903      	add	r1, sp, #12
10001fbe:	4805      	ldr	r0, [pc, #20]	; (10001fd4 <weak_raw_vprintf+0x2c>)
10001fc0:	47a0      	blx	r4
10001fc2:	2001      	movs	r0, #1
10001fc4:	b004      	add	sp, #16
10001fc6:	bd10      	pop	{r4, pc}
10001fc8:	f000 fa7a 	bl	100024c0 <__wrap_puts>
10001fcc:	2000      	movs	r0, #0
10001fce:	e7f9      	b.n	10001fc4 <weak_raw_vprintf+0x1c>
10001fd0:	20000ed4 	.word	0x20000ed4
10001fd4:	10001f99 	.word	0x10001f99

10001fd8 <__aeabi_bits_init>:
10001fd8:	4801      	ldr	r0, [pc, #4]	; (10001fe0 <__aeabi_bits_init+0x8>)
10001fda:	2104      	movs	r1, #4
10001fdc:	4b01      	ldr	r3, [pc, #4]	; (10001fe4 <__aeabi_bits_init+0xc>)
10001fde:	4718      	bx	r3
10001fe0:	200003f0 	.word	0x200003f0
10001fe4:	10002009 	.word	0x10002009

10001fe8 <rom_func_lookup>:
10001fe8:	2314      	movs	r3, #20
10001fea:	b510      	push	{r4, lr}
10001fec:	0001      	movs	r1, r0
10001fee:	8818      	ldrh	r0, [r3, #0]
10001ff0:	3304      	adds	r3, #4
10001ff2:	881b      	ldrh	r3, [r3, #0]
10001ff4:	4798      	blx	r3
10001ff6:	bd10      	pop	{r4, pc}

10001ff8 <rom_data_lookup>:
10001ff8:	2316      	movs	r3, #22
10001ffa:	b510      	push	{r4, lr}
10001ffc:	0001      	movs	r1, r0
10001ffe:	8818      	ldrh	r0, [r3, #0]
10002000:	3302      	adds	r3, #2
10002002:	881b      	ldrh	r3, [r3, #0]
10002004:	4798      	blx	r3
10002006:	bd10      	pop	{r4, pc}

10002008 <rom_funcs_lookup>:
10002008:	b5f0      	push	{r4, r5, r6, r7, lr}
1000200a:	46c6      	mov	lr, r8
1000200c:	b500      	push	{lr}
1000200e:	2900      	cmp	r1, #0
10002010:	d016      	beq.n	10002040 <rom_funcs_lookup+0x38>
10002012:	2314      	movs	r3, #20
10002014:	0004      	movs	r4, r0
10002016:	2501      	movs	r5, #1
10002018:	4698      	mov	r8, r3
1000201a:	2718      	movs	r7, #24
1000201c:	0089      	lsls	r1, r1, #2
1000201e:	1846      	adds	r6, r0, r1
10002020:	4643      	mov	r3, r8
10002022:	6821      	ldr	r1, [r4, #0]
10002024:	8818      	ldrh	r0, [r3, #0]
10002026:	883b      	ldrh	r3, [r7, #0]
10002028:	4798      	blx	r3
1000202a:	c401      	stmia	r4!, {r0}
1000202c:	1e43      	subs	r3, r0, #1
1000202e:	4198      	sbcs	r0, r3
10002030:	4240      	negs	r0, r0
10002032:	4005      	ands	r5, r0
10002034:	42a6      	cmp	r6, r4
10002036:	d1f3      	bne.n	10002020 <rom_funcs_lookup+0x18>
10002038:	0028      	movs	r0, r5
1000203a:	bc04      	pop	{r2}
1000203c:	4690      	mov	r8, r2
1000203e:	bdf0      	pop	{r4, r5, r6, r7, pc}
10002040:	2501      	movs	r5, #1
10002042:	e7f9      	b.n	10002038 <rom_funcs_lookup+0x30>

10002044 <__wrap___aeabi_uidiv>:
10002044:	4a11      	ldr	r2, [pc, #68]	; (1000208c <divmod_u32u32_savestate+0x18>)
10002046:	6f93      	ldr	r3, [r2, #120]	; 0x78
10002048:	089b      	lsrs	r3, r3, #2
1000204a:	d213      	bcs.n	10002074 <divmod_u32u32_savestate>

1000204c <divmod_u32u32_unsafe>:
1000204c:	6610      	str	r0, [r2, #96]	; 0x60
1000204e:	6651      	str	r1, [r2, #100]	; 0x64
10002050:	2900      	cmp	r1, #0
10002052:	d005      	beq.n	10002060 <divmod_u32u32_unsafe+0x14>
10002054:	e7ff      	b.n	10002056 <divmod_u32u32_unsafe+0xa>
10002056:	e7ff      	b.n	10002058 <divmod_u32u32_unsafe+0xc>
10002058:	e7ff      	b.n	1000205a <divmod_u32u32_unsafe+0xe>
1000205a:	6f51      	ldr	r1, [r2, #116]	; 0x74
1000205c:	6f10      	ldr	r0, [r2, #112]	; 0x70
1000205e:	4770      	bx	lr
10002060:	b504      	push	{r2, lr}
10002062:	2800      	cmp	r0, #0
10002064:	d001      	beq.n	1000206a <divmod_u32u32_unsafe+0x1e>
10002066:	2000      	movs	r0, #0
10002068:	43c0      	mvns	r0, r0
1000206a:	f002 ffc9 	bl	10005000 <____aeabi_idiv0_veneer>
1000206e:	2100      	movs	r1, #0
10002070:	bd04      	pop	{r2, pc}
10002072:	46c0      	nop			; (mov r8, r8)

10002074 <divmod_u32u32_savestate>:
10002074:	b5f0      	push	{r4, r5, r6, r7, lr}
10002076:	6e14      	ldr	r4, [r2, #96]	; 0x60
10002078:	6e55      	ldr	r5, [r2, #100]	; 0x64
1000207a:	6f57      	ldr	r7, [r2, #116]	; 0x74
1000207c:	6f16      	ldr	r6, [r2, #112]	; 0x70
1000207e:	f7ff ffe5 	bl	1000204c <divmod_u32u32_unsafe>
10002082:	6614      	str	r4, [r2, #96]	; 0x60
10002084:	6655      	str	r5, [r2, #100]	; 0x64
10002086:	6757      	str	r7, [r2, #116]	; 0x74
10002088:	6716      	str	r6, [r2, #112]	; 0x70
1000208a:	bdf0      	pop	{r4, r5, r6, r7, pc}
1000208c:	d0000000 	.word	0xd0000000

10002090 <__aeabi_double_init>:
10002090:	2313      	movs	r3, #19
10002092:	b570      	push	{r4, r5, r6, lr}
10002094:	781d      	ldrb	r5, [r3, #0]
10002096:	2d01      	cmp	r5, #1
10002098:	d015      	beq.n	100020c6 <__aeabi_double_init+0x36>
1000209a:	dd10      	ble.n	100020be <__aeabi_double_init+0x2e>
1000209c:	4826      	ldr	r0, [pc, #152]	; (10002138 <__aeabi_double_init+0xa8>)
1000209e:	f7ff ffab 	bl	10001ff8 <rom_data_lookup>
100020a2:	4c26      	ldr	r4, [pc, #152]	; (1000213c <__aeabi_double_init+0xac>)
100020a4:	0001      	movs	r1, r0
100020a6:	2280      	movs	r2, #128	; 0x80
100020a8:	0020      	movs	r0, r4
100020aa:	f000 f8d7 	bl	1000225c <__wrap___aeabi_memcpy>
100020ae:	2d02      	cmp	r5, #2
100020b0:	d006      	beq.n	100020c0 <__aeabi_double_init+0x30>
100020b2:	4823      	ldr	r0, [pc, #140]	; (10002140 <__aeabi_double_init+0xb0>)
100020b4:	f7ff ff98 	bl	10001fe8 <rom_func_lookup>
100020b8:	4b22      	ldr	r3, [pc, #136]	; (10002144 <__aeabi_double_init+0xb4>)
100020ba:	6018      	str	r0, [r3, #0]
100020bc:	bd70      	pop	{r4, r5, r6, pc}
100020be:	4c1f      	ldr	r4, [pc, #124]	; (1000213c <__aeabi_double_init+0xac>)
100020c0:	4a21      	ldr	r2, [pc, #132]	; (10002148 <__aeabi_double_init+0xb8>)
100020c2:	64a2      	str	r2, [r4, #72]	; 0x48
100020c4:	e7f5      	b.n	100020b2 <__aeabi_double_init+0x22>
100020c6:	4c1d      	ldr	r4, [pc, #116]	; (1000213c <__aeabi_double_init+0xac>)
100020c8:	4a1f      	ldr	r2, [pc, #124]	; (10002148 <__aeabi_double_init+0xb8>)
100020ca:	08a3      	lsrs	r3, r4, #2
100020cc:	425b      	negs	r3, r3
100020ce:	401d      	ands	r5, r3
100020d0:	d02f      	beq.n	10002132 <__aeabi_double_init+0xa2>
100020d2:	002b      	movs	r3, r5
100020d4:	6022      	str	r2, [r4, #0]
100020d6:	2020      	movs	r0, #32
100020d8:	00a9      	lsls	r1, r5, #2
100020da:	1861      	adds	r1, r4, r1
100020dc:	1b45      	subs	r5, r0, r5
100020de:	600a      	str	r2, [r1, #0]
100020e0:	604a      	str	r2, [r1, #4]
100020e2:	608a      	str	r2, [r1, #8]
100020e4:	60ca      	str	r2, [r1, #12]
100020e6:	610a      	str	r2, [r1, #16]
100020e8:	614a      	str	r2, [r1, #20]
100020ea:	618a      	str	r2, [r1, #24]
100020ec:	61ca      	str	r2, [r1, #28]
100020ee:	620a      	str	r2, [r1, #32]
100020f0:	624a      	str	r2, [r1, #36]	; 0x24
100020f2:	628a      	str	r2, [r1, #40]	; 0x28
100020f4:	62ca      	str	r2, [r1, #44]	; 0x2c
100020f6:	630a      	str	r2, [r1, #48]	; 0x30
100020f8:	634a      	str	r2, [r1, #52]	; 0x34
100020fa:	638a      	str	r2, [r1, #56]	; 0x38
100020fc:	63ca      	str	r2, [r1, #60]	; 0x3c
100020fe:	640a      	str	r2, [r1, #64]	; 0x40
10002100:	644a      	str	r2, [r1, #68]	; 0x44
10002102:	648a      	str	r2, [r1, #72]	; 0x48
10002104:	64ca      	str	r2, [r1, #76]	; 0x4c
10002106:	650a      	str	r2, [r1, #80]	; 0x50
10002108:	654a      	str	r2, [r1, #84]	; 0x54
1000210a:	658a      	str	r2, [r1, #88]	; 0x58
1000210c:	65ca      	str	r2, [r1, #92]	; 0x5c
1000210e:	660a      	str	r2, [r1, #96]	; 0x60
10002110:	664a      	str	r2, [r1, #100]	; 0x64
10002112:	668a      	str	r2, [r1, #104]	; 0x68
10002114:	66ca      	str	r2, [r1, #108]	; 0x6c
10002116:	670a      	str	r2, [r1, #112]	; 0x70
10002118:	674a      	str	r2, [r1, #116]	; 0x74
1000211a:	086d      	lsrs	r5, r5, #1
1000211c:	2d10      	cmp	r5, #16
1000211e:	d103      	bne.n	10002128 <__aeabi_double_init+0x98>
10002120:	678a      	str	r2, [r1, #120]	; 0x78
10002122:	67ca      	str	r2, [r1, #124]	; 0x7c
10002124:	64a2      	str	r2, [r4, #72]	; 0x48
10002126:	e7c4      	b.n	100020b2 <__aeabi_double_init+0x22>
10002128:	331e      	adds	r3, #30
1000212a:	009b      	lsls	r3, r3, #2
1000212c:	50e2      	str	r2, [r4, r3]
1000212e:	64a2      	str	r2, [r4, #72]	; 0x48
10002130:	e7bf      	b.n	100020b2 <__aeabi_double_init+0x22>
10002132:	2300      	movs	r3, #0
10002134:	e7cf      	b.n	100020d6 <__aeabi_double_init+0x46>
10002136:	46c0      	nop			; (mov r8, r8)
10002138:	00004453 	.word	0x00004453
1000213c:	20000f38 	.word	0x20000f38
10002140:	0000334c 	.word	0x0000334c
10002144:	20000ef8 	.word	0x20000ef8
10002148:	1000214d 	.word	0x1000214d

1000214c <double_table_shim_on_use_helper>:
1000214c:	b507      	push	{r0, r1, r2, lr}
1000214e:	4660      	mov	r0, ip
10002150:	8801      	ldrh	r1, [r0, #0]
10002152:	0a0a      	lsrs	r2, r1, #8
10002154:	3002      	adds	r0, #2
10002156:	2adf      	cmp	r2, #223	; 0xdf
10002158:	d1fa      	bne.n	10002150 <double_table_shim_on_use_helper+0x4>
1000215a:	b2c9      	uxtb	r1, r1
1000215c:	0882      	lsrs	r2, r0, #2
1000215e:	d304      	bcc.n	1000216a <double_table_shim_on_use_helper+0x1e>
10002160:	8802      	ldrh	r2, [r0, #0]
10002162:	8840      	ldrh	r0, [r0, #2]
10002164:	0400      	lsls	r0, r0, #16
10002166:	4310      	orrs	r0, r2
10002168:	e000      	b.n	1000216c <double_table_shim_on_use_helper+0x20>
1000216a:	6800      	ldr	r0, [r0, #0]
1000216c:	4a01      	ldr	r2, [pc, #4]	; (10002174 <double_table_shim_on_use_helper+0x28>)
1000216e:	5050      	str	r0, [r2, r1]
10002170:	9003      	str	r0, [sp, #12]
10002172:	bd07      	pop	{r0, r1, r2, pc}
10002174:	20000f38 	.word	0x20000f38

10002178 <__wrap___aeabi_lmul>:
10002178:	4351      	muls	r1, r2
1000217a:	4343      	muls	r3, r0
1000217c:	18c9      	adds	r1, r1, r3
1000217e:	468c      	mov	ip, r1
10002180:	0c11      	lsrs	r1, r2, #16
10002182:	b283      	uxth	r3, r0
10002184:	434b      	muls	r3, r1
10002186:	b410      	push	{r4}
10002188:	0c04      	lsrs	r4, r0, #16
1000218a:	4361      	muls	r1, r4
1000218c:	b292      	uxth	r2, r2
1000218e:	b280      	uxth	r0, r0
10002190:	4350      	muls	r0, r2
10002192:	4362      	muls	r2, r4
10002194:	041c      	lsls	r4, r3, #16
10002196:	0c1b      	lsrs	r3, r3, #16
10002198:	1900      	adds	r0, r0, r4
1000219a:	bc10      	pop	{r4}
1000219c:	4159      	adcs	r1, r3
1000219e:	0413      	lsls	r3, r2, #16
100021a0:	0c12      	lsrs	r2, r2, #16
100021a2:	18c0      	adds	r0, r0, r3
100021a4:	4151      	adcs	r1, r2
100021a6:	4461      	add	r1, ip
100021a8:	4770      	bx	lr
	...

100021ac <__aeabi_float_init>:
100021ac:	2313      	movs	r3, #19
100021ae:	b510      	push	{r4, lr}
100021b0:	781c      	ldrb	r4, [r3, #0]
100021b2:	4813      	ldr	r0, [pc, #76]	; (10002200 <__aeabi_float_init+0x54>)
100021b4:	f7ff ff20 	bl	10001ff8 <rom_data_lookup>
100021b8:	2c01      	cmp	r4, #1
100021ba:	d00b      	beq.n	100021d4 <__aeabi_float_init+0x28>
100021bc:	dd04      	ble.n	100021c8 <__aeabi_float_init+0x1c>
100021be:	0001      	movs	r1, r0
100021c0:	2280      	movs	r2, #128	; 0x80
100021c2:	4810      	ldr	r0, [pc, #64]	; (10002204 <__aeabi_float_init+0x58>)
100021c4:	f000 f84a 	bl	1000225c <__wrap___aeabi_memcpy>
100021c8:	480f      	ldr	r0, [pc, #60]	; (10002208 <__aeabi_float_init+0x5c>)
100021ca:	f7ff ff0d 	bl	10001fe8 <rom_func_lookup>
100021ce:	4b0f      	ldr	r3, [pc, #60]	; (1000220c <__aeabi_float_init+0x60>)
100021d0:	6018      	str	r0, [r3, #0]
100021d2:	bd10      	pop	{r4, pc}
100021d4:	4c0b      	ldr	r4, [pc, #44]	; (10002204 <__aeabi_float_init+0x58>)
100021d6:	0001      	movs	r1, r0
100021d8:	2254      	movs	r2, #84	; 0x54
100021da:	0020      	movs	r0, r4
100021dc:	f000 f83e 	bl	1000225c <__wrap___aeabi_memcpy>
100021e0:	4b0b      	ldr	r3, [pc, #44]	; (10002210 <__aeabi_float_init+0x64>)
100021e2:	6563      	str	r3, [r4, #84]	; 0x54
100021e4:	65a3      	str	r3, [r4, #88]	; 0x58
100021e6:	65e3      	str	r3, [r4, #92]	; 0x5c
100021e8:	6623      	str	r3, [r4, #96]	; 0x60
100021ea:	6663      	str	r3, [r4, #100]	; 0x64
100021ec:	66a3      	str	r3, [r4, #104]	; 0x68
100021ee:	66e3      	str	r3, [r4, #108]	; 0x6c
100021f0:	6723      	str	r3, [r4, #112]	; 0x70
100021f2:	6763      	str	r3, [r4, #116]	; 0x74
100021f4:	67a3      	str	r3, [r4, #120]	; 0x78
100021f6:	67e3      	str	r3, [r4, #124]	; 0x7c
100021f8:	6223      	str	r3, [r4, #32]
100021fa:	61e3      	str	r3, [r4, #28]
100021fc:	e7e4      	b.n	100021c8 <__aeabi_float_init+0x1c>
100021fe:	46c0      	nop			; (mov r8, r8)
10002200:	00004653 	.word	0x00004653
10002204:	20001038 	.word	0x20001038
10002208:	0000334c 	.word	0x0000334c
1000220c:	20000ef8 	.word	0x20000ef8
10002210:	10002215 	.word	0x10002215

10002214 <float_table_shim_on_use_helper>:
10002214:	b507      	push	{r0, r1, r2, lr}
10002216:	4660      	mov	r0, ip
10002218:	8801      	ldrh	r1, [r0, #0]
1000221a:	0a0a      	lsrs	r2, r1, #8
1000221c:	3002      	adds	r0, #2
1000221e:	2adf      	cmp	r2, #223	; 0xdf
10002220:	d1fa      	bne.n	10002218 <float_table_shim_on_use_helper+0x4>
10002222:	b2c9      	uxtb	r1, r1
10002224:	0882      	lsrs	r2, r0, #2
10002226:	d304      	bcc.n	10002232 <float_table_shim_on_use_helper+0x1e>
10002228:	8802      	ldrh	r2, [r0, #0]
1000222a:	8840      	ldrh	r0, [r0, #2]
1000222c:	0400      	lsls	r0, r0, #16
1000222e:	4310      	orrs	r0, r2
10002230:	e000      	b.n	10002234 <float_table_shim_on_use_helper+0x20>
10002232:	6800      	ldr	r0, [r0, #0]
10002234:	4a01      	ldr	r2, [pc, #4]	; (1000223c <float_table_shim_on_use_helper+0x28>)
10002236:	5050      	str	r0, [r2, r1]
10002238:	9003      	str	r0, [sp, #12]
1000223a:	bd07      	pop	{r0, r1, r2, pc}
1000223c:	20001038 	.word	0x20001038

10002240 <__aeabi_mem_init>:
10002240:	4801      	ldr	r0, [pc, #4]	; (10002248 <__aeabi_mem_init+0x8>)
10002242:	2104      	movs	r1, #4
10002244:	4b01      	ldr	r3, [pc, #4]	; (1000224c <__aeabi_mem_init+0xc>)
10002246:	4718      	bx	r3
10002248:	20000400 	.word	0x20000400
1000224c:	10002009 	.word	0x10002009

10002250 <__wrap_memset>:
10002250:	4b01      	ldr	r3, [pc, #4]	; (10002258 <__wrap_memset+0x8>)
10002252:	681b      	ldr	r3, [r3, #0]
10002254:	4718      	bx	r3
10002256:	0000      	.short	0x0000
10002258:	20000400 	.word	0x20000400

1000225c <__wrap___aeabi_memcpy>:
1000225c:	4b01      	ldr	r3, [pc, #4]	; (10002264 <__wrap___aeabi_memcpy+0x8>)
1000225e:	685b      	ldr	r3, [r3, #4]
10002260:	4718      	bx	r3
10002262:	0000      	.short	0x0000
10002264:	20000400 	.word	0x20000400

10002268 <stdio_out_chars_no_crlf>:
10002268:	0003      	movs	r3, r0
1000226a:	b510      	push	{r4, lr}
1000226c:	0008      	movs	r0, r1
1000226e:	681b      	ldr	r3, [r3, #0]
10002270:	0011      	movs	r1, r2
10002272:	4798      	blx	r3
10002274:	bd10      	pop	{r4, pc}
10002276:	46c0      	nop			; (mov r8, r8)

10002278 <stdio_out_chars_crlf>:
10002278:	b5f8      	push	{r3, r4, r5, r6, r7, lr}
1000227a:	4647      	mov	r7, r8
1000227c:	46ce      	mov	lr, r9
1000227e:	b580      	push	{r7, lr}
10002280:	7c43      	ldrb	r3, [r0, #17]
10002282:	4680      	mov	r8, r0
10002284:	000c      	movs	r4, r1
10002286:	0015      	movs	r5, r2
10002288:	2b00      	cmp	r3, #0
1000228a:	d043      	beq.n	10002314 <stdio_out_chars_crlf+0x9c>
1000228c:	2a00      	cmp	r2, #0
1000228e:	dd34      	ble.n	100022fa <stdio_out_chars_crlf+0x82>
10002290:	780a      	ldrb	r2, [r1, #0]
10002292:	7c03      	ldrb	r3, [r0, #16]
10002294:	2000      	movs	r0, #0
10002296:	2a0a      	cmp	r2, #10
10002298:	d033      	beq.n	10002302 <stdio_out_chars_crlf+0x8a>
1000229a:	2d01      	cmp	r5, #1
1000229c:	d01e      	beq.n	100022dc <stdio_out_chars_crlf+0x64>
1000229e:	4b20      	ldr	r3, [pc, #128]	; (10002320 <stdio_out_chars_crlf+0xa8>)
100022a0:	2101      	movs	r1, #1
100022a2:	1e67      	subs	r7, r4, #1
100022a4:	4699      	mov	r9, r3
100022a6:	e002      	b.n	100022ae <stdio_out_chars_crlf+0x36>
100022a8:	0031      	movs	r1, r6
100022aa:	42b5      	cmp	r5, r6
100022ac:	d016      	beq.n	100022dc <stdio_out_chars_crlf+0x64>
100022ae:	5c63      	ldrb	r3, [r4, r1]
100022b0:	5c7a      	ldrb	r2, [r7, r1]
100022b2:	1c4e      	adds	r6, r1, #1
100022b4:	2b0a      	cmp	r3, #10
100022b6:	d1f7      	bne.n	100022a8 <stdio_out_chars_crlf+0x30>
100022b8:	2a0d      	cmp	r2, #13
100022ba:	d0f5      	beq.n	100022a8 <stdio_out_chars_crlf+0x30>
100022bc:	4643      	mov	r3, r8
100022be:	681b      	ldr	r3, [r3, #0]
100022c0:	4288      	cmp	r0, r1
100022c2:	da04      	bge.n	100022ce <stdio_out_chars_crlf+0x56>
100022c4:	1a09      	subs	r1, r1, r0
100022c6:	1820      	adds	r0, r4, r0
100022c8:	4798      	blx	r3
100022ca:	4643      	mov	r3, r8
100022cc:	681b      	ldr	r3, [r3, #0]
100022ce:	2102      	movs	r1, #2
100022d0:	4648      	mov	r0, r9
100022d2:	4798      	blx	r3
100022d4:	0030      	movs	r0, r6
100022d6:	0031      	movs	r1, r6
100022d8:	42b5      	cmp	r5, r6
100022da:	d1e8      	bne.n	100022ae <stdio_out_chars_crlf+0x36>
100022dc:	4285      	cmp	r5, r0
100022de:	dd04      	ble.n	100022ea <stdio_out_chars_crlf+0x72>
100022e0:	4643      	mov	r3, r8
100022e2:	1a29      	subs	r1, r5, r0
100022e4:	681b      	ldr	r3, [r3, #0]
100022e6:	1820      	adds	r0, r4, r0
100022e8:	4798      	blx	r3
100022ea:	1964      	adds	r4, r4, r5
100022ec:	3c01      	subs	r4, #1
100022ee:	7823      	ldrb	r3, [r4, #0]
100022f0:	3b0d      	subs	r3, #13
100022f2:	425a      	negs	r2, r3
100022f4:	4153      	adcs	r3, r2
100022f6:	4642      	mov	r2, r8
100022f8:	7413      	strb	r3, [r2, #16]
100022fa:	bc0c      	pop	{r2, r3}
100022fc:	4690      	mov	r8, r2
100022fe:	4699      	mov	r9, r3
10002300:	bdf8      	pop	{r3, r4, r5, r6, r7, pc}
10002302:	2b00      	cmp	r3, #0
10002304:	d1c9      	bne.n	1000229a <stdio_out_chars_crlf+0x22>
10002306:	4643      	mov	r3, r8
10002308:	4805      	ldr	r0, [pc, #20]	; (10002320 <stdio_out_chars_crlf+0xa8>)
1000230a:	2102      	movs	r1, #2
1000230c:	681b      	ldr	r3, [r3, #0]
1000230e:	4798      	blx	r3
10002310:	2001      	movs	r0, #1
10002312:	e7c2      	b.n	1000229a <stdio_out_chars_crlf+0x22>
10002314:	6803      	ldr	r3, [r0, #0]
10002316:	0011      	movs	r1, r2
10002318:	0020      	movs	r0, r4
1000231a:	4798      	blx	r3
1000231c:	e7ed      	b.n	100022fa <stdio_out_chars_crlf+0x82>
1000231e:	46c0      	nop			; (mov r8, r8)
10002320:	10005120 	.word	0x10005120

10002324 <stdio_put_string>:
10002324:	b5f0      	push	{r4, r5, r6, r7, lr}
10002326:	46de      	mov	lr, fp
10002328:	4657      	mov	r7, sl
1000232a:	464e      	mov	r6, r9
1000232c:	4645      	mov	r5, r8
1000232e:	b5e0      	push	{r5, r6, r7, lr}
10002330:	001e      	movs	r6, r3
10002332:	23d0      	movs	r3, #208	; 0xd0
10002334:	061b      	lsls	r3, r3, #24
10002336:	b083      	sub	sp, #12
10002338:	681c      	ldr	r4, [r3, #0]
1000233a:	4b33      	ldr	r3, [pc, #204]	; (10002408 <stdio_put_string+0xe4>)
1000233c:	af01      	add	r7, sp, #4
1000233e:	4680      	mov	r8, r0
10002340:	000d      	movs	r5, r1
10002342:	0018      	movs	r0, r3
10002344:	0039      	movs	r1, r7
10002346:	4691      	mov	r9, r2
10002348:	469b      	mov	fp, r3
1000234a:	f002 fe61 	bl	10005010 <__mutex_try_enter_veneer>
1000234e:	4682      	mov	sl, r0
10002350:	2800      	cmp	r0, #0
10002352:	d108      	bne.n	10002366 <stdio_put_string+0x42>
10002354:	9b01      	ldr	r3, [sp, #4]
10002356:	b264      	sxtb	r4, r4
10002358:	429c      	cmp	r4, r3
1000235a:	d004      	beq.n	10002366 <stdio_put_string+0x42>
1000235c:	4658      	mov	r0, fp
1000235e:	f002 fe67 	bl	10005030 <__mutex_enter_blocking_veneer>
10002362:	2301      	movs	r3, #1
10002364:	469a      	mov	sl, r3
10002366:	1c6b      	adds	r3, r5, #1
10002368:	d103      	bne.n	10002372 <stdio_put_string+0x4e>
1000236a:	4640      	mov	r0, r8
1000236c:	f002 fe00 	bl	10004f70 <strlen>
10002370:	0005      	movs	r5, r0
10002372:	2e00      	cmp	r6, #0
10002374:	d128      	bne.n	100023c8 <stdio_put_string+0xa4>
10002376:	4e25      	ldr	r6, [pc, #148]	; (1000240c <stdio_put_string+0xe8>)
10002378:	4b25      	ldr	r3, [pc, #148]	; (10002410 <stdio_put_string+0xec>)
1000237a:	681c      	ldr	r4, [r3, #0]
1000237c:	2c00      	cmp	r4, #0
1000237e:	d016      	beq.n	100023ae <stdio_put_string+0x8a>
10002380:	464b      	mov	r3, r9
10002382:	2b00      	cmp	r3, #0
10002384:	d122      	bne.n	100023cc <stdio_put_string+0xa8>
10002386:	4f23      	ldr	r7, [pc, #140]	; (10002414 <stdio_put_string+0xf0>)
10002388:	e002      	b.n	10002390 <stdio_put_string+0x6c>
1000238a:	68e4      	ldr	r4, [r4, #12]
1000238c:	2c00      	cmp	r4, #0
1000238e:	d00e      	beq.n	100023ae <stdio_put_string+0x8a>
10002390:	6823      	ldr	r3, [r4, #0]
10002392:	2b00      	cmp	r3, #0
10002394:	d0f9      	beq.n	1000238a <stdio_put_string+0x66>
10002396:	683b      	ldr	r3, [r7, #0]
10002398:	2b00      	cmp	r3, #0
1000239a:	d001      	beq.n	100023a0 <stdio_put_string+0x7c>
1000239c:	42a3      	cmp	r3, r4
1000239e:	d1f4      	bne.n	1000238a <stdio_put_string+0x66>
100023a0:	0020      	movs	r0, r4
100023a2:	002a      	movs	r2, r5
100023a4:	4641      	mov	r1, r8
100023a6:	47b0      	blx	r6
100023a8:	68e4      	ldr	r4, [r4, #12]
100023aa:	2c00      	cmp	r4, #0
100023ac:	d1f0      	bne.n	10002390 <stdio_put_string+0x6c>
100023ae:	4653      	mov	r3, sl
100023b0:	2b00      	cmp	r3, #0
100023b2:	d125      	bne.n	10002400 <stdio_put_string+0xdc>
100023b4:	1e68      	subs	r0, r5, #1
100023b6:	4185      	sbcs	r5, r0
100023b8:	b2e8      	uxtb	r0, r5
100023ba:	b003      	add	sp, #12
100023bc:	bc3c      	pop	{r2, r3, r4, r5}
100023be:	4690      	mov	r8, r2
100023c0:	4699      	mov	r9, r3
100023c2:	46a2      	mov	sl, r4
100023c4:	46ab      	mov	fp, r5
100023c6:	bdf0      	pop	{r4, r5, r6, r7, pc}
100023c8:	4e13      	ldr	r6, [pc, #76]	; (10002418 <stdio_put_string+0xf4>)
100023ca:	e7d5      	b.n	10002378 <stdio_put_string+0x54>
100023cc:	4b11      	ldr	r3, [pc, #68]	; (10002414 <stdio_put_string+0xf0>)
100023ce:	4699      	mov	r9, r3
100023d0:	e002      	b.n	100023d8 <stdio_put_string+0xb4>
100023d2:	68e4      	ldr	r4, [r4, #12]
100023d4:	2c00      	cmp	r4, #0
100023d6:	d0ea      	beq.n	100023ae <stdio_put_string+0x8a>
100023d8:	6823      	ldr	r3, [r4, #0]
100023da:	2b00      	cmp	r3, #0
100023dc:	d0f9      	beq.n	100023d2 <stdio_put_string+0xae>
100023de:	464b      	mov	r3, r9
100023e0:	681b      	ldr	r3, [r3, #0]
100023e2:	2b00      	cmp	r3, #0
100023e4:	d001      	beq.n	100023ea <stdio_put_string+0xc6>
100023e6:	42a3      	cmp	r3, r4
100023e8:	d1f3      	bne.n	100023d2 <stdio_put_string+0xae>
100023ea:	002a      	movs	r2, r5
100023ec:	4641      	mov	r1, r8
100023ee:	0020      	movs	r0, r4
100023f0:	47b0      	blx	r6
100023f2:	230a      	movs	r3, #10
100023f4:	2201      	movs	r2, #1
100023f6:	0039      	movs	r1, r7
100023f8:	0020      	movs	r0, r4
100023fa:	703b      	strb	r3, [r7, #0]
100023fc:	47b0      	blx	r6
100023fe:	e7e8      	b.n	100023d2 <stdio_put_string+0xae>
10002400:	4658      	mov	r0, fp
10002402:	f002 fdf5 	bl	10004ff0 <__mutex_exit_veneer>
10002406:	e7d5      	b.n	100023b4 <stdio_put_string+0x90>
10002408:	20000450 	.word	0x20000450
1000240c:	10002279 	.word	0x10002279
10002410:	20000acc 	.word	0x20000acc
10002414:	20000ad0 	.word	0x20000ad0
10002418:	10002269 	.word	0x10002269

1000241c <__wrap_putchar>:
1000241c:	b5f0      	push	{r4, r5, r6, r7, lr}
1000241e:	4647      	mov	r7, r8
10002420:	46ce      	mov	lr, r9
10002422:	b580      	push	{r7, lr}
10002424:	b083      	sub	sp, #12
10002426:	466b      	mov	r3, sp
10002428:	1cdf      	adds	r7, r3, #3
1000242a:	23d0      	movs	r3, #208	; 0xd0
1000242c:	7038      	strb	r0, [r7, #0]
1000242e:	061b      	lsls	r3, r3, #24
10002430:	681c      	ldr	r4, [r3, #0]
10002432:	4b20      	ldr	r3, [pc, #128]	; (100024b4 <__wrap_putchar+0x98>)
10002434:	0006      	movs	r6, r0
10002436:	a901      	add	r1, sp, #4
10002438:	0018      	movs	r0, r3
1000243a:	4698      	mov	r8, r3
1000243c:	f002 fde8 	bl	10005010 <__mutex_try_enter_veneer>
10002440:	1e05      	subs	r5, r0, #0
10002442:	d022      	beq.n	1000248a <__wrap_putchar+0x6e>
10002444:	4b1c      	ldr	r3, [pc, #112]	; (100024b8 <__wrap_putchar+0x9c>)
10002446:	681c      	ldr	r4, [r3, #0]
10002448:	2c00      	cmp	r4, #0
1000244a:	d02a      	beq.n	100024a2 <__wrap_putchar+0x86>
1000244c:	4b1b      	ldr	r3, [pc, #108]	; (100024bc <__wrap_putchar+0xa0>)
1000244e:	4699      	mov	r9, r3
10002450:	e002      	b.n	10002458 <__wrap_putchar+0x3c>
10002452:	68e4      	ldr	r4, [r4, #12]
10002454:	2c00      	cmp	r4, #0
10002456:	d010      	beq.n	1000247a <__wrap_putchar+0x5e>
10002458:	6823      	ldr	r3, [r4, #0]
1000245a:	2b00      	cmp	r3, #0
1000245c:	d0f9      	beq.n	10002452 <__wrap_putchar+0x36>
1000245e:	464b      	mov	r3, r9
10002460:	681b      	ldr	r3, [r3, #0]
10002462:	2b00      	cmp	r3, #0
10002464:	d001      	beq.n	1000246a <__wrap_putchar+0x4e>
10002466:	42a3      	cmp	r3, r4
10002468:	d1f3      	bne.n	10002452 <__wrap_putchar+0x36>
1000246a:	0020      	movs	r0, r4
1000246c:	2201      	movs	r2, #1
1000246e:	0039      	movs	r1, r7
10002470:	f7ff ff02 	bl	10002278 <stdio_out_chars_crlf>
10002474:	68e4      	ldr	r4, [r4, #12]
10002476:	2c00      	cmp	r4, #0
10002478:	d1ee      	bne.n	10002458 <__wrap_putchar+0x3c>
1000247a:	2d00      	cmp	r5, #0
1000247c:	d111      	bne.n	100024a2 <__wrap_putchar+0x86>
1000247e:	0030      	movs	r0, r6
10002480:	b003      	add	sp, #12
10002482:	bc0c      	pop	{r2, r3}
10002484:	4690      	mov	r8, r2
10002486:	4699      	mov	r9, r3
10002488:	bdf0      	pop	{r4, r5, r6, r7, pc}
1000248a:	9b01      	ldr	r3, [sp, #4]
1000248c:	b264      	sxtb	r4, r4
1000248e:	429c      	cmp	r4, r3
10002490:	d00b      	beq.n	100024aa <__wrap_putchar+0x8e>
10002492:	4640      	mov	r0, r8
10002494:	f002 fdcc 	bl	10005030 <__mutex_enter_blocking_veneer>
10002498:	4b07      	ldr	r3, [pc, #28]	; (100024b8 <__wrap_putchar+0x9c>)
1000249a:	2501      	movs	r5, #1
1000249c:	681c      	ldr	r4, [r3, #0]
1000249e:	2c00      	cmp	r4, #0
100024a0:	d1d4      	bne.n	1000244c <__wrap_putchar+0x30>
100024a2:	4640      	mov	r0, r8
100024a4:	f002 fda4 	bl	10004ff0 <__mutex_exit_veneer>
100024a8:	e7e9      	b.n	1000247e <__wrap_putchar+0x62>
100024aa:	4b03      	ldr	r3, [pc, #12]	; (100024b8 <__wrap_putchar+0x9c>)
100024ac:	681c      	ldr	r4, [r3, #0]
100024ae:	2c00      	cmp	r4, #0
100024b0:	d1cc      	bne.n	1000244c <__wrap_putchar+0x30>
100024b2:	e7e4      	b.n	1000247e <__wrap_putchar+0x62>
100024b4:	20000450 	.word	0x20000450
100024b8:	20000acc 	.word	0x20000acc
100024bc:	20000ad0 	.word	0x20000ad0

100024c0 <__wrap_puts>:
100024c0:	b570      	push	{r4, r5, r6, lr}
100024c2:	0004      	movs	r4, r0
100024c4:	f002 fd54 	bl	10004f70 <strlen>
100024c8:	2300      	movs	r3, #0
100024ca:	0001      	movs	r1, r0
100024cc:	0005      	movs	r5, r0
100024ce:	2201      	movs	r2, #1
100024d0:	0020      	movs	r0, r4
100024d2:	f7ff ff27 	bl	10002324 <stdio_put_string>
100024d6:	4b08      	ldr	r3, [pc, #32]	; (100024f8 <__wrap_puts+0x38>)
100024d8:	681c      	ldr	r4, [r3, #0]
100024da:	2c00      	cmp	r4, #0
100024dc:	d006      	beq.n	100024ec <__wrap_puts+0x2c>
100024de:	6863      	ldr	r3, [r4, #4]
100024e0:	2b00      	cmp	r3, #0
100024e2:	d005      	beq.n	100024f0 <__wrap_puts+0x30>
100024e4:	4798      	blx	r3
100024e6:	68e4      	ldr	r4, [r4, #12]
100024e8:	2c00      	cmp	r4, #0
100024ea:	d1f8      	bne.n	100024de <__wrap_puts+0x1e>
100024ec:	0028      	movs	r0, r5
100024ee:	bd70      	pop	{r4, r5, r6, pc}
100024f0:	68e4      	ldr	r4, [r4, #12]
100024f2:	2c00      	cmp	r4, #0
100024f4:	d1f3      	bne.n	100024de <__wrap_puts+0x1e>
100024f6:	e7f9      	b.n	100024ec <__wrap_puts+0x2c>
100024f8:	20000acc 	.word	0x20000acc

100024fc <stdio_set_driver_enabled>:
100024fc:	4a0a      	ldr	r2, [pc, #40]	; (10002528 <stdio_set_driver_enabled+0x2c>)
100024fe:	6813      	ldr	r3, [r2, #0]
10002500:	2b00      	cmp	r3, #0
10002502:	d105      	bne.n	10002510 <stdio_set_driver_enabled+0x14>
10002504:	e00c      	b.n	10002520 <stdio_set_driver_enabled+0x24>
10002506:	001a      	movs	r2, r3
10002508:	68db      	ldr	r3, [r3, #12]
1000250a:	320c      	adds	r2, #12
1000250c:	2b00      	cmp	r3, #0
1000250e:	d007      	beq.n	10002520 <stdio_set_driver_enabled+0x24>
10002510:	4298      	cmp	r0, r3
10002512:	d1f8      	bne.n	10002506 <stdio_set_driver_enabled+0xa>
10002514:	2900      	cmp	r1, #0
10002516:	d102      	bne.n	1000251e <stdio_set_driver_enabled+0x22>
10002518:	68c3      	ldr	r3, [r0, #12]
1000251a:	6013      	str	r3, [r2, #0]
1000251c:	60c1      	str	r1, [r0, #12]
1000251e:	4770      	bx	lr
10002520:	2900      	cmp	r1, #0
10002522:	d0fc      	beq.n	1000251e <stdio_set_driver_enabled+0x22>
10002524:	6010      	str	r0, [r2, #0]
10002526:	e7fa      	b.n	1000251e <stdio_set_driver_enabled+0x22>
10002528:	20000acc 	.word	0x20000acc

1000252c <stdio_init_all>:
1000252c:	b510      	push	{r4, lr}
1000252e:	f000 f943 	bl	100027b8 <stdio_usb_init>
10002532:	bd10      	pop	{r4, pc}

10002534 <resetd_init>:
10002534:	4770      	bx	lr
10002536:	46c0      	nop			; (mov r8, r8)

10002538 <resetd_reset>:
10002538:	2200      	movs	r2, #0
1000253a:	4b01      	ldr	r3, [pc, #4]	; (10002540 <resetd_reset+0x8>)
1000253c:	701a      	strb	r2, [r3, #0]
1000253e:	4770      	bx	lr
10002540:	20000f33 	.word	0x20000f33

10002544 <resetd_open>:
10002544:	794b      	ldrb	r3, [r1, #5]
10002546:	2000      	movs	r0, #0
10002548:	2bff      	cmp	r3, #255	; 0xff
1000254a:	d10b      	bne.n	10002564 <resetd_open+0x20>
1000254c:	798b      	ldrb	r3, [r1, #6]
1000254e:	2b00      	cmp	r3, #0
10002550:	d108      	bne.n	10002564 <resetd_open+0x20>
10002552:	79cb      	ldrb	r3, [r1, #7]
10002554:	2b01      	cmp	r3, #1
10002556:	d105      	bne.n	10002564 <resetd_open+0x20>
10002558:	2a08      	cmp	r2, #8
1000255a:	d903      	bls.n	10002564 <resetd_open+0x20>
1000255c:	788a      	ldrb	r2, [r1, #2]
1000255e:	4b02      	ldr	r3, [pc, #8]	; (10002568 <resetd_open+0x24>)
10002560:	3009      	adds	r0, #9
10002562:	701a      	strb	r2, [r3, #0]
10002564:	4770      	bx	lr
10002566:	46c0      	nop			; (mov r8, r8)
10002568:	20000f33 	.word	0x20000f33

1000256c <resetd_xfer_cb>:
1000256c:	2001      	movs	r0, #1
1000256e:	4770      	bx	lr

10002570 <resetd_control_xfer_cb>:
10002570:	b570      	push	{r4, r5, r6, lr}
10002572:	2900      	cmp	r1, #0
10002574:	d115      	bne.n	100025a2 <resetd_control_xfer_cb+0x32>
10002576:	4915      	ldr	r1, [pc, #84]	; (100025cc <resetd_control_xfer_cb+0x5c>)
10002578:	7953      	ldrb	r3, [r2, #5]
1000257a:	7910      	ldrb	r0, [r2, #4]
1000257c:	7809      	ldrb	r1, [r1, #0]
1000257e:	021b      	lsls	r3, r3, #8
10002580:	4303      	orrs	r3, r0
10002582:	2000      	movs	r0, #0
10002584:	4299      	cmp	r1, r3
10002586:	d000      	beq.n	1000258a <resetd_control_xfer_cb+0x1a>
10002588:	bd70      	pop	{r4, r5, r6, pc}
1000258a:	7853      	ldrb	r3, [r2, #1]
1000258c:	2b01      	cmp	r3, #1
1000258e:	d00a      	beq.n	100025a6 <resetd_control_xfer_cb+0x36>
10002590:	2b02      	cmp	r3, #2
10002592:	d1f9      	bne.n	10002588 <resetd_control_xfer_cb+0x18>
10002594:	2000      	movs	r0, #0
10002596:	2264      	movs	r2, #100	; 0x64
10002598:	2100      	movs	r1, #0
1000259a:	f7ff fc9d 	bl	10001ed8 <watchdog_reboot>
1000259e:	2001      	movs	r0, #1
100025a0:	e7f2      	b.n	10002588 <resetd_control_xfer_cb+0x18>
100025a2:	2001      	movs	r0, #1
100025a4:	e7f0      	b.n	10002588 <resetd_control_xfer_cb+0x18>
100025a6:	78d4      	ldrb	r4, [r2, #3]
100025a8:	7891      	ldrb	r1, [r2, #2]
100025aa:	0224      	lsls	r4, r4, #8
100025ac:	430c      	orrs	r4, r1
100025ae:	0005      	movs	r5, r0
100025b0:	05e2      	lsls	r2, r4, #23
100025b2:	d502      	bpl.n	100025ba <resetd_control_xfer_cb+0x4a>
100025b4:	0a62      	lsrs	r2, r4, #9
100025b6:	4093      	lsls	r3, r2
100025b8:	001d      	movs	r5, r3
100025ba:	4805      	ldr	r0, [pc, #20]	; (100025d0 <resetd_control_xfer_cb+0x60>)
100025bc:	f7ff fd14 	bl	10001fe8 <rom_func_lookup>
100025c0:	217f      	movs	r1, #127	; 0x7f
100025c2:	0003      	movs	r3, r0
100025c4:	4021      	ands	r1, r4
100025c6:	0028      	movs	r0, r5
100025c8:	4798      	blx	r3
100025ca:	46c0      	nop			; (mov r8, r8)
100025cc:	20000f33 	.word	0x20000f33
100025d0:	00004255 	.word	0x00004255

100025d4 <usbd_app_driver_get_cb>:
100025d4:	2301      	movs	r3, #1
100025d6:	7003      	strb	r3, [r0, #0]
100025d8:	4800      	ldr	r0, [pc, #0]	; (100025dc <usbd_app_driver_get_cb+0x8>)
100025da:	4770      	bx	lr
100025dc:	10005124 	.word	0x10005124

100025e0 <tud_cdc_line_coding_cb>:
100025e0:	784a      	ldrb	r2, [r1, #1]
100025e2:	780b      	ldrb	r3, [r1, #0]
100025e4:	0212      	lsls	r2, r2, #8
100025e6:	431a      	orrs	r2, r3
100025e8:	788b      	ldrb	r3, [r1, #2]
100025ea:	b510      	push	{r4, lr}
100025ec:	041b      	lsls	r3, r3, #16
100025ee:	431a      	orrs	r2, r3
100025f0:	78cb      	ldrb	r3, [r1, #3]
100025f2:	061b      	lsls	r3, r3, #24
100025f4:	4313      	orrs	r3, r2
100025f6:	2296      	movs	r2, #150	; 0x96
100025f8:	00d2      	lsls	r2, r2, #3
100025fa:	4293      	cmp	r3, r2
100025fc:	d000      	beq.n	10002600 <tud_cdc_line_coding_cb+0x20>
100025fe:	bd10      	pop	{r4, pc}
10002600:	4803      	ldr	r0, [pc, #12]	; (10002610 <tud_cdc_line_coding_cb+0x30>)
10002602:	f7ff fcf1 	bl	10001fe8 <rom_func_lookup>
10002606:	2100      	movs	r1, #0
10002608:	0003      	movs	r3, r0
1000260a:	0008      	movs	r0, r1
1000260c:	4798      	blx	r3
1000260e:	46c0      	nop			; (mov r8, r8)
10002610:	00004255 	.word	0x00004255

10002614 <stdio_usb_in_chars>:
10002614:	b570      	push	{r4, r5, r6, lr}
10002616:	4c18      	ldr	r4, [pc, #96]	; (10002678 <stdio_usb_in_chars+0x64>)
10002618:	b082      	sub	sp, #8
1000261a:	0005      	movs	r5, r0
1000261c:	000e      	movs	r6, r1
1000261e:	0020      	movs	r0, r4
10002620:	a901      	add	r1, sp, #4
10002622:	f002 fcf5 	bl	10005010 <__mutex_try_enter_veneer>
10002626:	2800      	cmp	r0, #0
10002628:	d108      	bne.n	1000263c <stdio_usb_in_chars+0x28>
1000262a:	23d0      	movs	r3, #208	; 0xd0
1000262c:	061b      	lsls	r3, r3, #24
1000262e:	681b      	ldr	r3, [r3, #0]
10002630:	9a01      	ldr	r2, [sp, #4]
10002632:	429a      	cmp	r2, r3
10002634:	d01c      	beq.n	10002670 <stdio_usb_in_chars+0x5c>
10002636:	0020      	movs	r0, r4
10002638:	f002 fcfa 	bl	10005030 <__mutex_enter_blocking_veneer>
1000263c:	2000      	movs	r0, #0
1000263e:	f001 fe3d 	bl	100042bc <tud_cdc_n_connected>
10002642:	2800      	cmp	r0, #0
10002644:	d107      	bne.n	10002656 <stdio_usb_in_chars+0x42>
10002646:	2503      	movs	r5, #3
10002648:	426d      	negs	r5, r5
1000264a:	0020      	movs	r0, r4
1000264c:	f002 fcd0 	bl	10004ff0 <__mutex_exit_veneer>
10002650:	0028      	movs	r0, r5
10002652:	b002      	add	sp, #8
10002654:	bd70      	pop	{r4, r5, r6, pc}
10002656:	2000      	movs	r0, #0
10002658:	f001 fe48 	bl	100042ec <tud_cdc_n_available>
1000265c:	2800      	cmp	r0, #0
1000265e:	d0f2      	beq.n	10002646 <stdio_usb_in_chars+0x32>
10002660:	0029      	movs	r1, r5
10002662:	0032      	movs	r2, r6
10002664:	2000      	movs	r0, #0
10002666:	f001 fe4d 	bl	10004304 <tud_cdc_n_read>
1000266a:	1e05      	subs	r5, r0, #0
1000266c:	d0eb      	beq.n	10002646 <stdio_usb_in_chars+0x32>
1000266e:	e7ec      	b.n	1000264a <stdio_usb_in_chars+0x36>
10002670:	2503      	movs	r5, #3
10002672:	426d      	negs	r5, r5
10002674:	e7ec      	b.n	10002650 <stdio_usb_in_chars+0x3c>
10002676:	46c0      	nop			; (mov r8, r8)
10002678:	20000f00 	.word	0x20000f00

1000267c <stdio_usb_out_chars>:
1000267c:	b5f0      	push	{r4, r5, r6, r7, lr}
1000267e:	464f      	mov	r7, r9
10002680:	4646      	mov	r6, r8
10002682:	46d6      	mov	lr, sl
10002684:	b5c0      	push	{r6, r7, lr}
10002686:	4b36      	ldr	r3, [pc, #216]	; (10002760 <stdio_usb_out_chars+0xe4>)
10002688:	b082      	sub	sp, #8
1000268a:	0007      	movs	r7, r0
1000268c:	000e      	movs	r6, r1
1000268e:	0018      	movs	r0, r3
10002690:	a901      	add	r1, sp, #4
10002692:	4699      	mov	r9, r3
10002694:	f002 fcbc 	bl	10005010 <__mutex_try_enter_veneer>
10002698:	2800      	cmp	r0, #0
1000269a:	d108      	bne.n	100026ae <stdio_usb_out_chars+0x32>
1000269c:	23d0      	movs	r3, #208	; 0xd0
1000269e:	061b      	lsls	r3, r3, #24
100026a0:	681b      	ldr	r3, [r3, #0]
100026a2:	9a01      	ldr	r2, [sp, #4]
100026a4:	429a      	cmp	r2, r3
100026a6:	d041      	beq.n	1000272c <stdio_usb_out_chars+0xb0>
100026a8:	4648      	mov	r0, r9
100026aa:	f002 fcc1 	bl	10005030 <__mutex_enter_blocking_veneer>
100026ae:	2000      	movs	r0, #0
100026b0:	f001 fe04 	bl	100042bc <tud_cdc_n_connected>
100026b4:	2800      	cmp	r0, #0
100026b6:	d031      	beq.n	1000271c <stdio_usb_out_chars+0xa0>
100026b8:	2400      	movs	r4, #0
100026ba:	2e00      	cmp	r6, #0
100026bc:	dd33      	ble.n	10002726 <stdio_usb_out_chars+0xaa>
100026be:	4b29      	ldr	r3, [pc, #164]	; (10002764 <stdio_usb_out_chars+0xe8>)
100026c0:	4698      	mov	r8, r3
100026c2:	469a      	mov	sl, r3
100026c4:	e012      	b.n	100026ec <stdio_usb_out_chars+0x70>
100026c6:	2800      	cmp	r0, #0
100026c8:	d147      	bne.n	1000275a <stdio_usb_out_chars+0xde>
100026ca:	f000 fe5b 	bl	10003384 <tud_task>
100026ce:	2000      	movs	r0, #0
100026d0:	f001 fe50 	bl	10004374 <tud_cdc_n_write_flush>
100026d4:	2000      	movs	r0, #0
100026d6:	f001 fdf1 	bl	100042bc <tud_cdc_n_connected>
100026da:	2800      	cmp	r0, #0
100026dc:	d023      	beq.n	10002726 <stdio_usb_out_chars+0xaa>
100026de:	2000      	movs	r0, #0
100026e0:	f001 fe9e 	bl	10004420 <tud_cdc_n_write_available>
100026e4:	2800      	cmp	r0, #0
100026e6:	d027      	beq.n	10002738 <stdio_usb_out_chars+0xbc>
100026e8:	42b4      	cmp	r4, r6
100026ea:	da1c      	bge.n	10002726 <stdio_usb_out_chars+0xaa>
100026ec:	2000      	movs	r0, #0
100026ee:	1b35      	subs	r5, r6, r4
100026f0:	f001 fe96 	bl	10004420 <tud_cdc_n_write_available>
100026f4:	4285      	cmp	r5, r0
100026f6:	dce6      	bgt.n	100026c6 <stdio_usb_out_chars+0x4a>
100026f8:	1939      	adds	r1, r7, r4
100026fa:	002a      	movs	r2, r5
100026fc:	2000      	movs	r0, #0
100026fe:	f001 fe75 	bl	100043ec <tud_cdc_n_write>
10002702:	0005      	movs	r5, r0
10002704:	f000 fe3e 	bl	10003384 <tud_task>
10002708:	2000      	movs	r0, #0
1000270a:	f001 fe33 	bl	10004374 <tud_cdc_n_write_flush>
1000270e:	f7fe fd53 	bl	100011b8 <time_us_64>
10002712:	4643      	mov	r3, r8
10002714:	1964      	adds	r4, r4, r5
10002716:	6018      	str	r0, [r3, #0]
10002718:	6059      	str	r1, [r3, #4]
1000271a:	e7e5      	b.n	100026e8 <stdio_usb_out_chars+0x6c>
1000271c:	2000      	movs	r0, #0
1000271e:	2100      	movs	r1, #0
10002720:	4b10      	ldr	r3, [pc, #64]	; (10002764 <stdio_usb_out_chars+0xe8>)
10002722:	6018      	str	r0, [r3, #0]
10002724:	6059      	str	r1, [r3, #4]
10002726:	4648      	mov	r0, r9
10002728:	f002 fc62 	bl	10004ff0 <__mutex_exit_veneer>
1000272c:	b002      	add	sp, #8
1000272e:	bc1c      	pop	{r2, r3, r4}
10002730:	4690      	mov	r8, r2
10002732:	4699      	mov	r9, r3
10002734:	46a2      	mov	sl, r4
10002736:	bdf0      	pop	{r4, r5, r6, r7, pc}
10002738:	f7fe fd3e 	bl	100011b8 <time_us_64>
1000273c:	4653      	mov	r3, sl
1000273e:	000d      	movs	r5, r1
10002740:	681a      	ldr	r2, [r3, #0]
10002742:	685b      	ldr	r3, [r3, #4]
10002744:	2100      	movs	r1, #0
10002746:	4684      	mov	ip, r0
10002748:	4807      	ldr	r0, [pc, #28]	; (10002768 <stdio_usb_out_chars+0xec>)
1000274a:	1812      	adds	r2, r2, r0
1000274c:	414b      	adcs	r3, r1
1000274e:	429d      	cmp	r5, r3
10002750:	d8e9      	bhi.n	10002726 <stdio_usb_out_chars+0xaa>
10002752:	d1c9      	bne.n	100026e8 <stdio_usb_out_chars+0x6c>
10002754:	4594      	cmp	ip, r2
10002756:	d9c7      	bls.n	100026e8 <stdio_usb_out_chars+0x6c>
10002758:	e7e5      	b.n	10002726 <stdio_usb_out_chars+0xaa>
1000275a:	0005      	movs	r5, r0
1000275c:	e7cc      	b.n	100026f8 <stdio_usb_out_chars+0x7c>
1000275e:	46c0      	nop			; (mov r8, r8)
10002760:	20000f00 	.word	0x20000f00
10002764:	20000570 	.word	0x20000570
10002768:	0007a120 	.word	0x0007a120

1000276c <timer_task>:
1000276c:	b510      	push	{r4, lr}
1000276e:	4b04      	ldr	r3, [pc, #16]	; (10002780 <timer_task+0x14>)
10002770:	7818      	ldrb	r0, [r3, #0]
10002772:	f7fd ff17 	bl	100005a4 <irq_set_pending>
10002776:	20fa      	movs	r0, #250	; 0xfa
10002778:	2100      	movs	r1, #0
1000277a:	0080      	lsls	r0, r0, #2
1000277c:	bd10      	pop	{r4, pc}
1000277e:	46c0      	nop			; (mov r8, r8)
10002780:	20000f34 	.word	0x20000f34

10002784 <usb_irq>:
10002784:	b510      	push	{r4, lr}
10002786:	4b02      	ldr	r3, [pc, #8]	; (10002790 <usb_irq+0xc>)
10002788:	7818      	ldrb	r0, [r3, #0]
1000278a:	f7fd ff0b 	bl	100005a4 <irq_set_pending>
1000278e:	bd10      	pop	{r4, pc}
10002790:	20000f34 	.word	0x20000f34

10002794 <low_priority_worker_irq>:
10002794:	b510      	push	{r4, lr}
10002796:	4c07      	ldr	r4, [pc, #28]	; (100027b4 <low_priority_worker_irq+0x20>)
10002798:	2100      	movs	r1, #0
1000279a:	0020      	movs	r0, r4
1000279c:	f002 fc38 	bl	10005010 <__mutex_try_enter_veneer>
100027a0:	2800      	cmp	r0, #0
100027a2:	d100      	bne.n	100027a6 <low_priority_worker_irq+0x12>
100027a4:	bd10      	pop	{r4, pc}
100027a6:	f000 fded 	bl	10003384 <tud_task>
100027aa:	0020      	movs	r0, r4
100027ac:	f002 fc20 	bl	10004ff0 <__mutex_exit_veneer>
100027b0:	e7f8      	b.n	100027a4 <low_priority_worker_irq+0x10>
100027b2:	46c0      	nop			; (mov r8, r8)
100027b4:	20000f00 	.word	0x20000f00

100027b8 <stdio_usb_init>:
100027b8:	b530      	push	{r4, r5, lr}
100027ba:	4b23      	ldr	r3, [pc, #140]	; (10002848 <stdio_usb_init+0x90>)
100027bc:	b085      	sub	sp, #20
100027be:	781b      	ldrb	r3, [r3, #0]
100027c0:	f002 f83c 	bl	1000483c <tusb_init>
100027c4:	4821      	ldr	r0, [pc, #132]	; (1000284c <stdio_usb_init+0x94>)
100027c6:	f7ff f905 	bl	100019d4 <mutex_init>
100027ca:	2001      	movs	r0, #1
100027cc:	f7fe f964 	bl	10000a98 <user_irq_claim_unused>
100027d0:	23ff      	movs	r3, #255	; 0xff
100027d2:	4c1f      	ldr	r4, [pc, #124]	; (10002850 <stdio_usb_init+0x98>)
100027d4:	491f      	ldr	r1, [pc, #124]	; (10002854 <stdio_usb_init+0x9c>)
100027d6:	7020      	strb	r0, [r4, #0]
100027d8:	4018      	ands	r0, r3
100027da:	f7fd ff09 	bl	100005f0 <irq_set_exclusive_handler>
100027de:	7820      	ldrb	r0, [r4, #0]
100027e0:	2101      	movs	r1, #1
100027e2:	f7fd fecd 	bl	10000580 <irq_set_enabled>
100027e6:	2005      	movs	r0, #5
100027e8:	f7fd fee4 	bl	100005b4 <irq_has_shared_handler>
100027ec:	1e04      	subs	r4, r0, #0
100027ee:	d00c      	beq.n	1000280a <stdio_usb_init+0x52>
100027f0:	2200      	movs	r2, #0
100027f2:	4919      	ldr	r1, [pc, #100]	; (10002858 <stdio_usb_init+0xa0>)
100027f4:	2005      	movs	r0, #5
100027f6:	f7fd ff25 	bl	10000644 <irq_add_shared_handler>
100027fa:	2101      	movs	r1, #1
100027fc:	4817      	ldr	r0, [pc, #92]	; (1000285c <stdio_usb_init+0xa4>)
100027fe:	f7ff fe7d 	bl	100024fc <stdio_set_driver_enabled>
10002802:	2401      	movs	r4, #1
10002804:	0020      	movs	r0, r4
10002806:	b005      	add	sp, #20
10002808:	bd30      	pop	{r4, r5, pc}
1000280a:	f7fe fb3b 	bl	10000e84 <alarm_pool_get_default>
1000280e:	0005      	movs	r5, r0
10002810:	f7fe fcd2 	bl	100011b8 <time_us_64>
10002814:	22fa      	movs	r2, #250	; 0xfa
10002816:	2300      	movs	r3, #0
10002818:	0092      	lsls	r2, r2, #2
1000281a:	1812      	adds	r2, r2, r0
1000281c:	414b      	adcs	r3, r1
1000281e:	4299      	cmp	r1, r3
10002820:	d80e      	bhi.n	10002840 <stdio_usb_init+0x88>
10002822:	d00b      	beq.n	1000283c <stdio_usb_init+0x84>
10002824:	2101      	movs	r1, #1
10002826:	9102      	str	r1, [sp, #8]
10002828:	2100      	movs	r1, #0
1000282a:	9101      	str	r1, [sp, #4]
1000282c:	490c      	ldr	r1, [pc, #48]	; (10002860 <stdio_usb_init+0xa8>)
1000282e:	0028      	movs	r0, r5
10002830:	9100      	str	r1, [sp, #0]
10002832:	f7fe fb2b 	bl	10000e8c <alarm_pool_add_alarm_at>
10002836:	2800      	cmp	r0, #0
10002838:	d0e4      	beq.n	10002804 <stdio_usb_init+0x4c>
1000283a:	e7de      	b.n	100027fa <stdio_usb_init+0x42>
1000283c:	4290      	cmp	r0, r2
1000283e:	d9f1      	bls.n	10002824 <stdio_usb_init+0x6c>
10002840:	2201      	movs	r2, #1
10002842:	4252      	negs	r2, r2
10002844:	17d3      	asrs	r3, r2, #31
10002846:	e7ed      	b.n	10002824 <stdio_usb_init+0x6c>
10002848:	10005330 	.word	0x10005330
1000284c:	20000f00 	.word	0x20000f00
10002850:	20000f34 	.word	0x20000f34
10002854:	10002795 	.word	0x10002795
10002858:	10002785 	.word	0x10002785
1000285c:	20000410 	.word	0x20000410
10002860:	1000276d 	.word	0x1000276d

10002864 <tud_descriptor_device_cb>:
10002864:	4800      	ldr	r0, [pc, #0]	; (10002868 <tud_descriptor_device_cb+0x4>)
10002866:	4770      	bx	lr
10002868:	100051dc 	.word	0x100051dc

1000286c <tud_descriptor_configuration_cb>:
1000286c:	4800      	ldr	r0, [pc, #0]	; (10002870 <tud_descriptor_configuration_cb+0x4>)
1000286e:	4770      	bx	lr
10002870:	10005188 	.word	0x10005188

10002874 <tud_descriptor_string_cb>:
10002874:	b570      	push	{r4, r5, r6, lr}
10002876:	0004      	movs	r4, r0
10002878:	4816      	ldr	r0, [pc, #88]	; (100028d4 <tud_descriptor_string_cb+0x60>)
1000287a:	7803      	ldrb	r3, [r0, #0]
1000287c:	2b00      	cmp	r3, #0
1000287e:	d020      	beq.n	100028c2 <tud_descriptor_string_cb+0x4e>
10002880:	2c00      	cmp	r4, #0
10002882:	d018      	beq.n	100028b6 <tud_descriptor_string_cb+0x42>
10002884:	2c05      	cmp	r4, #5
10002886:	d823      	bhi.n	100028d0 <tud_descriptor_string_cb+0x5c>
10002888:	4b13      	ldr	r3, [pc, #76]	; (100028d8 <tud_descriptor_string_cb+0x64>)
1000288a:	4814      	ldr	r0, [pc, #80]	; (100028dc <tud_descriptor_string_cb+0x68>)
1000288c:	00a4      	lsls	r4, r4, #2
1000288e:	58e5      	ldr	r5, [r4, r3]
10002890:	1c81      	adds	r1, r0, #2
10002892:	2300      	movs	r3, #0
10002894:	e004      	b.n	100028a0 <tud_descriptor_string_cb+0x2c>
10002896:	3301      	adds	r3, #1
10002898:	800a      	strh	r2, [r1, #0]
1000289a:	3102      	adds	r1, #2
1000289c:	2b13      	cmp	r3, #19
1000289e:	d014      	beq.n	100028ca <tud_descriptor_string_cb+0x56>
100028a0:	5cea      	ldrb	r2, [r5, r3]
100028a2:	b2dc      	uxtb	r4, r3
100028a4:	2a00      	cmp	r2, #0
100028a6:	d1f6      	bne.n	10002896 <tud_descriptor_string_cb+0x22>
100028a8:	23c0      	movs	r3, #192	; 0xc0
100028aa:	3401      	adds	r4, #1
100028ac:	0064      	lsls	r4, r4, #1
100028ae:	009b      	lsls	r3, r3, #2
100028b0:	431c      	orrs	r4, r3
100028b2:	8004      	strh	r4, [r0, #0]
100028b4:	bd70      	pop	{r4, r5, r6, pc}
100028b6:	24c1      	movs	r4, #193	; 0xc1
100028b8:	4808      	ldr	r0, [pc, #32]	; (100028dc <tud_descriptor_string_cb+0x68>)
100028ba:	4b09      	ldr	r3, [pc, #36]	; (100028e0 <tud_descriptor_string_cb+0x6c>)
100028bc:	00a4      	lsls	r4, r4, #2
100028be:	8043      	strh	r3, [r0, #2]
100028c0:	e7f7      	b.n	100028b2 <tud_descriptor_string_cb+0x3e>
100028c2:	2111      	movs	r1, #17
100028c4:	f002 fa50 	bl	10004d68 <pico_get_unique_board_id_string>
100028c8:	e7da      	b.n	10002880 <tud_descriptor_string_cb+0xc>
100028ca:	24ca      	movs	r4, #202	; 0xca
100028cc:	00a4      	lsls	r4, r4, #2
100028ce:	e7f0      	b.n	100028b2 <tud_descriptor_string_cb+0x3e>
100028d0:	2000      	movs	r0, #0
100028d2:	e7ef      	b.n	100028b4 <tud_descriptor_string_cb+0x40>
100028d4:	20000f18 	.word	0x20000f18
100028d8:	100051f0 	.word	0x100051f0
100028dc:	20000aa4 	.word	0x20000aa4
100028e0:	00000409 	.word	0x00000409

100028e4 <dcd_rp2040_irq>:
100028e4:	b5f0      	push	{r4, r5, r6, r7, lr}
100028e6:	2398      	movs	r3, #152	; 0x98
100028e8:	4657      	mov	r7, sl
100028ea:	4645      	mov	r5, r8
100028ec:	46de      	mov	lr, fp
100028ee:	464e      	mov	r6, r9
100028f0:	4a6c      	ldr	r2, [pc, #432]	; (10002aa4 <dcd_rp2040_irq+0x1c0>)
100028f2:	b5e0      	push	{r5, r6, r7, lr}
100028f4:	58d7      	ldr	r7, [r2, r3]
100028f6:	2580      	movs	r5, #128	; 0x80
100028f8:	003c      	movs	r4, r7
100028fa:	026d      	lsls	r5, r5, #9
100028fc:	3b88      	subs	r3, #136	; 0x88
100028fe:	b083      	sub	sp, #12
10002900:	402c      	ands	r4, r5
10002902:	469a      	mov	sl, r3
10002904:	d00f      	beq.n	10002926 <dcd_rp2040_irq+0x42>
10002906:	2201      	movs	r2, #1
10002908:	2123      	movs	r1, #35	; 0x23
1000290a:	4b67      	ldr	r3, [pc, #412]	; (10002aa8 <dcd_rp2040_irq+0x1c4>)
1000290c:	2000      	movs	r0, #0
1000290e:	545a      	strb	r2, [r3, r1]
10002910:	70da      	strb	r2, [r3, #3]
10002912:	4966      	ldr	r1, [pc, #408]	; (10002aac <dcd_rp2040_irq+0x1c8>)
10002914:	f001 fa88 	bl	10003e28 <dcd_event_setup_received>
10002918:	2280      	movs	r2, #128	; 0x80
1000291a:	4b65      	ldr	r3, [pc, #404]	; (10002ab0 <dcd_rp2040_irq+0x1cc>)
1000291c:	0292      	lsls	r2, r2, #10
1000291e:	651a      	str	r2, [r3, #80]	; 0x50
10002920:	4b64      	ldr	r3, [pc, #400]	; (10002ab4 <dcd_rp2040_irq+0x1d0>)
10002922:	002c      	movs	r4, r5
10002924:	469a      	mov	sl, r3
10002926:	06fb      	lsls	r3, r7, #27
10002928:	d417      	bmi.n	1000295a <dcd_rp2040_irq+0x76>
1000292a:	2380      	movs	r3, #128	; 0x80
1000292c:	015b      	lsls	r3, r3, #5
1000292e:	421f      	tst	r7, r3
10002930:	d145      	bne.n	100029be <dcd_rp2040_irq+0xda>
10002932:	2380      	movs	r3, #128	; 0x80
10002934:	01db      	lsls	r3, r3, #7
10002936:	421f      	tst	r7, r3
10002938:	d000      	beq.n	1000293c <dcd_rp2040_irq+0x58>
1000293a:	e088      	b.n	10002a4e <dcd_rp2040_irq+0x16a>
1000293c:	2380      	movs	r3, #128	; 0x80
1000293e:	021b      	lsls	r3, r3, #8
10002940:	421f      	tst	r7, r3
10002942:	d000      	beq.n	10002946 <dcd_rp2040_irq+0x62>
10002944:	e091      	b.n	10002a6a <dcd_rp2040_irq+0x186>
10002946:	42bc      	cmp	r4, r7
10002948:	d000      	beq.n	1000294c <dcd_rp2040_irq+0x68>
1000294a:	e0a5      	b.n	10002a98 <dcd_rp2040_irq+0x1b4>
1000294c:	b003      	add	sp, #12
1000294e:	bc3c      	pop	{r2, r3, r4, r5}
10002950:	4690      	mov	r8, r2
10002952:	4699      	mov	r9, r3
10002954:	46a2      	mov	sl, r4
10002956:	46ab      	mov	fp, r5
10002958:	bdf0      	pop	{r4, r5, r6, r7, pc}
1000295a:	4b52      	ldr	r3, [pc, #328]	; (10002aa4 <dcd_rp2040_irq+0x1c0>)
1000295c:	6d9b      	ldr	r3, [r3, #88]	; 0x58
1000295e:	4698      	mov	r8, r3
10002960:	2b00      	cmp	r3, #0
10002962:	d027      	beq.n	100029b4 <dcd_rp2040_irq+0xd0>
10002964:	4b52      	ldr	r3, [pc, #328]	; (10002ab0 <dcd_rp2040_irq+0x1cc>)
10002966:	2500      	movs	r5, #0
10002968:	469b      	mov	fp, r3
1000296a:	2301      	movs	r3, #1
1000296c:	4699      	mov	r9, r3
1000296e:	4643      	mov	r3, r8
10002970:	2601      	movs	r6, #1
10002972:	46b8      	mov	r8, r7
10002974:	001f      	movs	r7, r3
10002976:	e004      	b.n	10002982 <dcd_rp2040_irq+0x9e>
10002978:	3501      	adds	r5, #1
1000297a:	0076      	lsls	r6, r6, #1
1000297c:	b2ed      	uxtb	r5, r5
1000297e:	2d20      	cmp	r5, #32
10002980:	d017      	beq.n	100029b2 <dcd_rp2040_irq+0xce>
10002982:	4237      	tst	r7, r6
10002984:	d0f8      	beq.n	10002978 <dcd_rp2040_irq+0x94>
10002986:	465b      	mov	r3, fp
10002988:	659e      	str	r6, [r3, #88]	; 0x58
1000298a:	464b      	mov	r3, r9
1000298c:	086c      	lsrs	r4, r5, #1
1000298e:	43ab      	bics	r3, r5
10002990:	0064      	lsls	r4, r4, #1
10002992:	18e4      	adds	r4, r4, r3
10002994:	4b44      	ldr	r3, [pc, #272]	; (10002aa8 <dcd_rp2040_irq+0x1c4>)
10002996:	0164      	lsls	r4, r4, #5
10002998:	469c      	mov	ip, r3
1000299a:	4464      	add	r4, ip
1000299c:	0020      	movs	r0, r4
1000299e:	f000 fb81 	bl	100030a4 <hw_endpoint_xfer_continue>
100029a2:	2800      	cmp	r0, #0
100029a4:	d16c      	bne.n	10002a80 <dcd_rp2040_irq+0x19c>
100029a6:	3501      	adds	r5, #1
100029a8:	43b7      	bics	r7, r6
100029aa:	b2ed      	uxtb	r5, r5
100029ac:	0076      	lsls	r6, r6, #1
100029ae:	2f00      	cmp	r7, #0
100029b0:	d1e5      	bne.n	1000297e <dcd_rp2040_irq+0x9a>
100029b2:	4647      	mov	r7, r8
100029b4:	2380      	movs	r3, #128	; 0x80
100029b6:	015b      	lsls	r3, r3, #5
100029b8:	4654      	mov	r4, sl
100029ba:	421f      	tst	r7, r3
100029bc:	d0b9      	beq.n	10002932 <dcd_rp2040_irq+0x4e>
100029be:	431c      	orrs	r4, r3
100029c0:	2300      	movs	r3, #0
100029c2:	4a38      	ldr	r2, [pc, #224]	; (10002aa4 <dcd_rp2040_irq+0x1c0>)
100029c4:	2100      	movs	r1, #0
100029c6:	6013      	str	r3, [r2, #0]
100029c8:	4a38      	ldr	r2, [pc, #224]	; (10002aac <dcd_rp2040_irq+0x1c8>)
100029ca:	483b      	ldr	r0, [pc, #236]	; (10002ab8 <dcd_rp2040_irq+0x1d4>)
100029cc:	6093      	str	r3, [r2, #8]
100029ce:	60d3      	str	r3, [r2, #12]
100029d0:	4a3a      	ldr	r2, [pc, #232]	; (10002abc <dcd_rp2040_irq+0x1d8>)
100029d2:	6093      	str	r3, [r2, #8]
100029d4:	60d3      	str	r3, [r2, #12]
100029d6:	4a3a      	ldr	r2, [pc, #232]	; (10002ac0 <dcd_rp2040_irq+0x1dc>)
100029d8:	6093      	str	r3, [r2, #8]
100029da:	60d3      	str	r3, [r2, #12]
100029dc:	4a39      	ldr	r2, [pc, #228]	; (10002ac4 <dcd_rp2040_irq+0x1e0>)
100029de:	6093      	str	r3, [r2, #8]
100029e0:	60d3      	str	r3, [r2, #12]
100029e2:	4a39      	ldr	r2, [pc, #228]	; (10002ac8 <dcd_rp2040_irq+0x1e4>)
100029e4:	6093      	str	r3, [r2, #8]
100029e6:	60d3      	str	r3, [r2, #12]
100029e8:	4a38      	ldr	r2, [pc, #224]	; (10002acc <dcd_rp2040_irq+0x1e8>)
100029ea:	6093      	str	r3, [r2, #8]
100029ec:	60d3      	str	r3, [r2, #12]
100029ee:	4a38      	ldr	r2, [pc, #224]	; (10002ad0 <dcd_rp2040_irq+0x1ec>)
100029f0:	6093      	str	r3, [r2, #8]
100029f2:	60d3      	str	r3, [r2, #12]
100029f4:	4a37      	ldr	r2, [pc, #220]	; (10002ad4 <dcd_rp2040_irq+0x1f0>)
100029f6:	6093      	str	r3, [r2, #8]
100029f8:	60d3      	str	r3, [r2, #12]
100029fa:	4a37      	ldr	r2, [pc, #220]	; (10002ad8 <dcd_rp2040_irq+0x1f4>)
100029fc:	6093      	str	r3, [r2, #8]
100029fe:	60d3      	str	r3, [r2, #12]
10002a00:	4a36      	ldr	r2, [pc, #216]	; (10002adc <dcd_rp2040_irq+0x1f8>)
10002a02:	6093      	str	r3, [r2, #8]
10002a04:	60d3      	str	r3, [r2, #12]
10002a06:	4a36      	ldr	r2, [pc, #216]	; (10002ae0 <dcd_rp2040_irq+0x1fc>)
10002a08:	6093      	str	r3, [r2, #8]
10002a0a:	60d3      	str	r3, [r2, #12]
10002a0c:	4a35      	ldr	r2, [pc, #212]	; (10002ae4 <dcd_rp2040_irq+0x200>)
10002a0e:	6093      	str	r3, [r2, #8]
10002a10:	60d3      	str	r3, [r2, #12]
10002a12:	4a35      	ldr	r2, [pc, #212]	; (10002ae8 <dcd_rp2040_irq+0x204>)
10002a14:	6093      	str	r3, [r2, #8]
10002a16:	60d3      	str	r3, [r2, #12]
10002a18:	4a34      	ldr	r2, [pc, #208]	; (10002aec <dcd_rp2040_irq+0x208>)
10002a1a:	6093      	str	r3, [r2, #8]
10002a1c:	60d3      	str	r3, [r2, #12]
10002a1e:	4a34      	ldr	r2, [pc, #208]	; (10002af0 <dcd_rp2040_irq+0x20c>)
10002a20:	6093      	str	r3, [r2, #8]
10002a22:	60d3      	str	r3, [r2, #12]
10002a24:	22f0      	movs	r2, #240	; 0xf0
10002a26:	0092      	lsls	r2, r2, #2
10002a28:	f7ff fc12 	bl	10002250 <__wrap_memset>
10002a2c:	4b31      	ldr	r3, [pc, #196]	; (10002af4 <dcd_rp2040_irq+0x210>)
10002a2e:	4a32      	ldr	r2, [pc, #200]	; (10002af8 <dcd_rp2040_irq+0x214>)
10002a30:	2100      	movs	r1, #0
10002a32:	601a      	str	r2, [r3, #0]
10002a34:	2000      	movs	r0, #0
10002a36:	2201      	movs	r2, #1
10002a38:	f001 f9ca 	bl	10003dd0 <dcd_event_bus_reset>
10002a3c:	2280      	movs	r2, #128	; 0x80
10002a3e:	4b1c      	ldr	r3, [pc, #112]	; (10002ab0 <dcd_rp2040_irq+0x1cc>)
10002a40:	0312      	lsls	r2, r2, #12
10002a42:	651a      	str	r2, [r3, #80]	; 0x50
10002a44:	2380      	movs	r3, #128	; 0x80
10002a46:	01db      	lsls	r3, r3, #7
10002a48:	421f      	tst	r7, r3
10002a4a:	d100      	bne.n	10002a4e <dcd_rp2040_irq+0x16a>
10002a4c:	e776      	b.n	1000293c <dcd_rp2040_irq+0x58>
10002a4e:	2201      	movs	r2, #1
10002a50:	2104      	movs	r1, #4
10002a52:	2000      	movs	r0, #0
10002a54:	431c      	orrs	r4, r3
10002a56:	f001 f929 	bl	10003cac <dcd_event_bus_signal>
10002a5a:	2210      	movs	r2, #16
10002a5c:	4b14      	ldr	r3, [pc, #80]	; (10002ab0 <dcd_rp2040_irq+0x1cc>)
10002a5e:	651a      	str	r2, [r3, #80]	; 0x50
10002a60:	2380      	movs	r3, #128	; 0x80
10002a62:	021b      	lsls	r3, r3, #8
10002a64:	421f      	tst	r7, r3
10002a66:	d100      	bne.n	10002a6a <dcd_rp2040_irq+0x186>
10002a68:	e76d      	b.n	10002946 <dcd_rp2040_irq+0x62>
10002a6a:	2201      	movs	r2, #1
10002a6c:	2105      	movs	r1, #5
10002a6e:	2000      	movs	r0, #0
10002a70:	431c      	orrs	r4, r3
10002a72:	f001 f91b 	bl	10003cac <dcd_event_bus_signal>
10002a76:	2280      	movs	r2, #128	; 0x80
10002a78:	4b0d      	ldr	r3, [pc, #52]	; (10002ab0 <dcd_rp2040_irq+0x1cc>)
10002a7a:	0112      	lsls	r2, r2, #4
10002a7c:	651a      	str	r2, [r3, #80]	; 0x50
10002a7e:	e762      	b.n	10002946 <dcd_rp2040_irq+0x62>
10002a80:	464b      	mov	r3, r9
10002a82:	8aa2      	ldrh	r2, [r4, #20]
10002a84:	78a1      	ldrb	r1, [r4, #2]
10002a86:	2000      	movs	r0, #0
10002a88:	9300      	str	r3, [sp, #0]
10002a8a:	2300      	movs	r3, #0
10002a8c:	f001 f9f4 	bl	10003e78 <dcd_event_xfer_complete>
10002a90:	0020      	movs	r0, r4
10002a92:	f000 fa45 	bl	10002f20 <hw_endpoint_reset_transfer>
10002a96:	e786      	b.n	100029a6 <dcd_rp2040_irq+0xc2>
10002a98:	0021      	movs	r1, r4
10002a9a:	4818      	ldr	r0, [pc, #96]	; (10002afc <dcd_rp2040_irq+0x218>)
10002a9c:	4079      	eors	r1, r7
10002a9e:	f7ff f841 	bl	10001b24 <panic>
10002aa2:	46c0      	nop			; (mov r8, r8)
10002aa4:	50110000 	.word	0x50110000
10002aa8:	20000ad4 	.word	0x20000ad4
10002aac:	50100000 	.word	0x50100000
10002ab0:	50113000 	.word	0x50113000
10002ab4:	00010010 	.word	0x00010010
10002ab8:	20000b14 	.word	0x20000b14
10002abc:	50100008 	.word	0x50100008
10002ac0:	50100010 	.word	0x50100010
10002ac4:	50100018 	.word	0x50100018
10002ac8:	50100020 	.word	0x50100020
10002acc:	50100028 	.word	0x50100028
10002ad0:	50100030 	.word	0x50100030
10002ad4:	50100038 	.word	0x50100038
10002ad8:	50100040 	.word	0x50100040
10002adc:	50100048 	.word	0x50100048
10002ae0:	50100050 	.word	0x50100050
10002ae4:	50100058 	.word	0x50100058
10002ae8:	50100060 	.word	0x50100060
10002aec:	50100068 	.word	0x50100068
10002af0:	50100070 	.word	0x50100070
10002af4:	20000edc 	.word	0x20000edc
10002af8:	50100180 	.word	0x50100180
10002afc:	10005208 	.word	0x10005208

10002b00 <dcd_int_enable>:
10002b00:	b510      	push	{r4, lr}
10002b02:	2101      	movs	r1, #1
10002b04:	2005      	movs	r0, #5
10002b06:	f7fd fd3b 	bl	10000580 <irq_set_enabled>
10002b0a:	bd10      	pop	{r4, pc}

10002b0c <dcd_set_address>:
10002b0c:	b510      	push	{r4, lr}
10002b0e:	2200      	movs	r2, #0
10002b10:	2100      	movs	r1, #0
10002b12:	4802      	ldr	r0, [pc, #8]	; (10002b1c <dcd_set_address+0x10>)
10002b14:	f000 fa2a 	bl	10002f6c <hw_endpoint_xfer_start>
10002b18:	bd10      	pop	{r4, pc}
10002b1a:	46c0      	nop			; (mov r8, r8)
10002b1c:	20000af4 	.word	0x20000af4

10002b20 <dcd_connect>:
10002b20:	2280      	movs	r2, #128	; 0x80
10002b22:	4b02      	ldr	r3, [pc, #8]	; (10002b2c <dcd_connect+0xc>)
10002b24:	0252      	lsls	r2, r2, #9
10002b26:	64da      	str	r2, [r3, #76]	; 0x4c
10002b28:	4770      	bx	lr
10002b2a:	46c0      	nop			; (mov r8, r8)
10002b2c:	50112000 	.word	0x50112000

10002b30 <dcd_init>:
10002b30:	b5f0      	push	{r4, r5, r6, r7, lr}
10002b32:	46c6      	mov	lr, r8
10002b34:	b500      	push	{lr}
10002b36:	0007      	movs	r7, r0
10002b38:	f000 f9cc 	bl	10002ed4 <rp2040_usb_init>
10002b3c:	230c      	movs	r3, #12
10002b3e:	4d35      	ldr	r5, [pc, #212]	; (10002c14 <dcd_init+0xe4>)
10002b40:	4935      	ldr	r1, [pc, #212]	; (10002c18 <dcd_init+0xe8>)
10002b42:	67ab      	str	r3, [r5, #120]	; 0x78
10002b44:	2005      	movs	r0, #5
10002b46:	f7fd fd53 	bl	100005f0 <irq_set_exclusive_handler>
10002b4a:	2340      	movs	r3, #64	; 0x40
10002b4c:	4698      	mov	r8, r3
10002b4e:	4c33      	ldr	r4, [pc, #204]	; (10002c1c <dcd_init+0xec>)
10002b50:	2240      	movs	r2, #64	; 0x40
10002b52:	2100      	movs	r1, #0
10002b54:	0020      	movs	r0, r4
10002b56:	f7ff fb7b 	bl	10002250 <__wrap_memset>
10002b5a:	4643      	mov	r3, r8
10002b5c:	2601      	movs	r6, #1
10002b5e:	83a3      	strh	r3, [r4, #28]
10002b60:	2121      	movs	r1, #33	; 0x21
10002b62:	2300      	movs	r3, #0
10002b64:	4a2e      	ldr	r2, [pc, #184]	; (10002c20 <dcd_init+0xf0>)
10002b66:	7066      	strb	r6, [r4, #1]
10002b68:	60a2      	str	r2, [r4, #8]
10002b6a:	6013      	str	r3, [r2, #0]
10002b6c:	5463      	strb	r3, [r4, r1]
10002b6e:	315f      	adds	r1, #95	; 0x5f
10002b70:	8461      	strh	r1, [r4, #34]	; 0x22
10002b72:	4641      	mov	r1, r8
10002b74:	87a1      	strh	r1, [r4, #60]	; 0x3c
10002b76:	3902      	subs	r1, #2
10002b78:	5463      	strb	r3, [r4, r1]
10002b7a:	4a2a      	ldr	r2, [pc, #168]	; (10002c24 <dcd_init+0xf4>)
10002b7c:	492a      	ldr	r1, [pc, #168]	; (10002c28 <dcd_init+0xf8>)
10002b7e:	6063      	str	r3, [r4, #4]
10002b80:	60e2      	str	r2, [r4, #12]
10002b82:	62a1      	str	r1, [r4, #40]	; 0x28
10002b84:	600b      	str	r3, [r1, #0]
10002b86:	62e2      	str	r2, [r4, #44]	; 0x2c
10002b88:	4a28      	ldr	r2, [pc, #160]	; (10002c2c <dcd_init+0xfc>)
10002b8a:	6263      	str	r3, [r4, #36]	; 0x24
10002b8c:	6093      	str	r3, [r2, #8]
10002b8e:	60d3      	str	r3, [r2, #12]
10002b90:	4a27      	ldr	r2, [pc, #156]	; (10002c30 <dcd_init+0x100>)
10002b92:	0020      	movs	r0, r4
10002b94:	6093      	str	r3, [r2, #8]
10002b96:	60d3      	str	r3, [r2, #12]
10002b98:	4a26      	ldr	r2, [pc, #152]	; (10002c34 <dcd_init+0x104>)
10002b9a:	2100      	movs	r1, #0
10002b9c:	6093      	str	r3, [r2, #8]
10002b9e:	60d3      	str	r3, [r2, #12]
10002ba0:	4a25      	ldr	r2, [pc, #148]	; (10002c38 <dcd_init+0x108>)
10002ba2:	3040      	adds	r0, #64	; 0x40
10002ba4:	6093      	str	r3, [r2, #8]
10002ba6:	60d3      	str	r3, [r2, #12]
10002ba8:	4a24      	ldr	r2, [pc, #144]	; (10002c3c <dcd_init+0x10c>)
10002baa:	6093      	str	r3, [r2, #8]
10002bac:	60d3      	str	r3, [r2, #12]
10002bae:	4a24      	ldr	r2, [pc, #144]	; (10002c40 <dcd_init+0x110>)
10002bb0:	6093      	str	r3, [r2, #8]
10002bb2:	60d3      	str	r3, [r2, #12]
10002bb4:	4a23      	ldr	r2, [pc, #140]	; (10002c44 <dcd_init+0x114>)
10002bb6:	6093      	str	r3, [r2, #8]
10002bb8:	60d3      	str	r3, [r2, #12]
10002bba:	4a23      	ldr	r2, [pc, #140]	; (10002c48 <dcd_init+0x118>)
10002bbc:	6093      	str	r3, [r2, #8]
10002bbe:	60d3      	str	r3, [r2, #12]
10002bc0:	4a22      	ldr	r2, [pc, #136]	; (10002c4c <dcd_init+0x11c>)
10002bc2:	6093      	str	r3, [r2, #8]
10002bc4:	60d3      	str	r3, [r2, #12]
10002bc6:	4a22      	ldr	r2, [pc, #136]	; (10002c50 <dcd_init+0x120>)
10002bc8:	6093      	str	r3, [r2, #8]
10002bca:	60d3      	str	r3, [r2, #12]
10002bcc:	4a21      	ldr	r2, [pc, #132]	; (10002c54 <dcd_init+0x124>)
10002bce:	6093      	str	r3, [r2, #8]
10002bd0:	60d3      	str	r3, [r2, #12]
10002bd2:	4a21      	ldr	r2, [pc, #132]	; (10002c58 <dcd_init+0x128>)
10002bd4:	6093      	str	r3, [r2, #8]
10002bd6:	60d3      	str	r3, [r2, #12]
10002bd8:	4a20      	ldr	r2, [pc, #128]	; (10002c5c <dcd_init+0x12c>)
10002bda:	6093      	str	r3, [r2, #8]
10002bdc:	60d3      	str	r3, [r2, #12]
10002bde:	4a20      	ldr	r2, [pc, #128]	; (10002c60 <dcd_init+0x130>)
10002be0:	6093      	str	r3, [r2, #8]
10002be2:	60d3      	str	r3, [r2, #12]
10002be4:	4a1f      	ldr	r2, [pc, #124]	; (10002c64 <dcd_init+0x134>)
10002be6:	6093      	str	r3, [r2, #8]
10002be8:	60d3      	str	r3, [r2, #12]
10002bea:	22f0      	movs	r2, #240	; 0xf0
10002bec:	0092      	lsls	r2, r2, #2
10002bee:	f7ff fb2f 	bl	10002250 <__wrap_memset>
10002bf2:	4b1d      	ldr	r3, [pc, #116]	; (10002c68 <dcd_init+0x138>)
10002bf4:	4a1d      	ldr	r2, [pc, #116]	; (10002c6c <dcd_init+0x13c>)
10002bf6:	0038      	movs	r0, r7
10002bf8:	601a      	str	r2, [r3, #0]
10002bfa:	2380      	movs	r3, #128	; 0x80
10002bfc:	059b      	lsls	r3, r3, #22
10002bfe:	642e      	str	r6, [r5, #64]	; 0x40
10002c00:	64eb      	str	r3, [r5, #76]	; 0x4c
10002c02:	2390      	movs	r3, #144	; 0x90
10002c04:	4a1a      	ldr	r2, [pc, #104]	; (10002c70 <dcd_init+0x140>)
10002c06:	50ea      	str	r2, [r5, r3]
10002c08:	f7ff ff8a 	bl	10002b20 <dcd_connect>
10002c0c:	bc04      	pop	{r2}
10002c0e:	4690      	mov	r8, r2
10002c10:	bdf0      	pop	{r4, r5, r6, r7, pc}
10002c12:	46c0      	nop			; (mov r8, r8)
10002c14:	50110000 	.word	0x50110000
10002c18:	100028e5 	.word	0x100028e5
10002c1c:	20000ad4 	.word	0x20000ad4
10002c20:	50100084 	.word	0x50100084
10002c24:	50100100 	.word	0x50100100
10002c28:	50100080 	.word	0x50100080
10002c2c:	50100000 	.word	0x50100000
10002c30:	50100008 	.word	0x50100008
10002c34:	50100010 	.word	0x50100010
10002c38:	50100018 	.word	0x50100018
10002c3c:	50100020 	.word	0x50100020
10002c40:	50100028 	.word	0x50100028
10002c44:	50100030 	.word	0x50100030
10002c48:	50100038 	.word	0x50100038
10002c4c:	50100040 	.word	0x50100040
10002c50:	50100048 	.word	0x50100048
10002c54:	50100050 	.word	0x50100050
10002c58:	50100058 	.word	0x50100058
10002c5c:	50100060 	.word	0x50100060
10002c60:	50100068 	.word	0x50100068
10002c64:	50100070 	.word	0x50100070
10002c68:	20000edc 	.word	0x20000edc
10002c6c:	50100180 	.word	0x50100180
10002c70:	0001d010 	.word	0x0001d010

10002c74 <dcd_edpt0_status_complete>:
10002c74:	780b      	ldrb	r3, [r1, #0]
10002c76:	065b      	lsls	r3, r3, #25
10002c78:	d102      	bne.n	10002c80 <dcd_edpt0_status_complete+0xc>
10002c7a:	784b      	ldrb	r3, [r1, #1]
10002c7c:	2b05      	cmp	r3, #5
10002c7e:	d000      	beq.n	10002c82 <dcd_edpt0_status_complete+0xe>
10002c80:	4770      	bx	lr
10002c82:	788a      	ldrb	r2, [r1, #2]
10002c84:	4b01      	ldr	r3, [pc, #4]	; (10002c8c <dcd_edpt0_status_complete+0x18>)
10002c86:	601a      	str	r2, [r3, #0]
10002c88:	e7fa      	b.n	10002c80 <dcd_edpt0_status_complete+0xc>
10002c8a:	46c0      	nop			; (mov r8, r8)
10002c8c:	50110000 	.word	0x50110000

10002c90 <dcd_edpt_open>:
10002c90:	b5f0      	push	{r4, r5, r6, r7, lr}
10002c92:	46c6      	mov	lr, r8
10002c94:	2307      	movs	r3, #7
10002c96:	b500      	push	{lr}
10002c98:	7948      	ldrb	r0, [r1, #5]
10002c9a:	788f      	ldrb	r7, [r1, #2]
10002c9c:	790a      	ldrb	r2, [r1, #4]
10002c9e:	4003      	ands	r3, r0
10002ca0:	78c8      	ldrb	r0, [r1, #3]
10002ca2:	217f      	movs	r1, #127	; 0x7f
10002ca4:	0780      	lsls	r0, r0, #30
10002ca6:	4039      	ands	r1, r7
10002ca8:	0f80      	lsrs	r0, r0, #30
10002caa:	021b      	lsls	r3, r3, #8
10002cac:	09fc      	lsrs	r4, r7, #7
10002cae:	4313      	orrs	r3, r2
10002cb0:	004e      	lsls	r6, r1, #1
10002cb2:	b2c2      	uxtb	r2, r0
10002cb4:	4694      	mov	ip, r2
10002cb6:	4d28      	ldr	r5, [pc, #160]	; (10002d58 <dcd_edpt_open+0xc8>)
10002cb8:	1932      	adds	r2, r6, r4
10002cba:	0152      	lsls	r2, r2, #5
10002cbc:	18aa      	adds	r2, r5, r2
10002cbe:	7097      	strb	r7, [r2, #2]
10002cc0:	2701      	movs	r7, #1
10002cc2:	4067      	eors	r7, r4
10002cc4:	7057      	strb	r7, [r2, #1]
10002cc6:	2700      	movs	r7, #0
10002cc8:	8393      	strh	r3, [r2, #28]
10002cca:	70d7      	strb	r7, [r2, #3]
10002ccc:	7790      	strb	r0, [r2, #30]
10002cce:	00ca      	lsls	r2, r1, #3
10002cd0:	2c01      	cmp	r4, #1
10002cd2:	d027      	beq.n	10002d24 <dcd_edpt_open+0x94>
10002cd4:	4821      	ldr	r0, [pc, #132]	; (10002d5c <dcd_edpt_open+0xcc>)
10002cd6:	4680      	mov	r8, r0
10002cd8:	0188      	lsls	r0, r1, #6
10002cda:	4442      	add	r2, r8
10002cdc:	1828      	adds	r0, r5, r0
10002cde:	6082      	str	r2, [r0, #8]
10002ce0:	6017      	str	r7, [r2, #0]
10002ce2:	2900      	cmp	r1, #0
10002ce4:	d027      	beq.n	10002d36 <dcd_edpt_open+0xa6>
10002ce6:	4a1e      	ldr	r2, [pc, #120]	; (10002d60 <dcd_edpt_open+0xd0>)
10002ce8:	00c9      	lsls	r1, r1, #3
10002cea:	4690      	mov	r8, r2
10002cec:	4441      	add	r1, r8
10002cee:	6041      	str	r1, [r0, #4]
10002cf0:	223f      	movs	r2, #63	; 0x3f
10002cf2:	333f      	adds	r3, #63	; 0x3f
10002cf4:	4393      	bics	r3, r2
10002cf6:	4662      	mov	r2, ip
10002cf8:	2a02      	cmp	r2, #2
10002cfa:	d100      	bne.n	10002cfe <dcd_edpt_open+0x6e>
10002cfc:	005b      	lsls	r3, r3, #1
10002cfe:	4919      	ldr	r1, [pc, #100]	; (10002d64 <dcd_edpt_open+0xd4>)
10002d00:	1936      	adds	r6, r6, r4
10002d02:	680a      	ldr	r2, [r1, #0]
10002d04:	0176      	lsls	r6, r6, #5
10002d06:	18d3      	adds	r3, r2, r3
10002d08:	600b      	str	r3, [r1, #0]
10002d0a:	4b17      	ldr	r3, [pc, #92]	; (10002d68 <dcd_edpt_open+0xd8>)
10002d0c:	19ad      	adds	r5, r5, r6
10002d0e:	60ea      	str	r2, [r5, #12]
10002d10:	4053      	eors	r3, r2
10002d12:	4662      	mov	r2, ip
10002d14:	0692      	lsls	r2, r2, #26
10002d16:	4313      	orrs	r3, r2
10002d18:	2280      	movs	r2, #128	; 0x80
10002d1a:	0612      	lsls	r2, r2, #24
10002d1c:	4313      	orrs	r3, r2
10002d1e:	686a      	ldr	r2, [r5, #4]
10002d20:	6013      	str	r3, [r2, #0]
10002d22:	e00e      	b.n	10002d42 <dcd_edpt_open+0xb2>
10002d24:	4811      	ldr	r0, [pc, #68]	; (10002d6c <dcd_edpt_open+0xdc>)
10002d26:	4680      	mov	r8, r0
10002d28:	0188      	lsls	r0, r1, #6
10002d2a:	4442      	add	r2, r8
10002d2c:	1828      	adds	r0, r5, r0
10002d2e:	6282      	str	r2, [r0, #40]	; 0x28
10002d30:	6017      	str	r7, [r2, #0]
10002d32:	2900      	cmp	r1, #0
10002d34:	d109      	bne.n	10002d4a <dcd_edpt_open+0xba>
10002d36:	2300      	movs	r3, #0
10002d38:	0164      	lsls	r4, r4, #5
10002d3a:	192d      	adds	r5, r5, r4
10002d3c:	606b      	str	r3, [r5, #4]
10002d3e:	4b0c      	ldr	r3, [pc, #48]	; (10002d70 <dcd_edpt_open+0xe0>)
10002d40:	60eb      	str	r3, [r5, #12]
10002d42:	2001      	movs	r0, #1
10002d44:	bc04      	pop	{r2}
10002d46:	4690      	mov	r8, r2
10002d48:	bdf0      	pop	{r4, r5, r6, r7, pc}
10002d4a:	4a07      	ldr	r2, [pc, #28]	; (10002d68 <dcd_edpt_open+0xd8>)
10002d4c:	00c9      	lsls	r1, r1, #3
10002d4e:	4690      	mov	r8, r2
10002d50:	4441      	add	r1, r8
10002d52:	6241      	str	r1, [r0, #36]	; 0x24
10002d54:	e7cc      	b.n	10002cf0 <dcd_edpt_open+0x60>
10002d56:	46c0      	nop			; (mov r8, r8)
10002d58:	20000ad4 	.word	0x20000ad4
10002d5c:	50100084 	.word	0x50100084
10002d60:	50100004 	.word	0x50100004
10002d64:	20000edc 	.word	0x20000edc
10002d68:	50100000 	.word	0x50100000
10002d6c:	50100080 	.word	0x50100080
10002d70:	50100100 	.word	0x50100100

10002d74 <dcd_edpt_close_all>:
10002d74:	2300      	movs	r3, #0
10002d76:	4a1c      	ldr	r2, [pc, #112]	; (10002de8 <dcd_edpt_close_all+0x74>)
10002d78:	b510      	push	{r4, lr}
10002d7a:	6093      	str	r3, [r2, #8]
10002d7c:	60d3      	str	r3, [r2, #12]
10002d7e:	4a1b      	ldr	r2, [pc, #108]	; (10002dec <dcd_edpt_close_all+0x78>)
10002d80:	2100      	movs	r1, #0
10002d82:	6093      	str	r3, [r2, #8]
10002d84:	60d3      	str	r3, [r2, #12]
10002d86:	4a1a      	ldr	r2, [pc, #104]	; (10002df0 <dcd_edpt_close_all+0x7c>)
10002d88:	481a      	ldr	r0, [pc, #104]	; (10002df4 <dcd_edpt_close_all+0x80>)
10002d8a:	6093      	str	r3, [r2, #8]
10002d8c:	60d3      	str	r3, [r2, #12]
10002d8e:	4a1a      	ldr	r2, [pc, #104]	; (10002df8 <dcd_edpt_close_all+0x84>)
10002d90:	6093      	str	r3, [r2, #8]
10002d92:	60d3      	str	r3, [r2, #12]
10002d94:	4a19      	ldr	r2, [pc, #100]	; (10002dfc <dcd_edpt_close_all+0x88>)
10002d96:	6093      	str	r3, [r2, #8]
10002d98:	60d3      	str	r3, [r2, #12]
10002d9a:	4a19      	ldr	r2, [pc, #100]	; (10002e00 <dcd_edpt_close_all+0x8c>)
10002d9c:	6093      	str	r3, [r2, #8]
10002d9e:	60d3      	str	r3, [r2, #12]
10002da0:	4a18      	ldr	r2, [pc, #96]	; (10002e04 <dcd_edpt_close_all+0x90>)
10002da2:	6093      	str	r3, [r2, #8]
10002da4:	60d3      	str	r3, [r2, #12]
10002da6:	4a18      	ldr	r2, [pc, #96]	; (10002e08 <dcd_edpt_close_all+0x94>)
10002da8:	6093      	str	r3, [r2, #8]
10002daa:	60d3      	str	r3, [r2, #12]
10002dac:	4a17      	ldr	r2, [pc, #92]	; (10002e0c <dcd_edpt_close_all+0x98>)
10002dae:	6093      	str	r3, [r2, #8]
10002db0:	60d3      	str	r3, [r2, #12]
10002db2:	4a17      	ldr	r2, [pc, #92]	; (10002e10 <dcd_edpt_close_all+0x9c>)
10002db4:	6093      	str	r3, [r2, #8]
10002db6:	60d3      	str	r3, [r2, #12]
10002db8:	4a16      	ldr	r2, [pc, #88]	; (10002e14 <dcd_edpt_close_all+0xa0>)
10002dba:	6093      	str	r3, [r2, #8]
10002dbc:	60d3      	str	r3, [r2, #12]
10002dbe:	4a16      	ldr	r2, [pc, #88]	; (10002e18 <dcd_edpt_close_all+0xa4>)
10002dc0:	6093      	str	r3, [r2, #8]
10002dc2:	60d3      	str	r3, [r2, #12]
10002dc4:	4a15      	ldr	r2, [pc, #84]	; (10002e1c <dcd_edpt_close_all+0xa8>)
10002dc6:	6093      	str	r3, [r2, #8]
10002dc8:	60d3      	str	r3, [r2, #12]
10002dca:	4a15      	ldr	r2, [pc, #84]	; (10002e20 <dcd_edpt_close_all+0xac>)
10002dcc:	6093      	str	r3, [r2, #8]
10002dce:	60d3      	str	r3, [r2, #12]
10002dd0:	4a14      	ldr	r2, [pc, #80]	; (10002e24 <dcd_edpt_close_all+0xb0>)
10002dd2:	6093      	str	r3, [r2, #8]
10002dd4:	60d3      	str	r3, [r2, #12]
10002dd6:	22f0      	movs	r2, #240	; 0xf0
10002dd8:	0092      	lsls	r2, r2, #2
10002dda:	f7ff fa39 	bl	10002250 <__wrap_memset>
10002dde:	4b12      	ldr	r3, [pc, #72]	; (10002e28 <dcd_edpt_close_all+0xb4>)
10002de0:	4a12      	ldr	r2, [pc, #72]	; (10002e2c <dcd_edpt_close_all+0xb8>)
10002de2:	601a      	str	r2, [r3, #0]
10002de4:	bd10      	pop	{r4, pc}
10002de6:	46c0      	nop			; (mov r8, r8)
10002de8:	50100000 	.word	0x50100000
10002dec:	50100008 	.word	0x50100008
10002df0:	50100010 	.word	0x50100010
10002df4:	20000b14 	.word	0x20000b14
10002df8:	50100018 	.word	0x50100018
10002dfc:	50100020 	.word	0x50100020
10002e00:	50100028 	.word	0x50100028
10002e04:	50100030 	.word	0x50100030
10002e08:	50100038 	.word	0x50100038
10002e0c:	50100040 	.word	0x50100040
10002e10:	50100048 	.word	0x50100048
10002e14:	50100050 	.word	0x50100050
10002e18:	50100058 	.word	0x50100058
10002e1c:	50100060 	.word	0x50100060
10002e20:	50100068 	.word	0x50100068
10002e24:	50100070 	.word	0x50100070
10002e28:	20000edc 	.word	0x20000edc
10002e2c:	50100180 	.word	0x50100180

10002e30 <dcd_edpt_xfer>:
10002e30:	207f      	movs	r0, #127	; 0x7f
10002e32:	b520      	push	{r5, lr}
10002e34:	0015      	movs	r5, r2
10002e36:	4008      	ands	r0, r1
10002e38:	0040      	lsls	r0, r0, #1
10002e3a:	09c9      	lsrs	r1, r1, #7
10002e3c:	1840      	adds	r0, r0, r1
10002e3e:	4904      	ldr	r1, [pc, #16]	; (10002e50 <dcd_edpt_xfer+0x20>)
10002e40:	0140      	lsls	r0, r0, #5
10002e42:	1840      	adds	r0, r0, r1
10002e44:	001a      	movs	r2, r3
10002e46:	0029      	movs	r1, r5
10002e48:	f000 f890 	bl	10002f6c <hw_endpoint_xfer_start>
10002e4c:	2001      	movs	r0, #1
10002e4e:	bd20      	pop	{r5, pc}
10002e50:	20000ad4 	.word	0x20000ad4

10002e54 <dcd_edpt_stall>:
10002e54:	237f      	movs	r3, #127	; 0x7f
10002e56:	b510      	push	{r4, lr}
10002e58:	400b      	ands	r3, r1
10002e5a:	09c9      	lsrs	r1, r1, #7
10002e5c:	2b00      	cmp	r3, #0
10002e5e:	d103      	bne.n	10002e68 <dcd_edpt_stall+0x14>
10002e60:	2202      	movs	r2, #2
10002e62:	4807      	ldr	r0, [pc, #28]	; (10002e80 <dcd_edpt_stall+0x2c>)
10002e64:	1a52      	subs	r2, r2, r1
10002e66:	6682      	str	r2, [r0, #104]	; 0x68
10002e68:	2280      	movs	r2, #128	; 0x80
10002e6a:	0058      	lsls	r0, r3, #1
10002e6c:	1840      	adds	r0, r0, r1
10002e6e:	4b05      	ldr	r3, [pc, #20]	; (10002e84 <dcd_edpt_stall+0x30>)
10002e70:	0140      	lsls	r0, r0, #5
10002e72:	18c0      	adds	r0, r0, r3
10002e74:	0112      	lsls	r2, r2, #4
10002e76:	2100      	movs	r1, #0
10002e78:	f000 f858 	bl	10002f2c <_hw_endpoint_buffer_control_update32>
10002e7c:	bd10      	pop	{r4, pc}
10002e7e:	46c0      	nop			; (mov r8, r8)
10002e80:	50112000 	.word	0x50112000
10002e84:	20000ad4 	.word	0x20000ad4

10002e88 <dcd_edpt_clear_stall>:
10002e88:	237f      	movs	r3, #127	; 0x7f
10002e8a:	b510      	push	{r4, lr}
10002e8c:	400b      	ands	r3, r1
10002e8e:	d100      	bne.n	10002e92 <dcd_edpt_clear_stall+0xa>
10002e90:	bd10      	pop	{r4, pc}
10002e92:	09c9      	lsrs	r1, r1, #7
10002e94:	0058      	lsls	r0, r3, #1
10002e96:	1840      	adds	r0, r0, r1
10002e98:	4b04      	ldr	r3, [pc, #16]	; (10002eac <dcd_edpt_clear_stall+0x24>)
10002e9a:	0140      	lsls	r0, r0, #5
10002e9c:	1818      	adds	r0, r3, r0
10002e9e:	2300      	movs	r3, #0
10002ea0:	2200      	movs	r2, #0
10002ea2:	70c3      	strb	r3, [r0, #3]
10002ea4:	4902      	ldr	r1, [pc, #8]	; (10002eb0 <dcd_edpt_clear_stall+0x28>)
10002ea6:	f000 f841 	bl	10002f2c <_hw_endpoint_buffer_control_update32>
10002eaa:	e7f1      	b.n	10002e90 <dcd_edpt_clear_stall+0x8>
10002eac:	20000ad4 	.word	0x20000ad4
10002eb0:	fffff7ff 	.word	0xfffff7ff

10002eb4 <_hw_endpoint_buffer_control_update32.part.2>:
10002eb4:	217f      	movs	r1, #127	; 0x7f
10002eb6:	b510      	push	{r4, lr}
10002eb8:	7880      	ldrb	r0, [r0, #2]
10002eba:	4a04      	ldr	r2, [pc, #16]	; (10002ecc <_hw_endpoint_buffer_control_update32.part.2+0x18>)
10002ebc:	09c3      	lsrs	r3, r0, #7
10002ebe:	009b      	lsls	r3, r3, #2
10002ec0:	4001      	ands	r1, r0
10002ec2:	589a      	ldr	r2, [r3, r2]
10002ec4:	4802      	ldr	r0, [pc, #8]	; (10002ed0 <_hw_endpoint_buffer_control_update32.part.2+0x1c>)
10002ec6:	f7fe fe2d 	bl	10001b24 <panic>
10002eca:	46c0      	nop			; (mov r8, r8)
10002ecc:	20000424 	.word	0x20000424
10002ed0:	1000521c 	.word	0x1000521c

10002ed4 <rp2040_usb_init>:
10002ed4:	2280      	movs	r2, #128	; 0x80
10002ed6:	4b0d      	ldr	r3, [pc, #52]	; (10002f0c <rp2040_usb_init+0x38>)
10002ed8:	0452      	lsls	r2, r2, #17
10002eda:	b510      	push	{r4, lr}
10002edc:	601a      	str	r2, [r3, #0]
10002ede:	4b0c      	ldr	r3, [pc, #48]	; (10002f10 <rp2040_usb_init+0x3c>)
10002ee0:	490c      	ldr	r1, [pc, #48]	; (10002f14 <rp2040_usb_init+0x40>)
10002ee2:	601a      	str	r2, [r3, #0]
10002ee4:	0010      	movs	r0, r2
10002ee6:	688b      	ldr	r3, [r1, #8]
10002ee8:	4398      	bics	r0, r3
10002eea:	d1fb      	bne.n	10002ee4 <rp2040_usb_init+0x10>
10002eec:	4c0a      	ldr	r4, [pc, #40]	; (10002f18 <rp2040_usb_init+0x44>)
10002eee:	229c      	movs	r2, #156	; 0x9c
10002ef0:	2100      	movs	r1, #0
10002ef2:	0020      	movs	r0, r4
10002ef4:	f7ff f9ac 	bl	10002250 <__wrap_memset>
10002ef8:	2280      	movs	r2, #128	; 0x80
10002efa:	2100      	movs	r1, #0
10002efc:	0152      	lsls	r2, r2, #5
10002efe:	4807      	ldr	r0, [pc, #28]	; (10002f1c <rp2040_usb_init+0x48>)
10002f00:	f7ff f9a6 	bl	10002250 <__wrap_memset>
10002f04:	2309      	movs	r3, #9
10002f06:	6763      	str	r3, [r4, #116]	; 0x74
10002f08:	bd10      	pop	{r4, pc}
10002f0a:	46c0      	nop			; (mov r8, r8)
10002f0c:	4000e000 	.word	0x4000e000
10002f10:	4000f000 	.word	0x4000f000
10002f14:	4000c000 	.word	0x4000c000
10002f18:	50110000 	.word	0x50110000
10002f1c:	50100000 	.word	0x50100000

10002f20 <hw_endpoint_reset_transfer>:
10002f20:	2300      	movs	r3, #0
10002f22:	7403      	strb	r3, [r0, #16]
10002f24:	8243      	strh	r3, [r0, #18]
10002f26:	8283      	strh	r3, [r0, #20]
10002f28:	6183      	str	r3, [r0, #24]
10002f2a:	4770      	bx	lr

10002f2c <_hw_endpoint_buffer_control_update32>:
10002f2c:	b510      	push	{r4, lr}
10002f2e:	6883      	ldr	r3, [r0, #8]
10002f30:	2900      	cmp	r1, #0
10002f32:	d001      	beq.n	10002f38 <_hw_endpoint_buffer_control_update32+0xc>
10002f34:	681c      	ldr	r4, [r3, #0]
10002f36:	4021      	ands	r1, r4
10002f38:	2a00      	cmp	r2, #0
10002f3a:	d011      	beq.n	10002f60 <_hw_endpoint_buffer_control_update32+0x34>
10002f3c:	2480      	movs	r4, #128	; 0x80
10002f3e:	00e4      	lsls	r4, r4, #3
10002f40:	4311      	orrs	r1, r2
10002f42:	4222      	tst	r2, r4
10002f44:	d00c      	beq.n	10002f60 <_hw_endpoint_buffer_control_update32+0x34>
10002f46:	681a      	ldr	r2, [r3, #0]
10002f48:	4222      	tst	r2, r4
10002f4a:	d10b      	bne.n	10002f64 <_hw_endpoint_buffer_control_update32+0x38>
10002f4c:	4a06      	ldr	r2, [pc, #24]	; (10002f68 <_hw_endpoint_buffer_control_update32+0x3c>)
10002f4e:	400a      	ands	r2, r1
10002f50:	601a      	str	r2, [r3, #0]
10002f52:	e7ff      	b.n	10002f54 <_hw_endpoint_buffer_control_update32+0x28>
10002f54:	e7ff      	b.n	10002f56 <_hw_endpoint_buffer_control_update32+0x2a>
10002f56:	e7ff      	b.n	10002f58 <_hw_endpoint_buffer_control_update32+0x2c>
10002f58:	e7ff      	b.n	10002f5a <_hw_endpoint_buffer_control_update32+0x2e>
10002f5a:	e7ff      	b.n	10002f5c <_hw_endpoint_buffer_control_update32+0x30>
10002f5c:	e7ff      	b.n	10002f5e <_hw_endpoint_buffer_control_update32+0x32>
10002f5e:	6883      	ldr	r3, [r0, #8]
10002f60:	6019      	str	r1, [r3, #0]
10002f62:	bd10      	pop	{r4, pc}
10002f64:	f7ff ffa6 	bl	10002eb4 <_hw_endpoint_buffer_control_update32.part.2>
10002f68:	fffffbff 	.word	0xfffffbff

10002f6c <hw_endpoint_xfer_start>:
10002f6c:	b5f0      	push	{r4, r5, r6, r7, lr}
10002f6e:	46c6      	mov	lr, r8
10002f70:	2300      	movs	r3, #0
10002f72:	b500      	push	{lr}
10002f74:	8283      	strh	r3, [r0, #20]
10002f76:	3301      	adds	r3, #1
10002f78:	7403      	strb	r3, [r0, #16]
10002f7a:	6843      	ldr	r3, [r0, #4]
10002f7c:	0004      	movs	r4, r0
10002f7e:	681e      	ldr	r6, [r3, #0]
10002f80:	8b83      	ldrh	r3, [r0, #28]
10002f82:	6181      	str	r1, [r0, #24]
10002f84:	1c1f      	adds	r7, r3, #0
10002f86:	4293      	cmp	r3, r2
10002f88:	d900      	bls.n	10002f8c <hw_endpoint_xfer_start+0x20>
10002f8a:	1c17      	adds	r7, r2, #0
10002f8c:	2580      	movs	r5, #128	; 0x80
10002f8e:	b2bf      	uxth	r7, r7
10002f90:	1bd2      	subs	r2, r2, r7
10002f92:	78e3      	ldrb	r3, [r4, #3]
10002f94:	b292      	uxth	r2, r2
10002f96:	00ed      	lsls	r5, r5, #3
10002f98:	8262      	strh	r2, [r4, #18]
10002f9a:	433d      	orrs	r5, r7
10002f9c:	2b00      	cmp	r3, #0
10002f9e:	d002      	beq.n	10002fa6 <hw_endpoint_xfer_start+0x3a>
10002fa0:	2590      	movs	r5, #144	; 0x90
10002fa2:	01ad      	lsls	r5, r5, #6
10002fa4:	433d      	orrs	r5, r7
10002fa6:	2001      	movs	r0, #1
10002fa8:	4043      	eors	r3, r0
10002faa:	70e3      	strb	r3, [r4, #3]
10002fac:	7863      	ldrb	r3, [r4, #1]
10002fae:	2b00      	cmp	r3, #0
10002fb0:	d02a      	beq.n	10003008 <hw_endpoint_xfer_start+0x9c>
10002fb2:	2a00      	cmp	r2, #0
10002fb4:	d022      	beq.n	10002ffc <hw_endpoint_xfer_start+0x90>
10002fb6:	2380      	movs	r3, #128	; 0x80
10002fb8:	015b      	lsls	r3, r3, #5
10002fba:	431d      	orrs	r5, r3
10002fbc:	4b35      	ldr	r3, [pc, #212]	; (10003094 <hw_endpoint_xfer_start+0x128>)
10002fbe:	6c1b      	ldr	r3, [r3, #64]	; 0x40
10002fc0:	079b      	lsls	r3, r3, #30
10002fc2:	d42e      	bmi.n	10003022 <hw_endpoint_xfer_start+0xb6>
10002fc4:	78a3      	ldrb	r3, [r4, #2]
10002fc6:	09db      	lsrs	r3, r3, #7
10002fc8:	d12b      	bne.n	10003022 <hw_endpoint_xfer_start+0xb6>
10002fca:	4b33      	ldr	r3, [pc, #204]	; (10003098 <hw_endpoint_xfer_start+0x12c>)
10002fcc:	4033      	ands	r3, r6
10002fce:	2680      	movs	r6, #128	; 0x80
10002fd0:	05b6      	lsls	r6, r6, #22
10002fd2:	431e      	orrs	r6, r3
10002fd4:	6863      	ldr	r3, [r4, #4]
10002fd6:	68a2      	ldr	r2, [r4, #8]
10002fd8:	601e      	str	r6, [r3, #0]
10002fda:	6813      	ldr	r3, [r2, #0]
10002fdc:	055b      	lsls	r3, r3, #21
10002fde:	d455      	bmi.n	1000308c <hw_endpoint_xfer_start+0x120>
10002fe0:	4b2e      	ldr	r3, [pc, #184]	; (1000309c <hw_endpoint_xfer_start+0x130>)
10002fe2:	402b      	ands	r3, r5
10002fe4:	6013      	str	r3, [r2, #0]
10002fe6:	e7ff      	b.n	10002fe8 <hw_endpoint_xfer_start+0x7c>
10002fe8:	e7ff      	b.n	10002fea <hw_endpoint_xfer_start+0x7e>
10002fea:	e7ff      	b.n	10002fec <hw_endpoint_xfer_start+0x80>
10002fec:	e7ff      	b.n	10002fee <hw_endpoint_xfer_start+0x82>
10002fee:	e7ff      	b.n	10002ff0 <hw_endpoint_xfer_start+0x84>
10002ff0:	e7ff      	b.n	10002ff2 <hw_endpoint_xfer_start+0x86>
10002ff2:	68a3      	ldr	r3, [r4, #8]
10002ff4:	601d      	str	r5, [r3, #0]
10002ff6:	bc04      	pop	{r2}
10002ff8:	4690      	mov	r8, r2
10002ffa:	bdf0      	pop	{r4, r5, r6, r7, pc}
10002ffc:	23a0      	movs	r3, #160	; 0xa0
10002ffe:	01db      	lsls	r3, r3, #7
10003000:	431d      	orrs	r5, r3
10003002:	4b24      	ldr	r3, [pc, #144]	; (10003094 <hw_endpoint_xfer_start+0x128>)
10003004:	6c1b      	ldr	r3, [r3, #64]	; 0x40
10003006:	e7e0      	b.n	10002fca <hw_endpoint_xfer_start+0x5e>
10003008:	003a      	movs	r2, r7
1000300a:	68e0      	ldr	r0, [r4, #12]
1000300c:	f7ff f926 	bl	1000225c <__wrap___aeabi_memcpy>
10003010:	69a3      	ldr	r3, [r4, #24]
10003012:	8a62      	ldrh	r2, [r4, #18]
10003014:	469c      	mov	ip, r3
10003016:	2380      	movs	r3, #128	; 0x80
10003018:	4467      	add	r7, ip
1000301a:	021b      	lsls	r3, r3, #8
1000301c:	61a7      	str	r7, [r4, #24]
1000301e:	431d      	orrs	r5, r3
10003020:	e7c7      	b.n	10002fb2 <hw_endpoint_xfer_start+0x46>
10003022:	8ba3      	ldrh	r3, [r4, #28]
10003024:	1c19      	adds	r1, r3, #0
10003026:	4293      	cmp	r3, r2
10003028:	d900      	bls.n	1000302c <hw_endpoint_xfer_start+0xc0>
1000302a:	1c11      	adds	r1, r2, #0
1000302c:	2780      	movs	r7, #128	; 0x80
1000302e:	b28b      	uxth	r3, r1
10003030:	00ff      	lsls	r7, r7, #3
10003032:	1ad2      	subs	r2, r2, r3
10003034:	4698      	mov	r8, r3
10003036:	431f      	orrs	r7, r3
10003038:	78e3      	ldrb	r3, [r4, #3]
1000303a:	b292      	uxth	r2, r2
1000303c:	8262      	strh	r2, [r4, #18]
1000303e:	2b00      	cmp	r3, #0
10003040:	d003      	beq.n	1000304a <hw_endpoint_xfer_start+0xde>
10003042:	2790      	movs	r7, #144	; 0x90
10003044:	4641      	mov	r1, r8
10003046:	01bf      	lsls	r7, r7, #6
10003048:	430f      	orrs	r7, r1
1000304a:	2101      	movs	r1, #1
1000304c:	404b      	eors	r3, r1
1000304e:	70e3      	strb	r3, [r4, #3]
10003050:	7863      	ldrb	r3, [r4, #1]
10003052:	2b00      	cmp	r3, #0
10003054:	d00c      	beq.n	10003070 <hw_endpoint_xfer_start+0x104>
10003056:	2a00      	cmp	r2, #0
10003058:	d102      	bne.n	10003060 <hw_endpoint_xfer_start+0xf4>
1000305a:	2380      	movs	r3, #128	; 0x80
1000305c:	01db      	lsls	r3, r3, #7
1000305e:	431f      	orrs	r7, r3
10003060:	4b0f      	ldr	r3, [pc, #60]	; (100030a0 <hw_endpoint_xfer_start+0x134>)
10003062:	043f      	lsls	r7, r7, #16
10003064:	4033      	ands	r3, r6
10003066:	26a0      	movs	r6, #160	; 0xa0
10003068:	05f6      	lsls	r6, r6, #23
1000306a:	433d      	orrs	r5, r7
1000306c:	431e      	orrs	r6, r3
1000306e:	e7b1      	b.n	10002fd4 <hw_endpoint_xfer_start+0x68>
10003070:	68e0      	ldr	r0, [r4, #12]
10003072:	4642      	mov	r2, r8
10003074:	3040      	adds	r0, #64	; 0x40
10003076:	69a1      	ldr	r1, [r4, #24]
10003078:	f7ff f8f0 	bl	1000225c <__wrap___aeabi_memcpy>
1000307c:	69a3      	ldr	r3, [r4, #24]
1000307e:	8a62      	ldrh	r2, [r4, #18]
10003080:	4443      	add	r3, r8
10003082:	61a3      	str	r3, [r4, #24]
10003084:	2380      	movs	r3, #128	; 0x80
10003086:	021b      	lsls	r3, r3, #8
10003088:	431f      	orrs	r7, r3
1000308a:	e7e4      	b.n	10003056 <hw_endpoint_xfer_start+0xea>
1000308c:	0020      	movs	r0, r4
1000308e:	f7ff ff11 	bl	10002eb4 <_hw_endpoint_buffer_control_update32.part.2>
10003092:	46c0      	nop			; (mov r8, r8)
10003094:	50110000 	.word	0x50110000
10003098:	afffffff 	.word	0xafffffff
1000309c:	fffffbff 	.word	0xfffffbff
100030a0:	dfffffff 	.word	0xdfffffff

100030a4 <hw_endpoint_xfer_continue>:
100030a4:	b5f0      	push	{r4, r5, r6, r7, lr}
100030a6:	46c6      	mov	lr, r8
100030a8:	b500      	push	{lr}
100030aa:	7c06      	ldrb	r6, [r0, #16]
100030ac:	0004      	movs	r4, r0
100030ae:	2e00      	cmp	r6, #0
100030b0:	d100      	bne.n	100030b4 <hw_endpoint_xfer_continue+0x10>
100030b2:	e0d1      	b.n	10003258 <hw_endpoint_xfer_continue+0x1b4>
100030b4:	6883      	ldr	r3, [r0, #8]
100030b6:	681a      	ldr	r2, [r3, #0]
100030b8:	681d      	ldr	r5, [r3, #0]
100030ba:	7843      	ldrb	r3, [r0, #1]
100030bc:	05ad      	lsls	r5, r5, #22
100030be:	0dad      	lsrs	r5, r5, #22
100030c0:	2b00      	cmp	r3, #0
100030c2:	d150      	bne.n	10003166 <hw_endpoint_xfer_continue+0xc2>
100030c4:	8a83      	ldrh	r3, [r0, #20]
100030c6:	18eb      	adds	r3, r5, r3
100030c8:	b29b      	uxth	r3, r3
100030ca:	8283      	strh	r3, [r0, #20]
100030cc:	8ba1      	ldrh	r1, [r4, #28]
100030ce:	6862      	ldr	r2, [r4, #4]
100030d0:	428d      	cmp	r5, r1
100030d2:	d206      	bcs.n	100030e2 <hw_endpoint_xfer_continue+0x3e>
100030d4:	2300      	movs	r3, #0
100030d6:	8263      	strh	r3, [r4, #18]
100030d8:	6813      	ldr	r3, [r2, #0]
100030da:	0030      	movs	r0, r6
100030dc:	bc04      	pop	{r2}
100030de:	4690      	mov	r8, r2
100030e0:	bdf0      	pop	{r4, r5, r6, r7, pc}
100030e2:	6812      	ldr	r2, [r2, #0]
100030e4:	0052      	lsls	r2, r2, #1
100030e6:	d502      	bpl.n	100030ee <hw_endpoint_xfer_continue+0x4a>
100030e8:	428d      	cmp	r5, r1
100030ea:	d100      	bne.n	100030ee <hw_endpoint_xfer_continue+0x4a>
100030ec:	e074      	b.n	100031d8 <hw_endpoint_xfer_continue+0x134>
100030ee:	8a63      	ldrh	r3, [r4, #18]
100030f0:	2b00      	cmp	r3, #0
100030f2:	d0f2      	beq.n	100030da <hw_endpoint_xfer_continue+0x36>
100030f4:	6862      	ldr	r2, [r4, #4]
100030f6:	1c1f      	adds	r7, r3, #0
100030f8:	6816      	ldr	r6, [r2, #0]
100030fa:	428b      	cmp	r3, r1
100030fc:	d900      	bls.n	10003100 <hw_endpoint_xfer_continue+0x5c>
100030fe:	1c0f      	adds	r7, r1, #0
10003100:	2580      	movs	r5, #128	; 0x80
10003102:	b2bf      	uxth	r7, r7
10003104:	1bdb      	subs	r3, r3, r7
10003106:	78e2      	ldrb	r2, [r4, #3]
10003108:	b29b      	uxth	r3, r3
1000310a:	00ed      	lsls	r5, r5, #3
1000310c:	8263      	strh	r3, [r4, #18]
1000310e:	433d      	orrs	r5, r7
10003110:	2a00      	cmp	r2, #0
10003112:	d002      	beq.n	1000311a <hw_endpoint_xfer_continue+0x76>
10003114:	2590      	movs	r5, #144	; 0x90
10003116:	01ad      	lsls	r5, r5, #6
10003118:	433d      	orrs	r5, r7
1000311a:	2101      	movs	r1, #1
1000311c:	404a      	eors	r2, r1
1000311e:	70e2      	strb	r2, [r4, #3]
10003120:	7862      	ldrb	r2, [r4, #1]
10003122:	2a00      	cmp	r2, #0
10003124:	d067      	beq.n	100031f6 <hw_endpoint_xfer_continue+0x152>
10003126:	2b00      	cmp	r3, #0
10003128:	d12a      	bne.n	10003180 <hw_endpoint_xfer_continue+0xdc>
1000312a:	23a0      	movs	r3, #160	; 0xa0
1000312c:	01db      	lsls	r3, r3, #7
1000312e:	431d      	orrs	r5, r3
10003130:	4b4e      	ldr	r3, [pc, #312]	; (1000326c <hw_endpoint_xfer_continue+0x1c8>)
10003132:	6c1b      	ldr	r3, [r3, #64]	; 0x40
10003134:	4b4e      	ldr	r3, [pc, #312]	; (10003270 <hw_endpoint_xfer_continue+0x1cc>)
10003136:	4033      	ands	r3, r6
10003138:	2680      	movs	r6, #128	; 0x80
1000313a:	05b6      	lsls	r6, r6, #22
1000313c:	431e      	orrs	r6, r3
1000313e:	6863      	ldr	r3, [r4, #4]
10003140:	68a2      	ldr	r2, [r4, #8]
10003142:	601e      	str	r6, [r3, #0]
10003144:	6813      	ldr	r3, [r2, #0]
10003146:	055b      	lsls	r3, r3, #21
10003148:	d500      	bpl.n	1000314c <hw_endpoint_xfer_continue+0xa8>
1000314a:	e08c      	b.n	10003266 <hw_endpoint_xfer_continue+0x1c2>
1000314c:	4b49      	ldr	r3, [pc, #292]	; (10003274 <hw_endpoint_xfer_continue+0x1d0>)
1000314e:	402b      	ands	r3, r5
10003150:	6013      	str	r3, [r2, #0]
10003152:	e7ff      	b.n	10003154 <hw_endpoint_xfer_continue+0xb0>
10003154:	e7ff      	b.n	10003156 <hw_endpoint_xfer_continue+0xb2>
10003156:	e7ff      	b.n	10003158 <hw_endpoint_xfer_continue+0xb4>
10003158:	e7ff      	b.n	1000315a <hw_endpoint_xfer_continue+0xb6>
1000315a:	e7ff      	b.n	1000315c <hw_endpoint_xfer_continue+0xb8>
1000315c:	e7ff      	b.n	1000315e <hw_endpoint_xfer_continue+0xba>
1000315e:	68a3      	ldr	r3, [r4, #8]
10003160:	2600      	movs	r6, #0
10003162:	601d      	str	r5, [r3, #0]
10003164:	e7b9      	b.n	100030da <hw_endpoint_xfer_continue+0x36>
10003166:	002a      	movs	r2, r5
10003168:	68c1      	ldr	r1, [r0, #12]
1000316a:	6980      	ldr	r0, [r0, #24]
1000316c:	f7ff f876 	bl	1000225c <__wrap___aeabi_memcpy>
10003170:	8aa3      	ldrh	r3, [r4, #20]
10003172:	69a2      	ldr	r2, [r4, #24]
10003174:	18eb      	adds	r3, r5, r3
10003176:	b29b      	uxth	r3, r3
10003178:	1952      	adds	r2, r2, r5
1000317a:	82a3      	strh	r3, [r4, #20]
1000317c:	61a2      	str	r2, [r4, #24]
1000317e:	e7a5      	b.n	100030cc <hw_endpoint_xfer_continue+0x28>
10003180:	2280      	movs	r2, #128	; 0x80
10003182:	0152      	lsls	r2, r2, #5
10003184:	4315      	orrs	r5, r2
10003186:	4a39      	ldr	r2, [pc, #228]	; (1000326c <hw_endpoint_xfer_continue+0x1c8>)
10003188:	6c12      	ldr	r2, [r2, #64]	; 0x40
1000318a:	0792      	lsls	r2, r2, #30
1000318c:	d402      	bmi.n	10003194 <hw_endpoint_xfer_continue+0xf0>
1000318e:	78a2      	ldrb	r2, [r4, #2]
10003190:	09d2      	lsrs	r2, r2, #7
10003192:	d0cf      	beq.n	10003134 <hw_endpoint_xfer_continue+0x90>
10003194:	8ba2      	ldrh	r2, [r4, #28]
10003196:	1c11      	adds	r1, r2, #0
10003198:	429a      	cmp	r2, r3
1000319a:	d83f      	bhi.n	1000321c <hw_endpoint_xfer_continue+0x178>
1000319c:	2780      	movs	r7, #128	; 0x80
1000319e:	b28a      	uxth	r2, r1
100031a0:	00ff      	lsls	r7, r7, #3
100031a2:	1a9b      	subs	r3, r3, r2
100031a4:	4690      	mov	r8, r2
100031a6:	4317      	orrs	r7, r2
100031a8:	78e2      	ldrb	r2, [r4, #3]
100031aa:	b29b      	uxth	r3, r3
100031ac:	8263      	strh	r3, [r4, #18]
100031ae:	2a00      	cmp	r2, #0
100031b0:	d12f      	bne.n	10003212 <hw_endpoint_xfer_continue+0x16e>
100031b2:	2101      	movs	r1, #1
100031b4:	404a      	eors	r2, r1
100031b6:	70e2      	strb	r2, [r4, #3]
100031b8:	7862      	ldrb	r2, [r4, #1]
100031ba:	2a00      	cmp	r2, #0
100031bc:	d03e      	beq.n	1000323c <hw_endpoint_xfer_continue+0x198>
100031be:	2b00      	cmp	r3, #0
100031c0:	d102      	bne.n	100031c8 <hw_endpoint_xfer_continue+0x124>
100031c2:	2380      	movs	r3, #128	; 0x80
100031c4:	01db      	lsls	r3, r3, #7
100031c6:	431f      	orrs	r7, r3
100031c8:	4b2b      	ldr	r3, [pc, #172]	; (10003278 <hw_endpoint_xfer_continue+0x1d4>)
100031ca:	043f      	lsls	r7, r7, #16
100031cc:	4033      	ands	r3, r6
100031ce:	26a0      	movs	r6, #160	; 0xa0
100031d0:	05f6      	lsls	r6, r6, #23
100031d2:	433d      	orrs	r5, r7
100031d4:	431e      	orrs	r6, r3
100031d6:	e7b2      	b.n	1000313e <hw_endpoint_xfer_continue+0x9a>
100031d8:	68a2      	ldr	r2, [r4, #8]
100031da:	6815      	ldr	r5, [r2, #0]
100031dc:	7862      	ldrb	r2, [r4, #1]
100031de:	01ad      	lsls	r5, r5, #6
100031e0:	0dad      	lsrs	r5, r5, #22
100031e2:	2a00      	cmp	r2, #0
100031e4:	d11c      	bne.n	10003220 <hw_endpoint_xfer_continue+0x17c>
100031e6:	18eb      	adds	r3, r5, r3
100031e8:	82a3      	strh	r3, [r4, #20]
100031ea:	428d      	cmp	r5, r1
100031ec:	d300      	bcc.n	100031f0 <hw_endpoint_xfer_continue+0x14c>
100031ee:	e77e      	b.n	100030ee <hw_endpoint_xfer_continue+0x4a>
100031f0:	2300      	movs	r3, #0
100031f2:	8263      	strh	r3, [r4, #18]
100031f4:	e771      	b.n	100030da <hw_endpoint_xfer_continue+0x36>
100031f6:	003a      	movs	r2, r7
100031f8:	69a1      	ldr	r1, [r4, #24]
100031fa:	68e0      	ldr	r0, [r4, #12]
100031fc:	f7ff f82e 	bl	1000225c <__wrap___aeabi_memcpy>
10003200:	69a3      	ldr	r3, [r4, #24]
10003202:	469c      	mov	ip, r3
10003204:	2380      	movs	r3, #128	; 0x80
10003206:	4467      	add	r7, ip
10003208:	021b      	lsls	r3, r3, #8
1000320a:	431d      	orrs	r5, r3
1000320c:	61a7      	str	r7, [r4, #24]
1000320e:	8a63      	ldrh	r3, [r4, #18]
10003210:	e789      	b.n	10003126 <hw_endpoint_xfer_continue+0x82>
10003212:	2790      	movs	r7, #144	; 0x90
10003214:	4641      	mov	r1, r8
10003216:	01bf      	lsls	r7, r7, #6
10003218:	430f      	orrs	r7, r1
1000321a:	e7ca      	b.n	100031b2 <hw_endpoint_xfer_continue+0x10e>
1000321c:	1c19      	adds	r1, r3, #0
1000321e:	e7bd      	b.n	1000319c <hw_endpoint_xfer_continue+0xf8>
10003220:	68e1      	ldr	r1, [r4, #12]
10003222:	002a      	movs	r2, r5
10003224:	3140      	adds	r1, #64	; 0x40
10003226:	69a0      	ldr	r0, [r4, #24]
10003228:	f7ff f818 	bl	1000225c <__wrap___aeabi_memcpy>
1000322c:	8aa3      	ldrh	r3, [r4, #20]
1000322e:	8ba1      	ldrh	r1, [r4, #28]
10003230:	18eb      	adds	r3, r5, r3
10003232:	82a3      	strh	r3, [r4, #20]
10003234:	69a3      	ldr	r3, [r4, #24]
10003236:	195b      	adds	r3, r3, r5
10003238:	61a3      	str	r3, [r4, #24]
1000323a:	e7d6      	b.n	100031ea <hw_endpoint_xfer_continue+0x146>
1000323c:	68e0      	ldr	r0, [r4, #12]
1000323e:	4642      	mov	r2, r8
10003240:	3040      	adds	r0, #64	; 0x40
10003242:	69a1      	ldr	r1, [r4, #24]
10003244:	f7ff f80a 	bl	1000225c <__wrap___aeabi_memcpy>
10003248:	69a3      	ldr	r3, [r4, #24]
1000324a:	4443      	add	r3, r8
1000324c:	61a3      	str	r3, [r4, #24]
1000324e:	2380      	movs	r3, #128	; 0x80
10003250:	021b      	lsls	r3, r3, #8
10003252:	431f      	orrs	r7, r3
10003254:	8a63      	ldrh	r3, [r4, #18]
10003256:	e7b2      	b.n	100031be <hw_endpoint_xfer_continue+0x11a>
10003258:	237f      	movs	r3, #127	; 0x7f
1000325a:	7881      	ldrb	r1, [r0, #2]
1000325c:	4a07      	ldr	r2, [pc, #28]	; (1000327c <hw_endpoint_xfer_continue+0x1d8>)
1000325e:	4019      	ands	r1, r3
10003260:	4807      	ldr	r0, [pc, #28]	; (10003280 <hw_endpoint_xfer_continue+0x1dc>)
10003262:	f7fe fc5f 	bl	10001b24 <panic>
10003266:	0020      	movs	r0, r4
10003268:	f7ff fe24 	bl	10002eb4 <_hw_endpoint_buffer_control_update32.part.2>
1000326c:	50110000 	.word	0x50110000
10003270:	afffffff 	.word	0xafffffff
10003274:	fffffbff 	.word	0xfffffbff
10003278:	dfffffff 	.word	0xdfffffff
1000327c:	20000424 	.word	0x20000424
10003280:	1000523c 	.word	0x1000523c

10003284 <tud_mounted>:
10003284:	4b02      	ldr	r3, [pc, #8]	; (10003290 <tud_mounted+0xc>)
10003286:	7858      	ldrb	r0, [r3, #1]
10003288:	1e43      	subs	r3, r0, #1
1000328a:	4198      	sbcs	r0, r3
1000328c:	b2c0      	uxtb	r0, r0
1000328e:	4770      	bx	lr
10003290:	200008cc 	.word	0x200008cc

10003294 <tud_suspended>:
10003294:	4b02      	ldr	r3, [pc, #8]	; (100032a0 <tud_suspended+0xc>)
10003296:	7818      	ldrb	r0, [r3, #0]
10003298:	0740      	lsls	r0, r0, #29
1000329a:	0fc0      	lsrs	r0, r0, #31
1000329c:	4770      	bx	lr
1000329e:	46c0      	nop			; (mov r8, r8)
100032a0:	200008cc 	.word	0x200008cc

100032a4 <tud_inited>:
100032a4:	4b01      	ldr	r3, [pc, #4]	; (100032ac <tud_inited+0x8>)
100032a6:	7818      	ldrb	r0, [r3, #0]
100032a8:	4770      	bx	lr
100032aa:	46c0      	nop			; (mov r8, r8)
100032ac:	20000f2f 	.word	0x20000f2f

100032b0 <tud_init>:
100032b0:	b5f8      	push	{r3, r4, r5, r6, r7, lr}
100032b2:	4647      	mov	r7, r8
100032b4:	46ce      	mov	lr, r9
100032b6:	4e29      	ldr	r6, [pc, #164]	; (1000335c <tud_init+0xac>)
100032b8:	b580      	push	{r7, lr}
100032ba:	7833      	ldrb	r3, [r6, #0]
100032bc:	4680      	mov	r8, r0
100032be:	2b00      	cmp	r3, #0
100032c0:	d004      	beq.n	100032cc <tud_init+0x1c>
100032c2:	2001      	movs	r0, #1
100032c4:	bc0c      	pop	{r2, r3}
100032c6:	4690      	mov	r8, r2
100032c8:	4699      	mov	r9, r3
100032ca:	bdf8      	pop	{r3, r4, r5, r6, r7, pc}
100032cc:	2253      	movs	r2, #83	; 0x53
100032ce:	2100      	movs	r1, #0
100032d0:	4823      	ldr	r0, [pc, #140]	; (10003360 <tud_init+0xb0>)
100032d2:	f7fe ffbd 	bl	10002250 <__wrap_memset>
100032d6:	4c23      	ldr	r4, [pc, #140]	; (10003364 <tud_init+0xb4>)
100032d8:	0020      	movs	r0, r4
100032da:	f7fe fb7b 	bl	100019d4 <mutex_init>
100032de:	4b22      	ldr	r3, [pc, #136]	; (10003368 <tud_init+0xb8>)
100032e0:	601c      	str	r4, [r3, #0]
100032e2:	4c22      	ldr	r4, [pc, #136]	; (1000336c <tud_init+0xbc>)
100032e4:	0020      	movs	r0, r4
100032e6:	301c      	adds	r0, #28
100032e8:	f7fe fb90 	bl	10001a0c <critical_section_init>
100032ec:	0020      	movs	r0, r4
100032ee:	f001 fcef 	bl	10004cd0 <tu_fifo_clear>
100032f2:	4b1f      	ldr	r3, [pc, #124]	; (10003370 <tud_init+0xc0>)
100032f4:	4f1f      	ldr	r7, [pc, #124]	; (10003374 <tud_init+0xc4>)
100032f6:	601c      	str	r4, [r3, #0]
100032f8:	4d1f      	ldr	r5, [pc, #124]	; (10003378 <tud_init+0xc8>)
100032fa:	2f00      	cmp	r7, #0
100032fc:	d004      	beq.n	10003308 <tud_init+0x58>
100032fe:	0028      	movs	r0, r5
10003300:	f7ff f968 	bl	100025d4 <usbd_app_driver_get_cb>
10003304:	4b1d      	ldr	r3, [pc, #116]	; (1000337c <tud_init+0xcc>)
10003306:	6018      	str	r0, [r3, #0]
10003308:	782b      	ldrb	r3, [r5, #0]
1000330a:	2400      	movs	r4, #0
1000330c:	2f00      	cmp	r7, #0
1000330e:	d01c      	beq.n	1000334a <tud_init+0x9a>
10003310:	4a1a      	ldr	r2, [pc, #104]	; (1000337c <tud_init+0xcc>)
10003312:	4f1b      	ldr	r7, [pc, #108]	; (10003380 <tud_init+0xd0>)
10003314:	4691      	mov	r9, r2
10003316:	429c      	cmp	r4, r3
10003318:	d310      	bcc.n	1000333c <tud_init+0x8c>
1000331a:	d11b      	bne.n	10003354 <tud_init+0xa4>
1000331c:	003b      	movs	r3, r7
1000331e:	4798      	blx	r3
10003320:	3401      	adds	r4, #1
10003322:	782b      	ldrb	r3, [r5, #0]
10003324:	b2e4      	uxtb	r4, r4
10003326:	42a3      	cmp	r3, r4
10003328:	d2f5      	bcs.n	10003316 <tud_init+0x66>
1000332a:	4640      	mov	r0, r8
1000332c:	f7ff fc00 	bl	10002b30 <dcd_init>
10003330:	4640      	mov	r0, r8
10003332:	f7ff fbe5 	bl	10002b00 <dcd_int_enable>
10003336:	2301      	movs	r3, #1
10003338:	7033      	strb	r3, [r6, #0]
1000333a:	e7c2      	b.n	100032c2 <tud_init+0x12>
1000333c:	464a      	mov	r2, r9
1000333e:	0063      	lsls	r3, r4, #1
10003340:	191b      	adds	r3, r3, r4
10003342:	6812      	ldr	r2, [r2, #0]
10003344:	00db      	lsls	r3, r3, #3
10003346:	589b      	ldr	r3, [r3, r2]
10003348:	e7e9      	b.n	1000331e <tud_init+0x6e>
1000334a:	f001 f875 	bl	10004438 <cdcd_init>
1000334e:	782b      	ldrb	r3, [r5, #0]
10003350:	2b00      	cmp	r3, #0
10003352:	d0ea      	beq.n	1000332a <tud_init+0x7a>
10003354:	2300      	movs	r3, #0
10003356:	681b      	ldr	r3, [r3, #0]
10003358:	deff      	udf	#255	; 0xff
1000335a:	46c0      	nop			; (mov r8, r8)
1000335c:	20000f2f 	.word	0x20000f2f
10003360:	200008cc 	.word	0x200008cc
10003364:	20000884 	.word	0x20000884
10003368:	20000920 	.word	0x20000920
1000336c:	2000042c 	.word	0x2000042c
10003370:	20000924 	.word	0x20000924
10003374:	100025d5 	.word	0x100025d5
10003378:	20000f2e 	.word	0x20000f2e
1000337c:	20000594 	.word	0x20000594
10003380:	10004439 	.word	0x10004439

10003384 <tud_task>:
10003384:	b5f0      	push	{r4, r5, r6, r7, lr}
10003386:	46de      	mov	lr, fp
10003388:	4657      	mov	r7, sl
1000338a:	464e      	mov	r6, r9
1000338c:	4645      	mov	r5, r8
1000338e:	b5e0      	push	{r5, r6, r7, lr}
10003390:	b08b      	sub	sp, #44	; 0x2c
10003392:	f001 fa59 	bl	10004848 <tusb_inited>
10003396:	2800      	cmp	r0, #0
10003398:	d100      	bne.n	1000339c <tud_task+0x18>
1000339a:	e18d      	b.n	100036b8 <tud_task+0x334>
1000339c:	4bca      	ldr	r3, [pc, #808]	; (100036c8 <tud_task+0x344>)
1000339e:	4ecb      	ldr	r6, [pc, #812]	; (100036cc <tud_task+0x348>)
100033a0:	469b      	mov	fp, r3
100033a2:	ac07      	add	r4, sp, #28
100033a4:	6835      	ldr	r5, [r6, #0]
100033a6:	69ea      	ldr	r2, [r5, #28]
100033a8:	f3ef 8310 	mrs	r3, PRIMASK
100033ac:	b672      	cpsid	i
100033ae:	6811      	ldr	r1, [r2, #0]
100033b0:	2900      	cmp	r1, #0
100033b2:	d0fc      	beq.n	100033ae <tud_task+0x2a>
100033b4:	f3bf 8f5f 	dmb	sy
100033b8:	622b      	str	r3, [r5, #32]
100033ba:	0021      	movs	r1, r4
100033bc:	0028      	movs	r0, r5
100033be:	f001 fafd 	bl	100049bc <tu_fifo_read>
100033c2:	69ea      	ldr	r2, [r5, #28]
100033c4:	6a2b      	ldr	r3, [r5, #32]
100033c6:	f3bf 8f5f 	dmb	sy
100033ca:	2100      	movs	r1, #0
100033cc:	6011      	str	r1, [r2, #0]
100033ce:	f383 8810 	msr	PRIMASK, r3
100033d2:	2800      	cmp	r0, #0
100033d4:	d100      	bne.n	100033d8 <tud_task+0x54>
100033d6:	e16f      	b.n	100036b8 <tud_task+0x334>
100033d8:	7863      	ldrb	r3, [r4, #1]
100033da:	2b08      	cmp	r3, #8
100033dc:	d8e2      	bhi.n	100033a4 <tud_task+0x20>
100033de:	465a      	mov	r2, fp
100033e0:	009b      	lsls	r3, r3, #2
100033e2:	58d3      	ldr	r3, [r2, r3]
100033e4:	469f      	mov	pc, r3
100033e6:	6863      	ldr	r3, [r4, #4]
100033e8:	2b00      	cmp	r3, #0
100033ea:	d0db      	beq.n	100033a4 <tud_task+0x20>
100033ec:	68a0      	ldr	r0, [r4, #8]
100033ee:	4798      	blx	r3
100033f0:	e7d8      	b.n	100033a4 <tud_task+0x20>
100033f2:	227f      	movs	r2, #127	; 0x7f
100033f4:	7921      	ldrb	r1, [r4, #4]
100033f6:	4bb6      	ldr	r3, [pc, #728]	; (100036d0 <tud_task+0x34c>)
100033f8:	400a      	ands	r2, r1
100033fa:	0055      	lsls	r5, r2, #1
100033fc:	09c8      	lsrs	r0, r1, #7
100033fe:	195b      	adds	r3, r3, r5
10003400:	181b      	adds	r3, r3, r0
10003402:	0018      	movs	r0, r3
10003404:	2701      	movs	r7, #1
10003406:	3030      	adds	r0, #48	; 0x30
10003408:	78c5      	ldrb	r5, [r0, #3]
1000340a:	43bd      	bics	r5, r7
1000340c:	70c5      	strb	r5, [r0, #3]
1000340e:	78c5      	ldrb	r5, [r0, #3]
10003410:	3703      	adds	r7, #3
10003412:	43bd      	bics	r5, r7
10003414:	70c5      	strb	r5, [r0, #3]
10003416:	2a00      	cmp	r2, #0
10003418:	d100      	bne.n	1000341c <tud_task+0x98>
1000341a:	e187      	b.n	1000372c <tud_task+0x3a8>
1000341c:	4aad      	ldr	r2, [pc, #692]	; (100036d4 <tud_task+0x350>)
1000341e:	7cdb      	ldrb	r3, [r3, #19]
10003420:	2a00      	cmp	r2, #0
10003422:	d006      	beq.n	10003432 <tud_task+0xae>
10003424:	4aac      	ldr	r2, [pc, #688]	; (100036d8 <tud_task+0x354>)
10003426:	7812      	ldrb	r2, [r2, #0]
10003428:	4293      	cmp	r3, r2
1000342a:	d200      	bcs.n	1000342e <tud_task+0xaa>
1000342c:	e1b5      	b.n	1000379a <tud_task+0x416>
1000342e:	1a9b      	subs	r3, r3, r2
10003430:	b2db      	uxtb	r3, r3
10003432:	2b00      	cmp	r3, #0
10003434:	d000      	beq.n	10003438 <tud_task+0xb4>
10003436:	e13f      	b.n	100036b8 <tud_task+0x334>
10003438:	4da8      	ldr	r5, [pc, #672]	; (100036dc <tud_task+0x358>)
1000343a:	7962      	ldrb	r2, [r4, #5]
1000343c:	7820      	ldrb	r0, [r4, #0]
1000343e:	68a3      	ldr	r3, [r4, #8]
10003440:	47a8      	blx	r5
10003442:	e7af      	b.n	100033a4 <tud_task+0x20>
10003444:	2201      	movs	r2, #1
10003446:	4da2      	ldr	r5, [pc, #648]	; (100036d0 <tud_task+0x34c>)
10003448:	2101      	movs	r1, #1
1000344a:	782b      	ldrb	r3, [r5, #0]
1000344c:	2004      	movs	r0, #4
1000344e:	4313      	orrs	r3, r2
10003450:	702b      	strb	r3, [r5, #0]
10003452:	2333      	movs	r3, #51	; 0x33
10003454:	5cea      	ldrb	r2, [r5, r3]
10003456:	438a      	bics	r2, r1
10003458:	54ea      	strb	r2, [r5, r3]
1000345a:	5cea      	ldrb	r2, [r5, r3]
1000345c:	4382      	bics	r2, r0
1000345e:	54ea      	strb	r2, [r5, r3]
10003460:	3301      	adds	r3, #1
10003462:	5cea      	ldrb	r2, [r5, r3]
10003464:	438a      	bics	r2, r1
10003466:	54ea      	strb	r2, [r5, r3]
10003468:	5cea      	ldrb	r2, [r5, r3]
1000346a:	4382      	bics	r2, r0
1000346c:	54ea      	strb	r2, [r5, r3]
1000346e:	7823      	ldrb	r3, [r4, #0]
10003470:	2000      	movs	r0, #0
10003472:	469a      	mov	sl, r3
10003474:	f000 fe90 	bl	10004198 <usbd_control_set_complete_callback>
10003478:	2260      	movs	r2, #96	; 0x60
1000347a:	7923      	ldrb	r3, [r4, #4]
1000347c:	401a      	ands	r2, r3
1000347e:	2a60      	cmp	r2, #96	; 0x60
10003480:	d100      	bne.n	10003484 <tud_task+0x100>
10003482:	e14a      	b.n	1000371a <tud_task+0x396>
10003484:	2a40      	cmp	r2, #64	; 0x40
10003486:	d100      	bne.n	1000348a <tud_task+0x106>
10003488:	e16e      	b.n	10003768 <tud_task+0x3e4>
1000348a:	06db      	lsls	r3, r3, #27
1000348c:	0edb      	lsrs	r3, r3, #27
1000348e:	b2d9      	uxtb	r1, r3
10003490:	2901      	cmp	r1, #1
10003492:	d100      	bne.n	10003496 <tud_task+0x112>
10003494:	e18c      	b.n	100037b0 <tud_task+0x42c>
10003496:	b25b      	sxtb	r3, r3
10003498:	2b00      	cmp	r3, #0
1000349a:	d100      	bne.n	1000349e <tud_task+0x11a>
1000349c:	e172      	b.n	10003784 <tud_task+0x400>
1000349e:	2902      	cmp	r1, #2
100034a0:	d000      	beq.n	100034a4 <tud_task+0x120>
100034a2:	e13a      	b.n	1000371a <tud_task+0x396>
100034a4:	2370      	movs	r3, #112	; 0x70
100034a6:	7a21      	ldrb	r1, [r4, #8]
100034a8:	420b      	tst	r3, r1
100034aa:	d000      	beq.n	100034ae <tud_task+0x12a>
100034ac:	e135      	b.n	1000371a <tud_task+0x396>
100034ae:	09c8      	lsrs	r0, r1, #7
100034b0:	4684      	mov	ip, r0
100034b2:	330f      	adds	r3, #15
100034b4:	400b      	ands	r3, r1
100034b6:	005b      	lsls	r3, r3, #1
100034b8:	18e8      	adds	r0, r5, r3
100034ba:	4f86      	ldr	r7, [pc, #536]	; (100036d4 <tud_task+0x350>)
100034bc:	4460      	add	r0, ip
100034be:	7cc0      	ldrb	r0, [r0, #19]
100034c0:	2f00      	cmp	r7, #0
100034c2:	d006      	beq.n	100034d2 <tud_task+0x14e>
100034c4:	4f84      	ldr	r7, [pc, #528]	; (100036d8 <tud_task+0x354>)
100034c6:	783f      	ldrb	r7, [r7, #0]
100034c8:	42b8      	cmp	r0, r7
100034ca:	d200      	bcs.n	100034ce <tud_task+0x14a>
100034cc:	e1c0      	b.n	10003850 <tud_task+0x4cc>
100034ce:	1bc0      	subs	r0, r0, r7
100034d0:	b2c0      	uxtb	r0, r0
100034d2:	2800      	cmp	r0, #0
100034d4:	d000      	beq.n	100034d8 <tud_task+0x154>
100034d6:	e1b6      	b.n	10003846 <tud_task+0x4c2>
100034d8:	2a00      	cmp	r2, #0
100034da:	d000      	beq.n	100034de <tud_task+0x15a>
100034dc:	e27b      	b.n	100039d6 <tud_task+0x652>
100034de:	4f80      	ldr	r7, [pc, #512]	; (100036e0 <tud_task+0x35c>)
100034e0:	7962      	ldrb	r2, [r4, #5]
100034e2:	4690      	mov	r8, r2
100034e4:	2a01      	cmp	r2, #1
100034e6:	d005      	beq.n	100034f4 <tud_task+0x170>
100034e8:	2a00      	cmp	r2, #0
100034ea:	d100      	bne.n	100034ee <tud_task+0x16a>
100034ec:	e276      	b.n	100039dc <tud_task+0x658>
100034ee:	2a03      	cmp	r2, #3
100034f0:	d000      	beq.n	100034f4 <tud_task+0x170>
100034f2:	e112      	b.n	1000371a <tud_task+0x396>
100034f4:	88e2      	ldrh	r2, [r4, #6]
100034f6:	2a00      	cmp	r2, #0
100034f8:	d10d      	bne.n	10003516 <tud_task+0x192>
100034fa:	4642      	mov	r2, r8
100034fc:	18eb      	adds	r3, r5, r3
100034fe:	4463      	add	r3, ip
10003500:	2a01      	cmp	r2, #1
10003502:	d100      	bne.n	10003506 <tud_task+0x182>
10003504:	e27e      	b.n	10003a04 <tud_task+0x680>
10003506:	2230      	movs	r2, #48	; 0x30
10003508:	4690      	mov	r8, r2
1000350a:	4498      	add	r8, r3
1000350c:	4643      	mov	r3, r8
1000350e:	78db      	ldrb	r3, [r3, #3]
10003510:	079b      	lsls	r3, r3, #30
10003512:	d400      	bmi.n	10003516 <tud_task+0x192>
10003514:	e28d      	b.n	10003a32 <tud_task+0x6ae>
10003516:	2f00      	cmp	r7, #0
10003518:	d100      	bne.n	1000351c <tud_task+0x198>
1000351a:	e743      	b.n	100033a4 <tud_task+0x20>
1000351c:	68f8      	ldr	r0, [r7, #12]
1000351e:	f000 fe3b 	bl	10004198 <usbd_control_set_complete_callback>
10003522:	68fb      	ldr	r3, [r7, #12]
10003524:	aa08      	add	r2, sp, #32
10003526:	2100      	movs	r1, #0
10003528:	4650      	mov	r0, sl
1000352a:	4798      	blx	r3
1000352c:	2000      	movs	r0, #0
1000352e:	f000 fe33 	bl	10004198 <usbd_control_set_complete_callback>
10003532:	2334      	movs	r3, #52	; 0x34
10003534:	5ceb      	ldrb	r3, [r5, r3]
10003536:	07db      	lsls	r3, r3, #31
10003538:	d500      	bpl.n	1000353c <tud_task+0x1b8>
1000353a:	e733      	b.n	100033a4 <tud_task+0x20>
1000353c:	e162      	b.n	10003804 <tud_task+0x480>
1000353e:	4b64      	ldr	r3, [pc, #400]	; (100036d0 <tud_task+0x34c>)
10003540:	781b      	ldrb	r3, [r3, #0]
10003542:	07db      	lsls	r3, r3, #31
10003544:	d400      	bmi.n	10003548 <tud_task+0x1c4>
10003546:	e72d      	b.n	100033a4 <tud_task+0x20>
10003548:	4b66      	ldr	r3, [pc, #408]	; (100036e4 <tud_task+0x360>)
1000354a:	2b00      	cmp	r3, #0
1000354c:	d100      	bne.n	10003550 <tud_task+0x1cc>
1000354e:	e729      	b.n	100033a4 <tud_task+0x20>
10003550:	e000      	b.n	10003554 <tud_task+0x1d0>
10003552:	bf00      	nop
10003554:	e726      	b.n	100033a4 <tud_task+0x20>
10003556:	4b5e      	ldr	r3, [pc, #376]	; (100036d0 <tud_task+0x34c>)
10003558:	781a      	ldrb	r2, [r3, #0]
1000355a:	07d2      	lsls	r2, r2, #31
1000355c:	d400      	bmi.n	10003560 <tud_task+0x1dc>
1000355e:	e721      	b.n	100033a4 <tud_task+0x20>
10003560:	4a61      	ldr	r2, [pc, #388]	; (100036e8 <tud_task+0x364>)
10003562:	2a00      	cmp	r2, #0
10003564:	d100      	bne.n	10003568 <tud_task+0x1e4>
10003566:	e71d      	b.n	100033a4 <tud_task+0x20>
10003568:	7818      	ldrb	r0, [r3, #0]
1000356a:	0700      	lsls	r0, r0, #28
1000356c:	0fc0      	lsrs	r0, r0, #31
1000356e:	e000      	b.n	10003572 <tud_task+0x1ee>
10003570:	bf00      	nop
10003572:	e717      	b.n	100033a4 <tud_task+0x20>
10003574:	4f58      	ldr	r7, [pc, #352]	; (100036d8 <tud_task+0x354>)
10003576:	4a57      	ldr	r2, [pc, #348]	; (100036d4 <tud_task+0x350>)
10003578:	783b      	ldrb	r3, [r7, #0]
1000357a:	2500      	movs	r5, #0
1000357c:	2a00      	cmp	r2, #0
1000357e:	d100      	bne.n	10003582 <tud_task+0x1fe>
10003580:	e0e4      	b.n	1000374c <tud_task+0x3c8>
10003582:	4a5a      	ldr	r2, [pc, #360]	; (100036ec <tud_task+0x368>)
10003584:	4690      	mov	r8, r2
10003586:	429d      	cmp	r5, r3
10003588:	d308      	bcc.n	1000359c <tud_task+0x218>
1000358a:	429d      	cmp	r5, r3
1000358c:	d000      	beq.n	10003590 <tud_task+0x20c>
1000358e:	e0e0      	b.n	10003752 <tud_task+0x3ce>
10003590:	3501      	adds	r5, #1
10003592:	b2ed      	uxtb	r5, r5
10003594:	429d      	cmp	r5, r3
10003596:	d900      	bls.n	1000359a <tud_task+0x216>
10003598:	e704      	b.n	100033a4 <tud_task+0x20>
1000359a:	d2f6      	bcs.n	1000358a <tud_task+0x206>
1000359c:	4641      	mov	r1, r8
1000359e:	6809      	ldr	r1, [r1, #0]
100035a0:	006a      	lsls	r2, r5, #1
100035a2:	468c      	mov	ip, r1
100035a4:	1952      	adds	r2, r2, r5
100035a6:	00d2      	lsls	r2, r2, #3
100035a8:	4462      	add	r2, ip
100035aa:	6952      	ldr	r2, [r2, #20]
100035ac:	2a00      	cmp	r2, #0
100035ae:	d0ef      	beq.n	10003590 <tud_task+0x20c>
100035b0:	7820      	ldrb	r0, [r4, #0]
100035b2:	4790      	blx	r2
100035b4:	3501      	adds	r5, #1
100035b6:	783b      	ldrb	r3, [r7, #0]
100035b8:	b2ed      	uxtb	r5, r5
100035ba:	429d      	cmp	r5, r3
100035bc:	d9e3      	bls.n	10003586 <tud_task+0x202>
100035be:	e6f1      	b.n	100033a4 <tud_task+0x20>
100035c0:	7823      	ldrb	r3, [r4, #0]
100035c2:	4f45      	ldr	r7, [pc, #276]	; (100036d8 <tud_task+0x354>)
100035c4:	4a43      	ldr	r2, [pc, #268]	; (100036d4 <tud_task+0x350>)
100035c6:	4698      	mov	r8, r3
100035c8:	2500      	movs	r5, #0
100035ca:	783b      	ldrb	r3, [r7, #0]
100035cc:	2a00      	cmp	r2, #0
100035ce:	d100      	bne.n	100035d2 <tud_task+0x24e>
100035d0:	e0c2      	b.n	10003758 <tud_task+0x3d4>
100035d2:	4a47      	ldr	r2, [pc, #284]	; (100036f0 <tud_task+0x36c>)
100035d4:	4691      	mov	r9, r2
100035d6:	4a45      	ldr	r2, [pc, #276]	; (100036ec <tud_task+0x368>)
100035d8:	4692      	mov	sl, r2
100035da:	003a      	movs	r2, r7
100035dc:	4647      	mov	r7, r8
100035de:	4690      	mov	r8, r2
100035e0:	42ab      	cmp	r3, r5
100035e2:	d860      	bhi.n	100036a6 <tud_task+0x322>
100035e4:	d000      	beq.n	100035e8 <tud_task+0x264>
100035e6:	e0ae      	b.n	10003746 <tud_task+0x3c2>
100035e8:	464b      	mov	r3, r9
100035ea:	0038      	movs	r0, r7
100035ec:	4798      	blx	r3
100035ee:	4643      	mov	r3, r8
100035f0:	3501      	adds	r5, #1
100035f2:	781b      	ldrb	r3, [r3, #0]
100035f4:	b2ed      	uxtb	r5, r5
100035f6:	42ab      	cmp	r3, r5
100035f8:	d2f2      	bcs.n	100035e0 <tud_task+0x25c>
100035fa:	4d35      	ldr	r5, [pc, #212]	; (100036d0 <tud_task+0x34c>)
100035fc:	2253      	movs	r2, #83	; 0x53
100035fe:	2100      	movs	r1, #0
10003600:	0028      	movs	r0, r5
10003602:	f7fe fe25 	bl	10002250 <__wrap_memset>
10003606:	2210      	movs	r2, #16
10003608:	21ff      	movs	r1, #255	; 0xff
1000360a:	1ce8      	adds	r0, r5, #3
1000360c:	f7fe fe20 	bl	10002250 <__wrap_memset>
10003610:	0028      	movs	r0, r5
10003612:	2220      	movs	r2, #32
10003614:	21ff      	movs	r1, #255	; 0xff
10003616:	3013      	adds	r0, #19
10003618:	f7fe fe1a 	bl	10002250 <__wrap_memset>
1000361c:	f000 fdb2 	bl	10004184 <usbd_control_reset>
10003620:	4b34      	ldr	r3, [pc, #208]	; (100036f4 <tud_task+0x370>)
10003622:	2b00      	cmp	r3, #0
10003624:	d100      	bne.n	10003628 <tud_task+0x2a4>
10003626:	e6bd      	b.n	100033a4 <tud_task+0x20>
10003628:	e000      	b.n	1000362c <tud_task+0x2a8>
1000362a:	bf00      	nop
1000362c:	e6ba      	b.n	100033a4 <tud_task+0x20>
1000362e:	7823      	ldrb	r3, [r4, #0]
10003630:	4f29      	ldr	r7, [pc, #164]	; (100036d8 <tud_task+0x354>)
10003632:	4a28      	ldr	r2, [pc, #160]	; (100036d4 <tud_task+0x350>)
10003634:	4698      	mov	r8, r3
10003636:	2500      	movs	r5, #0
10003638:	783b      	ldrb	r3, [r7, #0]
1000363a:	2a00      	cmp	r2, #0
1000363c:	d100      	bne.n	10003640 <tud_task+0x2bc>
1000363e:	e07b      	b.n	10003738 <tud_task+0x3b4>
10003640:	4a2b      	ldr	r2, [pc, #172]	; (100036f0 <tud_task+0x36c>)
10003642:	4691      	mov	r9, r2
10003644:	4a29      	ldr	r2, [pc, #164]	; (100036ec <tud_task+0x368>)
10003646:	4692      	mov	sl, r2
10003648:	003a      	movs	r2, r7
1000364a:	4647      	mov	r7, r8
1000364c:	4690      	mov	r8, r2
1000364e:	429d      	cmp	r5, r3
10003650:	d320      	bcc.n	10003694 <tud_task+0x310>
10003652:	d000      	beq.n	10003656 <tud_task+0x2d2>
10003654:	e077      	b.n	10003746 <tud_task+0x3c2>
10003656:	464b      	mov	r3, r9
10003658:	0038      	movs	r0, r7
1000365a:	4798      	blx	r3
1000365c:	4643      	mov	r3, r8
1000365e:	3501      	adds	r5, #1
10003660:	781b      	ldrb	r3, [r3, #0]
10003662:	b2ed      	uxtb	r5, r5
10003664:	42ab      	cmp	r3, r5
10003666:	d2f2      	bcs.n	1000364e <tud_task+0x2ca>
10003668:	4d19      	ldr	r5, [pc, #100]	; (100036d0 <tud_task+0x34c>)
1000366a:	2253      	movs	r2, #83	; 0x53
1000366c:	2100      	movs	r1, #0
1000366e:	0028      	movs	r0, r5
10003670:	f7fe fdee 	bl	10002250 <__wrap_memset>
10003674:	2210      	movs	r2, #16
10003676:	21ff      	movs	r1, #255	; 0xff
10003678:	1ce8      	adds	r0, r5, #3
1000367a:	f7fe fde9 	bl	10002250 <__wrap_memset>
1000367e:	0028      	movs	r0, r5
10003680:	2220      	movs	r2, #32
10003682:	21ff      	movs	r1, #255	; 0xff
10003684:	3013      	adds	r0, #19
10003686:	f7fe fde3 	bl	10002250 <__wrap_memset>
1000368a:	f000 fd7b 	bl	10004184 <usbd_control_reset>
1000368e:	7923      	ldrb	r3, [r4, #4]
10003690:	70ab      	strb	r3, [r5, #2]
10003692:	e687      	b.n	100033a4 <tud_task+0x20>
10003694:	4652      	mov	r2, sl
10003696:	6812      	ldr	r2, [r2, #0]
10003698:	006b      	lsls	r3, r5, #1
1000369a:	4694      	mov	ip, r2
1000369c:	195b      	adds	r3, r3, r5
1000369e:	00db      	lsls	r3, r3, #3
100036a0:	4463      	add	r3, ip
100036a2:	685b      	ldr	r3, [r3, #4]
100036a4:	e7d8      	b.n	10003658 <tud_task+0x2d4>
100036a6:	4652      	mov	r2, sl
100036a8:	6812      	ldr	r2, [r2, #0]
100036aa:	006b      	lsls	r3, r5, #1
100036ac:	4694      	mov	ip, r2
100036ae:	195b      	adds	r3, r3, r5
100036b0:	00db      	lsls	r3, r3, #3
100036b2:	4463      	add	r3, ip
100036b4:	685b      	ldr	r3, [r3, #4]
100036b6:	e798      	b.n	100035ea <tud_task+0x266>
100036b8:	b00b      	add	sp, #44	; 0x2c
100036ba:	bc3c      	pop	{r2, r3, r4, r5}
100036bc:	4690      	mov	r8, r2
100036be:	4699      	mov	r9, r3
100036c0:	46a2      	mov	sl, r4
100036c2:	46ab      	mov	fp, r5
100036c4:	bdf0      	pop	{r4, r5, r6, r7, pc}
100036c6:	46c0      	nop			; (mov r8, r8)
100036c8:	10005270 	.word	0x10005270
100036cc:	20000924 	.word	0x20000924
100036d0:	200008cc 	.word	0x200008cc
100036d4:	100025d5 	.word	0x100025d5
100036d8:	20000f2e 	.word	0x20000f2e
100036dc:	100046a1 	.word	0x100046a1
100036e0:	100052fc 	.word	0x100052fc
	...
100036ec:	20000594 	.word	0x20000594
100036f0:	100044b5 	.word	0x100044b5
100036f4:	00000000 	.word	0x00000000
100036f8:	9f02      	ldr	r7, [sp, #8]
100036fa:	4641      	mov	r1, r8
100036fc:	003a      	movs	r2, r7
100036fe:	4648      	mov	r0, r9
10003700:	f000 feee 	bl	100044e0 <cdcd_open>
10003704:	4684      	mov	ip, r0
10003706:	2808      	cmp	r0, #8
10003708:	d902      	bls.n	10003710 <tud_task+0x38c>
1000370a:	42b8      	cmp	r0, r7
1000370c:	d800      	bhi.n	10003710 <tud_task+0x38c>
1000370e:	e2b1      	b.n	10003c74 <tud_task+0x8f0>
10003710:	4bcf      	ldr	r3, [pc, #828]	; (10003a50 <tud_task+0x6cc>)
10003712:	781b      	ldrb	r3, [r3, #0]
10003714:	2b00      	cmp	r3, #0
10003716:	d000      	beq.n	1000371a <tud_task+0x396>
10003718:	e2b6      	b.n	10003c88 <tud_task+0x904>
1000371a:	7820      	ldrb	r0, [r4, #0]
1000371c:	2100      	movs	r1, #0
1000371e:	f7ff fb99 	bl	10002e54 <dcd_edpt_stall>
10003722:	7820      	ldrb	r0, [r4, #0]
10003724:	2180      	movs	r1, #128	; 0x80
10003726:	f7ff fb95 	bl	10002e54 <dcd_edpt_stall>
1000372a:	e63b      	b.n	100033a4 <tud_task+0x20>
1000372c:	7962      	ldrb	r2, [r4, #5]
1000372e:	7820      	ldrb	r0, [r4, #0]
10003730:	68a3      	ldr	r3, [r4, #8]
10003732:	f000 fd45 	bl	100041c0 <usbd_control_xfer_cb>
10003736:	e635      	b.n	100033a4 <tud_task+0x20>
10003738:	4640      	mov	r0, r8
1000373a:	f000 febb 	bl	100044b4 <cdcd_reset>
1000373e:	783b      	ldrb	r3, [r7, #0]
10003740:	2b00      	cmp	r3, #0
10003742:	d100      	bne.n	10003746 <tud_task+0x3c2>
10003744:	e790      	b.n	10003668 <tud_task+0x2e4>
10003746:	2300      	movs	r3, #0
10003748:	685b      	ldr	r3, [r3, #4]
1000374a:	deff      	udf	#255	; 0xff
1000374c:	2b00      	cmp	r3, #0
1000374e:	d100      	bne.n	10003752 <tud_task+0x3ce>
10003750:	e628      	b.n	100033a4 <tud_task+0x20>
10003752:	2300      	movs	r3, #0
10003754:	695b      	ldr	r3, [r3, #20]
10003756:	deff      	udf	#255	; 0xff
10003758:	4640      	mov	r0, r8
1000375a:	f000 feab 	bl	100044b4 <cdcd_reset>
1000375e:	783b      	ldrb	r3, [r7, #0]
10003760:	2b00      	cmp	r3, #0
10003762:	d100      	bne.n	10003766 <tud_task+0x3e2>
10003764:	e749      	b.n	100035fa <tud_task+0x276>
10003766:	e7ee      	b.n	10003746 <tud_task+0x3c2>
10003768:	48ba      	ldr	r0, [pc, #744]	; (10003a54 <tud_task+0x6d0>)
1000376a:	2800      	cmp	r0, #0
1000376c:	d0d5      	beq.n	1000371a <tud_task+0x396>
1000376e:	f000 fd13 	bl	10004198 <usbd_control_set_complete_callback>
10003772:	aa08      	add	r2, sp, #32
10003774:	2100      	movs	r1, #0
10003776:	4650      	mov	r0, sl
10003778:	e000      	b.n	1000377c <tud_task+0x3f8>
1000377a:	bf00      	nop
1000377c:	2800      	cmp	r0, #0
1000377e:	d000      	beq.n	10003782 <tud_task+0x3fe>
10003780:	e610      	b.n	100033a4 <tud_task+0x20>
10003782:	e7ca      	b.n	1000371a <tud_task+0x396>
10003784:	2a20      	cmp	r2, #32
10003786:	d042      	beq.n	1000380e <tud_task+0x48a>
10003788:	2a00      	cmp	r2, #0
1000378a:	d1c6      	bne.n	1000371a <tud_task+0x396>
1000378c:	7963      	ldrb	r3, [r4, #5]
1000378e:	2b09      	cmp	r3, #9
10003790:	d8c3      	bhi.n	1000371a <tud_task+0x396>
10003792:	4ab1      	ldr	r2, [pc, #708]	; (10003a58 <tud_task+0x6d4>)
10003794:	009b      	lsls	r3, r3, #2
10003796:	58d3      	ldr	r3, [r2, r3]
10003798:	469f      	mov	pc, r3
1000379a:	005a      	lsls	r2, r3, #1
1000379c:	18d3      	adds	r3, r2, r3
1000379e:	4aaf      	ldr	r2, [pc, #700]	; (10003a5c <tud_task+0x6d8>)
100037a0:	00db      	lsls	r3, r3, #3
100037a2:	6812      	ldr	r2, [r2, #0]
100037a4:	18d3      	adds	r3, r2, r3
100037a6:	2b00      	cmp	r3, #0
100037a8:	d100      	bne.n	100037ac <tud_task+0x428>
100037aa:	e785      	b.n	100036b8 <tud_task+0x334>
100037ac:	691d      	ldr	r5, [r3, #16]
100037ae:	e644      	b.n	1000343a <tud_task+0xb6>
100037b0:	7a23      	ldrb	r3, [r4, #8]
100037b2:	2b0f      	cmp	r3, #15
100037b4:	d8b1      	bhi.n	1000371a <tud_task+0x396>
100037b6:	4aaa      	ldr	r2, [pc, #680]	; (10003a60 <tud_task+0x6dc>)
100037b8:	18ed      	adds	r5, r5, r3
100037ba:	78eb      	ldrb	r3, [r5, #3]
100037bc:	2a00      	cmp	r2, #0
100037be:	d005      	beq.n	100037cc <tud_task+0x448>
100037c0:	4aa3      	ldr	r2, [pc, #652]	; (10003a50 <tud_task+0x6cc>)
100037c2:	7812      	ldrb	r2, [r2, #0]
100037c4:	4293      	cmp	r3, r2
100037c6:	d358      	bcc.n	1000387a <tud_task+0x4f6>
100037c8:	1a9b      	subs	r3, r3, r2
100037ca:	b2db      	uxtb	r3, r3
100037cc:	2b00      	cmp	r3, #0
100037ce:	d1a4      	bne.n	1000371a <tud_task+0x396>
100037d0:	48a4      	ldr	r0, [pc, #656]	; (10003a64 <tud_task+0x6e0>)
100037d2:	4da5      	ldr	r5, [pc, #660]	; (10003a68 <tud_task+0x6e4>)
100037d4:	f000 fce0 	bl	10004198 <usbd_control_set_complete_callback>
100037d8:	68eb      	ldr	r3, [r5, #12]
100037da:	aa08      	add	r2, sp, #32
100037dc:	2100      	movs	r1, #0
100037de:	4650      	mov	r0, sl
100037e0:	4798      	blx	r3
100037e2:	2800      	cmp	r0, #0
100037e4:	d000      	beq.n	100037e8 <tud_task+0x464>
100037e6:	e5dd      	b.n	100033a4 <tud_task+0x20>
100037e8:	2560      	movs	r5, #96	; 0x60
100037ea:	7923      	ldrb	r3, [r4, #4]
100037ec:	401d      	ands	r5, r3
100037ee:	d194      	bne.n	1000371a <tud_task+0x396>
100037f0:	7963      	ldrb	r3, [r4, #5]
100037f2:	3b0a      	subs	r3, #10
100037f4:	2b01      	cmp	r3, #1
100037f6:	d890      	bhi.n	1000371a <tud_task+0x396>
100037f8:	f000 fcce 	bl	10004198 <usbd_control_set_complete_callback>
100037fc:	7963      	ldrb	r3, [r4, #5]
100037fe:	2b0a      	cmp	r3, #10
10003800:	d100      	bne.n	10003804 <tud_task+0x480>
10003802:	e13b      	b.n	10003a7c <tud_task+0x6f8>
10003804:	a908      	add	r1, sp, #32
10003806:	4650      	mov	r0, sl
10003808:	f000 fc4a 	bl	100040a0 <tud_control_status>
1000380c:	e5ca      	b.n	100033a4 <tud_task+0x20>
1000380e:	7a23      	ldrb	r3, [r4, #8]
10003810:	2b0f      	cmp	r3, #15
10003812:	d882      	bhi.n	1000371a <tud_task+0x396>
10003814:	4a92      	ldr	r2, [pc, #584]	; (10003a60 <tud_task+0x6dc>)
10003816:	18ed      	adds	r5, r5, r3
10003818:	78eb      	ldrb	r3, [r5, #3]
1000381a:	2a00      	cmp	r2, #0
1000381c:	d006      	beq.n	1000382c <tud_task+0x4a8>
1000381e:	4a8c      	ldr	r2, [pc, #560]	; (10003a50 <tud_task+0x6cc>)
10003820:	7812      	ldrb	r2, [r2, #0]
10003822:	4293      	cmp	r3, r2
10003824:	d200      	bcs.n	10003828 <tud_task+0x4a4>
10003826:	e0e2      	b.n	100039ee <tud_task+0x66a>
10003828:	1a9b      	subs	r3, r3, r2
1000382a:	b2db      	uxtb	r3, r3
1000382c:	2b00      	cmp	r3, #0
1000382e:	d000      	beq.n	10003832 <tud_task+0x4ae>
10003830:	e773      	b.n	1000371a <tud_task+0x396>
10003832:	488c      	ldr	r0, [pc, #560]	; (10003a64 <tud_task+0x6e0>)
10003834:	4d8c      	ldr	r5, [pc, #560]	; (10003a68 <tud_task+0x6e4>)
10003836:	f000 fcaf 	bl	10004198 <usbd_control_set_complete_callback>
1000383a:	68eb      	ldr	r3, [r5, #12]
1000383c:	aa08      	add	r2, sp, #32
1000383e:	2100      	movs	r1, #0
10003840:	4650      	mov	r0, sl
10003842:	4798      	blx	r3
10003844:	e79a      	b.n	1000377c <tud_task+0x3f8>
10003846:	2700      	movs	r7, #0
10003848:	2a00      	cmp	r2, #0
1000384a:	d100      	bne.n	1000384e <tud_task+0x4ca>
1000384c:	e648      	b.n	100034e0 <tud_task+0x15c>
1000384e:	e764      	b.n	1000371a <tud_task+0x396>
10003850:	0047      	lsls	r7, r0, #1
10003852:	1838      	adds	r0, r7, r0
10003854:	4f81      	ldr	r7, [pc, #516]	; (10003a5c <tud_task+0x6d8>)
10003856:	00c0      	lsls	r0, r0, #3
10003858:	683f      	ldr	r7, [r7, #0]
1000385a:	183f      	adds	r7, r7, r0
1000385c:	2a00      	cmp	r2, #0
1000385e:	d100      	bne.n	10003862 <tud_task+0x4de>
10003860:	e63e      	b.n	100034e0 <tud_task+0x15c>
10003862:	2f00      	cmp	r7, #0
10003864:	d100      	bne.n	10003868 <tud_task+0x4e4>
10003866:	e758      	b.n	1000371a <tud_task+0x396>
10003868:	68f8      	ldr	r0, [r7, #12]
1000386a:	f000 fc95 	bl	10004198 <usbd_control_set_complete_callback>
1000386e:	68fb      	ldr	r3, [r7, #12]
10003870:	aa08      	add	r2, sp, #32
10003872:	2100      	movs	r1, #0
10003874:	4650      	mov	r0, sl
10003876:	4798      	blx	r3
10003878:	e780      	b.n	1000377c <tud_task+0x3f8>
1000387a:	4a78      	ldr	r2, [pc, #480]	; (10003a5c <tud_task+0x6d8>)
1000387c:	005d      	lsls	r5, r3, #1
1000387e:	18eb      	adds	r3, r5, r3
10003880:	6815      	ldr	r5, [r2, #0]
10003882:	00db      	lsls	r3, r3, #3
10003884:	18ed      	adds	r5, r5, r3
10003886:	2d00      	cmp	r5, #0
10003888:	d100      	bne.n	1000388c <tud_task+0x508>
1000388a:	e746      	b.n	1000371a <tud_task+0x396>
1000388c:	68e8      	ldr	r0, [r5, #12]
1000388e:	e7a1      	b.n	100037d4 <tud_task+0x450>
10003890:	79a3      	ldrb	r3, [r4, #6]
10003892:	9301      	str	r3, [sp, #4]
10003894:	001a      	movs	r2, r3
10003896:	786b      	ldrb	r3, [r5, #1]
10003898:	429a      	cmp	r2, r3
1000389a:	d007      	beq.n	100038ac <tud_task+0x528>
1000389c:	786b      	ldrb	r3, [r5, #1]
1000389e:	2b00      	cmp	r3, #0
100038a0:	d000      	beq.n	100038a4 <tud_task+0x520>
100038a2:	e162      	b.n	10003b6a <tud_task+0x7e6>
100038a4:	9b01      	ldr	r3, [sp, #4]
100038a6:	2b00      	cmp	r3, #0
100038a8:	d000      	beq.n	100038ac <tud_task+0x528>
100038aa:	e0f0      	b.n	10003a8e <tud_task+0x70a>
100038ac:	9b01      	ldr	r3, [sp, #4]
100038ae:	a908      	add	r1, sp, #32
100038b0:	4650      	mov	r0, sl
100038b2:	706b      	strb	r3, [r5, #1]
100038b4:	f000 fbf4 	bl	100040a0 <tud_control_status>
100038b8:	e574      	b.n	100033a4 <tud_task+0x20>
100038ba:	a808      	add	r0, sp, #32
100038bc:	f000 fc72 	bl	100041a4 <usbd_control_set_request>
100038c0:	79a1      	ldrb	r1, [r4, #6]
100038c2:	4650      	mov	r0, sl
100038c4:	f7ff f922 	bl	10002b0c <dcd_set_address>
100038c8:	2202      	movs	r2, #2
100038ca:	782b      	ldrb	r3, [r5, #0]
100038cc:	4313      	orrs	r3, r2
100038ce:	702b      	strb	r3, [r5, #0]
100038d0:	e568      	b.n	100033a4 <tud_task+0x20>
100038d2:	88e3      	ldrh	r3, [r4, #6]
100038d4:	2b01      	cmp	r3, #1
100038d6:	d000      	beq.n	100038da <tud_task+0x556>
100038d8:	e71f      	b.n	1000371a <tud_task+0x396>
100038da:	2208      	movs	r2, #8
100038dc:	782b      	ldrb	r3, [r5, #0]
100038de:	a908      	add	r1, sp, #32
100038e0:	4313      	orrs	r3, r2
100038e2:	4650      	mov	r0, sl
100038e4:	702b      	strb	r3, [r5, #0]
100038e6:	f000 fbdb 	bl	100040a0 <tud_control_status>
100038ea:	e55b      	b.n	100033a4 <tud_task+0x20>
100038ec:	88e3      	ldrh	r3, [r4, #6]
100038ee:	2b01      	cmp	r3, #1
100038f0:	d000      	beq.n	100038f4 <tud_task+0x570>
100038f2:	e712      	b.n	1000371a <tud_task+0x396>
100038f4:	2208      	movs	r2, #8
100038f6:	782b      	ldrb	r3, [r5, #0]
100038f8:	a908      	add	r1, sp, #32
100038fa:	4393      	bics	r3, r2
100038fc:	4650      	mov	r0, sl
100038fe:	702b      	strb	r3, [r5, #0]
10003900:	f000 fbce 	bl	100040a0 <tud_control_status>
10003904:	e54e      	b.n	100033a4 <tud_task+0x20>
10003906:	2002      	movs	r0, #2
10003908:	7829      	ldrb	r1, [r5, #0]
1000390a:	ab06      	add	r3, sp, #24
1000390c:	1c9a      	adds	r2, r3, #2
1000390e:	068b      	lsls	r3, r1, #26
10003910:	0889      	lsrs	r1, r1, #2
10003912:	0fdb      	lsrs	r3, r3, #31
10003914:	4001      	ands	r1, r0
10003916:	430b      	orrs	r3, r1
10003918:	8013      	strh	r3, [r2, #0]
1000391a:	a908      	add	r1, sp, #32
1000391c:	2302      	movs	r3, #2
1000391e:	4650      	mov	r0, sl
10003920:	f000 fbd6 	bl	100040d0 <tud_control_xfer>
10003924:	e53e      	b.n	100033a4 <tud_task+0x20>
10003926:	786b      	ldrb	r3, [r5, #1]
10003928:	aa06      	add	r2, sp, #24
1000392a:	3202      	adds	r2, #2
1000392c:	7013      	strb	r3, [r2, #0]
1000392e:	a908      	add	r1, sp, #32
10003930:	2301      	movs	r3, #1
10003932:	4650      	mov	r0, sl
10003934:	f000 fbcc 	bl	100040d0 <tud_control_xfer>
10003938:	e534      	b.n	100033a4 <tud_task+0x20>
1000393a:	88e0      	ldrh	r0, [r4, #6]
1000393c:	0a03      	lsrs	r3, r0, #8
1000393e:	b2c0      	uxtb	r0, r0
10003940:	2b0f      	cmp	r3, #15
10003942:	d900      	bls.n	10003946 <tud_task+0x5c2>
10003944:	e6e9      	b.n	1000371a <tud_task+0x396>
10003946:	4949      	ldr	r1, [pc, #292]	; (10003a6c <tud_task+0x6e8>)
10003948:	009a      	lsls	r2, r3, #2
1000394a:	588a      	ldr	r2, [r1, r2]
1000394c:	4697      	mov	pc, r2
1000394e:	4b48      	ldr	r3, [pc, #288]	; (10003a70 <tud_task+0x6ec>)
10003950:	2b00      	cmp	r3, #0
10003952:	d100      	bne.n	10003956 <tud_task+0x5d2>
10003954:	e6e1      	b.n	1000371a <tud_task+0x396>
10003956:	e000      	b.n	1000395a <tud_task+0x5d6>
10003958:	bf00      	nop
1000395a:	78c3      	ldrb	r3, [r0, #3]
1000395c:	7881      	ldrb	r1, [r0, #2]
1000395e:	021b      	lsls	r3, r3, #8
10003960:	0002      	movs	r2, r0
10003962:	430b      	orrs	r3, r1
10003964:	4650      	mov	r0, sl
10003966:	a908      	add	r1, sp, #32
10003968:	f000 fbb2 	bl	100040d0 <tud_control_xfer>
1000396c:	e706      	b.n	1000377c <tud_task+0x3f8>
1000396e:	4b41      	ldr	r3, [pc, #260]	; (10003a74 <tud_task+0x6f0>)
10003970:	2b00      	cmp	r3, #0
10003972:	d100      	bne.n	10003976 <tud_task+0x5f2>
10003974:	e6d1      	b.n	1000371a <tud_task+0x396>
10003976:	e000      	b.n	1000397a <tud_task+0x5f6>
10003978:	bf00      	nop
1000397a:	1e02      	subs	r2, r0, #0
1000397c:	d100      	bne.n	10003980 <tud_task+0x5fc>
1000397e:	e6cc      	b.n	1000371a <tud_task+0x396>
10003980:	7813      	ldrb	r3, [r2, #0]
10003982:	a908      	add	r1, sp, #32
10003984:	4650      	mov	r0, sl
10003986:	f000 fba3 	bl	100040d0 <tud_control_xfer>
1000398a:	e6f7      	b.n	1000377c <tud_task+0x3f8>
1000398c:	8921      	ldrh	r1, [r4, #8]
1000398e:	f7fe ff71 	bl	10002874 <tud_descriptor_string_cb>
10003992:	1e02      	subs	r2, r0, #0
10003994:	d1f4      	bne.n	10003980 <tud_task+0x5fc>
10003996:	e6c0      	b.n	1000371a <tud_task+0x396>
10003998:	2b02      	cmp	r3, #2
1000399a:	d100      	bne.n	1000399e <tud_task+0x61a>
1000399c:	e171      	b.n	10003c82 <tud_task+0x8fe>
1000399e:	4b36      	ldr	r3, [pc, #216]	; (10003a78 <tud_task+0x6f4>)
100039a0:	2b00      	cmp	r3, #0
100039a2:	d100      	bne.n	100039a6 <tud_task+0x622>
100039a4:	e6b9      	b.n	1000371a <tud_task+0x396>
100039a6:	e000      	b.n	100039aa <tud_task+0x626>
100039a8:	bf00      	nop
100039aa:	2800      	cmp	r0, #0
100039ac:	d100      	bne.n	100039b0 <tud_task+0x62c>
100039ae:	e6b4      	b.n	1000371a <tud_task+0x396>
100039b0:	78c3      	ldrb	r3, [r0, #3]
100039b2:	7882      	ldrb	r2, [r0, #2]
100039b4:	021b      	lsls	r3, r3, #8
100039b6:	4313      	orrs	r3, r2
100039b8:	a908      	add	r1, sp, #32
100039ba:	0002      	movs	r2, r0
100039bc:	4650      	mov	r0, sl
100039be:	f000 fb87 	bl	100040d0 <tud_control_xfer>
100039c2:	e6db      	b.n	1000377c <tud_task+0x3f8>
100039c4:	f7fe ff4e 	bl	10002864 <tud_descriptor_device_cb>
100039c8:	2312      	movs	r3, #18
100039ca:	0002      	movs	r2, r0
100039cc:	a908      	add	r1, sp, #32
100039ce:	4650      	mov	r0, sl
100039d0:	f000 fb7e 	bl	100040d0 <tud_control_xfer>
100039d4:	e6d2      	b.n	1000377c <tud_task+0x3f8>
100039d6:	4823      	ldr	r0, [pc, #140]	; (10003a64 <tud_task+0x6e0>)
100039d8:	4f23      	ldr	r7, [pc, #140]	; (10003a68 <tud_task+0x6e4>)
100039da:	e746      	b.n	1000386a <tud_task+0x4e6>
100039dc:	18eb      	adds	r3, r5, r3
100039de:	4463      	add	r3, ip
100039e0:	3330      	adds	r3, #48	; 0x30
100039e2:	78db      	ldrb	r3, [r3, #3]
100039e4:	aa06      	add	r2, sp, #24
100039e6:	079b      	lsls	r3, r3, #30
100039e8:	0fdb      	lsrs	r3, r3, #31
100039ea:	3202      	adds	r2, #2
100039ec:	e794      	b.n	10003918 <tud_task+0x594>
100039ee:	4a1b      	ldr	r2, [pc, #108]	; (10003a5c <tud_task+0x6d8>)
100039f0:	005d      	lsls	r5, r3, #1
100039f2:	18eb      	adds	r3, r5, r3
100039f4:	6815      	ldr	r5, [r2, #0]
100039f6:	00db      	lsls	r3, r3, #3
100039f8:	18ed      	adds	r5, r5, r3
100039fa:	2d00      	cmp	r5, #0
100039fc:	d100      	bne.n	10003a00 <tud_task+0x67c>
100039fe:	e68c      	b.n	1000371a <tud_task+0x396>
10003a00:	68e8      	ldr	r0, [r5, #12]
10003a02:	e718      	b.n	10003836 <tud_task+0x4b2>
10003a04:	322f      	adds	r2, #47	; 0x2f
10003a06:	4691      	mov	r9, r2
10003a08:	4499      	add	r9, r3
10003a0a:	464b      	mov	r3, r9
10003a0c:	78db      	ldrb	r3, [r3, #3]
10003a0e:	079b      	lsls	r3, r3, #30
10003a10:	d400      	bmi.n	10003a14 <tud_task+0x690>
10003a12:	e580      	b.n	10003516 <tud_task+0x192>
10003a14:	4650      	mov	r0, sl
10003a16:	f7ff fa37 	bl	10002e88 <dcd_edpt_clear_stall>
10003a1a:	464b      	mov	r3, r9
10003a1c:	2202      	movs	r2, #2
10003a1e:	78db      	ldrb	r3, [r3, #3]
10003a20:	4393      	bics	r3, r2
10003a22:	464a      	mov	r2, r9
10003a24:	70d3      	strb	r3, [r2, #3]
10003a26:	78d3      	ldrb	r3, [r2, #3]
10003a28:	4642      	mov	r2, r8
10003a2a:	4393      	bics	r3, r2
10003a2c:	464a      	mov	r2, r9
10003a2e:	70d3      	strb	r3, [r2, #3]
10003a30:	e571      	b.n	10003516 <tud_task+0x192>
10003a32:	4650      	mov	r0, sl
10003a34:	f7ff fa0e 	bl	10002e54 <dcd_edpt_stall>
10003a38:	4643      	mov	r3, r8
10003a3a:	2202      	movs	r2, #2
10003a3c:	78db      	ldrb	r3, [r3, #3]
10003a3e:	4313      	orrs	r3, r2
10003a40:	4642      	mov	r2, r8
10003a42:	70d3      	strb	r3, [r2, #3]
10003a44:	78d3      	ldrb	r3, [r2, #3]
10003a46:	2201      	movs	r2, #1
10003a48:	4313      	orrs	r3, r2
10003a4a:	4642      	mov	r2, r8
10003a4c:	70d3      	strb	r3, [r2, #3]
10003a4e:	e562      	b.n	10003516 <tud_task+0x192>
10003a50:	20000f2e 	.word	0x20000f2e
10003a54:	00000000 	.word	0x00000000
10003a58:	10005294 	.word	0x10005294
10003a5c:	20000594 	.word	0x20000594
10003a60:	100025d5 	.word	0x100025d5
10003a64:	100045c5 	.word	0x100045c5
10003a68:	100052fc 	.word	0x100052fc
10003a6c:	100052bc 	.word	0x100052bc
	...
10003a7c:	ab06      	add	r3, sp, #24
10003a7e:	1c9a      	adds	r2, r3, #2
10003a80:	a908      	add	r1, sp, #32
10003a82:	2301      	movs	r3, #1
10003a84:	4650      	mov	r0, sl
10003a86:	7015      	strb	r5, [r2, #0]
10003a88:	f000 fb22 	bl	100040d0 <tud_control_xfer>
10003a8c:	e48a      	b.n	100033a4 <tud_task+0x20>
10003a8e:	1e58      	subs	r0, r3, #1
10003a90:	b2c0      	uxtb	r0, r0
10003a92:	f7fe feeb 	bl	1000286c <tud_descriptor_configuration_cb>
10003a96:	2800      	cmp	r0, #0
10003a98:	d100      	bne.n	10003a9c <tud_task+0x718>
10003a9a:	e63e      	b.n	1000371a <tud_task+0x396>
10003a9c:	7843      	ldrb	r3, [r0, #1]
10003a9e:	9304      	str	r3, [sp, #16]
10003aa0:	2b02      	cmp	r3, #2
10003aa2:	d000      	beq.n	10003aa6 <tud_task+0x722>
10003aa4:	e639      	b.n	1000371a <tud_task+0x396>
10003aa6:	2701      	movs	r7, #1
10003aa8:	79c3      	ldrb	r3, [r0, #7]
10003aaa:	115a      	asrs	r2, r3, #5
10003aac:	403a      	ands	r2, r7
10003aae:	0112      	lsls	r2, r2, #4
10003ab0:	4691      	mov	r9, r2
10003ab2:	782a      	ldrb	r2, [r5, #0]
10003ab4:	119b      	asrs	r3, r3, #6
10003ab6:	4690      	mov	r8, r2
10003ab8:	2210      	movs	r2, #16
10003aba:	4641      	mov	r1, r8
10003abc:	4391      	bics	r1, r2
10003abe:	000a      	movs	r2, r1
10003ac0:	4649      	mov	r1, r9
10003ac2:	430a      	orrs	r2, r1
10003ac4:	2120      	movs	r1, #32
10003ac6:	403b      	ands	r3, r7
10003ac8:	438a      	bics	r2, r1
10003aca:	015b      	lsls	r3, r3, #5
10003acc:	4313      	orrs	r3, r2
10003ace:	702b      	strb	r3, [r5, #0]
10003ad0:	2309      	movs	r3, #9
10003ad2:	4698      	mov	r8, r3
10003ad4:	78c3      	ldrb	r3, [r0, #3]
10003ad6:	7882      	ldrb	r2, [r0, #2]
10003ad8:	021b      	lsls	r3, r3, #8
10003ada:	4313      	orrs	r3, r2
10003adc:	18c3      	adds	r3, r0, r3
10003ade:	4480      	add	r8, r0
10003ae0:	9303      	str	r3, [sp, #12]
10003ae2:	4598      	cmp	r8, r3
10003ae4:	d300      	bcc.n	10003ae8 <tud_task+0x764>
10003ae6:	e0be      	b.n	10003c66 <tud_task+0x8e2>
10003ae8:	46d1      	mov	r9, sl
10003aea:	4643      	mov	r3, r8
10003aec:	2201      	movs	r2, #1
10003aee:	785b      	ldrb	r3, [r3, #1]
10003af0:	9200      	str	r2, [sp, #0]
10003af2:	2b0b      	cmp	r3, #11
10003af4:	d107      	bne.n	10003b06 <tud_task+0x782>
10003af6:	4643      	mov	r3, r8
10003af8:	78db      	ldrb	r3, [r3, #3]
10003afa:	9300      	str	r3, [sp, #0]
10003afc:	4643      	mov	r3, r8
10003afe:	781b      	ldrb	r3, [r3, #0]
10003b00:	4498      	add	r8, r3
10003b02:	4643      	mov	r3, r8
10003b04:	785b      	ldrb	r3, [r3, #1]
10003b06:	2b04      	cmp	r3, #4
10003b08:	d000      	beq.n	10003b0c <tud_task+0x788>
10003b0a:	e606      	b.n	1000371a <tud_task+0x396>
10003b0c:	4642      	mov	r2, r8
10003b0e:	9b03      	ldr	r3, [sp, #12]
10003b10:	2700      	movs	r7, #0
10003b12:	1a9b      	subs	r3, r3, r2
10003b14:	b29b      	uxth	r3, r3
10003b16:	9302      	str	r3, [sp, #8]
10003b18:	4a5d      	ldr	r2, [pc, #372]	; (10003c90 <tud_task+0x90c>)
10003b1a:	4b5e      	ldr	r3, [pc, #376]	; (10003c94 <tud_task+0x910>)
10003b1c:	781b      	ldrb	r3, [r3, #0]
10003b1e:	2a00      	cmp	r2, #0
10003b20:	d116      	bne.n	10003b50 <tud_task+0x7cc>
10003b22:	e5e9      	b.n	100036f8 <tud_task+0x374>
10003b24:	42bb      	cmp	r3, r7
10003b26:	d000      	beq.n	10003b2a <tud_task+0x7a6>
10003b28:	e0ae      	b.n	10003c88 <tud_task+0x904>
10003b2a:	4a5b      	ldr	r2, [pc, #364]	; (10003c98 <tud_task+0x914>)
10003b2c:	4b5b      	ldr	r3, [pc, #364]	; (10003c9c <tud_task+0x918>)
10003b2e:	4692      	mov	sl, r2
10003b30:	9a02      	ldr	r2, [sp, #8]
10003b32:	4641      	mov	r1, r8
10003b34:	4648      	mov	r0, r9
10003b36:	4798      	blx	r3
10003b38:	2808      	cmp	r0, #8
10003b3a:	d902      	bls.n	10003b42 <tud_task+0x7be>
10003b3c:	9b02      	ldr	r3, [sp, #8]
10003b3e:	4283      	cmp	r3, r0
10003b40:	d253      	bcs.n	10003bea <tud_task+0x866>
10003b42:	4b54      	ldr	r3, [pc, #336]	; (10003c94 <tud_task+0x910>)
10003b44:	3701      	adds	r7, #1
10003b46:	781b      	ldrb	r3, [r3, #0]
10003b48:	b2ff      	uxtb	r7, r7
10003b4a:	42bb      	cmp	r3, r7
10003b4c:	d200      	bcs.n	10003b50 <tud_task+0x7cc>
10003b4e:	e5e4      	b.n	1000371a <tud_task+0x396>
10003b50:	42bb      	cmp	r3, r7
10003b52:	d9e7      	bls.n	10003b24 <tud_task+0x7a0>
10003b54:	4a52      	ldr	r2, [pc, #328]	; (10003ca0 <tud_task+0x91c>)
10003b56:	007b      	lsls	r3, r7, #1
10003b58:	6812      	ldr	r2, [r2, #0]
10003b5a:	19db      	adds	r3, r3, r7
10003b5c:	4692      	mov	sl, r2
10003b5e:	00db      	lsls	r3, r3, #3
10003b60:	449a      	add	sl, r3
10003b62:	4653      	mov	r3, sl
10003b64:	9205      	str	r2, [sp, #20]
10003b66:	689b      	ldr	r3, [r3, #8]
10003b68:	e7e2      	b.n	10003b30 <tud_task+0x7ac>
10003b6a:	4650      	mov	r0, sl
10003b6c:	f7ff f902 	bl	10002d74 <dcd_edpt_close_all>
10003b70:	78ab      	ldrb	r3, [r5, #2]
10003b72:	4f48      	ldr	r7, [pc, #288]	; (10003c94 <tud_task+0x910>)
10003b74:	4a46      	ldr	r2, [pc, #280]	; (10003c90 <tud_task+0x90c>)
10003b76:	9300      	str	r3, [sp, #0]
10003b78:	2100      	movs	r1, #0
10003b7a:	783b      	ldrb	r3, [r7, #0]
10003b7c:	2a00      	cmp	r2, #0
10003b7e:	d02d      	beq.n	10003bdc <tud_task+0x858>
10003b80:	4a47      	ldr	r2, [pc, #284]	; (10003ca0 <tud_task+0x91c>)
10003b82:	4691      	mov	r9, r2
10003b84:	003a      	movs	r2, r7
10003b86:	000f      	movs	r7, r1
10003b88:	4690      	mov	r8, r2
10003b8a:	42bb      	cmp	r3, r7
10003b8c:	d81d      	bhi.n	10003bca <tud_task+0x846>
10003b8e:	d000      	beq.n	10003b92 <tud_task+0x80e>
10003b90:	e5d9      	b.n	10003746 <tud_task+0x3c2>
10003b92:	4b44      	ldr	r3, [pc, #272]	; (10003ca4 <tud_task+0x920>)
10003b94:	4650      	mov	r0, sl
10003b96:	4798      	blx	r3
10003b98:	4643      	mov	r3, r8
10003b9a:	3701      	adds	r7, #1
10003b9c:	781b      	ldrb	r3, [r3, #0]
10003b9e:	b2ff      	uxtb	r7, r7
10003ba0:	42bb      	cmp	r3, r7
10003ba2:	d2f2      	bcs.n	10003b8a <tud_task+0x806>
10003ba4:	2253      	movs	r2, #83	; 0x53
10003ba6:	2100      	movs	r1, #0
10003ba8:	0028      	movs	r0, r5
10003baa:	f7fe fb51 	bl	10002250 <__wrap_memset>
10003bae:	2210      	movs	r2, #16
10003bb0:	21ff      	movs	r1, #255	; 0xff
10003bb2:	1ce8      	adds	r0, r5, #3
10003bb4:	f7fe fb4c 	bl	10002250 <__wrap_memset>
10003bb8:	0028      	movs	r0, r5
10003bba:	2220      	movs	r2, #32
10003bbc:	3013      	adds	r0, #19
10003bbe:	21ff      	movs	r1, #255	; 0xff
10003bc0:	f7fe fb46 	bl	10002250 <__wrap_memset>
10003bc4:	9b00      	ldr	r3, [sp, #0]
10003bc6:	70ab      	strb	r3, [r5, #2]
10003bc8:	e66c      	b.n	100038a4 <tud_task+0x520>
10003bca:	464a      	mov	r2, r9
10003bcc:	6812      	ldr	r2, [r2, #0]
10003bce:	007b      	lsls	r3, r7, #1
10003bd0:	4694      	mov	ip, r2
10003bd2:	19db      	adds	r3, r3, r7
10003bd4:	00db      	lsls	r3, r3, #3
10003bd6:	4463      	add	r3, ip
10003bd8:	685b      	ldr	r3, [r3, #4]
10003bda:	e7db      	b.n	10003b94 <tud_task+0x810>
10003bdc:	4650      	mov	r0, sl
10003bde:	f000 fc69 	bl	100044b4 <cdcd_reset>
10003be2:	783b      	ldrb	r3, [r7, #0]
10003be4:	2b00      	cmp	r3, #0
10003be6:	d0dd      	beq.n	10003ba4 <tud_task+0x820>
10003be8:	e5ad      	b.n	10003746 <tud_task+0x3c2>
10003bea:	4684      	mov	ip, r0
10003bec:	9b00      	ldr	r3, [sp, #0]
10003bee:	2b01      	cmp	r3, #1
10003bf0:	d019      	beq.n	10003c26 <tud_task+0x8a2>
10003bf2:	9b00      	ldr	r3, [sp, #0]
10003bf4:	2b00      	cmp	r3, #0
10003bf6:	d023      	beq.n	10003c40 <tud_task+0x8bc>
10003bf8:	4643      	mov	r3, r8
10003bfa:	7899      	ldrb	r1, [r3, #2]
10003bfc:	186a      	adds	r2, r5, r1
10003bfe:	78d2      	ldrb	r2, [r2, #3]
10003c00:	000b      	movs	r3, r1
10003c02:	2aff      	cmp	r2, #255	; 0xff
10003c04:	d000      	beq.n	10003c08 <tud_task+0x884>
10003c06:	e588      	b.n	1000371a <tud_task+0x396>
10003c08:	2200      	movs	r2, #0
10003c0a:	18eb      	adds	r3, r5, r3
10003c0c:	70df      	strb	r7, [r3, #3]
10003c0e:	3201      	adds	r2, #1
10003c10:	9b00      	ldr	r3, [sp, #0]
10003c12:	b2d2      	uxtb	r2, r2
10003c14:	429a      	cmp	r2, r3
10003c16:	d213      	bcs.n	10003c40 <tud_task+0x8bc>
10003c18:	1853      	adds	r3, r2, r1
10003c1a:	b2db      	uxtb	r3, r3
10003c1c:	18e8      	adds	r0, r5, r3
10003c1e:	78c0      	ldrb	r0, [r0, #3]
10003c20:	28ff      	cmp	r0, #255	; 0xff
10003c22:	d0f2      	beq.n	10003c0a <tud_task+0x886>
10003c24:	e579      	b.n	1000371a <tud_task+0x396>
10003c26:	4652      	mov	r2, sl
10003c28:	4b1c      	ldr	r3, [pc, #112]	; (10003c9c <tud_task+0x918>)
10003c2a:	6892      	ldr	r2, [r2, #8]
10003c2c:	429a      	cmp	r2, r3
10003c2e:	d025      	beq.n	10003c7c <tud_task+0x8f8>
10003c30:	4643      	mov	r3, r8
10003c32:	789b      	ldrb	r3, [r3, #2]
10003c34:	18eb      	adds	r3, r5, r3
10003c36:	78da      	ldrb	r2, [r3, #3]
10003c38:	2aff      	cmp	r2, #255	; 0xff
10003c3a:	d000      	beq.n	10003c3e <tud_task+0x8ba>
10003c3c:	e56d      	b.n	1000371a <tud_task+0x396>
10003c3e:	70df      	strb	r7, [r3, #3]
10003c40:	0028      	movs	r0, r5
10003c42:	46e2      	mov	sl, ip
10003c44:	003b      	movs	r3, r7
10003c46:	4641      	mov	r1, r8
10003c48:	3013      	adds	r0, #19
10003c4a:	4662      	mov	r2, ip
10003c4c:	f000 fe3a 	bl	100048c4 <tu_edpt_bind_driver>
10003c50:	4b10      	ldr	r3, [pc, #64]	; (10003c94 <tud_task+0x910>)
10003c52:	44d0      	add	r8, sl
10003c54:	781b      	ldrb	r3, [r3, #0]
10003c56:	42bb      	cmp	r3, r7
10003c58:	d200      	bcs.n	10003c5c <tud_task+0x8d8>
10003c5a:	e55e      	b.n	1000371a <tud_task+0x396>
10003c5c:	9b03      	ldr	r3, [sp, #12]
10003c5e:	4543      	cmp	r3, r8
10003c60:	d900      	bls.n	10003c64 <tud_task+0x8e0>
10003c62:	e742      	b.n	10003aea <tud_task+0x766>
10003c64:	46ca      	mov	sl, r9
10003c66:	4b10      	ldr	r3, [pc, #64]	; (10003ca8 <tud_task+0x924>)
10003c68:	2b00      	cmp	r3, #0
10003c6a:	d100      	bne.n	10003c6e <tud_task+0x8ea>
10003c6c:	e61e      	b.n	100038ac <tud_task+0x528>
10003c6e:	e000      	b.n	10003c72 <tud_task+0x8ee>
10003c70:	bf00      	nop
10003c72:	e61b      	b.n	100038ac <tud_task+0x528>
10003c74:	4b08      	ldr	r3, [pc, #32]	; (10003c98 <tud_task+0x914>)
10003c76:	4f06      	ldr	r7, [pc, #24]	; (10003c90 <tud_task+0x90c>)
10003c78:	469a      	mov	sl, r3
10003c7a:	e7b7      	b.n	10003bec <tud_task+0x868>
10003c7c:	9b04      	ldr	r3, [sp, #16]
10003c7e:	9300      	str	r3, [sp, #0]
10003c80:	e7ba      	b.n	10003bf8 <tud_task+0x874>
10003c82:	f7fe fdf3 	bl	1000286c <tud_descriptor_configuration_cb>
10003c86:	e690      	b.n	100039aa <tud_task+0x626>
10003c88:	2300      	movs	r3, #0
10003c8a:	689b      	ldr	r3, [r3, #8]
10003c8c:	deff      	udf	#255	; 0xff
10003c8e:	46c0      	nop			; (mov r8, r8)
10003c90:	100025d5 	.word	0x100025d5
10003c94:	20000f2e 	.word	0x20000f2e
10003c98:	100052fc 	.word	0x100052fc
10003c9c:	100044e1 	.word	0x100044e1
10003ca0:	20000594 	.word	0x20000594
10003ca4:	100044b5 	.word	0x100044b5
10003ca8:	00000000 	.word	0x00000000

10003cac <dcd_event_bus_signal>:
10003cac:	b570      	push	{r4, r5, r6, lr}
10003cae:	b086      	sub	sp, #24
10003cb0:	466b      	mov	r3, sp
10003cb2:	0005      	movs	r5, r0
10003cb4:	000c      	movs	r4, r1
10003cb6:	1c98      	adds	r0, r3, #2
10003cb8:	220a      	movs	r2, #10
10003cba:	2100      	movs	r1, #0
10003cbc:	f7fe fac8 	bl	10002250 <__wrap_memset>
10003cc0:	466b      	mov	r3, sp
10003cc2:	701d      	strb	r5, [r3, #0]
10003cc4:	705c      	strb	r4, [r3, #1]
10003cc6:	2c03      	cmp	r4, #3
10003cc8:	d04f      	beq.n	10003d6a <dcd_event_bus_signal+0xbe>
10003cca:	d909      	bls.n	10003ce0 <dcd_event_bus_signal+0x34>
10003ccc:	2c04      	cmp	r4, #4
10003cce:	d03a      	beq.n	10003d46 <dcd_event_bus_signal+0x9a>
10003cd0:	2c05      	cmp	r4, #5
10003cd2:	d12e      	bne.n	10003d32 <dcd_event_bus_signal+0x86>
10003cd4:	4b3c      	ldr	r3, [pc, #240]	; (10003dc8 <dcd_event_bus_signal+0x11c>)
10003cd6:	781a      	ldrb	r2, [r3, #0]
10003cd8:	07d2      	lsls	r2, r2, #31
10003cda:	d466      	bmi.n	10003daa <dcd_event_bus_signal+0xfe>
10003cdc:	b006      	add	sp, #24
10003cde:	bd70      	pop	{r4, r5, r6, pc}
10003ce0:	2c02      	cmp	r4, #2
10003ce2:	d126      	bne.n	10003d32 <dcd_event_bus_signal+0x86>
10003ce4:	2101      	movs	r1, #1
10003ce6:	4b38      	ldr	r3, [pc, #224]	; (10003dc8 <dcd_event_bus_signal+0x11c>)
10003ce8:	781a      	ldrb	r2, [r3, #0]
10003cea:	438a      	bics	r2, r1
10003cec:	701a      	strb	r2, [r3, #0]
10003cee:	781a      	ldrb	r2, [r3, #0]
10003cf0:	3103      	adds	r1, #3
10003cf2:	43a2      	bics	r2, r4
10003cf4:	701a      	strb	r2, [r3, #0]
10003cf6:	2200      	movs	r2, #0
10003cf8:	705a      	strb	r2, [r3, #1]
10003cfa:	781a      	ldrb	r2, [r3, #0]
10003cfc:	438a      	bics	r2, r1
10003cfe:	701a      	strb	r2, [r3, #0]
10003d00:	4b32      	ldr	r3, [pc, #200]	; (10003dcc <dcd_event_bus_signal+0x120>)
10003d02:	681c      	ldr	r4, [r3, #0]
10003d04:	69e2      	ldr	r2, [r4, #28]
10003d06:	f3ef 8110 	mrs	r1, PRIMASK
10003d0a:	b672      	cpsid	i
10003d0c:	6813      	ldr	r3, [r2, #0]
10003d0e:	2b00      	cmp	r3, #0
10003d10:	d0fc      	beq.n	10003d0c <dcd_event_bus_signal+0x60>
10003d12:	f3bf 8f5f 	dmb	sy
10003d16:	6221      	str	r1, [r4, #32]
10003d18:	4669      	mov	r1, sp
10003d1a:	0020      	movs	r0, r4
10003d1c:	f000 ff1a 	bl	10004b54 <tu_fifo_write>
10003d20:	69e2      	ldr	r2, [r4, #28]
10003d22:	6a23      	ldr	r3, [r4, #32]
10003d24:	f3bf 8f5f 	dmb	sy
10003d28:	2100      	movs	r1, #0
10003d2a:	6011      	str	r1, [r2, #0]
10003d2c:	f383 8810 	msr	PRIMASK, r3
10003d30:	e7d4      	b.n	10003cdc <dcd_event_bus_signal+0x30>
10003d32:	4b26      	ldr	r3, [pc, #152]	; (10003dcc <dcd_event_bus_signal+0x120>)
10003d34:	681c      	ldr	r4, [r3, #0]
10003d36:	69e2      	ldr	r2, [r4, #28]
10003d38:	f3ef 8110 	mrs	r1, PRIMASK
10003d3c:	b672      	cpsid	i
10003d3e:	6813      	ldr	r3, [r2, #0]
10003d40:	2b00      	cmp	r3, #0
10003d42:	d1e6      	bne.n	10003d12 <dcd_event_bus_signal+0x66>
10003d44:	e7fb      	b.n	10003d3e <dcd_event_bus_signal+0x92>
10003d46:	4b20      	ldr	r3, [pc, #128]	; (10003dc8 <dcd_event_bus_signal+0x11c>)
10003d48:	781a      	ldrb	r2, [r3, #0]
10003d4a:	07d2      	lsls	r2, r2, #31
10003d4c:	d5c6      	bpl.n	10003cdc <dcd_event_bus_signal+0x30>
10003d4e:	2104      	movs	r1, #4
10003d50:	781a      	ldrb	r2, [r3, #0]
10003d52:	430a      	orrs	r2, r1
10003d54:	701a      	strb	r2, [r3, #0]
10003d56:	4b1d      	ldr	r3, [pc, #116]	; (10003dcc <dcd_event_bus_signal+0x120>)
10003d58:	681c      	ldr	r4, [r3, #0]
10003d5a:	69e2      	ldr	r2, [r4, #28]
10003d5c:	f3ef 8110 	mrs	r1, PRIMASK
10003d60:	b672      	cpsid	i
10003d62:	6813      	ldr	r3, [r2, #0]
10003d64:	2b00      	cmp	r3, #0
10003d66:	d1d4      	bne.n	10003d12 <dcd_event_bus_signal+0x66>
10003d68:	e7fb      	b.n	10003d62 <dcd_event_bus_signal+0xb6>
10003d6a:	4b17      	ldr	r3, [pc, #92]	; (10003dc8 <dcd_event_bus_signal+0x11c>)
10003d6c:	781a      	ldrb	r2, [r3, #0]
10003d6e:	0752      	lsls	r2, r2, #29
10003d70:	d5b4      	bpl.n	10003cdc <dcd_event_bus_signal+0x30>
10003d72:	2104      	movs	r1, #4
10003d74:	200e      	movs	r0, #14
10003d76:	781a      	ldrb	r2, [r3, #0]
10003d78:	4468      	add	r0, sp
10003d7a:	438a      	bics	r2, r1
10003d7c:	701a      	strb	r2, [r3, #0]
10003d7e:	2100      	movs	r1, #0
10003d80:	220a      	movs	r2, #10
10003d82:	f7fe fa65 	bl	10002250 <__wrap_memset>
10003d86:	2305      	movs	r3, #5
10003d88:	ae03      	add	r6, sp, #12
10003d8a:	7073      	strb	r3, [r6, #1]
10003d8c:	4b0f      	ldr	r3, [pc, #60]	; (10003dcc <dcd_event_bus_signal+0x120>)
10003d8e:	7035      	strb	r5, [r6, #0]
10003d90:	681c      	ldr	r4, [r3, #0]
10003d92:	69e2      	ldr	r2, [r4, #28]
10003d94:	f3ef 8110 	mrs	r1, PRIMASK
10003d98:	b672      	cpsid	i
10003d9a:	6813      	ldr	r3, [r2, #0]
10003d9c:	2b00      	cmp	r3, #0
10003d9e:	d0fc      	beq.n	10003d9a <dcd_event_bus_signal+0xee>
10003da0:	f3bf 8f5f 	dmb	sy
10003da4:	6221      	str	r1, [r4, #32]
10003da6:	0031      	movs	r1, r6
10003da8:	e7b7      	b.n	10003d1a <dcd_event_bus_signal+0x6e>
10003daa:	2104      	movs	r1, #4
10003dac:	781a      	ldrb	r2, [r3, #0]
10003dae:	438a      	bics	r2, r1
10003db0:	701a      	strb	r2, [r3, #0]
10003db2:	4b06      	ldr	r3, [pc, #24]	; (10003dcc <dcd_event_bus_signal+0x120>)
10003db4:	681c      	ldr	r4, [r3, #0]
10003db6:	69e2      	ldr	r2, [r4, #28]
10003db8:	f3ef 8110 	mrs	r1, PRIMASK
10003dbc:	b672      	cpsid	i
10003dbe:	6813      	ldr	r3, [r2, #0]
10003dc0:	2b00      	cmp	r3, #0
10003dc2:	d1a6      	bne.n	10003d12 <dcd_event_bus_signal+0x66>
10003dc4:	e7fb      	b.n	10003dbe <dcd_event_bus_signal+0x112>
10003dc6:	46c0      	nop			; (mov r8, r8)
10003dc8:	200008cc 	.word	0x200008cc
10003dcc:	20000924 	.word	0x20000924

10003dd0 <dcd_event_bus_reset>:
10003dd0:	b570      	push	{r4, r5, r6, lr}
10003dd2:	b084      	sub	sp, #16
10003dd4:	466b      	mov	r3, sp
10003dd6:	0006      	movs	r6, r0
10003dd8:	000d      	movs	r5, r1
10003dda:	220a      	movs	r2, #10
10003ddc:	2100      	movs	r1, #0
10003dde:	1d98      	adds	r0, r3, #6
10003de0:	f7fe fa36 	bl	10002250 <__wrap_memset>
10003de4:	2301      	movs	r3, #1
10003de6:	ac01      	add	r4, sp, #4
10003de8:	7063      	strb	r3, [r4, #1]
10003dea:	4b0e      	ldr	r3, [pc, #56]	; (10003e24 <dcd_event_bus_reset+0x54>)
10003dec:	7125      	strb	r5, [r4, #4]
10003dee:	681d      	ldr	r5, [r3, #0]
10003df0:	7026      	strb	r6, [r4, #0]
10003df2:	69ea      	ldr	r2, [r5, #28]
10003df4:	f3ef 8310 	mrs	r3, PRIMASK
10003df8:	b672      	cpsid	i
10003dfa:	6811      	ldr	r1, [r2, #0]
10003dfc:	2900      	cmp	r1, #0
10003dfe:	d0fc      	beq.n	10003dfa <dcd_event_bus_reset+0x2a>
10003e00:	f3bf 8f5f 	dmb	sy
10003e04:	622b      	str	r3, [r5, #32]
10003e06:	0021      	movs	r1, r4
10003e08:	0028      	movs	r0, r5
10003e0a:	f000 fea3 	bl	10004b54 <tu_fifo_write>
10003e0e:	69ea      	ldr	r2, [r5, #28]
10003e10:	6a2b      	ldr	r3, [r5, #32]
10003e12:	f3bf 8f5f 	dmb	sy
10003e16:	2100      	movs	r1, #0
10003e18:	6011      	str	r1, [r2, #0]
10003e1a:	f383 8810 	msr	PRIMASK, r3
10003e1e:	b004      	add	sp, #16
10003e20:	bd70      	pop	{r4, r5, r6, pc}
10003e22:	46c0      	nop			; (mov r8, r8)
10003e24:	20000924 	.word	0x20000924

10003e28 <dcd_event_setup_received>:
10003e28:	2300      	movs	r3, #0
10003e2a:	b530      	push	{r4, r5, lr}
10003e2c:	b085      	sub	sp, #20
10003e2e:	ad01      	add	r5, sp, #4
10003e30:	806b      	strh	r3, [r5, #2]
10003e32:	7028      	strb	r0, [r5, #0]
10003e34:	3306      	adds	r3, #6
10003e36:	2208      	movs	r2, #8
10003e38:	a802      	add	r0, sp, #8
10003e3a:	706b      	strb	r3, [r5, #1]
10003e3c:	f7fe fa0e 	bl	1000225c <__wrap___aeabi_memcpy>
10003e40:	4b0c      	ldr	r3, [pc, #48]	; (10003e74 <dcd_event_setup_received+0x4c>)
10003e42:	681c      	ldr	r4, [r3, #0]
10003e44:	69e2      	ldr	r2, [r4, #28]
10003e46:	f3ef 8310 	mrs	r3, PRIMASK
10003e4a:	b672      	cpsid	i
10003e4c:	6811      	ldr	r1, [r2, #0]
10003e4e:	2900      	cmp	r1, #0
10003e50:	d0fc      	beq.n	10003e4c <dcd_event_setup_received+0x24>
10003e52:	f3bf 8f5f 	dmb	sy
10003e56:	6223      	str	r3, [r4, #32]
10003e58:	0029      	movs	r1, r5
10003e5a:	0020      	movs	r0, r4
10003e5c:	f000 fe7a 	bl	10004b54 <tu_fifo_write>
10003e60:	69e2      	ldr	r2, [r4, #28]
10003e62:	6a23      	ldr	r3, [r4, #32]
10003e64:	f3bf 8f5f 	dmb	sy
10003e68:	2100      	movs	r1, #0
10003e6a:	6011      	str	r1, [r2, #0]
10003e6c:	f383 8810 	msr	PRIMASK, r3
10003e70:	b005      	add	sp, #20
10003e72:	bd30      	pop	{r4, r5, pc}
10003e74:	20000924 	.word	0x20000924

10003e78 <dcd_event_xfer_complete>:
10003e78:	b5f0      	push	{r4, r5, r6, r7, lr}
10003e7a:	46c6      	mov	lr, r8
10003e7c:	b500      	push	{lr}
10003e7e:	b084      	sub	sp, #16
10003e80:	001d      	movs	r5, r3
10003e82:	466b      	mov	r3, sp
10003e84:	4680      	mov	r8, r0
10003e86:	000f      	movs	r7, r1
10003e88:	0016      	movs	r6, r2
10003e8a:	2100      	movs	r1, #0
10003e8c:	2206      	movs	r2, #6
10003e8e:	1d98      	adds	r0, r3, #6
10003e90:	f7fe f9de 	bl	10002250 <__wrap_memset>
10003e94:	4643      	mov	r3, r8
10003e96:	ac01      	add	r4, sp, #4
10003e98:	7023      	strb	r3, [r4, #0]
10003e9a:	2307      	movs	r3, #7
10003e9c:	7063      	strb	r3, [r4, #1]
10003e9e:	4b0f      	ldr	r3, [pc, #60]	; (10003edc <dcd_event_xfer_complete+0x64>)
10003ea0:	7165      	strb	r5, [r4, #5]
10003ea2:	681d      	ldr	r5, [r3, #0]
10003ea4:	7127      	strb	r7, [r4, #4]
10003ea6:	60a6      	str	r6, [r4, #8]
10003ea8:	69ea      	ldr	r2, [r5, #28]
10003eaa:	f3ef 8310 	mrs	r3, PRIMASK
10003eae:	b672      	cpsid	i
10003eb0:	6811      	ldr	r1, [r2, #0]
10003eb2:	2900      	cmp	r1, #0
10003eb4:	d0fc      	beq.n	10003eb0 <dcd_event_xfer_complete+0x38>
10003eb6:	f3bf 8f5f 	dmb	sy
10003eba:	622b      	str	r3, [r5, #32]
10003ebc:	0021      	movs	r1, r4
10003ebe:	0028      	movs	r0, r5
10003ec0:	f000 fe48 	bl	10004b54 <tu_fifo_write>
10003ec4:	69ea      	ldr	r2, [r5, #28]
10003ec6:	6a2b      	ldr	r3, [r5, #32]
10003ec8:	f3bf 8f5f 	dmb	sy
10003ecc:	2100      	movs	r1, #0
10003ece:	6011      	str	r1, [r2, #0]
10003ed0:	f383 8810 	msr	PRIMASK, r3
10003ed4:	b004      	add	sp, #16
10003ed6:	bc04      	pop	{r2}
10003ed8:	4690      	mov	r8, r2
10003eda:	bdf0      	pop	{r4, r5, r6, r7, pc}
10003edc:	20000924 	.word	0x20000924

10003ee0 <usbd_open_edpt_pair>:
10003ee0:	b5f0      	push	{r4, r5, r6, r7, lr}
10003ee2:	4646      	mov	r6, r8
10003ee4:	46d6      	mov	lr, sl
10003ee6:	464f      	mov	r7, r9
10003ee8:	4680      	mov	r8, r0
10003eea:	b5c0      	push	{r6, r7, lr}
10003eec:	000c      	movs	r4, r1
10003eee:	0015      	movs	r5, r2
10003ef0:	001e      	movs	r6, r3
10003ef2:	2a00      	cmp	r2, #0
10003ef4:	d03e      	beq.n	10003f74 <usbd_open_edpt_pair+0x94>
10003ef6:	784b      	ldrb	r3, [r1, #1]
10003ef8:	2b05      	cmp	r3, #5
10003efa:	d108      	bne.n	10003f0e <usbd_open_edpt_pair+0x2e>
10003efc:	78cb      	ldrb	r3, [r1, #3]
10003efe:	079b      	lsls	r3, r3, #30
10003f00:	0f9b      	lsrs	r3, r3, #30
10003f02:	42b3      	cmp	r3, r6
10003f04:	d103      	bne.n	10003f0e <usbd_open_edpt_pair+0x2e>
10003f06:	2270      	movs	r2, #112	; 0x70
10003f08:	788b      	ldrb	r3, [r1, #2]
10003f0a:	421a      	tst	r2, r3
10003f0c:	d005      	beq.n	10003f1a <usbd_open_edpt_pair+0x3a>
10003f0e:	2000      	movs	r0, #0
10003f10:	bc1c      	pop	{r2, r3, r4}
10003f12:	4690      	mov	r8, r2
10003f14:	4699      	mov	r9, r3
10003f16:	46a2      	mov	sl, r4
10003f18:	bdf0      	pop	{r4, r5, r6, r7, pc}
10003f1a:	4b17      	ldr	r3, [pc, #92]	; (10003f78 <usbd_open_edpt_pair+0x98>)
10003f1c:	2700      	movs	r7, #0
10003f1e:	4699      	mov	r9, r3
10003f20:	2370      	movs	r3, #112	; 0x70
10003f22:	469a      	mov	sl, r3
10003f24:	464b      	mov	r3, r9
10003f26:	0020      	movs	r0, r4
10003f28:	7899      	ldrb	r1, [r3, #2]
10003f2a:	f000 fc91 	bl	10004850 <tu_edpt_validate>
10003f2e:	2800      	cmp	r0, #0
10003f30:	d0ed      	beq.n	10003f0e <usbd_open_edpt_pair+0x2e>
10003f32:	0021      	movs	r1, r4
10003f34:	4640      	mov	r0, r8
10003f36:	f7fe feab 	bl	10002c90 <dcd_edpt_open>
10003f3a:	2800      	cmp	r0, #0
10003f3c:	d0e7      	beq.n	10003f0e <usbd_open_edpt_pair+0x2e>
10003f3e:	78a3      	ldrb	r3, [r4, #2]
10003f40:	09da      	lsrs	r2, r3, #7
10003f42:	2a01      	cmp	r2, #1
10003f44:	d013      	beq.n	10003f6e <usbd_open_edpt_pair+0x8e>
10003f46:	9a08      	ldr	r2, [sp, #32]
10003f48:	7013      	strb	r3, [r2, #0]
10003f4a:	7823      	ldrb	r3, [r4, #0]
10003f4c:	3701      	adds	r7, #1
10003f4e:	18e4      	adds	r4, r4, r3
10003f50:	42af      	cmp	r7, r5
10003f52:	da0f      	bge.n	10003f74 <usbd_open_edpt_pair+0x94>
10003f54:	7863      	ldrb	r3, [r4, #1]
10003f56:	2b05      	cmp	r3, #5
10003f58:	d1d9      	bne.n	10003f0e <usbd_open_edpt_pair+0x2e>
10003f5a:	78e3      	ldrb	r3, [r4, #3]
10003f5c:	079b      	lsls	r3, r3, #30
10003f5e:	0f9b      	lsrs	r3, r3, #30
10003f60:	42b3      	cmp	r3, r6
10003f62:	d1d4      	bne.n	10003f0e <usbd_open_edpt_pair+0x2e>
10003f64:	4652      	mov	r2, sl
10003f66:	78a3      	ldrb	r3, [r4, #2]
10003f68:	421a      	tst	r2, r3
10003f6a:	d1d0      	bne.n	10003f0e <usbd_open_edpt_pair+0x2e>
10003f6c:	e7da      	b.n	10003f24 <usbd_open_edpt_pair+0x44>
10003f6e:	9a09      	ldr	r2, [sp, #36]	; 0x24
10003f70:	7013      	strb	r3, [r2, #0]
10003f72:	e7ea      	b.n	10003f4a <usbd_open_edpt_pair+0x6a>
10003f74:	2001      	movs	r0, #1
10003f76:	e7cb      	b.n	10003f10 <usbd_open_edpt_pair+0x30>
10003f78:	200008cc 	.word	0x200008cc

10003f7c <usbd_edpt_open>:
10003f7c:	2270      	movs	r2, #112	; 0x70
10003f7e:	b570      	push	{r4, r5, r6, lr}
10003f80:	788b      	ldrb	r3, [r1, #2]
10003f82:	0005      	movs	r5, r0
10003f84:	000c      	movs	r4, r1
10003f86:	421a      	tst	r2, r3
10003f88:	d001      	beq.n	10003f8e <usbd_edpt_open+0x12>
10003f8a:	2000      	movs	r0, #0
10003f8c:	bd70      	pop	{r4, r5, r6, pc}
10003f8e:	4b06      	ldr	r3, [pc, #24]	; (10003fa8 <usbd_edpt_open+0x2c>)
10003f90:	0020      	movs	r0, r4
10003f92:	7899      	ldrb	r1, [r3, #2]
10003f94:	f000 fc5c 	bl	10004850 <tu_edpt_validate>
10003f98:	2800      	cmp	r0, #0
10003f9a:	d0f6      	beq.n	10003f8a <usbd_edpt_open+0xe>
10003f9c:	0021      	movs	r1, r4
10003f9e:	0028      	movs	r0, r5
10003fa0:	f7fe fe76 	bl	10002c90 <dcd_edpt_open>
10003fa4:	e7f2      	b.n	10003f8c <usbd_edpt_open+0x10>
10003fa6:	46c0      	nop			; (mov r8, r8)
10003fa8:	200008cc 	.word	0x200008cc

10003fac <usbd_edpt_claim>:
10003fac:	237f      	movs	r3, #127	; 0x7f
10003fae:	b570      	push	{r4, r5, r6, lr}
10003fb0:	400b      	ands	r3, r1
10003fb2:	4d14      	ldr	r5, [pc, #80]	; (10004004 <usbd_edpt_claim+0x58>)
10003fb4:	005b      	lsls	r3, r3, #1
10003fb6:	09c9      	lsrs	r1, r1, #7
10003fb8:	18ed      	adds	r5, r5, r3
10003fba:	186d      	adds	r5, r5, r1
10003fbc:	3530      	adds	r5, #48	; 0x30
10003fbe:	78ec      	ldrb	r4, [r5, #3]
10003fc0:	07e4      	lsls	r4, r4, #31
10003fc2:	0fe4      	lsrs	r4, r4, #31
10003fc4:	d117      	bne.n	10003ff6 <usbd_edpt_claim+0x4a>
10003fc6:	78eb      	ldrb	r3, [r5, #3]
10003fc8:	075b      	lsls	r3, r3, #29
10003fca:	d501      	bpl.n	10003fd0 <usbd_edpt_claim+0x24>
10003fcc:	0020      	movs	r0, r4
10003fce:	bd70      	pop	{r4, r5, r6, pc}
10003fd0:	2101      	movs	r1, #1
10003fd2:	4e0d      	ldr	r6, [pc, #52]	; (10004008 <usbd_edpt_claim+0x5c>)
10003fd4:	4249      	negs	r1, r1
10003fd6:	6830      	ldr	r0, [r6, #0]
10003fd8:	f001 f822 	bl	10005020 <__mutex_enter_timeout_ms_veneer>
10003fdc:	78ec      	ldrb	r4, [r5, #3]
10003fde:	07e4      	lsls	r4, r4, #31
10003fe0:	0fe4      	lsrs	r4, r4, #31
10003fe2:	d10a      	bne.n	10003ffa <usbd_edpt_claim+0x4e>
10003fe4:	78eb      	ldrb	r3, [r5, #3]
10003fe6:	075b      	lsls	r3, r3, #29
10003fe8:	d408      	bmi.n	10003ffc <usbd_edpt_claim+0x50>
10003fea:	2204      	movs	r2, #4
10003fec:	78eb      	ldrb	r3, [r5, #3]
10003fee:	2401      	movs	r4, #1
10003ff0:	4313      	orrs	r3, r2
10003ff2:	70eb      	strb	r3, [r5, #3]
10003ff4:	e002      	b.n	10003ffc <usbd_edpt_claim+0x50>
10003ff6:	2400      	movs	r4, #0
10003ff8:	e7e8      	b.n	10003fcc <usbd_edpt_claim+0x20>
10003ffa:	2400      	movs	r4, #0
10003ffc:	6830      	ldr	r0, [r6, #0]
10003ffe:	f000 fff7 	bl	10004ff0 <__mutex_exit_veneer>
10004002:	e7e3      	b.n	10003fcc <usbd_edpt_claim+0x20>
10004004:	200008cc 	.word	0x200008cc
10004008:	20000920 	.word	0x20000920

1000400c <usbd_edpt_release>:
1000400c:	b570      	push	{r4, r5, r6, lr}
1000400e:	000d      	movs	r5, r1
10004010:	2101      	movs	r1, #1
10004012:	4c0f      	ldr	r4, [pc, #60]	; (10004050 <usbd_edpt_release+0x44>)
10004014:	4249      	negs	r1, r1
10004016:	6820      	ldr	r0, [r4, #0]
10004018:	f001 f802 	bl	10005020 <__mutex_enter_timeout_ms_veneer>
1000401c:	217f      	movs	r1, #127	; 0x7f
1000401e:	4029      	ands	r1, r5
10004020:	004b      	lsls	r3, r1, #1
10004022:	490c      	ldr	r1, [pc, #48]	; (10004054 <usbd_edpt_release+0x48>)
10004024:	09ed      	lsrs	r5, r5, #7
10004026:	18c9      	adds	r1, r1, r3
10004028:	1949      	adds	r1, r1, r5
1000402a:	3130      	adds	r1, #48	; 0x30
1000402c:	78cb      	ldrb	r3, [r1, #3]
1000402e:	2500      	movs	r5, #0
10004030:	07db      	lsls	r3, r3, #31
10004032:	d407      	bmi.n	10004044 <usbd_edpt_release+0x38>
10004034:	78cd      	ldrb	r5, [r1, #3]
10004036:	076d      	lsls	r5, r5, #29
10004038:	0fed      	lsrs	r5, r5, #31
1000403a:	d003      	beq.n	10004044 <usbd_edpt_release+0x38>
1000403c:	2204      	movs	r2, #4
1000403e:	78cb      	ldrb	r3, [r1, #3]
10004040:	4393      	bics	r3, r2
10004042:	70cb      	strb	r3, [r1, #3]
10004044:	6820      	ldr	r0, [r4, #0]
10004046:	f000 ffd3 	bl	10004ff0 <__mutex_exit_veneer>
1000404a:	0028      	movs	r0, r5
1000404c:	bd70      	pop	{r4, r5, r6, pc}
1000404e:	46c0      	nop			; (mov r8, r8)
10004050:	20000920 	.word	0x20000920
10004054:	200008cc 	.word	0x200008cc

10004058 <usbd_edpt_xfer>:
10004058:	b570      	push	{r4, r5, r6, lr}
1000405a:	247f      	movs	r4, #127	; 0x7f
1000405c:	400c      	ands	r4, r1
1000405e:	0065      	lsls	r5, r4, #1
10004060:	4c0e      	ldr	r4, [pc, #56]	; (1000409c <usbd_edpt_xfer+0x44>)
10004062:	0006      	movs	r6, r0
10004064:	1964      	adds	r4, r4, r5
10004066:	09c8      	lsrs	r0, r1, #7
10004068:	1824      	adds	r4, r4, r0
1000406a:	3430      	adds	r4, #48	; 0x30
1000406c:	78e5      	ldrb	r5, [r4, #3]
1000406e:	2000      	movs	r0, #0
10004070:	07ed      	lsls	r5, r5, #31
10004072:	d500      	bpl.n	10004076 <usbd_edpt_xfer+0x1e>
10004074:	bd70      	pop	{r4, r5, r6, pc}
10004076:	2501      	movs	r5, #1
10004078:	78e0      	ldrb	r0, [r4, #3]
1000407a:	4328      	orrs	r0, r5
1000407c:	70e0      	strb	r0, [r4, #3]
1000407e:	0030      	movs	r0, r6
10004080:	f7fe fed6 	bl	10002e30 <dcd_edpt_xfer>
10004084:	2800      	cmp	r0, #0
10004086:	d1f5      	bne.n	10004074 <usbd_edpt_xfer+0x1c>
10004088:	2201      	movs	r2, #1
1000408a:	78e3      	ldrb	r3, [r4, #3]
1000408c:	4393      	bics	r3, r2
1000408e:	70e3      	strb	r3, [r4, #3]
10004090:	78e3      	ldrb	r3, [r4, #3]
10004092:	3203      	adds	r2, #3
10004094:	4393      	bics	r3, r2
10004096:	70e3      	strb	r3, [r4, #3]
10004098:	e7ec      	b.n	10004074 <usbd_edpt_xfer+0x1c>
1000409a:	46c0      	nop			; (mov r8, r8)
1000409c:	200008cc 	.word	0x200008cc

100040a0 <tud_control_status>:
100040a0:	b570      	push	{r4, r5, r6, lr}
100040a2:	4c0a      	ldr	r4, [pc, #40]	; (100040cc <tud_control_status+0x2c>)
100040a4:	0006      	movs	r6, r0
100040a6:	2208      	movs	r2, #8
100040a8:	0020      	movs	r0, r4
100040aa:	000d      	movs	r5, r1
100040ac:	f7fe f8d6 	bl	1000225c <__wrap___aeabi_memcpy>
100040b0:	2100      	movs	r1, #0
100040b2:	5669      	ldrsb	r1, [r5, r1]
100040b4:	2300      	movs	r3, #0
100040b6:	43c9      	mvns	r1, r1
100040b8:	0fc9      	lsrs	r1, r1, #31
100040ba:	0030      	movs	r0, r6
100040bc:	60e3      	str	r3, [r4, #12]
100040be:	01c9      	lsls	r1, r1, #7
100040c0:	2200      	movs	r2, #0
100040c2:	60a3      	str	r3, [r4, #8]
100040c4:	f7ff ffc8 	bl	10004058 <usbd_edpt_xfer>
100040c8:	bd70      	pop	{r4, r5, r6, pc}
100040ca:	46c0      	nop			; (mov r8, r8)
100040cc:	20000870 	.word	0x20000870

100040d0 <tud_control_xfer>:
100040d0:	b5f0      	push	{r4, r5, r6, r7, lr}
100040d2:	46c6      	mov	lr, r8
100040d4:	4690      	mov	r8, r2
100040d6:	4c29      	ldr	r4, [pc, #164]	; (1000417c <tud_control_xfer+0xac>)
100040d8:	2208      	movs	r2, #8
100040da:	b500      	push	{lr}
100040dc:	0006      	movs	r6, r0
100040de:	0020      	movs	r0, r4
100040e0:	000d      	movs	r5, r1
100040e2:	001f      	movs	r7, r3
100040e4:	f7fe f8ba 	bl	1000225c <__wrap___aeabi_memcpy>
100040e8:	4643      	mov	r3, r8
100040ea:	60a3      	str	r3, [r4, #8]
100040ec:	2300      	movs	r3, #0
100040ee:	81e3      	strh	r3, [r4, #14]
100040f0:	79eb      	ldrb	r3, [r5, #7]
100040f2:	79aa      	ldrb	r2, [r5, #6]
100040f4:	021b      	lsls	r3, r3, #8
100040f6:	4313      	orrs	r3, r2
100040f8:	1c1a      	adds	r2, r3, #0
100040fa:	42bb      	cmp	r3, r7
100040fc:	d900      	bls.n	10004100 <tud_control_xfer+0x30>
100040fe:	1c3a      	adds	r2, r7, #0
10004100:	b297      	uxth	r7, r2
10004102:	81a2      	strh	r2, [r4, #12]
10004104:	2b00      	cmp	r3, #0
10004106:	d012      	beq.n	1000412e <tud_control_xfer+0x5e>
10004108:	2f00      	cmp	r7, #0
1000410a:	d01d      	beq.n	10004148 <tud_control_xfer+0x78>
1000410c:	4643      	mov	r3, r8
1000410e:	2b00      	cmp	r3, #0
10004110:	d031      	beq.n	10004176 <tud_control_xfer+0xa6>
10004112:	1c3b      	adds	r3, r7, #0
10004114:	2f40      	cmp	r7, #64	; 0x40
10004116:	d81d      	bhi.n	10004154 <tud_control_xfer+0x84>
10004118:	b29f      	uxth	r7, r3
1000411a:	7823      	ldrb	r3, [r4, #0]
1000411c:	2b7f      	cmp	r3, #127	; 0x7f
1000411e:	d81e      	bhi.n	1000415e <tud_control_xfer+0x8e>
10004120:	2100      	movs	r1, #0
10004122:	4a17      	ldr	r2, [pc, #92]	; (10004180 <tud_control_xfer+0xb0>)
10004124:	003b      	movs	r3, r7
10004126:	0030      	movs	r0, r6
10004128:	f7ff ff96 	bl	10004058 <usbd_edpt_xfer>
1000412c:	e009      	b.n	10004142 <tud_control_xfer+0x72>
1000412e:	2100      	movs	r1, #0
10004130:	5669      	ldrsb	r1, [r5, r1]
10004132:	2300      	movs	r3, #0
10004134:	43c9      	mvns	r1, r1
10004136:	0fc9      	lsrs	r1, r1, #31
10004138:	01c9      	lsls	r1, r1, #7
1000413a:	2200      	movs	r2, #0
1000413c:	0030      	movs	r0, r6
1000413e:	f7ff ff8b 	bl	10004058 <usbd_edpt_xfer>
10004142:	bc04      	pop	{r2}
10004144:	4690      	mov	r8, r2
10004146:	bdf0      	pop	{r4, r5, r6, r7, pc}
10004148:	7823      	ldrb	r3, [r4, #0]
1000414a:	2b7f      	cmp	r3, #127	; 0x7f
1000414c:	d910      	bls.n	10004170 <tud_control_xfer+0xa0>
1000414e:	2180      	movs	r1, #128	; 0x80
10004150:	2200      	movs	r2, #0
10004152:	e7e7      	b.n	10004124 <tud_control_xfer+0x54>
10004154:	2340      	movs	r3, #64	; 0x40
10004156:	b29f      	uxth	r7, r3
10004158:	7823      	ldrb	r3, [r4, #0]
1000415a:	2b7f      	cmp	r3, #127	; 0x7f
1000415c:	d9e0      	bls.n	10004120 <tud_control_xfer+0x50>
1000415e:	4c08      	ldr	r4, [pc, #32]	; (10004180 <tud_control_xfer+0xb0>)
10004160:	003a      	movs	r2, r7
10004162:	4641      	mov	r1, r8
10004164:	0020      	movs	r0, r4
10004166:	f7fe f879 	bl	1000225c <__wrap___aeabi_memcpy>
1000416a:	2180      	movs	r1, #128	; 0x80
1000416c:	0022      	movs	r2, r4
1000416e:	e7d9      	b.n	10004124 <tud_control_xfer+0x54>
10004170:	2100      	movs	r1, #0
10004172:	2200      	movs	r2, #0
10004174:	e7d6      	b.n	10004124 <tud_control_xfer+0x54>
10004176:	2000      	movs	r0, #0
10004178:	e7e3      	b.n	10004142 <tud_control_xfer+0x72>
1000417a:	46c0      	nop			; (mov r8, r8)
1000417c:	20000870 	.word	0x20000870
10004180:	2000088c 	.word	0x2000088c

10004184 <usbd_control_reset>:
10004184:	b510      	push	{r4, lr}
10004186:	2214      	movs	r2, #20
10004188:	2100      	movs	r1, #0
1000418a:	4802      	ldr	r0, [pc, #8]	; (10004194 <usbd_control_reset+0x10>)
1000418c:	f7fe f860 	bl	10002250 <__wrap_memset>
10004190:	bd10      	pop	{r4, pc}
10004192:	46c0      	nop			; (mov r8, r8)
10004194:	20000870 	.word	0x20000870

10004198 <usbd_control_set_complete_callback>:
10004198:	4b01      	ldr	r3, [pc, #4]	; (100041a0 <usbd_control_set_complete_callback+0x8>)
1000419a:	6118      	str	r0, [r3, #16]
1000419c:	4770      	bx	lr
1000419e:	46c0      	nop			; (mov r8, r8)
100041a0:	20000870 	.word	0x20000870

100041a4 <usbd_control_set_request>:
100041a4:	b510      	push	{r4, lr}
100041a6:	4c05      	ldr	r4, [pc, #20]	; (100041bc <usbd_control_set_request+0x18>)
100041a8:	0001      	movs	r1, r0
100041aa:	2208      	movs	r2, #8
100041ac:	0020      	movs	r0, r4
100041ae:	f7fe f855 	bl	1000225c <__wrap___aeabi_memcpy>
100041b2:	2300      	movs	r3, #0
100041b4:	60a3      	str	r3, [r4, #8]
100041b6:	60e3      	str	r3, [r4, #12]
100041b8:	bd10      	pop	{r4, pc}
100041ba:	46c0      	nop			; (mov r8, r8)
100041bc:	20000870 	.word	0x20000870

100041c0 <usbd_control_xfer_cb>:
100041c0:	b5f8      	push	{r3, r4, r5, r6, r7, lr}
100041c2:	4c3b      	ldr	r4, [pc, #236]	; (100042b0 <usbd_control_xfer_cb+0xf0>)
100041c4:	001d      	movs	r5, r3
100041c6:	7823      	ldrb	r3, [r4, #0]
100041c8:	0006      	movs	r6, r0
100041ca:	09da      	lsrs	r2, r3, #7
100041cc:	09c9      	lsrs	r1, r1, #7
100041ce:	428a      	cmp	r2, r1
100041d0:	d013      	beq.n	100041fa <usbd_control_xfer_cb+0x3a>
100041d2:	2000      	movs	r0, #0
100041d4:	2d00      	cmp	r5, #0
100041d6:	d000      	beq.n	100041da <usbd_control_xfer_cb+0x1a>
100041d8:	bdf8      	pop	{r3, r4, r5, r6, r7, pc}
100041da:	4b36      	ldr	r3, [pc, #216]	; (100042b4 <usbd_control_xfer_cb+0xf4>)
100041dc:	2b00      	cmp	r3, #0
100041de:	d003      	beq.n	100041e8 <usbd_control_xfer_cb+0x28>
100041e0:	0021      	movs	r1, r4
100041e2:	0030      	movs	r0, r6
100041e4:	f7fe fd46 	bl	10002c74 <dcd_edpt0_status_complete>
100041e8:	6923      	ldr	r3, [r4, #16]
100041ea:	2b00      	cmp	r3, #0
100041ec:	d043      	beq.n	10004276 <usbd_control_xfer_cb+0xb6>
100041ee:	0022      	movs	r2, r4
100041f0:	2102      	movs	r1, #2
100041f2:	0030      	movs	r0, r6
100041f4:	4798      	blx	r3
100041f6:	2001      	movs	r0, #1
100041f8:	e7ee      	b.n	100041d8 <usbd_control_xfer_cb+0x18>
100041fa:	68a0      	ldr	r0, [r4, #8]
100041fc:	2b7f      	cmp	r3, #127	; 0x7f
100041fe:	d806      	bhi.n	1000420e <usbd_control_xfer_cb+0x4e>
10004200:	2800      	cmp	r0, #0
10004202:	d036      	beq.n	10004272 <usbd_control_xfer_cb+0xb2>
10004204:	002a      	movs	r2, r5
10004206:	492c      	ldr	r1, [pc, #176]	; (100042b8 <usbd_control_xfer_cb+0xf8>)
10004208:	f7fe f828 	bl	1000225c <__wrap___aeabi_memcpy>
1000420c:	68a0      	ldr	r0, [r4, #8]
1000420e:	89e2      	ldrh	r2, [r4, #14]
10004210:	88e3      	ldrh	r3, [r4, #6]
10004212:	1952      	adds	r2, r2, r5
10004214:	b292      	uxth	r2, r2
10004216:	1940      	adds	r0, r0, r5
10004218:	81e2      	strh	r2, [r4, #14]
1000421a:	60a0      	str	r0, [r4, #8]
1000421c:	4293      	cmp	r3, r2
1000421e:	d014      	beq.n	1000424a <usbd_control_xfer_cb+0x8a>
10004220:	2d3f      	cmp	r5, #63	; 0x3f
10004222:	d912      	bls.n	1000424a <usbd_control_xfer_cb+0x8a>
10004224:	89a5      	ldrh	r5, [r4, #12]
10004226:	1aa9      	subs	r1, r5, r2
10004228:	1c0f      	adds	r7, r1, #0
1000422a:	b289      	uxth	r1, r1
1000422c:	2940      	cmp	r1, #64	; 0x40
1000422e:	d82e      	bhi.n	1000428e <usbd_control_xfer_cb+0xce>
10004230:	7823      	ldrb	r3, [r4, #0]
10004232:	b2bf      	uxth	r7, r7
10004234:	2b7f      	cmp	r3, #127	; 0x7f
10004236:	d82c      	bhi.n	10004292 <usbd_control_xfer_cb+0xd2>
10004238:	2100      	movs	r1, #0
1000423a:	42aa      	cmp	r2, r5
1000423c:	d035      	beq.n	100042aa <usbd_control_xfer_cb+0xea>
1000423e:	4a1e      	ldr	r2, [pc, #120]	; (100042b8 <usbd_control_xfer_cb+0xf8>)
10004240:	003b      	movs	r3, r7
10004242:	0030      	movs	r0, r6
10004244:	f7ff ff08 	bl	10004058 <usbd_edpt_xfer>
10004248:	e7c6      	b.n	100041d8 <usbd_control_xfer_cb+0x18>
1000424a:	6923      	ldr	r3, [r4, #16]
1000424c:	2b00      	cmp	r3, #0
1000424e:	d005      	beq.n	1000425c <usbd_control_xfer_cb+0x9c>
10004250:	0022      	movs	r2, r4
10004252:	2101      	movs	r1, #1
10004254:	0030      	movs	r0, r6
10004256:	4798      	blx	r3
10004258:	2800      	cmp	r0, #0
1000425a:	d00e      	beq.n	1000427a <usbd_control_xfer_cb+0xba>
1000425c:	2100      	movs	r1, #0
1000425e:	5661      	ldrsb	r1, [r4, r1]
10004260:	2300      	movs	r3, #0
10004262:	43c9      	mvns	r1, r1
10004264:	0fc9      	lsrs	r1, r1, #31
10004266:	01c9      	lsls	r1, r1, #7
10004268:	2200      	movs	r2, #0
1000426a:	0030      	movs	r0, r6
1000426c:	f7ff fef4 	bl	10004058 <usbd_edpt_xfer>
10004270:	e7b2      	b.n	100041d8 <usbd_control_xfer_cb+0x18>
10004272:	2000      	movs	r0, #0
10004274:	e7b0      	b.n	100041d8 <usbd_control_xfer_cb+0x18>
10004276:	2001      	movs	r0, #1
10004278:	e7ae      	b.n	100041d8 <usbd_control_xfer_cb+0x18>
1000427a:	2100      	movs	r1, #0
1000427c:	0030      	movs	r0, r6
1000427e:	f7fe fde9 	bl	10002e54 <dcd_edpt_stall>
10004282:	0030      	movs	r0, r6
10004284:	2180      	movs	r1, #128	; 0x80
10004286:	f7fe fde5 	bl	10002e54 <dcd_edpt_stall>
1000428a:	2001      	movs	r0, #1
1000428c:	e7a4      	b.n	100041d8 <usbd_control_xfer_cb+0x18>
1000428e:	2740      	movs	r7, #64	; 0x40
10004290:	e7ce      	b.n	10004230 <usbd_control_xfer_cb+0x70>
10004292:	2180      	movs	r1, #128	; 0x80
10004294:	42aa      	cmp	r2, r5
10004296:	d008      	beq.n	100042aa <usbd_control_xfer_cb+0xea>
10004298:	4c07      	ldr	r4, [pc, #28]	; (100042b8 <usbd_control_xfer_cb+0xf8>)
1000429a:	0001      	movs	r1, r0
1000429c:	003a      	movs	r2, r7
1000429e:	0020      	movs	r0, r4
100042a0:	f7fd ffdc 	bl	1000225c <__wrap___aeabi_memcpy>
100042a4:	2180      	movs	r1, #128	; 0x80
100042a6:	0022      	movs	r2, r4
100042a8:	e7ca      	b.n	10004240 <usbd_control_xfer_cb+0x80>
100042aa:	2200      	movs	r2, #0
100042ac:	e7c8      	b.n	10004240 <usbd_control_xfer_cb+0x80>
100042ae:	46c0      	nop			; (mov r8, r8)
100042b0:	20000870 	.word	0x20000870
100042b4:	10002c75 	.word	0x10002c75
100042b8:	2000088c 	.word	0x2000088c

100042bc <tud_cdc_n_connected>:
100042bc:	b510      	push	{r4, lr}
100042be:	0004      	movs	r4, r0
100042c0:	f7fe ffe0 	bl	10003284 <tud_mounted>
100042c4:	2800      	cmp	r0, #0
100042c6:	d101      	bne.n	100042cc <tud_cdc_n_connected+0x10>
100042c8:	2000      	movs	r0, #0
100042ca:	bd10      	pop	{r4, pc}
100042cc:	f7fe ffe2 	bl	10003294 <tud_suspended>
100042d0:	2800      	cmp	r0, #0
100042d2:	d1f9      	bne.n	100042c8 <tud_cdc_n_connected+0xc>
100042d4:	20b6      	movs	r0, #182	; 0xb6
100042d6:	0080      	lsls	r0, r0, #2
100042d8:	4344      	muls	r4, r0
100042da:	4803      	ldr	r0, [pc, #12]	; (100042e8 <tud_cdc_n_connected+0x2c>)
100042dc:	1900      	adds	r0, r0, r4
100042de:	7903      	ldrb	r3, [r0, #4]
100042e0:	2001      	movs	r0, #1
100042e2:	4018      	ands	r0, r3
100042e4:	e7f1      	b.n	100042ca <tud_cdc_n_connected+0xe>
100042e6:	46c0      	nop			; (mov r8, r8)
100042e8:	20000598 	.word	0x20000598

100042ec <tud_cdc_n_available>:
100042ec:	23b6      	movs	r3, #182	; 0xb6
100042ee:	009b      	lsls	r3, r3, #2
100042f0:	4358      	muls	r0, r3
100042f2:	b510      	push	{r4, lr}
100042f4:	4b02      	ldr	r3, [pc, #8]	; (10004300 <tud_cdc_n_available+0x14>)
100042f6:	3010      	adds	r0, #16
100042f8:	18c0      	adds	r0, r0, r3
100042fa:	f000 fb35 	bl	10004968 <tu_fifo_count>
100042fe:	bd10      	pop	{r4, pc}
10004300:	20000598 	.word	0x20000598

10004304 <tud_cdc_n_read>:
10004304:	b5f0      	push	{r4, r5, r6, r7, lr}
10004306:	25b6      	movs	r5, #182	; 0xb6
10004308:	00ad      	lsls	r5, r5, #2
1000430a:	4345      	muls	r5, r0
1000430c:	002c      	movs	r4, r5
1000430e:	46c6      	mov	lr, r8
10004310:	4e17      	ldr	r6, [pc, #92]	; (10004370 <tud_cdc_n_read+0x6c>)
10004312:	3410      	adds	r4, #16
10004314:	19a4      	adds	r4, r4, r6
10004316:	b500      	push	{lr}
10004318:	b292      	uxth	r2, r2
1000431a:	0020      	movs	r0, r4
1000431c:	f000 fb9e 	bl	10004a5c <tu_fifo_read_n>
10004320:	0007      	movs	r7, r0
10004322:	0020      	movs	r0, r4
10004324:	f000 fb3a 	bl	1000499c <tu_fifo_remaining>
10004328:	283f      	cmp	r0, #63	; 0x3f
1000432a:	d803      	bhi.n	10004334 <tud_cdc_n_read+0x30>
1000432c:	0038      	movs	r0, r7
1000432e:	bc04      	pop	{r2}
10004330:	4690      	mov	r8, r2
10004332:	bdf0      	pop	{r4, r5, r6, r7, pc}
10004334:	1973      	adds	r3, r6, r5
10004336:	78d9      	ldrb	r1, [r3, #3]
10004338:	2000      	movs	r0, #0
1000433a:	4698      	mov	r8, r3
1000433c:	f7ff fe36 	bl	10003fac <usbd_edpt_claim>
10004340:	2800      	cmp	r0, #0
10004342:	d0f3      	beq.n	1000432c <tud_cdc_n_read+0x28>
10004344:	0020      	movs	r0, r4
10004346:	f000 fb29 	bl	1000499c <tu_fifo_remaining>
1000434a:	283f      	cmp	r0, #63	; 0x3f
1000434c:	d90a      	bls.n	10004364 <tud_cdc_n_read+0x60>
1000434e:	2396      	movs	r3, #150	; 0x96
10004350:	009b      	lsls	r3, r3, #2
10004352:	18ea      	adds	r2, r5, r3
10004354:	4643      	mov	r3, r8
10004356:	1992      	adds	r2, r2, r6
10004358:	78d9      	ldrb	r1, [r3, #3]
1000435a:	2000      	movs	r0, #0
1000435c:	2340      	movs	r3, #64	; 0x40
1000435e:	f7ff fe7b 	bl	10004058 <usbd_edpt_xfer>
10004362:	e7e3      	b.n	1000432c <tud_cdc_n_read+0x28>
10004364:	4643      	mov	r3, r8
10004366:	2000      	movs	r0, #0
10004368:	78d9      	ldrb	r1, [r3, #3]
1000436a:	f7ff fe4f 	bl	1000400c <usbd_edpt_release>
1000436e:	e7dd      	b.n	1000432c <tud_cdc_n_read+0x28>
10004370:	20000598 	.word	0x20000598

10004374 <tud_cdc_n_write_flush>:
10004374:	b5f8      	push	{r3, r4, r5, r6, r7, lr}
10004376:	0005      	movs	r5, r0
10004378:	f7fe ff84 	bl	10003284 <tud_mounted>
1000437c:	2800      	cmp	r0, #0
1000437e:	d101      	bne.n	10004384 <tud_cdc_n_write_flush+0x10>
10004380:	2000      	movs	r0, #0
10004382:	bdf8      	pop	{r3, r4, r5, r6, r7, pc}
10004384:	f7fe ff86 	bl	10003294 <tud_suspended>
10004388:	2800      	cmp	r0, #0
1000438a:	d1f9      	bne.n	10004380 <tud_cdc_n_write_flush+0xc>
1000438c:	24b6      	movs	r4, #182	; 0xb6
1000438e:	00a4      	lsls	r4, r4, #2
10004390:	436c      	muls	r4, r5
10004392:	0025      	movs	r5, r4
10004394:	4e14      	ldr	r6, [pc, #80]	; (100043e8 <tud_cdc_n_write_flush+0x74>)
10004396:	352c      	adds	r5, #44	; 0x2c
10004398:	19ad      	adds	r5, r5, r6
1000439a:	0028      	movs	r0, r5
1000439c:	f000 fae4 	bl	10004968 <tu_fifo_count>
100043a0:	2800      	cmp	r0, #0
100043a2:	d0ed      	beq.n	10004380 <tud_cdc_n_write_flush+0xc>
100043a4:	1937      	adds	r7, r6, r4
100043a6:	78b9      	ldrb	r1, [r7, #2]
100043a8:	2000      	movs	r0, #0
100043aa:	f7ff fdff 	bl	10003fac <usbd_edpt_claim>
100043ae:	2800      	cmp	r0, #0
100043b0:	d0e6      	beq.n	10004380 <tud_cdc_n_write_flush+0xc>
100043b2:	23a6      	movs	r3, #166	; 0xa6
100043b4:	009b      	lsls	r3, r3, #2
100043b6:	469c      	mov	ip, r3
100043b8:	4464      	add	r4, ip
100043ba:	19a4      	adds	r4, r4, r6
100043bc:	0021      	movs	r1, r4
100043be:	0028      	movs	r0, r5
100043c0:	2240      	movs	r2, #64	; 0x40
100043c2:	f000 fb4b 	bl	10004a5c <tu_fifo_read_n>
100043c6:	78b9      	ldrb	r1, [r7, #2]
100043c8:	1e05      	subs	r5, r0, #0
100043ca:	d008      	beq.n	100043de <tud_cdc_n_write_flush+0x6a>
100043cc:	0003      	movs	r3, r0
100043ce:	0022      	movs	r2, r4
100043d0:	2000      	movs	r0, #0
100043d2:	f7ff fe41 	bl	10004058 <usbd_edpt_xfer>
100043d6:	2800      	cmp	r0, #0
100043d8:	d0d2      	beq.n	10004380 <tud_cdc_n_write_flush+0xc>
100043da:	0028      	movs	r0, r5
100043dc:	e7d1      	b.n	10004382 <tud_cdc_n_write_flush+0xe>
100043de:	2000      	movs	r0, #0
100043e0:	f7ff fe14 	bl	1000400c <usbd_edpt_release>
100043e4:	e7cc      	b.n	10004380 <tud_cdc_n_write_flush+0xc>
100043e6:	46c0      	nop			; (mov r8, r8)
100043e8:	20000598 	.word	0x20000598

100043ec <tud_cdc_n_write>:
100043ec:	b570      	push	{r4, r5, r6, lr}
100043ee:	24b6      	movs	r4, #182	; 0xb6
100043f0:	00a4      	lsls	r4, r4, #2
100043f2:	4344      	muls	r4, r0
100043f4:	4b09      	ldr	r3, [pc, #36]	; (1000441c <tud_cdc_n_write+0x30>)
100043f6:	342c      	adds	r4, #44	; 0x2c
100043f8:	18e4      	adds	r4, r4, r3
100043fa:	0005      	movs	r5, r0
100043fc:	b292      	uxth	r2, r2
100043fe:	0020      	movs	r0, r4
10004400:	f000 fbe8 	bl	10004bd4 <tu_fifo_write_n>
10004404:	0006      	movs	r6, r0
10004406:	0020      	movs	r0, r4
10004408:	f000 faae 	bl	10004968 <tu_fifo_count>
1000440c:	283f      	cmp	r0, #63	; 0x3f
1000440e:	d801      	bhi.n	10004414 <tud_cdc_n_write+0x28>
10004410:	0030      	movs	r0, r6
10004412:	bd70      	pop	{r4, r5, r6, pc}
10004414:	0028      	movs	r0, r5
10004416:	f7ff ffad 	bl	10004374 <tud_cdc_n_write_flush>
1000441a:	e7f9      	b.n	10004410 <tud_cdc_n_write+0x24>
1000441c:	20000598 	.word	0x20000598

10004420 <tud_cdc_n_write_available>:
10004420:	23b6      	movs	r3, #182	; 0xb6
10004422:	009b      	lsls	r3, r3, #2
10004424:	4358      	muls	r0, r3
10004426:	b510      	push	{r4, lr}
10004428:	4b02      	ldr	r3, [pc, #8]	; (10004434 <tud_cdc_n_write_available+0x14>)
1000442a:	302c      	adds	r0, #44	; 0x2c
1000442c:	18c0      	adds	r0, r0, r3
1000442e:	f000 fab5 	bl	1000499c <tu_fifo_remaining>
10004432:	bd10      	pop	{r4, pc}
10004434:	20000598 	.word	0x20000598

10004438 <cdcd_init>:
10004438:	22b6      	movs	r2, #182	; 0xb6
1000443a:	b5f0      	push	{r4, r5, r6, r7, lr}
1000443c:	4c1b      	ldr	r4, [pc, #108]	; (100044ac <cdcd_init+0x74>)
1000443e:	b083      	sub	sp, #12
10004440:	0092      	lsls	r2, r2, #2
10004442:	2100      	movs	r1, #0
10004444:	0020      	movs	r0, r4
10004446:	f7fd ff03 	bl	10002250 <__wrap_memset>
1000444a:	23ff      	movs	r3, #255	; 0xff
1000444c:	7163      	strb	r3, [r4, #5]
1000444e:	4b18      	ldr	r3, [pc, #96]	; (100044b0 <cdcd_init+0x78>)
10004450:	2680      	movs	r6, #128	; 0x80
10004452:	2500      	movs	r5, #0
10004454:	80e3      	strh	r3, [r4, #6]
10004456:	2701      	movs	r7, #1
10004458:	2308      	movs	r3, #8
1000445a:	0021      	movs	r1, r4
1000445c:	0020      	movs	r0, r4
1000445e:	0076      	lsls	r6, r6, #1
10004460:	7323      	strb	r3, [r4, #12]
10004462:	8127      	strh	r7, [r4, #8]
10004464:	0032      	movs	r2, r6
10004466:	3148      	adds	r1, #72	; 0x48
10004468:	9500      	str	r5, [sp, #0]
1000446a:	3b07      	subs	r3, #7
1000446c:	3010      	adds	r0, #16
1000446e:	f000 fa3f 	bl	100048f0 <tu_fifo_config>
10004472:	0021      	movs	r1, r4
10004474:	0020      	movs	r0, r4
10004476:	3149      	adds	r1, #73	; 0x49
10004478:	0032      	movs	r2, r6
1000447a:	31ff      	adds	r1, #255	; 0xff
1000447c:	9700      	str	r7, [sp, #0]
1000447e:	2301      	movs	r3, #1
10004480:	302c      	adds	r0, #44	; 0x2c
10004482:	f000 fa35 	bl	100048f0 <tu_fifo_config>
10004486:	2392      	movs	r3, #146	; 0x92
10004488:	009b      	lsls	r3, r3, #2
1000448a:	18e6      	adds	r6, r4, r3
1000448c:	0030      	movs	r0, r6
1000448e:	f7fd faa1 	bl	100019d4 <mutex_init>
10004492:	2394      	movs	r3, #148	; 0x94
10004494:	009b      	lsls	r3, r3, #2
10004496:	62a6      	str	r6, [r4, #40]	; 0x28
10004498:	18e6      	adds	r6, r4, r3
1000449a:	6265      	str	r5, [r4, #36]	; 0x24
1000449c:	0030      	movs	r0, r6
1000449e:	f7fd fa99 	bl	100019d4 <mutex_init>
100044a2:	6426      	str	r6, [r4, #64]	; 0x40
100044a4:	6465      	str	r5, [r4, #68]	; 0x44
100044a6:	b003      	add	sp, #12
100044a8:	bdf0      	pop	{r4, r5, r6, r7, pc}
100044aa:	46c0      	nop			; (mov r8, r8)
100044ac:	20000598 	.word	0x20000598
100044b0:	ffffc200 	.word	0xffffc200

100044b4 <cdcd_reset>:
100044b4:	b510      	push	{r4, lr}
100044b6:	4c09      	ldr	r4, [pc, #36]	; (100044dc <cdcd_reset+0x28>)
100044b8:	2205      	movs	r2, #5
100044ba:	2100      	movs	r1, #0
100044bc:	0020      	movs	r0, r4
100044be:	f7fd fec7 	bl	10002250 <__wrap_memset>
100044c2:	0020      	movs	r0, r4
100044c4:	342c      	adds	r4, #44	; 0x2c
100044c6:	3010      	adds	r0, #16
100044c8:	f000 fc02 	bl	10004cd0 <tu_fifo_clear>
100044cc:	0020      	movs	r0, r4
100044ce:	f000 fbff 	bl	10004cd0 <tu_fifo_clear>
100044d2:	2101      	movs	r1, #1
100044d4:	0020      	movs	r0, r4
100044d6:	f000 fc21 	bl	10004d1c <tu_fifo_set_overwritable>
100044da:	bd10      	pop	{r4, pc}
100044dc:	20000598 	.word	0x20000598

100044e0 <cdcd_open>:
100044e0:	b5f0      	push	{r4, r5, r6, r7, lr}
100044e2:	794b      	ldrb	r3, [r1, #5]
100044e4:	b083      	sub	sp, #12
100044e6:	0006      	movs	r6, r0
100044e8:	2b02      	cmp	r3, #2
100044ea:	d102      	bne.n	100044f2 <cdcd_open+0x12>
100044ec:	798b      	ldrb	r3, [r1, #6]
100044ee:	2b02      	cmp	r3, #2
100044f0:	d003      	beq.n	100044fa <cdcd_open+0x1a>
100044f2:	2400      	movs	r4, #0
100044f4:	0020      	movs	r0, r4
100044f6:	b003      	add	sp, #12
100044f8:	bdf0      	pop	{r4, r5, r6, r7, pc}
100044fa:	4f2f      	ldr	r7, [pc, #188]	; (100045b8 <cdcd_open+0xd8>)
100044fc:	78bb      	ldrb	r3, [r7, #2]
100044fe:	2b00      	cmp	r3, #0
10004500:	d1f7      	bne.n	100044f2 <cdcd_open+0x12>
10004502:	788b      	ldrb	r3, [r1, #2]
10004504:	2409      	movs	r4, #9
10004506:	703b      	strb	r3, [r7, #0]
10004508:	780d      	ldrb	r5, [r1, #0]
1000450a:	194d      	adds	r5, r1, r5
1000450c:	786b      	ldrb	r3, [r5, #1]
1000450e:	2b24      	cmp	r3, #36	; 0x24
10004510:	d10b      	bne.n	1000452a <cdcd_open+0x4a>
10004512:	2a08      	cmp	r2, #8
10004514:	d802      	bhi.n	1000451c <cdcd_open+0x3c>
10004516:	e00f      	b.n	10004538 <cdcd_open+0x58>
10004518:	42a2      	cmp	r2, r4
1000451a:	d30d      	bcc.n	10004538 <cdcd_open+0x58>
1000451c:	782b      	ldrb	r3, [r5, #0]
1000451e:	18ed      	adds	r5, r5, r3
10004520:	18e4      	adds	r4, r4, r3
10004522:	786b      	ldrb	r3, [r5, #1]
10004524:	b2a4      	uxth	r4, r4
10004526:	2b24      	cmp	r3, #36	; 0x24
10004528:	d0f6      	beq.n	10004518 <cdcd_open+0x38>
1000452a:	2b05      	cmp	r3, #5
1000452c:	d020      	beq.n	10004570 <cdcd_open+0x90>
1000452e:	2b04      	cmp	r3, #4
10004530:	d102      	bne.n	10004538 <cdcd_open+0x58>
10004532:	796b      	ldrb	r3, [r5, #5]
10004534:	2b0a      	cmp	r3, #10
10004536:	d02e      	beq.n	10004596 <cdcd_open+0xb6>
10004538:	4d20      	ldr	r5, [pc, #128]	; (100045bc <cdcd_open+0xdc>)
1000453a:	0028      	movs	r0, r5
1000453c:	f000 fa2e 	bl	1000499c <tu_fifo_remaining>
10004540:	283f      	cmp	r0, #63	; 0x3f
10004542:	d9d7      	bls.n	100044f4 <cdcd_open+0x14>
10004544:	002e      	movs	r6, r5
10004546:	3e10      	subs	r6, #16
10004548:	78f1      	ldrb	r1, [r6, #3]
1000454a:	2000      	movs	r0, #0
1000454c:	f7ff fd2e 	bl	10003fac <usbd_edpt_claim>
10004550:	2800      	cmp	r0, #0
10004552:	d0cf      	beq.n	100044f4 <cdcd_open+0x14>
10004554:	0028      	movs	r0, r5
10004556:	f000 fa21 	bl	1000499c <tu_fifo_remaining>
1000455a:	283f      	cmp	r0, #63	; 0x3f
1000455c:	d916      	bls.n	1000458c <cdcd_open+0xac>
1000455e:	2392      	movs	r3, #146	; 0x92
10004560:	009b      	lsls	r3, r3, #2
10004562:	18ea      	adds	r2, r5, r3
10004564:	78f1      	ldrb	r1, [r6, #3]
10004566:	2340      	movs	r3, #64	; 0x40
10004568:	2000      	movs	r0, #0
1000456a:	f7ff fd75 	bl	10004058 <usbd_edpt_xfer>
1000456e:	e7c1      	b.n	100044f4 <cdcd_open+0x14>
10004570:	0029      	movs	r1, r5
10004572:	0030      	movs	r0, r6
10004574:	f7ff fd02 	bl	10003f7c <usbd_edpt_open>
10004578:	2800      	cmp	r0, #0
1000457a:	d0ba      	beq.n	100044f2 <cdcd_open+0x12>
1000457c:	78ab      	ldrb	r3, [r5, #2]
1000457e:	707b      	strb	r3, [r7, #1]
10004580:	782b      	ldrb	r3, [r5, #0]
10004582:	18e4      	adds	r4, r4, r3
10004584:	18ed      	adds	r5, r5, r3
10004586:	b2a4      	uxth	r4, r4
10004588:	786b      	ldrb	r3, [r5, #1]
1000458a:	e7d0      	b.n	1000452e <cdcd_open+0x4e>
1000458c:	78f1      	ldrb	r1, [r6, #3]
1000458e:	2000      	movs	r0, #0
10004590:	f7ff fd3c 	bl	1000400c <usbd_edpt_release>
10004594:	e7ae      	b.n	100044f4 <cdcd_open+0x14>
10004596:	4b0a      	ldr	r3, [pc, #40]	; (100045c0 <cdcd_open+0xe0>)
10004598:	782f      	ldrb	r7, [r5, #0]
1000459a:	9301      	str	r3, [sp, #4]
1000459c:	3301      	adds	r3, #1
1000459e:	9300      	str	r3, [sp, #0]
100045a0:	19e9      	adds	r1, r5, r7
100045a2:	2302      	movs	r3, #2
100045a4:	2202      	movs	r2, #2
100045a6:	0030      	movs	r0, r6
100045a8:	f7ff fc9a 	bl	10003ee0 <usbd_open_edpt_pair>
100045ac:	2800      	cmp	r0, #0
100045ae:	d0a0      	beq.n	100044f2 <cdcd_open+0x12>
100045b0:	340e      	adds	r4, #14
100045b2:	19e4      	adds	r4, r4, r7
100045b4:	b2a4      	uxth	r4, r4
100045b6:	e7bf      	b.n	10004538 <cdcd_open+0x58>
100045b8:	20000598 	.word	0x20000598
100045bc:	200005a8 	.word	0x200005a8
100045c0:	2000059a 	.word	0x2000059a

100045c4 <cdcd_control_xfer_cb>:
100045c4:	b5f8      	push	{r3, r4, r5, r6, r7, lr}
100045c6:	2360      	movs	r3, #96	; 0x60
100045c8:	0014      	movs	r4, r2
100045ca:	7812      	ldrb	r2, [r2, #0]
100045cc:	4013      	ands	r3, r2
100045ce:	2200      	movs	r2, #0
100045d0:	2b20      	cmp	r3, #32
100045d2:	d114      	bne.n	100045fe <cdcd_control_xfer_cb+0x3a>
100045d4:	4d2d      	ldr	r5, [pc, #180]	; (1000468c <cdcd_control_xfer_cb+0xc8>)
100045d6:	7963      	ldrb	r3, [r4, #5]
100045d8:	7927      	ldrb	r7, [r4, #4]
100045da:	782e      	ldrb	r6, [r5, #0]
100045dc:	021b      	lsls	r3, r3, #8
100045de:	433b      	orrs	r3, r7
100045e0:	429e      	cmp	r6, r3
100045e2:	d10c      	bne.n	100045fe <cdcd_control_xfer_cb+0x3a>
100045e4:	7863      	ldrb	r3, [r4, #1]
100045e6:	2b21      	cmp	r3, #33	; 0x21
100045e8:	d036      	beq.n	10004658 <cdcd_control_xfer_cb+0x94>
100045ea:	d90a      	bls.n	10004602 <cdcd_control_xfer_cb+0x3e>
100045ec:	2b22      	cmp	r3, #34	; 0x22
100045ee:	d017      	beq.n	10004620 <cdcd_control_xfer_cb+0x5c>
100045f0:	2b23      	cmp	r3, #35	; 0x23
100045f2:	d104      	bne.n	100045fe <cdcd_control_xfer_cb+0x3a>
100045f4:	2900      	cmp	r1, #0
100045f6:	d044      	beq.n	10004682 <cdcd_control_xfer_cb+0xbe>
100045f8:	2902      	cmp	r1, #2
100045fa:	d036      	beq.n	1000466a <cdcd_control_xfer_cb+0xa6>
100045fc:	2201      	movs	r2, #1
100045fe:	0010      	movs	r0, r2
10004600:	bdf8      	pop	{r3, r4, r5, r6, r7, pc}
10004602:	2b20      	cmp	r3, #32
10004604:	d1fb      	bne.n	100045fe <cdcd_control_xfer_cb+0x3a>
10004606:	2900      	cmp	r1, #0
10004608:	d028      	beq.n	1000465c <cdcd_control_xfer_cb+0x98>
1000460a:	2902      	cmp	r1, #2
1000460c:	d1f6      	bne.n	100045fc <cdcd_control_xfer_cb+0x38>
1000460e:	4b20      	ldr	r3, [pc, #128]	; (10004690 <cdcd_control_xfer_cb+0xcc>)
10004610:	2b00      	cmp	r3, #0
10004612:	d0f3      	beq.n	100045fc <cdcd_control_xfer_cb+0x38>
10004614:	1da9      	adds	r1, r5, #6
10004616:	2000      	movs	r0, #0
10004618:	f7fd ffe2 	bl	100025e0 <tud_cdc_line_coding_cb>
1000461c:	2201      	movs	r2, #1
1000461e:	e7ee      	b.n	100045fe <cdcd_control_xfer_cb+0x3a>
10004620:	2900      	cmp	r1, #0
10004622:	d02e      	beq.n	10004682 <cdcd_control_xfer_cb+0xbe>
10004624:	2902      	cmp	r1, #2
10004626:	d1e9      	bne.n	100045fc <cdcd_control_xfer_cb+0x38>
10004628:	2601      	movs	r6, #1
1000462a:	78a1      	ldrb	r1, [r4, #2]
1000462c:	78e4      	ldrb	r4, [r4, #3]
1000462e:	0028      	movs	r0, r5
10004630:	0224      	lsls	r4, r4, #8
10004632:	430c      	orrs	r4, r1
10004634:	0031      	movs	r1, r6
10004636:	712c      	strb	r4, [r5, #4]
10004638:	43a1      	bics	r1, r4
1000463a:	302c      	adds	r0, #44	; 0x2c
1000463c:	f000 fb6e 	bl	10004d1c <tu_fifo_set_overwritable>
10004640:	4b14      	ldr	r3, [pc, #80]	; (10004694 <cdcd_control_xfer_cb+0xd0>)
10004642:	2b00      	cmp	r3, #0
10004644:	d0da      	beq.n	100045fc <cdcd_control_xfer_cb+0x38>
10004646:	0031      	movs	r1, r6
10004648:	0862      	lsrs	r2, r4, #1
1000464a:	4032      	ands	r2, r6
1000464c:	4021      	ands	r1, r4
1000464e:	2000      	movs	r0, #0
10004650:	e000      	b.n	10004654 <cdcd_control_xfer_cb+0x90>
10004652:	bf00      	nop
10004654:	2201      	movs	r2, #1
10004656:	e7d2      	b.n	100045fe <cdcd_control_xfer_cb+0x3a>
10004658:	2900      	cmp	r1, #0
1000465a:	d1cf      	bne.n	100045fc <cdcd_control_xfer_cb+0x38>
1000465c:	4a0e      	ldr	r2, [pc, #56]	; (10004698 <cdcd_control_xfer_cb+0xd4>)
1000465e:	2307      	movs	r3, #7
10004660:	0021      	movs	r1, r4
10004662:	f7ff fd35 	bl	100040d0 <tud_control_xfer>
10004666:	2201      	movs	r2, #1
10004668:	e7c9      	b.n	100045fe <cdcd_control_xfer_cb+0x3a>
1000466a:	4b0c      	ldr	r3, [pc, #48]	; (1000469c <cdcd_control_xfer_cb+0xd8>)
1000466c:	2b00      	cmp	r3, #0
1000466e:	d0c5      	beq.n	100045fc <cdcd_control_xfer_cb+0x38>
10004670:	78e1      	ldrb	r1, [r4, #3]
10004672:	78a3      	ldrb	r3, [r4, #2]
10004674:	0209      	lsls	r1, r1, #8
10004676:	4319      	orrs	r1, r3
10004678:	2000      	movs	r0, #0
1000467a:	e000      	b.n	1000467e <cdcd_control_xfer_cb+0xba>
1000467c:	bf00      	nop
1000467e:	2201      	movs	r2, #1
10004680:	e7bd      	b.n	100045fe <cdcd_control_xfer_cb+0x3a>
10004682:	0021      	movs	r1, r4
10004684:	f7ff fd0c 	bl	100040a0 <tud_control_status>
10004688:	2201      	movs	r2, #1
1000468a:	e7b8      	b.n	100045fe <cdcd_control_xfer_cb+0x3a>
1000468c:	20000598 	.word	0x20000598
10004690:	100025e1 	.word	0x100025e1
10004694:	00000000 	.word	0x00000000
10004698:	2000059e 	.word	0x2000059e
1000469c:	00000000 	.word	0x00000000

100046a0 <cdcd_xfer_cb>:
100046a0:	b5f8      	push	{r3, r4, r5, r6, r7, lr}
100046a2:	4657      	mov	r7, sl
100046a4:	464e      	mov	r6, r9
100046a6:	4645      	mov	r5, r8
100046a8:	46de      	mov	lr, fp
100046aa:	b5e0      	push	{r5, r6, r7, lr}
100046ac:	4c5e      	ldr	r4, [pc, #376]	; (10004828 <cdcd_xfer_cb+0x188>)
100046ae:	001f      	movs	r7, r3
100046b0:	78e3      	ldrb	r3, [r4, #3]
100046b2:	4681      	mov	r9, r0
100046b4:	000d      	movs	r5, r1
100046b6:	428b      	cmp	r3, r1
100046b8:	d165      	bne.n	10004786 <cdcd_xfer_cb+0xe6>
100046ba:	2396      	movs	r3, #150	; 0x96
100046bc:	009b      	lsls	r3, r3, #2
100046be:	18e6      	adds	r6, r4, r3
100046c0:	2310      	movs	r3, #16
100046c2:	4698      	mov	r8, r3
100046c4:	44a0      	add	r8, r4
100046c6:	b2ba      	uxth	r2, r7
100046c8:	0031      	movs	r1, r6
100046ca:	4640      	mov	r0, r8
100046cc:	f000 fa82 	bl	10004bd4 <tu_fifo_write_n>
100046d0:	4b56      	ldr	r3, [pc, #344]	; (1000482c <cdcd_xfer_cb+0x18c>)
100046d2:	2b00      	cmp	r3, #0
100046d4:	d019      	beq.n	1000470a <cdcd_xfer_cb+0x6a>
100046d6:	7963      	ldrb	r3, [r4, #5]
100046d8:	2bff      	cmp	r3, #255	; 0xff
100046da:	d016      	beq.n	1000470a <cdcd_xfer_cb+0x6a>
100046dc:	2f00      	cmp	r7, #0
100046de:	d014      	beq.n	1000470a <cdcd_xfer_cb+0x6a>
100046e0:	19f2      	adds	r2, r6, r7
100046e2:	4692      	mov	sl, r2
100046e4:	46a3      	mov	fp, r4
100046e6:	e003      	b.n	100046f0 <cdcd_xfer_cb+0x50>
100046e8:	3601      	adds	r6, #1
100046ea:	45b2      	cmp	sl, r6
100046ec:	d00d      	beq.n	1000470a <cdcd_xfer_cb+0x6a>
100046ee:	7963      	ldrb	r3, [r4, #5]
100046f0:	7832      	ldrb	r2, [r6, #0]
100046f2:	429a      	cmp	r2, r3
100046f4:	d1f8      	bne.n	100046e8 <cdcd_xfer_cb+0x48>
100046f6:	4640      	mov	r0, r8
100046f8:	f000 f948 	bl	1000498c <tu_fifo_empty>
100046fc:	2800      	cmp	r0, #0
100046fe:	d1f3      	bne.n	100046e8 <cdcd_xfer_cb+0x48>
10004700:	465b      	mov	r3, fp
10004702:	7959      	ldrb	r1, [r3, #5]
10004704:	e000      	b.n	10004708 <cdcd_xfer_cb+0x68>
10004706:	bf00      	nop
10004708:	e7ee      	b.n	100046e8 <cdcd_xfer_cb+0x48>
1000470a:	4b49      	ldr	r3, [pc, #292]	; (10004830 <cdcd_xfer_cb+0x190>)
1000470c:	2b00      	cmp	r3, #0
1000470e:	d005      	beq.n	1000471c <cdcd_xfer_cb+0x7c>
10004710:	4640      	mov	r0, r8
10004712:	f000 f93b 	bl	1000498c <tu_fifo_empty>
10004716:	2800      	cmp	r0, #0
10004718:	d100      	bne.n	1000471c <cdcd_xfer_cb+0x7c>
1000471a:	e077      	b.n	1000480c <cdcd_xfer_cb+0x16c>
1000471c:	4640      	mov	r0, r8
1000471e:	f000 f93d 	bl	1000499c <tu_fifo_remaining>
10004722:	283f      	cmp	r0, #63	; 0x3f
10004724:	d859      	bhi.n	100047da <cdcd_xfer_cb+0x13a>
10004726:	4642      	mov	r2, r8
10004728:	3a10      	subs	r2, #16
1000472a:	7893      	ldrb	r3, [r2, #2]
1000472c:	42ab      	cmp	r3, r5
1000472e:	d007      	beq.n	10004740 <cdcd_xfer_cb+0xa0>
10004730:	2401      	movs	r4, #1
10004732:	0020      	movs	r0, r4
10004734:	bc3c      	pop	{r2, r3, r4, r5}
10004736:	4690      	mov	r8, r2
10004738:	4699      	mov	r9, r3
1000473a:	46a2      	mov	sl, r4
1000473c:	46ab      	mov	fp, r5
1000473e:	bdf8      	pop	{r3, r4, r5, r6, r7, pc}
10004740:	4b3c      	ldr	r3, [pc, #240]	; (10004834 <cdcd_xfer_cb+0x194>)
10004742:	2b00      	cmp	r3, #0
10004744:	d002      	beq.n	1000474c <cdcd_xfer_cb+0xac>
10004746:	2000      	movs	r0, #0
10004748:	e000      	b.n	1000474c <cdcd_xfer_cb+0xac>
1000474a:	bf00      	nop
1000474c:	f7fe fd9a 	bl	10003284 <tud_mounted>
10004750:	2800      	cmp	r0, #0
10004752:	d11d      	bne.n	10004790 <cdcd_xfer_cb+0xf0>
10004754:	4c38      	ldr	r4, [pc, #224]	; (10004838 <cdcd_xfer_cb+0x198>)
10004756:	0020      	movs	r0, r4
10004758:	f000 f906 	bl	10004968 <tu_fifo_count>
1000475c:	2800      	cmp	r0, #0
1000475e:	d1e7      	bne.n	10004730 <cdcd_xfer_cb+0x90>
10004760:	2f00      	cmp	r7, #0
10004762:	d0e5      	beq.n	10004730 <cdcd_xfer_cb+0x90>
10004764:	06bb      	lsls	r3, r7, #26
10004766:	d1e3      	bne.n	10004730 <cdcd_xfer_cb+0x90>
10004768:	3c2c      	subs	r4, #44	; 0x2c
1000476a:	78a1      	ldrb	r1, [r4, #2]
1000476c:	4648      	mov	r0, r9
1000476e:	f7ff fc1d 	bl	10003fac <usbd_edpt_claim>
10004772:	0025      	movs	r5, r4
10004774:	1e04      	subs	r4, r0, #0
10004776:	d0db      	beq.n	10004730 <cdcd_xfer_cb+0x90>
10004778:	78a9      	ldrb	r1, [r5, #2]
1000477a:	2300      	movs	r3, #0
1000477c:	2200      	movs	r2, #0
1000477e:	4648      	mov	r0, r9
10004780:	f7ff fc6a 	bl	10004058 <usbd_edpt_xfer>
10004784:	e7d5      	b.n	10004732 <cdcd_xfer_cb+0x92>
10004786:	78a3      	ldrb	r3, [r4, #2]
10004788:	428b      	cmp	r3, r1
1000478a:	d0d9      	beq.n	10004740 <cdcd_xfer_cb+0xa0>
1000478c:	2400      	movs	r4, #0
1000478e:	e7d0      	b.n	10004732 <cdcd_xfer_cb+0x92>
10004790:	f7fe fd80 	bl	10003294 <tud_suspended>
10004794:	4c28      	ldr	r4, [pc, #160]	; (10004838 <cdcd_xfer_cb+0x198>)
10004796:	2800      	cmp	r0, #0
10004798:	d1dd      	bne.n	10004756 <cdcd_xfer_cb+0xb6>
1000479a:	0020      	movs	r0, r4
1000479c:	f000 f8e4 	bl	10004968 <tu_fifo_count>
100047a0:	2800      	cmp	r0, #0
100047a2:	d0d8      	beq.n	10004756 <cdcd_xfer_cb+0xb6>
100047a4:	0025      	movs	r5, r4
100047a6:	3d2c      	subs	r5, #44	; 0x2c
100047a8:	78a9      	ldrb	r1, [r5, #2]
100047aa:	2000      	movs	r0, #0
100047ac:	f7ff fbfe 	bl	10003fac <usbd_edpt_claim>
100047b0:	2800      	cmp	r0, #0
100047b2:	d0d0      	beq.n	10004756 <cdcd_xfer_cb+0xb6>
100047b4:	239b      	movs	r3, #155	; 0x9b
100047b6:	009b      	lsls	r3, r3, #2
100047b8:	18e6      	adds	r6, r4, r3
100047ba:	0031      	movs	r1, r6
100047bc:	2240      	movs	r2, #64	; 0x40
100047be:	0020      	movs	r0, r4
100047c0:	f000 f94c 	bl	10004a5c <tu_fifo_read_n>
100047c4:	78a9      	ldrb	r1, [r5, #2]
100047c6:	2800      	cmp	r0, #0
100047c8:	d029      	beq.n	1000481e <cdcd_xfer_cb+0x17e>
100047ca:	0003      	movs	r3, r0
100047cc:	0032      	movs	r2, r6
100047ce:	2000      	movs	r0, #0
100047d0:	f7ff fc42 	bl	10004058 <usbd_edpt_xfer>
100047d4:	2800      	cmp	r0, #0
100047d6:	d1ab      	bne.n	10004730 <cdcd_xfer_cb+0x90>
100047d8:	e7bd      	b.n	10004756 <cdcd_xfer_cb+0xb6>
100047da:	4644      	mov	r4, r8
100047dc:	3c10      	subs	r4, #16
100047de:	78e1      	ldrb	r1, [r4, #3]
100047e0:	2000      	movs	r0, #0
100047e2:	f7ff fbe3 	bl	10003fac <usbd_edpt_claim>
100047e6:	2800      	cmp	r0, #0
100047e8:	d101      	bne.n	100047ee <cdcd_xfer_cb+0x14e>
100047ea:	78a3      	ldrb	r3, [r4, #2]
100047ec:	e79e      	b.n	1000472c <cdcd_xfer_cb+0x8c>
100047ee:	4640      	mov	r0, r8
100047f0:	f000 f8d4 	bl	1000499c <tu_fifo_remaining>
100047f4:	283f      	cmp	r0, #63	; 0x3f
100047f6:	d90c      	bls.n	10004812 <cdcd_xfer_cb+0x172>
100047f8:	2292      	movs	r2, #146	; 0x92
100047fa:	0092      	lsls	r2, r2, #2
100047fc:	2340      	movs	r3, #64	; 0x40
100047fe:	4442      	add	r2, r8
10004800:	78e1      	ldrb	r1, [r4, #3]
10004802:	2000      	movs	r0, #0
10004804:	f7ff fc28 	bl	10004058 <usbd_edpt_xfer>
10004808:	78a3      	ldrb	r3, [r4, #2]
1000480a:	e78f      	b.n	1000472c <cdcd_xfer_cb+0x8c>
1000480c:	e000      	b.n	10004810 <cdcd_xfer_cb+0x170>
1000480e:	bf00      	nop
10004810:	e784      	b.n	1000471c <cdcd_xfer_cb+0x7c>
10004812:	78e1      	ldrb	r1, [r4, #3]
10004814:	2000      	movs	r0, #0
10004816:	f7ff fbf9 	bl	1000400c <usbd_edpt_release>
1000481a:	78a3      	ldrb	r3, [r4, #2]
1000481c:	e786      	b.n	1000472c <cdcd_xfer_cb+0x8c>
1000481e:	2000      	movs	r0, #0
10004820:	f7ff fbf4 	bl	1000400c <usbd_edpt_release>
10004824:	e797      	b.n	10004756 <cdcd_xfer_cb+0xb6>
10004826:	46c0      	nop			; (mov r8, r8)
10004828:	20000598 	.word	0x20000598
	...
10004838:	200005c4 	.word	0x200005c4

1000483c <tusb_init>:
1000483c:	b510      	push	{r4, lr}
1000483e:	2000      	movs	r0, #0
10004840:	f7fe fd36 	bl	100032b0 <tud_init>
10004844:	bd10      	pop	{r4, pc}
10004846:	46c0      	nop			; (mov r8, r8)

10004848 <tusb_inited>:
10004848:	b510      	push	{r4, lr}
1000484a:	f7fe fd2b 	bl	100032a4 <tud_inited>
1000484e:	bd10      	pop	{r4, pc}

10004850 <tu_edpt_validate>:
10004850:	2307      	movs	r3, #7
10004852:	b510      	push	{r4, lr}
10004854:	7944      	ldrb	r4, [r0, #5]
10004856:	7902      	ldrb	r2, [r0, #4]
10004858:	4023      	ands	r3, r4
1000485a:	021b      	lsls	r3, r3, #8
1000485c:	431a      	orrs	r2, r3
1000485e:	78c3      	ldrb	r3, [r0, #3]
10004860:	079b      	lsls	r3, r3, #30
10004862:	0f9b      	lsrs	r3, r3, #30
10004864:	2b02      	cmp	r3, #2
10004866:	d00d      	beq.n	10004884 <tu_edpt_validate+0x34>
10004868:	d814      	bhi.n	10004894 <tu_edpt_validate+0x44>
1000486a:	2000      	movs	r0, #0
1000486c:	2b01      	cmp	r3, #1
1000486e:	d108      	bne.n	10004882 <tu_edpt_validate+0x32>
10004870:	3902      	subs	r1, #2
10004872:	424b      	negs	r3, r1
10004874:	4159      	adcs	r1, r3
10004876:	4b11      	ldr	r3, [pc, #68]	; (100048bc <tu_edpt_validate+0x6c>)
10004878:	469c      	mov	ip, r3
1000487a:	4461      	add	r1, ip
1000487c:	4291      	cmp	r1, r2
1000487e:	4140      	adcs	r0, r0
10004880:	b2c0      	uxtb	r0, r0
10004882:	bd10      	pop	{r4, pc}
10004884:	2902      	cmp	r1, #2
10004886:	d012      	beq.n	100048ae <tu_edpt_validate+0x5e>
10004888:	2000      	movs	r0, #0
1000488a:	2340      	movs	r3, #64	; 0x40
1000488c:	4293      	cmp	r3, r2
1000488e:	4140      	adcs	r0, r0
10004890:	b2c0      	uxtb	r0, r0
10004892:	e7f6      	b.n	10004882 <tu_edpt_validate+0x32>
10004894:	3902      	subs	r1, #2
10004896:	424b      	negs	r3, r1
10004898:	4159      	adcs	r1, r3
1000489a:	23f0      	movs	r3, #240	; 0xf0
1000489c:	2000      	movs	r0, #0
1000489e:	4249      	negs	r1, r1
100048a0:	009b      	lsls	r3, r3, #2
100048a2:	4019      	ands	r1, r3
100048a4:	3140      	adds	r1, #64	; 0x40
100048a6:	4291      	cmp	r1, r2
100048a8:	4140      	adcs	r0, r0
100048aa:	b2c0      	uxtb	r0, r0
100048ac:	e7e9      	b.n	10004882 <tu_edpt_validate+0x32>
100048ae:	4b04      	ldr	r3, [pc, #16]	; (100048c0 <tu_edpt_validate+0x70>)
100048b0:	469c      	mov	ip, r3
100048b2:	4462      	add	r2, ip
100048b4:	4250      	negs	r0, r2
100048b6:	4150      	adcs	r0, r2
100048b8:	b2c0      	uxtb	r0, r0
100048ba:	e7e2      	b.n	10004882 <tu_edpt_validate+0x32>
100048bc:	000003ff 	.word	0x000003ff
100048c0:	fffffe00 	.word	0xfffffe00

100048c4 <tu_edpt_bind_driver>:
100048c4:	b5f0      	push	{r4, r5, r6, r7, lr}
100048c6:	2a00      	cmp	r2, #0
100048c8:	d011      	beq.n	100048ee <tu_edpt_bind_driver+0x2a>
100048ca:	2400      	movs	r4, #0
100048cc:	277f      	movs	r7, #127	; 0x7f
100048ce:	784d      	ldrb	r5, [r1, #1]
100048d0:	2d05      	cmp	r5, #5
100048d2:	d106      	bne.n	100048e2 <tu_edpt_bind_driver+0x1e>
100048d4:	003d      	movs	r5, r7
100048d6:	788e      	ldrb	r6, [r1, #2]
100048d8:	4035      	ands	r5, r6
100048da:	006d      	lsls	r5, r5, #1
100048dc:	09f6      	lsrs	r6, r6, #7
100048de:	1945      	adds	r5, r0, r5
100048e0:	55ab      	strb	r3, [r5, r6]
100048e2:	780d      	ldrb	r5, [r1, #0]
100048e4:	1964      	adds	r4, r4, r5
100048e6:	b2a4      	uxth	r4, r4
100048e8:	1949      	adds	r1, r1, r5
100048ea:	42a2      	cmp	r2, r4
100048ec:	d8ef      	bhi.n	100048ce <tu_edpt_bind_driver+0xa>
100048ee:	bdf0      	pop	{r4, r5, r6, r7, pc}

100048f0 <tu_fifo_config>:
100048f0:	b5f0      	push	{r4, r5, r6, r7, lr}
100048f2:	46c6      	mov	lr, r8
100048f4:	b500      	push	{lr}
100048f6:	001e      	movs	r6, r3
100048f8:	ab06      	add	r3, sp, #24
100048fa:	781b      	ldrb	r3, [r3, #0]
100048fc:	0004      	movs	r4, r0
100048fe:	4698      	mov	r8, r3
10004900:	2380      	movs	r3, #128	; 0x80
10004902:	000f      	movs	r7, r1
10004904:	0015      	movs	r5, r2
10004906:	021b      	lsls	r3, r3, #8
10004908:	429a      	cmp	r2, r3
1000490a:	d82a      	bhi.n	10004962 <tu_fifo_config+0x72>
1000490c:	6940      	ldr	r0, [r0, #20]
1000490e:	2800      	cmp	r0, #0
10004910:	d003      	beq.n	1000491a <tu_fifo_config+0x2a>
10004912:	2101      	movs	r1, #1
10004914:	4249      	negs	r1, r1
10004916:	f000 fb83 	bl	10005020 <__mutex_enter_timeout_ms_veneer>
1000491a:	69a0      	ldr	r0, [r4, #24]
1000491c:	2800      	cmp	r0, #0
1000491e:	d003      	beq.n	10004928 <tu_fifo_config+0x38>
10004920:	2101      	movs	r1, #1
10004922:	4249      	negs	r1, r1
10004924:	f000 fb7c 	bl	10005020 <__mutex_enter_timeout_ms_veneer>
10004928:	4643      	mov	r3, r8
1000492a:	80a5      	strh	r5, [r4, #4]
1000492c:	006d      	lsls	r5, r5, #1
1000492e:	b2ad      	uxth	r5, r5
10004930:	7223      	strb	r3, [r4, #8]
10004932:	1e6b      	subs	r3, r5, #1
10004934:	81a3      	strh	r3, [r4, #12]
10004936:	2300      	movs	r3, #0
10004938:	6960      	ldr	r0, [r4, #20]
1000493a:	426d      	negs	r5, r5
1000493c:	81e3      	strh	r3, [r4, #14]
1000493e:	6027      	str	r7, [r4, #0]
10004940:	80e6      	strh	r6, [r4, #6]
10004942:	8165      	strh	r5, [r4, #10]
10004944:	8223      	strh	r3, [r4, #16]
10004946:	2800      	cmp	r0, #0
10004948:	d001      	beq.n	1000494e <tu_fifo_config+0x5e>
1000494a:	f000 fb51 	bl	10004ff0 <__mutex_exit_veneer>
1000494e:	69a0      	ldr	r0, [r4, #24]
10004950:	2401      	movs	r4, #1
10004952:	2800      	cmp	r0, #0
10004954:	d001      	beq.n	1000495a <tu_fifo_config+0x6a>
10004956:	f000 fb4b 	bl	10004ff0 <__mutex_exit_veneer>
1000495a:	0020      	movs	r0, r4
1000495c:	bc04      	pop	{r2}
1000495e:	4690      	mov	r8, r2
10004960:	bdf0      	pop	{r4, r5, r6, r7, pc}
10004962:	2400      	movs	r4, #0
10004964:	e7f9      	b.n	1000495a <tu_fifo_config+0x6a>
10004966:	46c0      	nop			; (mov r8, r8)

10004968 <tu_fifo_count>:
10004968:	89c1      	ldrh	r1, [r0, #14]
1000496a:	8a02      	ldrh	r2, [r0, #16]
1000496c:	b289      	uxth	r1, r1
1000496e:	b292      	uxth	r2, r2
10004970:	1a8b      	subs	r3, r1, r2
10004972:	b29b      	uxth	r3, r3
10004974:	4291      	cmp	r1, r2
10004976:	d202      	bcs.n	1000497e <tu_fifo_count+0x16>
10004978:	8942      	ldrh	r2, [r0, #10]
1000497a:	1a9b      	subs	r3, r3, r2
1000497c:	b29b      	uxth	r3, r3
1000497e:	8882      	ldrh	r2, [r0, #4]
10004980:	1c10      	adds	r0, r2, #0
10004982:	429a      	cmp	r2, r3
10004984:	d900      	bls.n	10004988 <tu_fifo_count+0x20>
10004986:	1c18      	adds	r0, r3, #0
10004988:	b280      	uxth	r0, r0
1000498a:	4770      	bx	lr

1000498c <tu_fifo_empty>:
1000498c:	89c3      	ldrh	r3, [r0, #14]
1000498e:	8a00      	ldrh	r0, [r0, #16]
10004990:	1a18      	subs	r0, r3, r0
10004992:	4243      	negs	r3, r0
10004994:	4158      	adcs	r0, r3
10004996:	b2c0      	uxtb	r0, r0
10004998:	4770      	bx	lr
1000499a:	46c0      	nop			; (mov r8, r8)

1000499c <tu_fifo_remaining>:
1000499c:	b510      	push	{r4, lr}
1000499e:	89c4      	ldrh	r4, [r0, #14]
100049a0:	8a01      	ldrh	r1, [r0, #16]
100049a2:	b2a4      	uxth	r4, r4
100049a4:	b289      	uxth	r1, r1
100049a6:	1a62      	subs	r2, r4, r1
100049a8:	8883      	ldrh	r3, [r0, #4]
100049aa:	b292      	uxth	r2, r2
100049ac:	428c      	cmp	r4, r1
100049ae:	d202      	bcs.n	100049b6 <tu_fifo_remaining+0x1a>
100049b0:	8940      	ldrh	r0, [r0, #10]
100049b2:	1a12      	subs	r2, r2, r0
100049b4:	b292      	uxth	r2, r2
100049b6:	1a98      	subs	r0, r3, r2
100049b8:	b280      	uxth	r0, r0
100049ba:	bd10      	pop	{r4, pc}

100049bc <tu_fifo_read>:
100049bc:	b570      	push	{r4, r5, r6, lr}
100049be:	0004      	movs	r4, r0
100049c0:	6980      	ldr	r0, [r0, #24]
100049c2:	000d      	movs	r5, r1
100049c4:	2800      	cmp	r0, #0
100049c6:	d003      	beq.n	100049d0 <tu_fifo_read+0x14>
100049c8:	2101      	movs	r1, #1
100049ca:	4249      	negs	r1, r1
100049cc:	f000 fb28 	bl	10005020 <__mutex_enter_timeout_ms_veneer>
100049d0:	89e2      	ldrh	r2, [r4, #14]
100049d2:	8a21      	ldrh	r1, [r4, #16]
100049d4:	b292      	uxth	r2, r2
100049d6:	b289      	uxth	r1, r1
100049d8:	1a53      	subs	r3, r2, r1
100049da:	b29b      	uxth	r3, r3
100049dc:	428a      	cmp	r2, r1
100049de:	d202      	bcs.n	100049e6 <tu_fifo_read+0x2a>
100049e0:	8960      	ldrh	r0, [r4, #10]
100049e2:	1a1b      	subs	r3, r3, r0
100049e4:	b29b      	uxth	r3, r3
100049e6:	88a0      	ldrh	r0, [r4, #4]
100049e8:	4298      	cmp	r0, r3
100049ea:	d321      	bcc.n	10004a30 <tu_fifo_read+0x74>
100049ec:	2b00      	cmp	r3, #0
100049ee:	d102      	bne.n	100049f6 <tu_fifo_read+0x3a>
100049f0:	e027      	b.n	10004a42 <tu_fifo_read+0x86>
100049f2:	1a09      	subs	r1, r1, r0
100049f4:	b289      	uxth	r1, r1
100049f6:	4288      	cmp	r0, r1
100049f8:	d9fb      	bls.n	100049f2 <tu_fifo_read+0x36>
100049fa:	6823      	ldr	r3, [r4, #0]
100049fc:	88e2      	ldrh	r2, [r4, #6]
100049fe:	469c      	mov	ip, r3
10004a00:	4351      	muls	r1, r2
10004a02:	0028      	movs	r0, r5
10004a04:	4461      	add	r1, ip
10004a06:	f7fd fc29 	bl	1000225c <__wrap___aeabi_memcpy>
10004a0a:	8a22      	ldrh	r2, [r4, #16]
10004a0c:	2501      	movs	r5, #1
10004a0e:	b292      	uxth	r2, r2
10004a10:	1c53      	adds	r3, r2, #1
10004a12:	b29b      	uxth	r3, r3
10004a14:	429a      	cmp	r2, r3
10004a16:	d917      	bls.n	10004a48 <tu_fifo_read+0x8c>
10004a18:	2300      	movs	r3, #0
10004a1a:	8962      	ldrh	r2, [r4, #10]
10004a1c:	189b      	adds	r3, r3, r2
10004a1e:	b29b      	uxth	r3, r3
10004a20:	69a0      	ldr	r0, [r4, #24]
10004a22:	8223      	strh	r3, [r4, #16]
10004a24:	2800      	cmp	r0, #0
10004a26:	d001      	beq.n	10004a2c <tu_fifo_read+0x70>
10004a28:	f000 fae2 	bl	10004ff0 <__mutex_exit_veneer>
10004a2c:	0028      	movs	r0, r5
10004a2e:	bd70      	pop	{r4, r5, r6, pc}
10004a30:	4282      	cmp	r2, r0
10004a32:	d20d      	bcs.n	10004a50 <tu_fifo_read+0x94>
10004a34:	8963      	ldrh	r3, [r4, #10]
10004a36:	18c3      	adds	r3, r0, r3
10004a38:	1ad3      	subs	r3, r2, r3
10004a3a:	b29b      	uxth	r3, r3
10004a3c:	8223      	strh	r3, [r4, #16]
10004a3e:	1e03      	subs	r3, r0, #0
10004a40:	d1d9      	bne.n	100049f6 <tu_fifo_read+0x3a>
10004a42:	2500      	movs	r5, #0
10004a44:	8a23      	ldrh	r3, [r4, #16]
10004a46:	b29b      	uxth	r3, r3
10004a48:	89a2      	ldrh	r2, [r4, #12]
10004a4a:	429a      	cmp	r2, r3
10004a4c:	d2e8      	bcs.n	10004a20 <tu_fifo_read+0x64>
10004a4e:	e7e4      	b.n	10004a1a <tu_fifo_read+0x5e>
10004a50:	1a13      	subs	r3, r2, r0
10004a52:	89a6      	ldrh	r6, [r4, #12]
10004a54:	b29b      	uxth	r3, r3
10004a56:	429e      	cmp	r6, r3
10004a58:	d2f0      	bcs.n	10004a3c <tu_fifo_read+0x80>
10004a5a:	e7eb      	b.n	10004a34 <tu_fifo_read+0x78>

10004a5c <tu_fifo_read_n>:
10004a5c:	b5f0      	push	{r4, r5, r6, r7, lr}
10004a5e:	464f      	mov	r7, r9
10004a60:	4646      	mov	r6, r8
10004a62:	46d6      	mov	lr, sl
10004a64:	0005      	movs	r5, r0
10004a66:	6980      	ldr	r0, [r0, #24]
10004a68:	b5c0      	push	{r6, r7, lr}
10004a6a:	4689      	mov	r9, r1
10004a6c:	4690      	mov	r8, r2
10004a6e:	2800      	cmp	r0, #0
10004a70:	d003      	beq.n	10004a7a <tu_fifo_read_n+0x1e>
10004a72:	2101      	movs	r1, #1
10004a74:	4249      	negs	r1, r1
10004a76:	f000 fad3 	bl	10005020 <__mutex_enter_timeout_ms_veneer>
10004a7a:	89eb      	ldrh	r3, [r5, #14]
10004a7c:	8a2c      	ldrh	r4, [r5, #16]
10004a7e:	b29b      	uxth	r3, r3
10004a80:	b2a4      	uxth	r4, r4
10004a82:	1b1e      	subs	r6, r3, r4
10004a84:	b2b6      	uxth	r6, r6
10004a86:	42a3      	cmp	r3, r4
10004a88:	d202      	bcs.n	10004a90 <tu_fifo_read_n+0x34>
10004a8a:	896a      	ldrh	r2, [r5, #10]
10004a8c:	1ab6      	subs	r6, r6, r2
10004a8e:	b2b6      	uxth	r6, r6
10004a90:	88af      	ldrh	r7, [r5, #4]
10004a92:	42b7      	cmp	r7, r6
10004a94:	d33d      	bcc.n	10004b12 <tu_fifo_read_n+0xb6>
10004a96:	2e00      	cmp	r6, #0
10004a98:	d047      	beq.n	10004b2a <tu_fifo_read_n+0xce>
10004a9a:	4643      	mov	r3, r8
10004a9c:	45b0      	cmp	r8, r6
10004a9e:	d850      	bhi.n	10004b42 <tu_fifo_read_n+0xe6>
10004aa0:	b29e      	uxth	r6, r3
10004aa2:	42a7      	cmp	r7, r4
10004aa4:	d803      	bhi.n	10004aae <tu_fifo_read_n+0x52>
10004aa6:	1be4      	subs	r4, r4, r7
10004aa8:	b2a4      	uxth	r4, r4
10004aaa:	42a7      	cmp	r7, r4
10004aac:	d9fb      	bls.n	10004aa6 <tu_fifo_read_n+0x4a>
10004aae:	88eb      	ldrh	r3, [r5, #6]
10004ab0:	1b38      	subs	r0, r7, r4
10004ab2:	0019      	movs	r1, r3
10004ab4:	4698      	mov	r8, r3
10004ab6:	682b      	ldr	r3, [r5, #0]
10004ab8:	4361      	muls	r1, r4
10004aba:	469c      	mov	ip, r3
10004abc:	b280      	uxth	r0, r0
10004abe:	4461      	add	r1, ip
10004ac0:	42b0      	cmp	r0, r6
10004ac2:	d238      	bcs.n	10004b36 <tu_fifo_read_n+0xda>
10004ac4:	4643      	mov	r3, r8
10004ac6:	4358      	muls	r0, r3
10004ac8:	b283      	uxth	r3, r0
10004aca:	001a      	movs	r2, r3
10004acc:	4648      	mov	r0, r9
10004ace:	469a      	mov	sl, r3
10004ad0:	f7fd fbc4 	bl	1000225c <__wrap___aeabi_memcpy>
10004ad4:	4643      	mov	r3, r8
10004ad6:	4648      	mov	r0, r9
10004ad8:	1bf7      	subs	r7, r6, r7
10004ada:	19e4      	adds	r4, r4, r7
10004adc:	435c      	muls	r4, r3
10004ade:	4450      	add	r0, sl
10004ae0:	b2a2      	uxth	r2, r4
10004ae2:	6829      	ldr	r1, [r5, #0]
10004ae4:	f7fd fbba 	bl	1000225c <__wrap___aeabi_memcpy>
10004ae8:	8a2a      	ldrh	r2, [r5, #16]
10004aea:	b292      	uxth	r2, r2
10004aec:	1993      	adds	r3, r2, r6
10004aee:	b29b      	uxth	r3, r3
10004af0:	429a      	cmp	r2, r3
10004af2:	d91c      	bls.n	10004b2e <tu_fifo_read_n+0xd2>
10004af4:	896a      	ldrh	r2, [r5, #10]
10004af6:	189b      	adds	r3, r3, r2
10004af8:	b29b      	uxth	r3, r3
10004afa:	69a8      	ldr	r0, [r5, #24]
10004afc:	822b      	strh	r3, [r5, #16]
10004afe:	2800      	cmp	r0, #0
10004b00:	d001      	beq.n	10004b06 <tu_fifo_read_n+0xaa>
10004b02:	f000 fa75 	bl	10004ff0 <__mutex_exit_veneer>
10004b06:	0030      	movs	r0, r6
10004b08:	bc1c      	pop	{r2, r3, r4}
10004b0a:	4690      	mov	r8, r2
10004b0c:	4699      	mov	r9, r3
10004b0e:	46a2      	mov	sl, r4
10004b10:	bdf0      	pop	{r4, r5, r6, r7, pc}
10004b12:	42bb      	cmp	r3, r7
10004b14:	d217      	bcs.n	10004b46 <tu_fifo_read_n+0xea>
10004b16:	896a      	ldrh	r2, [r5, #10]
10004b18:	18ba      	adds	r2, r7, r2
10004b1a:	1a9a      	subs	r2, r3, r2
10004b1c:	b292      	uxth	r2, r2
10004b1e:	822a      	strh	r2, [r5, #16]
10004b20:	8a2c      	ldrh	r4, [r5, #16]
10004b22:	003e      	movs	r6, r7
10004b24:	b2a4      	uxth	r4, r4
10004b26:	2e00      	cmp	r6, #0
10004b28:	d1b7      	bne.n	10004a9a <tu_fifo_read_n+0x3e>
10004b2a:	8a2b      	ldrh	r3, [r5, #16]
10004b2c:	b29b      	uxth	r3, r3
10004b2e:	89aa      	ldrh	r2, [r5, #12]
10004b30:	429a      	cmp	r2, r3
10004b32:	d2e2      	bcs.n	10004afa <tu_fifo_read_n+0x9e>
10004b34:	e7de      	b.n	10004af4 <tu_fifo_read_n+0x98>
10004b36:	4642      	mov	r2, r8
10004b38:	4648      	mov	r0, r9
10004b3a:	4372      	muls	r2, r6
10004b3c:	f7fd fb8e 	bl	1000225c <__wrap___aeabi_memcpy>
10004b40:	e7d2      	b.n	10004ae8 <tu_fifo_read_n+0x8c>
10004b42:	1c33      	adds	r3, r6, #0
10004b44:	e7ac      	b.n	10004aa0 <tu_fifo_read_n+0x44>
10004b46:	1bda      	subs	r2, r3, r7
10004b48:	89a9      	ldrh	r1, [r5, #12]
10004b4a:	b292      	uxth	r2, r2
10004b4c:	4291      	cmp	r1, r2
10004b4e:	d2e6      	bcs.n	10004b1e <tu_fifo_read_n+0xc2>
10004b50:	e7e1      	b.n	10004b16 <tu_fifo_read_n+0xba>
10004b52:	46c0      	nop			; (mov r8, r8)

10004b54 <tu_fifo_write>:
10004b54:	b5f8      	push	{r3, r4, r5, r6, r7, lr}
10004b56:	0004      	movs	r4, r0
10004b58:	6940      	ldr	r0, [r0, #20]
10004b5a:	000e      	movs	r6, r1
10004b5c:	2800      	cmp	r0, #0
10004b5e:	d003      	beq.n	10004b68 <tu_fifo_write+0x14>
10004b60:	2101      	movs	r1, #1
10004b62:	4249      	negs	r1, r1
10004b64:	f000 fa5c 	bl	10005020 <__mutex_enter_timeout_ms_veneer>
10004b68:	89e5      	ldrh	r5, [r4, #14]
10004b6a:	8a23      	ldrh	r3, [r4, #16]
10004b6c:	b2ad      	uxth	r5, r5
10004b6e:	b29b      	uxth	r3, r3
10004b70:	1aea      	subs	r2, r5, r3
10004b72:	b292      	uxth	r2, r2
10004b74:	42ab      	cmp	r3, r5
10004b76:	d902      	bls.n	10004b7e <tu_fifo_write+0x2a>
10004b78:	8963      	ldrh	r3, [r4, #10]
10004b7a:	1ad2      	subs	r2, r2, r3
10004b7c:	b292      	uxth	r2, r2
10004b7e:	88a3      	ldrh	r3, [r4, #4]
10004b80:	4293      	cmp	r3, r2
10004b82:	d022      	beq.n	10004bca <tu_fifo_write+0x76>
10004b84:	0028      	movs	r0, r5
10004b86:	429d      	cmp	r5, r3
10004b88:	d303      	bcc.n	10004b92 <tu_fifo_write+0x3e>
10004b8a:	1ac0      	subs	r0, r0, r3
10004b8c:	b280      	uxth	r0, r0
10004b8e:	4283      	cmp	r3, r0
10004b90:	d9fb      	bls.n	10004b8a <tu_fifo_write+0x36>
10004b92:	6823      	ldr	r3, [r4, #0]
10004b94:	88e2      	ldrh	r2, [r4, #6]
10004b96:	469c      	mov	ip, r3
10004b98:	4350      	muls	r0, r2
10004b9a:	0031      	movs	r1, r6
10004b9c:	4460      	add	r0, ip
10004b9e:	f7fd fb5d 	bl	1000225c <__wrap___aeabi_memcpy>
10004ba2:	1c6b      	adds	r3, r5, #1
10004ba4:	b29b      	uxth	r3, r3
10004ba6:	429d      	cmp	r5, r3
10004ba8:	d90b      	bls.n	10004bc2 <tu_fifo_write+0x6e>
10004baa:	8962      	ldrh	r2, [r4, #10]
10004bac:	189b      	adds	r3, r3, r2
10004bae:	b29b      	uxth	r3, r3
10004bb0:	6960      	ldr	r0, [r4, #20]
10004bb2:	81e3      	strh	r3, [r4, #14]
10004bb4:	2701      	movs	r7, #1
10004bb6:	2800      	cmp	r0, #0
10004bb8:	d001      	beq.n	10004bbe <tu_fifo_write+0x6a>
10004bba:	f000 fa19 	bl	10004ff0 <__mutex_exit_veneer>
10004bbe:	0038      	movs	r0, r7
10004bc0:	bdf8      	pop	{r3, r4, r5, r6, r7, pc}
10004bc2:	89a2      	ldrh	r2, [r4, #12]
10004bc4:	429a      	cmp	r2, r3
10004bc6:	d2f3      	bcs.n	10004bb0 <tu_fifo_write+0x5c>
10004bc8:	e7ef      	b.n	10004baa <tu_fifo_write+0x56>
10004bca:	7a27      	ldrb	r7, [r4, #8]
10004bcc:	2f00      	cmp	r7, #0
10004bce:	d1d9      	bne.n	10004b84 <tu_fifo_write+0x30>
10004bd0:	e7f5      	b.n	10004bbe <tu_fifo_write+0x6a>
10004bd2:	46c0      	nop			; (mov r8, r8)

10004bd4 <tu_fifo_write_n>:
10004bd4:	b5f8      	push	{r3, r4, r5, r6, r7, lr}
10004bd6:	464e      	mov	r6, r9
10004bd8:	4645      	mov	r5, r8
10004bda:	46de      	mov	lr, fp
10004bdc:	4657      	mov	r7, sl
10004bde:	4689      	mov	r9, r1
10004be0:	b5e0      	push	{r5, r6, r7, lr}
10004be2:	0005      	movs	r5, r0
10004be4:	1e16      	subs	r6, r2, #0
10004be6:	d058      	beq.n	10004c9a <tu_fifo_write_n+0xc6>
10004be8:	6940      	ldr	r0, [r0, #20]
10004bea:	2800      	cmp	r0, #0
10004bec:	d003      	beq.n	10004bf6 <tu_fifo_write_n+0x22>
10004bee:	2101      	movs	r1, #1
10004bf0:	4249      	negs	r1, r1
10004bf2:	f000 fa15 	bl	10005020 <__mutex_enter_timeout_ms_veneer>
10004bf6:	88ea      	ldrh	r2, [r5, #6]
10004bf8:	89ef      	ldrh	r7, [r5, #14]
10004bfa:	4690      	mov	r8, r2
10004bfc:	8a29      	ldrh	r1, [r5, #16]
10004bfe:	7a2a      	ldrb	r2, [r5, #8]
10004c00:	b2bf      	uxth	r7, r7
10004c02:	b289      	uxth	r1, r1
10004c04:	88ab      	ldrh	r3, [r5, #4]
10004c06:	2a00      	cmp	r2, #0
10004c08:	d138      	bne.n	10004c7c <tu_fifo_write_n+0xa8>
10004c0a:	1a7a      	subs	r2, r7, r1
10004c0c:	b292      	uxth	r2, r2
10004c0e:	428f      	cmp	r7, r1
10004c10:	d202      	bcs.n	10004c18 <tu_fifo_write_n+0x44>
10004c12:	8969      	ldrh	r1, [r5, #10]
10004c14:	1a52      	subs	r2, r2, r1
10004c16:	b292      	uxth	r2, r2
10004c18:	1a9a      	subs	r2, r3, r2
10004c1a:	1c11      	adds	r1, r2, #0
10004c1c:	b292      	uxth	r2, r2
10004c1e:	42b2      	cmp	r2, r6
10004c20:	d84f      	bhi.n	10004cc2 <tu_fifo_write_n+0xee>
10004c22:	b28e      	uxth	r6, r1
10004c24:	1af4      	subs	r4, r6, r3
10004c26:	b2a2      	uxth	r2, r4
10004c28:	4692      	mov	sl, r2
10004c2a:	003c      	movs	r4, r7
10004c2c:	429f      	cmp	r7, r3
10004c2e:	d303      	bcc.n	10004c38 <tu_fifo_write_n+0x64>
10004c30:	1ae4      	subs	r4, r4, r3
10004c32:	b2a4      	uxth	r4, r4
10004c34:	429c      	cmp	r4, r3
10004c36:	d2fb      	bcs.n	10004c30 <tu_fifo_write_n+0x5c>
10004c38:	4640      	mov	r0, r8
10004c3a:	682a      	ldr	r2, [r5, #0]
10004c3c:	4360      	muls	r0, r4
10004c3e:	4694      	mov	ip, r2
10004c40:	1b1b      	subs	r3, r3, r4
10004c42:	b29b      	uxth	r3, r3
10004c44:	4460      	add	r0, ip
10004c46:	4642      	mov	r2, r8
10004c48:	429e      	cmp	r6, r3
10004c4a:	d828      	bhi.n	10004c9e <tu_fifo_write_n+0xca>
10004c4c:	4372      	muls	r2, r6
10004c4e:	4649      	mov	r1, r9
10004c50:	f7fd fb04 	bl	1000225c <__wrap___aeabi_memcpy>
10004c54:	19f3      	adds	r3, r6, r7
10004c56:	b29b      	uxth	r3, r3
10004c58:	429f      	cmp	r7, r3
10004c5a:	d81a      	bhi.n	10004c92 <tu_fifo_write_n+0xbe>
10004c5c:	89aa      	ldrh	r2, [r5, #12]
10004c5e:	429a      	cmp	r2, r3
10004c60:	d317      	bcc.n	10004c92 <tu_fifo_write_n+0xbe>
10004c62:	6968      	ldr	r0, [r5, #20]
10004c64:	81eb      	strh	r3, [r5, #14]
10004c66:	2800      	cmp	r0, #0
10004c68:	d001      	beq.n	10004c6e <tu_fifo_write_n+0x9a>
10004c6a:	f000 f9c1 	bl	10004ff0 <__mutex_exit_veneer>
10004c6e:	0030      	movs	r0, r6
10004c70:	bc3c      	pop	{r2, r3, r4, r5}
10004c72:	4690      	mov	r8, r2
10004c74:	4699      	mov	r9, r3
10004c76:	46a2      	mov	sl, r4
10004c78:	46ab      	mov	fp, r5
10004c7a:	bdf8      	pop	{r3, r4, r5, r6, r7, pc}
10004c7c:	429e      	cmp	r6, r3
10004c7e:	d322      	bcc.n	10004cc6 <tu_fifo_write_n+0xf2>
10004c80:	4642      	mov	r2, r8
10004c82:	1af6      	subs	r6, r6, r3
10004c84:	4356      	muls	r6, r2
10004c86:	2200      	movs	r2, #0
10004c88:	44b1      	add	r9, r6
10004c8a:	000f      	movs	r7, r1
10004c8c:	001e      	movs	r6, r3
10004c8e:	4692      	mov	sl, r2
10004c90:	e7cb      	b.n	10004c2a <tu_fifo_write_n+0x56>
10004c92:	896a      	ldrh	r2, [r5, #10]
10004c94:	189b      	adds	r3, r3, r2
10004c96:	b29b      	uxth	r3, r3
10004c98:	e7e3      	b.n	10004c62 <tu_fifo_write_n+0x8e>
10004c9a:	2600      	movs	r6, #0
10004c9c:	e7e7      	b.n	10004c6e <tu_fifo_write_n+0x9a>
10004c9e:	4353      	muls	r3, r2
10004ca0:	b29b      	uxth	r3, r3
10004ca2:	001a      	movs	r2, r3
10004ca4:	4649      	mov	r1, r9
10004ca6:	469b      	mov	fp, r3
10004ca8:	f7fd fad8 	bl	1000225c <__wrap___aeabi_memcpy>
10004cac:	0022      	movs	r2, r4
10004cae:	4643      	mov	r3, r8
10004cb0:	4649      	mov	r1, r9
10004cb2:	4452      	add	r2, sl
10004cb4:	435a      	muls	r2, r3
10004cb6:	4459      	add	r1, fp
10004cb8:	b292      	uxth	r2, r2
10004cba:	6828      	ldr	r0, [r5, #0]
10004cbc:	f7fd face 	bl	1000225c <__wrap___aeabi_memcpy>
10004cc0:	e7c8      	b.n	10004c54 <tu_fifo_write_n+0x80>
10004cc2:	1c31      	adds	r1, r6, #0
10004cc4:	e7ad      	b.n	10004c22 <tu_fifo_write_n+0x4e>
10004cc6:	1af4      	subs	r4, r6, r3
10004cc8:	b2a2      	uxth	r2, r4
10004cca:	4692      	mov	sl, r2
10004ccc:	e7ad      	b.n	10004c2a <tu_fifo_write_n+0x56>
10004cce:	46c0      	nop			; (mov r8, r8)

10004cd0 <tu_fifo_clear>:
10004cd0:	b510      	push	{r4, lr}
10004cd2:	0004      	movs	r4, r0
10004cd4:	6940      	ldr	r0, [r0, #20]
10004cd6:	2800      	cmp	r0, #0
10004cd8:	d003      	beq.n	10004ce2 <tu_fifo_clear+0x12>
10004cda:	2101      	movs	r1, #1
10004cdc:	4249      	negs	r1, r1
10004cde:	f000 f99f 	bl	10005020 <__mutex_enter_timeout_ms_veneer>
10004ce2:	69a0      	ldr	r0, [r4, #24]
10004ce4:	2800      	cmp	r0, #0
10004ce6:	d003      	beq.n	10004cf0 <tu_fifo_clear+0x20>
10004ce8:	2101      	movs	r1, #1
10004cea:	4249      	negs	r1, r1
10004cec:	f000 f998 	bl	10005020 <__mutex_enter_timeout_ms_veneer>
10004cf0:	2300      	movs	r3, #0
10004cf2:	81e3      	strh	r3, [r4, #14]
10004cf4:	8223      	strh	r3, [r4, #16]
10004cf6:	88a3      	ldrh	r3, [r4, #4]
10004cf8:	6960      	ldr	r0, [r4, #20]
10004cfa:	005b      	lsls	r3, r3, #1
10004cfc:	b29b      	uxth	r3, r3
10004cfe:	1e5a      	subs	r2, r3, #1
10004d00:	425b      	negs	r3, r3
10004d02:	81a2      	strh	r2, [r4, #12]
10004d04:	8163      	strh	r3, [r4, #10]
10004d06:	2800      	cmp	r0, #0
10004d08:	d001      	beq.n	10004d0e <tu_fifo_clear+0x3e>
10004d0a:	f000 f971 	bl	10004ff0 <__mutex_exit_veneer>
10004d0e:	69a0      	ldr	r0, [r4, #24]
10004d10:	2800      	cmp	r0, #0
10004d12:	d001      	beq.n	10004d18 <tu_fifo_clear+0x48>
10004d14:	f000 f96c 	bl	10004ff0 <__mutex_exit_veneer>
10004d18:	2001      	movs	r0, #1
10004d1a:	bd10      	pop	{r4, pc}

10004d1c <tu_fifo_set_overwritable>:
10004d1c:	b570      	push	{r4, r5, r6, lr}
10004d1e:	0004      	movs	r4, r0
10004d20:	6940      	ldr	r0, [r0, #20]
10004d22:	000d      	movs	r5, r1
10004d24:	2800      	cmp	r0, #0
10004d26:	d003      	beq.n	10004d30 <tu_fifo_set_overwritable+0x14>
10004d28:	2101      	movs	r1, #1
10004d2a:	4249      	negs	r1, r1
10004d2c:	f000 f978 	bl	10005020 <__mutex_enter_timeout_ms_veneer>
10004d30:	69a0      	ldr	r0, [r4, #24]
10004d32:	2800      	cmp	r0, #0
10004d34:	d003      	beq.n	10004d3e <tu_fifo_set_overwritable+0x22>
10004d36:	2101      	movs	r1, #1
10004d38:	4249      	negs	r1, r1
10004d3a:	f000 f971 	bl	10005020 <__mutex_enter_timeout_ms_veneer>
10004d3e:	6960      	ldr	r0, [r4, #20]
10004d40:	7225      	strb	r5, [r4, #8]
10004d42:	2800      	cmp	r0, #0
10004d44:	d001      	beq.n	10004d4a <tu_fifo_set_overwritable+0x2e>
10004d46:	f000 f953 	bl	10004ff0 <__mutex_exit_veneer>
10004d4a:	69a0      	ldr	r0, [r4, #24]
10004d4c:	2800      	cmp	r0, #0
10004d4e:	d001      	beq.n	10004d54 <tu_fifo_set_overwritable+0x38>
10004d50:	f000 f94e 	bl	10004ff0 <__mutex_exit_veneer>
10004d54:	2001      	movs	r0, #1
10004d56:	bd70      	pop	{r4, r5, r6, pc}

10004d58 <_retrieve_unique_id_on_boot>:
10004d58:	b510      	push	{r4, lr}
10004d5a:	4802      	ldr	r0, [pc, #8]	; (10004d64 <_retrieve_unique_id_on_boot+0xc>)
10004d5c:	f000 f8ea 	bl	10004f34 <flash_get_unique_id>
10004d60:	bd10      	pop	{r4, pc}
10004d62:	46c0      	nop			; (mov r8, r8)
10004d64:	20000ef0 	.word	0x20000ef0

10004d68 <pico_get_unique_board_id_string>:
10004d68:	3901      	subs	r1, #1
10004d6a:	b530      	push	{r4, r5, lr}
10004d6c:	2900      	cmp	r1, #0
10004d6e:	d100      	bne.n	10004d72 <pico_get_unique_board_id_string+0xa>
10004d70:	e0b8      	b.n	10004ee4 <pico_get_unique_board_id_string+0x17c>
10004d72:	4b6f      	ldr	r3, [pc, #444]	; (10004f30 <pico_get_unique_board_id_string+0x1c8>)
10004d74:	781a      	ldrb	r2, [r3, #0]
10004d76:	1112      	asrs	r2, r2, #4
10004d78:	b2d5      	uxtb	r5, r2
10004d7a:	002c      	movs	r4, r5
10004d7c:	3430      	adds	r4, #48	; 0x30
10004d7e:	2a09      	cmp	r2, #9
10004d80:	dd00      	ble.n	10004d84 <pico_get_unique_board_id_string+0x1c>
10004d82:	e0b2      	b.n	10004eea <pico_get_unique_board_id_string+0x182>
10004d84:	7004      	strb	r4, [r0, #0]
10004d86:	2901      	cmp	r1, #1
10004d88:	d100      	bne.n	10004d8c <pico_get_unique_board_id_string+0x24>
10004d8a:	e0ce      	b.n	10004f2a <pico_get_unique_board_id_string+0x1c2>
10004d8c:	220f      	movs	r2, #15
10004d8e:	781c      	ldrb	r4, [r3, #0]
10004d90:	4022      	ands	r2, r4
10004d92:	0014      	movs	r4, r2
10004d94:	3430      	adds	r4, #48	; 0x30
10004d96:	2a09      	cmp	r2, #9
10004d98:	d900      	bls.n	10004d9c <pico_get_unique_board_id_string+0x34>
10004d9a:	e0a8      	b.n	10004eee <pico_get_unique_board_id_string+0x186>
10004d9c:	7044      	strb	r4, [r0, #1]
10004d9e:	2902      	cmp	r1, #2
10004da0:	d100      	bne.n	10004da4 <pico_get_unique_board_id_string+0x3c>
10004da2:	e0c2      	b.n	10004f2a <pico_get_unique_board_id_string+0x1c2>
10004da4:	785a      	ldrb	r2, [r3, #1]
10004da6:	1112      	asrs	r2, r2, #4
10004da8:	b2d5      	uxtb	r5, r2
10004daa:	002c      	movs	r4, r5
10004dac:	3430      	adds	r4, #48	; 0x30
10004dae:	2a09      	cmp	r2, #9
10004db0:	dd00      	ble.n	10004db4 <pico_get_unique_board_id_string+0x4c>
10004db2:	e09f      	b.n	10004ef4 <pico_get_unique_board_id_string+0x18c>
10004db4:	7084      	strb	r4, [r0, #2]
10004db6:	2903      	cmp	r1, #3
10004db8:	d100      	bne.n	10004dbc <pico_get_unique_board_id_string+0x54>
10004dba:	e0b6      	b.n	10004f2a <pico_get_unique_board_id_string+0x1c2>
10004dbc:	220f      	movs	r2, #15
10004dbe:	785c      	ldrb	r4, [r3, #1]
10004dc0:	4022      	ands	r2, r4
10004dc2:	0014      	movs	r4, r2
10004dc4:	3430      	adds	r4, #48	; 0x30
10004dc6:	2a09      	cmp	r2, #9
10004dc8:	d900      	bls.n	10004dcc <pico_get_unique_board_id_string+0x64>
10004dca:	e095      	b.n	10004ef8 <pico_get_unique_board_id_string+0x190>
10004dcc:	70c4      	strb	r4, [r0, #3]
10004dce:	2904      	cmp	r1, #4
10004dd0:	d100      	bne.n	10004dd4 <pico_get_unique_board_id_string+0x6c>
10004dd2:	e0aa      	b.n	10004f2a <pico_get_unique_board_id_string+0x1c2>
10004dd4:	789a      	ldrb	r2, [r3, #2]
10004dd6:	1112      	asrs	r2, r2, #4
10004dd8:	b2d5      	uxtb	r5, r2
10004dda:	002c      	movs	r4, r5
10004ddc:	3430      	adds	r4, #48	; 0x30
10004dde:	2a09      	cmp	r2, #9
10004de0:	dd00      	ble.n	10004de4 <pico_get_unique_board_id_string+0x7c>
10004de2:	e08c      	b.n	10004efe <pico_get_unique_board_id_string+0x196>
10004de4:	7104      	strb	r4, [r0, #4]
10004de6:	2905      	cmp	r1, #5
10004de8:	d100      	bne.n	10004dec <pico_get_unique_board_id_string+0x84>
10004dea:	e09e      	b.n	10004f2a <pico_get_unique_board_id_string+0x1c2>
10004dec:	220f      	movs	r2, #15
10004dee:	789c      	ldrb	r4, [r3, #2]
10004df0:	4022      	ands	r2, r4
10004df2:	0014      	movs	r4, r2
10004df4:	3430      	adds	r4, #48	; 0x30
10004df6:	2a09      	cmp	r2, #9
10004df8:	d900      	bls.n	10004dfc <pico_get_unique_board_id_string+0x94>
10004dfa:	e082      	b.n	10004f02 <pico_get_unique_board_id_string+0x19a>
10004dfc:	7144      	strb	r4, [r0, #5]
10004dfe:	2906      	cmp	r1, #6
10004e00:	d100      	bne.n	10004e04 <pico_get_unique_board_id_string+0x9c>
10004e02:	e092      	b.n	10004f2a <pico_get_unique_board_id_string+0x1c2>
10004e04:	78da      	ldrb	r2, [r3, #3]
10004e06:	1112      	asrs	r2, r2, #4
10004e08:	b2d5      	uxtb	r5, r2
10004e0a:	002c      	movs	r4, r5
10004e0c:	3430      	adds	r4, #48	; 0x30
10004e0e:	2a09      	cmp	r2, #9
10004e10:	dd00      	ble.n	10004e14 <pico_get_unique_board_id_string+0xac>
10004e12:	e079      	b.n	10004f08 <pico_get_unique_board_id_string+0x1a0>
10004e14:	7184      	strb	r4, [r0, #6]
10004e16:	2907      	cmp	r1, #7
10004e18:	d100      	bne.n	10004e1c <pico_get_unique_board_id_string+0xb4>
10004e1a:	e086      	b.n	10004f2a <pico_get_unique_board_id_string+0x1c2>
10004e1c:	220f      	movs	r2, #15
10004e1e:	78dc      	ldrb	r4, [r3, #3]
10004e20:	4022      	ands	r2, r4
10004e22:	0014      	movs	r4, r2
10004e24:	3430      	adds	r4, #48	; 0x30
10004e26:	2a09      	cmp	r2, #9
10004e28:	d900      	bls.n	10004e2c <pico_get_unique_board_id_string+0xc4>
10004e2a:	e06f      	b.n	10004f0c <pico_get_unique_board_id_string+0x1a4>
10004e2c:	71c4      	strb	r4, [r0, #7]
10004e2e:	2908      	cmp	r1, #8
10004e30:	d100      	bne.n	10004e34 <pico_get_unique_board_id_string+0xcc>
10004e32:	e07a      	b.n	10004f2a <pico_get_unique_board_id_string+0x1c2>
10004e34:	791a      	ldrb	r2, [r3, #4]
10004e36:	1112      	asrs	r2, r2, #4
10004e38:	b2d5      	uxtb	r5, r2
10004e3a:	002c      	movs	r4, r5
10004e3c:	3430      	adds	r4, #48	; 0x30
10004e3e:	2a09      	cmp	r2, #9
10004e40:	dc67      	bgt.n	10004f12 <pico_get_unique_board_id_string+0x1aa>
10004e42:	7204      	strb	r4, [r0, #8]
10004e44:	2909      	cmp	r1, #9
10004e46:	d100      	bne.n	10004e4a <pico_get_unique_board_id_string+0xe2>
10004e48:	e06f      	b.n	10004f2a <pico_get_unique_board_id_string+0x1c2>
10004e4a:	220f      	movs	r2, #15
10004e4c:	791c      	ldrb	r4, [r3, #4]
10004e4e:	4022      	ands	r2, r4
10004e50:	0014      	movs	r4, r2
10004e52:	3430      	adds	r4, #48	; 0x30
10004e54:	2a09      	cmp	r2, #9
10004e56:	d85e      	bhi.n	10004f16 <pico_get_unique_board_id_string+0x1ae>
10004e58:	7244      	strb	r4, [r0, #9]
10004e5a:	290a      	cmp	r1, #10
10004e5c:	d065      	beq.n	10004f2a <pico_get_unique_board_id_string+0x1c2>
10004e5e:	795a      	ldrb	r2, [r3, #5]
10004e60:	1112      	asrs	r2, r2, #4
10004e62:	b2d5      	uxtb	r5, r2
10004e64:	002c      	movs	r4, r5
10004e66:	3430      	adds	r4, #48	; 0x30
10004e68:	2a09      	cmp	r2, #9
10004e6a:	dc57      	bgt.n	10004f1c <pico_get_unique_board_id_string+0x1b4>
10004e6c:	7284      	strb	r4, [r0, #10]
10004e6e:	290b      	cmp	r1, #11
10004e70:	d05b      	beq.n	10004f2a <pico_get_unique_board_id_string+0x1c2>
10004e72:	220f      	movs	r2, #15
10004e74:	795c      	ldrb	r4, [r3, #5]
10004e76:	4022      	ands	r2, r4
10004e78:	0014      	movs	r4, r2
10004e7a:	3430      	adds	r4, #48	; 0x30
10004e7c:	2a09      	cmp	r2, #9
10004e7e:	d84f      	bhi.n	10004f20 <pico_get_unique_board_id_string+0x1b8>
10004e80:	72c4      	strb	r4, [r0, #11]
10004e82:	290c      	cmp	r1, #12
10004e84:	d051      	beq.n	10004f2a <pico_get_unique_board_id_string+0x1c2>
10004e86:	799a      	ldrb	r2, [r3, #6]
10004e88:	1112      	asrs	r2, r2, #4
10004e8a:	b2d5      	uxtb	r5, r2
10004e8c:	002c      	movs	r4, r5
10004e8e:	3430      	adds	r4, #48	; 0x30
10004e90:	2a09      	cmp	r2, #9
10004e92:	dd00      	ble.n	10004e96 <pico_get_unique_board_id_string+0x12e>
10004e94:	3407      	adds	r4, #7
10004e96:	7304      	strb	r4, [r0, #12]
10004e98:	290d      	cmp	r1, #13
10004e9a:	d046      	beq.n	10004f2a <pico_get_unique_board_id_string+0x1c2>
10004e9c:	220f      	movs	r2, #15
10004e9e:	799c      	ldrb	r4, [r3, #6]
10004ea0:	4022      	ands	r2, r4
10004ea2:	0014      	movs	r4, r2
10004ea4:	3430      	adds	r4, #48	; 0x30
10004ea6:	2a09      	cmp	r2, #9
10004ea8:	d901      	bls.n	10004eae <pico_get_unique_board_id_string+0x146>
10004eaa:	3237      	adds	r2, #55	; 0x37
10004eac:	0014      	movs	r4, r2
10004eae:	7344      	strb	r4, [r0, #13]
10004eb0:	290e      	cmp	r1, #14
10004eb2:	d03a      	beq.n	10004f2a <pico_get_unique_board_id_string+0x1c2>
10004eb4:	79da      	ldrb	r2, [r3, #7]
10004eb6:	1112      	asrs	r2, r2, #4
10004eb8:	b2d5      	uxtb	r5, r2
10004eba:	002c      	movs	r4, r5
10004ebc:	3430      	adds	r4, #48	; 0x30
10004ebe:	2a09      	cmp	r2, #9
10004ec0:	dd00      	ble.n	10004ec4 <pico_get_unique_board_id_string+0x15c>
10004ec2:	3407      	adds	r4, #7
10004ec4:	7384      	strb	r4, [r0, #14]
10004ec6:	290f      	cmp	r1, #15
10004ec8:	d02f      	beq.n	10004f2a <pico_get_unique_board_id_string+0x1c2>
10004eca:	79da      	ldrb	r2, [r3, #7]
10004ecc:	230f      	movs	r3, #15
10004ece:	4013      	ands	r3, r2
10004ed0:	001a      	movs	r2, r3
10004ed2:	3237      	adds	r2, #55	; 0x37
10004ed4:	2b09      	cmp	r3, #9
10004ed6:	d801      	bhi.n	10004edc <pico_get_unique_board_id_string+0x174>
10004ed8:	3330      	adds	r3, #48	; 0x30
10004eda:	001a      	movs	r2, r3
10004edc:	73c2      	strb	r2, [r0, #15]
10004ede:	2910      	cmp	r1, #16
10004ee0:	d023      	beq.n	10004f2a <pico_get_unique_board_id_string+0x1c2>
10004ee2:	3010      	adds	r0, #16
10004ee4:	2300      	movs	r3, #0
10004ee6:	7003      	strb	r3, [r0, #0]
10004ee8:	bd30      	pop	{r4, r5, pc}
10004eea:	3407      	adds	r4, #7
10004eec:	e74a      	b.n	10004d84 <pico_get_unique_board_id_string+0x1c>
10004eee:	3237      	adds	r2, #55	; 0x37
10004ef0:	0014      	movs	r4, r2
10004ef2:	e753      	b.n	10004d9c <pico_get_unique_board_id_string+0x34>
10004ef4:	3407      	adds	r4, #7
10004ef6:	e75d      	b.n	10004db4 <pico_get_unique_board_id_string+0x4c>
10004ef8:	3237      	adds	r2, #55	; 0x37
10004efa:	0014      	movs	r4, r2
10004efc:	e766      	b.n	10004dcc <pico_get_unique_board_id_string+0x64>
10004efe:	3407      	adds	r4, #7
10004f00:	e770      	b.n	10004de4 <pico_get_unique_board_id_string+0x7c>
10004f02:	3237      	adds	r2, #55	; 0x37
10004f04:	0014      	movs	r4, r2
10004f06:	e779      	b.n	10004dfc <pico_get_unique_board_id_string+0x94>
10004f08:	3407      	adds	r4, #7
10004f0a:	e783      	b.n	10004e14 <pico_get_unique_board_id_string+0xac>
10004f0c:	3237      	adds	r2, #55	; 0x37
10004f0e:	0014      	movs	r4, r2
10004f10:	e78c      	b.n	10004e2c <pico_get_unique_board_id_string+0xc4>
10004f12:	3407      	adds	r4, #7
10004f14:	e795      	b.n	10004e42 <pico_get_unique_board_id_string+0xda>
10004f16:	3237      	adds	r2, #55	; 0x37
10004f18:	0014      	movs	r4, r2
10004f1a:	e79d      	b.n	10004e58 <pico_get_unique_board_id_string+0xf0>
10004f1c:	3407      	adds	r4, #7
10004f1e:	e7a5      	b.n	10004e6c <pico_get_unique_board_id_string+0x104>
10004f20:	3237      	adds	r2, #55	; 0x37
10004f22:	0014      	movs	r4, r2
10004f24:	72c4      	strb	r4, [r0, #11]
10004f26:	290c      	cmp	r1, #12
10004f28:	d1ad      	bne.n	10004e86 <pico_get_unique_board_id_string+0x11e>
10004f2a:	1840      	adds	r0, r0, r1
10004f2c:	e7da      	b.n	10004ee4 <pico_get_unique_board_id_string+0x17c>
10004f2e:	46c0      	nop			; (mov r8, r8)
10004f30:	20000ef0 	.word	0x20000ef0

10004f34 <flash_get_unique_id>:
10004f34:	b510      	push	{r4, lr}
10004f36:	b088      	sub	sp, #32
10004f38:	0004      	movs	r4, r0
10004f3a:	220d      	movs	r2, #13
10004f3c:	2100      	movs	r1, #0
10004f3e:	4668      	mov	r0, sp
10004f40:	f7fd f986 	bl	10002250 <__wrap_memset>
10004f44:	220d      	movs	r2, #13
10004f46:	2100      	movs	r1, #0
10004f48:	a804      	add	r0, sp, #16
10004f4a:	f7fd f981 	bl	10002250 <__wrap_memset>
10004f4e:	234b      	movs	r3, #75	; 0x4b
10004f50:	466a      	mov	r2, sp
10004f52:	a904      	add	r1, sp, #16
10004f54:	7013      	strb	r3, [r2, #0]
10004f56:	4668      	mov	r0, sp
10004f58:	220d      	movs	r2, #13
10004f5a:	f000 f841 	bl	10004fe0 <__flash_do_cmd_veneer>
10004f5e:	2115      	movs	r1, #21
10004f60:	2208      	movs	r2, #8
10004f62:	4469      	add	r1, sp
10004f64:	0020      	movs	r0, r4
10004f66:	f7fd f979 	bl	1000225c <__wrap___aeabi_memcpy>
10004f6a:	b008      	add	sp, #32
10004f6c:	bd10      	pop	{r4, pc}
10004f6e:	46c0      	nop			; (mov r8, r8)

10004f70 <strlen>:
10004f70:	b510      	push	{r4, lr}
10004f72:	0783      	lsls	r3, r0, #30
10004f74:	d027      	beq.n	10004fc6 <strlen+0x56>
10004f76:	7803      	ldrb	r3, [r0, #0]
10004f78:	2b00      	cmp	r3, #0
10004f7a:	d026      	beq.n	10004fca <strlen+0x5a>
10004f7c:	0003      	movs	r3, r0
10004f7e:	2103      	movs	r1, #3
10004f80:	e002      	b.n	10004f88 <strlen+0x18>
10004f82:	781a      	ldrb	r2, [r3, #0]
10004f84:	2a00      	cmp	r2, #0
10004f86:	d01c      	beq.n	10004fc2 <strlen+0x52>
10004f88:	3301      	adds	r3, #1
10004f8a:	420b      	tst	r3, r1
10004f8c:	d1f9      	bne.n	10004f82 <strlen+0x12>
10004f8e:	6819      	ldr	r1, [r3, #0]
10004f90:	4a0f      	ldr	r2, [pc, #60]	; (10004fd0 <strlen+0x60>)
10004f92:	4c10      	ldr	r4, [pc, #64]	; (10004fd4 <strlen+0x64>)
10004f94:	188a      	adds	r2, r1, r2
10004f96:	438a      	bics	r2, r1
10004f98:	4222      	tst	r2, r4
10004f9a:	d10f      	bne.n	10004fbc <strlen+0x4c>
10004f9c:	3304      	adds	r3, #4
10004f9e:	6819      	ldr	r1, [r3, #0]
10004fa0:	4a0b      	ldr	r2, [pc, #44]	; (10004fd0 <strlen+0x60>)
10004fa2:	188a      	adds	r2, r1, r2
10004fa4:	438a      	bics	r2, r1
10004fa6:	4222      	tst	r2, r4
10004fa8:	d108      	bne.n	10004fbc <strlen+0x4c>
10004faa:	3304      	adds	r3, #4
10004fac:	6819      	ldr	r1, [r3, #0]
10004fae:	4a08      	ldr	r2, [pc, #32]	; (10004fd0 <strlen+0x60>)
10004fb0:	188a      	adds	r2, r1, r2
10004fb2:	438a      	bics	r2, r1
10004fb4:	4222      	tst	r2, r4
10004fb6:	d0f1      	beq.n	10004f9c <strlen+0x2c>
10004fb8:	e000      	b.n	10004fbc <strlen+0x4c>
10004fba:	3301      	adds	r3, #1
10004fbc:	781a      	ldrb	r2, [r3, #0]
10004fbe:	2a00      	cmp	r2, #0
10004fc0:	d1fb      	bne.n	10004fba <strlen+0x4a>
10004fc2:	1a18      	subs	r0, r3, r0
10004fc4:	bd10      	pop	{r4, pc}
10004fc6:	0003      	movs	r3, r0
10004fc8:	e7e1      	b.n	10004f8e <strlen+0x1e>
10004fca:	2000      	movs	r0, #0
10004fcc:	e7fa      	b.n	10004fc4 <strlen+0x54>
10004fce:	46c0      	nop			; (mov r8, r8)
10004fd0:	fefefeff 	.word	0xfefefeff
10004fd4:	80808080 	.word	0x80808080

10004fd8 <_fini>:
10004fd8:	b5f8      	push	{r3, r4, r5, r6, r7, lr}
10004fda:	46c0      	nop			; (mov r8, r8)
10004fdc:	0000      	movs	r0, r0
	...

10004fe0 <__flash_do_cmd_veneer>:
10004fe0:	b401      	push	{r0}
10004fe2:	4802      	ldr	r0, [pc, #8]	; (10004fec <__flash_do_cmd_veneer+0xc>)
10004fe4:	4684      	mov	ip, r0
10004fe6:	bc01      	pop	{r0}
10004fe8:	4760      	bx	ip
10004fea:	bf00      	nop
10004fec:	20000289 	.word	0x20000289

10004ff0 <__mutex_exit_veneer>:
10004ff0:	b401      	push	{r0}
10004ff2:	4802      	ldr	r0, [pc, #8]	; (10004ffc <__mutex_exit_veneer+0xc>)
10004ff4:	4684      	mov	ip, r0
10004ff6:	bc01      	pop	{r0}
10004ff8:	4760      	bx	ip
10004ffa:	bf00      	nop
10004ffc:	200001e9 	.word	0x200001e9

10005000 <____aeabi_idiv0_veneer>:
10005000:	b401      	push	{r0}
10005002:	4802      	ldr	r0, [pc, #8]	; (1000500c <____aeabi_idiv0_veneer+0xc>)
10005004:	4684      	mov	ip, r0
10005006:	bc01      	pop	{r0}
10005008:	4760      	bx	ip
1000500a:	bf00      	nop
1000500c:	2000033d 	.word	0x2000033d

10005010 <__mutex_try_enter_veneer>:
10005010:	b401      	push	{r0}
10005012:	4802      	ldr	r0, [pc, #8]	; (1000501c <__mutex_try_enter_veneer+0xc>)
10005014:	4684      	mov	ip, r0
10005016:	bc01      	pop	{r0}
10005018:	4760      	bx	ip
1000501a:	bf00      	nop
1000501c:	20000109 	.word	0x20000109

10005020 <__mutex_enter_timeout_ms_veneer>:
10005020:	b401      	push	{r0}
10005022:	4802      	ldr	r0, [pc, #8]	; (1000502c <__mutex_enter_timeout_ms_veneer+0xc>)
10005024:	4684      	mov	ip, r0
10005026:	bc01      	pop	{r0}
10005028:	4760      	bx	ip
1000502a:	bf00      	nop
1000502c:	20000151 	.word	0x20000151

10005030 <__mutex_enter_blocking_veneer>:
10005030:	b401      	push	{r0}
10005032:	4802      	ldr	r0, [pc, #8]	; (1000503c <__mutex_enter_blocking_veneer+0xc>)
10005034:	4684      	mov	ip, r0
10005036:	bc01      	pop	{r0}
10005038:	4760      	bx	ip
1000503a:	bf00      	nop
1000503c:	200000c1 	.word	0x200000c1

Disassembly of section .data:

200000c0 <mutex_enter_blocking>:
200000c0:	23d0      	movs	r3, #208	; 0xd0
200000c2:	b530      	push	{r4, r5, lr}
200000c4:	2500      	movs	r5, #0
200000c6:	061b      	lsls	r3, r3, #24
200000c8:	575d      	ldrsb	r5, [r3, r5]
200000ca:	2400      	movs	r4, #0
200000cc:	e006      	b.n	200000dc <mutex_enter_blocking+0x1c>
200000ce:	6803      	ldr	r3, [r0, #0]
200000d0:	f3bf 8f5f 	dmb	sy
200000d4:	601c      	str	r4, [r3, #0]
200000d6:	f381 8810 	msr	PRIMASK, r1
200000da:	bf20      	wfe
200000dc:	6802      	ldr	r2, [r0, #0]
200000de:	f3ef 8110 	mrs	r1, PRIMASK
200000e2:	b672      	cpsid	i
200000e4:	6813      	ldr	r3, [r2, #0]
200000e6:	2b00      	cmp	r3, #0
200000e8:	d0fc      	beq.n	200000e4 <mutex_enter_blocking+0x24>
200000ea:	f3bf 8f5f 	dmb	sy
200000ee:	7903      	ldrb	r3, [r0, #4]
200000f0:	2b7f      	cmp	r3, #127	; 0x7f
200000f2:	d9ec      	bls.n	200000ce <mutex_enter_blocking+0xe>
200000f4:	7105      	strb	r5, [r0, #4]
200000f6:	6803      	ldr	r3, [r0, #0]
200000f8:	f3bf 8f5f 	dmb	sy
200000fc:	2200      	movs	r2, #0
200000fe:	601a      	str	r2, [r3, #0]
20000100:	f381 8810 	msr	PRIMASK, r1
20000104:	bd30      	pop	{r4, r5, pc}
20000106:	46c0      	nop			; (mov r8, r8)

20000108 <mutex_try_enter>:
20000108:	0003      	movs	r3, r0
2000010a:	b510      	push	{r4, lr}
2000010c:	6800      	ldr	r0, [r0, #0]
2000010e:	f3ef 8410 	mrs	r4, PRIMASK
20000112:	b672      	cpsid	i
20000114:	6802      	ldr	r2, [r0, #0]
20000116:	2a00      	cmp	r2, #0
20000118:	d0fc      	beq.n	20000114 <mutex_try_enter+0xc>
2000011a:	f3bf 8f5f 	dmb	sy
2000011e:	2204      	movs	r2, #4
20000120:	569a      	ldrsb	r2, [r3, r2]
20000122:	2a00      	cmp	r2, #0
20000124:	db0b      	blt.n	2000013e <mutex_try_enter+0x36>
20000126:	2900      	cmp	r1, #0
20000128:	d00f      	beq.n	2000014a <mutex_try_enter+0x42>
2000012a:	2000      	movs	r0, #0
2000012c:	600a      	str	r2, [r1, #0]
2000012e:	681b      	ldr	r3, [r3, #0]
20000130:	f3bf 8f5f 	dmb	sy
20000134:	2200      	movs	r2, #0
20000136:	601a      	str	r2, [r3, #0]
20000138:	f384 8810 	msr	PRIMASK, r4
2000013c:	bd10      	pop	{r4, pc}
2000013e:	22d0      	movs	r2, #208	; 0xd0
20000140:	0612      	lsls	r2, r2, #24
20000142:	6812      	ldr	r2, [r2, #0]
20000144:	2001      	movs	r0, #1
20000146:	711a      	strb	r2, [r3, #4]
20000148:	e7f1      	b.n	2000012e <mutex_try_enter+0x26>
2000014a:	2000      	movs	r0, #0
2000014c:	e7ef      	b.n	2000012e <mutex_try_enter+0x26>
2000014e:	46c0      	nop			; (mov r8, r8)

20000150 <mutex_enter_timeout_ms>:
20000150:	b5f0      	push	{r4, r5, r6, r7, lr}
20000152:	46c6      	mov	lr, r8
20000154:	b500      	push	{lr}
20000156:	000c      	movs	r4, r1
20000158:	4680      	mov	r8, r0
2000015a:	f000 f8f1 	bl	20000340 <__time_us_64_veneer>
2000015e:	22fa      	movs	r2, #250	; 0xfa
20000160:	0006      	movs	r6, r0
20000162:	000f      	movs	r7, r1
20000164:	0020      	movs	r0, r4
20000166:	0092      	lsls	r2, r2, #2
20000168:	2300      	movs	r3, #0
2000016a:	2100      	movs	r1, #0
2000016c:	f000 f8f0 	bl	20000350 <____wrap___aeabi_lmul_veneer>
20000170:	1980      	adds	r0, r0, r6
20000172:	4179      	adcs	r1, r7
20000174:	0004      	movs	r4, r0
20000176:	000d      	movs	r5, r1
20000178:	428f      	cmp	r7, r1
2000017a:	d82f      	bhi.n	200001dc <mutex_enter_timeout_ms+0x8c>
2000017c:	d02c      	beq.n	200001d8 <mutex_enter_timeout_ms+0x88>
2000017e:	23d0      	movs	r3, #208	; 0xd0
20000180:	061b      	lsls	r3, r3, #24
20000182:	681f      	ldr	r7, [r3, #0]
20000184:	2600      	movs	r6, #0
20000186:	e00c      	b.n	200001a2 <mutex_enter_timeout_ms+0x52>
20000188:	4642      	mov	r2, r8
2000018a:	6812      	ldr	r2, [r2, #0]
2000018c:	f3bf 8f5f 	dmb	sy
20000190:	6016      	str	r6, [r2, #0]
20000192:	f383 8810 	msr	PRIMASK, r3
20000196:	0020      	movs	r0, r4
20000198:	0029      	movs	r1, r5
2000019a:	f000 f8e1 	bl	20000360 <__best_effort_wfe_or_timeout_veneer>
2000019e:	2800      	cmp	r0, #0
200001a0:	d120      	bne.n	200001e4 <mutex_enter_timeout_ms+0x94>
200001a2:	4643      	mov	r3, r8
200001a4:	681a      	ldr	r2, [r3, #0]
200001a6:	f3ef 8310 	mrs	r3, PRIMASK
200001aa:	b672      	cpsid	i
200001ac:	6811      	ldr	r1, [r2, #0]
200001ae:	2900      	cmp	r1, #0
200001b0:	d0fc      	beq.n	200001ac <mutex_enter_timeout_ms+0x5c>
200001b2:	f3bf 8f5f 	dmb	sy
200001b6:	4642      	mov	r2, r8
200001b8:	7912      	ldrb	r2, [r2, #4]
200001ba:	2a7f      	cmp	r2, #127	; 0x7f
200001bc:	d9e4      	bls.n	20000188 <mutex_enter_timeout_ms+0x38>
200001be:	4642      	mov	r2, r8
200001c0:	7117      	strb	r7, [r2, #4]
200001c2:	6812      	ldr	r2, [r2, #0]
200001c4:	f3bf 8f5f 	dmb	sy
200001c8:	2100      	movs	r1, #0
200001ca:	6011      	str	r1, [r2, #0]
200001cc:	f383 8810 	msr	PRIMASK, r3
200001d0:	2001      	movs	r0, #1
200001d2:	bc04      	pop	{r2}
200001d4:	4690      	mov	r8, r2
200001d6:	bdf0      	pop	{r4, r5, r6, r7, pc}
200001d8:	4286      	cmp	r6, r0
200001da:	d9d0      	bls.n	2000017e <mutex_enter_timeout_ms+0x2e>
200001dc:	2401      	movs	r4, #1
200001de:	4264      	negs	r4, r4
200001e0:	17e5      	asrs	r5, r4, #31
200001e2:	e7cc      	b.n	2000017e <mutex_enter_timeout_ms+0x2e>
200001e4:	2000      	movs	r0, #0
200001e6:	e7f4      	b.n	200001d2 <mutex_enter_timeout_ms+0x82>

200001e8 <mutex_exit>:
200001e8:	6802      	ldr	r2, [r0, #0]
200001ea:	f3ef 8110 	mrs	r1, PRIMASK
200001ee:	b672      	cpsid	i
200001f0:	6813      	ldr	r3, [r2, #0]
200001f2:	2b00      	cmp	r3, #0
200001f4:	d0fc      	beq.n	200001f0 <mutex_exit+0x8>
200001f6:	f3bf 8f5f 	dmb	sy
200001fa:	23ff      	movs	r3, #255	; 0xff
200001fc:	7103      	strb	r3, [r0, #4]
200001fe:	6803      	ldr	r3, [r0, #0]
20000200:	f3bf 8f5f 	dmb	sy
20000204:	2200      	movs	r2, #0
20000206:	601a      	str	r2, [r3, #0]
20000208:	f381 8810 	msr	PRIMASK, r1
2000020c:	bf40      	sev
2000020e:	4770      	bx	lr

20000210 <flash_init_boot2_copyout>:
20000210:	4808      	ldr	r0, [pc, #32]	; (20000234 <flash_init_boot2_copyout+0x24>)
20000212:	b510      	push	{r4, lr}
20000214:	7803      	ldrb	r3, [r0, #0]
20000216:	2b00      	cmp	r3, #0
20000218:	d10a      	bne.n	20000230 <flash_init_boot2_copyout+0x20>
2000021a:	2380      	movs	r3, #128	; 0x80
2000021c:	4906      	ldr	r1, [pc, #24]	; (20000238 <flash_init_boot2_copyout+0x28>)
2000021e:	4a07      	ldr	r2, [pc, #28]	; (2000023c <flash_init_boot2_copyout+0x2c>)
20000220:	055b      	lsls	r3, r3, #21
20000222:	681c      	ldr	r4, [r3, #0]
20000224:	50cc      	str	r4, [r1, r3]
20000226:	3304      	adds	r3, #4
20000228:	4293      	cmp	r3, r2
2000022a:	d1fa      	bne.n	20000222 <flash_init_boot2_copyout+0x12>
2000022c:	2301      	movs	r3, #1
2000022e:	7003      	strb	r3, [r0, #0]
20000230:	bd10      	pop	{r4, pc}
20000232:	46c0      	nop			; (mov r8, r8)
20000234:	20000f30 	.word	0x20000f30
20000238:	10000938 	.word	0x10000938
2000023c:	10000100 	.word	0x10000100

20000240 <flash_enable_xip_via_boot2>:
20000240:	b510      	push	{r4, lr}
20000242:	4b02      	ldr	r3, [pc, #8]	; (2000024c <flash_enable_xip_via_boot2+0xc>)
20000244:	3301      	adds	r3, #1
20000246:	4798      	blx	r3
20000248:	bd10      	pop	{r4, pc}
2000024a:	46c0      	nop			; (mov r8, r8)
2000024c:	20000938 	.word	0x20000938

20000250 <flash_cs_force.constprop.0>:
20000250:	4b05      	ldr	r3, [pc, #20]	; (20000268 <flash_cs_force.constprop.0+0x18>)
20000252:	681a      	ldr	r2, [r3, #0]
20000254:	2380      	movs	r3, #128	; 0x80
20000256:	009b      	lsls	r3, r3, #2
20000258:	4053      	eors	r3, r2
2000025a:	22c0      	movs	r2, #192	; 0xc0
2000025c:	0092      	lsls	r2, r2, #2
2000025e:	4013      	ands	r3, r2
20000260:	4a02      	ldr	r2, [pc, #8]	; (2000026c <flash_cs_force.constprop.0+0x1c>)
20000262:	6013      	str	r3, [r2, #0]
20000264:	4770      	bx	lr
20000266:	46c0      	nop			; (mov r8, r8)
20000268:	4001800c 	.word	0x4001800c
2000026c:	4001900c 	.word	0x4001900c

20000270 <flash_cs_force.constprop.1>:
20000270:	4b03      	ldr	r3, [pc, #12]	; (20000280 <flash_cs_force.constprop.1+0x10>)
20000272:	681a      	ldr	r2, [r3, #0]
20000274:	23c0      	movs	r3, #192	; 0xc0
20000276:	009b      	lsls	r3, r3, #2
20000278:	4393      	bics	r3, r2
2000027a:	4a02      	ldr	r2, [pc, #8]	; (20000284 <flash_cs_force.constprop.1+0x14>)
2000027c:	6013      	str	r3, [r2, #0]
2000027e:	4770      	bx	lr
20000280:	4001800c 	.word	0x4001800c
20000284:	4001900c 	.word	0x4001900c

20000288 <flash_do_cmd>:
20000288:	b5f0      	push	{r4, r5, r6, r7, lr}
2000028a:	46d6      	mov	lr, sl
2000028c:	464f      	mov	r7, r9
2000028e:	4646      	mov	r6, r8
20000290:	2314      	movs	r3, #20
20000292:	b5c0      	push	{r6, r7, lr}
20000294:	2718      	movs	r7, #24
20000296:	4698      	mov	r8, r3
20000298:	4681      	mov	r9, r0
2000029a:	000d      	movs	r5, r1
2000029c:	8818      	ldrh	r0, [r3, #0]
2000029e:	4924      	ldr	r1, [pc, #144]	; (20000330 <flash_do_cmd+0xa8>)
200002a0:	883b      	ldrh	r3, [r7, #0]
200002a2:	0014      	movs	r4, r2
200002a4:	4798      	blx	r3
200002a6:	4643      	mov	r3, r8
200002a8:	4682      	mov	sl, r0
200002aa:	4922      	ldr	r1, [pc, #136]	; (20000334 <flash_do_cmd+0xac>)
200002ac:	8818      	ldrh	r0, [r3, #0]
200002ae:	883b      	ldrh	r3, [r7, #0]
200002b0:	4798      	blx	r3
200002b2:	4643      	mov	r3, r8
200002b4:	4920      	ldr	r1, [pc, #128]	; (20000338 <flash_do_cmd+0xb0>)
200002b6:	0006      	movs	r6, r0
200002b8:	8818      	ldrh	r0, [r3, #0]
200002ba:	883b      	ldrh	r3, [r7, #0]
200002bc:	4798      	blx	r3
200002be:	4680      	mov	r8, r0
200002c0:	f7ff ffa6 	bl	20000210 <flash_init_boot2_copyout>
200002c4:	47d0      	blx	sl
200002c6:	47b0      	blx	r6
200002c8:	f7ff ffc2 	bl	20000250 <flash_cs_force.constprop.0>
200002cc:	2c00      	cmp	r4, #0
200002ce:	d024      	beq.n	2000031a <flash_do_cmd+0x92>
200002d0:	20c0      	movs	r0, #192	; 0xc0
200002d2:	0022      	movs	r2, r4
200002d4:	0540      	lsls	r0, r0, #21
200002d6:	2608      	movs	r6, #8
200002d8:	3f16      	subs	r7, #22
200002da:	e011      	b.n	20000300 <flash_do_cmd+0x78>
200002dc:	464b      	mov	r3, r9
200002de:	781b      	ldrb	r3, [r3, #0]
200002e0:	3c01      	subs	r4, #1
200002e2:	6603      	str	r3, [r0, #96]	; 0x60
200002e4:	2301      	movs	r3, #1
200002e6:	469c      	mov	ip, r3
200002e8:	44e1      	add	r9, ip
200002ea:	2900      	cmp	r1, #0
200002ec:	d005      	beq.n	200002fa <flash_do_cmd+0x72>
200002ee:	2a00      	cmp	r2, #0
200002f0:	d003      	beq.n	200002fa <flash_do_cmd+0x72>
200002f2:	6e03      	ldr	r3, [r0, #96]	; 0x60
200002f4:	3a01      	subs	r2, #1
200002f6:	702b      	strb	r3, [r5, #0]
200002f8:	3501      	adds	r5, #1
200002fa:	0013      	movs	r3, r2
200002fc:	4323      	orrs	r3, r4
200002fe:	d00c      	beq.n	2000031a <flash_do_cmd+0x92>
20000300:	0031      	movs	r1, r6
20000302:	6a83      	ldr	r3, [r0, #40]	; 0x28
20000304:	4019      	ands	r1, r3
20000306:	421f      	tst	r7, r3
20000308:	d0ef      	beq.n	200002ea <flash_do_cmd+0x62>
2000030a:	2c00      	cmp	r4, #0
2000030c:	d0ed      	beq.n	200002ea <flash_do_cmd+0x62>
2000030e:	1b13      	subs	r3, r2, r4
20000310:	2b0d      	cmp	r3, #13
20000312:	d9e3      	bls.n	200002dc <flash_do_cmd+0x54>
20000314:	2900      	cmp	r1, #0
20000316:	d1ea      	bne.n	200002ee <flash_do_cmd+0x66>
20000318:	e7f2      	b.n	20000300 <flash_do_cmd+0x78>
2000031a:	f7ff ffa9 	bl	20000270 <flash_cs_force.constprop.1>
2000031e:	47c0      	blx	r8
20000320:	f7ff ff8e 	bl	20000240 <flash_enable_xip_via_boot2>
20000324:	bc1c      	pop	{r2, r3, r4}
20000326:	4690      	mov	r8, r2
20000328:	4699      	mov	r9, r3
2000032a:	46a2      	mov	sl, r4
2000032c:	bdf0      	pop	{r4, r5, r6, r7, pc}
2000032e:	46c0      	nop			; (mov r8, r8)
20000330:	00004649 	.word	0x00004649
20000334:	00005845 	.word	0x00005845
20000338:	00004346 	.word	0x00004346

2000033c <__aeabi_idiv0>:
2000033c:	4770      	bx	lr
2000033e:	46c0      	nop			; (mov r8, r8)

20000340 <__time_us_64_veneer>:
20000340:	b401      	push	{r0}
20000342:	4802      	ldr	r0, [pc, #8]	; (2000034c <__time_us_64_veneer+0xc>)
20000344:	4684      	mov	ip, r0
20000346:	bc01      	pop	{r0}
20000348:	4760      	bx	ip
2000034a:	bf00      	nop
2000034c:	100011b9 	.word	0x100011b9

20000350 <____wrap___aeabi_lmul_veneer>:
20000350:	b401      	push	{r0}
20000352:	4802      	ldr	r0, [pc, #8]	; (2000035c <____wrap___aeabi_lmul_veneer+0xc>)
20000354:	4684      	mov	ip, r0
20000356:	bc01      	pop	{r0}
20000358:	4760      	bx	ip
2000035a:	bf00      	nop
2000035c:	10002179 	.word	0x10002179

20000360 <__best_effort_wfe_or_timeout_veneer>:
20000360:	b401      	push	{r0}
20000362:	4802      	ldr	r0, [pc, #8]	; (2000036c <__best_effort_wfe_or_timeout_veneer+0xc>)
20000364:	4684      	mov	ip, r0
20000366:	bc01      	pop	{r0}
20000368:	4760      	bx	ip
2000036a:	bf00      	nop
2000036c:	10001099 	.word	0x10001099

20000370 <striped_spin_lock_num>:
20000370:	00000010                                ....

20000374 <irq_handler_chain_slots>:
20000374:	00000000 	.word	0x00000000
20000378:	00010000 	.word	0x00010000
	...
20000384:	00020000 	.word	0x00020000
	...
20000390:	00030000 	.word	0x00030000
	...
2000039c:	00ff0000 	.word	0x00ff0000
200003a0:	00000000 	.word	0x00000000

200003a4 <irq_handler_chain_first_slot>:
200003a4:	b500      	push	{lr}
200003a6:	6848      	ldr	r0, [r1, #4]
200003a8:	3101      	adds	r1, #1
200003aa:	468e      	mov	lr, r1
200003ac:	4700      	bx	r0

200003ae <irq_handler_chain_remove_tail>:
200003ae:	4670      	mov	r0, lr
200003b0:	3809      	subs	r0, #9
200003b2:	4901      	ldr	r1, [pc, #4]	; (200003b8 <irq_handler_chain_remove_tail+0xa>)
200003b4:	4788      	blx	r1
200003b6:	bd00      	pop	{pc}
200003b8:	100009c1 	.word	0x100009c1

200003bc <default_alarm_pool>:
200003bc:	200003d4 00000000 20000470 20000a64     ... ....p.. d.. 
	...

200003d4 <default_alarm_pool_heap>:
200003d4:	20000a74 00000000 00000000 00000010     t.. ............
	...

200003f0 <aeabi_bits_funcs>:
200003f0:	00003350 	.word	0x00003350
200003f4:	0000334c 	.word	0x0000334c
200003f8:	00003354 	.word	0x00003354
200003fc:	00003352 	.word	0x00003352

20000400 <aeabi_bits_funcs_end>:
20000400:	0000534d 	.word	0x0000534d
20000404:	0000434d 	.word	0x0000434d
20000408:	00003453 	.word	0x00003453
2000040c:	00003443 	.word	0x00003443

20000410 <stdio_usb>:
20000410:	1000267d 00000000 10002615 00000000     }&.......&......
20000420:	00000100                                ....

20000424 <ep_dir_string>:
20000424:	10005268 1000526c                       hR..lR..

2000042c <_usbd_qdef>:
2000042c:	20001138 000c0010 ffe00000 0000001f     8.. ............
	...

20000450 <print_mutex>:
	...

20000458 <__mutex_array_end>:
20000458:	10002241 	.word	0x10002241
2000045c:	10001fd9 	.word	0x10001fd9
20000460:	10002091 	.word	0x10002091
20000464:	100021ad 	.word	0x100021ad

20000468 <__frame_dummy_init_array_entry>:
20000468:	10000339 10004d59                       9...YM..
