
/home/michelle/pico/comptech/ass4/task2/build/BinaryCounterSDK.elf:     file format elf32-littlearm

Sections:
Idx Name          Size      VMA       LMA       File off  Algn
  0 .boot2        00000100  10000000  10000000  00001000  2**0
                  CONTENTS, ALLOC, LOAD, READONLY, CODE
  1 .text         00004bdc  10000100  10000100  00001100  2**3
                  CONTENTS, ALLOC, LOAD, READONLY, CODE
  2 .rodata       00000418  10004cdc  10004cdc  00005cdc  2**2
                  CONTENTS, ALLOC, LOAD, READONLY, DATA
  3 .binary_info  00000020  100050f4  100050f4  000060f4  2**2
                  CONTENTS, ALLOC, LOAD, READONLY, DATA
  4 .ram_vector_table 000000c0  20000000  20000000  00009000  2**2
                  ALLOC
  5 .uninitialized_data 00000000  200000c0  200000c0  00008150  2**0
                  CONTENTS
  6 .data         00001090  200000c0  10005114  000070c0  2**4
                  CONTENTS, ALLOC, LOAD, CODE
  7 .tdata        00000000  20001150  20001150  00008150  2**0
                  CONTENTS, ALLOC, LOAD, DATA, THREAD_LOCAL
  8 .tbss         00000000  20001150  20001150  00000000  2**0
                  ALLOC, THREAD_LOCAL
  9 .bss          00000f14  20001150  100061a4  00008150  2**3
                  ALLOC
 10 .heap         00000800  20002064  100061a4  00009064  2**2
                  ALLOC, READONLY
 11 .scratch_x    00000000  20040000  20040000  00008150  2**0
                  CONTENTS
 12 .scratch_y    00000000  20041000  20041000  00008150  2**0
                  CONTENTS
 13 .stack_dummy  00000800  20041000  20041000  00009000  2**5
                  ALLOC, READONLY
 14 .ARM.attributes 00000028  00000000  00000000  00008150  2**0
                  CONTENTS, READONLY
 15 .comment      0000009f  00000000  00000000  00008178  2**0
                  CONTENTS, READONLY
 16 .debug_info   0003cae4  00000000  00000000  00008217  2**0
                  CONTENTS, READONLY, DEBUGGING, OCTETS
 17 .debug_abbrev 00009a65  00000000  00000000  00044cfb  2**0
                  CONTENTS, READONLY, DEBUGGING, OCTETS
 18 .debug_loc    00025e3a  00000000  00000000  0004e760  2**0
                  CONTENTS, READONLY, DEBUGGING, OCTETS
 19 .debug_aranges 000016b8  00000000  00000000  000745a0  2**3
                  CONTENTS, READONLY, DEBUGGING, OCTETS
 20 .debug_ranges 0000c228  00000000  00000000  00075c58  2**3
                  CONTENTS, READONLY, DEBUGGING, OCTETS
 21 .debug_line   00020840  00000000  00000000  00081e80  2**0
                  CONTENTS, READONLY, DEBUGGING, OCTETS
 22 .debug_str    00008be4  00000000  00000000  000a26c0  2**0
                  CONTENTS, READONLY, DEBUGGING, OCTETS
 23 .debug_frame  00002ed0  00000000  00000000  000ab2a4  2**2
                  CONTENTS, READONLY, DEBUGGING, OCTETS

/home/michelle/pico/comptech/ass4/task2/build/BinaryCounterSDK.elf:     file format elf32-littlearm


Disassembly of section .boot2:

10000000 <__boot2_start__>:
10000000:	4b32b500 	.word	0x4b32b500
10000004:	60582021 	.word	0x60582021
10000008:	21026898 	.word	0x21026898
1000000c:	60984388 	.word	0x60984388
10000010:	611860d8 	.word	0x611860d8
10000014:	4b2e6158 	.word	0x4b2e6158
10000018:	60992100 	.word	0x60992100
1000001c:	61592102 	.word	0x61592102
10000020:	22f02101 	.word	0x22f02101
10000024:	492b5099 	.word	0x492b5099
10000028:	21016019 	.word	0x21016019
1000002c:	20356099 	.word	0x20356099
10000030:	f844f000 	.word	0xf844f000
10000034:	42902202 	.word	0x42902202
10000038:	2106d014 	.word	0x2106d014
1000003c:	f0006619 	.word	0xf0006619
10000040:	6e19f834 	.word	0x6e19f834
10000044:	66192101 	.word	0x66192101
10000048:	66182000 	.word	0x66182000
1000004c:	f000661a 	.word	0xf000661a
10000050:	6e19f82c 	.word	0x6e19f82c
10000054:	6e196e19 	.word	0x6e196e19
10000058:	f0002005 	.word	0xf0002005
1000005c:	2101f82f 	.word	0x2101f82f
10000060:	d1f94208 	.word	0xd1f94208
10000064:	60992100 	.word	0x60992100
10000068:	6019491b 	.word	0x6019491b
1000006c:	60592100 	.word	0x60592100
10000070:	481b491a 	.word	0x481b491a
10000074:	21016001 	.word	0x21016001
10000078:	21eb6099 	.word	0x21eb6099
1000007c:	21a06619 	.word	0x21a06619
10000080:	f0006619 	.word	0xf0006619
10000084:	2100f812 	.word	0x2100f812
10000088:	49166099 	.word	0x49166099
1000008c:	60014814 	.word	0x60014814
10000090:	60992101 	.word	0x60992101
10000094:	2800bc01 	.word	0x2800bc01
10000098:	4700d000 	.word	0x4700d000
1000009c:	49134812 	.word	0x49134812
100000a0:	c8036008 	.word	0xc8036008
100000a4:	8808f380 	.word	0x8808f380
100000a8:	b5034708 	.word	0xb5034708
100000ac:	20046a99 	.word	0x20046a99
100000b0:	d0fb4201 	.word	0xd0fb4201
100000b4:	42012001 	.word	0x42012001
100000b8:	bd03d1f8 	.word	0xbd03d1f8
100000bc:	6618b502 	.word	0x6618b502
100000c0:	f7ff6618 	.word	0xf7ff6618
100000c4:	6e18fff2 	.word	0x6e18fff2
100000c8:	bd026e18 	.word	0xbd026e18
100000cc:	40020000 	.word	0x40020000
100000d0:	18000000 	.word	0x18000000
100000d4:	00070000 	.word	0x00070000
100000d8:	005f0300 	.word	0x005f0300
100000dc:	00002221 	.word	0x00002221
100000e0:	180000f4 	.word	0x180000f4
100000e4:	a0002022 	.word	0xa0002022
100000e8:	10000100 	.word	0x10000100
100000ec:	e000ed08 	.word	0xe000ed08
	...
100000fc:	7a4eb274 	.word	0x7a4eb274

Disassembly of section .text:

10000100 <__VECTOR_TABLE>:
10000100:	20042000 	.word	0x20042000
10000104:	100001f7 	.word	0x100001f7
10000108:	100001cb 	.word	0x100001cb
1000010c:	100001cd 	.word	0x100001cd
10000110:	100001c9 	.word	0x100001c9
10000114:	100001c9 	.word	0x100001c9
10000118:	100001c9 	.word	0x100001c9
1000011c:	100001c9 	.word	0x100001c9
10000120:	100001c9 	.word	0x100001c9
10000124:	100001c9 	.word	0x100001c9
10000128:	100001c9 	.word	0x100001c9
1000012c:	100001cf 	.word	0x100001cf
10000130:	100001c9 	.word	0x100001c9
10000134:	100001c9 	.word	0x100001c9
10000138:	100001d1 	.word	0x100001d1
1000013c:	100001d3 	.word	0x100001d3
10000140:	100001c1 	.word	0x100001c1
10000144:	100001c1 	.word	0x100001c1
10000148:	100001c1 	.word	0x100001c1
1000014c:	100001c1 	.word	0x100001c1
10000150:	100001c1 	.word	0x100001c1
10000154:	100001c1 	.word	0x100001c1
10000158:	100001c1 	.word	0x100001c1
1000015c:	100001c1 	.word	0x100001c1
10000160:	100001c1 	.word	0x100001c1
10000164:	100001c1 	.word	0x100001c1
10000168:	100001c1 	.word	0x100001c1
1000016c:	100001c1 	.word	0x100001c1
10000170:	100001c1 	.word	0x100001c1
10000174:	100001c1 	.word	0x100001c1
10000178:	100001c1 	.word	0x100001c1
1000017c:	100001c1 	.word	0x100001c1
10000180:	100001c1 	.word	0x100001c1
10000184:	100001c1 	.word	0x100001c1
10000188:	100001c1 	.word	0x100001c1
1000018c:	100001c1 	.word	0x100001c1
10000190:	100001c1 	.word	0x100001c1
10000194:	100001c1 	.word	0x100001c1
10000198:	100001c1 	.word	0x100001c1
1000019c:	100001c1 	.word	0x100001c1
100001a0:	100001c1 	.word	0x100001c1
100001a4:	100001c1 	.word	0x100001c1
100001a8:	100001c1 	.word	0x100001c1
100001ac:	100001c1 	.word	0x100001c1
100001b0:	100001c1 	.word	0x100001c1
100001b4:	100001c1 	.word	0x100001c1
100001b8:	100001c1 	.word	0x100001c1
100001bc:	100001c1 	.word	0x100001c1

100001c0 <__unhandled_user_irq>:
100001c0:	f3ef 8005 	mrs	r0, IPSR
100001c4:	3810      	subs	r0, #16

100001c6 <unhandled_user_irq_num_in_r0>:
100001c6:	be00      	bkpt	0x0000

100001c8 <isr_invalid>:
100001c8:	be00      	bkpt	0x0000

100001ca <isr_nmi>:
100001ca:	be00      	bkpt	0x0000

100001cc <isr_hardfault>:
100001cc:	be00      	bkpt	0x0000

100001ce <isr_svcall>:
100001ce:	be00      	bkpt	0x0000

100001d0 <isr_pendsv>:
100001d0:	be00      	bkpt	0x0000

100001d2 <isr_systick>:
100001d2:	be00      	bkpt	0x0000

100001d4 <__default_isrs_end>:
100001d4:	7188ebf2 	.word	0x7188ebf2
100001d8:	100050f4 	.word	0x100050f4
100001dc:	10005114 	.word	0x10005114
100001e0:	10000238 	.word	0x10000238
100001e4:	e71aa390 	.word	0xe71aa390

100001e8 <_entry_point>:
100001e8:	481e      	ldr	r0, [pc, #120]	; (10000264 <data_cpy_table+0x2c>)

100001ea <_enter_vtable_in_r0>:
100001ea:	491f      	ldr	r1, [pc, #124]	; (10000268 <data_cpy_table+0x30>)
100001ec:	6008      	str	r0, [r1, #0]
100001ee:	c806      	ldmia	r0!, {r1, r2}
100001f0:	f381 8808 	msr	MSP, r1
100001f4:	4710      	bx	r2

100001f6 <_reset_handler>:
100001f6:	481d      	ldr	r0, [pc, #116]	; (1000026c <data_cpy_table+0x34>)
100001f8:	6800      	ldr	r0, [r0, #0]
100001fa:	2800      	cmp	r0, #0
100001fc:	d001      	beq.n	10000202 <hold_non_core0_in_bootrom+0x4>

100001fe <hold_non_core0_in_bootrom>:
100001fe:	4819      	ldr	r0, [pc, #100]	; (10000264 <data_cpy_table+0x2c>)
10000200:	e7f3      	b.n	100001ea <_enter_vtable_in_r0>
10000202:	a40d      	add	r4, pc, #52	; (adr r4, 10000238 <data_cpy_table>)
10000204:	cc0e      	ldmia	r4!, {r1, r2, r3}
10000206:	2900      	cmp	r1, #0
10000208:	d002      	beq.n	10000210 <hold_non_core0_in_bootrom+0x12>
1000020a:	f000 f812 	bl	10000232 <data_cpy>
1000020e:	e7f9      	b.n	10000204 <hold_non_core0_in_bootrom+0x6>
10000210:	4917      	ldr	r1, [pc, #92]	; (10000270 <data_cpy_table+0x38>)
10000212:	4a18      	ldr	r2, [pc, #96]	; (10000274 <data_cpy_table+0x3c>)
10000214:	2000      	movs	r0, #0
10000216:	e000      	b.n	1000021a <bss_fill_test>

10000218 <bss_fill_loop>:
10000218:	c101      	stmia	r1!, {r0}

1000021a <bss_fill_test>:
1000021a:	4291      	cmp	r1, r2
1000021c:	d1fc      	bne.n	10000218 <bss_fill_loop>

1000021e <platform_entry>:
1000021e:	4916      	ldr	r1, [pc, #88]	; (10000278 <data_cpy_table+0x40>)
10000220:	4788      	blx	r1
10000222:	4916      	ldr	r1, [pc, #88]	; (1000027c <data_cpy_table+0x44>)
10000224:	4788      	blx	r1
10000226:	4916      	ldr	r1, [pc, #88]	; (10000280 <data_cpy_table+0x48>)
10000228:	4788      	blx	r1
1000022a:	be00      	bkpt	0x0000
1000022c:	e7fd      	b.n	1000022a <platform_entry+0xc>

1000022e <data_cpy_loop>:
1000022e:	c901      	ldmia	r1!, {r0}
10000230:	c201      	stmia	r2!, {r0}

10000232 <data_cpy>:
10000232:	429a      	cmp	r2, r3
10000234:	d3fb      	bcc.n	1000022e <data_cpy_loop>
10000236:	4770      	bx	lr

10000238 <data_cpy_table>:
10000238:	10005114 	.word	0x10005114
1000023c:	200000c0 	.word	0x200000c0
10000240:	20001150 	.word	0x20001150
10000244:	100061a4 	.word	0x100061a4
10000248:	20040000 	.word	0x20040000
1000024c:	20040000 	.word	0x20040000
10000250:	100061a4 	.word	0x100061a4
10000254:	20041000 	.word	0x20041000
10000258:	20041000 	.word	0x20041000
1000025c:	00000000 	.word	0x00000000
10000260:	4770      	bx	lr
10000262:	0000      	.short	0x0000
10000264:	00000000 	.word	0x00000000
10000268:	e000ed08 	.word	0xe000ed08
1000026c:	d0000000 	.word	0xd0000000
10000270:	20001150 	.word	0x20001150
10000274:	20002064 	.word	0x20002064
10000278:	10001fe5 	.word	0x10001fe5
1000027c:	10000361 	.word	0x10000361
10000280:	10001fdd 	.word	0x10001fdd

10000284 <_init>:
10000284:	b5f8      	push	{r3, r4, r5, r6, r7, lr}
10000286:	46c0      	nop			; (mov r8, r8)

10000288 <deregister_tm_clones>:
10000288:	4804      	ldr	r0, [pc, #16]	; (1000029c <deregister_tm_clones+0x14>)
1000028a:	4b05      	ldr	r3, [pc, #20]	; (100002a0 <deregister_tm_clones+0x18>)
1000028c:	b510      	push	{r4, lr}
1000028e:	4283      	cmp	r3, r0
10000290:	d003      	beq.n	1000029a <deregister_tm_clones+0x12>
10000292:	4b04      	ldr	r3, [pc, #16]	; (100002a4 <deregister_tm_clones+0x1c>)
10000294:	2b00      	cmp	r3, #0
10000296:	d000      	beq.n	1000029a <deregister_tm_clones+0x12>
10000298:	4798      	blx	r3
1000029a:	bd10      	pop	{r4, pc}
1000029c:	20001150 	.word	0x20001150
100002a0:	20001150 	.word	0x20001150
100002a4:	00000000 	.word	0x00000000

100002a8 <register_tm_clones>:
100002a8:	4806      	ldr	r0, [pc, #24]	; (100002c4 <register_tm_clones+0x1c>)
100002aa:	4907      	ldr	r1, [pc, #28]	; (100002c8 <register_tm_clones+0x20>)
100002ac:	1a09      	subs	r1, r1, r0
100002ae:	1089      	asrs	r1, r1, #2
100002b0:	0fcb      	lsrs	r3, r1, #31
100002b2:	1859      	adds	r1, r3, r1
100002b4:	b510      	push	{r4, lr}
100002b6:	1049      	asrs	r1, r1, #1
100002b8:	d003      	beq.n	100002c2 <register_tm_clones+0x1a>
100002ba:	4b04      	ldr	r3, [pc, #16]	; (100002cc <register_tm_clones+0x24>)
100002bc:	2b00      	cmp	r3, #0
100002be:	d000      	beq.n	100002c2 <register_tm_clones+0x1a>
100002c0:	4798      	blx	r3
100002c2:	bd10      	pop	{r4, pc}
100002c4:	20001150 	.word	0x20001150
100002c8:	20001150 	.word	0x20001150
100002cc:	00000000 	.word	0x00000000

100002d0 <__do_global_dtors_aux>:
100002d0:	b510      	push	{r4, lr}
100002d2:	4c07      	ldr	r4, [pc, #28]	; (100002f0 <__do_global_dtors_aux+0x20>)
100002d4:	7823      	ldrb	r3, [r4, #0]
100002d6:	2b00      	cmp	r3, #0
100002d8:	d109      	bne.n	100002ee <__do_global_dtors_aux+0x1e>
100002da:	f7ff ffd5 	bl	10000288 <deregister_tm_clones>
100002de:	4b05      	ldr	r3, [pc, #20]	; (100002f4 <__do_global_dtors_aux+0x24>)
100002e0:	2b00      	cmp	r3, #0
100002e2:	d002      	beq.n	100002ea <__do_global_dtors_aux+0x1a>
100002e4:	4804      	ldr	r0, [pc, #16]	; (100002f8 <__do_global_dtors_aux+0x28>)
100002e6:	e000      	b.n	100002ea <__do_global_dtors_aux+0x1a>
100002e8:	bf00      	nop
100002ea:	2301      	movs	r3, #1
100002ec:	7023      	strb	r3, [r4, #0]
100002ee:	bd10      	pop	{r4, pc}
100002f0:	200012d8 	.word	0x200012d8
100002f4:	00000000 	.word	0x00000000
100002f8:	10004cdc 	.word	0x10004cdc

100002fc <frame_dummy>:
100002fc:	4b05      	ldr	r3, [pc, #20]	; (10000314 <frame_dummy+0x18>)
100002fe:	b510      	push	{r4, lr}
10000300:	2b00      	cmp	r3, #0
10000302:	d003      	beq.n	1000030c <frame_dummy+0x10>
10000304:	4904      	ldr	r1, [pc, #16]	; (10000318 <frame_dummy+0x1c>)
10000306:	4805      	ldr	r0, [pc, #20]	; (1000031c <frame_dummy+0x20>)
10000308:	e000      	b.n	1000030c <frame_dummy+0x10>
1000030a:	bf00      	nop
1000030c:	f7ff ffcc 	bl	100002a8 <register_tm_clones>
10000310:	bd10      	pop	{r4, pc}
10000312:	46c0      	nop			; (mov r8, r8)
10000314:	00000000 	.word	0x00000000
10000318:	200012dc 	.word	0x200012dc
1000031c:	10004cdc 	.word	0x10004cdc

10000320 <button_isr>:
10000320:	2805      	cmp	r0, #5
10000322:	d009      	beq.n	10000338 <button_isr+0x18>
10000324:	2806      	cmp	r0, #6
10000326:	d000      	beq.n	1000032a <button_isr+0xa>
10000328:	4770      	bx	lr
1000032a:	4b0c      	ldr	r3, [pc, #48]	; (1000035c <button_isr+0x3c>)
1000032c:	681a      	ldr	r2, [r3, #0]
1000032e:	2a00      	cmp	r2, #0
10000330:	ddfa      	ble.n	10000328 <button_isr+0x8>
10000332:	681a      	ldr	r2, [r3, #0]
10000334:	3a01      	subs	r2, #1
10000336:	e005      	b.n	10000344 <button_isr+0x24>
10000338:	4b08      	ldr	r3, [pc, #32]	; (1000035c <button_isr+0x3c>)
1000033a:	681a      	ldr	r2, [r3, #0]
1000033c:	2a0e      	cmp	r2, #14
1000033e:	dcf3      	bgt.n	10000328 <button_isr+0x8>
10000340:	681a      	ldr	r2, [r3, #0]
10000342:	3201      	adds	r2, #1
10000344:	21d0      	movs	r1, #208	; 0xd0
10000346:	601a      	str	r2, [r3, #0]
10000348:	681b      	ldr	r3, [r3, #0]
1000034a:	0609      	lsls	r1, r1, #24
1000034c:	690a      	ldr	r2, [r1, #16]
1000034e:	005b      	lsls	r3, r3, #1
10000350:	4053      	eors	r3, r2
10000352:	221e      	movs	r2, #30
10000354:	4013      	ands	r3, r2
10000356:	61cb      	str	r3, [r1, #28]
10000358:	e7e6      	b.n	10000328 <button_isr+0x8>
1000035a:	46c0      	nop			; (mov r8, r8)
1000035c:	2000190c 	.word	0x2000190c

10000360 <main>:
10000360:	b510      	push	{r4, lr}
10000362:	f001 ff4b 	bl	100021fc <stdio_init_all>
10000366:	24d0      	movs	r4, #208	; 0xd0
10000368:	2001      	movs	r0, #1
1000036a:	f000 fa1f 	bl	100007ac <gpio_init>
1000036e:	2302      	movs	r3, #2
10000370:	0624      	lsls	r4, r4, #24
10000372:	6263      	str	r3, [r4, #36]	; 0x24
10000374:	2002      	movs	r0, #2
10000376:	f000 fa19 	bl	100007ac <gpio_init>
1000037a:	2304      	movs	r3, #4
1000037c:	2003      	movs	r0, #3
1000037e:	6263      	str	r3, [r4, #36]	; 0x24
10000380:	f000 fa14 	bl	100007ac <gpio_init>
10000384:	2308      	movs	r3, #8
10000386:	2004      	movs	r0, #4
10000388:	6263      	str	r3, [r4, #36]	; 0x24
1000038a:	f000 fa0f 	bl	100007ac <gpio_init>
1000038e:	2310      	movs	r3, #16
10000390:	2005      	movs	r0, #5
10000392:	6263      	str	r3, [r4, #36]	; 0x24
10000394:	f000 fa0a 	bl	100007ac <gpio_init>
10000398:	2320      	movs	r3, #32
1000039a:	2200      	movs	r2, #0
1000039c:	62a3      	str	r3, [r4, #40]	; 0x28
1000039e:	2101      	movs	r1, #1
100003a0:	2005      	movs	r0, #5
100003a2:	f000 f95f 	bl	10000664 <gpio_set_pulls>
100003a6:	2006      	movs	r0, #6
100003a8:	f000 fa00 	bl	100007ac <gpio_init>
100003ac:	2340      	movs	r3, #64	; 0x40
100003ae:	2200      	movs	r2, #0
100003b0:	62a3      	str	r3, [r4, #40]	; 0x28
100003b2:	2101      	movs	r1, #1
100003b4:	2006      	movs	r0, #6
100003b6:	f000 f955 	bl	10000664 <gpio_set_pulls>
100003ba:	4b0a      	ldr	r3, [pc, #40]	; (100003e4 <main+0x84>)
100003bc:	2201      	movs	r2, #1
100003be:	2104      	movs	r1, #4
100003c0:	2005      	movs	r0, #5
100003c2:	f000 f993 	bl	100006ec <gpio_set_irq_enabled_with_callback>
100003c6:	2201      	movs	r2, #1
100003c8:	2104      	movs	r1, #4
100003ca:	2006      	movs	r0, #6
100003cc:	f000 f964 	bl	10000698 <gpio_set_irq_enabled>
100003d0:	4b05      	ldr	r3, [pc, #20]	; (100003e8 <main+0x88>)
100003d2:	681b      	ldr	r3, [r3, #0]
100003d4:	6922      	ldr	r2, [r4, #16]
100003d6:	005b      	lsls	r3, r3, #1
100003d8:	4053      	eors	r3, r2
100003da:	221e      	movs	r2, #30
100003dc:	4013      	ands	r3, r2
100003de:	61e3      	str	r3, [r4, #28]
100003e0:	e7fe      	b.n	100003e0 <main+0x80>
100003e2:	46c0      	nop			; (mov r8, r8)
100003e4:	10000321 	.word	0x10000321
100003e8:	2000190c 	.word	0x2000190c

100003ec <gpio_default_irq_handler>:
100003ec:	23d0      	movs	r3, #208	; 0xd0
100003ee:	061b      	lsls	r3, r3, #24
100003f0:	681b      	ldr	r3, [r3, #0]
100003f2:	b5f0      	push	{r4, r5, r6, r7, lr}
100003f4:	009a      	lsls	r2, r3, #2
100003f6:	4645      	mov	r5, r8
100003f8:	4690      	mov	r8, r2
100003fa:	4641      	mov	r1, r8
100003fc:	4a95      	ldr	r2, [pc, #596]	; (10000654 <gpio_default_irq_handler+0x268>)
100003fe:	46de      	mov	lr, fp
10000400:	5852      	ldr	r2, [r2, r1]
10000402:	4657      	mov	r7, sl
10000404:	4693      	mov	fp, r2
10000406:	1e5a      	subs	r2, r3, #1
10000408:	4193      	sbcs	r3, r2
1000040a:	2230      	movs	r2, #48	; 0x30
1000040c:	464e      	mov	r6, r9
1000040e:	425b      	negs	r3, r3
10000410:	401a      	ands	r2, r3
10000412:	4b91      	ldr	r3, [pc, #580]	; (10000658 <gpio_default_irq_handler+0x26c>)
10000414:	2400      	movs	r4, #0
10000416:	469c      	mov	ip, r3
10000418:	4b90      	ldr	r3, [pc, #576]	; (1000065c <gpio_default_irq_handler+0x270>)
1000041a:	b5e0      	push	{r5, r6, r7, lr}
1000041c:	469a      	mov	sl, r3
1000041e:	b083      	sub	sp, #12
10000420:	4462      	add	r2, ip
10000422:	9200      	str	r2, [sp, #0]
10000424:	08e2      	lsrs	r2, r4, #3
10000426:	0013      	movs	r3, r2
10000428:	0026      	movs	r6, r4
1000042a:	3308      	adds	r3, #8
1000042c:	9900      	ldr	r1, [sp, #0]
1000042e:	009b      	lsls	r3, r3, #2
10000430:	585d      	ldr	r5, [r3, r1]
10000432:	3608      	adds	r6, #8
10000434:	2d00      	cmp	r5, #0
10000436:	d028      	beq.n	1000048a <gpio_default_irq_handler+0x9e>
10000438:	42a6      	cmp	r6, r4
1000043a:	d926      	bls.n	1000048a <gpio_default_irq_handler+0x9e>
1000043c:	465b      	mov	r3, fp
1000043e:	2b00      	cmp	r3, #0
10000440:	d02d      	beq.n	1000049e <gpio_default_irq_handler+0xb2>
10000442:	2301      	movs	r3, #1
10000444:	270f      	movs	r7, #15
10000446:	4699      	mov	r9, r3
10000448:	0039      	movs	r1, r7
1000044a:	4029      	ands	r1, r5
1000044c:	d017      	beq.n	1000047e <gpio_default_irq_handler+0x92>
1000044e:	4652      	mov	r2, sl
10000450:	4640      	mov	r0, r8
10000452:	0023      	movs	r3, r4
10000454:	5812      	ldr	r2, [r2, r0]
10000456:	3b20      	subs	r3, #32
10000458:	40e2      	lsrs	r2, r4
1000045a:	17db      	asrs	r3, r3, #31
1000045c:	4013      	ands	r3, r2
1000045e:	464a      	mov	r2, r9
10000460:	4213      	tst	r3, r2
10000462:	d10c      	bne.n	1000047e <gpio_default_irq_handler+0x92>
10000464:	2207      	movs	r2, #7
10000466:	0008      	movs	r0, r1
10000468:	4022      	ands	r2, r4
1000046a:	0092      	lsls	r2, r2, #2
1000046c:	4090      	lsls	r0, r2
1000046e:	0002      	movs	r2, r0
10000470:	08e3      	lsrs	r3, r4, #3
10000472:	487b      	ldr	r0, [pc, #492]	; (10000660 <gpio_default_irq_handler+0x274>)
10000474:	333c      	adds	r3, #60	; 0x3c
10000476:	009b      	lsls	r3, r3, #2
10000478:	501a      	str	r2, [r3, r0]
1000047a:	0020      	movs	r0, r4
1000047c:	47d8      	blx	fp
1000047e:	092d      	lsrs	r5, r5, #4
10000480:	3401      	adds	r4, #1
10000482:	2d00      	cmp	r5, #0
10000484:	d001      	beq.n	1000048a <gpio_default_irq_handler+0x9e>
10000486:	42a6      	cmp	r6, r4
10000488:	d8de      	bhi.n	10000448 <gpio_default_irq_handler+0x5c>
1000048a:	0034      	movs	r4, r6
1000048c:	2e20      	cmp	r6, #32
1000048e:	d1c9      	bne.n	10000424 <gpio_default_irq_handler+0x38>
10000490:	b003      	add	sp, #12
10000492:	bc3c      	pop	{r2, r3, r4, r5}
10000494:	4690      	mov	r8, r2
10000496:	4699      	mov	r9, r3
10000498:	46a2      	mov	sl, r4
1000049a:	46ab      	mov	fp, r5
1000049c:	bdf0      	pop	{r4, r5, r6, r7, pc}
1000049e:	230f      	movs	r3, #15
100004a0:	402b      	ands	r3, r5
100004a2:	d009      	beq.n	100004b8 <gpio_default_irq_handler+0xcc>
100004a4:	4640      	mov	r0, r8
100004a6:	496d      	ldr	r1, [pc, #436]	; (1000065c <gpio_default_irq_handler+0x270>)
100004a8:	5808      	ldr	r0, [r1, r0]
100004aa:	0021      	movs	r1, r4
100004ac:	40e0      	lsrs	r0, r4
100004ae:	3920      	subs	r1, #32
100004b0:	0fc9      	lsrs	r1, r1, #31
100004b2:	4201      	tst	r1, r0
100004b4:	d100      	bne.n	100004b8 <gpio_default_irq_handler+0xcc>
100004b6:	e0b9      	b.n	1000062c <gpio_default_irq_handler+0x240>
100004b8:	092b      	lsrs	r3, r5, #4
100004ba:	1c61      	adds	r1, r4, #1
100004bc:	2b00      	cmp	r3, #0
100004be:	d0e4      	beq.n	1000048a <gpio_default_irq_handler+0x9e>
100004c0:	428e      	cmp	r6, r1
100004c2:	d9e2      	bls.n	1000048a <gpio_default_irq_handler+0x9e>
100004c4:	220f      	movs	r2, #15
100004c6:	4013      	ands	r3, r2
100004c8:	d174      	bne.n	100005b4 <gpio_default_irq_handler+0x1c8>
100004ca:	0a2b      	lsrs	r3, r5, #8
100004cc:	1ca1      	adds	r1, r4, #2
100004ce:	2b00      	cmp	r3, #0
100004d0:	d0db      	beq.n	1000048a <gpio_default_irq_handler+0x9e>
100004d2:	428e      	cmp	r6, r1
100004d4:	d9d9      	bls.n	1000048a <gpio_default_irq_handler+0x9e>
100004d6:	220f      	movs	r2, #15
100004d8:	4013      	ands	r3, r2
100004da:	d000      	beq.n	100004de <gpio_default_irq_handler+0xf2>
100004dc:	e07e      	b.n	100005dc <gpio_default_irq_handler+0x1f0>
100004de:	0b2b      	lsrs	r3, r5, #12
100004e0:	1ce1      	adds	r1, r4, #3
100004e2:	2b00      	cmp	r3, #0
100004e4:	d0d1      	beq.n	1000048a <gpio_default_irq_handler+0x9e>
100004e6:	428e      	cmp	r6, r1
100004e8:	d9cf      	bls.n	1000048a <gpio_default_irq_handler+0x9e>
100004ea:	220f      	movs	r2, #15
100004ec:	4013      	ands	r3, r2
100004ee:	d000      	beq.n	100004f2 <gpio_default_irq_handler+0x106>
100004f0:	e088      	b.n	10000604 <gpio_default_irq_handler+0x218>
100004f2:	0c2b      	lsrs	r3, r5, #16
100004f4:	1d21      	adds	r1, r4, #4
100004f6:	2b00      	cmp	r3, #0
100004f8:	d0c7      	beq.n	1000048a <gpio_default_irq_handler+0x9e>
100004fa:	428e      	cmp	r6, r1
100004fc:	d9c5      	bls.n	1000048a <gpio_default_irq_handler+0x9e>
100004fe:	220f      	movs	r2, #15
10000500:	4013      	ands	r3, r2
10000502:	d011      	beq.n	10000528 <gpio_default_irq_handler+0x13c>
10000504:	4640      	mov	r0, r8
10000506:	4a55      	ldr	r2, [pc, #340]	; (1000065c <gpio_default_irq_handler+0x270>)
10000508:	5810      	ldr	r0, [r2, r0]
1000050a:	0022      	movs	r2, r4
1000050c:	40c8      	lsrs	r0, r1
1000050e:	3a1c      	subs	r2, #28
10000510:	0fd2      	lsrs	r2, r2, #31
10000512:	4202      	tst	r2, r0
10000514:	d108      	bne.n	10000528 <gpio_default_irq_handler+0x13c>
10000516:	2007      	movs	r0, #7
10000518:	08ca      	lsrs	r2, r1, #3
1000051a:	4001      	ands	r1, r0
1000051c:	0089      	lsls	r1, r1, #2
1000051e:	408b      	lsls	r3, r1
10000520:	323c      	adds	r2, #60	; 0x3c
10000522:	494f      	ldr	r1, [pc, #316]	; (10000660 <gpio_default_irq_handler+0x274>)
10000524:	0092      	lsls	r2, r2, #2
10000526:	5053      	str	r3, [r2, r1]
10000528:	0d2b      	lsrs	r3, r5, #20
1000052a:	1d61      	adds	r1, r4, #5
1000052c:	2b00      	cmp	r3, #0
1000052e:	d0ac      	beq.n	1000048a <gpio_default_irq_handler+0x9e>
10000530:	428e      	cmp	r6, r1
10000532:	d9aa      	bls.n	1000048a <gpio_default_irq_handler+0x9e>
10000534:	220f      	movs	r2, #15
10000536:	4013      	ands	r3, r2
10000538:	d008      	beq.n	1000054c <gpio_default_irq_handler+0x160>
1000053a:	4640      	mov	r0, r8
1000053c:	4a47      	ldr	r2, [pc, #284]	; (1000065c <gpio_default_irq_handler+0x270>)
1000053e:	5810      	ldr	r0, [r2, r0]
10000540:	0022      	movs	r2, r4
10000542:	40c8      	lsrs	r0, r1
10000544:	3a1b      	subs	r2, #27
10000546:	0fd2      	lsrs	r2, r2, #31
10000548:	4202      	tst	r2, r0
1000054a:	d078      	beq.n	1000063e <gpio_default_irq_handler+0x252>
1000054c:	0e2b      	lsrs	r3, r5, #24
1000054e:	1da1      	adds	r1, r4, #6
10000550:	2b00      	cmp	r3, #0
10000552:	d09a      	beq.n	1000048a <gpio_default_irq_handler+0x9e>
10000554:	428e      	cmp	r6, r1
10000556:	d998      	bls.n	1000048a <gpio_default_irq_handler+0x9e>
10000558:	220f      	movs	r2, #15
1000055a:	4013      	ands	r3, r2
1000055c:	d011      	beq.n	10000582 <gpio_default_irq_handler+0x196>
1000055e:	4640      	mov	r0, r8
10000560:	4a3e      	ldr	r2, [pc, #248]	; (1000065c <gpio_default_irq_handler+0x270>)
10000562:	5810      	ldr	r0, [r2, r0]
10000564:	0022      	movs	r2, r4
10000566:	40c8      	lsrs	r0, r1
10000568:	3a1a      	subs	r2, #26
1000056a:	0fd2      	lsrs	r2, r2, #31
1000056c:	4202      	tst	r2, r0
1000056e:	d108      	bne.n	10000582 <gpio_default_irq_handler+0x196>
10000570:	2007      	movs	r0, #7
10000572:	08ca      	lsrs	r2, r1, #3
10000574:	4001      	ands	r1, r0
10000576:	0089      	lsls	r1, r1, #2
10000578:	408b      	lsls	r3, r1
1000057a:	323c      	adds	r2, #60	; 0x3c
1000057c:	4938      	ldr	r1, [pc, #224]	; (10000660 <gpio_default_irq_handler+0x274>)
1000057e:	0092      	lsls	r2, r2, #2
10000580:	5053      	str	r3, [r2, r1]
10000582:	0f2d      	lsrs	r5, r5, #28
10000584:	1de2      	adds	r2, r4, #7
10000586:	2d00      	cmp	r5, #0
10000588:	d100      	bne.n	1000058c <gpio_default_irq_handler+0x1a0>
1000058a:	e77e      	b.n	1000048a <gpio_default_irq_handler+0x9e>
1000058c:	4641      	mov	r1, r8
1000058e:	4b33      	ldr	r3, [pc, #204]	; (1000065c <gpio_default_irq_handler+0x270>)
10000590:	3c19      	subs	r4, #25
10000592:	585b      	ldr	r3, [r3, r1]
10000594:	0fe4      	lsrs	r4, r4, #31
10000596:	9301      	str	r3, [sp, #4]
10000598:	40d3      	lsrs	r3, r2
1000059a:	421c      	tst	r4, r3
1000059c:	d000      	beq.n	100005a0 <gpio_default_irq_handler+0x1b4>
1000059e:	e774      	b.n	1000048a <gpio_default_irq_handler+0x9e>
100005a0:	2107      	movs	r1, #7
100005a2:	08d3      	lsrs	r3, r2, #3
100005a4:	400a      	ands	r2, r1
100005a6:	0092      	lsls	r2, r2, #2
100005a8:	4095      	lsls	r5, r2
100005aa:	333c      	adds	r3, #60	; 0x3c
100005ac:	4a2c      	ldr	r2, [pc, #176]	; (10000660 <gpio_default_irq_handler+0x274>)
100005ae:	009b      	lsls	r3, r3, #2
100005b0:	509d      	str	r5, [r3, r2]
100005b2:	e76a      	b.n	1000048a <gpio_default_irq_handler+0x9e>
100005b4:	4640      	mov	r0, r8
100005b6:	4a29      	ldr	r2, [pc, #164]	; (1000065c <gpio_default_irq_handler+0x270>)
100005b8:	5810      	ldr	r0, [r2, r0]
100005ba:	0022      	movs	r2, r4
100005bc:	40c8      	lsrs	r0, r1
100005be:	3a1f      	subs	r2, #31
100005c0:	0fd2      	lsrs	r2, r2, #31
100005c2:	4202      	tst	r2, r0
100005c4:	d000      	beq.n	100005c8 <gpio_default_irq_handler+0x1dc>
100005c6:	e780      	b.n	100004ca <gpio_default_irq_handler+0xde>
100005c8:	2007      	movs	r0, #7
100005ca:	08ca      	lsrs	r2, r1, #3
100005cc:	4001      	ands	r1, r0
100005ce:	0089      	lsls	r1, r1, #2
100005d0:	408b      	lsls	r3, r1
100005d2:	323c      	adds	r2, #60	; 0x3c
100005d4:	4922      	ldr	r1, [pc, #136]	; (10000660 <gpio_default_irq_handler+0x274>)
100005d6:	0092      	lsls	r2, r2, #2
100005d8:	5053      	str	r3, [r2, r1]
100005da:	e776      	b.n	100004ca <gpio_default_irq_handler+0xde>
100005dc:	4640      	mov	r0, r8
100005de:	4a1f      	ldr	r2, [pc, #124]	; (1000065c <gpio_default_irq_handler+0x270>)
100005e0:	5810      	ldr	r0, [r2, r0]
100005e2:	0022      	movs	r2, r4
100005e4:	40c8      	lsrs	r0, r1
100005e6:	3a1e      	subs	r2, #30
100005e8:	0fd2      	lsrs	r2, r2, #31
100005ea:	4202      	tst	r2, r0
100005ec:	d000      	beq.n	100005f0 <gpio_default_irq_handler+0x204>
100005ee:	e776      	b.n	100004de <gpio_default_irq_handler+0xf2>
100005f0:	2007      	movs	r0, #7
100005f2:	08ca      	lsrs	r2, r1, #3
100005f4:	4001      	ands	r1, r0
100005f6:	0089      	lsls	r1, r1, #2
100005f8:	408b      	lsls	r3, r1
100005fa:	323c      	adds	r2, #60	; 0x3c
100005fc:	4918      	ldr	r1, [pc, #96]	; (10000660 <gpio_default_irq_handler+0x274>)
100005fe:	0092      	lsls	r2, r2, #2
10000600:	5053      	str	r3, [r2, r1]
10000602:	e76c      	b.n	100004de <gpio_default_irq_handler+0xf2>
10000604:	4640      	mov	r0, r8
10000606:	4a15      	ldr	r2, [pc, #84]	; (1000065c <gpio_default_irq_handler+0x270>)
10000608:	5810      	ldr	r0, [r2, r0]
1000060a:	0022      	movs	r2, r4
1000060c:	40c8      	lsrs	r0, r1
1000060e:	3a1d      	subs	r2, #29
10000610:	0fd2      	lsrs	r2, r2, #31
10000612:	4202      	tst	r2, r0
10000614:	d000      	beq.n	10000618 <gpio_default_irq_handler+0x22c>
10000616:	e76c      	b.n	100004f2 <gpio_default_irq_handler+0x106>
10000618:	2007      	movs	r0, #7
1000061a:	08ca      	lsrs	r2, r1, #3
1000061c:	4001      	ands	r1, r0
1000061e:	0089      	lsls	r1, r1, #2
10000620:	408b      	lsls	r3, r1
10000622:	323c      	adds	r2, #60	; 0x3c
10000624:	490e      	ldr	r1, [pc, #56]	; (10000660 <gpio_default_irq_handler+0x274>)
10000626:	0092      	lsls	r2, r2, #2
10000628:	5053      	str	r3, [r2, r1]
1000062a:	e762      	b.n	100004f2 <gpio_default_irq_handler+0x106>
1000062c:	2107      	movs	r1, #7
1000062e:	4021      	ands	r1, r4
10000630:	0089      	lsls	r1, r1, #2
10000632:	408b      	lsls	r3, r1
10000634:	323c      	adds	r2, #60	; 0x3c
10000636:	490a      	ldr	r1, [pc, #40]	; (10000660 <gpio_default_irq_handler+0x274>)
10000638:	0092      	lsls	r2, r2, #2
1000063a:	5053      	str	r3, [r2, r1]
1000063c:	e73c      	b.n	100004b8 <gpio_default_irq_handler+0xcc>
1000063e:	2007      	movs	r0, #7
10000640:	08ca      	lsrs	r2, r1, #3
10000642:	4001      	ands	r1, r0
10000644:	0089      	lsls	r1, r1, #2
10000646:	408b      	lsls	r3, r1
10000648:	323c      	adds	r2, #60	; 0x3c
1000064a:	4905      	ldr	r1, [pc, #20]	; (10000660 <gpio_default_irq_handler+0x274>)
1000064c:	0092      	lsls	r2, r2, #2
1000064e:	5053      	str	r3, [r2, r1]
10000650:	e77c      	b.n	1000054c <gpio_default_irq_handler+0x160>
10000652:	46c0      	nop			; (mov r8, r8)
10000654:	200018cc 	.word	0x200018cc
10000658:	40014100 	.word	0x40014100
1000065c:	20001d68 	.word	0x20001d68
10000660:	40014000 	.word	0x40014000

10000664 <gpio_set_pulls>:
10000664:	4b0b      	ldr	r3, [pc, #44]	; (10000694 <gpio_set_pulls+0x30>)
10000666:	0080      	lsls	r0, r0, #2
10000668:	469c      	mov	ip, r3
1000066a:	4460      	add	r0, ip
1000066c:	2900      	cmp	r1, #0
1000066e:	d10e      	bne.n	1000068e <gpio_set_pulls+0x2a>
10000670:	2300      	movs	r3, #0
10000672:	3104      	adds	r1, #4
10000674:	2a00      	cmp	r2, #0
10000676:	d100      	bne.n	1000067a <gpio_set_pulls+0x16>
10000678:	0019      	movs	r1, r3
1000067a:	2280      	movs	r2, #128	; 0x80
1000067c:	6803      	ldr	r3, [r0, #0]
1000067e:	0152      	lsls	r2, r2, #5
10000680:	4059      	eors	r1, r3
10000682:	4694      	mov	ip, r2
10000684:	230c      	movs	r3, #12
10000686:	4460      	add	r0, ip
10000688:	400b      	ands	r3, r1
1000068a:	6003      	str	r3, [r0, #0]
1000068c:	4770      	bx	lr
1000068e:	210c      	movs	r1, #12
10000690:	2308      	movs	r3, #8
10000692:	e7ef      	b.n	10000674 <gpio_set_pulls+0x10>
10000694:	4001c004 	.word	0x4001c004

10000698 <gpio_set_irq_enabled>:
10000698:	23d0      	movs	r3, #208	; 0xd0
1000069a:	061b      	lsls	r3, r3, #24
1000069c:	681b      	ldr	r3, [r3, #0]
1000069e:	b530      	push	{r4, r5, lr}
100006a0:	1e5d      	subs	r5, r3, #1
100006a2:	41ab      	sbcs	r3, r5
100006a4:	4c0f      	ldr	r4, [pc, #60]	; (100006e4 <gpio_set_irq_enabled+0x4c>)
100006a6:	425d      	negs	r5, r3
100006a8:	2330      	movs	r3, #48	; 0x30
100006aa:	46a4      	mov	ip, r4
100006ac:	2407      	movs	r4, #7
100006ae:	402b      	ands	r3, r5
100006b0:	08c5      	lsrs	r5, r0, #3
100006b2:	4004      	ands	r4, r0
100006b4:	0028      	movs	r0, r5
100006b6:	00a4      	lsls	r4, r4, #2
100006b8:	40a1      	lsls	r1, r4
100006ba:	303c      	adds	r0, #60	; 0x3c
100006bc:	4c0a      	ldr	r4, [pc, #40]	; (100006e8 <gpio_set_irq_enabled+0x50>)
100006be:	4463      	add	r3, ip
100006c0:	0080      	lsls	r0, r0, #2
100006c2:	00ad      	lsls	r5, r5, #2
100006c4:	5101      	str	r1, [r0, r4]
100006c6:	195b      	adds	r3, r3, r5
100006c8:	2a00      	cmp	r2, #0
100006ca:	d005      	beq.n	100006d8 <gpio_set_irq_enabled+0x40>
100006cc:	2280      	movs	r2, #128	; 0x80
100006ce:	0192      	lsls	r2, r2, #6
100006d0:	4694      	mov	ip, r2
100006d2:	4463      	add	r3, ip
100006d4:	6019      	str	r1, [r3, #0]
100006d6:	bd30      	pop	{r4, r5, pc}
100006d8:	22c0      	movs	r2, #192	; 0xc0
100006da:	0192      	lsls	r2, r2, #6
100006dc:	4694      	mov	ip, r2
100006de:	4463      	add	r3, ip
100006e0:	6019      	str	r1, [r3, #0]
100006e2:	e7f8      	b.n	100006d6 <gpio_set_irq_enabled+0x3e>
100006e4:	40014100 	.word	0x40014100
100006e8:	40014000 	.word	0x40014000

100006ec <gpio_set_irq_enabled_with_callback>:
100006ec:	b5f0      	push	{r4, r5, r6, r7, lr}
100006ee:	464f      	mov	r7, r9
100006f0:	4699      	mov	r9, r3
100006f2:	23d0      	movs	r3, #208	; 0xd0
100006f4:	4646      	mov	r6, r8
100006f6:	46d6      	mov	lr, sl
100006f8:	061b      	lsls	r3, r3, #24
100006fa:	469a      	mov	sl, r3
100006fc:	681b      	ldr	r3, [r3, #0]
100006fe:	0014      	movs	r4, r2
10000700:	4a26      	ldr	r2, [pc, #152]	; (1000079c <gpio_set_irq_enabled_with_callback+0xb0>)
10000702:	b5c0      	push	{r6, r7, lr}
10000704:	009f      	lsls	r7, r3, #2
10000706:	4690      	mov	r8, r2
10000708:	59d2      	ldr	r2, [r2, r7]
1000070a:	0006      	movs	r6, r0
1000070c:	000d      	movs	r5, r1
1000070e:	2a00      	cmp	r2, #0
10000710:	d032      	beq.n	10000778 <gpio_set_irq_enabled_with_callback+0x8c>
10000712:	464b      	mov	r3, r9
10000714:	2b00      	cmp	r3, #0
10000716:	d03c      	beq.n	10000792 <gpio_set_irq_enabled_with_callback+0xa6>
10000718:	4643      	mov	r3, r8
1000071a:	464a      	mov	r2, r9
1000071c:	51da      	str	r2, [r3, r7]
1000071e:	23d0      	movs	r3, #208	; 0xd0
10000720:	061b      	lsls	r3, r3, #24
10000722:	681b      	ldr	r3, [r3, #0]
10000724:	1e5a      	subs	r2, r3, #1
10000726:	4193      	sbcs	r3, r2
10000728:	425a      	negs	r2, r3
1000072a:	2330      	movs	r3, #48	; 0x30
1000072c:	2007      	movs	r0, #7
1000072e:	4013      	ands	r3, r2
10000730:	4a1b      	ldr	r2, [pc, #108]	; (100007a0 <gpio_set_irq_enabled_with_callback+0xb4>)
10000732:	4030      	ands	r0, r6
10000734:	4694      	mov	ip, r2
10000736:	08f2      	lsrs	r2, r6, #3
10000738:	0011      	movs	r1, r2
1000073a:	0080      	lsls	r0, r0, #2
1000073c:	4085      	lsls	r5, r0
1000073e:	313c      	adds	r1, #60	; 0x3c
10000740:	4818      	ldr	r0, [pc, #96]	; (100007a4 <gpio_set_irq_enabled_with_callback+0xb8>)
10000742:	4463      	add	r3, ip
10000744:	0089      	lsls	r1, r1, #2
10000746:	0092      	lsls	r2, r2, #2
10000748:	500d      	str	r5, [r1, r0]
1000074a:	189b      	adds	r3, r3, r2
1000074c:	2c00      	cmp	r4, #0
1000074e:	d00d      	beq.n	1000076c <gpio_set_irq_enabled_with_callback+0x80>
10000750:	2280      	movs	r2, #128	; 0x80
10000752:	0192      	lsls	r2, r2, #6
10000754:	4694      	mov	ip, r2
10000756:	4463      	add	r3, ip
10000758:	601d      	str	r5, [r3, #0]
1000075a:	2101      	movs	r1, #1
1000075c:	200d      	movs	r0, #13
1000075e:	f000 f90f 	bl	10000980 <irq_set_enabled>
10000762:	bc1c      	pop	{r2, r3, r4}
10000764:	4690      	mov	r8, r2
10000766:	4699      	mov	r9, r3
10000768:	46a2      	mov	sl, r4
1000076a:	bdf0      	pop	{r4, r5, r6, r7, pc}
1000076c:	22c0      	movs	r2, #192	; 0xc0
1000076e:	0192      	lsls	r2, r2, #6
10000770:	4694      	mov	ip, r2
10000772:	4463      	add	r3, ip
10000774:	601d      	str	r5, [r3, #0]
10000776:	e7f4      	b.n	10000762 <gpio_set_irq_enabled_with_callback+0x76>
10000778:	464a      	mov	r2, r9
1000077a:	2a00      	cmp	r2, #0
1000077c:	d0d2      	beq.n	10000724 <gpio_set_irq_enabled_with_callback+0x38>
1000077e:	4643      	mov	r3, r8
10000780:	4909      	ldr	r1, [pc, #36]	; (100007a8 <gpio_set_irq_enabled_with_callback+0xbc>)
10000782:	51da      	str	r2, [r3, r7]
10000784:	200d      	movs	r0, #13
10000786:	2200      	movs	r2, #0
10000788:	f000 f95c 	bl	10000a44 <irq_add_shared_handler>
1000078c:	4653      	mov	r3, sl
1000078e:	681b      	ldr	r3, [r3, #0]
10000790:	e7c8      	b.n	10000724 <gpio_set_irq_enabled_with_callback+0x38>
10000792:	4905      	ldr	r1, [pc, #20]	; (100007a8 <gpio_set_irq_enabled_with_callback+0xbc>)
10000794:	200d      	movs	r0, #13
10000796:	f000 fa39 	bl	10000c0c <irq_remove_handler>
1000079a:	e7bd      	b.n	10000718 <gpio_set_irq_enabled_with_callback+0x2c>
1000079c:	200018cc 	.word	0x200018cc
100007a0:	40014100 	.word	0x40014100
100007a4:	40014000 	.word	0x40014000
100007a8:	100003ed 	.word	0x100003ed

100007ac <gpio_init>:
100007ac:	2301      	movs	r3, #1
100007ae:	22d0      	movs	r2, #208	; 0xd0
100007b0:	4083      	lsls	r3, r0
100007b2:	2140      	movs	r1, #64	; 0x40
100007b4:	0612      	lsls	r2, r2, #24
100007b6:	6293      	str	r3, [r2, #40]	; 0x28
100007b8:	6193      	str	r3, [r2, #24]
100007ba:	4a09      	ldr	r2, [pc, #36]	; (100007e0 <gpio_init+0x34>)
100007bc:	0083      	lsls	r3, r0, #2
100007be:	189a      	adds	r2, r3, r2
100007c0:	6812      	ldr	r2, [r2, #0]
100007c2:	00c0      	lsls	r0, r0, #3
100007c4:	4051      	eors	r1, r2
100007c6:	22c0      	movs	r2, #192	; 0xc0
100007c8:	400a      	ands	r2, r1
100007ca:	4906      	ldr	r1, [pc, #24]	; (100007e4 <gpio_init+0x38>)
100007cc:	468c      	mov	ip, r1
100007ce:	4463      	add	r3, ip
100007d0:	601a      	str	r2, [r3, #0]
100007d2:	4b05      	ldr	r3, [pc, #20]	; (100007e8 <gpio_init+0x3c>)
100007d4:	469c      	mov	ip, r3
100007d6:	2305      	movs	r3, #5
100007d8:	4460      	add	r0, ip
100007da:	6043      	str	r3, [r0, #4]
100007dc:	4770      	bx	lr
100007de:	46c0      	nop			; (mov r8, r8)
100007e0:	4001c004 	.word	0x4001c004
100007e4:	4001d004 	.word	0x4001d004
100007e8:	40014000 	.word	0x40014000

100007ec <rp2040_chip_version>:
100007ec:	2380      	movs	r3, #128	; 0x80
100007ee:	05db      	lsls	r3, r3, #23
100007f0:	6818      	ldr	r0, [r3, #0]
100007f2:	0f00      	lsrs	r0, r0, #28
100007f4:	4770      	bx	lr
100007f6:	46c0      	nop			; (mov r8, r8)

100007f8 <panic>:
100007f8:	b40f      	push	{r0, r1, r2, r3}
100007fa:	b500      	push	{lr}
100007fc:	4808      	ldr	r0, [pc, #32]	; (10000820 <panic+0x28>)
100007fe:	b083      	sub	sp, #12
10000800:	f001 fd4c 	bl	1000229c <__wrap_puts>
10000804:	9b04      	ldr	r3, [sp, #16]
10000806:	2b00      	cmp	r3, #0
10000808:	d007      	beq.n	1000081a <panic+0x22>
1000080a:	a905      	add	r1, sp, #20
1000080c:	0018      	movs	r0, r3
1000080e:	9101      	str	r1, [sp, #4]
10000810:	f001 fbca 	bl	10001fa8 <weak_raw_vprintf>
10000814:	4803      	ldr	r0, [pc, #12]	; (10000824 <panic+0x2c>)
10000816:	f001 fd41 	bl	1000229c <__wrap_puts>
1000081a:	2001      	movs	r0, #1
1000081c:	f001 fbdc 	bl	10001fd8 <_exit>
10000820:	10004cdc 	.word	0x10004cdc
10000824:	10004cec 	.word	0x10004cec

10000828 <hw_claim_or_assert>:
10000828:	b5f8      	push	{r3, r4, r5, r6, r7, lr}
1000082a:	f3ef 8710 	mrs	r7, PRIMASK
1000082e:	b672      	cpsid	i
10000830:	4e0d      	ldr	r6, [pc, #52]	; (10000868 <hw_claim_or_assert+0x40>)
10000832:	6833      	ldr	r3, [r6, #0]
10000834:	2b00      	cmp	r3, #0
10000836:	d0fc      	beq.n	10000832 <hw_claim_or_assert+0xa>
10000838:	f3bf 8f5f 	dmb	sy
1000083c:	2507      	movs	r5, #7
1000083e:	08cb      	lsrs	r3, r1, #3
10000840:	18c0      	adds	r0, r0, r3
10000842:	2301      	movs	r3, #1
10000844:	400d      	ands	r5, r1
10000846:	40ab      	lsls	r3, r5
10000848:	001d      	movs	r5, r3
1000084a:	7804      	ldrb	r4, [r0, #0]
1000084c:	4025      	ands	r5, r4
1000084e:	d107      	bne.n	10000860 <hw_claim_or_assert+0x38>
10000850:	4323      	orrs	r3, r4
10000852:	7003      	strb	r3, [r0, #0]
10000854:	f3bf 8f5f 	dmb	sy
10000858:	6035      	str	r5, [r6, #0]
1000085a:	f387 8810 	msr	PRIMASK, r7
1000085e:	bdf8      	pop	{r3, r4, r5, r6, r7, pc}
10000860:	0010      	movs	r0, r2
10000862:	f7ff ffc9 	bl	100007f8 <panic>
10000866:	46c0      	nop			; (mov r8, r8)
10000868:	d000012c 	.word	0xd000012c

1000086c <hw_claim_unused_from_range>:
1000086c:	b5f8      	push	{r3, r4, r5, r6, r7, lr}
1000086e:	46ce      	mov	lr, r9
10000870:	4647      	mov	r7, r8
10000872:	468c      	mov	ip, r1
10000874:	b580      	push	{r7, lr}
10000876:	f3ef 8810 	mrs	r8, PRIMASK
1000087a:	b672      	cpsid	i
1000087c:	4d21      	ldr	r5, [pc, #132]	; (10000904 <hw_claim_unused_from_range+0x98>)
1000087e:	682c      	ldr	r4, [r5, #0]
10000880:	2c00      	cmp	r4, #0
10000882:	d0fc      	beq.n	1000087e <hw_claim_unused_from_range+0x12>
10000884:	f3bf 8f5f 	dmb	sy
10000888:	429a      	cmp	r2, r3
1000088a:	d82c      	bhi.n	100008e6 <hw_claim_unused_from_range+0x7a>
1000088c:	2107      	movs	r1, #7
1000088e:	2501      	movs	r5, #1
10000890:	4011      	ands	r1, r2
10000892:	408d      	lsls	r5, r1
10000894:	08d4      	lsrs	r4, r2, #3
10000896:	1904      	adds	r4, r0, r4
10000898:	7826      	ldrb	r6, [r4, #0]
1000089a:	4235      	tst	r5, r6
1000089c:	d01f      	beq.n	100008de <hw_claim_unused_from_range+0x72>
1000089e:	2107      	movs	r1, #7
100008a0:	4689      	mov	r9, r1
100008a2:	3906      	subs	r1, #6
100008a4:	e009      	b.n	100008ba <hw_claim_unused_from_range+0x4e>
100008a6:	464d      	mov	r5, r9
100008a8:	000f      	movs	r7, r1
100008aa:	4015      	ands	r5, r2
100008ac:	40af      	lsls	r7, r5
100008ae:	08d4      	lsrs	r4, r2, #3
100008b0:	1904      	adds	r4, r0, r4
100008b2:	7826      	ldrb	r6, [r4, #0]
100008b4:	003d      	movs	r5, r7
100008b6:	4237      	tst	r7, r6
100008b8:	d011      	beq.n	100008de <hw_claim_unused_from_range+0x72>
100008ba:	3201      	adds	r2, #1
100008bc:	4293      	cmp	r3, r2
100008be:	d2f2      	bcs.n	100008a6 <hw_claim_unused_from_range+0x3a>
100008c0:	2001      	movs	r0, #1
100008c2:	4240      	negs	r0, r0
100008c4:	f3bf 8f5f 	dmb	sy
100008c8:	2200      	movs	r2, #0
100008ca:	4b0e      	ldr	r3, [pc, #56]	; (10000904 <hw_claim_unused_from_range+0x98>)
100008cc:	601a      	str	r2, [r3, #0]
100008ce:	f388 8810 	msr	PRIMASK, r8
100008d2:	2800      	cmp	r0, #0
100008d4:	db0f      	blt.n	100008f6 <hw_claim_unused_from_range+0x8a>
100008d6:	bc0c      	pop	{r2, r3}
100008d8:	4690      	mov	r8, r2
100008da:	4699      	mov	r9, r3
100008dc:	bdf8      	pop	{r3, r4, r5, r6, r7, pc}
100008de:	4335      	orrs	r5, r6
100008e0:	7025      	strb	r5, [r4, #0]
100008e2:	0010      	movs	r0, r2
100008e4:	e7ee      	b.n	100008c4 <hw_claim_unused_from_range+0x58>
100008e6:	f3bf 8f5f 	dmb	sy
100008ea:	2300      	movs	r3, #0
100008ec:	602b      	str	r3, [r5, #0]
100008ee:	f388 8810 	msr	PRIMASK, r8
100008f2:	2001      	movs	r0, #1
100008f4:	4240      	negs	r0, r0
100008f6:	4663      	mov	r3, ip
100008f8:	2b00      	cmp	r3, #0
100008fa:	d0ec      	beq.n	100008d6 <hw_claim_unused_from_range+0x6a>
100008fc:	9808      	ldr	r0, [sp, #32]
100008fe:	f7ff ff7b 	bl	100007f8 <panic>
10000902:	46c0      	nop			; (mov r8, r8)
10000904:	d000012c 	.word	0xd000012c

10000908 <next_striped_spin_lock_num>:
10000908:	4a04      	ldr	r2, [pc, #16]	; (1000091c <next_striped_spin_lock_num+0x14>)
1000090a:	7810      	ldrb	r0, [r2, #0]
1000090c:	1c43      	adds	r3, r0, #1
1000090e:	b2db      	uxtb	r3, r3
10000910:	2b17      	cmp	r3, #23
10000912:	d900      	bls.n	10000916 <next_striped_spin_lock_num+0xe>
10000914:	2310      	movs	r3, #16
10000916:	7013      	strb	r3, [r2, #0]
10000918:	4770      	bx	lr
1000091a:	46c0      	nop			; (mov r8, r8)
1000091c:	20001080 	.word	0x20001080

10000920 <spin_lock_claim_unused>:
10000920:	b500      	push	{lr}
10000922:	4b05      	ldr	r3, [pc, #20]	; (10000938 <spin_lock_claim_unused+0x18>)
10000924:	b083      	sub	sp, #12
10000926:	0001      	movs	r1, r0
10000928:	9300      	str	r3, [sp, #0]
1000092a:	2218      	movs	r2, #24
1000092c:	231f      	movs	r3, #31
1000092e:	4803      	ldr	r0, [pc, #12]	; (1000093c <spin_lock_claim_unused+0x1c>)
10000930:	f7ff ff9c 	bl	1000086c <hw_claim_unused_from_range>
10000934:	b003      	add	sp, #12
10000936:	bd00      	pop	{pc}
10000938:	10004cf0 	.word	0x10004cf0
1000093c:	200018dc 	.word	0x200018dc

10000940 <spin_locks_reset>:
10000940:	2100      	movs	r1, #0
10000942:	4b04      	ldr	r3, [pc, #16]	; (10000954 <spin_locks_reset+0x14>)
10000944:	4a04      	ldr	r2, [pc, #16]	; (10000958 <spin_locks_reset+0x18>)
10000946:	f3bf 8f5f 	dmb	sy
1000094a:	c302      	stmia	r3!, {r1}
1000094c:	4293      	cmp	r3, r2
1000094e:	d1fa      	bne.n	10000946 <spin_locks_reset+0x6>
10000950:	4770      	bx	lr
10000952:	46c0      	nop			; (mov r8, r8)
10000954:	d0000100 	.word	0xd0000100
10000958:	d0000180 	.word	0xd0000180

1000095c <runtime_init_per_core_irq_priorities>:
1000095c:	4b05      	ldr	r3, [pc, #20]	; (10000974 <runtime_init_per_core_irq_priorities+0x18>)
1000095e:	4a06      	ldr	r2, [pc, #24]	; (10000978 <runtime_init_per_core_irq_priorities+0x1c>)
10000960:	6013      	str	r3, [r2, #0]
10000962:	4a06      	ldr	r2, [pc, #24]	; (1000097c <runtime_init_per_core_irq_priorities+0x20>)
10000964:	6013      	str	r3, [r2, #0]
10000966:	6053      	str	r3, [r2, #4]
10000968:	6093      	str	r3, [r2, #8]
1000096a:	60d3      	str	r3, [r2, #12]
1000096c:	6113      	str	r3, [r2, #16]
1000096e:	6153      	str	r3, [r2, #20]
10000970:	6193      	str	r3, [r2, #24]
10000972:	4770      	bx	lr
10000974:	80808080 	.word	0x80808080
10000978:	e000e400 	.word	0xe000e400
1000097c:	e000e404 	.word	0xe000e404

10000980 <irq_set_enabled>:
10000980:	231f      	movs	r3, #31
10000982:	4018      	ands	r0, r3
10000984:	3b1e      	subs	r3, #30
10000986:	4083      	lsls	r3, r0
10000988:	2900      	cmp	r1, #0
1000098a:	d005      	beq.n	10000998 <irq_set_enabled+0x18>
1000098c:	21c0      	movs	r1, #192	; 0xc0
1000098e:	4a04      	ldr	r2, [pc, #16]	; (100009a0 <irq_set_enabled+0x20>)
10000990:	0049      	lsls	r1, r1, #1
10000992:	5053      	str	r3, [r2, r1]
10000994:	6013      	str	r3, [r2, #0]
10000996:	4770      	bx	lr
10000998:	2280      	movs	r2, #128	; 0x80
1000099a:	4901      	ldr	r1, [pc, #4]	; (100009a0 <irq_set_enabled+0x20>)
1000099c:	508b      	str	r3, [r1, r2]
1000099e:	e7fa      	b.n	10000996 <irq_set_enabled+0x16>
100009a0:	e000e100 	.word	0xe000e100

100009a4 <irq_is_enabled>:
100009a4:	2201      	movs	r2, #1
100009a6:	4082      	lsls	r2, r0
100009a8:	4b03      	ldr	r3, [pc, #12]	; (100009b8 <irq_is_enabled+0x14>)
100009aa:	681b      	ldr	r3, [r3, #0]
100009ac:	4013      	ands	r3, r2
100009ae:	1e58      	subs	r0, r3, #1
100009b0:	4183      	sbcs	r3, r0
100009b2:	b2d8      	uxtb	r0, r3
100009b4:	4770      	bx	lr
100009b6:	46c0      	nop			; (mov r8, r8)
100009b8:	e000e100 	.word	0xe000e100

100009bc <irq_set_pending>:
100009bc:	2301      	movs	r3, #1
100009be:	4083      	lsls	r3, r0
100009c0:	4a01      	ldr	r2, [pc, #4]	; (100009c8 <irq_set_pending+0xc>)
100009c2:	6013      	str	r3, [r2, #0]
100009c4:	4770      	bx	lr
100009c6:	46c0      	nop			; (mov r8, r8)
100009c8:	e000e200 	.word	0xe000e200

100009cc <irq_has_shared_handler>:
100009cc:	4b06      	ldr	r3, [pc, #24]	; (100009e8 <irq_has_shared_handler+0x1c>)
100009ce:	3010      	adds	r0, #16
100009d0:	689b      	ldr	r3, [r3, #8]
100009d2:	0080      	lsls	r0, r0, #2
100009d4:	58c3      	ldr	r3, [r0, r3]
100009d6:	4a05      	ldr	r2, [pc, #20]	; (100009ec <irq_has_shared_handler+0x20>)
100009d8:	2000      	movs	r0, #0
100009da:	1a9b      	subs	r3, r3, r2
100009dc:	222f      	movs	r2, #47	; 0x2f
100009de:	429a      	cmp	r2, r3
100009e0:	4140      	adcs	r0, r0
100009e2:	b2c0      	uxtb	r0, r0
100009e4:	4770      	bx	lr
100009e6:	46c0      	nop			; (mov r8, r8)
100009e8:	e000ed00 	.word	0xe000ed00
100009ec:	20001084 	.word	0x20001084

100009f0 <irq_set_exclusive_handler>:
100009f0:	b570      	push	{r4, r5, r6, lr}
100009f2:	000d      	movs	r5, r1
100009f4:	f3ef 8610 	mrs	r6, PRIMASK
100009f8:	b672      	cpsid	i
100009fa:	4a0f      	ldr	r2, [pc, #60]	; (10000a38 <irq_set_exclusive_handler+0x48>)
100009fc:	6813      	ldr	r3, [r2, #0]
100009fe:	2b00      	cmp	r3, #0
10000a00:	d0fc      	beq.n	100009fc <irq_set_exclusive_handler+0xc>
10000a02:	f3bf 8f5f 	dmb	sy
10000a06:	4b0d      	ldr	r3, [pc, #52]	; (10000a3c <irq_set_exclusive_handler+0x4c>)
10000a08:	3010      	adds	r0, #16
10000a0a:	689b      	ldr	r3, [r3, #8]
10000a0c:	0084      	lsls	r4, r0, #2
10000a0e:	591b      	ldr	r3, [r3, r4]
10000a10:	4a0b      	ldr	r2, [pc, #44]	; (10000a40 <irq_set_exclusive_handler+0x50>)
10000a12:	4293      	cmp	r3, r2
10000a14:	d003      	beq.n	10000a1e <irq_set_exclusive_handler+0x2e>
10000a16:	429d      	cmp	r5, r3
10000a18:	d001      	beq.n	10000a1e <irq_set_exclusive_handler+0x2e>
10000a1a:	f001 f879 	bl	10001b10 <hard_assertion_failure>
10000a1e:	4b07      	ldr	r3, [pc, #28]	; (10000a3c <irq_set_exclusive_handler+0x4c>)
10000a20:	689b      	ldr	r3, [r3, #8]
10000a22:	511d      	str	r5, [r3, r4]
10000a24:	f3bf 8f5f 	dmb	sy
10000a28:	f3bf 8f5f 	dmb	sy
10000a2c:	2200      	movs	r2, #0
10000a2e:	4b02      	ldr	r3, [pc, #8]	; (10000a38 <irq_set_exclusive_handler+0x48>)
10000a30:	601a      	str	r2, [r3, #0]
10000a32:	f386 8810 	msr	PRIMASK, r6
10000a36:	bd70      	pop	{r4, r5, r6, pc}
10000a38:	d0000124 	.word	0xd0000124
10000a3c:	e000ed00 	.word	0xe000ed00
10000a40:	100001c1 	.word	0x100001c1

10000a44 <irq_add_shared_handler>:
10000a44:	b5f8      	push	{r3, r4, r5, r6, r7, lr}
10000a46:	4657      	mov	r7, sl
10000a48:	4645      	mov	r5, r8
10000a4a:	46de      	mov	lr, fp
10000a4c:	464e      	mov	r6, r9
10000a4e:	468a      	mov	sl, r1
10000a50:	b5e0      	push	{r5, r6, r7, lr}
10000a52:	4690      	mov	r8, r2
10000a54:	0007      	movs	r7, r0
10000a56:	f3ef 8910 	mrs	r9, PRIMASK
10000a5a:	b672      	cpsid	i
10000a5c:	4a5f      	ldr	r2, [pc, #380]	; (10000bdc <irq_add_shared_handler+0x198>)
10000a5e:	6813      	ldr	r3, [r2, #0]
10000a60:	2b00      	cmp	r3, #0
10000a62:	d0fc      	beq.n	10000a5e <irq_add_shared_handler+0x1a>
10000a64:	f3bf 8f5f 	dmb	sy
10000a68:	2000      	movs	r0, #0
10000a6a:	4b5d      	ldr	r3, [pc, #372]	; (10000be0 <irq_add_shared_handler+0x19c>)
10000a6c:	5618      	ldrsb	r0, [r3, r0]
10000a6e:	469b      	mov	fp, r3
10000a70:	2800      	cmp	r0, #0
10000a72:	da00      	bge.n	10000a76 <irq_add_shared_handler+0x32>
10000a74:	e0a2      	b.n	10000bbc <irq_add_shared_handler+0x178>
10000a76:	465a      	mov	r2, fp
10000a78:	0044      	lsls	r4, r0, #1
10000a7a:	4d5a      	ldr	r5, [pc, #360]	; (10000be4 <irq_add_shared_handler+0x1a0>)
10000a7c:	1824      	adds	r4, r4, r0
10000a7e:	00a4      	lsls	r4, r4, #2
10000a80:	192e      	adds	r6, r5, r4
10000a82:	79b3      	ldrb	r3, [r6, #6]
10000a84:	3710      	adds	r7, #16
10000a86:	7013      	strb	r3, [r2, #0]
10000a88:	4b57      	ldr	r3, [pc, #348]	; (10000be8 <irq_add_shared_handler+0x1a4>)
10000a8a:	00ba      	lsls	r2, r7, #2
10000a8c:	689b      	ldr	r3, [r3, #8]
10000a8e:	4693      	mov	fp, r2
10000a90:	5899      	ldr	r1, [r3, r2]
10000a92:	1b4b      	subs	r3, r1, r5
10000a94:	2b2f      	cmp	r3, #47	; 0x2f
10000a96:	d841      	bhi.n	10000b1c <irq_add_shared_handler+0xd8>
10000a98:	2301      	movs	r3, #1
10000a9a:	000a      	movs	r2, r1
10000a9c:	439a      	bics	r2, r3
10000a9e:	79d3      	ldrb	r3, [r2, #7]
10000aa0:	4694      	mov	ip, r2
10000aa2:	4543      	cmp	r3, r8
10000aa4:	d914      	bls.n	10000ad0 <irq_add_shared_handler+0x8c>
10000aa6:	2706      	movs	r7, #6
10000aa8:	57d7      	ldrsb	r7, [r2, r7]
10000aaa:	0013      	movs	r3, r2
10000aac:	2f00      	cmp	r7, #0
10000aae:	da06      	bge.n	10000abe <irq_add_shared_handler+0x7a>
10000ab0:	e08d      	b.n	10000bce <irq_add_shared_handler+0x18a>
10000ab2:	2706      	movs	r7, #6
10000ab4:	57df      	ldrsb	r7, [r3, r7]
10000ab6:	001a      	movs	r2, r3
10000ab8:	2f00      	cmp	r7, #0
10000aba:	da00      	bge.n	10000abe <irq_add_shared_handler+0x7a>
10000abc:	e087      	b.n	10000bce <irq_add_shared_handler+0x18a>
10000abe:	007b      	lsls	r3, r7, #1
10000ac0:	19db      	adds	r3, r3, r7
10000ac2:	009b      	lsls	r3, r3, #2
10000ac4:	18eb      	adds	r3, r5, r3
10000ac6:	79df      	ldrb	r7, [r3, #7]
10000ac8:	4547      	cmp	r7, r8
10000aca:	d8f2      	bhi.n	10000ab2 <irq_add_shared_handler+0x6e>
10000acc:	2a00      	cmp	r2, #0
10000ace:	d151      	bne.n	10000b74 <irq_add_shared_handler+0x130>
10000ad0:	4a46      	ldr	r2, [pc, #280]	; (10000bec <irq_add_shared_handler+0x1a8>)
10000ad2:	4663      	mov	r3, ip
10000ad4:	1b5b      	subs	r3, r3, r5
10000ad6:	415b      	adcs	r3, r3
10000ad8:	435a      	muls	r2, r3
10000ada:	0d12      	lsrs	r2, r2, #20
10000adc:	4b44      	ldr	r3, [pc, #272]	; (10000bf0 <irq_add_shared_handler+0x1ac>)
10000ade:	1ca1      	adds	r1, r4, #2
10000ae0:	8033      	strh	r3, [r6, #0]
10000ae2:	4b44      	ldr	r3, [pc, #272]	; (10000bf4 <irq_add_shared_handler+0x1b0>)
10000ae4:	1869      	adds	r1, r5, r1
10000ae6:	3b04      	subs	r3, #4
10000ae8:	1a5b      	subs	r3, r3, r1
10000aea:	051b      	lsls	r3, r3, #20
10000aec:	4942      	ldr	r1, [pc, #264]	; (10000bf8 <irq_add_shared_handler+0x1b4>)
10000aee:	0d5b      	lsrs	r3, r3, #21
10000af0:	430b      	orrs	r3, r1
10000af2:	8073      	strh	r3, [r6, #2]
10000af4:	4663      	mov	r3, ip
10000af6:	3404      	adds	r4, #4
10000af8:	3b04      	subs	r3, #4
10000afa:	192d      	adds	r5, r5, r4
10000afc:	1b5d      	subs	r5, r3, r5
10000afe:	4643      	mov	r3, r8
10000b00:	052d      	lsls	r5, r5, #20
10000b02:	71f3      	strb	r3, [r6, #7]
10000b04:	0d6d      	lsrs	r5, r5, #21
10000b06:	4653      	mov	r3, sl
10000b08:	4329      	orrs	r1, r5
10000b0a:	80b1      	strh	r1, [r6, #4]
10000b0c:	71b2      	strb	r2, [r6, #6]
10000b0e:	2101      	movs	r1, #1
10000b10:	4662      	mov	r2, ip
10000b12:	60b3      	str	r3, [r6, #8]
10000b14:	4b39      	ldr	r3, [pc, #228]	; (10000bfc <irq_add_shared_handler+0x1b8>)
10000b16:	4331      	orrs	r1, r6
10000b18:	6013      	str	r3, [r2, #0]
10000b1a:	e018      	b.n	10000b4e <irq_add_shared_handler+0x10a>
10000b1c:	4b38      	ldr	r3, [pc, #224]	; (10000c00 <irq_add_shared_handler+0x1bc>)
10000b1e:	4299      	cmp	r1, r3
10000b20:	d152      	bne.n	10000bc8 <irq_add_shared_handler+0x184>
10000b22:	4b33      	ldr	r3, [pc, #204]	; (10000bf0 <irq_add_shared_handler+0x1ac>)
10000b24:	3402      	adds	r4, #2
10000b26:	8033      	strh	r3, [r6, #0]
10000b28:	4b32      	ldr	r3, [pc, #200]	; (10000bf4 <irq_add_shared_handler+0x1b0>)
10000b2a:	192d      	adds	r5, r5, r4
10000b2c:	3b04      	subs	r3, #4
10000b2e:	1b5d      	subs	r5, r3, r5
10000b30:	052d      	lsls	r5, r5, #20
10000b32:	4b31      	ldr	r3, [pc, #196]	; (10000bf8 <irq_add_shared_handler+0x1b4>)
10000b34:	0d6d      	lsrs	r5, r5, #21
10000b36:	431d      	orrs	r5, r3
10000b38:	4b32      	ldr	r3, [pc, #200]	; (10000c04 <irq_add_shared_handler+0x1c0>)
10000b3a:	2101      	movs	r1, #1
10000b3c:	80b3      	strh	r3, [r6, #4]
10000b3e:	23ff      	movs	r3, #255	; 0xff
10000b40:	71b3      	strb	r3, [r6, #6]
10000b42:	4643      	mov	r3, r8
10000b44:	71f3      	strb	r3, [r6, #7]
10000b46:	4653      	mov	r3, sl
10000b48:	8075      	strh	r5, [r6, #2]
10000b4a:	60b3      	str	r3, [r6, #8]
10000b4c:	4331      	orrs	r1, r6
10000b4e:	465a      	mov	r2, fp
10000b50:	4b25      	ldr	r3, [pc, #148]	; (10000be8 <irq_add_shared_handler+0x1a4>)
10000b52:	689b      	ldr	r3, [r3, #8]
10000b54:	5099      	str	r1, [r3, r2]
10000b56:	f3bf 8f5f 	dmb	sy
10000b5a:	f3bf 8f5f 	dmb	sy
10000b5e:	2200      	movs	r2, #0
10000b60:	4b1e      	ldr	r3, [pc, #120]	; (10000bdc <irq_add_shared_handler+0x198>)
10000b62:	601a      	str	r2, [r3, #0]
10000b64:	f389 8810 	msr	PRIMASK, r9
10000b68:	bc3c      	pop	{r2, r3, r4, r5}
10000b6a:	4690      	mov	r8, r2
10000b6c:	4699      	mov	r9, r3
10000b6e:	46a2      	mov	sl, r4
10000b70:	46ab      	mov	fp, r5
10000b72:	bdf8      	pop	{r3, r4, r5, r6, r7, pc}
10000b74:	2706      	movs	r7, #6
10000b76:	57d7      	ldrsb	r7, [r2, r7]
10000b78:	1d13      	adds	r3, r2, #4
10000b7a:	469c      	mov	ip, r3
10000b7c:	2f00      	cmp	r7, #0
10000b7e:	db2b      	blt.n	10000bd8 <irq_add_shared_handler+0x194>
10000b80:	3404      	adds	r4, #4
10000b82:	192d      	adds	r5, r5, r4
10000b84:	24e0      	movs	r4, #224	; 0xe0
10000b86:	8893      	ldrh	r3, [r2, #4]
10000b88:	0224      	lsls	r4, r4, #8
10000b8a:	055b      	lsls	r3, r3, #21
10000b8c:	151b      	asrs	r3, r3, #20
10000b8e:	4463      	add	r3, ip
10000b90:	1b5b      	subs	r3, r3, r5
10000b92:	051b      	lsls	r3, r3, #20
10000b94:	0d5b      	lsrs	r3, r3, #21
10000b96:	4323      	orrs	r3, r4
10000b98:	4665      	mov	r5, ip
10000b9a:	1f34      	subs	r4, r6, #4
10000b9c:	1b64      	subs	r4, r4, r5
10000b9e:	0524      	lsls	r4, r4, #20
10000ba0:	4d15      	ldr	r5, [pc, #84]	; (10000bf8 <irq_add_shared_handler+0x1b4>)
10000ba2:	0d64      	lsrs	r4, r4, #21
10000ba4:	432c      	orrs	r4, r5
10000ba6:	8094      	strh	r4, [r2, #4]
10000ba8:	7190      	strb	r0, [r2, #6]
10000baa:	80b3      	strh	r3, [r6, #4]
10000bac:	4643      	mov	r3, r8
10000bae:	71f3      	strb	r3, [r6, #7]
10000bb0:	4653      	mov	r3, sl
10000bb2:	4a12      	ldr	r2, [pc, #72]	; (10000bfc <irq_add_shared_handler+0x1b8>)
10000bb4:	71b7      	strb	r7, [r6, #6]
10000bb6:	6032      	str	r2, [r6, #0]
10000bb8:	60b3      	str	r3, [r6, #8]
10000bba:	e7c8      	b.n	10000b4e <irq_add_shared_handler+0x10a>
10000bbc:	f000 ffa8 	bl	10001b10 <hard_assertion_failure>
10000bc0:	465b      	mov	r3, fp
10000bc2:	2000      	movs	r0, #0
10000bc4:	5618      	ldrsb	r0, [r3, r0]
10000bc6:	e756      	b.n	10000a76 <irq_add_shared_handler+0x32>
10000bc8:	f000 ffa2 	bl	10001b10 <hard_assertion_failure>
10000bcc:	e7a9      	b.n	10000b22 <irq_add_shared_handler+0xde>
10000bce:	1d1a      	adds	r2, r3, #4
10000bd0:	4694      	mov	ip, r2
10000bd2:	001a      	movs	r2, r3
10000bd4:	4b0c      	ldr	r3, [pc, #48]	; (10000c08 <irq_add_shared_handler+0x1c4>)
10000bd6:	e7df      	b.n	10000b98 <irq_add_shared_handler+0x154>
10000bd8:	4b0b      	ldr	r3, [pc, #44]	; (10000c08 <irq_add_shared_handler+0x1c4>)
10000bda:	e7dd      	b.n	10000b98 <irq_add_shared_handler+0x154>
10000bdc:	d0000124 	.word	0xd0000124
10000be0:	20001d9d 	.word	0x20001d9d
10000be4:	20001084 	.word	0x20001084
10000be8:	e000ed00 	.word	0xe000ed00
10000bec:	0000aaaa 	.word	0x0000aaaa
10000bf0:	ffffa100 	.word	0xffffa100
10000bf4:	200010b4 	.word	0x200010b4
10000bf8:	ffffe000 	.word	0xffffe000
10000bfc:	47804801 	.word	0x47804801
10000c00:	100001c1 	.word	0x100001c1
10000c04:	ffffbd01 	.word	0xffffbd01
10000c08:	0000bd01 	.word	0x0000bd01

10000c0c <irq_remove_handler>:
10000c0c:	b5f0      	push	{r4, r5, r6, r7, lr}
10000c0e:	4645      	mov	r5, r8
10000c10:	46de      	mov	lr, fp
10000c12:	4657      	mov	r7, sl
10000c14:	464e      	mov	r6, r9
10000c16:	b5e0      	push	{r5, r6, r7, lr}
10000c18:	000d      	movs	r5, r1
10000c1a:	b083      	sub	sp, #12
10000c1c:	f3ef 8910 	mrs	r9, PRIMASK
10000c20:	b672      	cpsid	i
10000c22:	4a5c      	ldr	r2, [pc, #368]	; (10000d94 <irq_remove_handler+0x188>)
10000c24:	6813      	ldr	r3, [r2, #0]
10000c26:	2b00      	cmp	r3, #0
10000c28:	d0fc      	beq.n	10000c24 <irq_remove_handler+0x18>
10000c2a:	f3bf 8f5f 	dmb	sy
10000c2e:	4b5a      	ldr	r3, [pc, #360]	; (10000d98 <irq_remove_handler+0x18c>)
10000c30:	689a      	ldr	r2, [r3, #8]
10000c32:	0003      	movs	r3, r0
10000c34:	3310      	adds	r3, #16
10000c36:	009f      	lsls	r7, r3, #2
10000c38:	59d4      	ldr	r4, [r2, r7]
10000c3a:	4a58      	ldr	r2, [pc, #352]	; (10000d9c <irq_remove_handler+0x190>)
10000c3c:	4690      	mov	r8, r2
10000c3e:	4294      	cmp	r4, r2
10000c40:	d03d      	beq.n	10000cbe <irq_remove_handler+0xb2>
10000c42:	42ac      	cmp	r4, r5
10000c44:	d04e      	beq.n	10000ce4 <irq_remove_handler+0xd8>
10000c46:	4e56      	ldr	r6, [pc, #344]	; (10000da0 <irq_remove_handler+0x194>)
10000c48:	1ba2      	subs	r2, r4, r6
10000c4a:	2a2f      	cmp	r2, #47	; 0x2f
10000c4c:	d837      	bhi.n	10000cbe <irq_remove_handler+0xb2>
10000c4e:	4a55      	ldr	r2, [pc, #340]	; (10000da4 <irq_remove_handler+0x198>)
10000c50:	4693      	mov	fp, r2
10000c52:	6812      	ldr	r2, [r2, #0]
10000c54:	4694      	mov	ip, r2
10000c56:	2201      	movs	r2, #1
10000c58:	4661      	mov	r1, ip
10000c5a:	4692      	mov	sl, r2
10000c5c:	4082      	lsls	r2, r0
10000c5e:	4011      	ands	r1, r2
10000c60:	221f      	movs	r2, #31
10000c62:	4010      	ands	r0, r2
10000c64:	4652      	mov	r2, sl
10000c66:	4082      	lsls	r2, r0
10000c68:	4692      	mov	sl, r2
10000c6a:	9101      	str	r1, [sp, #4]
10000c6c:	2280      	movs	r2, #128	; 0x80
10000c6e:	4651      	mov	r1, sl
10000c70:	4658      	mov	r0, fp
10000c72:	5081      	str	r1, [r0, r2]
10000c74:	f3bf 8f5f 	dmb	sy
10000c78:	f3ef 8205 	mrs	r2, IPSR
10000c7c:	4693      	mov	fp, r2
10000c7e:	2a00      	cmp	r2, #0
10000c80:	d137      	bne.n	10000cf2 <irq_remove_handler+0xe6>
10000c82:	2301      	movs	r3, #1
10000c84:	0022      	movs	r2, r4
10000c86:	2106      	movs	r1, #6
10000c88:	439a      	bics	r2, r3
10000c8a:	6893      	ldr	r3, [r2, #8]
10000c8c:	5651      	ldrsb	r1, [r2, r1]
10000c8e:	42ab      	cmp	r3, r5
10000c90:	d10a      	bne.n	10000ca8 <irq_remove_handler+0x9c>
10000c92:	e077      	b.n	10000d84 <irq_remove_handler+0x178>
10000c94:	004b      	lsls	r3, r1, #1
10000c96:	185b      	adds	r3, r3, r1
10000c98:	2106      	movs	r1, #6
10000c9a:	009b      	lsls	r3, r3, #2
10000c9c:	18f3      	adds	r3, r6, r3
10000c9e:	6898      	ldr	r0, [r3, #8]
10000ca0:	5659      	ldrsb	r1, [r3, r1]
10000ca2:	4285      	cmp	r5, r0
10000ca4:	d02a      	beq.n	10000cfc <irq_remove_handler+0xf0>
10000ca6:	001a      	movs	r2, r3
10000ca8:	2900      	cmp	r1, #0
10000caa:	daf3      	bge.n	10000c94 <irq_remove_handler+0x88>
10000cac:	9b01      	ldr	r3, [sp, #4]
10000cae:	2b00      	cmp	r3, #0
10000cb0:	d01a      	beq.n	10000ce8 <irq_remove_handler+0xdc>
10000cb2:	22c0      	movs	r2, #192	; 0xc0
10000cb4:	4651      	mov	r1, sl
10000cb6:	4b3b      	ldr	r3, [pc, #236]	; (10000da4 <irq_remove_handler+0x198>)
10000cb8:	0052      	lsls	r2, r2, #1
10000cba:	5099      	str	r1, [r3, r2]
10000cbc:	6019      	str	r1, [r3, #0]
10000cbe:	4b36      	ldr	r3, [pc, #216]	; (10000d98 <irq_remove_handler+0x18c>)
10000cc0:	689b      	ldr	r3, [r3, #8]
10000cc2:	51dc      	str	r4, [r3, r7]
10000cc4:	f3bf 8f5f 	dmb	sy
10000cc8:	f3bf 8f5f 	dmb	sy
10000ccc:	2200      	movs	r2, #0
10000cce:	4b31      	ldr	r3, [pc, #196]	; (10000d94 <irq_remove_handler+0x188>)
10000cd0:	601a      	str	r2, [r3, #0]
10000cd2:	f389 8810 	msr	PRIMASK, r9
10000cd6:	b003      	add	sp, #12
10000cd8:	bc3c      	pop	{r2, r3, r4, r5}
10000cda:	4690      	mov	r8, r2
10000cdc:	4699      	mov	r9, r3
10000cde:	46a2      	mov	sl, r4
10000ce0:	46ab      	mov	fp, r5
10000ce2:	bdf0      	pop	{r4, r5, r6, r7, pc}
10000ce4:	0014      	movs	r4, r2
10000ce6:	e7ea      	b.n	10000cbe <irq_remove_handler+0xb2>
10000ce8:	2380      	movs	r3, #128	; 0x80
10000cea:	4651      	mov	r1, sl
10000cec:	4a2d      	ldr	r2, [pc, #180]	; (10000da4 <irq_remove_handler+0x198>)
10000cee:	50d1      	str	r1, [r2, r3]
10000cf0:	e7e5      	b.n	10000cbe <irq_remove_handler+0xb2>
10000cf2:	4293      	cmp	r3, r2
10000cf4:	d0c5      	beq.n	10000c82 <irq_remove_handler+0x76>
10000cf6:	f000 ff0b 	bl	10001b10 <hard_assertion_failure>
10000cfa:	e7c2      	b.n	10000c82 <irq_remove_handler+0x76>
10000cfc:	2900      	cmp	r1, #0
10000cfe:	db21      	blt.n	10000d44 <irq_remove_handler+0x138>
10000d00:	004a      	lsls	r2, r1, #1
10000d02:	1850      	adds	r0, r2, r1
10000d04:	0080      	lsls	r0, r0, #2
10000d06:	1835      	adds	r5, r6, r0
10000d08:	4680      	mov	r8, r0
10000d0a:	68a8      	ldr	r0, [r5, #8]
10000d0c:	6098      	str	r0, [r3, #8]
10000d0e:	79e8      	ldrb	r0, [r5, #7]
10000d10:	71d8      	strb	r0, [r3, #7]
10000d12:	2006      	movs	r0, #6
10000d14:	5628      	ldrsb	r0, [r5, r0]
10000d16:	7198      	strb	r0, [r3, #6]
10000d18:	2800      	cmp	r0, #0
10000d1a:	db24      	blt.n	10000d66 <irq_remove_handler+0x15a>
10000d1c:	88ad      	ldrh	r5, [r5, #4]
10000d1e:	1af0      	subs	r0, r6, r3
10000d20:	056d      	lsls	r5, r5, #21
10000d22:	152d      	asrs	r5, r5, #20
10000d24:	4445      	add	r5, r8
10000d26:	1940      	adds	r0, r0, r5
10000d28:	25e0      	movs	r5, #224	; 0xe0
10000d2a:	0500      	lsls	r0, r0, #20
10000d2c:	0d40      	lsrs	r0, r0, #21
10000d2e:	022d      	lsls	r5, r5, #8
10000d30:	4328      	orrs	r0, r5
10000d32:	8098      	strh	r0, [r3, #4]
10000d34:	1852      	adds	r2, r2, r1
10000d36:	4b1c      	ldr	r3, [pc, #112]	; (10000da8 <irq_remove_handler+0x19c>)
10000d38:	0092      	lsls	r2, r2, #2
10000d3a:	18b6      	adds	r6, r6, r2
10000d3c:	781a      	ldrb	r2, [r3, #0]
10000d3e:	7019      	strb	r1, [r3, #0]
10000d40:	71b2      	strb	r2, [r6, #6]
10000d42:	e7b3      	b.n	10000cac <irq_remove_handler+0xa0>
10000d44:	4659      	mov	r1, fp
10000d46:	2900      	cmp	r1, #0
10000d48:	d10f      	bne.n	10000d6a <irq_remove_handler+0x15e>
10000d4a:	31ff      	adds	r1, #255	; 0xff
10000d4c:	7191      	strb	r1, [r2, #6]
10000d4e:	4917      	ldr	r1, [pc, #92]	; (10000dac <irq_remove_handler+0x1a0>)
10000d50:	8091      	strh	r1, [r2, #4]
10000d52:	4915      	ldr	r1, [pc, #84]	; (10000da8 <irq_remove_handler+0x19c>)
10000d54:	780a      	ldrb	r2, [r1, #0]
10000d56:	719a      	strb	r2, [r3, #6]
10000d58:	4a15      	ldr	r2, [pc, #84]	; (10000db0 <irq_remove_handler+0x1a4>)
10000d5a:	1b9b      	subs	r3, r3, r6
10000d5c:	415b      	adcs	r3, r3
10000d5e:	435a      	muls	r2, r3
10000d60:	0d12      	lsrs	r2, r2, #20
10000d62:	700a      	strb	r2, [r1, #0]
10000d64:	e7a2      	b.n	10000cac <irq_remove_handler+0xa0>
10000d66:	4813      	ldr	r0, [pc, #76]	; (10000db4 <irq_remove_handler+0x1a8>)
10000d68:	e7e3      	b.n	10000d32 <irq_remove_handler+0x126>
10000d6a:	4a13      	ldr	r2, [pc, #76]	; (10000db8 <irq_remove_handler+0x1ac>)
10000d6c:	4913      	ldr	r1, [pc, #76]	; (10000dbc <irq_remove_handler+0x1b0>)
10000d6e:	1ad2      	subs	r2, r2, r3
10000d70:	3a08      	subs	r2, #8
10000d72:	0250      	lsls	r0, r2, #9
10000d74:	0d40      	lsrs	r0, r0, #21
10000d76:	4301      	orrs	r1, r0
10000d78:	8099      	strh	r1, [r3, #4]
10000d7a:	4911      	ldr	r1, [pc, #68]	; (10000dc0 <irq_remove_handler+0x1b4>)
10000d7c:	0852      	lsrs	r2, r2, #1
10000d7e:	430a      	orrs	r2, r1
10000d80:	80da      	strh	r2, [r3, #6]
10000d82:	e793      	b.n	10000cac <irq_remove_handler+0xa0>
10000d84:	0013      	movs	r3, r2
10000d86:	2900      	cmp	r1, #0
10000d88:	daba      	bge.n	10000d00 <irq_remove_handler+0xf4>
10000d8a:	465a      	mov	r2, fp
10000d8c:	2a00      	cmp	r2, #0
10000d8e:	d1ec      	bne.n	10000d6a <irq_remove_handler+0x15e>
10000d90:	4644      	mov	r4, r8
10000d92:	e7de      	b.n	10000d52 <irq_remove_handler+0x146>
10000d94:	d0000124 	.word	0xd0000124
10000d98:	e000ed00 	.word	0xe000ed00
10000d9c:	100001c1 	.word	0x100001c1
10000da0:	20001084 	.word	0x20001084
10000da4:	e000e100 	.word	0xe000e100
10000da8:	20001d9d 	.word	0x20001d9d
10000dac:	ffffbd01 	.word	0xffffbd01
10000db0:	0000aaaa 	.word	0x0000aaaa
10000db4:	0000bd01 	.word	0x0000bd01
10000db8:	200010be 	.word	0x200010be
10000dbc:	fffff000 	.word	0xfffff000
10000dc0:	fffff800 	.word	0xfffff800

10000dc4 <irq_add_tail_to_free_list>:
10000dc4:	b5f0      	push	{r4, r5, r6, r7, lr}
10000dc6:	2401      	movs	r4, #1
10000dc8:	4304      	orrs	r4, r0
10000dca:	f3ef 8105 	mrs	r1, IPSR
10000dce:	f3ef 8610 	mrs	r6, PRIMASK
10000dd2:	b672      	cpsid	i
10000dd4:	4a21      	ldr	r2, [pc, #132]	; (10000e5c <irq_add_tail_to_free_list+0x98>)
10000dd6:	6813      	ldr	r3, [r2, #0]
10000dd8:	2b00      	cmp	r3, #0
10000dda:	d0fc      	beq.n	10000dd6 <irq_add_tail_to_free_list+0x12>
10000ddc:	f3bf 8f5f 	dmb	sy
10000de0:	4b1f      	ldr	r3, [pc, #124]	; (10000e60 <irq_add_tail_to_free_list+0x9c>)
10000de2:	4a20      	ldr	r2, [pc, #128]	; (10000e64 <irq_add_tail_to_free_list+0xa0>)
10000de4:	0005      	movs	r5, r0
10000de6:	1aed      	subs	r5, r5, r3
10000de8:	416d      	adcs	r5, r5
10000dea:	436a      	muls	r2, r5
10000dec:	0d12      	lsrs	r2, r2, #20
10000dee:	4d1e      	ldr	r5, [pc, #120]	; (10000e68 <irq_add_tail_to_free_list+0xa4>)
10000df0:	0089      	lsls	r1, r1, #2
10000df2:	68af      	ldr	r7, [r5, #8]
10000df4:	b252      	sxtb	r2, r2
10000df6:	587f      	ldr	r7, [r7, r1]
10000df8:	42a7      	cmp	r7, r4
10000dfa:	d01c      	beq.n	10000e36 <irq_add_tail_to_free_list+0x72>
10000dfc:	2106      	movs	r1, #6
10000dfe:	5659      	ldrsb	r1, [r3, r1]
10000e00:	4291      	cmp	r1, r2
10000e02:	d01c      	beq.n	10000e3e <irq_add_tail_to_free_list+0x7a>
10000e04:	2112      	movs	r1, #18
10000e06:	5659      	ldrsb	r1, [r3, r1]
10000e08:	4291      	cmp	r1, r2
10000e0a:	d022      	beq.n	10000e52 <irq_add_tail_to_free_list+0x8e>
10000e0c:	211e      	movs	r1, #30
10000e0e:	5659      	ldrsb	r1, [r3, r1]
10000e10:	4291      	cmp	r1, r2
10000e12:	d020      	beq.n	10000e56 <irq_add_tail_to_free_list+0x92>
10000e14:	212a      	movs	r1, #42	; 0x2a
10000e16:	5659      	ldrsb	r1, [r3, r1]
10000e18:	2403      	movs	r4, #3
10000e1a:	4291      	cmp	r1, r2
10000e1c:	d010      	beq.n	10000e40 <irq_add_tail_to_free_list+0x7c>
10000e1e:	4b13      	ldr	r3, [pc, #76]	; (10000e6c <irq_add_tail_to_free_list+0xa8>)
10000e20:	7819      	ldrb	r1, [r3, #0]
10000e22:	701a      	strb	r2, [r3, #0]
10000e24:	7181      	strb	r1, [r0, #6]
10000e26:	f3bf 8f5f 	dmb	sy
10000e2a:	2200      	movs	r2, #0
10000e2c:	4b0b      	ldr	r3, [pc, #44]	; (10000e5c <irq_add_tail_to_free_list+0x98>)
10000e2e:	601a      	str	r2, [r3, #0]
10000e30:	f386 8810 	msr	PRIMASK, r6
10000e34:	bdf0      	pop	{r4, r5, r6, r7, pc}
10000e36:	68ab      	ldr	r3, [r5, #8]
10000e38:	4c0d      	ldr	r4, [pc, #52]	; (10000e70 <irq_add_tail_to_free_list+0xac>)
10000e3a:	505c      	str	r4, [r3, r1]
10000e3c:	e7ef      	b.n	10000e1e <irq_add_tail_to_free_list+0x5a>
10000e3e:	2400      	movs	r4, #0
10000e40:	0061      	lsls	r1, r4, #1
10000e42:	1909      	adds	r1, r1, r4
10000e44:	0089      	lsls	r1, r1, #2
10000e46:	185b      	adds	r3, r3, r1
10000e48:	21ff      	movs	r1, #255	; 0xff
10000e4a:	7199      	strb	r1, [r3, #6]
10000e4c:	4909      	ldr	r1, [pc, #36]	; (10000e74 <irq_add_tail_to_free_list+0xb0>)
10000e4e:	8099      	strh	r1, [r3, #4]
10000e50:	e7e5      	b.n	10000e1e <irq_add_tail_to_free_list+0x5a>
10000e52:	2401      	movs	r4, #1
10000e54:	e7f4      	b.n	10000e40 <irq_add_tail_to_free_list+0x7c>
10000e56:	2402      	movs	r4, #2
10000e58:	e7f2      	b.n	10000e40 <irq_add_tail_to_free_list+0x7c>
10000e5a:	46c0      	nop			; (mov r8, r8)
10000e5c:	d0000124 	.word	0xd0000124
10000e60:	20001084 	.word	0x20001084
10000e64:	0000aaaa 	.word	0x0000aaaa
10000e68:	e000ed00 	.word	0xe000ed00
10000e6c:	20001d9d 	.word	0x20001d9d
10000e70:	100001c1 	.word	0x100001c1
10000e74:	ffffbd01 	.word	0xffffbd01

10000e78 <user_irq_claim_unused>:
10000e78:	b500      	push	{lr}
10000e7a:	4b07      	ldr	r3, [pc, #28]	; (10000e98 <user_irq_claim_unused+0x20>)
10000e7c:	b083      	sub	sp, #12
10000e7e:	0001      	movs	r1, r0
10000e80:	9300      	str	r3, [sp, #0]
10000e82:	2200      	movs	r2, #0
10000e84:	2305      	movs	r3, #5
10000e86:	4805      	ldr	r0, [pc, #20]	; (10000e9c <user_irq_claim_unused+0x24>)
10000e88:	f7ff fcf0 	bl	1000086c <hw_claim_unused_from_range>
10000e8c:	2800      	cmp	r0, #0
10000e8e:	db01      	blt.n	10000e94 <user_irq_claim_unused+0x1c>
10000e90:	231f      	movs	r3, #31
10000e92:	1a18      	subs	r0, r3, r0
10000e94:	b003      	add	sp, #12
10000e96:	bd00      	pop	{pc}
10000e98:	10004d0c 	.word	0x10004d0c
10000e9c:	20001da1 	.word	0x20001da1

10000ea0 <lock_init>:
10000ea0:	4b02      	ldr	r3, [pc, #8]	; (10000eac <lock_init+0xc>)
10000ea2:	469c      	mov	ip, r3
10000ea4:	4461      	add	r1, ip
10000ea6:	0089      	lsls	r1, r1, #2
10000ea8:	6001      	str	r1, [r0, #0]
10000eaa:	4770      	bx	lr
10000eac:	34000040 	.word	0x34000040

10000eb0 <runtime_init_mutex>:
10000eb0:	b5f0      	push	{r4, r5, r6, r7, lr}
10000eb2:	23ff      	movs	r3, #255	; 0xff
10000eb4:	46c6      	mov	lr, r8
10000eb6:	4d16      	ldr	r5, [pc, #88]	; (10000f10 <runtime_init_mutex+0x60>)
10000eb8:	4f16      	ldr	r7, [pc, #88]	; (10000f14 <runtime_init_mutex+0x64>)
10000eba:	b500      	push	{lr}
10000ebc:	002c      	movs	r4, r5
10000ebe:	4698      	mov	r8, r3
10000ec0:	42bd      	cmp	r5, r7
10000ec2:	d30e      	bcc.n	10000ee2 <runtime_init_mutex+0x32>
10000ec4:	e020      	b.n	10000f08 <runtime_init_mutex+0x58>
10000ec6:	f7ff fd1f 	bl	10000908 <next_striped_spin_lock_num>
10000eca:	0001      	movs	r1, r0
10000ecc:	0028      	movs	r0, r5
10000ece:	f7ff ffe7 	bl	10000ea0 <lock_init>
10000ed2:	4643      	mov	r3, r8
10000ed4:	80a3      	strh	r3, [r4, #4]
10000ed6:	f3bf 8f5f 	dmb	sy
10000eda:	0034      	movs	r4, r6
10000edc:	0035      	movs	r5, r6
10000ede:	42be      	cmp	r6, r7
10000ee0:	d212      	bcs.n	10000f08 <runtime_init_mutex+0x58>
10000ee2:	0026      	movs	r6, r4
10000ee4:	6823      	ldr	r3, [r4, #0]
10000ee6:	3608      	adds	r6, #8
10000ee8:	2b00      	cmp	r3, #0
10000eea:	d1ec      	bne.n	10000ec6 <runtime_init_mutex+0x16>
10000eec:	f7ff fd0c 	bl	10000908 <next_striped_spin_lock_num>
10000ef0:	0001      	movs	r1, r0
10000ef2:	0028      	movs	r0, r5
10000ef4:	f7ff ffd4 	bl	10000ea0 <lock_init>
10000ef8:	4643      	mov	r3, r8
10000efa:	7123      	strb	r3, [r4, #4]
10000efc:	f3bf 8f5f 	dmb	sy
10000f00:	0034      	movs	r4, r6
10000f02:	0035      	movs	r5, r6
10000f04:	42be      	cmp	r6, r7
10000f06:	d3ec      	bcc.n	10000ee2 <runtime_init_mutex+0x32>
10000f08:	bc04      	pop	{r2}
10000f0a:	4690      	mov	r8, r2
10000f0c:	bdf0      	pop	{r4, r5, r6, r7, pc}
10000f0e:	46c0      	nop			; (mov r8, r8)
10000f10:	20001148 	.word	0x20001148
10000f14:	20001150 	.word	0x20001150

10000f18 <mutex_init>:
10000f18:	b510      	push	{r4, lr}
10000f1a:	0004      	movs	r4, r0
10000f1c:	f7ff fcf4 	bl	10000908 <next_striped_spin_lock_num>
10000f20:	0001      	movs	r1, r0
10000f22:	0020      	movs	r0, r4
10000f24:	f7ff ffbc 	bl	10000ea0 <lock_init>
10000f28:	23ff      	movs	r3, #255	; 0xff
10000f2a:	7123      	strb	r3, [r4, #4]
10000f2c:	f3bf 8f5f 	dmb	sy
10000f30:	bd10      	pop	{r4, pc}
10000f32:	46c0      	nop			; (mov r8, r8)

10000f34 <critical_section_init>:
10000f34:	b510      	push	{r4, lr}
10000f36:	0004      	movs	r4, r0
10000f38:	2001      	movs	r0, #1
10000f3a:	f7ff fcf1 	bl	10000920 <spin_lock_claim_unused>
10000f3e:	4b04      	ldr	r3, [pc, #16]	; (10000f50 <critical_section_init+0x1c>)
10000f40:	469c      	mov	ip, r3
10000f42:	4460      	add	r0, ip
10000f44:	0080      	lsls	r0, r0, #2
10000f46:	6020      	str	r0, [r4, #0]
10000f48:	f3bf 8f5f 	dmb	sy
10000f4c:	bd10      	pop	{r4, pc}
10000f4e:	46c0      	nop			; (mov r8, r8)
10000f50:	34000040 	.word	0x34000040

10000f54 <critical_section_init_with_lock_num>:
10000f54:	4b03      	ldr	r3, [pc, #12]	; (10000f64 <critical_section_init_with_lock_num+0x10>)
10000f56:	469c      	mov	ip, r3
10000f58:	4461      	add	r1, ip
10000f5a:	0089      	lsls	r1, r1, #2
10000f5c:	6001      	str	r1, [r0, #0]
10000f5e:	f3bf 8f5f 	dmb	sy
10000f62:	4770      	bx	lr
10000f64:	34000040 	.word	0x34000040

10000f68 <sleep_until_callback>:
10000f68:	4b0a      	ldr	r3, [pc, #40]	; (10000f94 <sleep_until_callback+0x2c>)
10000f6a:	6819      	ldr	r1, [r3, #0]
10000f6c:	f3ef 8010 	mrs	r0, PRIMASK
10000f70:	b672      	cpsid	i
10000f72:	680a      	ldr	r2, [r1, #0]
10000f74:	2a00      	cmp	r2, #0
10000f76:	d0fc      	beq.n	10000f72 <sleep_until_callback+0xa>
10000f78:	f3bf 8f5f 	dmb	sy
10000f7c:	681b      	ldr	r3, [r3, #0]
10000f7e:	f3bf 8f5f 	dmb	sy
10000f82:	2200      	movs	r2, #0
10000f84:	601a      	str	r2, [r3, #0]
10000f86:	f380 8810 	msr	PRIMASK, r0
10000f8a:	bf40      	sev
10000f8c:	2000      	movs	r0, #0
10000f8e:	2100      	movs	r1, #0
10000f90:	4770      	bx	lr
10000f92:	46c0      	nop			; (mov r8, r8)
10000f94:	20001d7c 	.word	0x20001d7c

10000f98 <alarm_pool_irq_handler>:
10000f98:	b5f0      	push	{r4, r5, r6, r7, lr}
10000f9a:	46de      	mov	lr, fp
10000f9c:	4657      	mov	r7, sl
10000f9e:	464e      	mov	r6, r9
10000fa0:	4645      	mov	r5, r8
10000fa2:	b5e0      	push	{r5, r6, r7, lr}
10000fa4:	b085      	sub	sp, #20
10000fa6:	f3ef 8305 	mrs	r3, IPSR
10000faa:	2203      	movs	r2, #3
10000fac:	4013      	ands	r3, r2
10000fae:	009a      	lsls	r2, r3, #2
10000fb0:	0011      	movs	r1, r2
10000fb2:	9203      	str	r2, [sp, #12]
10000fb4:	4aba      	ldr	r2, [pc, #744]	; (100012a0 <alarm_pool_irq_handler+0x308>)
10000fb6:	5852      	ldr	r2, [r2, r1]
10000fb8:	4690      	mov	r8, r2
10000fba:	2201      	movs	r2, #1
10000fbc:	409a      	lsls	r2, r3
10000fbe:	4692      	mov	sl, r2
10000fc0:	4bb8      	ldr	r3, [pc, #736]	; (100012a4 <alarm_pool_irq_handler+0x30c>)
10000fc2:	601a      	str	r2, [r3, #0]
10000fc4:	4653      	mov	r3, sl
10000fc6:	48b8      	ldr	r0, [pc, #736]	; (100012a8 <alarm_pool_irq_handler+0x310>)
10000fc8:	6343      	str	r3, [r0, #52]	; 0x34
10000fca:	4643      	mov	r3, r8
10000fcc:	2208      	movs	r2, #8
10000fce:	5e9b      	ldrsh	r3, [r3, r2]
10000fd0:	4699      	mov	r9, r3
10000fd2:	2b00      	cmp	r3, #0
10000fd4:	da3e      	bge.n	10001054 <alarm_pool_irq_handler+0xbc>
10000fd6:	4643      	mov	r3, r8
10000fd8:	889b      	ldrh	r3, [r3, #4]
10000fda:	b21b      	sxth	r3, r3
10000fdc:	2b00      	cmp	r3, #0
10000fde:	db00      	blt.n	10000fe2 <alarm_pool_irq_handler+0x4a>
10000fe0:	e0a3      	b.n	1000112a <alarm_pool_irq_handler+0x192>
10000fe2:	4643      	mov	r3, r8
10000fe4:	799b      	ldrb	r3, [r3, #6]
10000fe6:	2b00      	cmp	r3, #0
10000fe8:	d000      	beq.n	10000fec <alarm_pool_irq_handler+0x54>
10000fea:	e0fe      	b.n	100011ea <alarm_pool_irq_handler+0x252>
10000fec:	4643      	mov	r3, r8
10000fee:	2008      	movs	r0, #8
10000ff0:	5e18      	ldrsh	r0, [r3, r0]
10000ff2:	2800      	cmp	r0, #0
10000ff4:	db24      	blt.n	10001040 <alarm_pool_irq_handler+0xa8>
10000ff6:	4642      	mov	r2, r8
10000ff8:	6952      	ldr	r2, [r2, #20]
10000ffa:	0043      	lsls	r3, r0, #1
10000ffc:	4694      	mov	ip, r2
10000ffe:	181b      	adds	r3, r3, r0
10001000:	00db      	lsls	r3, r3, #3
10001002:	4463      	add	r3, ip
10001004:	689c      	ldr	r4, [r3, #8]
10001006:	68dd      	ldr	r5, [r3, #12]
10001008:	1c63      	adds	r3, r4, #1
1000100a:	d100      	bne.n	1000100e <alarm_pool_irq_handler+0x76>
1000100c:	e0e7      	b.n	100011de <alarm_pool_irq_handler+0x246>
1000100e:	48a6      	ldr	r0, [pc, #664]	; (100012a8 <alarm_pool_irq_handler+0x310>)
10001010:	9b03      	ldr	r3, [sp, #12]
10001012:	4684      	mov	ip, r0
10001014:	4463      	add	r3, ip
10001016:	6a82      	ldr	r2, [r0, #40]	; 0x28
10001018:	0019      	movs	r1, r3
1000101a:	691b      	ldr	r3, [r3, #16]
1000101c:	1aa6      	subs	r6, r4, r2
1000101e:	1a9b      	subs	r3, r3, r2
10001020:	429e      	cmp	r6, r3
10001022:	d315      	bcc.n	10001050 <alarm_pool_irq_handler+0xb8>
10001024:	4652      	mov	r2, sl
10001026:	6a03      	ldr	r3, [r0, #32]
10001028:	421a      	tst	r2, r3
1000102a:	d011      	beq.n	10001050 <alarm_pool_irq_handler+0xb8>
1000102c:	489e      	ldr	r0, [pc, #632]	; (100012a8 <alarm_pool_irq_handler+0x310>)
1000102e:	f000 fb2f 	bl	10001690 <timer_time_us_64>
10001032:	1a24      	subs	r4, r4, r0
10001034:	418d      	sbcs	r5, r1
10001036:	2d00      	cmp	r5, #0
10001038:	dc02      	bgt.n	10001040 <alarm_pool_irq_handler+0xa8>
1000103a:	d1c3      	bne.n	10000fc4 <alarm_pool_irq_handler+0x2c>
1000103c:	2c00      	cmp	r4, #0
1000103e:	d0c1      	beq.n	10000fc4 <alarm_pool_irq_handler+0x2c>
10001040:	bf40      	sev
10001042:	b005      	add	sp, #20
10001044:	bc3c      	pop	{r2, r3, r4, r5}
10001046:	4690      	mov	r8, r2
10001048:	4699      	mov	r9, r3
1000104a:	46a2      	mov	sl, r4
1000104c:	46ab      	mov	fp, r5
1000104e:	bdf0      	pop	{r4, r5, r6, r7, pc}
10001050:	610c      	str	r4, [r1, #16]
10001052:	e7eb      	b.n	1000102c <alarm_pool_irq_handler+0x94>
10001054:	4642      	mov	r2, r8
10001056:	6952      	ldr	r2, [r2, #20]
10001058:	005b      	lsls	r3, r3, #1
1000105a:	4693      	mov	fp, r2
1000105c:	444b      	add	r3, r9
1000105e:	00db      	lsls	r3, r3, #3
10001060:	449b      	add	fp, r3
10001062:	465b      	mov	r3, fp
10001064:	689e      	ldr	r6, [r3, #8]
10001066:	68df      	ldr	r7, [r3, #12]
10001068:	f000 fb12 	bl	10001690 <timer_time_us_64>
1000106c:	1b80      	subs	r0, r0, r6
1000106e:	41b9      	sbcs	r1, r7
10001070:	2900      	cmp	r1, #0
10001072:	dbb0      	blt.n	10000fd6 <alarm_pool_irq_handler+0x3e>
10001074:	2f00      	cmp	r7, #0
10001076:	da00      	bge.n	1000107a <alarm_pool_irq_handler+0xe2>
10001078:	e0ec      	b.n	10001254 <alarm_pool_irq_handler+0x2bc>
1000107a:	465a      	mov	r2, fp
1000107c:	465b      	mov	r3, fp
1000107e:	6954      	ldr	r4, [r2, #20]
10001080:	691b      	ldr	r3, [r3, #16]
10001082:	4a8a      	ldr	r2, [pc, #552]	; (100012ac <alarm_pool_irq_handler+0x314>)
10001084:	4293      	cmp	r3, r2
10001086:	d100      	bne.n	1000108a <alarm_pool_irq_handler+0xf2>
10001088:	e0df      	b.n	1000124a <alarm_pool_irq_handler+0x2b2>
1000108a:	4641      	mov	r1, r8
1000108c:	465a      	mov	r2, fp
1000108e:	2008      	movs	r0, #8
10001090:	5e08      	ldrsh	r0, [r1, r0]
10001092:	8852      	ldrh	r2, [r2, #2]
10001094:	0400      	lsls	r0, r0, #16
10001096:	0021      	movs	r1, r4
10001098:	4310      	orrs	r0, r2
1000109a:	4798      	blx	r3
1000109c:	0004      	movs	r4, r0
1000109e:	000d      	movs	r5, r1
100010a0:	0023      	movs	r3, r4
100010a2:	432b      	orrs	r3, r5
100010a4:	d100      	bne.n	100010a8 <alarm_pool_irq_handler+0x110>
100010a6:	e0d5      	b.n	10001254 <alarm_pool_irq_handler+0x2bc>
100010a8:	2d00      	cmp	r5, #0
100010aa:	db00      	blt.n	100010ae <alarm_pool_irq_handler+0x116>
100010ac:	e0ee      	b.n	1000128c <alarm_pool_irq_handler+0x2f4>
100010ae:	1b36      	subs	r6, r6, r4
100010b0:	41af      	sbcs	r7, r5
100010b2:	0034      	movs	r4, r6
100010b4:	003d      	movs	r5, r7
100010b6:	465b      	mov	r3, fp
100010b8:	609c      	str	r4, [r3, #8]
100010ba:	60dd      	str	r5, [r3, #12]
100010bc:	2100      	movs	r1, #0
100010be:	5e59      	ldrsh	r1, [r3, r1]
100010c0:	2900      	cmp	r1, #0
100010c2:	da00      	bge.n	100010c6 <alarm_pool_irq_handler+0x12e>
100010c4:	e787      	b.n	10000fd6 <alarm_pool_irq_handler+0x3e>
100010c6:	4643      	mov	r3, r8
100010c8:	695b      	ldr	r3, [r3, #20]
100010ca:	0022      	movs	r2, r4
100010cc:	469c      	mov	ip, r3
100010ce:	002b      	movs	r3, r5
100010d0:	0048      	lsls	r0, r1, #1
100010d2:	1840      	adds	r0, r0, r1
100010d4:	00c0      	lsls	r0, r0, #3
100010d6:	4460      	add	r0, ip
100010d8:	6886      	ldr	r6, [r0, #8]
100010da:	68c7      	ldr	r7, [r0, #12]
100010dc:	1b92      	subs	r2, r2, r6
100010de:	41bb      	sbcs	r3, r7
100010e0:	2b00      	cmp	r3, #0
100010e2:	da00      	bge.n	100010e6 <alarm_pool_irq_handler+0x14e>
100010e4:	e777      	b.n	10000fd6 <alarm_pool_irq_handler+0x3e>
100010e6:	4643      	mov	r3, r8
100010e8:	4666      	mov	r6, ip
100010ea:	8119      	strh	r1, [r3, #8]
100010ec:	0002      	movs	r2, r0
100010ee:	9400      	str	r4, [sp, #0]
100010f0:	9501      	str	r5, [sp, #4]
100010f2:	e00c      	b.n	1000110e <alarm_pool_irq_handler+0x176>
100010f4:	007b      	lsls	r3, r7, #1
100010f6:	19db      	adds	r3, r3, r7
100010f8:	00db      	lsls	r3, r3, #3
100010fa:	18f3      	adds	r3, r6, r3
100010fc:	9800      	ldr	r0, [sp, #0]
100010fe:	9901      	ldr	r1, [sp, #4]
10001100:	689c      	ldr	r4, [r3, #8]
10001102:	68dd      	ldr	r5, [r3, #12]
10001104:	1b00      	subs	r0, r0, r4
10001106:	41a9      	sbcs	r1, r5
10001108:	2900      	cmp	r1, #0
1000110a:	db04      	blt.n	10001116 <alarm_pool_irq_handler+0x17e>
1000110c:	001a      	movs	r2, r3
1000110e:	2300      	movs	r3, #0
10001110:	5ed7      	ldrsh	r7, [r2, r3]
10001112:	2f00      	cmp	r7, #0
10001114:	daee      	bge.n	100010f4 <alarm_pool_irq_handler+0x15c>
10001116:	465b      	mov	r3, fp
10001118:	801f      	strh	r7, [r3, #0]
1000111a:	464b      	mov	r3, r9
1000111c:	8013      	strh	r3, [r2, #0]
1000111e:	4643      	mov	r3, r8
10001120:	889b      	ldrh	r3, [r3, #4]
10001122:	b21b      	sxth	r3, r3
10001124:	2b00      	cmp	r3, #0
10001126:	da00      	bge.n	1000112a <alarm_pool_irq_handler+0x192>
10001128:	e75b      	b.n	10000fe2 <alarm_pool_irq_handler+0x4a>
1000112a:	4643      	mov	r3, r8
1000112c:	691a      	ldr	r2, [r3, #16]
1000112e:	f3ef 8110 	mrs	r1, PRIMASK
10001132:	b672      	cpsid	i
10001134:	6813      	ldr	r3, [r2, #0]
10001136:	2b00      	cmp	r3, #0
10001138:	d0fc      	beq.n	10001134 <alarm_pool_irq_handler+0x19c>
1000113a:	f3bf 8f5f 	dmb	sy
1000113e:	4643      	mov	r3, r8
10001140:	889b      	ldrh	r3, [r3, #4]
10001142:	4642      	mov	r2, r8
10001144:	b21b      	sxth	r3, r3
10001146:	469c      	mov	ip, r3
10001148:	2301      	movs	r3, #1
1000114a:	425b      	negs	r3, r3
1000114c:	8093      	strh	r3, [r2, #4]
1000114e:	6913      	ldr	r3, [r2, #16]
10001150:	f3bf 8f5f 	dmb	sy
10001154:	2200      	movs	r2, #0
10001156:	601a      	str	r2, [r3, #0]
10001158:	f381 8810 	msr	PRIMASK, r1
1000115c:	4663      	mov	r3, ip
1000115e:	2b00      	cmp	r3, #0
10001160:	da00      	bge.n	10001164 <alarm_pool_irq_handler+0x1cc>
10001162:	e73e      	b.n	10000fe2 <alarm_pool_irq_handler+0x4a>
10001164:	4643      	mov	r3, r8
10001166:	695f      	ldr	r7, [r3, #20]
10001168:	2308      	movs	r3, #8
1000116a:	4443      	add	r3, r8
1000116c:	4699      	mov	r9, r3
1000116e:	4663      	mov	r3, ip
10001170:	005e      	lsls	r6, r3, #1
10001172:	4466      	add	r6, ip
10001174:	00f6      	lsls	r6, r6, #3
10001176:	46b3      	mov	fp, r6
10001178:	44bb      	add	fp, r7
1000117a:	465b      	mov	r3, fp
1000117c:	6898      	ldr	r0, [r3, #8]
1000117e:	68d9      	ldr	r1, [r3, #12]
10001180:	4643      	mov	r3, r8
10001182:	2208      	movs	r2, #8
10001184:	5e9a      	ldrsh	r2, [r3, r2]
10001186:	9000      	str	r0, [sp, #0]
10001188:	9101      	str	r1, [sp, #4]
1000118a:	2a00      	cmp	r2, #0
1000118c:	db2b      	blt.n	100011e6 <alarm_pool_irq_handler+0x24e>
1000118e:	0053      	lsls	r3, r2, #1
10001190:	189b      	adds	r3, r3, r2
10001192:	00db      	lsls	r3, r3, #3
10001194:	18fb      	adds	r3, r7, r3
10001196:	689c      	ldr	r4, [r3, #8]
10001198:	68dd      	ldr	r5, [r3, #12]
1000119a:	1b00      	subs	r0, r0, r4
1000119c:	41a9      	sbcs	r1, r5
1000119e:	2900      	cmp	r1, #0
100011a0:	da0c      	bge.n	100011bc <alarm_pool_irq_handler+0x224>
100011a2:	e020      	b.n	100011e6 <alarm_pool_irq_handler+0x24e>
100011a4:	0053      	lsls	r3, r2, #1
100011a6:	189b      	adds	r3, r3, r2
100011a8:	00db      	lsls	r3, r3, #3
100011aa:	18fb      	adds	r3, r7, r3
100011ac:	9800      	ldr	r0, [sp, #0]
100011ae:	9901      	ldr	r1, [sp, #4]
100011b0:	689c      	ldr	r4, [r3, #8]
100011b2:	68dd      	ldr	r5, [r3, #12]
100011b4:	1b00      	subs	r0, r0, r4
100011b6:	41a9      	sbcs	r1, r5
100011b8:	2900      	cmp	r1, #0
100011ba:	db04      	blt.n	100011c6 <alarm_pool_irq_handler+0x22e>
100011bc:	001e      	movs	r6, r3
100011be:	2300      	movs	r3, #0
100011c0:	5ef2      	ldrsh	r2, [r6, r3]
100011c2:	2a00      	cmp	r2, #0
100011c4:	daee      	bge.n	100011a4 <alarm_pool_irq_handler+0x20c>
100011c6:	4663      	mov	r3, ip
100011c8:	8033      	strh	r3, [r6, #0]
100011ca:	465b      	mov	r3, fp
100011cc:	2100      	movs	r1, #0
100011ce:	5e5b      	ldrsh	r3, [r3, r1]
100011d0:	469c      	mov	ip, r3
100011d2:	465b      	mov	r3, fp
100011d4:	801a      	strh	r2, [r3, #0]
100011d6:	4663      	mov	r3, ip
100011d8:	2b00      	cmp	r3, #0
100011da:	dac8      	bge.n	1000116e <alarm_pool_irq_handler+0x1d6>
100011dc:	e701      	b.n	10000fe2 <alarm_pool_irq_handler+0x4a>
100011de:	1c6b      	adds	r3, r5, #1
100011e0:	d000      	beq.n	100011e4 <alarm_pool_irq_handler+0x24c>
100011e2:	e714      	b.n	1000100e <alarm_pool_irq_handler+0x76>
100011e4:	e722      	b.n	1000102c <alarm_pool_irq_handler+0x94>
100011e6:	464e      	mov	r6, r9
100011e8:	e7ed      	b.n	100011c6 <alarm_pool_irq_handler+0x22e>
100011ea:	2300      	movs	r3, #0
100011ec:	4642      	mov	r2, r8
100011ee:	7193      	strb	r3, [r2, #6]
100011f0:	4643      	mov	r3, r8
100011f2:	4646      	mov	r6, r8
100011f4:	2208      	movs	r2, #8
100011f6:	5e9a      	ldrsh	r2, [r3, r2]
100011f8:	3608      	adds	r6, #8
100011fa:	1c53      	adds	r3, r2, #1
100011fc:	d100      	bne.n	10001200 <alarm_pool_irq_handler+0x268>
100011fe:	e71f      	b.n	10001040 <alarm_pool_irq_handler+0xa8>
10001200:	4643      	mov	r3, r8
10001202:	4647      	mov	r7, r8
10001204:	695d      	ldr	r5, [r3, #20]
10001206:	4694      	mov	ip, r2
10001208:	e003      	b.n	10001212 <alarm_pool_irq_handler+0x27a>
1000120a:	001e      	movs	r6, r3
1000120c:	0022      	movs	r2, r4
1000120e:	1c63      	adds	r3, r4, #1
10001210:	d018      	beq.n	10001244 <alarm_pool_irq_handler+0x2ac>
10001212:	0053      	lsls	r3, r2, #1
10001214:	189b      	adds	r3, r3, r2
10001216:	00db      	lsls	r3, r3, #3
10001218:	18eb      	adds	r3, r5, r3
1000121a:	2100      	movs	r1, #0
1000121c:	5e5c      	ldrsh	r4, [r3, r1]
1000121e:	8859      	ldrh	r1, [r3, #2]
10001220:	b209      	sxth	r1, r1
10001222:	2900      	cmp	r1, #0
10001224:	daf1      	bge.n	1000120a <alarm_pool_irq_handler+0x272>
10001226:	2001      	movs	r0, #1
10001228:	4240      	negs	r0, r0
1000122a:	17c1      	asrs	r1, r0, #31
1000122c:	6098      	str	r0, [r3, #8]
1000122e:	60d9      	str	r1, [r3, #12]
10001230:	4562      	cmp	r2, ip
10001232:	d0eb      	beq.n	1000120c <alarm_pool_irq_handler+0x274>
10001234:	8034      	strh	r4, [r6, #0]
10001236:	8939      	ldrh	r1, [r7, #8]
10001238:	4694      	mov	ip, r2
1000123a:	8019      	strh	r1, [r3, #0]
1000123c:	813a      	strh	r2, [r7, #8]
1000123e:	0022      	movs	r2, r4
10001240:	1c63      	adds	r3, r4, #1
10001242:	d1e6      	bne.n	10001212 <alarm_pool_irq_handler+0x27a>
10001244:	46b8      	mov	r8, r7
10001246:	4660      	mov	r0, ip
10001248:	e6d3      	b.n	10000ff2 <alarm_pool_irq_handler+0x5a>
1000124a:	0020      	movs	r0, r4
1000124c:	6923      	ldr	r3, [r4, #16]
1000124e:	4798      	blx	r3
10001250:	2800      	cmp	r0, #0
10001252:	d121      	bne.n	10001298 <alarm_pool_irq_handler+0x300>
10001254:	465b      	mov	r3, fp
10001256:	4642      	mov	r2, r8
10001258:	881b      	ldrh	r3, [r3, #0]
1000125a:	8113      	strh	r3, [r2, #8]
1000125c:	6912      	ldr	r2, [r2, #16]
1000125e:	f3ef 8310 	mrs	r3, PRIMASK
10001262:	b672      	cpsid	i
10001264:	6811      	ldr	r1, [r2, #0]
10001266:	2900      	cmp	r1, #0
10001268:	d0fc      	beq.n	10001264 <alarm_pool_irq_handler+0x2cc>
1000126a:	f3bf 8f5f 	dmb	sy
1000126e:	4642      	mov	r2, r8
10001270:	4659      	mov	r1, fp
10001272:	8852      	ldrh	r2, [r2, #2]
10001274:	800a      	strh	r2, [r1, #0]
10001276:	4642      	mov	r2, r8
10001278:	4649      	mov	r1, r9
1000127a:	8051      	strh	r1, [r2, #2]
1000127c:	6912      	ldr	r2, [r2, #16]
1000127e:	f3bf 8f5f 	dmb	sy
10001282:	2100      	movs	r1, #0
10001284:	6011      	str	r1, [r2, #0]
10001286:	f383 8810 	msr	PRIMASK, r3
1000128a:	e6a4      	b.n	10000fd6 <alarm_pool_irq_handler+0x3e>
1000128c:	4806      	ldr	r0, [pc, #24]	; (100012a8 <alarm_pool_irq_handler+0x310>)
1000128e:	f000 f9ff 	bl	10001690 <timer_time_us_64>
10001292:	1824      	adds	r4, r4, r0
10001294:	414d      	adcs	r5, r1
10001296:	e70e      	b.n	100010b6 <alarm_pool_irq_handler+0x11e>
10001298:	6865      	ldr	r5, [r4, #4]
1000129a:	6824      	ldr	r4, [r4, #0]
1000129c:	e700      	b.n	100010a0 <alarm_pool_irq_handler+0x108>
1000129e:	46c0      	nop			; (mov r8, r8)
100012a0:	20001d58 	.word	0x20001d58
100012a4:	4005703c 	.word	0x4005703c
100012a8:	40054000 	.word	0x40054000
100012ac:	10000f99 	.word	0x10000f99

100012b0 <runtime_init_default_alarm_pool>:
100012b0:	b570      	push	{r4, r5, r6, lr}
100012b2:	4c2e      	ldr	r4, [pc, #184]	; (1000136c <runtime_init_default_alarm_pool+0xbc>)
100012b4:	6925      	ldr	r5, [r4, #16]
100012b6:	2d00      	cmp	r5, #0
100012b8:	d004      	beq.n	100012c4 <runtime_init_default_alarm_pool+0x14>
100012ba:	210a      	movs	r1, #10
100012bc:	482c      	ldr	r0, [pc, #176]	; (10001370 <runtime_init_default_alarm_pool+0xc0>)
100012be:	f7ff fdef 	bl	10000ea0 <lock_init>
100012c2:	bd70      	pop	{r4, r5, r6, pc}
100012c4:	4e2b      	ldr	r6, [pc, #172]	; (10001374 <runtime_init_default_alarm_pool+0xc4>)
100012c6:	2103      	movs	r1, #3
100012c8:	0030      	movs	r0, r6
100012ca:	f000 f9d7 	bl	1000167c <timer_hardware_alarm_claim>
100012ce:	60e6      	str	r6, [r4, #12]
100012d0:	f7ff fb1a 	bl	10000908 <next_striped_spin_lock_num>
100012d4:	4b28      	ldr	r3, [pc, #160]	; (10001378 <runtime_init_default_alarm_pool+0xc8>)
100012d6:	2203      	movs	r2, #3
100012d8:	469c      	mov	ip, r3
100012da:	23d0      	movs	r3, #208	; 0xd0
100012dc:	7022      	strb	r2, [r4, #0]
100012de:	061b      	lsls	r3, r3, #24
100012e0:	681b      	ldr	r3, [r3, #0]
100012e2:	2101      	movs	r1, #1
100012e4:	7063      	strb	r3, [r4, #1]
100012e6:	4b25      	ldr	r3, [pc, #148]	; (1000137c <runtime_init_default_alarm_pool+0xcc>)
100012e8:	4460      	add	r0, ip
100012ea:	60a3      	str	r3, [r4, #8]
100012ec:	230f      	movs	r3, #15
100012ee:	0080      	lsls	r0, r0, #2
100012f0:	6120      	str	r0, [r4, #16]
100012f2:	2002      	movs	r0, #2
100012f4:	8063      	strh	r3, [r4, #2]
100012f6:	6963      	ldr	r3, [r4, #20]
100012f8:	4249      	negs	r1, r1
100012fa:	80a1      	strh	r1, [r4, #4]
100012fc:	8019      	strh	r1, [r3, #0]
100012fe:	3102      	adds	r1, #2
10001300:	8619      	strh	r1, [r3, #48]	; 0x30
10001302:	3147      	adds	r1, #71	; 0x47
10001304:	831d      	strh	r5, [r3, #24]
10001306:	5258      	strh	r0, [r3, r1]
10001308:	3118      	adds	r1, #24
1000130a:	525a      	strh	r2, [r3, r1]
1000130c:	3275      	adds	r2, #117	; 0x75
1000130e:	395c      	subs	r1, #92	; 0x5c
10001310:	5299      	strh	r1, [r3, r2]
10001312:	3218      	adds	r2, #24
10001314:	3101      	adds	r1, #1
10001316:	5299      	strh	r1, [r3, r2]
10001318:	3218      	adds	r2, #24
1000131a:	3101      	adds	r1, #1
1000131c:	5299      	strh	r1, [r3, r2]
1000131e:	3218      	adds	r2, #24
10001320:	3101      	adds	r1, #1
10001322:	5299      	strh	r1, [r3, r2]
10001324:	3508      	adds	r5, #8
10001326:	3218      	adds	r2, #24
10001328:	529d      	strh	r5, [r3, r2]
1000132a:	3102      	adds	r1, #2
1000132c:	3218      	adds	r2, #24
1000132e:	5299      	strh	r1, [r3, r2]
10001330:	3218      	adds	r2, #24
10001332:	3101      	adds	r1, #1
10001334:	5299      	strh	r1, [r3, r2]
10001336:	3218      	adds	r2, #24
10001338:	3101      	adds	r1, #1
1000133a:	5299      	strh	r1, [r3, r2]
1000133c:	3218      	adds	r2, #24
1000133e:	3101      	adds	r1, #1
10001340:	5299      	strh	r1, [r3, r2]
10001342:	3218      	adds	r2, #24
10001344:	3101      	adds	r1, #1
10001346:	5299      	strh	r1, [r3, r2]
10001348:	3218      	adds	r2, #24
1000134a:	3101      	adds	r1, #1
1000134c:	5299      	strh	r1, [r3, r2]
1000134e:	4b0c      	ldr	r3, [pc, #48]	; (10001380 <runtime_init_default_alarm_pool+0xd0>)
10001350:	490c      	ldr	r1, [pc, #48]	; (10001384 <runtime_init_default_alarm_pool+0xd4>)
10001352:	60dc      	str	r4, [r3, #12]
10001354:	3001      	adds	r0, #1
10001356:	6235      	str	r5, [r6, #32]
10001358:	f7ff fb4a 	bl	100009f0 <irq_set_exclusive_handler>
1000135c:	2101      	movs	r1, #1
1000135e:	2003      	movs	r0, #3
10001360:	f7ff fb0e 	bl	10000980 <irq_set_enabled>
10001364:	4b08      	ldr	r3, [pc, #32]	; (10001388 <runtime_init_default_alarm_pool+0xd8>)
10001366:	601d      	str	r5, [r3, #0]
10001368:	e7a7      	b.n	100012ba <runtime_init_default_alarm_pool+0xa>
1000136a:	46c0      	nop			; (mov r8, r8)
1000136c:	200010cc 	.word	0x200010cc
10001370:	20001d7c 	.word	0x20001d7c
10001374:	40054000 	.word	0x40054000
10001378:	34000040 	.word	0x34000040
1000137c:	0010ffff 	.word	0x0010ffff
10001380:	20001d58 	.word	0x20001d58
10001384:	10000f99 	.word	0x10000f99
10001388:	40056038 	.word	0x40056038

1000138c <alarm_pool_get_default>:
1000138c:	4800      	ldr	r0, [pc, #0]	; (10001390 <alarm_pool_get_default+0x4>)
1000138e:	4770      	bx	lr
10001390:	200010cc 	.word	0x200010cc

10001394 <alarm_pool_add_alarm_at>:
10001394:	b5f8      	push	{r3, r4, r5, r6, r7, lr}
10001396:	001f      	movs	r7, r3
10001398:	ab08      	add	r3, sp, #32
1000139a:	781b      	ldrb	r3, [r3, #0]
1000139c:	0004      	movs	r4, r0
1000139e:	0016      	movs	r6, r2
100013a0:	2b00      	cmp	r3, #0
100013a2:	d107      	bne.n	100013b4 <alarm_pool_add_alarm_at+0x20>
100013a4:	f000 f97e 	bl	100016a4 <time_us_64>
100013a8:	0032      	movs	r2, r6
100013aa:	003b      	movs	r3, r7
100013ac:	1a12      	subs	r2, r2, r0
100013ae:	418b      	sbcs	r3, r1
100013b0:	2b00      	cmp	r3, #0
100013b2:	db4b      	blt.n	1000144c <alarm_pool_add_alarm_at+0xb8>
100013b4:	6922      	ldr	r2, [r4, #16]
100013b6:	f3ef 8010 	mrs	r0, PRIMASK
100013ba:	b672      	cpsid	i
100013bc:	6813      	ldr	r3, [r2, #0]
100013be:	2b00      	cmp	r3, #0
100013c0:	d0fc      	beq.n	100013bc <alarm_pool_add_alarm_at+0x28>
100013c2:	f3bf 8f5f 	dmb	sy
100013c6:	2302      	movs	r3, #2
100013c8:	5ee1      	ldrsh	r1, [r4, r3]
100013ca:	6963      	ldr	r3, [r4, #20]
100013cc:	004a      	lsls	r2, r1, #1
100013ce:	469c      	mov	ip, r3
100013d0:	1852      	adds	r2, r2, r1
100013d2:	00d2      	lsls	r2, r2, #3
100013d4:	4462      	add	r2, ip
100013d6:	2900      	cmp	r1, #0
100013d8:	db01      	blt.n	100013de <alarm_pool_add_alarm_at+0x4a>
100013da:	8813      	ldrh	r3, [r2, #0]
100013dc:	8063      	strh	r3, [r4, #2]
100013de:	6923      	ldr	r3, [r4, #16]
100013e0:	f3bf 8f5f 	dmb	sy
100013e4:	2500      	movs	r5, #0
100013e6:	601d      	str	r5, [r3, #0]
100013e8:	f380 8810 	msr	PRIMASK, r0
100013ec:	2900      	cmp	r1, #0
100013ee:	db2f      	blt.n	10001450 <alarm_pool_add_alarm_at+0xbc>
100013f0:	9b06      	ldr	r3, [sp, #24]
100013f2:	6096      	str	r6, [r2, #8]
100013f4:	60d7      	str	r7, [r2, #12]
100013f6:	6113      	str	r3, [r2, #16]
100013f8:	9b07      	ldr	r3, [sp, #28]
100013fa:	6153      	str	r3, [r2, #20]
100013fc:	8853      	ldrh	r3, [r2, #2]
100013fe:	3301      	adds	r3, #1
10001400:	045b      	lsls	r3, r3, #17
10001402:	0c5b      	lsrs	r3, r3, #17
10001404:	1e1d      	subs	r5, r3, #0
10001406:	d01e      	beq.n	10001446 <alarm_pool_add_alarm_at+0xb2>
10001408:	0408      	lsls	r0, r1, #16
1000140a:	4328      	orrs	r0, r5
1000140c:	8053      	strh	r3, [r2, #2]
1000140e:	6925      	ldr	r5, [r4, #16]
10001410:	f3ef 8610 	mrs	r6, PRIMASK
10001414:	b672      	cpsid	i
10001416:	682b      	ldr	r3, [r5, #0]
10001418:	2b00      	cmp	r3, #0
1000141a:	d0fc      	beq.n	10001416 <alarm_pool_add_alarm_at+0x82>
1000141c:	f3bf 8f5f 	dmb	sy
10001420:	88a3      	ldrh	r3, [r4, #4]
10001422:	8013      	strh	r3, [r2, #0]
10001424:	80a1      	strh	r1, [r4, #4]
10001426:	6923      	ldr	r3, [r4, #16]
10001428:	f3bf 8f5f 	dmb	sy
1000142c:	2200      	movs	r2, #0
1000142e:	601a      	str	r2, [r3, #0]
10001430:	f386 8810 	msr	PRIMASK, r6
10001434:	4908      	ldr	r1, [pc, #32]	; (10001458 <alarm_pool_add_alarm_at+0xc4>)
10001436:	7823      	ldrb	r3, [r4, #0]
10001438:	3201      	adds	r2, #1
1000143a:	468c      	mov	ip, r1
1000143c:	409a      	lsls	r2, r3
1000143e:	68e3      	ldr	r3, [r4, #12]
10001440:	4463      	add	r3, ip
10001442:	601a      	str	r2, [r3, #0]
10001444:	bdf8      	pop	{r3, r4, r5, r6, r7, pc}
10001446:	2501      	movs	r5, #1
10001448:	2301      	movs	r3, #1
1000144a:	e7dd      	b.n	10001408 <alarm_pool_add_alarm_at+0x74>
1000144c:	2000      	movs	r0, #0
1000144e:	e7f9      	b.n	10001444 <alarm_pool_add_alarm_at+0xb0>
10001450:	2001      	movs	r0, #1
10001452:	4240      	negs	r0, r0
10001454:	e7f6      	b.n	10001444 <alarm_pool_add_alarm_at+0xb0>
10001456:	46c0      	nop			; (mov r8, r8)
10001458:	0000203c 	.word	0x0000203c

1000145c <alarm_pool_add_alarm_at_force_in_context>:
1000145c:	b5f0      	push	{r4, r5, r6, r7, lr}
1000145e:	0001      	movs	r1, r0
10001460:	6904      	ldr	r4, [r0, #16]
10001462:	f3ef 8610 	mrs	r6, PRIMASK
10001466:	b672      	cpsid	i
10001468:	6820      	ldr	r0, [r4, #0]
1000146a:	2800      	cmp	r0, #0
1000146c:	d0fc      	beq.n	10001468 <alarm_pool_add_alarm_at_force_in_context+0xc>
1000146e:	f3bf 8f5f 	dmb	sy
10001472:	2002      	movs	r0, #2
10001474:	5e0d      	ldrsh	r5, [r1, r0]
10001476:	6948      	ldr	r0, [r1, #20]
10001478:	006c      	lsls	r4, r5, #1
1000147a:	4684      	mov	ip, r0
1000147c:	1964      	adds	r4, r4, r5
1000147e:	00e4      	lsls	r4, r4, #3
10001480:	4464      	add	r4, ip
10001482:	2d00      	cmp	r5, #0
10001484:	db01      	blt.n	1000148a <alarm_pool_add_alarm_at_force_in_context+0x2e>
10001486:	8820      	ldrh	r0, [r4, #0]
10001488:	8048      	strh	r0, [r1, #2]
1000148a:	6908      	ldr	r0, [r1, #16]
1000148c:	f3bf 8f5f 	dmb	sy
10001490:	2700      	movs	r7, #0
10001492:	6007      	str	r7, [r0, #0]
10001494:	f386 8810 	msr	PRIMASK, r6
10001498:	2d00      	cmp	r5, #0
1000149a:	db2d      	blt.n	100014f8 <alarm_pool_add_alarm_at_force_in_context+0x9c>
1000149c:	60a2      	str	r2, [r4, #8]
1000149e:	60e3      	str	r3, [r4, #12]
100014a0:	8863      	ldrh	r3, [r4, #2]
100014a2:	9805      	ldr	r0, [sp, #20]
100014a4:	3301      	adds	r3, #1
100014a6:	6120      	str	r0, [r4, #16]
100014a8:	045b      	lsls	r3, r3, #17
100014aa:	9806      	ldr	r0, [sp, #24]
100014ac:	0c5b      	lsrs	r3, r3, #17
100014ae:	6160      	str	r0, [r4, #20]
100014b0:	1e1a      	subs	r2, r3, #0
100014b2:	d01e      	beq.n	100014f2 <alarm_pool_add_alarm_at_force_in_context+0x96>
100014b4:	0428      	lsls	r0, r5, #16
100014b6:	4310      	orrs	r0, r2
100014b8:	8063      	strh	r3, [r4, #2]
100014ba:	690a      	ldr	r2, [r1, #16]
100014bc:	f3ef 8610 	mrs	r6, PRIMASK
100014c0:	b672      	cpsid	i
100014c2:	6813      	ldr	r3, [r2, #0]
100014c4:	2b00      	cmp	r3, #0
100014c6:	d0fc      	beq.n	100014c2 <alarm_pool_add_alarm_at_force_in_context+0x66>
100014c8:	f3bf 8f5f 	dmb	sy
100014cc:	888b      	ldrh	r3, [r1, #4]
100014ce:	8023      	strh	r3, [r4, #0]
100014d0:	808d      	strh	r5, [r1, #4]
100014d2:	690b      	ldr	r3, [r1, #16]
100014d4:	f3bf 8f5f 	dmb	sy
100014d8:	2200      	movs	r2, #0
100014da:	601a      	str	r2, [r3, #0]
100014dc:	f386 8810 	msr	PRIMASK, r6
100014e0:	780b      	ldrb	r3, [r1, #0]
100014e2:	3201      	adds	r2, #1
100014e4:	409a      	lsls	r2, r3
100014e6:	68cb      	ldr	r3, [r1, #12]
100014e8:	4905      	ldr	r1, [pc, #20]	; (10001500 <alarm_pool_add_alarm_at_force_in_context+0xa4>)
100014ea:	468c      	mov	ip, r1
100014ec:	4463      	add	r3, ip
100014ee:	601a      	str	r2, [r3, #0]
100014f0:	bdf0      	pop	{r4, r5, r6, r7, pc}
100014f2:	2201      	movs	r2, #1
100014f4:	2301      	movs	r3, #1
100014f6:	e7dd      	b.n	100014b4 <alarm_pool_add_alarm_at_force_in_context+0x58>
100014f8:	2001      	movs	r0, #1
100014fa:	4240      	negs	r0, r0
100014fc:	e7f8      	b.n	100014f0 <alarm_pool_add_alarm_at_force_in_context+0x94>
100014fe:	46c0      	nop			; (mov r8, r8)
10001500:	0000203c 	.word	0x0000203c

10001504 <alarm_pool_cancel_alarm>:
10001504:	b530      	push	{r4, r5, lr}
10001506:	8943      	ldrh	r3, [r0, #10]
10001508:	140a      	asrs	r2, r1, #16
1000150a:	4293      	cmp	r3, r2
1000150c:	dd32      	ble.n	10001574 <alarm_pool_cancel_alarm+0x70>
1000150e:	0053      	lsls	r3, r2, #1
10001510:	189b      	adds	r3, r3, r2
10001512:	6942      	ldr	r2, [r0, #20]
10001514:	00db      	lsls	r3, r3, #3
10001516:	4694      	mov	ip, r2
10001518:	6905      	ldr	r5, [r0, #16]
1000151a:	4463      	add	r3, ip
1000151c:	f3ef 8410 	mrs	r4, PRIMASK
10001520:	b672      	cpsid	i
10001522:	682a      	ldr	r2, [r5, #0]
10001524:	2a00      	cmp	r2, #0
10001526:	d0fc      	beq.n	10001522 <alarm_pool_cancel_alarm+0x1e>
10001528:	f3bf 8f5f 	dmb	sy
1000152c:	885a      	ldrh	r2, [r3, #2]
1000152e:	b289      	uxth	r1, r1
10001530:	b292      	uxth	r2, r2
10001532:	4291      	cmp	r1, r2
10001534:	d008      	beq.n	10001548 <alarm_pool_cancel_alarm+0x44>
10001536:	6903      	ldr	r3, [r0, #16]
10001538:	f3bf 8f5f 	dmb	sy
1000153c:	2200      	movs	r2, #0
1000153e:	601a      	str	r2, [r3, #0]
10001540:	f384 8810 	msr	PRIMASK, r4
10001544:	2000      	movs	r0, #0
10001546:	bd30      	pop	{r4, r5, pc}
10001548:	2180      	movs	r1, #128	; 0x80
1000154a:	0209      	lsls	r1, r1, #8
1000154c:	430a      	orrs	r2, r1
1000154e:	805a      	strh	r2, [r3, #2]
10001550:	2301      	movs	r3, #1
10001552:	6902      	ldr	r2, [r0, #16]
10001554:	7183      	strb	r3, [r0, #6]
10001556:	f3bf 8f5f 	dmb	sy
1000155a:	2100      	movs	r1, #0
1000155c:	6011      	str	r1, [r2, #0]
1000155e:	f384 8810 	msr	PRIMASK, r4
10001562:	4905      	ldr	r1, [pc, #20]	; (10001578 <alarm_pool_cancel_alarm+0x74>)
10001564:	7802      	ldrb	r2, [r0, #0]
10001566:	468c      	mov	ip, r1
10001568:	4093      	lsls	r3, r2
1000156a:	68c2      	ldr	r2, [r0, #12]
1000156c:	2001      	movs	r0, #1
1000156e:	4462      	add	r2, ip
10001570:	6013      	str	r3, [r2, #0]
10001572:	e7e8      	b.n	10001546 <alarm_pool_cancel_alarm+0x42>
10001574:	2000      	movs	r0, #0
10001576:	e7e6      	b.n	10001546 <alarm_pool_cancel_alarm+0x42>
10001578:	0000203c 	.word	0x0000203c

1000157c <alarm_pool_core_num>:
1000157c:	7840      	ldrb	r0, [r0, #1]
1000157e:	4770      	bx	lr

10001580 <best_effort_wfe_or_timeout>:
10001580:	b5f0      	push	{r4, r5, r6, r7, lr}
10001582:	46d6      	mov	lr, sl
10001584:	464f      	mov	r7, r9
10001586:	4646      	mov	r6, r8
10001588:	b5c0      	push	{r6, r7, lr}
1000158a:	0004      	movs	r4, r0
1000158c:	b082      	sub	sp, #8
1000158e:	000d      	movs	r5, r1
10001590:	f3ef 8705 	mrs	r7, IPSR
10001594:	4689      	mov	r9, r1
10001596:	2f00      	cmp	r7, #0
10001598:	d00e      	beq.n	100015b8 <best_effort_wfe_or_timeout+0x38>
1000159a:	4935      	ldr	r1, [pc, #212]	; (10001670 <best_effort_wfe_or_timeout+0xf0>)
1000159c:	2000      	movs	r0, #0
1000159e:	6a4b      	ldr	r3, [r1, #36]	; 0x24
100015a0:	42ab      	cmp	r3, r5
100015a2:	d303      	bcc.n	100015ac <best_effort_wfe_or_timeout+0x2c>
100015a4:	6a8a      	ldr	r2, [r1, #40]	; 0x28
100015a6:	3001      	adds	r0, #1
100015a8:	42a2      	cmp	r2, r4
100015aa:	d346      	bcc.n	1000163a <best_effort_wfe_or_timeout+0xba>
100015ac:	b002      	add	sp, #8
100015ae:	bc1c      	pop	{r2, r3, r4}
100015b0:	4690      	mov	r8, r2
100015b2:	4699      	mov	r9, r3
100015b4:	46a2      	mov	sl, r4
100015b6:	bdf0      	pop	{r4, r5, r6, r7, pc}
100015b8:	4b2e      	ldr	r3, [pc, #184]	; (10001674 <best_effort_wfe_or_timeout+0xf4>)
100015ba:	4698      	mov	r8, r3
100015bc:	68db      	ldr	r3, [r3, #12]
100015be:	469a      	mov	sl, r3
100015c0:	4643      	mov	r3, r8
100015c2:	4650      	mov	r0, sl
100015c4:	781e      	ldrb	r6, [r3, #0]
100015c6:	f000 f863 	bl	10001690 <timer_time_us_64>
100015ca:	4653      	mov	r3, sl
100015cc:	3604      	adds	r6, #4
100015ce:	00b6      	lsls	r6, r6, #2
100015d0:	58f3      	ldr	r3, [r6, r3]
100015d2:	0022      	movs	r2, r4
100015d4:	1a1e      	subs	r6, r3, r0
100015d6:	002b      	movs	r3, r5
100015d8:	1a12      	subs	r2, r2, r0
100015da:	418b      	sbcs	r3, r1
100015dc:	429f      	cmp	r7, r3
100015de:	dc02      	bgt.n	100015e6 <best_effort_wfe_or_timeout+0x66>
100015e0:	d130      	bne.n	10001644 <best_effort_wfe_or_timeout+0xc4>
100015e2:	4296      	cmp	r6, r2
100015e4:	d92e      	bls.n	10001644 <best_effort_wfe_or_timeout+0xc4>
100015e6:	f000 f85d 	bl	100016a4 <time_us_64>
100015ea:	0022      	movs	r2, r4
100015ec:	002b      	movs	r3, r5
100015ee:	1a12      	subs	r2, r2, r0
100015f0:	418b      	sbcs	r3, r1
100015f2:	2b00      	cmp	r3, #0
100015f4:	db31      	blt.n	1000165a <best_effort_wfe_or_timeout+0xda>
100015f6:	2300      	movs	r3, #0
100015f8:	9301      	str	r3, [sp, #4]
100015fa:	4b1f      	ldr	r3, [pc, #124]	; (10001678 <best_effort_wfe_or_timeout+0xf8>)
100015fc:	0022      	movs	r2, r4
100015fe:	9300      	str	r3, [sp, #0]
10001600:	4640      	mov	r0, r8
10001602:	002b      	movs	r3, r5
10001604:	f7ff ff2a 	bl	1000145c <alarm_pool_add_alarm_at_force_in_context>
10001608:	2800      	cmp	r0, #0
1000160a:	dd26      	ble.n	1000165a <best_effort_wfe_or_timeout+0xda>
1000160c:	4b18      	ldr	r3, [pc, #96]	; (10001670 <best_effort_wfe_or_timeout+0xf0>)
1000160e:	6a5a      	ldr	r2, [r3, #36]	; 0x24
10001610:	454a      	cmp	r2, r9
10001612:	d304      	bcc.n	1000161e <best_effort_wfe_or_timeout+0x9e>
10001614:	6a9b      	ldr	r3, [r3, #40]	; 0x28
10001616:	42a3      	cmp	r3, r4
10001618:	d202      	bcs.n	10001620 <best_effort_wfe_or_timeout+0xa0>
1000161a:	454a      	cmp	r2, r9
1000161c:	d100      	bne.n	10001620 <best_effort_wfe_or_timeout+0xa0>
1000161e:	bf20      	wfe
10001620:	0001      	movs	r1, r0
10001622:	4640      	mov	r0, r8
10001624:	f7ff ff6e 	bl	10001504 <alarm_pool_cancel_alarm>
10001628:	4a11      	ldr	r2, [pc, #68]	; (10001670 <best_effort_wfe_or_timeout+0xf0>)
1000162a:	2000      	movs	r0, #0
1000162c:	6a53      	ldr	r3, [r2, #36]	; 0x24
1000162e:	454b      	cmp	r3, r9
10001630:	d3bc      	bcc.n	100015ac <best_effort_wfe_or_timeout+0x2c>
10001632:	6a92      	ldr	r2, [r2, #40]	; 0x28
10001634:	3001      	adds	r0, #1
10001636:	42a2      	cmp	r2, r4
10001638:	d2b8      	bcs.n	100015ac <best_effort_wfe_or_timeout+0x2c>
1000163a:	1b5b      	subs	r3, r3, r5
1000163c:	1e58      	subs	r0, r3, #1
1000163e:	4183      	sbcs	r3, r0
10001640:	b2d8      	uxtb	r0, r3
10001642:	e7b3      	b.n	100015ac <best_effort_wfe_or_timeout+0x2c>
10001644:	bf20      	wfe
10001646:	4a0a      	ldr	r2, [pc, #40]	; (10001670 <best_effort_wfe_or_timeout+0xf0>)
10001648:	2000      	movs	r0, #0
1000164a:	6a53      	ldr	r3, [r2, #36]	; 0x24
1000164c:	454b      	cmp	r3, r9
1000164e:	d3ad      	bcc.n	100015ac <best_effort_wfe_or_timeout+0x2c>
10001650:	6a92      	ldr	r2, [r2, #40]	; 0x28
10001652:	3001      	adds	r0, #1
10001654:	42a2      	cmp	r2, r4
10001656:	d2a9      	bcs.n	100015ac <best_effort_wfe_or_timeout+0x2c>
10001658:	e7ef      	b.n	1000163a <best_effort_wfe_or_timeout+0xba>
1000165a:	4a05      	ldr	r2, [pc, #20]	; (10001670 <best_effort_wfe_or_timeout+0xf0>)
1000165c:	2000      	movs	r0, #0
1000165e:	6a53      	ldr	r3, [r2, #36]	; 0x24
10001660:	454b      	cmp	r3, r9
10001662:	d3a3      	bcc.n	100015ac <best_effort_wfe_or_timeout+0x2c>
10001664:	6a92      	ldr	r2, [r2, #40]	; 0x28
10001666:	2001      	movs	r0, #1
10001668:	42a2      	cmp	r2, r4
1000166a:	d29f      	bcs.n	100015ac <best_effort_wfe_or_timeout+0x2c>
1000166c:	e7e5      	b.n	1000163a <best_effort_wfe_or_timeout+0xba>
1000166e:	46c0      	nop			; (mov r8, r8)
10001670:	40054000 	.word	0x40054000
10001674:	200010cc 	.word	0x200010cc
10001678:	10000f69 	.word	0x10000f69

1000167c <timer_hardware_alarm_claim>:
1000167c:	b510      	push	{r4, lr}
1000167e:	4a02      	ldr	r2, [pc, #8]	; (10001688 <timer_hardware_alarm_claim+0xc>)
10001680:	4802      	ldr	r0, [pc, #8]	; (1000168c <timer_hardware_alarm_claim+0x10>)
10001682:	f7ff f8d1 	bl	10000828 <hw_claim_or_assert>
10001686:	bd10      	pop	{r4, pc}
10001688:	10004d28 	.word	0x10004d28
1000168c:	200018e0 	.word	0x200018e0

10001690 <timer_time_us_64>:
10001690:	0002      	movs	r2, r0
10001692:	6a41      	ldr	r1, [r0, #36]	; 0x24
10001694:	e000      	b.n	10001698 <timer_time_us_64+0x8>
10001696:	0019      	movs	r1, r3
10001698:	6a90      	ldr	r0, [r2, #40]	; 0x28
1000169a:	6a53      	ldr	r3, [r2, #36]	; 0x24
1000169c:	4299      	cmp	r1, r3
1000169e:	d1fa      	bne.n	10001696 <timer_time_us_64+0x6>
100016a0:	4770      	bx	lr
100016a2:	46c0      	nop			; (mov r8, r8)

100016a4 <time_us_64>:
100016a4:	4a04      	ldr	r2, [pc, #16]	; (100016b8 <time_us_64+0x14>)
100016a6:	6a51      	ldr	r1, [r2, #36]	; 0x24
100016a8:	e000      	b.n	100016ac <time_us_64+0x8>
100016aa:	0019      	movs	r1, r3
100016ac:	6a90      	ldr	r0, [r2, #40]	; 0x28
100016ae:	6a53      	ldr	r3, [r2, #36]	; 0x24
100016b0:	428b      	cmp	r3, r1
100016b2:	d1fa      	bne.n	100016aa <time_us_64+0x6>
100016b4:	4770      	bx	lr
100016b6:	46c0      	nop			; (mov r8, r8)
100016b8:	40054000 	.word	0x40054000

100016bc <clock_configure_int_divider>:
100016bc:	b5f8      	push	{r3, r4, r5, r6, r7, lr}
100016be:	464e      	mov	r6, r9
100016c0:	4645      	mov	r5, r8
100016c2:	46de      	mov	lr, fp
100016c4:	4657      	mov	r7, sl
100016c6:	b5e0      	push	{r5, r6, r7, lr}
100016c8:	4688      	mov	r8, r1
100016ca:	0005      	movs	r5, r0
100016cc:	990a      	ldr	r1, [sp, #40]	; 0x28
100016ce:	0018      	movs	r0, r3
100016d0:	0017      	movs	r7, r2
100016d2:	f000 fb49 	bl	10001d68 <__wrap___aeabi_uidiv>
100016d6:	9b0a      	ldr	r3, [sp, #40]	; 0x28
100016d8:	006c      	lsls	r4, r5, #1
100016da:	021e      	lsls	r6, r3, #8
100016dc:	4b3f      	ldr	r3, [pc, #252]	; (100017dc <clock_configure_int_divider+0x120>)
100016de:	1964      	adds	r4, r4, r5
100016e0:	469c      	mov	ip, r3
100016e2:	00a4      	lsls	r4, r4, #2
100016e4:	4464      	add	r4, ip
100016e6:	6863      	ldr	r3, [r4, #4]
100016e8:	4681      	mov	r9, r0
100016ea:	429e      	cmp	r6, r3
100016ec:	d900      	bls.n	100016f0 <clock_configure_int_divider+0x34>
100016ee:	6066      	str	r6, [r4, #4]
100016f0:	1f2b      	subs	r3, r5, #4
100016f2:	b2db      	uxtb	r3, r3
100016f4:	469a      	mov	sl, r3
100016f6:	23c0      	movs	r3, #192	; 0xc0
100016f8:	4652      	mov	r2, sl
100016fa:	019b      	lsls	r3, r3, #6
100016fc:	18e3      	adds	r3, r4, r3
100016fe:	2a01      	cmp	r2, #1
10001700:	d937      	bls.n	10001772 <clock_configure_int_divider+0xb6>
10001702:	2280      	movs	r2, #128	; 0x80
10001704:	0112      	lsls	r2, r2, #4
10001706:	601a      	str	r2, [r3, #0]
10001708:	4b35      	ldr	r3, [pc, #212]	; (100017e0 <clock_configure_int_divider+0x124>)
1000170a:	00ad      	lsls	r5, r5, #2
1000170c:	5959      	ldr	r1, [r3, r5]
1000170e:	469b      	mov	fp, r3
10001710:	2900      	cmp	r1, #0
10001712:	d024      	beq.n	1000175e <clock_configure_int_divider+0xa2>
10001714:	465b      	mov	r3, fp
10001716:	6958      	ldr	r0, [r3, #20]
10001718:	f000 fb26 	bl	10001d68 <__wrap___aeabi_uidiv>
1000171c:	1c43      	adds	r3, r0, #1
1000171e:	0058      	lsls	r0, r3, #1
10001720:	18c0      	adds	r0, r0, r3
10001722:	3803      	subs	r0, #3
10001724:	d2fd      	bcs.n	10001722 <clock_configure_int_divider+0x66>
10001726:	6823      	ldr	r3, [r4, #0]
10001728:	017f      	lsls	r7, r7, #5
1000172a:	407b      	eors	r3, r7
1000172c:	27e0      	movs	r7, #224	; 0xe0
1000172e:	401f      	ands	r7, r3
10001730:	2380      	movs	r3, #128	; 0x80
10001732:	4652      	mov	r2, sl
10001734:	015b      	lsls	r3, r3, #5
10001736:	18e3      	adds	r3, r4, r3
10001738:	601f      	str	r7, [r3, #0]
1000173a:	2a01      	cmp	r2, #1
1000173c:	d92e      	bls.n	1000179c <clock_configure_int_divider+0xe0>
1000173e:	2380      	movs	r3, #128	; 0x80
10001740:	2280      	movs	r2, #128	; 0x80
10001742:	019b      	lsls	r3, r3, #6
10001744:	18e3      	adds	r3, r4, r3
10001746:	0112      	lsls	r2, r2, #4
10001748:	601a      	str	r2, [r3, #0]
1000174a:	465b      	mov	r3, fp
1000174c:	464a      	mov	r2, r9
1000174e:	6066      	str	r6, [r4, #4]
10001750:	515a      	str	r2, [r3, r5]
10001752:	bc3c      	pop	{r2, r3, r4, r5}
10001754:	4690      	mov	r8, r2
10001756:	4699      	mov	r9, r3
10001758:	46a2      	mov	sl, r4
1000175a:	46ab      	mov	fp, r5
1000175c:	bdf8      	pop	{r3, r4, r5, r6, r7, pc}
1000175e:	6823      	ldr	r3, [r4, #0]
10001760:	017f      	lsls	r7, r7, #5
10001762:	407b      	eors	r3, r7
10001764:	27e0      	movs	r7, #224	; 0xe0
10001766:	401f      	ands	r7, r3
10001768:	2380      	movs	r3, #128	; 0x80
1000176a:	015b      	lsls	r3, r3, #5
1000176c:	18e3      	adds	r3, r4, r3
1000176e:	601f      	str	r7, [r3, #0]
10001770:	e7e5      	b.n	1000173e <clock_configure_int_divider+0x82>
10001772:	4642      	mov	r2, r8
10001774:	2a01      	cmp	r2, #1
10001776:	d01e      	beq.n	100017b6 <clock_configure_int_divider+0xfa>
10001778:	2280      	movs	r2, #128	; 0x80
1000177a:	0112      	lsls	r2, r2, #4
1000177c:	601a      	str	r2, [r3, #0]
1000177e:	4b18      	ldr	r3, [pc, #96]	; (100017e0 <clock_configure_int_divider+0x124>)
10001780:	00ad      	lsls	r5, r5, #2
10001782:	5959      	ldr	r1, [r3, r5]
10001784:	469b      	mov	fp, r3
10001786:	2900      	cmp	r1, #0
10001788:	d1c4      	bne.n	10001714 <clock_configure_int_divider+0x58>
1000178a:	6823      	ldr	r3, [r4, #0]
1000178c:	017f      	lsls	r7, r7, #5
1000178e:	407b      	eors	r3, r7
10001790:	27e0      	movs	r7, #224	; 0xe0
10001792:	401f      	ands	r7, r3
10001794:	2380      	movs	r3, #128	; 0x80
10001796:	015b      	lsls	r3, r3, #5
10001798:	18e3      	adds	r3, r4, r3
1000179a:	601f      	str	r7, [r3, #0]
1000179c:	4642      	mov	r2, r8
1000179e:	6821      	ldr	r1, [r4, #0]
100017a0:	4051      	eors	r1, r2
100017a2:	2203      	movs	r2, #3
100017a4:	400a      	ands	r2, r1
100017a6:	601a      	str	r2, [r3, #0]
100017a8:	2301      	movs	r3, #1
100017aa:	4642      	mov	r2, r8
100017ac:	4093      	lsls	r3, r2
100017ae:	68a2      	ldr	r2, [r4, #8]
100017b0:	4213      	tst	r3, r2
100017b2:	d0fc      	beq.n	100017ae <clock_configure_int_divider+0xf2>
100017b4:	e7c3      	b.n	1000173e <clock_configure_int_divider+0x82>
100017b6:	3202      	adds	r2, #2
100017b8:	601a      	str	r2, [r3, #0]
100017ba:	3a02      	subs	r2, #2
100017bc:	68a3      	ldr	r3, [r4, #8]
100017be:	421a      	tst	r2, r3
100017c0:	d0fc      	beq.n	100017bc <clock_configure_int_divider+0x100>
100017c2:	6823      	ldr	r3, [r4, #0]
100017c4:	017f      	lsls	r7, r7, #5
100017c6:	407b      	eors	r3, r7
100017c8:	27e0      	movs	r7, #224	; 0xe0
100017ca:	401f      	ands	r7, r3
100017cc:	2380      	movs	r3, #128	; 0x80
100017ce:	4a04      	ldr	r2, [pc, #16]	; (100017e0 <clock_configure_int_divider+0x124>)
100017d0:	015b      	lsls	r3, r3, #5
100017d2:	18e3      	adds	r3, r4, r3
100017d4:	601f      	str	r7, [r3, #0]
100017d6:	4693      	mov	fp, r2
100017d8:	00ad      	lsls	r5, r5, #2
100017da:	e7df      	b.n	1000179c <clock_configure_int_divider+0xe0>
100017dc:	40008000 	.word	0x40008000
100017e0:	200018e4 	.word	0x200018e4

100017e4 <clock_configure_undivided>:
100017e4:	b5f0      	push	{r4, r5, r6, r7, lr}
100017e6:	464f      	mov	r7, r9
100017e8:	4646      	mov	r6, r8
100017ea:	46d6      	mov	lr, sl
100017ec:	b5c0      	push	{r6, r7, lr}
100017ee:	001f      	movs	r7, r3
100017f0:	4b44      	ldr	r3, [pc, #272]	; (10001904 <clock_configure_undivided+0x120>)
100017f2:	0044      	lsls	r4, r0, #1
100017f4:	469c      	mov	ip, r3
100017f6:	1824      	adds	r4, r4, r0
100017f8:	00a4      	lsls	r4, r4, #2
100017fa:	4464      	add	r4, ip
100017fc:	6863      	ldr	r3, [r4, #4]
100017fe:	000e      	movs	r6, r1
10001800:	0015      	movs	r5, r2
10001802:	2bff      	cmp	r3, #255	; 0xff
10001804:	d802      	bhi.n	1000180c <clock_configure_undivided+0x28>
10001806:	2380      	movs	r3, #128	; 0x80
10001808:	005b      	lsls	r3, r3, #1
1000180a:	6063      	str	r3, [r4, #4]
1000180c:	1f03      	subs	r3, r0, #4
1000180e:	b2db      	uxtb	r3, r3
10001810:	4699      	mov	r9, r3
10001812:	23c0      	movs	r3, #192	; 0xc0
10001814:	464a      	mov	r2, r9
10001816:	019b      	lsls	r3, r3, #6
10001818:	18e3      	adds	r3, r4, r3
1000181a:	2a01      	cmp	r2, #1
1000181c:	d93b      	bls.n	10001896 <clock_configure_undivided+0xb2>
1000181e:	2280      	movs	r2, #128	; 0x80
10001820:	0112      	lsls	r2, r2, #4
10001822:	601a      	str	r2, [r3, #0]
10001824:	4b38      	ldr	r3, [pc, #224]	; (10001908 <clock_configure_undivided+0x124>)
10001826:	469a      	mov	sl, r3
10001828:	0083      	lsls	r3, r0, #2
1000182a:	4698      	mov	r8, r3
1000182c:	4653      	mov	r3, sl
1000182e:	4642      	mov	r2, r8
10001830:	5899      	ldr	r1, [r3, r2]
10001832:	2900      	cmp	r1, #0
10001834:	d025      	beq.n	10001882 <clock_configure_undivided+0x9e>
10001836:	4653      	mov	r3, sl
10001838:	6958      	ldr	r0, [r3, #20]
1000183a:	f000 fa95 	bl	10001d68 <__wrap___aeabi_uidiv>
1000183e:	1c43      	adds	r3, r0, #1
10001840:	0058      	lsls	r0, r3, #1
10001842:	18c0      	adds	r0, r0, r3
10001844:	3803      	subs	r0, #3
10001846:	d2fd      	bcs.n	10001844 <clock_configure_undivided+0x60>
10001848:	6823      	ldr	r3, [r4, #0]
1000184a:	016d      	lsls	r5, r5, #5
1000184c:	406b      	eors	r3, r5
1000184e:	25e0      	movs	r5, #224	; 0xe0
10001850:	401d      	ands	r5, r3
10001852:	2380      	movs	r3, #128	; 0x80
10001854:	464a      	mov	r2, r9
10001856:	015b      	lsls	r3, r3, #5
10001858:	18e3      	adds	r3, r4, r3
1000185a:	601d      	str	r5, [r3, #0]
1000185c:	2a01      	cmp	r2, #1
1000185e:	d931      	bls.n	100018c4 <clock_configure_undivided+0xe0>
10001860:	2380      	movs	r3, #128	; 0x80
10001862:	2280      	movs	r2, #128	; 0x80
10001864:	019b      	lsls	r3, r3, #6
10001866:	18e3      	adds	r3, r4, r3
10001868:	0112      	lsls	r2, r2, #4
1000186a:	601a      	str	r2, [r3, #0]
1000186c:	2380      	movs	r3, #128	; 0x80
1000186e:	005b      	lsls	r3, r3, #1
10001870:	4642      	mov	r2, r8
10001872:	6063      	str	r3, [r4, #4]
10001874:	4653      	mov	r3, sl
10001876:	509f      	str	r7, [r3, r2]
10001878:	bc1c      	pop	{r2, r3, r4}
1000187a:	4690      	mov	r8, r2
1000187c:	4699      	mov	r9, r3
1000187e:	46a2      	mov	sl, r4
10001880:	bdf0      	pop	{r4, r5, r6, r7, pc}
10001882:	6823      	ldr	r3, [r4, #0]
10001884:	016d      	lsls	r5, r5, #5
10001886:	406b      	eors	r3, r5
10001888:	25e0      	movs	r5, #224	; 0xe0
1000188a:	401d      	ands	r5, r3
1000188c:	2380      	movs	r3, #128	; 0x80
1000188e:	015b      	lsls	r3, r3, #5
10001890:	18e3      	adds	r3, r4, r3
10001892:	601d      	str	r5, [r3, #0]
10001894:	e7e4      	b.n	10001860 <clock_configure_undivided+0x7c>
10001896:	2e01      	cmp	r6, #1
10001898:	d01f      	beq.n	100018da <clock_configure_undivided+0xf6>
1000189a:	2280      	movs	r2, #128	; 0x80
1000189c:	0112      	lsls	r2, r2, #4
1000189e:	601a      	str	r2, [r3, #0]
100018a0:	4b19      	ldr	r3, [pc, #100]	; (10001908 <clock_configure_undivided+0x124>)
100018a2:	469a      	mov	sl, r3
100018a4:	0083      	lsls	r3, r0, #2
100018a6:	4698      	mov	r8, r3
100018a8:	4653      	mov	r3, sl
100018aa:	4642      	mov	r2, r8
100018ac:	5899      	ldr	r1, [r3, r2]
100018ae:	2900      	cmp	r1, #0
100018b0:	d1c1      	bne.n	10001836 <clock_configure_undivided+0x52>
100018b2:	6823      	ldr	r3, [r4, #0]
100018b4:	016d      	lsls	r5, r5, #5
100018b6:	406b      	eors	r3, r5
100018b8:	25e0      	movs	r5, #224	; 0xe0
100018ba:	401d      	ands	r5, r3
100018bc:	2380      	movs	r3, #128	; 0x80
100018be:	015b      	lsls	r3, r3, #5
100018c0:	18e3      	adds	r3, r4, r3
100018c2:	601d      	str	r5, [r3, #0]
100018c4:	2203      	movs	r2, #3
100018c6:	6821      	ldr	r1, [r4, #0]
100018c8:	4071      	eors	r1, r6
100018ca:	400a      	ands	r2, r1
100018cc:	601a      	str	r2, [r3, #0]
100018ce:	2301      	movs	r3, #1
100018d0:	40b3      	lsls	r3, r6
100018d2:	68a2      	ldr	r2, [r4, #8]
100018d4:	4213      	tst	r3, r2
100018d6:	d0fc      	beq.n	100018d2 <clock_configure_undivided+0xee>
100018d8:	e7c2      	b.n	10001860 <clock_configure_undivided+0x7c>
100018da:	2203      	movs	r2, #3
100018dc:	601a      	str	r2, [r3, #0]
100018de:	3a02      	subs	r2, #2
100018e0:	68a3      	ldr	r3, [r4, #8]
100018e2:	421a      	tst	r2, r3
100018e4:	d0fc      	beq.n	100018e0 <clock_configure_undivided+0xfc>
100018e6:	6823      	ldr	r3, [r4, #0]
100018e8:	016d      	lsls	r5, r5, #5
100018ea:	406b      	eors	r3, r5
100018ec:	25e0      	movs	r5, #224	; 0xe0
100018ee:	401d      	ands	r5, r3
100018f0:	2380      	movs	r3, #128	; 0x80
100018f2:	4a05      	ldr	r2, [pc, #20]	; (10001908 <clock_configure_undivided+0x124>)
100018f4:	015b      	lsls	r3, r3, #5
100018f6:	18e3      	adds	r3, r4, r3
100018f8:	4692      	mov	sl, r2
100018fa:	0082      	lsls	r2, r0, #2
100018fc:	601d      	str	r5, [r3, #0]
100018fe:	4690      	mov	r8, r2
10001900:	e7e0      	b.n	100018c4 <clock_configure_undivided+0xe0>
10001902:	46c0      	nop			; (mov r8, r8)
10001904:	40008000 	.word	0x40008000
10001908:	200018e4 	.word	0x200018e4

1000190c <clock_get_hz>:
1000190c:	4b01      	ldr	r3, [pc, #4]	; (10001914 <clock_get_hz+0x8>)
1000190e:	0080      	lsls	r0, r0, #2
10001910:	58c0      	ldr	r0, [r0, r3]
10001912:	4770      	bx	lr
10001914:	200018e4 	.word	0x200018e4

10001918 <pll_init>:
10001918:	b5f8      	push	{r3, r4, r5, r6, r7, lr}
1000191a:	0004      	movs	r4, r0
1000191c:	4820      	ldr	r0, [pc, #128]	; (100019a0 <pll_init+0x88>)
1000191e:	0017      	movs	r7, r2
10001920:	001e      	movs	r6, r3
10001922:	000d      	movs	r5, r1
10001924:	f000 fa20 	bl	10001d68 <__wrap___aeabi_uidiv>
10001928:	0001      	movs	r1, r0
1000192a:	0038      	movs	r0, r7
1000192c:	f000 fa1c 	bl	10001d68 <__wrap___aeabi_uidiv>
10001930:	9a06      	ldr	r2, [sp, #24]
10001932:	0433      	lsls	r3, r6, #16
10001934:	0312      	lsls	r2, r2, #12
10001936:	4313      	orrs	r3, r2
10001938:	6822      	ldr	r2, [r4, #0]
1000193a:	2a00      	cmp	r2, #0
1000193c:	db1f      	blt.n	1000197e <pll_init+0x66>
1000193e:	4a19      	ldr	r2, [pc, #100]	; (100019a4 <pll_init+0x8c>)
10001940:	4e19      	ldr	r6, [pc, #100]	; (100019a8 <pll_init+0x90>)
10001942:	18a2      	adds	r2, r4, r2
10001944:	4251      	negs	r1, r2
10001946:	414a      	adcs	r2, r1
10001948:	2180      	movs	r1, #128	; 0x80
1000194a:	0149      	lsls	r1, r1, #5
1000194c:	468c      	mov	ip, r1
1000194e:	4252      	negs	r2, r2
10001950:	400a      	ands	r2, r1
10001952:	4916      	ldr	r1, [pc, #88]	; (100019ac <pll_init+0x94>)
10001954:	4462      	add	r2, ip
10001956:	600a      	str	r2, [r1, #0]
10001958:	4915      	ldr	r1, [pc, #84]	; (100019b0 <pll_init+0x98>)
1000195a:	600a      	str	r2, [r1, #0]
1000195c:	0017      	movs	r7, r2
1000195e:	6831      	ldr	r1, [r6, #0]
10001960:	438f      	bics	r7, r1
10001962:	d1fb      	bne.n	1000195c <pll_init+0x44>
10001964:	4a13      	ldr	r2, [pc, #76]	; (100019b4 <pll_init+0x9c>)
10001966:	6025      	str	r5, [r4, #0]
10001968:	18a1      	adds	r1, r4, r2
1000196a:	2221      	movs	r2, #33	; 0x21
1000196c:	60a0      	str	r0, [r4, #8]
1000196e:	600a      	str	r2, [r1, #0]
10001970:	6822      	ldr	r2, [r4, #0]
10001972:	2a00      	cmp	r2, #0
10001974:	dafc      	bge.n	10001970 <pll_init+0x58>
10001976:	60e3      	str	r3, [r4, #12]
10001978:	2308      	movs	r3, #8
1000197a:	600b      	str	r3, [r1, #0]
1000197c:	bdf8      	pop	{r3, r4, r5, r6, r7, pc}
1000197e:	223f      	movs	r2, #63	; 0x3f
10001980:	6821      	ldr	r1, [r4, #0]
10001982:	400a      	ands	r2, r1
10001984:	42aa      	cmp	r2, r5
10001986:	d1da      	bne.n	1000193e <pll_init+0x26>
10001988:	68a2      	ldr	r2, [r4, #8]
1000198a:	0512      	lsls	r2, r2, #20
1000198c:	0d12      	lsrs	r2, r2, #20
1000198e:	4282      	cmp	r2, r0
10001990:	d1d5      	bne.n	1000193e <pll_init+0x26>
10001992:	21ee      	movs	r1, #238	; 0xee
10001994:	68e2      	ldr	r2, [r4, #12]
10001996:	02c9      	lsls	r1, r1, #11
10001998:	400a      	ands	r2, r1
1000199a:	429a      	cmp	r2, r3
1000199c:	d1cf      	bne.n	1000193e <pll_init+0x26>
1000199e:	e7ed      	b.n	1000197c <pll_init+0x64>
100019a0:	00b71b00 	.word	0x00b71b00
100019a4:	bffd4000 	.word	0xbffd4000
100019a8:	4000c008 	.word	0x4000c008
100019ac:	4000e000 	.word	0x4000e000
100019b0:	4000f000 	.word	0x4000f000
100019b4:	00003004 	.word	0x00003004

100019b8 <watchdog_reboot>:
100019b8:	b510      	push	{r4, lr}
100019ba:	2480      	movs	r4, #128	; 0x80
100019bc:	4b1b      	ldr	r3, [pc, #108]	; (10001a2c <watchdog_reboot+0x74>)
100019be:	05e4      	lsls	r4, r4, #23
100019c0:	601c      	str	r4, [r3, #0]
100019c2:	2800      	cmp	r0, #0
100019c4:	d02b      	beq.n	10001a1e <watchdog_reboot+0x66>
100019c6:	2301      	movs	r3, #1
100019c8:	4c19      	ldr	r4, [pc, #100]	; (10001a30 <watchdog_reboot+0x78>)
100019ca:	4318      	orrs	r0, r3
100019cc:	4b19      	ldr	r3, [pc, #100]	; (10001a34 <watchdog_reboot+0x7c>)
100019ce:	61dc      	str	r4, [r3, #28]
100019d0:	4c19      	ldr	r4, [pc, #100]	; (10001a38 <watchdog_reboot+0x80>)
100019d2:	4044      	eors	r4, r0
100019d4:	621c      	str	r4, [r3, #32]
100019d6:	6259      	str	r1, [r3, #36]	; 0x24
100019d8:	6298      	str	r0, [r3, #40]	; 0x28
100019da:	2180      	movs	r1, #128	; 0x80
100019dc:	4b13      	ldr	r3, [pc, #76]	; (10001a2c <watchdog_reboot+0x74>)
100019de:	05c9      	lsls	r1, r1, #23
100019e0:	6019      	str	r1, [r3, #0]
100019e2:	4816      	ldr	r0, [pc, #88]	; (10001a3c <watchdog_reboot+0x84>)
100019e4:	4916      	ldr	r1, [pc, #88]	; (10001a40 <watchdog_reboot+0x88>)
100019e6:	6008      	str	r0, [r1, #0]
100019e8:	21e0      	movs	r1, #224	; 0xe0
100019ea:	04c9      	lsls	r1, r1, #19
100019ec:	6019      	str	r1, [r3, #0]
100019ee:	2a00      	cmp	r2, #0
100019f0:	d104      	bne.n	100019fc <watchdog_reboot+0x44>
100019f2:	2280      	movs	r2, #128	; 0x80
100019f4:	4b13      	ldr	r3, [pc, #76]	; (10001a44 <watchdog_reboot+0x8c>)
100019f6:	0612      	lsls	r2, r2, #24
100019f8:	601a      	str	r2, [r3, #0]
100019fa:	bd10      	pop	{r4, pc}
100019fc:	0153      	lsls	r3, r2, #5
100019fe:	1a9b      	subs	r3, r3, r2
10001a00:	009b      	lsls	r3, r3, #2
10001a02:	189a      	adds	r2, r3, r2
10001a04:	4b10      	ldr	r3, [pc, #64]	; (10001a48 <watchdog_reboot+0x90>)
10001a06:	0112      	lsls	r2, r2, #4
10001a08:	429a      	cmp	r2, r3
10001a0a:	d80b      	bhi.n	10001a24 <watchdog_reboot+0x6c>
10001a0c:	4b0f      	ldr	r3, [pc, #60]	; (10001a4c <watchdog_reboot+0x94>)
10001a0e:	601a      	str	r2, [r3, #0]
10001a10:	4b08      	ldr	r3, [pc, #32]	; (10001a34 <watchdog_reboot+0x7c>)
10001a12:	605a      	str	r2, [r3, #4]
10001a14:	2280      	movs	r2, #128	; 0x80
10001a16:	4b0b      	ldr	r3, [pc, #44]	; (10001a44 <watchdog_reboot+0x8c>)
10001a18:	05d2      	lsls	r2, r2, #23
10001a1a:	601a      	str	r2, [r3, #0]
10001a1c:	e7ed      	b.n	100019fa <watchdog_reboot+0x42>
10001a1e:	4b05      	ldr	r3, [pc, #20]	; (10001a34 <watchdog_reboot+0x7c>)
10001a20:	61d8      	str	r0, [r3, #28]
10001a22:	e7da      	b.n	100019da <watchdog_reboot+0x22>
10001a24:	4a09      	ldr	r2, [pc, #36]	; (10001a4c <watchdog_reboot+0x94>)
10001a26:	6013      	str	r3, [r2, #0]
10001a28:	001a      	movs	r2, r3
10001a2a:	e7f1      	b.n	10001a10 <watchdog_reboot+0x58>
10001a2c:	4005b000 	.word	0x4005b000
10001a30:	b007c0d3 	.word	0xb007c0d3
10001a34:	40058000 	.word	0x40058000
10001a38:	4ff83f2d 	.word	0x4ff83f2d
10001a3c:	0001fffc 	.word	0x0001fffc
10001a40:	40012008 	.word	0x40012008
10001a44:	4005a000 	.word	0x4005a000
10001a48:	00ffffff 	.word	0x00ffffff
10001a4c:	20001d48 	.word	0x20001d48

10001a50 <tick_start>:
10001a50:	2380      	movs	r3, #128	; 0x80
10001a52:	4a02      	ldr	r2, [pc, #8]	; (10001a5c <tick_start+0xc>)
10001a54:	009b      	lsls	r3, r3, #2
10001a56:	430b      	orrs	r3, r1
10001a58:	62d3      	str	r3, [r2, #44]	; 0x2c
10001a5a:	4770      	bx	lr
10001a5c:	40058000 	.word	0x40058000

10001a60 <rom_func_lookup>:
10001a60:	2314      	movs	r3, #20
10001a62:	b510      	push	{r4, lr}
10001a64:	0001      	movs	r1, r0
10001a66:	8818      	ldrh	r0, [r3, #0]
10001a68:	3304      	adds	r3, #4
10001a6a:	881b      	ldrh	r3, [r3, #0]
10001a6c:	4798      	blx	r3
10001a6e:	bd10      	pop	{r4, pc}

10001a70 <rom_data_lookup>:
10001a70:	2316      	movs	r3, #22
10001a72:	b510      	push	{r4, lr}
10001a74:	0001      	movs	r1, r0
10001a76:	8818      	ldrh	r0, [r3, #0]
10001a78:	3302      	adds	r3, #2
10001a7a:	881b      	ldrh	r3, [r3, #0]
10001a7c:	4798      	blx	r3
10001a7e:	bd10      	pop	{r4, pc}

10001a80 <rom_funcs_lookup>:
10001a80:	b5f0      	push	{r4, r5, r6, r7, lr}
10001a82:	46c6      	mov	lr, r8
10001a84:	b500      	push	{lr}
10001a86:	2900      	cmp	r1, #0
10001a88:	d016      	beq.n	10001ab8 <rom_funcs_lookup+0x38>
10001a8a:	2314      	movs	r3, #20
10001a8c:	0004      	movs	r4, r0
10001a8e:	2501      	movs	r5, #1
10001a90:	4698      	mov	r8, r3
10001a92:	2718      	movs	r7, #24
10001a94:	0089      	lsls	r1, r1, #2
10001a96:	1846      	adds	r6, r0, r1
10001a98:	4643      	mov	r3, r8
10001a9a:	6821      	ldr	r1, [r4, #0]
10001a9c:	8818      	ldrh	r0, [r3, #0]
10001a9e:	883b      	ldrh	r3, [r7, #0]
10001aa0:	4798      	blx	r3
10001aa2:	c401      	stmia	r4!, {r0}
10001aa4:	1e43      	subs	r3, r0, #1
10001aa6:	4198      	sbcs	r0, r3
10001aa8:	4240      	negs	r0, r0
10001aaa:	4005      	ands	r5, r0
10001aac:	42a6      	cmp	r6, r4
10001aae:	d1f3      	bne.n	10001a98 <rom_funcs_lookup+0x18>
10001ab0:	0028      	movs	r0, r5
10001ab2:	bc04      	pop	{r2}
10001ab4:	4690      	mov	r8, r2
10001ab6:	bdf0      	pop	{r4, r5, r6, r7, pc}
10001ab8:	2501      	movs	r5, #1
10001aba:	e7f9      	b.n	10001ab0 <rom_funcs_lookup+0x30>

10001abc <rom_reset_usb_boot_extra>:
10001abc:	2314      	movs	r3, #20
10001abe:	b570      	push	{r4, r5, r6, lr}
10001ac0:	0004      	movs	r4, r0
10001ac2:	8818      	ldrh	r0, [r3, #0]
10001ac4:	3304      	adds	r3, #4
10001ac6:	881b      	ldrh	r3, [r3, #0]
10001ac8:	000d      	movs	r5, r1
10001aca:	4905      	ldr	r1, [pc, #20]	; (10001ae0 <rom_reset_usb_boot_extra+0x24>)
10001acc:	4798      	blx	r3
10001ace:	0003      	movs	r3, r0
10001ad0:	2000      	movs	r0, #0
10001ad2:	2c00      	cmp	r4, #0
10001ad4:	db01      	blt.n	10001ada <rom_reset_usb_boot_extra+0x1e>
10001ad6:	3001      	adds	r0, #1
10001ad8:	40a0      	lsls	r0, r4
10001ada:	0029      	movs	r1, r5
10001adc:	4798      	blx	r3
10001ade:	46c0      	nop			; (mov r8, r8)
10001ae0:	00004255 	.word	0x00004255

10001ae4 <xosc_init>:
10001ae4:	23aa      	movs	r3, #170	; 0xaa
10001ae6:	4a06      	ldr	r2, [pc, #24]	; (10001b00 <xosc_init+0x1c>)
10001ae8:	011b      	lsls	r3, r3, #4
10001aea:	6013      	str	r3, [r2, #0]
10001aec:	238d      	movs	r3, #141	; 0x8d
10001aee:	005b      	lsls	r3, r3, #1
10001af0:	60d3      	str	r3, [r2, #12]
10001af2:	4904      	ldr	r1, [pc, #16]	; (10001b04 <xosc_init+0x20>)
10001af4:	4b04      	ldr	r3, [pc, #16]	; (10001b08 <xosc_init+0x24>)
10001af6:	6019      	str	r1, [r3, #0]
10001af8:	6853      	ldr	r3, [r2, #4]
10001afa:	2b00      	cmp	r3, #0
10001afc:	dafc      	bge.n	10001af8 <xosc_init+0x14>
10001afe:	4770      	bx	lr
10001b00:	40024000 	.word	0x40024000
10001b04:	00fab000 	.word	0x00fab000
10001b08:	40026000 	.word	0x40026000

10001b0c <first_per_core_initializer>:
10001b0c:	4770      	bx	lr
10001b0e:	46c0      	nop			; (mov r8, r8)

10001b10 <hard_assertion_failure>:
10001b10:	b510      	push	{r4, lr}
10001b12:	4801      	ldr	r0, [pc, #4]	; (10001b18 <hard_assertion_failure+0x8>)
10001b14:	f7fe fe70 	bl	100007f8 <panic>
10001b18:	10004d4c 	.word	0x10004d4c

10001b1c <runtime_run_initializers>:
10001b1c:	b570      	push	{r4, r5, r6, lr}
10001b1e:	4b07      	ldr	r3, [pc, #28]	; (10001b3c <runtime_run_initializers+0x20>)
10001b20:	4c07      	ldr	r4, [pc, #28]	; (10001b40 <runtime_run_initializers+0x24>)
10001b22:	429c      	cmp	r4, r3
10001b24:	d209      	bcs.n	10001b3a <runtime_run_initializers+0x1e>
10001b26:	3b01      	subs	r3, #1
10001b28:	1b1d      	subs	r5, r3, r4
10001b2a:	08ad      	lsrs	r5, r5, #2
10001b2c:	3501      	adds	r5, #1
10001b2e:	00ad      	lsls	r5, r5, #2
10001b30:	192d      	adds	r5, r5, r4
10001b32:	cc08      	ldmia	r4!, {r3}
10001b34:	4798      	blx	r3
10001b36:	42ac      	cmp	r4, r5
10001b38:	d1fb      	bne.n	10001b32 <runtime_run_initializers+0x16>
10001b3a:	bd70      	pop	{r4, r5, r6, pc}
10001b3c:	10004cd4 	.word	0x10004cd4
10001b40:	10004c98 	.word	0x10004c98

10001b44 <runtime_init_early_resets>:
10001b44:	4b05      	ldr	r3, [pc, #20]	; (10001b5c <runtime_init_early_resets+0x18>)
10001b46:	4a06      	ldr	r2, [pc, #24]	; (10001b60 <runtime_init_early_resets+0x1c>)
10001b48:	4906      	ldr	r1, [pc, #24]	; (10001b64 <runtime_init_early_resets+0x20>)
10001b4a:	601a      	str	r2, [r3, #0]
10001b4c:	4a06      	ldr	r2, [pc, #24]	; (10001b68 <runtime_init_early_resets+0x24>)
10001b4e:	4b07      	ldr	r3, [pc, #28]	; (10001b6c <runtime_init_early_resets+0x28>)
10001b50:	601a      	str	r2, [r3, #0]
10001b52:	0010      	movs	r0, r2
10001b54:	680b      	ldr	r3, [r1, #0]
10001b56:	4398      	bics	r0, r3
10001b58:	d1fb      	bne.n	10001b52 <runtime_init_early_resets+0xe>
10001b5a:	4770      	bx	lr
10001b5c:	4000e000 	.word	0x4000e000
10001b60:	fefbcdbf 	.word	0xfefbcdbf
10001b64:	4000c008 	.word	0x4000c008
10001b68:	003c7ffe 	.word	0x003c7ffe
10001b6c:	4000f000 	.word	0x4000f000

10001b70 <runtime_init_usb_power_down>:
10001b70:	4b04      	ldr	r3, [pc, #16]	; (10001b84 <runtime_init_usb_power_down+0x14>)
10001b72:	6cdb      	ldr	r3, [r3, #76]	; 0x4c
10001b74:	2b00      	cmp	r3, #0
10001b76:	d103      	bne.n	10001b80 <runtime_init_usb_power_down+0x10>
10001b78:	2280      	movs	r2, #128	; 0x80
10001b7a:	4b03      	ldr	r3, [pc, #12]	; (10001b88 <runtime_init_usb_power_down+0x18>)
10001b7c:	02d2      	lsls	r2, r2, #11
10001b7e:	601a      	str	r2, [r3, #0]
10001b80:	4770      	bx	lr
10001b82:	46c0      	nop			; (mov r8, r8)
10001b84:	50110000 	.word	0x50110000
10001b88:	5011204c 	.word	0x5011204c

10001b8c <runtime_init_post_clock_resets>:
10001b8c:	4a04      	ldr	r2, [pc, #16]	; (10001ba0 <runtime_init_post_clock_resets+0x14>)
10001b8e:	4b05      	ldr	r3, [pc, #20]	; (10001ba4 <runtime_init_post_clock_resets+0x18>)
10001b90:	601a      	str	r2, [r3, #0]
10001b92:	4a05      	ldr	r2, [pc, #20]	; (10001ba8 <runtime_init_post_clock_resets+0x1c>)
10001b94:	6813      	ldr	r3, [r2, #0]
10001b96:	01db      	lsls	r3, r3, #7
10001b98:	3380      	adds	r3, #128	; 0x80
10001b9a:	d1fb      	bne.n	10001b94 <runtime_init_post_clock_resets+0x8>
10001b9c:	4770      	bx	lr
10001b9e:	46c0      	nop			; (mov r8, r8)
10001ba0:	01ffffff 	.word	0x01ffffff
10001ba4:	4000f000 	.word	0x4000f000
10001ba8:	4000c008 	.word	0x4000c008

10001bac <runtime_init_rp2040_gpio_ie_disable>:
10001bac:	2240      	movs	r2, #64	; 0x40
10001bae:	4b03      	ldr	r3, [pc, #12]	; (10001bbc <runtime_init_rp2040_gpio_ie_disable+0x10>)
10001bb0:	679a      	str	r2, [r3, #120]	; 0x78
10001bb2:	675a      	str	r2, [r3, #116]	; 0x74
10001bb4:	671a      	str	r2, [r3, #112]	; 0x70
10001bb6:	66da      	str	r2, [r3, #108]	; 0x6c
10001bb8:	4770      	bx	lr
10001bba:	46c0      	nop			; (mov r8, r8)
10001bbc:	4001f000 	.word	0x4001f000

10001bc0 <runtime_init_spin_locks_reset>:
10001bc0:	b510      	push	{r4, lr}
10001bc2:	f7fe febd 	bl	10000940 <spin_locks_reset>
10001bc6:	bd10      	pop	{r4, pc}

10001bc8 <runtime_init_install_ram_vector_table>:
10001bc8:	b570      	push	{r4, r5, r6, lr}
10001bca:	4928      	ldr	r1, [pc, #160]	; (10001c6c <runtime_init_install_ram_vector_table+0xa4>)
10001bcc:	4c28      	ldr	r4, [pc, #160]	; (10001c70 <runtime_init_install_ram_vector_table+0xa8>)
10001bce:	4d29      	ldr	r5, [pc, #164]	; (10001c74 <runtime_init_install_ram_vector_table+0xac>)
10001bd0:	1a64      	subs	r4, r4, r1
10001bd2:	10a6      	asrs	r6, r4, #2
10001bd4:	0032      	movs	r2, r6
10001bd6:	2e30      	cmp	r6, #48	; 0x30
10001bd8:	d900      	bls.n	10001bdc <runtime_init_install_ram_vector_table+0x14>
10001bda:	2230      	movs	r2, #48	; 0x30
10001bdc:	0092      	lsls	r2, r2, #2
10001bde:	0028      	movs	r0, r5
10001be0:	f000 f9d4 	bl	10001f8c <__wrap___aeabi_memcpy>
10001be4:	2e2f      	cmp	r6, #47	; 0x2f
10001be6:	d83b      	bhi.n	10001c60 <runtime_init_install_ram_vector_table+0x98>
10001be8:	2030      	movs	r0, #48	; 0x30
10001bea:	212f      	movs	r1, #47	; 0x2f
10001bec:	192b      	adds	r3, r5, r4
10001bee:	075b      	lsls	r3, r3, #29
10001bf0:	4a21      	ldr	r2, [pc, #132]	; (10001c78 <runtime_init_install_ram_vector_table+0xb0>)
10001bf2:	1b80      	subs	r0, r0, r6
10001bf4:	0fdb      	lsrs	r3, r3, #31
10001bf6:	1b89      	subs	r1, r1, r6
10001bf8:	2905      	cmp	r1, #5
10001bfa:	d916      	bls.n	10001c2a <runtime_init_install_ram_vector_table+0x62>
10001bfc:	2b00      	cmp	r3, #0
10001bfe:	d032      	beq.n	10001c66 <runtime_init_install_ram_vector_table+0x9e>
10001c00:	00b1      	lsls	r1, r6, #2
10001c02:	506a      	str	r2, [r5, r1]
10001c04:	1c74      	adds	r4, r6, #1
10001c06:	1ac0      	subs	r0, r0, r3
10001c08:	18f3      	adds	r3, r6, r3
10001c0a:	009b      	lsls	r3, r3, #2
10001c0c:	0841      	lsrs	r1, r0, #1
10001c0e:	18eb      	adds	r3, r5, r3
10001c10:	00c9      	lsls	r1, r1, #3
10001c12:	18c9      	adds	r1, r1, r3
10001c14:	601a      	str	r2, [r3, #0]
10001c16:	605a      	str	r2, [r3, #4]
10001c18:	3308      	adds	r3, #8
10001c1a:	428b      	cmp	r3, r1
10001c1c:	d1fa      	bne.n	10001c14 <runtime_init_install_ram_vector_table+0x4c>
10001c1e:	2301      	movs	r3, #1
10001c20:	0001      	movs	r1, r0
10001c22:	4399      	bics	r1, r3
10001c24:	1866      	adds	r6, r4, r1
10001c26:	4288      	cmp	r0, r1
10001c28:	d01a      	beq.n	10001c60 <runtime_init_install_ram_vector_table+0x98>
10001c2a:	00b3      	lsls	r3, r6, #2
10001c2c:	50ea      	str	r2, [r5, r3]
10001c2e:	1c73      	adds	r3, r6, #1
10001c30:	2b30      	cmp	r3, #48	; 0x30
10001c32:	d015      	beq.n	10001c60 <runtime_init_install_ram_vector_table+0x98>
10001c34:	009b      	lsls	r3, r3, #2
10001c36:	50ea      	str	r2, [r5, r3]
10001c38:	1cb3      	adds	r3, r6, #2
10001c3a:	2b30      	cmp	r3, #48	; 0x30
10001c3c:	d010      	beq.n	10001c60 <runtime_init_install_ram_vector_table+0x98>
10001c3e:	009b      	lsls	r3, r3, #2
10001c40:	50ea      	str	r2, [r5, r3]
10001c42:	1cf3      	adds	r3, r6, #3
10001c44:	2b30      	cmp	r3, #48	; 0x30
10001c46:	d00b      	beq.n	10001c60 <runtime_init_install_ram_vector_table+0x98>
10001c48:	009b      	lsls	r3, r3, #2
10001c4a:	50ea      	str	r2, [r5, r3]
10001c4c:	1d33      	adds	r3, r6, #4
10001c4e:	2b30      	cmp	r3, #48	; 0x30
10001c50:	d006      	beq.n	10001c60 <runtime_init_install_ram_vector_table+0x98>
10001c52:	009b      	lsls	r3, r3, #2
10001c54:	3605      	adds	r6, #5
10001c56:	50ea      	str	r2, [r5, r3]
10001c58:	2e30      	cmp	r6, #48	; 0x30
10001c5a:	d001      	beq.n	10001c60 <runtime_init_install_ram_vector_table+0x98>
10001c5c:	00b3      	lsls	r3, r6, #2
10001c5e:	50ea      	str	r2, [r5, r3]
10001c60:	4b06      	ldr	r3, [pc, #24]	; (10001c7c <runtime_init_install_ram_vector_table+0xb4>)
10001c62:	609d      	str	r5, [r3, #8]
10001c64:	bd70      	pop	{r4, r5, r6, pc}
10001c66:	0034      	movs	r4, r6
10001c68:	e7cd      	b.n	10001c06 <runtime_init_install_ram_vector_table+0x3e>
10001c6a:	46c0      	nop			; (mov r8, r8)
10001c6c:	10000100 	.word	0x10000100
10001c70:	100001c0 	.word	0x100001c0
10001c74:	20000000 	.word	0x20000000
10001c78:	100001c1 	.word	0x100001c1
10001c7c:	e000ed00 	.word	0xe000ed00

10001c80 <runtime_init_clocks>:
10001c80:	2300      	movs	r3, #0
10001c82:	b510      	push	{r4, lr}
10001c84:	4c29      	ldr	r4, [pc, #164]	; (10001d2c <runtime_init_clocks+0xac>)
10001c86:	b082      	sub	sp, #8
10001c88:	67a3      	str	r3, [r4, #120]	; 0x78
10001c8a:	f7ff ff2b 	bl	10001ae4 <xosc_init>
10001c8e:	2201      	movs	r2, #1
10001c90:	4b27      	ldr	r3, [pc, #156]	; (10001d30 <runtime_init_clocks+0xb0>)
10001c92:	601a      	str	r2, [r3, #0]
10001c94:	6c63      	ldr	r3, [r4, #68]	; 0x44
10001c96:	2b01      	cmp	r3, #1
10001c98:	d1fc      	bne.n	10001c94 <runtime_init_clocks+0x14>
10001c9a:	2203      	movs	r2, #3
10001c9c:	4b25      	ldr	r3, [pc, #148]	; (10001d34 <runtime_init_clocks+0xb4>)
10001c9e:	601a      	str	r2, [r3, #0]
10001ca0:	4a22      	ldr	r2, [pc, #136]	; (10001d2c <runtime_init_clocks+0xac>)
10001ca2:	6b93      	ldr	r3, [r2, #56]	; 0x38
10001ca4:	2b01      	cmp	r3, #1
10001ca6:	d1fc      	bne.n	10001ca2 <runtime_init_clocks+0x22>
10001ca8:	3301      	adds	r3, #1
10001caa:	9300      	str	r3, [sp, #0]
10001cac:	4a22      	ldr	r2, [pc, #136]	; (10001d38 <runtime_init_clocks+0xb8>)
10001cae:	3304      	adds	r3, #4
10001cb0:	2101      	movs	r1, #1
10001cb2:	4822      	ldr	r0, [pc, #136]	; (10001d3c <runtime_init_clocks+0xbc>)
10001cb4:	f7ff fe30 	bl	10001918 <pll_init>
10001cb8:	2305      	movs	r3, #5
10001cba:	4a21      	ldr	r2, [pc, #132]	; (10001d40 <runtime_init_clocks+0xc0>)
10001cbc:	9300      	str	r3, [sp, #0]
10001cbe:	2101      	movs	r1, #1
10001cc0:	4820      	ldr	r0, [pc, #128]	; (10001d44 <runtime_init_clocks+0xc4>)
10001cc2:	f7ff fe29 	bl	10001918 <pll_init>
10001cc6:	4b20      	ldr	r3, [pc, #128]	; (10001d48 <runtime_init_clocks+0xc8>)
10001cc8:	2200      	movs	r2, #0
10001cca:	2102      	movs	r1, #2
10001ccc:	2004      	movs	r0, #4
10001cce:	f7ff fd89 	bl	100017e4 <clock_configure_undivided>
10001cd2:	4b1e      	ldr	r3, [pc, #120]	; (10001d4c <runtime_init_clocks+0xcc>)
10001cd4:	2200      	movs	r2, #0
10001cd6:	2101      	movs	r1, #1
10001cd8:	2005      	movs	r0, #5
10001cda:	f7ff fd83 	bl	100017e4 <clock_configure_undivided>
10001cde:	4b1c      	ldr	r3, [pc, #112]	; (10001d50 <runtime_init_clocks+0xd0>)
10001ce0:	2200      	movs	r2, #0
10001ce2:	2100      	movs	r1, #0
10001ce4:	2007      	movs	r0, #7
10001ce6:	f7ff fd7d 	bl	100017e4 <clock_configure_undivided>
10001cea:	4b19      	ldr	r3, [pc, #100]	; (10001d50 <runtime_init_clocks+0xd0>)
10001cec:	2200      	movs	r2, #0
10001cee:	2100      	movs	r1, #0
10001cf0:	2008      	movs	r0, #8
10001cf2:	f7ff fd77 	bl	100017e4 <clock_configure_undivided>
10001cf6:	2380      	movs	r3, #128	; 0x80
10001cf8:	00db      	lsls	r3, r3, #3
10001cfa:	9300      	str	r3, [sp, #0]
10001cfc:	2200      	movs	r2, #0
10001cfe:	4b14      	ldr	r3, [pc, #80]	; (10001d50 <runtime_init_clocks+0xd0>)
10001d00:	2100      	movs	r1, #0
10001d02:	2009      	movs	r0, #9
10001d04:	f7ff fcda 	bl	100016bc <clock_configure_int_divider>
10001d08:	4b10      	ldr	r3, [pc, #64]	; (10001d4c <runtime_init_clocks+0xcc>)
10001d0a:	2200      	movs	r2, #0
10001d0c:	2100      	movs	r1, #0
10001d0e:	2006      	movs	r0, #6
10001d10:	f7ff fd68 	bl	100017e4 <clock_configure_undivided>
10001d14:	2004      	movs	r0, #4
10001d16:	f7ff fdf9 	bl	1000190c <clock_get_hz>
10001d1a:	490e      	ldr	r1, [pc, #56]	; (10001d54 <runtime_init_clocks+0xd4>)
10001d1c:	f000 f824 	bl	10001d68 <__wrap___aeabi_uidiv>
10001d20:	0001      	movs	r1, r0
10001d22:	2000      	movs	r0, #0
10001d24:	f7ff fe94 	bl	10001a50 <tick_start>
10001d28:	b002      	add	sp, #8
10001d2a:	bd10      	pop	{r4, pc}
10001d2c:	40008000 	.word	0x40008000
10001d30:	4000b03c 	.word	0x4000b03c
10001d34:	4000b030 	.word	0x4000b030
10001d38:	59682f00 	.word	0x59682f00
10001d3c:	40028000 	.word	0x40028000
10001d40:	47868c00 	.word	0x47868c00
10001d44:	4002c000 	.word	0x4002c000
10001d48:	00b71b00 	.word	0x00b71b00
10001d4c:	07735940 	.word	0x07735940
10001d50:	02dc6c00 	.word	0x02dc6c00
10001d54:	000f4240 	.word	0x000f4240

10001d58 <__aeabi_bits_init>:
10001d58:	4801      	ldr	r0, [pc, #4]	; (10001d60 <__aeabi_bits_init+0x8>)
10001d5a:	2104      	movs	r1, #4
10001d5c:	4b01      	ldr	r3, [pc, #4]	; (10001d64 <__aeabi_bits_init+0xc>)
10001d5e:	4718      	bx	r3
10001d60:	200010f0 	.word	0x200010f0
10001d64:	10001a81 	.word	0x10001a81

10001d68 <__wrap___aeabi_uidiv>:
10001d68:	4a11      	ldr	r2, [pc, #68]	; (10001db0 <divmod_u32u32_savestate+0x18>)
10001d6a:	6f93      	ldr	r3, [r2, #120]	; 0x78
10001d6c:	089b      	lsrs	r3, r3, #2
10001d6e:	d213      	bcs.n	10001d98 <divmod_u32u32_savestate>

10001d70 <divmod_u32u32_unsafe>:
10001d70:	6610      	str	r0, [r2, #96]	; 0x60
10001d72:	6651      	str	r1, [r2, #100]	; 0x64
10001d74:	2900      	cmp	r1, #0
10001d76:	d005      	beq.n	10001d84 <divmod_u32u32_unsafe+0x14>
10001d78:	e7ff      	b.n	10001d7a <divmod_u32u32_unsafe+0xa>
10001d7a:	e7ff      	b.n	10001d7c <divmod_u32u32_unsafe+0xc>
10001d7c:	e7ff      	b.n	10001d7e <divmod_u32u32_unsafe+0xe>
10001d7e:	6f51      	ldr	r1, [r2, #116]	; 0x74
10001d80:	6f10      	ldr	r0, [r2, #112]	; 0x70
10001d82:	4770      	bx	lr
10001d84:	b504      	push	{r2, lr}
10001d86:	2800      	cmp	r0, #0
10001d88:	d001      	beq.n	10001d8e <divmod_u32u32_unsafe+0x1e>
10001d8a:	2000      	movs	r0, #0
10001d8c:	43c0      	mvns	r0, r0
10001d8e:	f002 ff33 	bl	10004bf8 <____aeabi_idiv0_veneer>
10001d92:	2100      	movs	r1, #0
10001d94:	bd04      	pop	{r2, pc}
10001d96:	46c0      	nop			; (mov r8, r8)

10001d98 <divmod_u32u32_savestate>:
10001d98:	b5f0      	push	{r4, r5, r6, r7, lr}
10001d9a:	6e14      	ldr	r4, [r2, #96]	; 0x60
10001d9c:	6e55      	ldr	r5, [r2, #100]	; 0x64
10001d9e:	6f57      	ldr	r7, [r2, #116]	; 0x74
10001da0:	6f16      	ldr	r6, [r2, #112]	; 0x70
10001da2:	f7ff ffe5 	bl	10001d70 <divmod_u32u32_unsafe>
10001da6:	6614      	str	r4, [r2, #96]	; 0x60
10001da8:	6655      	str	r5, [r2, #100]	; 0x64
10001daa:	6757      	str	r7, [r2, #116]	; 0x74
10001dac:	6716      	str	r6, [r2, #112]	; 0x70
10001dae:	bdf0      	pop	{r4, r5, r6, r7, pc}
10001db0:	d0000000 	.word	0xd0000000

10001db4 <__aeabi_double_init>:
10001db4:	2313      	movs	r3, #19
10001db6:	b570      	push	{r4, r5, r6, lr}
10001db8:	781d      	ldrb	r5, [r3, #0]
10001dba:	2d01      	cmp	r5, #1
10001dbc:	d019      	beq.n	10001df2 <__aeabi_double_init+0x3e>
10001dbe:	dd14      	ble.n	10001dea <__aeabi_double_init+0x36>
10001dc0:	4828      	ldr	r0, [pc, #160]	; (10001e64 <__aeabi_double_init+0xb0>)
10001dc2:	f7ff fe55 	bl	10001a70 <rom_data_lookup>
10001dc6:	0006      	movs	r6, r0
10001dc8:	4827      	ldr	r0, [pc, #156]	; (10001e68 <__aeabi_double_init+0xb4>)
10001dca:	f7ff fe51 	bl	10001a70 <rom_data_lookup>
10001dce:	4c27      	ldr	r4, [pc, #156]	; (10001e6c <__aeabi_double_init+0xb8>)
10001dd0:	2280      	movs	r2, #128	; 0x80
10001dd2:	0031      	movs	r1, r6
10001dd4:	0020      	movs	r0, r4
10001dd6:	f000 f8d9 	bl	10001f8c <__wrap___aeabi_memcpy>
10001dda:	2d02      	cmp	r5, #2
10001ddc:	d006      	beq.n	10001dec <__aeabi_double_init+0x38>
10001dde:	4824      	ldr	r0, [pc, #144]	; (10001e70 <__aeabi_double_init+0xbc>)
10001de0:	f7ff fe3e 	bl	10001a60 <rom_func_lookup>
10001de4:	4b23      	ldr	r3, [pc, #140]	; (10001e74 <__aeabi_double_init+0xc0>)
10001de6:	6018      	str	r0, [r3, #0]
10001de8:	bd70      	pop	{r4, r5, r6, pc}
10001dea:	4c20      	ldr	r4, [pc, #128]	; (10001e6c <__aeabi_double_init+0xb8>)
10001dec:	4a22      	ldr	r2, [pc, #136]	; (10001e78 <__aeabi_double_init+0xc4>)
10001dee:	64a2      	str	r2, [r4, #72]	; 0x48
10001df0:	e7f5      	b.n	10001dde <__aeabi_double_init+0x2a>
10001df2:	4c1e      	ldr	r4, [pc, #120]	; (10001e6c <__aeabi_double_init+0xb8>)
10001df4:	4a20      	ldr	r2, [pc, #128]	; (10001e78 <__aeabi_double_init+0xc4>)
10001df6:	08a3      	lsrs	r3, r4, #2
10001df8:	425b      	negs	r3, r3
10001dfa:	401d      	ands	r5, r3
10001dfc:	d02f      	beq.n	10001e5e <__aeabi_double_init+0xaa>
10001dfe:	002b      	movs	r3, r5
10001e00:	6022      	str	r2, [r4, #0]
10001e02:	2020      	movs	r0, #32
10001e04:	00a9      	lsls	r1, r5, #2
10001e06:	1861      	adds	r1, r4, r1
10001e08:	1b45      	subs	r5, r0, r5
10001e0a:	600a      	str	r2, [r1, #0]
10001e0c:	604a      	str	r2, [r1, #4]
10001e0e:	608a      	str	r2, [r1, #8]
10001e10:	60ca      	str	r2, [r1, #12]
10001e12:	610a      	str	r2, [r1, #16]
10001e14:	614a      	str	r2, [r1, #20]
10001e16:	618a      	str	r2, [r1, #24]
10001e18:	61ca      	str	r2, [r1, #28]
10001e1a:	620a      	str	r2, [r1, #32]
10001e1c:	624a      	str	r2, [r1, #36]	; 0x24
10001e1e:	628a      	str	r2, [r1, #40]	; 0x28
10001e20:	62ca      	str	r2, [r1, #44]	; 0x2c
10001e22:	630a      	str	r2, [r1, #48]	; 0x30
10001e24:	634a      	str	r2, [r1, #52]	; 0x34
10001e26:	638a      	str	r2, [r1, #56]	; 0x38
10001e28:	63ca      	str	r2, [r1, #60]	; 0x3c
10001e2a:	640a      	str	r2, [r1, #64]	; 0x40
10001e2c:	644a      	str	r2, [r1, #68]	; 0x44
10001e2e:	648a      	str	r2, [r1, #72]	; 0x48
10001e30:	64ca      	str	r2, [r1, #76]	; 0x4c
10001e32:	650a      	str	r2, [r1, #80]	; 0x50
10001e34:	654a      	str	r2, [r1, #84]	; 0x54
10001e36:	658a      	str	r2, [r1, #88]	; 0x58
10001e38:	65ca      	str	r2, [r1, #92]	; 0x5c
10001e3a:	660a      	str	r2, [r1, #96]	; 0x60
10001e3c:	664a      	str	r2, [r1, #100]	; 0x64
10001e3e:	668a      	str	r2, [r1, #104]	; 0x68
10001e40:	66ca      	str	r2, [r1, #108]	; 0x6c
10001e42:	670a      	str	r2, [r1, #112]	; 0x70
10001e44:	674a      	str	r2, [r1, #116]	; 0x74
10001e46:	086d      	lsrs	r5, r5, #1
10001e48:	2d10      	cmp	r5, #16
10001e4a:	d103      	bne.n	10001e54 <__aeabi_double_init+0xa0>
10001e4c:	678a      	str	r2, [r1, #120]	; 0x78
10001e4e:	67ca      	str	r2, [r1, #124]	; 0x7c
10001e50:	64a2      	str	r2, [r4, #72]	; 0x48
10001e52:	e7c4      	b.n	10001dde <__aeabi_double_init+0x2a>
10001e54:	331e      	adds	r3, #30
10001e56:	009b      	lsls	r3, r3, #2
10001e58:	50e2      	str	r2, [r4, r3]
10001e5a:	64a2      	str	r2, [r4, #72]	; 0x48
10001e5c:	e7bf      	b.n	10001dde <__aeabi_double_init+0x2a>
10001e5e:	2300      	movs	r3, #0
10001e60:	e7cf      	b.n	10001e02 <__aeabi_double_init+0x4e>
10001e62:	46c0      	nop			; (mov r8, r8)
10001e64:	00004453 	.word	0x00004453
10001e68:	00004653 	.word	0x00004653
10001e6c:	20001da4 	.word	0x20001da4
10001e70:	0000334c 	.word	0x0000334c
10001e74:	20001d78 	.word	0x20001d78
10001e78:	10001e7d 	.word	0x10001e7d

10001e7c <double_table_shim_on_use_helper>:
10001e7c:	b507      	push	{r0, r1, r2, lr}
10001e7e:	4660      	mov	r0, ip
10001e80:	8801      	ldrh	r1, [r0, #0]
10001e82:	0a0a      	lsrs	r2, r1, #8
10001e84:	3002      	adds	r0, #2
10001e86:	2adf      	cmp	r2, #223	; 0xdf
10001e88:	d1fa      	bne.n	10001e80 <double_table_shim_on_use_helper+0x4>
10001e8a:	b2c9      	uxtb	r1, r1
10001e8c:	0882      	lsrs	r2, r0, #2
10001e8e:	d304      	bcc.n	10001e9a <double_table_shim_on_use_helper+0x1e>
10001e90:	8802      	ldrh	r2, [r0, #0]
10001e92:	8840      	ldrh	r0, [r0, #2]
10001e94:	0400      	lsls	r0, r0, #16
10001e96:	4310      	orrs	r0, r2
10001e98:	e000      	b.n	10001e9c <double_table_shim_on_use_helper+0x20>
10001e9a:	6800      	ldr	r0, [r0, #0]
10001e9c:	4a01      	ldr	r2, [pc, #4]	; (10001ea4 <double_table_shim_on_use_helper+0x28>)
10001e9e:	5050      	str	r0, [r2, r1]
10001ea0:	9003      	str	r0, [sp, #12]
10001ea2:	bd07      	pop	{r0, r1, r2, pc}
10001ea4:	20001da4 	.word	0x20001da4

10001ea8 <__wrap___aeabi_lmul>:
10001ea8:	4351      	muls	r1, r2
10001eaa:	4343      	muls	r3, r0
10001eac:	18c9      	adds	r1, r1, r3
10001eae:	468c      	mov	ip, r1
10001eb0:	0c11      	lsrs	r1, r2, #16
10001eb2:	b283      	uxth	r3, r0
10001eb4:	434b      	muls	r3, r1
10001eb6:	b410      	push	{r4}
10001eb8:	0c04      	lsrs	r4, r0, #16
10001eba:	4361      	muls	r1, r4
10001ebc:	b292      	uxth	r2, r2
10001ebe:	b280      	uxth	r0, r0
10001ec0:	4350      	muls	r0, r2
10001ec2:	4362      	muls	r2, r4
10001ec4:	041c      	lsls	r4, r3, #16
10001ec6:	0c1b      	lsrs	r3, r3, #16
10001ec8:	1900      	adds	r0, r0, r4
10001eca:	bc10      	pop	{r4}
10001ecc:	4159      	adcs	r1, r3
10001ece:	0413      	lsls	r3, r2, #16
10001ed0:	0c12      	lsrs	r2, r2, #16
10001ed2:	18c0      	adds	r0, r0, r3
10001ed4:	4151      	adcs	r1, r2
10001ed6:	4461      	add	r1, ip
10001ed8:	4770      	bx	lr
	...

10001edc <__aeabi_float_init>:
10001edc:	2313      	movs	r3, #19
10001ede:	b510      	push	{r4, lr}
10001ee0:	781c      	ldrb	r4, [r3, #0]
10001ee2:	4813      	ldr	r0, [pc, #76]	; (10001f30 <__aeabi_float_init+0x54>)
10001ee4:	f7ff fdc4 	bl	10001a70 <rom_data_lookup>
10001ee8:	2c01      	cmp	r4, #1
10001eea:	d00b      	beq.n	10001f04 <__aeabi_float_init+0x28>
10001eec:	dd04      	ble.n	10001ef8 <__aeabi_float_init+0x1c>
10001eee:	0001      	movs	r1, r0
10001ef0:	2280      	movs	r2, #128	; 0x80
10001ef2:	4810      	ldr	r0, [pc, #64]	; (10001f34 <__aeabi_float_init+0x58>)
10001ef4:	f000 f84a 	bl	10001f8c <__wrap___aeabi_memcpy>
10001ef8:	480f      	ldr	r0, [pc, #60]	; (10001f38 <__aeabi_float_init+0x5c>)
10001efa:	f7ff fdb1 	bl	10001a60 <rom_func_lookup>
10001efe:	4b0f      	ldr	r3, [pc, #60]	; (10001f3c <__aeabi_float_init+0x60>)
10001f00:	6018      	str	r0, [r3, #0]
10001f02:	bd10      	pop	{r4, pc}
10001f04:	4c0b      	ldr	r4, [pc, #44]	; (10001f34 <__aeabi_float_init+0x58>)
10001f06:	0001      	movs	r1, r0
10001f08:	2254      	movs	r2, #84	; 0x54
10001f0a:	0020      	movs	r0, r4
10001f0c:	f000 f83e 	bl	10001f8c <__wrap___aeabi_memcpy>
10001f10:	4b0b      	ldr	r3, [pc, #44]	; (10001f40 <__aeabi_float_init+0x64>)
10001f12:	6563      	str	r3, [r4, #84]	; 0x54
10001f14:	65a3      	str	r3, [r4, #88]	; 0x58
10001f16:	65e3      	str	r3, [r4, #92]	; 0x5c
10001f18:	6623      	str	r3, [r4, #96]	; 0x60
10001f1a:	6663      	str	r3, [r4, #100]	; 0x64
10001f1c:	66a3      	str	r3, [r4, #104]	; 0x68
10001f1e:	66e3      	str	r3, [r4, #108]	; 0x6c
10001f20:	6723      	str	r3, [r4, #112]	; 0x70
10001f22:	6763      	str	r3, [r4, #116]	; 0x74
10001f24:	67a3      	str	r3, [r4, #120]	; 0x78
10001f26:	67e3      	str	r3, [r4, #124]	; 0x7c
10001f28:	6223      	str	r3, [r4, #32]
10001f2a:	61e3      	str	r3, [r4, #28]
10001f2c:	e7e4      	b.n	10001ef8 <__aeabi_float_init+0x1c>
10001f2e:	46c0      	nop			; (mov r8, r8)
10001f30:	00004653 	.word	0x00004653
10001f34:	20001ea4 	.word	0x20001ea4
10001f38:	0000334c 	.word	0x0000334c
10001f3c:	20001d78 	.word	0x20001d78
10001f40:	10001f45 	.word	0x10001f45

10001f44 <float_table_shim_on_use_helper>:
10001f44:	b507      	push	{r0, r1, r2, lr}
10001f46:	4660      	mov	r0, ip
10001f48:	8801      	ldrh	r1, [r0, #0]
10001f4a:	0a0a      	lsrs	r2, r1, #8
10001f4c:	3002      	adds	r0, #2
10001f4e:	2adf      	cmp	r2, #223	; 0xdf
10001f50:	d1fa      	bne.n	10001f48 <float_table_shim_on_use_helper+0x4>
10001f52:	b2c9      	uxtb	r1, r1
10001f54:	0882      	lsrs	r2, r0, #2
10001f56:	d304      	bcc.n	10001f62 <float_table_shim_on_use_helper+0x1e>
10001f58:	8802      	ldrh	r2, [r0, #0]
10001f5a:	8840      	ldrh	r0, [r0, #2]
10001f5c:	0400      	lsls	r0, r0, #16
10001f5e:	4310      	orrs	r0, r2
10001f60:	e000      	b.n	10001f64 <float_table_shim_on_use_helper+0x20>
10001f62:	6800      	ldr	r0, [r0, #0]
10001f64:	4a01      	ldr	r2, [pc, #4]	; (10001f6c <float_table_shim_on_use_helper+0x28>)
10001f66:	5050      	str	r0, [r2, r1]
10001f68:	9003      	str	r0, [sp, #12]
10001f6a:	bd07      	pop	{r0, r1, r2, pc}
10001f6c:	20001ea4 	.word	0x20001ea4

10001f70 <__aeabi_mem_init>:
10001f70:	4801      	ldr	r0, [pc, #4]	; (10001f78 <__aeabi_mem_init+0x8>)
10001f72:	2104      	movs	r1, #4
10001f74:	4b01      	ldr	r3, [pc, #4]	; (10001f7c <__aeabi_mem_init+0xc>)
10001f76:	4718      	bx	r3
10001f78:	20001100 	.word	0x20001100
10001f7c:	10001a81 	.word	0x10001a81

10001f80 <__wrap_memset>:
10001f80:	4b01      	ldr	r3, [pc, #4]	; (10001f88 <__wrap_memset+0x8>)
10001f82:	681b      	ldr	r3, [r3, #0]
10001f84:	4718      	bx	r3
10001f86:	0000      	.short	0x0000
10001f88:	20001100 	.word	0x20001100

10001f8c <__wrap___aeabi_memcpy>:
10001f8c:	4b01      	ldr	r3, [pc, #4]	; (10001f94 <__wrap___aeabi_memcpy+0x8>)
10001f8e:	685b      	ldr	r3, [r3, #4]
10001f90:	4718      	bx	r3
10001f92:	0000      	.short	0x0000
10001f94:	20001100 	.word	0x20001100

10001f98 <_out_char>:
10001f98:	b510      	push	{r4, lr}
10001f9a:	2800      	cmp	r0, #0
10001f9c:	d100      	bne.n	10001fa0 <_out_char+0x8>
10001f9e:	bd10      	pop	{r4, pc}
10001fa0:	f000 f930 	bl	10002204 <__wrap_putchar>
10001fa4:	e7fb      	b.n	10001f9e <_out_char+0x6>
10001fa6:	46c0      	nop			; (mov r8, r8)

10001fa8 <weak_raw_vprintf>:
10001fa8:	b510      	push	{r4, lr}
10001faa:	4a09      	ldr	r2, [pc, #36]	; (10001fd0 <weak_raw_vprintf+0x28>)
10001fac:	b084      	sub	sp, #16
10001fae:	6814      	ldr	r4, [r2, #0]
10001fb0:	2c00      	cmp	r4, #0
10001fb2:	d009      	beq.n	10001fc8 <weak_raw_vprintf+0x20>
10001fb4:	2201      	movs	r2, #1
10001fb6:	9100      	str	r1, [sp, #0]
10001fb8:	0003      	movs	r3, r0
10001fba:	4252      	negs	r2, r2
10001fbc:	a903      	add	r1, sp, #12
10001fbe:	4805      	ldr	r0, [pc, #20]	; (10001fd4 <weak_raw_vprintf+0x2c>)
10001fc0:	47a0      	blx	r4
10001fc2:	2001      	movs	r0, #1
10001fc4:	b004      	add	sp, #16
10001fc6:	bd10      	pop	{r4, pc}
10001fc8:	f000 f968 	bl	1000229c <__wrap_puts>
10001fcc:	2000      	movs	r0, #0
10001fce:	e7f9      	b.n	10001fc4 <weak_raw_vprintf+0x1c>
10001fd0:	20001d44 	.word	0x20001d44
10001fd4:	10001f99 	.word	0x10001f99

10001fd8 <_exit>:
10001fd8:	be00      	bkpt	0x0000
10001fda:	e7fd      	b.n	10001fd8 <_exit>

10001fdc <exit>:
10001fdc:	b510      	push	{r4, lr}
10001fde:	f7ff fffb 	bl	10001fd8 <_exit>
10001fe2:	46c0      	nop			; (mov r8, r8)

10001fe4 <runtime_init>:
10001fe4:	b570      	push	{r4, r5, r6, lr}
10001fe6:	f7ff fd99 	bl	10001b1c <runtime_run_initializers>
10001fea:	4c07      	ldr	r4, [pc, #28]	; (10002008 <runtime_init+0x24>)
10001fec:	4b07      	ldr	r3, [pc, #28]	; (1000200c <runtime_init+0x28>)
10001fee:	429c      	cmp	r4, r3
10001ff0:	d209      	bcs.n	10002006 <runtime_init+0x22>
10001ff2:	3b01      	subs	r3, #1
10001ff4:	1b1d      	subs	r5, r3, r4
10001ff6:	08ad      	lsrs	r5, r5, #2
10001ff8:	3501      	adds	r5, #1
10001ffa:	00ad      	lsls	r5, r5, #2
10001ffc:	192d      	adds	r5, r5, r4
10001ffe:	cc08      	ldmia	r4!, {r3}
10002000:	4798      	blx	r3
10002002:	42ac      	cmp	r4, r5
10002004:	d1fb      	bne.n	10001ffe <runtime_init+0x1a>
10002006:	bd70      	pop	{r4, r5, r6, pc}
10002008:	10004cd4 	.word	0x10004cd4
1000200c:	10004cdc 	.word	0x10004cdc

10002010 <stdio_out_chars_no_crlf>:
10002010:	0003      	movs	r3, r0
10002012:	b510      	push	{r4, lr}
10002014:	0008      	movs	r0, r1
10002016:	681b      	ldr	r3, [r3, #0]
10002018:	0011      	movs	r1, r2
1000201a:	4798      	blx	r3
1000201c:	bd10      	pop	{r4, pc}
1000201e:	46c0      	nop			; (mov r8, r8)

10002020 <stdio_out_chars_crlf>:
10002020:	b5f8      	push	{r3, r4, r5, r6, r7, lr}
10002022:	4647      	mov	r7, r8
10002024:	46ce      	mov	lr, r9
10002026:	b580      	push	{r7, lr}
10002028:	7d43      	ldrb	r3, [r0, #21]
1000202a:	4680      	mov	r8, r0
1000202c:	000c      	movs	r4, r1
1000202e:	0015      	movs	r5, r2
10002030:	2b00      	cmp	r3, #0
10002032:	d043      	beq.n	100020bc <stdio_out_chars_crlf+0x9c>
10002034:	2a00      	cmp	r2, #0
10002036:	dd34      	ble.n	100020a2 <stdio_out_chars_crlf+0x82>
10002038:	780a      	ldrb	r2, [r1, #0]
1000203a:	7d03      	ldrb	r3, [r0, #20]
1000203c:	2000      	movs	r0, #0
1000203e:	2a0a      	cmp	r2, #10
10002040:	d033      	beq.n	100020aa <stdio_out_chars_crlf+0x8a>
10002042:	2d01      	cmp	r5, #1
10002044:	d01e      	beq.n	10002084 <stdio_out_chars_crlf+0x64>
10002046:	4b20      	ldr	r3, [pc, #128]	; (100020c8 <stdio_out_chars_crlf+0xa8>)
10002048:	2101      	movs	r1, #1
1000204a:	1e67      	subs	r7, r4, #1
1000204c:	4699      	mov	r9, r3
1000204e:	e002      	b.n	10002056 <stdio_out_chars_crlf+0x36>
10002050:	0031      	movs	r1, r6
10002052:	42b5      	cmp	r5, r6
10002054:	d016      	beq.n	10002084 <stdio_out_chars_crlf+0x64>
10002056:	5c63      	ldrb	r3, [r4, r1]
10002058:	5c7a      	ldrb	r2, [r7, r1]
1000205a:	1c4e      	adds	r6, r1, #1
1000205c:	2b0a      	cmp	r3, #10
1000205e:	d1f7      	bne.n	10002050 <stdio_out_chars_crlf+0x30>
10002060:	2a0d      	cmp	r2, #13
10002062:	d0f5      	beq.n	10002050 <stdio_out_chars_crlf+0x30>
10002064:	4643      	mov	r3, r8
10002066:	681b      	ldr	r3, [r3, #0]
10002068:	4288      	cmp	r0, r1
1000206a:	da04      	bge.n	10002076 <stdio_out_chars_crlf+0x56>
1000206c:	1a09      	subs	r1, r1, r0
1000206e:	1820      	adds	r0, r4, r0
10002070:	4798      	blx	r3
10002072:	4643      	mov	r3, r8
10002074:	681b      	ldr	r3, [r3, #0]
10002076:	2102      	movs	r1, #2
10002078:	4648      	mov	r0, r9
1000207a:	4798      	blx	r3
1000207c:	0030      	movs	r0, r6
1000207e:	0031      	movs	r1, r6
10002080:	42b5      	cmp	r5, r6
10002082:	d1e8      	bne.n	10002056 <stdio_out_chars_crlf+0x36>
10002084:	4285      	cmp	r5, r0
10002086:	dd04      	ble.n	10002092 <stdio_out_chars_crlf+0x72>
10002088:	4643      	mov	r3, r8
1000208a:	1a29      	subs	r1, r5, r0
1000208c:	681b      	ldr	r3, [r3, #0]
1000208e:	1820      	adds	r0, r4, r0
10002090:	4798      	blx	r3
10002092:	1964      	adds	r4, r4, r5
10002094:	3c01      	subs	r4, #1
10002096:	7823      	ldrb	r3, [r4, #0]
10002098:	3b0d      	subs	r3, #13
1000209a:	425a      	negs	r2, r3
1000209c:	4153      	adcs	r3, r2
1000209e:	4642      	mov	r2, r8
100020a0:	7513      	strb	r3, [r2, #20]
100020a2:	bc0c      	pop	{r2, r3}
100020a4:	4690      	mov	r8, r2
100020a6:	4699      	mov	r9, r3
100020a8:	bdf8      	pop	{r3, r4, r5, r6, r7, pc}
100020aa:	2b00      	cmp	r3, #0
100020ac:	d1c9      	bne.n	10002042 <stdio_out_chars_crlf+0x22>
100020ae:	4643      	mov	r3, r8
100020b0:	4805      	ldr	r0, [pc, #20]	; (100020c8 <stdio_out_chars_crlf+0xa8>)
100020b2:	2102      	movs	r1, #2
100020b4:	681b      	ldr	r3, [r3, #0]
100020b6:	4798      	blx	r3
100020b8:	2001      	movs	r0, #1
100020ba:	e7c2      	b.n	10002042 <stdio_out_chars_crlf+0x22>
100020bc:	6803      	ldr	r3, [r0, #0]
100020be:	0011      	movs	r1, r2
100020c0:	0020      	movs	r0, r4
100020c2:	4798      	blx	r3
100020c4:	e7ed      	b.n	100020a2 <stdio_out_chars_crlf+0x82>
100020c6:	46c0      	nop			; (mov r8, r8)
100020c8:	10004df4 	.word	0x10004df4

100020cc <stdio_put_string>:
100020cc:	b5f0      	push	{r4, r5, r6, r7, lr}
100020ce:	46de      	mov	lr, fp
100020d0:	4657      	mov	r7, sl
100020d2:	464e      	mov	r6, r9
100020d4:	4645      	mov	r5, r8
100020d6:	b5e0      	push	{r5, r6, r7, lr}
100020d8:	b085      	sub	sp, #20
100020da:	0017      	movs	r7, r2
100020dc:	001c      	movs	r4, r3
100020de:	0006      	movs	r6, r0
100020e0:	000d      	movs	r5, r1
100020e2:	f7ff fadf 	bl	100016a4 <time_us_64>
100020e6:	2300      	movs	r3, #0
100020e8:	4a31      	ldr	r2, [pc, #196]	; (100021b0 <stdio_put_string+0xe4>)
100020ea:	1812      	adds	r2, r2, r0
100020ec:	414b      	adcs	r3, r1
100020ee:	2b00      	cmp	r3, #0
100020f0:	db59      	blt.n	100021a6 <stdio_put_string+0xda>
100020f2:	4930      	ldr	r1, [pc, #192]	; (100021b4 <stdio_put_string+0xe8>)
100020f4:	0008      	movs	r0, r1
100020f6:	4688      	mov	r8, r1
100020f8:	f002 fd9e 	bl	10004c38 <__mutex_try_enter_block_until_veneer>
100020fc:	9001      	str	r0, [sp, #4]
100020fe:	1c6b      	adds	r3, r5, #1
10002100:	d103      	bne.n	1000210a <stdio_put_string+0x3e>
10002102:	0030      	movs	r0, r6
10002104:	f002 fd30 	bl	10004b68 <strlen>
10002108:	0005      	movs	r5, r0
1000210a:	2c00      	cmp	r4, #0
1000210c:	d126      	bne.n	1000215c <stdio_put_string+0x90>
1000210e:	4b2a      	ldr	r3, [pc, #168]	; (100021b8 <stdio_put_string+0xec>)
10002110:	469a      	mov	sl, r3
10002112:	4b2a      	ldr	r3, [pc, #168]	; (100021bc <stdio_put_string+0xf0>)
10002114:	681c      	ldr	r4, [r3, #0]
10002116:	2c00      	cmp	r4, #0
10002118:	d015      	beq.n	10002146 <stdio_put_string+0x7a>
1000211a:	2f00      	cmp	r7, #0
1000211c:	d121      	bne.n	10002162 <stdio_put_string+0x96>
1000211e:	4f28      	ldr	r7, [pc, #160]	; (100021c0 <stdio_put_string+0xf4>)
10002120:	e002      	b.n	10002128 <stdio_put_string+0x5c>
10002122:	6924      	ldr	r4, [r4, #16]
10002124:	2c00      	cmp	r4, #0
10002126:	d00e      	beq.n	10002146 <stdio_put_string+0x7a>
10002128:	6823      	ldr	r3, [r4, #0]
1000212a:	2b00      	cmp	r3, #0
1000212c:	d0f9      	beq.n	10002122 <stdio_put_string+0x56>
1000212e:	683b      	ldr	r3, [r7, #0]
10002130:	2b00      	cmp	r3, #0
10002132:	d001      	beq.n	10002138 <stdio_put_string+0x6c>
10002134:	42a3      	cmp	r3, r4
10002136:	d1f4      	bne.n	10002122 <stdio_put_string+0x56>
10002138:	0020      	movs	r0, r4
1000213a:	002a      	movs	r2, r5
1000213c:	0031      	movs	r1, r6
1000213e:	47d0      	blx	sl
10002140:	6924      	ldr	r4, [r4, #16]
10002142:	2c00      	cmp	r4, #0
10002144:	d1f0      	bne.n	10002128 <stdio_put_string+0x5c>
10002146:	9b01      	ldr	r3, [sp, #4]
10002148:	2b00      	cmp	r3, #0
1000214a:	d128      	bne.n	1000219e <stdio_put_string+0xd2>
1000214c:	0028      	movs	r0, r5
1000214e:	b005      	add	sp, #20
10002150:	bc3c      	pop	{r2, r3, r4, r5}
10002152:	4690      	mov	r8, r2
10002154:	4699      	mov	r9, r3
10002156:	46a2      	mov	sl, r4
10002158:	46ab      	mov	fp, r5
1000215a:	bdf0      	pop	{r4, r5, r6, r7, pc}
1000215c:	4b19      	ldr	r3, [pc, #100]	; (100021c4 <stdio_put_string+0xf8>)
1000215e:	469a      	mov	sl, r3
10002160:	e7d7      	b.n	10002112 <stdio_put_string+0x46>
10002162:	4b17      	ldr	r3, [pc, #92]	; (100021c0 <stdio_put_string+0xf4>)
10002164:	469b      	mov	fp, r3
10002166:	ab02      	add	r3, sp, #8
10002168:	1ddf      	adds	r7, r3, #7
1000216a:	230a      	movs	r3, #10
1000216c:	4699      	mov	r9, r3
1000216e:	e002      	b.n	10002176 <stdio_put_string+0xaa>
10002170:	6924      	ldr	r4, [r4, #16]
10002172:	2c00      	cmp	r4, #0
10002174:	d0e7      	beq.n	10002146 <stdio_put_string+0x7a>
10002176:	6823      	ldr	r3, [r4, #0]
10002178:	2b00      	cmp	r3, #0
1000217a:	d0f9      	beq.n	10002170 <stdio_put_string+0xa4>
1000217c:	465b      	mov	r3, fp
1000217e:	681b      	ldr	r3, [r3, #0]
10002180:	2b00      	cmp	r3, #0
10002182:	d001      	beq.n	10002188 <stdio_put_string+0xbc>
10002184:	42a3      	cmp	r3, r4
10002186:	d1f3      	bne.n	10002170 <stdio_put_string+0xa4>
10002188:	002a      	movs	r2, r5
1000218a:	0031      	movs	r1, r6
1000218c:	0020      	movs	r0, r4
1000218e:	47d0      	blx	sl
10002190:	464b      	mov	r3, r9
10002192:	2201      	movs	r2, #1
10002194:	0039      	movs	r1, r7
10002196:	0020      	movs	r0, r4
10002198:	703b      	strb	r3, [r7, #0]
1000219a:	47d0      	blx	sl
1000219c:	e7e8      	b.n	10002170 <stdio_put_string+0xa4>
1000219e:	4640      	mov	r0, r8
100021a0:	f002 fd22 	bl	10004be8 <__mutex_exit_veneer>
100021a4:	e7d2      	b.n	1000214c <stdio_put_string+0x80>
100021a6:	2201      	movs	r2, #1
100021a8:	4b07      	ldr	r3, [pc, #28]	; (100021c8 <stdio_put_string+0xfc>)
100021aa:	4252      	negs	r2, r2
100021ac:	e7a1      	b.n	100020f2 <stdio_put_string+0x26>
100021ae:	46c0      	nop			; (mov r8, r8)
100021b0:	000f4240 	.word	0x000f4240
100021b4:	20001148 	.word	0x20001148
100021b8:	10002011 	.word	0x10002011
100021bc:	20001938 	.word	0x20001938
100021c0:	20001940 	.word	0x20001940
100021c4:	10002021 	.word	0x10002021
100021c8:	7fffffff 	.word	0x7fffffff

100021cc <stdio_set_driver_enabled>:
100021cc:	4a0a      	ldr	r2, [pc, #40]	; (100021f8 <stdio_set_driver_enabled+0x2c>)
100021ce:	6813      	ldr	r3, [r2, #0]
100021d0:	2b00      	cmp	r3, #0
100021d2:	d105      	bne.n	100021e0 <stdio_set_driver_enabled+0x14>
100021d4:	e00c      	b.n	100021f0 <stdio_set_driver_enabled+0x24>
100021d6:	001a      	movs	r2, r3
100021d8:	691b      	ldr	r3, [r3, #16]
100021da:	3210      	adds	r2, #16
100021dc:	2b00      	cmp	r3, #0
100021de:	d007      	beq.n	100021f0 <stdio_set_driver_enabled+0x24>
100021e0:	4298      	cmp	r0, r3
100021e2:	d1f8      	bne.n	100021d6 <stdio_set_driver_enabled+0xa>
100021e4:	2900      	cmp	r1, #0
100021e6:	d102      	bne.n	100021ee <stdio_set_driver_enabled+0x22>
100021e8:	6903      	ldr	r3, [r0, #16]
100021ea:	6013      	str	r3, [r2, #0]
100021ec:	6101      	str	r1, [r0, #16]
100021ee:	4770      	bx	lr
100021f0:	2900      	cmp	r1, #0
100021f2:	d0fc      	beq.n	100021ee <stdio_set_driver_enabled+0x22>
100021f4:	6010      	str	r0, [r2, #0]
100021f6:	e7fa      	b.n	100021ee <stdio_set_driver_enabled+0x22>
100021f8:	20001938 	.word	0x20001938

100021fc <stdio_init_all>:
100021fc:	b510      	push	{r4, lr}
100021fe:	f000 fa93 	bl	10002728 <stdio_usb_init>
10002202:	bd10      	pop	{r4, pc}

10002204 <__wrap_putchar>:
10002204:	b5f0      	push	{r4, r5, r6, r7, lr}
10002206:	46ce      	mov	lr, r9
10002208:	4647      	mov	r7, r8
1000220a:	b580      	push	{r7, lr}
1000220c:	b083      	sub	sp, #12
1000220e:	466b      	mov	r3, sp
10002210:	1dde      	adds	r6, r3, #7
10002212:	0005      	movs	r5, r0
10002214:	7030      	strb	r0, [r6, #0]
10002216:	f7ff fa45 	bl	100016a4 <time_us_64>
1000221a:	2300      	movs	r3, #0
1000221c:	4a1a      	ldr	r2, [pc, #104]	; (10002288 <__wrap_putchar+0x84>)
1000221e:	1812      	adds	r2, r2, r0
10002220:	414b      	adcs	r3, r1
10002222:	2b00      	cmp	r3, #0
10002224:	db2c      	blt.n	10002280 <__wrap_putchar+0x7c>
10002226:	4f19      	ldr	r7, [pc, #100]	; (1000228c <__wrap_putchar+0x88>)
10002228:	0038      	movs	r0, r7
1000222a:	f002 fd05 	bl	10004c38 <__mutex_try_enter_block_until_veneer>
1000222e:	4b18      	ldr	r3, [pc, #96]	; (10002290 <__wrap_putchar+0x8c>)
10002230:	4680      	mov	r8, r0
10002232:	681c      	ldr	r4, [r3, #0]
10002234:	2c00      	cmp	r4, #0
10002236:	d016      	beq.n	10002266 <__wrap_putchar+0x62>
10002238:	4b16      	ldr	r3, [pc, #88]	; (10002294 <__wrap_putchar+0x90>)
1000223a:	4699      	mov	r9, r3
1000223c:	e002      	b.n	10002244 <__wrap_putchar+0x40>
1000223e:	6924      	ldr	r4, [r4, #16]
10002240:	2c00      	cmp	r4, #0
10002242:	d010      	beq.n	10002266 <__wrap_putchar+0x62>
10002244:	6823      	ldr	r3, [r4, #0]
10002246:	2b00      	cmp	r3, #0
10002248:	d0f9      	beq.n	1000223e <__wrap_putchar+0x3a>
1000224a:	464b      	mov	r3, r9
1000224c:	681b      	ldr	r3, [r3, #0]
1000224e:	2b00      	cmp	r3, #0
10002250:	d001      	beq.n	10002256 <__wrap_putchar+0x52>
10002252:	42a3      	cmp	r3, r4
10002254:	d1f3      	bne.n	1000223e <__wrap_putchar+0x3a>
10002256:	0020      	movs	r0, r4
10002258:	2201      	movs	r2, #1
1000225a:	0031      	movs	r1, r6
1000225c:	f7ff fee0 	bl	10002020 <stdio_out_chars_crlf>
10002260:	6924      	ldr	r4, [r4, #16]
10002262:	2c00      	cmp	r4, #0
10002264:	d1ee      	bne.n	10002244 <__wrap_putchar+0x40>
10002266:	4643      	mov	r3, r8
10002268:	2b00      	cmp	r3, #0
1000226a:	d105      	bne.n	10002278 <__wrap_putchar+0x74>
1000226c:	0028      	movs	r0, r5
1000226e:	b003      	add	sp, #12
10002270:	bc0c      	pop	{r2, r3}
10002272:	4690      	mov	r8, r2
10002274:	4699      	mov	r9, r3
10002276:	bdf0      	pop	{r4, r5, r6, r7, pc}
10002278:	0038      	movs	r0, r7
1000227a:	f002 fcb5 	bl	10004be8 <__mutex_exit_veneer>
1000227e:	e7f5      	b.n	1000226c <__wrap_putchar+0x68>
10002280:	2201      	movs	r2, #1
10002282:	4b05      	ldr	r3, [pc, #20]	; (10002298 <__wrap_putchar+0x94>)
10002284:	4252      	negs	r2, r2
10002286:	e7ce      	b.n	10002226 <__wrap_putchar+0x22>
10002288:	000f4240 	.word	0x000f4240
1000228c:	20001148 	.word	0x20001148
10002290:	20001938 	.word	0x20001938
10002294:	20001940 	.word	0x20001940
10002298:	7fffffff 	.word	0x7fffffff

1000229c <__wrap_puts>:
1000229c:	b570      	push	{r4, r5, r6, lr}
1000229e:	0004      	movs	r4, r0
100022a0:	f002 fc62 	bl	10004b68 <strlen>
100022a4:	2301      	movs	r3, #1
100022a6:	0001      	movs	r1, r0
100022a8:	0005      	movs	r5, r0
100022aa:	2201      	movs	r2, #1
100022ac:	0020      	movs	r0, r4
100022ae:	f7ff ff0d 	bl	100020cc <stdio_put_string>
100022b2:	4b08      	ldr	r3, [pc, #32]	; (100022d4 <__wrap_puts+0x38>)
100022b4:	681c      	ldr	r4, [r3, #0]
100022b6:	2c00      	cmp	r4, #0
100022b8:	d006      	beq.n	100022c8 <__wrap_puts+0x2c>
100022ba:	6863      	ldr	r3, [r4, #4]
100022bc:	2b00      	cmp	r3, #0
100022be:	d005      	beq.n	100022cc <__wrap_puts+0x30>
100022c0:	4798      	blx	r3
100022c2:	6924      	ldr	r4, [r4, #16]
100022c4:	2c00      	cmp	r4, #0
100022c6:	d1f8      	bne.n	100022ba <__wrap_puts+0x1e>
100022c8:	0028      	movs	r0, r5
100022ca:	bd70      	pop	{r4, r5, r6, pc}
100022cc:	6924      	ldr	r4, [r4, #16]
100022ce:	2c00      	cmp	r4, #0
100022d0:	d1f3      	bne.n	100022ba <__wrap_puts+0x1e>
100022d2:	e7f9      	b.n	100022c8 <__wrap_puts+0x2c>
100022d4:	20001938 	.word	0x20001938

100022d8 <resetd_init>:
100022d8:	4770      	bx	lr
100022da:	46c0      	nop			; (mov r8, r8)

100022dc <resetd_reset>:
100022dc:	2200      	movs	r2, #0
100022de:	4b01      	ldr	r3, [pc, #4]	; (100022e4 <resetd_reset+0x8>)
100022e0:	701a      	strb	r2, [r3, #0]
100022e2:	4770      	bx	lr
100022e4:	20001d9e 	.word	0x20001d9e

100022e8 <resetd_open>:
100022e8:	794b      	ldrb	r3, [r1, #5]
100022ea:	2000      	movs	r0, #0
100022ec:	2bff      	cmp	r3, #255	; 0xff
100022ee:	d10b      	bne.n	10002308 <resetd_open+0x20>
100022f0:	798b      	ldrb	r3, [r1, #6]
100022f2:	2b00      	cmp	r3, #0
100022f4:	d108      	bne.n	10002308 <resetd_open+0x20>
100022f6:	79cb      	ldrb	r3, [r1, #7]
100022f8:	2b01      	cmp	r3, #1
100022fa:	d105      	bne.n	10002308 <resetd_open+0x20>
100022fc:	2a08      	cmp	r2, #8
100022fe:	d903      	bls.n	10002308 <resetd_open+0x20>
10002300:	788a      	ldrb	r2, [r1, #2]
10002302:	4b02      	ldr	r3, [pc, #8]	; (1000230c <resetd_open+0x24>)
10002304:	3009      	adds	r0, #9
10002306:	701a      	strb	r2, [r3, #0]
10002308:	4770      	bx	lr
1000230a:	46c0      	nop			; (mov r8, r8)
1000230c:	20001d9e 	.word	0x20001d9e

10002310 <resetd_xfer_cb>:
10002310:	2001      	movs	r0, #1
10002312:	4770      	bx	lr

10002314 <resetd_control_xfer_cb>:
10002314:	b510      	push	{r4, lr}
10002316:	2901      	cmp	r1, #1
10002318:	d109      	bne.n	1000232e <resetd_control_xfer_cb+0x1a>
1000231a:	4915      	ldr	r1, [pc, #84]	; (10002370 <resetd_control_xfer_cb+0x5c>)
1000231c:	7953      	ldrb	r3, [r2, #5]
1000231e:	7910      	ldrb	r0, [r2, #4]
10002320:	7809      	ldrb	r1, [r1, #0]
10002322:	021b      	lsls	r3, r3, #8
10002324:	4303      	orrs	r3, r0
10002326:	2000      	movs	r0, #0
10002328:	4299      	cmp	r1, r3
1000232a:	d002      	beq.n	10002332 <resetd_control_xfer_cb+0x1e>
1000232c:	bd10      	pop	{r4, pc}
1000232e:	2001      	movs	r0, #1
10002330:	e7fc      	b.n	1000232c <resetd_control_xfer_cb+0x18>
10002332:	7853      	ldrb	r3, [r2, #1]
10002334:	2b01      	cmp	r3, #1
10002336:	d008      	beq.n	1000234a <resetd_control_xfer_cb+0x36>
10002338:	2b02      	cmp	r3, #2
1000233a:	d1f7      	bne.n	1000232c <resetd_control_xfer_cb+0x18>
1000233c:	2000      	movs	r0, #0
1000233e:	2264      	movs	r2, #100	; 0x64
10002340:	2100      	movs	r1, #0
10002342:	f7ff fb39 	bl	100019b8 <watchdog_reboot>
10002346:	2001      	movs	r0, #1
10002348:	e7f0      	b.n	1000232c <resetd_control_xfer_cb+0x18>
1000234a:	78d1      	ldrb	r1, [r2, #3]
1000234c:	7893      	ldrb	r3, [r2, #2]
1000234e:	0209      	lsls	r1, r1, #8
10002350:	4319      	orrs	r1, r3
10002352:	05cb      	lsls	r3, r1, #23
10002354:	d507      	bpl.n	10002366 <resetd_control_xfer_cb+0x52>
10002356:	0a4a      	lsrs	r2, r1, #9
10002358:	b290      	uxth	r0, r2
1000235a:	2301      	movs	r3, #1
1000235c:	401a      	ands	r2, r3
1000235e:	337e      	adds	r3, #126	; 0x7e
10002360:	4019      	ands	r1, r3
10002362:	f7ff fbab 	bl	10001abc <rom_reset_usb_boot_extra>
10002366:	2001      	movs	r0, #1
10002368:	0a4a      	lsrs	r2, r1, #9
1000236a:	4240      	negs	r0, r0
1000236c:	e7f5      	b.n	1000235a <resetd_control_xfer_cb+0x46>
1000236e:	46c0      	nop			; (mov r8, r8)
10002370:	20001d9e 	.word	0x20001d9e

10002374 <tud_descriptor_bos_cb>:
10002374:	4800      	ldr	r0, [pc, #0]	; (10002378 <tud_descriptor_bos_cb+0x4>)
10002376:	4770      	bx	lr
10002378:	10004e18 	.word	0x10004e18

1000237c <tud_vendor_control_xfer_cb>:
1000237c:	b510      	push	{r4, lr}
1000237e:	2301      	movs	r3, #1
10002380:	0014      	movs	r4, r2
10002382:	2901      	cmp	r1, #1
10002384:	d109      	bne.n	1000239a <tud_vendor_control_xfer_cb+0x1e>
10002386:	7852      	ldrb	r2, [r2, #1]
10002388:	2300      	movs	r3, #0
1000238a:	2a01      	cmp	r2, #1
1000238c:	d105      	bne.n	1000239a <tud_vendor_control_xfer_cb+0x1e>
1000238e:	7962      	ldrb	r2, [r4, #5]
10002390:	7921      	ldrb	r1, [r4, #4]
10002392:	0212      	lsls	r2, r2, #8
10002394:	430a      	orrs	r2, r1
10002396:	2a07      	cmp	r2, #7
10002398:	d001      	beq.n	1000239e <tud_vendor_control_xfer_cb+0x22>
1000239a:	0018      	movs	r0, r3
1000239c:	bd10      	pop	{r4, pc}
1000239e:	33a6      	adds	r3, #166	; 0xa6
100023a0:	4a02      	ldr	r2, [pc, #8]	; (100023ac <tud_vendor_control_xfer_cb+0x30>)
100023a2:	0021      	movs	r1, r4
100023a4:	f001 fa86 	bl	100038b4 <tud_control_xfer>
100023a8:	0003      	movs	r3, r0
100023aa:	e7f6      	b.n	1000239a <tud_vendor_control_xfer_cb+0x1e>
100023ac:	10004e3c 	.word	0x10004e3c

100023b0 <usbd_app_driver_get_cb>:
100023b0:	2301      	movs	r3, #1
100023b2:	7003      	strb	r3, [r0, #0]
100023b4:	4800      	ldr	r0, [pc, #0]	; (100023b8 <usbd_app_driver_get_cb+0x8>)
100023b6:	4770      	bx	lr
100023b8:	10004df8 	.word	0x10004df8

100023bc <tud_cdc_line_coding_cb>:
100023bc:	784a      	ldrb	r2, [r1, #1]
100023be:	780b      	ldrb	r3, [r1, #0]
100023c0:	0212      	lsls	r2, r2, #8
100023c2:	431a      	orrs	r2, r3
100023c4:	788b      	ldrb	r3, [r1, #2]
100023c6:	b510      	push	{r4, lr}
100023c8:	041b      	lsls	r3, r3, #16
100023ca:	431a      	orrs	r2, r3
100023cc:	78cb      	ldrb	r3, [r1, #3]
100023ce:	061b      	lsls	r3, r3, #24
100023d0:	4313      	orrs	r3, r2
100023d2:	2296      	movs	r2, #150	; 0x96
100023d4:	00d2      	lsls	r2, r2, #3
100023d6:	4293      	cmp	r3, r2
100023d8:	d000      	beq.n	100023dc <tud_cdc_line_coding_cb+0x20>
100023da:	bd10      	pop	{r4, pc}
100023dc:	2200      	movs	r2, #0
100023de:	2001      	movs	r0, #1
100023e0:	0011      	movs	r1, r2
100023e2:	4240      	negs	r0, r0
100023e4:	f7ff fb6a 	bl	10001abc <rom_reset_usb_boot_extra>

100023e8 <stdio_usb_set_chars_available_callback>:
100023e8:	4b02      	ldr	r3, [pc, #8]	; (100023f4 <stdio_usb_set_chars_available_callback+0xc>)
100023ea:	6018      	str	r0, [r3, #0]
100023ec:	4b02      	ldr	r3, [pc, #8]	; (100023f8 <stdio_usb_set_chars_available_callback+0x10>)
100023ee:	6019      	str	r1, [r3, #0]
100023f0:	4770      	bx	lr
100023f2:	46c0      	nop			; (mov r8, r8)
100023f4:	200018d4 	.word	0x200018d4
100023f8:	200018d8 	.word	0x200018d8

100023fc <timer_task>:
100023fc:	4b15      	ldr	r3, [pc, #84]	; (10002454 <timer_task+0x58>)
100023fe:	b570      	push	{r4, r5, r6, lr}
10002400:	681a      	ldr	r2, [r3, #0]
10002402:	2a00      	cmp	r2, #0
10002404:	d022      	beq.n	1000244c <timer_task+0x50>
10002406:	f3ef 8110 	mrs	r1, PRIMASK
1000240a:	b672      	cpsid	i
1000240c:	6810      	ldr	r0, [r2, #0]
1000240e:	2800      	cmp	r0, #0
10002410:	d0fc      	beq.n	1000240c <timer_task+0x10>
10002412:	f3bf 8f5f 	dmb	sy
10002416:	2200      	movs	r2, #0
10002418:	480f      	ldr	r0, [pc, #60]	; (10002458 <timer_task+0x5c>)
1000241a:	6059      	str	r1, [r3, #4]
1000241c:	7002      	strb	r2, [r0, #0]
1000241e:	681b      	ldr	r3, [r3, #0]
10002420:	f3bf 8f5f 	dmb	sy
10002424:	601a      	str	r2, [r3, #0]
10002426:	f381 8810 	msr	PRIMASK, r1
1000242a:	2400      	movs	r4, #0
1000242c:	2500      	movs	r5, #0
1000242e:	4e0b      	ldr	r6, [pc, #44]	; (1000245c <timer_task+0x60>)
10002430:	7830      	ldrb	r0, [r6, #0]
10002432:	f7fe fab7 	bl	100009a4 <irq_is_enabled>
10002436:	2800      	cmp	r0, #0
10002438:	d104      	bne.n	10002444 <timer_task+0x48>
1000243a:	2400      	movs	r4, #0
1000243c:	2500      	movs	r5, #0
1000243e:	0029      	movs	r1, r5
10002440:	0020      	movs	r0, r4
10002442:	bd70      	pop	{r4, r5, r6, pc}
10002444:	7830      	ldrb	r0, [r6, #0]
10002446:	f7fe fab9 	bl	100009bc <irq_set_pending>
1000244a:	e7f8      	b.n	1000243e <timer_task+0x42>
1000244c:	24fa      	movs	r4, #250	; 0xfa
1000244e:	2500      	movs	r5, #0
10002450:	00a4      	lsls	r4, r4, #2
10002452:	e7ec      	b.n	1000242e <timer_task+0x32>
10002454:	20001d50 	.word	0x20001d50
10002458:	20001da0 	.word	0x20001da0
1000245c:	20001d9f 	.word	0x20001d9f

10002460 <usb_irq>:
10002460:	b510      	push	{r4, lr}
10002462:	4b02      	ldr	r3, [pc, #8]	; (1000246c <usb_irq+0xc>)
10002464:	7818      	ldrb	r0, [r3, #0]
10002466:	f7fe faa9 	bl	100009bc <irq_set_pending>
1000246a:	bd10      	pop	{r4, pc}
1000246c:	20001d9f 	.word	0x20001d9f

10002470 <stdio_usb_in_chars>:
10002470:	b570      	push	{r4, r5, r6, lr}
10002472:	0005      	movs	r5, r0
10002474:	2000      	movs	r0, #0
10002476:	000e      	movs	r6, r1
10002478:	f001 fb0c 	bl	10003a94 <tud_cdc_n_connected>
1000247c:	2800      	cmp	r0, #0
1000247e:	d035      	beq.n	100024ec <stdio_usb_in_chars+0x7c>
10002480:	2000      	movs	r0, #0
10002482:	f001 fb1d 	bl	10003ac0 <tud_cdc_n_available>
10002486:	2800      	cmp	r0, #0
10002488:	d030      	beq.n	100024ec <stdio_usb_in_chars+0x7c>
1000248a:	f7ff f90b 	bl	100016a4 <time_us_64>
1000248e:	2300      	movs	r3, #0
10002490:	4a18      	ldr	r2, [pc, #96]	; (100024f4 <stdio_usb_in_chars+0x84>)
10002492:	1812      	adds	r2, r2, r0
10002494:	414b      	adcs	r3, r1
10002496:	2b00      	cmp	r3, #0
10002498:	db24      	blt.n	100024e4 <stdio_usb_in_chars+0x74>
1000249a:	4c17      	ldr	r4, [pc, #92]	; (100024f8 <stdio_usb_in_chars+0x88>)
1000249c:	0020      	movs	r0, r4
1000249e:	f002 fbcb 	bl	10004c38 <__mutex_try_enter_block_until_veneer>
100024a2:	2800      	cmp	r0, #0
100024a4:	d022      	beq.n	100024ec <stdio_usb_in_chars+0x7c>
100024a6:	2000      	movs	r0, #0
100024a8:	f001 faf4 	bl	10003a94 <tud_cdc_n_connected>
100024ac:	2800      	cmp	r0, #0
100024ae:	d10b      	bne.n	100024c8 <stdio_usb_in_chars+0x58>
100024b0:	2001      	movs	r0, #1
100024b2:	2100      	movs	r1, #0
100024b4:	4240      	negs	r0, r0
100024b6:	2503      	movs	r5, #3
100024b8:	f000 fd16 	bl	10002ee8 <tud_task_ext>
100024bc:	426d      	negs	r5, r5
100024be:	0020      	movs	r0, r4
100024c0:	f002 fb92 	bl	10004be8 <__mutex_exit_veneer>
100024c4:	0028      	movs	r0, r5
100024c6:	bd70      	pop	{r4, r5, r6, pc}
100024c8:	2000      	movs	r0, #0
100024ca:	f001 faf9 	bl	10003ac0 <tud_cdc_n_available>
100024ce:	2800      	cmp	r0, #0
100024d0:	d0ee      	beq.n	100024b0 <stdio_usb_in_chars+0x40>
100024d2:	0029      	movs	r1, r5
100024d4:	0032      	movs	r2, r6
100024d6:	2000      	movs	r0, #0
100024d8:	f001 fafe 	bl	10003ad8 <tud_cdc_n_read>
100024dc:	1e05      	subs	r5, r0, #0
100024de:	d1ee      	bne.n	100024be <stdio_usb_in_chars+0x4e>
100024e0:	3d03      	subs	r5, #3
100024e2:	e7ec      	b.n	100024be <stdio_usb_in_chars+0x4e>
100024e4:	2201      	movs	r2, #1
100024e6:	4b05      	ldr	r3, [pc, #20]	; (100024fc <stdio_usb_in_chars+0x8c>)
100024e8:	4252      	negs	r2, r2
100024ea:	e7d6      	b.n	1000249a <stdio_usb_in_chars+0x2a>
100024ec:	2503      	movs	r5, #3
100024ee:	426d      	negs	r5, r5
100024f0:	e7e8      	b.n	100024c4 <stdio_usb_in_chars+0x54>
100024f2:	46c0      	nop			; (mov r8, r8)
100024f4:	000f4240 	.word	0x000f4240
100024f8:	20001d80 	.word	0x20001d80
100024fc:	7fffffff 	.word	0x7fffffff

10002500 <stdio_usb_out_flush>:
10002500:	b510      	push	{r4, lr}
10002502:	f7ff f8cf 	bl	100016a4 <time_us_64>
10002506:	2300      	movs	r3, #0
10002508:	4a0e      	ldr	r2, [pc, #56]	; (10002544 <stdio_usb_out_flush+0x44>)
1000250a:	1812      	adds	r2, r2, r0
1000250c:	414b      	adcs	r3, r1
1000250e:	2b00      	cmp	r3, #0
10002510:	db13      	blt.n	1000253a <stdio_usb_out_flush+0x3a>
10002512:	4c0d      	ldr	r4, [pc, #52]	; (10002548 <stdio_usb_out_flush+0x48>)
10002514:	0020      	movs	r0, r4
10002516:	f002 fb8f 	bl	10004c38 <__mutex_try_enter_block_until_veneer>
1000251a:	2800      	cmp	r0, #0
1000251c:	d00c      	beq.n	10002538 <stdio_usb_out_flush+0x38>
1000251e:	2001      	movs	r0, #1
10002520:	2100      	movs	r1, #0
10002522:	4240      	negs	r0, r0
10002524:	f000 fce0 	bl	10002ee8 <tud_task_ext>
10002528:	2000      	movs	r0, #0
1000252a:	f001 fb1f 	bl	10003b6c <tud_cdc_n_write_flush>
1000252e:	2800      	cmp	r0, #0
10002530:	d1f5      	bne.n	1000251e <stdio_usb_out_flush+0x1e>
10002532:	0020      	movs	r0, r4
10002534:	f002 fb58 	bl	10004be8 <__mutex_exit_veneer>
10002538:	bd10      	pop	{r4, pc}
1000253a:	2201      	movs	r2, #1
1000253c:	4b03      	ldr	r3, [pc, #12]	; (1000254c <stdio_usb_out_flush+0x4c>)
1000253e:	4252      	negs	r2, r2
10002540:	e7e7      	b.n	10002512 <stdio_usb_out_flush+0x12>
10002542:	46c0      	nop			; (mov r8, r8)
10002544:	000f4240 	.word	0x000f4240
10002548:	20001d80 	.word	0x20001d80
1000254c:	7fffffff 	.word	0x7fffffff

10002550 <stdio_usb_out_chars>:
10002550:	b5f0      	push	{r4, r5, r6, r7, lr}
10002552:	46d6      	mov	lr, sl
10002554:	464f      	mov	r7, r9
10002556:	4646      	mov	r6, r8
10002558:	b5c0      	push	{r6, r7, lr}
1000255a:	0007      	movs	r7, r0
1000255c:	000e      	movs	r6, r1
1000255e:	f7ff f8a1 	bl	100016a4 <time_us_64>
10002562:	2300      	movs	r3, #0
10002564:	4a39      	ldr	r2, [pc, #228]	; (1000264c <stdio_usb_out_chars+0xfc>)
10002566:	1812      	adds	r2, r2, r0
10002568:	414b      	adcs	r3, r1
1000256a:	2b00      	cmp	r3, #0
1000256c:	db5e      	blt.n	1000262c <stdio_usb_out_chars+0xdc>
1000256e:	4938      	ldr	r1, [pc, #224]	; (10002650 <stdio_usb_out_chars+0x100>)
10002570:	0008      	movs	r0, r1
10002572:	4688      	mov	r8, r1
10002574:	f002 fb60 	bl	10004c38 <__mutex_try_enter_block_until_veneer>
10002578:	2800      	cmp	r0, #0
1000257a:	d104      	bne.n	10002586 <stdio_usb_out_chars+0x36>
1000257c:	bc1c      	pop	{r2, r3, r4}
1000257e:	4690      	mov	r8, r2
10002580:	4699      	mov	r9, r3
10002582:	46a2      	mov	sl, r4
10002584:	bdf0      	pop	{r4, r5, r6, r7, pc}
10002586:	2000      	movs	r0, #0
10002588:	f001 fa84 	bl	10003a94 <tud_cdc_n_connected>
1000258c:	2800      	cmp	r0, #0
1000258e:	d051      	beq.n	10002634 <stdio_usb_out_chars+0xe4>
10002590:	2400      	movs	r4, #0
10002592:	2e00      	cmp	r6, #0
10002594:	dd35      	ble.n	10002602 <stdio_usb_out_chars+0xb2>
10002596:	4b2f      	ldr	r3, [pc, #188]	; (10002654 <stdio_usb_out_chars+0x104>)
10002598:	4699      	mov	r9, r3
1000259a:	469a      	mov	sl, r3
1000259c:	e015      	b.n	100025ca <stdio_usb_out_chars+0x7a>
1000259e:	2800      	cmp	r0, #0
100025a0:	d151      	bne.n	10002646 <stdio_usb_out_chars+0xf6>
100025a2:	2001      	movs	r0, #1
100025a4:	2100      	movs	r1, #0
100025a6:	4240      	negs	r0, r0
100025a8:	f000 fc9e 	bl	10002ee8 <tud_task_ext>
100025ac:	2000      	movs	r0, #0
100025ae:	f001 fadd 	bl	10003b6c <tud_cdc_n_write_flush>
100025b2:	2000      	movs	r0, #0
100025b4:	f001 fa6e 	bl	10003a94 <tud_cdc_n_connected>
100025b8:	2800      	cmp	r0, #0
100025ba:	d022      	beq.n	10002602 <stdio_usb_out_chars+0xb2>
100025bc:	2000      	movs	r0, #0
100025be:	f001 fb33 	bl	10003c28 <tud_cdc_n_write_available>
100025c2:	2800      	cmp	r0, #0
100025c4:	d021      	beq.n	1000260a <stdio_usb_out_chars+0xba>
100025c6:	42a6      	cmp	r6, r4
100025c8:	dd1b      	ble.n	10002602 <stdio_usb_out_chars+0xb2>
100025ca:	2000      	movs	r0, #0
100025cc:	1b35      	subs	r5, r6, r4
100025ce:	f001 fb2b 	bl	10003c28 <tud_cdc_n_write_available>
100025d2:	4285      	cmp	r5, r0
100025d4:	dce3      	bgt.n	1000259e <stdio_usb_out_chars+0x4e>
100025d6:	002a      	movs	r2, r5
100025d8:	1939      	adds	r1, r7, r4
100025da:	2000      	movs	r0, #0
100025dc:	f001 fb02 	bl	10003be4 <tud_cdc_n_write>
100025e0:	0005      	movs	r5, r0
100025e2:	2001      	movs	r0, #1
100025e4:	2100      	movs	r1, #0
100025e6:	4240      	negs	r0, r0
100025e8:	f000 fc7e 	bl	10002ee8 <tud_task_ext>
100025ec:	2000      	movs	r0, #0
100025ee:	f001 fabd 	bl	10003b6c <tud_cdc_n_write_flush>
100025f2:	f7ff f857 	bl	100016a4 <time_us_64>
100025f6:	464b      	mov	r3, r9
100025f8:	1964      	adds	r4, r4, r5
100025fa:	6018      	str	r0, [r3, #0]
100025fc:	6059      	str	r1, [r3, #4]
100025fe:	42a6      	cmp	r6, r4
10002600:	dce3      	bgt.n	100025ca <stdio_usb_out_chars+0x7a>
10002602:	4640      	mov	r0, r8
10002604:	f002 faf0 	bl	10004be8 <__mutex_exit_veneer>
10002608:	e7b8      	b.n	1000257c <stdio_usb_out_chars+0x2c>
1000260a:	f7ff f84b 	bl	100016a4 <time_us_64>
1000260e:	2300      	movs	r3, #0
10002610:	000d      	movs	r5, r1
10002612:	4651      	mov	r1, sl
10002614:	4a10      	ldr	r2, [pc, #64]	; (10002658 <stdio_usb_out_chars+0x108>)
10002616:	4684      	mov	ip, r0
10002618:	6808      	ldr	r0, [r1, #0]
1000261a:	6849      	ldr	r1, [r1, #4]
1000261c:	1812      	adds	r2, r2, r0
1000261e:	414b      	adcs	r3, r1
10002620:	429d      	cmp	r5, r3
10002622:	d8ee      	bhi.n	10002602 <stdio_usb_out_chars+0xb2>
10002624:	d1cf      	bne.n	100025c6 <stdio_usb_out_chars+0x76>
10002626:	4594      	cmp	ip, r2
10002628:	d9cd      	bls.n	100025c6 <stdio_usb_out_chars+0x76>
1000262a:	e7ea      	b.n	10002602 <stdio_usb_out_chars+0xb2>
1000262c:	2201      	movs	r2, #1
1000262e:	4b0b      	ldr	r3, [pc, #44]	; (1000265c <stdio_usb_out_chars+0x10c>)
10002630:	4252      	negs	r2, r2
10002632:	e79c      	b.n	1000256e <stdio_usb_out_chars+0x1e>
10002634:	2000      	movs	r0, #0
10002636:	2100      	movs	r1, #0
10002638:	4b06      	ldr	r3, [pc, #24]	; (10002654 <stdio_usb_out_chars+0x104>)
1000263a:	6018      	str	r0, [r3, #0]
1000263c:	6059      	str	r1, [r3, #4]
1000263e:	4640      	mov	r0, r8
10002640:	f002 fad2 	bl	10004be8 <__mutex_exit_veneer>
10002644:	e79a      	b.n	1000257c <stdio_usb_out_chars+0x2c>
10002646:	0005      	movs	r5, r0
10002648:	e7c5      	b.n	100025d6 <stdio_usb_out_chars+0x86>
1000264a:	46c0      	nop			; (mov r8, r8)
1000264c:	000f4240 	.word	0x000f4240
10002650:	20001d80 	.word	0x20001d80
10002654:	200012d0 	.word	0x200012d0
10002658:	0007a120 	.word	0x0007a120
1000265c:	7fffffff 	.word	0x7fffffff

10002660 <low_priority_worker_irq>:
10002660:	b530      	push	{r4, r5, lr}
10002662:	4c2a      	ldr	r4, [pc, #168]	; (1000270c <low_priority_worker_irq+0xac>)
10002664:	b085      	sub	sp, #20
10002666:	2100      	movs	r1, #0
10002668:	0020      	movs	r0, r4
1000266a:	f002 facd 	bl	10004c08 <__mutex_try_enter_veneer>
1000266e:	2800      	cmp	r0, #0
10002670:	d11c      	bne.n	100026ac <low_priority_worker_irq+0x4c>
10002672:	4b27      	ldr	r3, [pc, #156]	; (10002710 <low_priority_worker_irq+0xb0>)
10002674:	681a      	ldr	r2, [r3, #0]
10002676:	2a00      	cmp	r2, #0
10002678:	d016      	beq.n	100026a8 <low_priority_worker_irq+0x48>
1000267a:	f3ef 8110 	mrs	r1, PRIMASK
1000267e:	b672      	cpsid	i
10002680:	6810      	ldr	r0, [r2, #0]
10002682:	2800      	cmp	r0, #0
10002684:	d0fc      	beq.n	10002680 <low_priority_worker_irq+0x20>
10002686:	f3bf 8f5f 	dmb	sy
1000268a:	2401      	movs	r4, #1
1000268c:	4821      	ldr	r0, [pc, #132]	; (10002714 <low_priority_worker_irq+0xb4>)
1000268e:	6059      	str	r1, [r3, #4]
10002690:	7802      	ldrb	r2, [r0, #0]
10002692:	681b      	ldr	r3, [r3, #0]
10002694:	b2d2      	uxtb	r2, r2
10002696:	7004      	strb	r4, [r0, #0]
10002698:	f3bf 8f5f 	dmb	sy
1000269c:	2000      	movs	r0, #0
1000269e:	6018      	str	r0, [r3, #0]
100026a0:	f381 8810 	msr	PRIMASK, r1
100026a4:	2a00      	cmp	r2, #0
100026a6:	d017      	beq.n	100026d8 <low_priority_worker_irq+0x78>
100026a8:	b005      	add	sp, #20
100026aa:	bd30      	pop	{r4, r5, pc}
100026ac:	2001      	movs	r0, #1
100026ae:	2100      	movs	r1, #0
100026b0:	4240      	negs	r0, r0
100026b2:	f000 fc19 	bl	10002ee8 <tud_task_ext>
100026b6:	2000      	movs	r0, #0
100026b8:	f001 fa02 	bl	10003ac0 <tud_cdc_n_available>
100026bc:	0005      	movs	r5, r0
100026be:	0020      	movs	r0, r4
100026c0:	f002 fa92 	bl	10004be8 <__mutex_exit_veneer>
100026c4:	2d00      	cmp	r5, #0
100026c6:	d0ef      	beq.n	100026a8 <low_priority_worker_irq+0x48>
100026c8:	4b13      	ldr	r3, [pc, #76]	; (10002718 <low_priority_worker_irq+0xb8>)
100026ca:	681b      	ldr	r3, [r3, #0]
100026cc:	2b00      	cmp	r3, #0
100026ce:	d0eb      	beq.n	100026a8 <low_priority_worker_irq+0x48>
100026d0:	4a12      	ldr	r2, [pc, #72]	; (1000271c <low_priority_worker_irq+0xbc>)
100026d2:	6810      	ldr	r0, [r2, #0]
100026d4:	4798      	blx	r3
100026d6:	e7e7      	b.n	100026a8 <low_priority_worker_irq+0x48>
100026d8:	f7fe fe58 	bl	1000138c <alarm_pool_get_default>
100026dc:	0004      	movs	r4, r0
100026de:	f7fe ffe1 	bl	100016a4 <time_us_64>
100026e2:	22fa      	movs	r2, #250	; 0xfa
100026e4:	2300      	movs	r3, #0
100026e6:	0092      	lsls	r2, r2, #2
100026e8:	1812      	adds	r2, r2, r0
100026ea:	414b      	adcs	r3, r1
100026ec:	2b00      	cmp	r3, #0
100026ee:	db09      	blt.n	10002704 <low_priority_worker_irq+0xa4>
100026f0:	2101      	movs	r1, #1
100026f2:	9102      	str	r1, [sp, #8]
100026f4:	2100      	movs	r1, #0
100026f6:	9101      	str	r1, [sp, #4]
100026f8:	4909      	ldr	r1, [pc, #36]	; (10002720 <low_priority_worker_irq+0xc0>)
100026fa:	0020      	movs	r0, r4
100026fc:	9100      	str	r1, [sp, #0]
100026fe:	f7fe fe49 	bl	10001394 <alarm_pool_add_alarm_at>
10002702:	e7d1      	b.n	100026a8 <low_priority_worker_irq+0x48>
10002704:	2201      	movs	r2, #1
10002706:	4b07      	ldr	r3, [pc, #28]	; (10002724 <low_priority_worker_irq+0xc4>)
10002708:	4252      	negs	r2, r2
1000270a:	e7f1      	b.n	100026f0 <low_priority_worker_irq+0x90>
1000270c:	20001d80 	.word	0x20001d80
10002710:	20001d50 	.word	0x20001d50
10002714:	20001da0 	.word	0x20001da0
10002718:	200018d4 	.word	0x200018d4
1000271c:	200018d8 	.word	0x200018d8
10002720:	100023fd 	.word	0x100023fd
10002724:	7fffffff 	.word	0x7fffffff

10002728 <stdio_usb_init>:
10002728:	23d0      	movs	r3, #208	; 0xd0
1000272a:	b510      	push	{r4, lr}
1000272c:	061b      	lsls	r3, r3, #24
1000272e:	b084      	sub	sp, #16
10002730:	681c      	ldr	r4, [r3, #0]
10002732:	f7fe fe2b 	bl	1000138c <alarm_pool_get_default>
10002736:	f7fe ff21 	bl	1000157c <alarm_pool_core_num>
1000273a:	42a0      	cmp	r0, r4
1000273c:	d002      	beq.n	10002744 <stdio_usb_init+0x1c>
1000273e:	2000      	movs	r0, #0
10002740:	b004      	add	sp, #16
10002742:	bd10      	pop	{r4, pc}
10002744:	4b29      	ldr	r3, [pc, #164]	; (100027ec <stdio_usb_init+0xc4>)
10002746:	2100      	movs	r1, #0
10002748:	2000      	movs	r0, #0
1000274a:	781b      	ldrb	r3, [r3, #0]
1000274c:	f001 fde0 	bl	10004310 <tusb_rhport_init>
10002750:	4827      	ldr	r0, [pc, #156]	; (100027f0 <stdio_usb_init+0xc8>)
10002752:	6803      	ldr	r3, [r0, #0]
10002754:	2b00      	cmp	r3, #0
10002756:	d041      	beq.n	100027dc <stdio_usb_init+0xb4>
10002758:	2001      	movs	r0, #1
1000275a:	f7fe fb8d 	bl	10000e78 <user_irq_claim_unused>
1000275e:	23ff      	movs	r3, #255	; 0xff
10002760:	4c24      	ldr	r4, [pc, #144]	; (100027f4 <stdio_usb_init+0xcc>)
10002762:	4925      	ldr	r1, [pc, #148]	; (100027f8 <stdio_usb_init+0xd0>)
10002764:	7020      	strb	r0, [r4, #0]
10002766:	4018      	ands	r0, r3
10002768:	f7fe f942 	bl	100009f0 <irq_set_exclusive_handler>
1000276c:	7820      	ldrb	r0, [r4, #0]
1000276e:	2101      	movs	r1, #1
10002770:	f7fe f906 	bl	10000980 <irq_set_enabled>
10002774:	2005      	movs	r0, #5
10002776:	f7fe f929 	bl	100009cc <irq_has_shared_handler>
1000277a:	2800      	cmp	r0, #0
1000277c:	d121      	bne.n	100027c2 <stdio_usb_init+0x9a>
1000277e:	2208      	movs	r2, #8
10002780:	2100      	movs	r1, #0
10002782:	481e      	ldr	r0, [pc, #120]	; (100027fc <stdio_usb_init+0xd4>)
10002784:	f7ff fbfc 	bl	10001f80 <__wrap_memset>
10002788:	f7fe fe00 	bl	1000138c <alarm_pool_get_default>
1000278c:	0004      	movs	r4, r0
1000278e:	f7fe ff89 	bl	100016a4 <time_us_64>
10002792:	22fa      	movs	r2, #250	; 0xfa
10002794:	2300      	movs	r3, #0
10002796:	0092      	lsls	r2, r2, #2
10002798:	1812      	adds	r2, r2, r0
1000279a:	414b      	adcs	r3, r1
1000279c:	2b00      	cmp	r3, #0
1000279e:	db20      	blt.n	100027e2 <stdio_usb_init+0xba>
100027a0:	2101      	movs	r1, #1
100027a2:	9102      	str	r1, [sp, #8]
100027a4:	2100      	movs	r1, #0
100027a6:	9101      	str	r1, [sp, #4]
100027a8:	4915      	ldr	r1, [pc, #84]	; (10002800 <stdio_usb_init+0xd8>)
100027aa:	0020      	movs	r0, r4
100027ac:	9100      	str	r1, [sp, #0]
100027ae:	f7fe fdf1 	bl	10001394 <alarm_pool_add_alarm_at>
100027b2:	2800      	cmp	r0, #0
100027b4:	dbc3      	blt.n	1000273e <stdio_usb_init+0x16>
100027b6:	4813      	ldr	r0, [pc, #76]	; (10002804 <stdio_usb_init+0xdc>)
100027b8:	2101      	movs	r1, #1
100027ba:	f7ff fd07 	bl	100021cc <stdio_set_driver_enabled>
100027be:	2001      	movs	r0, #1
100027c0:	e7be      	b.n	10002740 <stdio_usb_init+0x18>
100027c2:	2001      	movs	r0, #1
100027c4:	f7fe f8ac 	bl	10000920 <spin_lock_claim_unused>
100027c8:	0001      	movs	r1, r0
100027ca:	480c      	ldr	r0, [pc, #48]	; (100027fc <stdio_usb_init+0xd4>)
100027cc:	f7fe fbc2 	bl	10000f54 <critical_section_init_with_lock_num>
100027d0:	2200      	movs	r2, #0
100027d2:	490d      	ldr	r1, [pc, #52]	; (10002808 <stdio_usb_init+0xe0>)
100027d4:	2005      	movs	r0, #5
100027d6:	f7fe f935 	bl	10000a44 <irq_add_shared_handler>
100027da:	e7ec      	b.n	100027b6 <stdio_usb_init+0x8e>
100027dc:	f7fe fb9c 	bl	10000f18 <mutex_init>
100027e0:	e7ba      	b.n	10002758 <stdio_usb_init+0x30>
100027e2:	2201      	movs	r2, #1
100027e4:	4b09      	ldr	r3, [pc, #36]	; (1000280c <stdio_usb_init+0xe4>)
100027e6:	4252      	negs	r2, r2
100027e8:	e7da      	b.n	100027a0 <stdio_usb_init+0x78>
100027ea:	46c0      	nop			; (mov r8, r8)
100027ec:	10005110 	.word	0x10005110
100027f0:	20001d80 	.word	0x20001d80
100027f4:	20001d9f 	.word	0x20001d9f
100027f8:	10002661 	.word	0x10002661
100027fc:	20001d50 	.word	0x20001d50
10002800:	100023fd 	.word	0x100023fd
10002804:	20001110 	.word	0x20001110
10002808:	10002461 	.word	0x10002461
1000280c:	7fffffff 	.word	0x7fffffff

10002810 <tud_descriptor_device_cb>:
10002810:	4800      	ldr	r0, [pc, #0]	; (10002814 <tud_descriptor_device_cb+0x4>)
10002812:	4770      	bx	lr
10002814:	10004f84 	.word	0x10004f84

10002818 <tud_descriptor_configuration_cb>:
10002818:	4800      	ldr	r0, [pc, #0]	; (1000281c <tud_descriptor_configuration_cb+0x4>)
1000281a:	4770      	bx	lr
1000281c:	10004f30 	.word	0x10004f30

10002820 <tud_descriptor_string_cb>:
10002820:	b570      	push	{r4, r5, r6, lr}
10002822:	0004      	movs	r4, r0
10002824:	4816      	ldr	r0, [pc, #88]	; (10002880 <tud_descriptor_string_cb+0x60>)
10002826:	7803      	ldrb	r3, [r0, #0]
10002828:	2b00      	cmp	r3, #0
1000282a:	d020      	beq.n	1000286e <tud_descriptor_string_cb+0x4e>
1000282c:	2c00      	cmp	r4, #0
1000282e:	d018      	beq.n	10002862 <tud_descriptor_string_cb+0x42>
10002830:	2c05      	cmp	r4, #5
10002832:	d823      	bhi.n	1000287c <tud_descriptor_string_cb+0x5c>
10002834:	4b13      	ldr	r3, [pc, #76]	; (10002884 <tud_descriptor_string_cb+0x64>)
10002836:	4814      	ldr	r0, [pc, #80]	; (10002888 <tud_descriptor_string_cb+0x68>)
10002838:	00a4      	lsls	r4, r4, #2
1000283a:	58e5      	ldr	r5, [r4, r3]
1000283c:	1c81      	adds	r1, r0, #2
1000283e:	2300      	movs	r3, #0
10002840:	e004      	b.n	1000284c <tud_descriptor_string_cb+0x2c>
10002842:	3301      	adds	r3, #1
10002844:	800a      	strh	r2, [r1, #0]
10002846:	3102      	adds	r1, #2
10002848:	2b13      	cmp	r3, #19
1000284a:	d014      	beq.n	10002876 <tud_descriptor_string_cb+0x56>
1000284c:	5cea      	ldrb	r2, [r5, r3]
1000284e:	b2dc      	uxtb	r4, r3
10002850:	2a00      	cmp	r2, #0
10002852:	d1f6      	bne.n	10002842 <tud_descriptor_string_cb+0x22>
10002854:	23c0      	movs	r3, #192	; 0xc0
10002856:	3401      	adds	r4, #1
10002858:	0064      	lsls	r4, r4, #1
1000285a:	009b      	lsls	r3, r3, #2
1000285c:	431c      	orrs	r4, r3
1000285e:	8004      	strh	r4, [r0, #0]
10002860:	bd70      	pop	{r4, r5, r6, pc}
10002862:	24c1      	movs	r4, #193	; 0xc1
10002864:	4808      	ldr	r0, [pc, #32]	; (10002888 <tud_descriptor_string_cb+0x68>)
10002866:	4b09      	ldr	r3, [pc, #36]	; (1000288c <tud_descriptor_string_cb+0x6c>)
10002868:	00a4      	lsls	r4, r4, #2
1000286a:	8043      	strh	r3, [r0, #2]
1000286c:	e7f7      	b.n	1000285e <tud_descriptor_string_cb+0x3e>
1000286e:	2111      	movs	r1, #17
10002870:	f000 f816 	bl	100028a0 <pico_get_unique_board_id_string>
10002874:	e7da      	b.n	1000282c <tud_descriptor_string_cb+0xc>
10002876:	24ca      	movs	r4, #202	; 0xca
10002878:	00a4      	lsls	r4, r4, #2
1000287a:	e7f0      	b.n	1000285e <tud_descriptor_string_cb+0x3e>
1000287c:	2000      	movs	r0, #0
1000287e:	e7ef      	b.n	10002860 <tud_descriptor_string_cb+0x40>
10002880:	20001d88 	.word	0x20001d88
10002884:	10004f98 	.word	0x10004f98
10002888:	20001910 	.word	0x20001910
1000288c:	00000409 	.word	0x00000409

10002890 <_retrieve_unique_id_on_boot>:
10002890:	b510      	push	{r4, lr}
10002892:	4802      	ldr	r0, [pc, #8]	; (1000289c <_retrieve_unique_id_on_boot+0xc>)
10002894:	f000 f8ea 	bl	10002a6c <flash_get_unique_id>
10002898:	bd10      	pop	{r4, pc}
1000289a:	46c0      	nop			; (mov r8, r8)
1000289c:	20001d70 	.word	0x20001d70

100028a0 <pico_get_unique_board_id_string>:
100028a0:	3901      	subs	r1, #1
100028a2:	b530      	push	{r4, r5, lr}
100028a4:	2900      	cmp	r1, #0
100028a6:	d100      	bne.n	100028aa <pico_get_unique_board_id_string+0xa>
100028a8:	e0b8      	b.n	10002a1c <pico_get_unique_board_id_string+0x17c>
100028aa:	4b6f      	ldr	r3, [pc, #444]	; (10002a68 <pico_get_unique_board_id_string+0x1c8>)
100028ac:	781a      	ldrb	r2, [r3, #0]
100028ae:	1112      	asrs	r2, r2, #4
100028b0:	b2d5      	uxtb	r5, r2
100028b2:	002c      	movs	r4, r5
100028b4:	3430      	adds	r4, #48	; 0x30
100028b6:	2a09      	cmp	r2, #9
100028b8:	dd00      	ble.n	100028bc <pico_get_unique_board_id_string+0x1c>
100028ba:	e0b2      	b.n	10002a22 <pico_get_unique_board_id_string+0x182>
100028bc:	7004      	strb	r4, [r0, #0]
100028be:	2901      	cmp	r1, #1
100028c0:	d100      	bne.n	100028c4 <pico_get_unique_board_id_string+0x24>
100028c2:	e0ce      	b.n	10002a62 <pico_get_unique_board_id_string+0x1c2>
100028c4:	220f      	movs	r2, #15
100028c6:	781c      	ldrb	r4, [r3, #0]
100028c8:	4022      	ands	r2, r4
100028ca:	0014      	movs	r4, r2
100028cc:	3430      	adds	r4, #48	; 0x30
100028ce:	2a09      	cmp	r2, #9
100028d0:	d900      	bls.n	100028d4 <pico_get_unique_board_id_string+0x34>
100028d2:	e0a8      	b.n	10002a26 <pico_get_unique_board_id_string+0x186>
100028d4:	7044      	strb	r4, [r0, #1]
100028d6:	2902      	cmp	r1, #2
100028d8:	d100      	bne.n	100028dc <pico_get_unique_board_id_string+0x3c>
100028da:	e0c2      	b.n	10002a62 <pico_get_unique_board_id_string+0x1c2>
100028dc:	785a      	ldrb	r2, [r3, #1]
100028de:	1112      	asrs	r2, r2, #4
100028e0:	b2d5      	uxtb	r5, r2
100028e2:	002c      	movs	r4, r5
100028e4:	3430      	adds	r4, #48	; 0x30
100028e6:	2a09      	cmp	r2, #9
100028e8:	dd00      	ble.n	100028ec <pico_get_unique_board_id_string+0x4c>
100028ea:	e09f      	b.n	10002a2c <pico_get_unique_board_id_string+0x18c>
100028ec:	7084      	strb	r4, [r0, #2]
100028ee:	2903      	cmp	r1, #3
100028f0:	d100      	bne.n	100028f4 <pico_get_unique_board_id_string+0x54>
100028f2:	e0b6      	b.n	10002a62 <pico_get_unique_board_id_string+0x1c2>
100028f4:	220f      	movs	r2, #15
100028f6:	785c      	ldrb	r4, [r3, #1]
100028f8:	4022      	ands	r2, r4
100028fa:	0014      	movs	r4, r2
100028fc:	3430      	adds	r4, #48	; 0x30
100028fe:	2a09      	cmp	r2, #9
10002900:	d900      	bls.n	10002904 <pico_get_unique_board_id_string+0x64>
10002902:	e095      	b.n	10002a30 <pico_get_unique_board_id_string+0x190>
10002904:	70c4      	strb	r4, [r0, #3]
10002906:	2904      	cmp	r1, #4
10002908:	d100      	bne.n	1000290c <pico_get_unique_board_id_string+0x6c>
1000290a:	e0aa      	b.n	10002a62 <pico_get_unique_board_id_string+0x1c2>
1000290c:	789a      	ldrb	r2, [r3, #2]
1000290e:	1112      	asrs	r2, r2, #4
10002910:	b2d5      	uxtb	r5, r2
10002912:	002c      	movs	r4, r5
10002914:	3430      	adds	r4, #48	; 0x30
10002916:	2a09      	cmp	r2, #9
10002918:	dd00      	ble.n	1000291c <pico_get_unique_board_id_string+0x7c>
1000291a:	e08c      	b.n	10002a36 <pico_get_unique_board_id_string+0x196>
1000291c:	7104      	strb	r4, [r0, #4]
1000291e:	2905      	cmp	r1, #5
10002920:	d100      	bne.n	10002924 <pico_get_unique_board_id_string+0x84>
10002922:	e09e      	b.n	10002a62 <pico_get_unique_board_id_string+0x1c2>
10002924:	220f      	movs	r2, #15
10002926:	789c      	ldrb	r4, [r3, #2]
10002928:	4022      	ands	r2, r4
1000292a:	0014      	movs	r4, r2
1000292c:	3430      	adds	r4, #48	; 0x30
1000292e:	2a09      	cmp	r2, #9
10002930:	d900      	bls.n	10002934 <pico_get_unique_board_id_string+0x94>
10002932:	e082      	b.n	10002a3a <pico_get_unique_board_id_string+0x19a>
10002934:	7144      	strb	r4, [r0, #5]
10002936:	2906      	cmp	r1, #6
10002938:	d100      	bne.n	1000293c <pico_get_unique_board_id_string+0x9c>
1000293a:	e092      	b.n	10002a62 <pico_get_unique_board_id_string+0x1c2>
1000293c:	78da      	ldrb	r2, [r3, #3]
1000293e:	1112      	asrs	r2, r2, #4
10002940:	b2d5      	uxtb	r5, r2
10002942:	002c      	movs	r4, r5
10002944:	3430      	adds	r4, #48	; 0x30
10002946:	2a09      	cmp	r2, #9
10002948:	dd00      	ble.n	1000294c <pico_get_unique_board_id_string+0xac>
1000294a:	e079      	b.n	10002a40 <pico_get_unique_board_id_string+0x1a0>
1000294c:	7184      	strb	r4, [r0, #6]
1000294e:	2907      	cmp	r1, #7
10002950:	d100      	bne.n	10002954 <pico_get_unique_board_id_string+0xb4>
10002952:	e086      	b.n	10002a62 <pico_get_unique_board_id_string+0x1c2>
10002954:	220f      	movs	r2, #15
10002956:	78dc      	ldrb	r4, [r3, #3]
10002958:	4022      	ands	r2, r4
1000295a:	0014      	movs	r4, r2
1000295c:	3430      	adds	r4, #48	; 0x30
1000295e:	2a09      	cmp	r2, #9
10002960:	d900      	bls.n	10002964 <pico_get_unique_board_id_string+0xc4>
10002962:	e06f      	b.n	10002a44 <pico_get_unique_board_id_string+0x1a4>
10002964:	71c4      	strb	r4, [r0, #7]
10002966:	2908      	cmp	r1, #8
10002968:	d100      	bne.n	1000296c <pico_get_unique_board_id_string+0xcc>
1000296a:	e07a      	b.n	10002a62 <pico_get_unique_board_id_string+0x1c2>
1000296c:	791a      	ldrb	r2, [r3, #4]
1000296e:	1112      	asrs	r2, r2, #4
10002970:	b2d5      	uxtb	r5, r2
10002972:	002c      	movs	r4, r5
10002974:	3430      	adds	r4, #48	; 0x30
10002976:	2a09      	cmp	r2, #9
10002978:	dc67      	bgt.n	10002a4a <pico_get_unique_board_id_string+0x1aa>
1000297a:	7204      	strb	r4, [r0, #8]
1000297c:	2909      	cmp	r1, #9
1000297e:	d100      	bne.n	10002982 <pico_get_unique_board_id_string+0xe2>
10002980:	e06f      	b.n	10002a62 <pico_get_unique_board_id_string+0x1c2>
10002982:	220f      	movs	r2, #15
10002984:	791c      	ldrb	r4, [r3, #4]
10002986:	4022      	ands	r2, r4
10002988:	0014      	movs	r4, r2
1000298a:	3430      	adds	r4, #48	; 0x30
1000298c:	2a09      	cmp	r2, #9
1000298e:	d85e      	bhi.n	10002a4e <pico_get_unique_board_id_string+0x1ae>
10002990:	7244      	strb	r4, [r0, #9]
10002992:	290a      	cmp	r1, #10
10002994:	d065      	beq.n	10002a62 <pico_get_unique_board_id_string+0x1c2>
10002996:	795a      	ldrb	r2, [r3, #5]
10002998:	1112      	asrs	r2, r2, #4
1000299a:	b2d5      	uxtb	r5, r2
1000299c:	002c      	movs	r4, r5
1000299e:	3430      	adds	r4, #48	; 0x30
100029a0:	2a09      	cmp	r2, #9
100029a2:	dc57      	bgt.n	10002a54 <pico_get_unique_board_id_string+0x1b4>
100029a4:	7284      	strb	r4, [r0, #10]
100029a6:	290b      	cmp	r1, #11
100029a8:	d05b      	beq.n	10002a62 <pico_get_unique_board_id_string+0x1c2>
100029aa:	220f      	movs	r2, #15
100029ac:	795c      	ldrb	r4, [r3, #5]
100029ae:	4022      	ands	r2, r4
100029b0:	0014      	movs	r4, r2
100029b2:	3430      	adds	r4, #48	; 0x30
100029b4:	2a09      	cmp	r2, #9
100029b6:	d84f      	bhi.n	10002a58 <pico_get_unique_board_id_string+0x1b8>
100029b8:	72c4      	strb	r4, [r0, #11]
100029ba:	290c      	cmp	r1, #12
100029bc:	d051      	beq.n	10002a62 <pico_get_unique_board_id_string+0x1c2>
100029be:	799a      	ldrb	r2, [r3, #6]
100029c0:	1112      	asrs	r2, r2, #4
100029c2:	b2d5      	uxtb	r5, r2
100029c4:	002c      	movs	r4, r5
100029c6:	3430      	adds	r4, #48	; 0x30
100029c8:	2a09      	cmp	r2, #9
100029ca:	dd00      	ble.n	100029ce <pico_get_unique_board_id_string+0x12e>
100029cc:	3407      	adds	r4, #7
100029ce:	7304      	strb	r4, [r0, #12]
100029d0:	290d      	cmp	r1, #13
100029d2:	d046      	beq.n	10002a62 <pico_get_unique_board_id_string+0x1c2>
100029d4:	220f      	movs	r2, #15
100029d6:	799c      	ldrb	r4, [r3, #6]
100029d8:	4022      	ands	r2, r4
100029da:	0014      	movs	r4, r2
100029dc:	3430      	adds	r4, #48	; 0x30
100029de:	2a09      	cmp	r2, #9
100029e0:	d901      	bls.n	100029e6 <pico_get_unique_board_id_string+0x146>
100029e2:	3237      	adds	r2, #55	; 0x37
100029e4:	0014      	movs	r4, r2
100029e6:	7344      	strb	r4, [r0, #13]
100029e8:	290e      	cmp	r1, #14
100029ea:	d03a      	beq.n	10002a62 <pico_get_unique_board_id_string+0x1c2>
100029ec:	79da      	ldrb	r2, [r3, #7]
100029ee:	1112      	asrs	r2, r2, #4
100029f0:	b2d5      	uxtb	r5, r2
100029f2:	002c      	movs	r4, r5
100029f4:	3430      	adds	r4, #48	; 0x30
100029f6:	2a09      	cmp	r2, #9
100029f8:	dd00      	ble.n	100029fc <pico_get_unique_board_id_string+0x15c>
100029fa:	3407      	adds	r4, #7
100029fc:	7384      	strb	r4, [r0, #14]
100029fe:	290f      	cmp	r1, #15
10002a00:	d02f      	beq.n	10002a62 <pico_get_unique_board_id_string+0x1c2>
10002a02:	79da      	ldrb	r2, [r3, #7]
10002a04:	230f      	movs	r3, #15
10002a06:	4013      	ands	r3, r2
10002a08:	001a      	movs	r2, r3
10002a0a:	3237      	adds	r2, #55	; 0x37
10002a0c:	2b09      	cmp	r3, #9
10002a0e:	d801      	bhi.n	10002a14 <pico_get_unique_board_id_string+0x174>
10002a10:	3330      	adds	r3, #48	; 0x30
10002a12:	001a      	movs	r2, r3
10002a14:	73c2      	strb	r2, [r0, #15]
10002a16:	2910      	cmp	r1, #16
10002a18:	d023      	beq.n	10002a62 <pico_get_unique_board_id_string+0x1c2>
10002a1a:	3010      	adds	r0, #16
10002a1c:	2300      	movs	r3, #0
10002a1e:	7003      	strb	r3, [r0, #0]
10002a20:	bd30      	pop	{r4, r5, pc}
10002a22:	3407      	adds	r4, #7
10002a24:	e74a      	b.n	100028bc <pico_get_unique_board_id_string+0x1c>
10002a26:	3237      	adds	r2, #55	; 0x37
10002a28:	0014      	movs	r4, r2
10002a2a:	e753      	b.n	100028d4 <pico_get_unique_board_id_string+0x34>
10002a2c:	3407      	adds	r4, #7
10002a2e:	e75d      	b.n	100028ec <pico_get_unique_board_id_string+0x4c>
10002a30:	3237      	adds	r2, #55	; 0x37
10002a32:	0014      	movs	r4, r2
10002a34:	e766      	b.n	10002904 <pico_get_unique_board_id_string+0x64>
10002a36:	3407      	adds	r4, #7
10002a38:	e770      	b.n	1000291c <pico_get_unique_board_id_string+0x7c>
10002a3a:	3237      	adds	r2, #55	; 0x37
10002a3c:	0014      	movs	r4, r2
10002a3e:	e779      	b.n	10002934 <pico_get_unique_board_id_string+0x94>
10002a40:	3407      	adds	r4, #7
10002a42:	e783      	b.n	1000294c <pico_get_unique_board_id_string+0xac>
10002a44:	3237      	adds	r2, #55	; 0x37
10002a46:	0014      	movs	r4, r2
10002a48:	e78c      	b.n	10002964 <pico_get_unique_board_id_string+0xc4>
10002a4a:	3407      	adds	r4, #7
10002a4c:	e795      	b.n	1000297a <pico_get_unique_board_id_string+0xda>
10002a4e:	3237      	adds	r2, #55	; 0x37
10002a50:	0014      	movs	r4, r2
10002a52:	e79d      	b.n	10002990 <pico_get_unique_board_id_string+0xf0>
10002a54:	3407      	adds	r4, #7
10002a56:	e7a5      	b.n	100029a4 <pico_get_unique_board_id_string+0x104>
10002a58:	3237      	adds	r2, #55	; 0x37
10002a5a:	0014      	movs	r4, r2
10002a5c:	72c4      	strb	r4, [r0, #11]
10002a5e:	290c      	cmp	r1, #12
10002a60:	d1ad      	bne.n	100029be <pico_get_unique_board_id_string+0x11e>
10002a62:	1840      	adds	r0, r0, r1
10002a64:	e7da      	b.n	10002a1c <pico_get_unique_board_id_string+0x17c>
10002a66:	46c0      	nop			; (mov r8, r8)
10002a68:	20001d70 	.word	0x20001d70

10002a6c <flash_get_unique_id>:
10002a6c:	b510      	push	{r4, lr}
10002a6e:	b088      	sub	sp, #32
10002a70:	0004      	movs	r4, r0
10002a72:	220d      	movs	r2, #13
10002a74:	2100      	movs	r1, #0
10002a76:	4668      	mov	r0, sp
10002a78:	f7ff fa82 	bl	10001f80 <__wrap_memset>
10002a7c:	220d      	movs	r2, #13
10002a7e:	2100      	movs	r1, #0
10002a80:	a804      	add	r0, sp, #16
10002a82:	f7ff fa7d 	bl	10001f80 <__wrap_memset>
10002a86:	234b      	movs	r3, #75	; 0x4b
10002a88:	466a      	mov	r2, sp
10002a8a:	a904      	add	r1, sp, #16
10002a8c:	7013      	strb	r3, [r2, #0]
10002a8e:	4668      	mov	r0, sp
10002a90:	220d      	movs	r2, #13
10002a92:	f002 f8a1 	bl	10004bd8 <__flash_do_cmd_veneer>
10002a96:	2115      	movs	r1, #21
10002a98:	2208      	movs	r2, #8
10002a9a:	4469      	add	r1, sp
10002a9c:	0020      	movs	r0, r4
10002a9e:	f7ff fa75 	bl	10001f8c <__wrap___aeabi_memcpy>
10002aa2:	b008      	add	sp, #32
10002aa4:	bd10      	pop	{r4, pc}
10002aa6:	46c0      	nop			; (mov r8, r8)

10002aa8 <dcd_init>:
10002aa8:	b5f8      	push	{r3, r4, r5, r6, r7, lr}
10002aaa:	f000 f93b 	bl	10002d24 <rp2040_usb_init>
10002aae:	230c      	movs	r3, #12
10002ab0:	4d19      	ldr	r5, [pc, #100]	; (10002b18 <dcd_init+0x70>)
10002ab2:	22ff      	movs	r2, #255	; 0xff
10002ab4:	67ab      	str	r3, [r5, #120]	; 0x78
10002ab6:	4919      	ldr	r1, [pc, #100]	; (10002b1c <dcd_init+0x74>)
10002ab8:	2005      	movs	r0, #5
10002aba:	f7fd ffc3 	bl	10000a44 <irq_add_shared_handler>
10002abe:	4c18      	ldr	r4, [pc, #96]	; (10002b20 <dcd_init+0x78>)
10002ac0:	2240      	movs	r2, #64	; 0x40
10002ac2:	2100      	movs	r1, #0
10002ac4:	0020      	movs	r0, r4
10002ac6:	f7ff fa5b 	bl	10001f80 <__wrap_memset>
10002aca:	2740      	movs	r7, #64	; 0x40
10002acc:	2300      	movs	r3, #0
10002ace:	2601      	movs	r6, #1
10002ad0:	2121      	movs	r1, #33	; 0x21
10002ad2:	4a14      	ldr	r2, [pc, #80]	; (10002b24 <dcd_init+0x7c>)
10002ad4:	7066      	strb	r6, [r4, #1]
10002ad6:	8327      	strh	r7, [r4, #24]
10002ad8:	60a2      	str	r2, [r4, #8]
10002ada:	6013      	str	r3, [r2, #0]
10002adc:	5463      	strb	r3, [r4, r1]
10002ade:	315f      	adds	r1, #95	; 0x5f
10002ae0:	8461      	strh	r1, [r4, #34]	; 0x22
10002ae2:	3945      	subs	r1, #69	; 0x45
10002ae4:	5463      	strb	r3, [r4, r1]
10002ae6:	4a10      	ldr	r2, [pc, #64]	; (10002b28 <dcd_init+0x80>)
10002ae8:	4910      	ldr	r1, [pc, #64]	; (10002b2c <dcd_init+0x84>)
10002aea:	6063      	str	r3, [r4, #4]
10002aec:	60e2      	str	r2, [r4, #12]
10002aee:	8727      	strh	r7, [r4, #56]	; 0x38
10002af0:	62a1      	str	r1, [r4, #40]	; 0x28
10002af2:	600b      	str	r3, [r1, #0]
10002af4:	6263      	str	r3, [r4, #36]	; 0x24
10002af6:	62e2      	str	r2, [r4, #44]	; 0x2c
10002af8:	f002 f8c6 	bl	10004c88 <__reset_non_control_endpoints_veneer>
10002afc:	2380      	movs	r3, #128	; 0x80
10002afe:	059b      	lsls	r3, r3, #22
10002b00:	642e      	str	r6, [r5, #64]	; 0x40
10002b02:	64eb      	str	r3, [r5, #76]	; 0x4c
10002b04:	2390      	movs	r3, #144	; 0x90
10002b06:	4a0a      	ldr	r2, [pc, #40]	; (10002b30 <dcd_init+0x88>)
10002b08:	2001      	movs	r0, #1
10002b0a:	50ea      	str	r2, [r5, r3]
10002b0c:	2280      	movs	r2, #128	; 0x80
10002b0e:	4b09      	ldr	r3, [pc, #36]	; (10002b34 <dcd_init+0x8c>)
10002b10:	0252      	lsls	r2, r2, #9
10002b12:	64da      	str	r2, [r3, #76]	; 0x4c
10002b14:	bdf8      	pop	{r3, r4, r5, r6, r7, pc}
10002b16:	46c0      	nop			; (mov r8, r8)
10002b18:	50110000 	.word	0x50110000
10002b1c:	20000551 	.word	0x20000551
10002b20:	20001944 	.word	0x20001944
10002b24:	50100084 	.word	0x50100084
10002b28:	50100100 	.word	0x50100100
10002b2c:	50100080 	.word	0x50100080
10002b30:	0001d010 	.word	0x0001d010
10002b34:	50112000 	.word	0x50112000

10002b38 <dcd_int_enable>:
10002b38:	b510      	push	{r4, lr}
10002b3a:	2101      	movs	r1, #1
10002b3c:	2005      	movs	r0, #5
10002b3e:	f7fd ff1f 	bl	10000980 <irq_set_enabled>
10002b42:	bd10      	pop	{r4, pc}

10002b44 <dcd_set_address>:
10002b44:	b510      	push	{r4, lr}
10002b46:	2200      	movs	r2, #0
10002b48:	2100      	movs	r1, #0
10002b4a:	4802      	ldr	r0, [pc, #8]	; (10002b54 <dcd_set_address+0x10>)
10002b4c:	f000 f90a 	bl	10002d64 <hw_endpoint_xfer_start>
10002b50:	bd10      	pop	{r4, pc}
10002b52:	46c0      	nop			; (mov r8, r8)
10002b54:	20001964 	.word	0x20001964

10002b58 <dcd_sof_enable>:
10002b58:	4b04      	ldr	r3, [pc, #16]	; (10002b6c <dcd_sof_enable+0x14>)
10002b5a:	7019      	strb	r1, [r3, #0]
10002b5c:	2900      	cmp	r1, #0
10002b5e:	d004      	beq.n	10002b6a <dcd_sof_enable+0x12>
10002b60:	2180      	movs	r1, #128	; 0x80
10002b62:	2390      	movs	r3, #144	; 0x90
10002b64:	4a02      	ldr	r2, [pc, #8]	; (10002b70 <dcd_sof_enable+0x18>)
10002b66:	0289      	lsls	r1, r1, #10
10002b68:	50d1      	str	r1, [r2, r3]
10002b6a:	4770      	bx	lr
10002b6c:	20001d9a 	.word	0x20001d9a
10002b70:	50112000 	.word	0x50112000

10002b74 <dcd_edpt0_status_complete>:
10002b74:	780b      	ldrb	r3, [r1, #0]
10002b76:	065b      	lsls	r3, r3, #25
10002b78:	d102      	bne.n	10002b80 <dcd_edpt0_status_complete+0xc>
10002b7a:	784b      	ldrb	r3, [r1, #1]
10002b7c:	2b05      	cmp	r3, #5
10002b7e:	d000      	beq.n	10002b82 <dcd_edpt0_status_complete+0xe>
10002b80:	4770      	bx	lr
10002b82:	788a      	ldrb	r2, [r1, #2]
10002b84:	4b01      	ldr	r3, [pc, #4]	; (10002b8c <dcd_edpt0_status_complete+0x18>)
10002b86:	601a      	str	r2, [r3, #0]
10002b88:	e7fa      	b.n	10002b80 <dcd_edpt0_status_complete+0xc>
10002b8a:	46c0      	nop			; (mov r8, r8)
10002b8c:	50110000 	.word	0x50110000

10002b90 <dcd_edpt_open>:
10002b90:	b5f0      	push	{r4, r5, r6, r7, lr}
10002b92:	46c6      	mov	lr, r8
10002b94:	78c8      	ldrb	r0, [r1, #3]
10002b96:	b500      	push	{lr}
10002b98:	0780      	lsls	r0, r0, #30
10002b9a:	0f80      	lsrs	r0, r0, #30
10002b9c:	b2c3      	uxtb	r3, r0
10002b9e:	469c      	mov	ip, r3
10002ba0:	2b01      	cmp	r3, #1
10002ba2:	d060      	beq.n	10002c66 <dcd_edpt_open+0xd6>
10002ba4:	788f      	ldrb	r7, [r1, #2]
10002ba6:	790a      	ldrb	r2, [r1, #4]
10002ba8:	794b      	ldrb	r3, [r1, #5]
10002baa:	217f      	movs	r1, #127	; 0x7f
10002bac:	4039      	ands	r1, r7
10002bae:	09fc      	lsrs	r4, r7, #7
10002bb0:	021b      	lsls	r3, r3, #8
10002bb2:	004e      	lsls	r6, r1, #1
10002bb4:	4313      	orrs	r3, r2
10002bb6:	4d30      	ldr	r5, [pc, #192]	; (10002c78 <dcd_edpt_open+0xe8>)
10002bb8:	1932      	adds	r2, r6, r4
10002bba:	0152      	lsls	r2, r2, #5
10002bbc:	18aa      	adds	r2, r5, r2
10002bbe:	7097      	strb	r7, [r2, #2]
10002bc0:	2701      	movs	r7, #1
10002bc2:	4067      	eors	r7, r4
10002bc4:	7057      	strb	r7, [r2, #1]
10002bc6:	2700      	movs	r7, #0
10002bc8:	055b      	lsls	r3, r3, #21
10002bca:	0d5b      	lsrs	r3, r3, #21
10002bcc:	70d7      	strb	r7, [r2, #3]
10002bce:	8313      	strh	r3, [r2, #24]
10002bd0:	76d0      	strb	r0, [r2, #27]
10002bd2:	00ca      	lsls	r2, r1, #3
10002bd4:	2c01      	cmp	r4, #1
10002bd6:	d02f      	beq.n	10002c38 <dcd_edpt_open+0xa8>
10002bd8:	4828      	ldr	r0, [pc, #160]	; (10002c7c <dcd_edpt_open+0xec>)
10002bda:	4680      	mov	r8, r0
10002bdc:	0188      	lsls	r0, r1, #6
10002bde:	4442      	add	r2, r8
10002be0:	1828      	adds	r0, r5, r0
10002be2:	6082      	str	r2, [r0, #8]
10002be4:	6017      	str	r7, [r2, #0]
10002be6:	2900      	cmp	r1, #0
10002be8:	d035      	beq.n	10002c56 <dcd_edpt_open+0xc6>
10002bea:	4a25      	ldr	r2, [pc, #148]	; (10002c80 <dcd_edpt_open+0xf0>)
10002bec:	00c9      	lsls	r1, r1, #3
10002bee:	4690      	mov	r8, r2
10002bf0:	4441      	add	r1, r8
10002bf2:	6041      	str	r1, [r0, #4]
10002bf4:	223f      	movs	r2, #63	; 0x3f
10002bf6:	333f      	adds	r3, #63	; 0x3f
10002bf8:	4393      	bics	r3, r2
10002bfa:	4662      	mov	r2, ip
10002bfc:	2a02      	cmp	r2, #2
10002bfe:	d034      	beq.n	10002c6a <dcd_edpt_open+0xda>
10002c00:	4920      	ldr	r1, [pc, #128]	; (10002c84 <dcd_edpt_open+0xf4>)
10002c02:	1937      	adds	r7, r6, r4
10002c04:	680a      	ldr	r2, [r1, #0]
10002c06:	017f      	lsls	r7, r7, #5
10002c08:	18d3      	adds	r3, r2, r3
10002c0a:	600b      	str	r3, [r1, #0]
10002c0c:	491e      	ldr	r1, [pc, #120]	; (10002c88 <dcd_edpt_open+0xf8>)
10002c0e:	19ef      	adds	r7, r5, r7
10002c10:	60fa      	str	r2, [r7, #12]
10002c12:	428b      	cmp	r3, r1
10002c14:	d82b      	bhi.n	10002c6e <dcd_edpt_open+0xde>
10002c16:	1934      	adds	r4, r6, r4
10002c18:	0164      	lsls	r4, r4, #5
10002c1a:	192d      	adds	r5, r5, r4
10002c1c:	7eeb      	ldrb	r3, [r5, #27]
10002c1e:	491b      	ldr	r1, [pc, #108]	; (10002c8c <dcd_edpt_open+0xfc>)
10002c20:	069b      	lsls	r3, r3, #26
10002c22:	404a      	eors	r2, r1
10002c24:	4313      	orrs	r3, r2
10002c26:	2280      	movs	r2, #128	; 0x80
10002c28:	2001      	movs	r0, #1
10002c2a:	0612      	lsls	r2, r2, #24
10002c2c:	4313      	orrs	r3, r2
10002c2e:	686a      	ldr	r2, [r5, #4]
10002c30:	6013      	str	r3, [r2, #0]
10002c32:	bc04      	pop	{r2}
10002c34:	4690      	mov	r8, r2
10002c36:	bdf0      	pop	{r4, r5, r6, r7, pc}
10002c38:	4815      	ldr	r0, [pc, #84]	; (10002c90 <dcd_edpt_open+0x100>)
10002c3a:	4680      	mov	r8, r0
10002c3c:	0188      	lsls	r0, r1, #6
10002c3e:	4442      	add	r2, r8
10002c40:	1828      	adds	r0, r5, r0
10002c42:	6282      	str	r2, [r0, #40]	; 0x28
10002c44:	6017      	str	r7, [r2, #0]
10002c46:	2900      	cmp	r1, #0
10002c48:	d005      	beq.n	10002c56 <dcd_edpt_open+0xc6>
10002c4a:	4a10      	ldr	r2, [pc, #64]	; (10002c8c <dcd_edpt_open+0xfc>)
10002c4c:	00c9      	lsls	r1, r1, #3
10002c4e:	4690      	mov	r8, r2
10002c50:	4441      	add	r1, r8
10002c52:	6241      	str	r1, [r0, #36]	; 0x24
10002c54:	e7ce      	b.n	10002bf4 <dcd_edpt_open+0x64>
10002c56:	2300      	movs	r3, #0
10002c58:	0164      	lsls	r4, r4, #5
10002c5a:	192d      	adds	r5, r5, r4
10002c5c:	606b      	str	r3, [r5, #4]
10002c5e:	4b0d      	ldr	r3, [pc, #52]	; (10002c94 <dcd_edpt_open+0x104>)
10002c60:	2001      	movs	r0, #1
10002c62:	60eb      	str	r3, [r5, #12]
10002c64:	e7e5      	b.n	10002c32 <dcd_edpt_open+0xa2>
10002c66:	2000      	movs	r0, #0
10002c68:	e7e3      	b.n	10002c32 <dcd_edpt_open+0xa2>
10002c6a:	005b      	lsls	r3, r3, #1
10002c6c:	e7c8      	b.n	10002c00 <dcd_edpt_open+0x70>
10002c6e:	f7fe ff4f 	bl	10001b10 <hard_assertion_failure>
10002c72:	68fa      	ldr	r2, [r7, #12]
10002c74:	e7cf      	b.n	10002c16 <dcd_edpt_open+0x86>
10002c76:	46c0      	nop			; (mov r8, r8)
10002c78:	20001944 	.word	0x20001944
10002c7c:	50100084 	.word	0x50100084
10002c80:	50100004 	.word	0x50100004
10002c84:	20001d4c 	.word	0x20001d4c
10002c88:	50100fff 	.word	0x50100fff
10002c8c:	50100000 	.word	0x50100000
10002c90:	50100080 	.word	0x50100080
10002c94:	50100100 	.word	0x50100100

10002c98 <dcd_edpt_close_all>:
10002c98:	b510      	push	{r4, lr}
10002c9a:	f001 fff5 	bl	10004c88 <__reset_non_control_endpoints_veneer>
10002c9e:	bd10      	pop	{r4, pc}

10002ca0 <dcd_edpt_xfer>:
10002ca0:	207f      	movs	r0, #127	; 0x7f
10002ca2:	b520      	push	{r5, lr}
10002ca4:	0015      	movs	r5, r2
10002ca6:	4008      	ands	r0, r1
10002ca8:	0040      	lsls	r0, r0, #1
10002caa:	09c9      	lsrs	r1, r1, #7
10002cac:	1840      	adds	r0, r0, r1
10002cae:	4904      	ldr	r1, [pc, #16]	; (10002cc0 <dcd_edpt_xfer+0x20>)
10002cb0:	0140      	lsls	r0, r0, #5
10002cb2:	1840      	adds	r0, r0, r1
10002cb4:	001a      	movs	r2, r3
10002cb6:	0029      	movs	r1, r5
10002cb8:	f000 f854 	bl	10002d64 <hw_endpoint_xfer_start>
10002cbc:	2001      	movs	r0, #1
10002cbe:	bd20      	pop	{r5, pc}
10002cc0:	20001944 	.word	0x20001944

10002cc4 <dcd_edpt_stall>:
10002cc4:	237f      	movs	r3, #127	; 0x7f
10002cc6:	b510      	push	{r4, lr}
10002cc8:	400b      	ands	r3, r1
10002cca:	09c9      	lsrs	r1, r1, #7
10002ccc:	2b00      	cmp	r3, #0
10002cce:	d103      	bne.n	10002cd8 <dcd_edpt_stall+0x14>
10002cd0:	2202      	movs	r2, #2
10002cd2:	4807      	ldr	r0, [pc, #28]	; (10002cf0 <dcd_edpt_stall+0x2c>)
10002cd4:	1a52      	subs	r2, r2, r1
10002cd6:	6682      	str	r2, [r0, #104]	; 0x68
10002cd8:	2280      	movs	r2, #128	; 0x80
10002cda:	0058      	lsls	r0, r3, #1
10002cdc:	1840      	adds	r0, r0, r1
10002cde:	4b05      	ldr	r3, [pc, #20]	; (10002cf4 <dcd_edpt_stall+0x30>)
10002ce0:	0140      	lsls	r0, r0, #5
10002ce2:	18c0      	adds	r0, r0, r3
10002ce4:	0112      	lsls	r2, r2, #4
10002ce6:	2100      	movs	r1, #0
10002ce8:	f001 ffbe 	bl	10004c68 <___hw_endpoint_buffer_control_update32_veneer>
10002cec:	bd10      	pop	{r4, pc}
10002cee:	46c0      	nop			; (mov r8, r8)
10002cf0:	50112000 	.word	0x50112000
10002cf4:	20001944 	.word	0x20001944

10002cf8 <dcd_edpt_clear_stall>:
10002cf8:	237f      	movs	r3, #127	; 0x7f
10002cfa:	b510      	push	{r4, lr}
10002cfc:	400b      	ands	r3, r1
10002cfe:	d100      	bne.n	10002d02 <dcd_edpt_clear_stall+0xa>
10002d00:	bd10      	pop	{r4, pc}
10002d02:	09c9      	lsrs	r1, r1, #7
10002d04:	0058      	lsls	r0, r3, #1
10002d06:	1840      	adds	r0, r0, r1
10002d08:	4b04      	ldr	r3, [pc, #16]	; (10002d1c <dcd_edpt_clear_stall+0x24>)
10002d0a:	0140      	lsls	r0, r0, #5
10002d0c:	1818      	adds	r0, r3, r0
10002d0e:	2300      	movs	r3, #0
10002d10:	2200      	movs	r2, #0
10002d12:	70c3      	strb	r3, [r0, #3]
10002d14:	4902      	ldr	r1, [pc, #8]	; (10002d20 <dcd_edpt_clear_stall+0x28>)
10002d16:	f001 ffa7 	bl	10004c68 <___hw_endpoint_buffer_control_update32_veneer>
10002d1a:	e7f1      	b.n	10002d00 <dcd_edpt_clear_stall+0x8>
10002d1c:	20001944 	.word	0x20001944
10002d20:	fffff7ff 	.word	0xfffff7ff

10002d24 <rp2040_usb_init>:
10002d24:	2280      	movs	r2, #128	; 0x80
10002d26:	4b0a      	ldr	r3, [pc, #40]	; (10002d50 <rp2040_usb_init+0x2c>)
10002d28:	0452      	lsls	r2, r2, #17
10002d2a:	b510      	push	{r4, lr}
10002d2c:	601a      	str	r2, [r3, #0]
10002d2e:	4b09      	ldr	r3, [pc, #36]	; (10002d54 <rp2040_usb_init+0x30>)
10002d30:	4909      	ldr	r1, [pc, #36]	; (10002d58 <rp2040_usb_init+0x34>)
10002d32:	601a      	str	r2, [r3, #0]
10002d34:	0010      	movs	r0, r2
10002d36:	680b      	ldr	r3, [r1, #0]
10002d38:	4398      	bics	r0, r3
10002d3a:	d1fb      	bne.n	10002d34 <rp2040_usb_init+0x10>
10002d3c:	2280      	movs	r2, #128	; 0x80
10002d3e:	2100      	movs	r1, #0
10002d40:	0152      	lsls	r2, r2, #5
10002d42:	4806      	ldr	r0, [pc, #24]	; (10002d5c <rp2040_usb_init+0x38>)
10002d44:	f7ff f91c 	bl	10001f80 <__wrap_memset>
10002d48:	2209      	movs	r2, #9
10002d4a:	4b05      	ldr	r3, [pc, #20]	; (10002d60 <rp2040_usb_init+0x3c>)
10002d4c:	675a      	str	r2, [r3, #116]	; 0x74
10002d4e:	bd10      	pop	{r4, pc}
10002d50:	4000e000 	.word	0x4000e000
10002d54:	4000f000 	.word	0x4000f000
10002d58:	4000c008 	.word	0x4000c008
10002d5c:	50100000 	.word	0x50100000
10002d60:	50110000 	.word	0x50110000

10002d64 <hw_endpoint_xfer_start>:
10002d64:	b570      	push	{r4, r5, r6, lr}
10002d66:	7e83      	ldrb	r3, [r0, #26]
10002d68:	0004      	movs	r4, r0
10002d6a:	000d      	movs	r5, r1
10002d6c:	0016      	movs	r6, r2
10002d6e:	2b00      	cmp	r3, #0
10002d70:	d119      	bne.n	10002da6 <hw_endpoint_xfer_start+0x42>
10002d72:	2300      	movs	r3, #0
10002d74:	0021      	movs	r1, r4
10002d76:	82e3      	strh	r3, [r4, #22]
10002d78:	3301      	adds	r3, #1
10002d7a:	82a6      	strh	r6, [r4, #20]
10002d7c:	76a3      	strb	r3, [r4, #26]
10002d7e:	6125      	str	r5, [r4, #16]
10002d80:	1ca0      	adds	r0, r4, #2
10002d82:	311b      	adds	r1, #27
10002d84:	f001 ff78 	bl	10004c78 <__e15_is_bulkin_ep.isra.0_veneer>
10002d88:	2800      	cmp	r0, #0
10002d8a:	d004      	beq.n	10002d96 <hw_endpoint_xfer_start+0x32>
10002d8c:	2180      	movs	r1, #128	; 0x80
10002d8e:	2390      	movs	r3, #144	; 0x90
10002d90:	4a08      	ldr	r2, [pc, #32]	; (10002db4 <hw_endpoint_xfer_start+0x50>)
10002d92:	0289      	lsls	r1, r1, #10
10002d94:	50d1      	str	r1, [r2, r3]
10002d96:	0020      	movs	r0, r4
10002d98:	f001 ff46 	bl	10004c28 <__e15_is_critical_frame_period_veneer>
10002d9c:	2800      	cmp	r0, #0
10002d9e:	d005      	beq.n	10002dac <hw_endpoint_xfer_start+0x48>
10002da0:	2301      	movs	r3, #1
10002da2:	7723      	strb	r3, [r4, #28]
10002da4:	bd70      	pop	{r4, r5, r6, pc}
10002da6:	f001 ff57 	bl	10004c58 <__hw_endpoint_reset_transfer_veneer>
10002daa:	e7e2      	b.n	10002d72 <hw_endpoint_xfer_start+0xe>
10002dac:	0020      	movs	r0, r4
10002dae:	f001 ff4b 	bl	10004c48 <__hw_endpoint_start_next_buffer_veneer>
10002db2:	e7f7      	b.n	10002da4 <hw_endpoint_xfer_start+0x40>
10002db4:	50112000 	.word	0x50112000

10002db8 <tud_event_hook_cb>:
10002db8:	4770      	bx	lr
10002dba:	46c0      	nop			; (mov r8, r8)

10002dbc <tud_sof_cb>:
10002dbc:	4770      	bx	lr
10002dbe:	46c0      	nop			; (mov r8, r8)

10002dc0 <tud_descriptor_device_qualifier_cb>:
10002dc0:	2000      	movs	r0, #0
10002dc2:	4770      	bx	lr

10002dc4 <tud_descriptor_other_speed_configuration_cb>:
10002dc4:	2000      	movs	r0, #0
10002dc6:	4770      	bx	lr

10002dc8 <tud_mount_cb>:
10002dc8:	4770      	bx	lr
10002dca:	46c0      	nop			; (mov r8, r8)

10002dcc <tud_umount_cb>:
10002dcc:	4770      	bx	lr
10002dce:	46c0      	nop			; (mov r8, r8)

10002dd0 <tud_suspend_cb>:
10002dd0:	4770      	bx	lr
10002dd2:	46c0      	nop			; (mov r8, r8)

10002dd4 <tud_resume_cb>:
10002dd4:	4770      	bx	lr
10002dd6:	46c0      	nop			; (mov r8, r8)

10002dd8 <tud_mounted>:
10002dd8:	4b02      	ldr	r3, [pc, #8]	; (10002de4 <tud_mounted+0xc>)
10002dda:	7858      	ldrb	r0, [r3, #1]
10002ddc:	1e43      	subs	r3, r0, #1
10002dde:	4198      	sbcs	r0, r3
10002de0:	b2c0      	uxtb	r0, r0
10002de2:	4770      	bx	lr
10002de4:	200014a4 	.word	0x200014a4

10002de8 <tud_suspended>:
10002de8:	4b02      	ldr	r3, [pc, #8]	; (10002df4 <tud_suspended+0xc>)
10002dea:	7818      	ldrb	r0, [r3, #0]
10002dec:	0740      	lsls	r0, r0, #29
10002dee:	0fc0      	lsrs	r0, r0, #31
10002df0:	4770      	bx	lr
10002df2:	46c0      	nop			; (mov r8, r8)
10002df4:	200014a4 	.word	0x200014a4

10002df8 <tud_rhport_init>:
10002df8:	b5f0      	push	{r4, r5, r6, r7, lr}
10002dfa:	46d6      	mov	lr, sl
10002dfc:	464f      	mov	r7, r9
10002dfe:	4646      	mov	r6, r8
10002e00:	b5c0      	push	{r6, r7, lr}
10002e02:	4e2e      	ldr	r6, [pc, #184]	; (10002ebc <tud_rhport_init+0xc4>)
10002e04:	4682      	mov	sl, r0
10002e06:	7833      	ldrb	r3, [r6, #0]
10002e08:	4689      	mov	r9, r1
10002e0a:	2401      	movs	r4, #1
10002e0c:	2bff      	cmp	r3, #255	; 0xff
10002e0e:	d143      	bne.n	10002e98 <tud_rhport_init+0xa0>
10002e10:	2900      	cmp	r1, #0
10002e12:	d040      	beq.n	10002e96 <tud_rhport_init+0x9e>
10002e14:	2100      	movs	r1, #0
10002e16:	2254      	movs	r2, #84	; 0x54
10002e18:	4829      	ldr	r0, [pc, #164]	; (10002ec0 <tud_rhport_init+0xc8>)
10002e1a:	f7ff f8b1 	bl	10001f80 <__wrap_memset>
10002e1e:	2200      	movs	r2, #0
10002e20:	4c28      	ldr	r4, [pc, #160]	; (10002ec4 <tud_rhport_init+0xcc>)
10002e22:	4b29      	ldr	r3, [pc, #164]	; (10002ec8 <tud_rhport_init+0xd0>)
10002e24:	0020      	movs	r0, r4
10002e26:	701a      	strb	r2, [r3, #0]
10002e28:	f7fe f876 	bl	10000f18 <mutex_init>
10002e2c:	4b27      	ldr	r3, [pc, #156]	; (10002ecc <tud_rhport_init+0xd4>)
10002e2e:	601c      	str	r4, [r3, #0]
10002e30:	4c27      	ldr	r4, [pc, #156]	; (10002ed0 <tud_rhport_init+0xd8>)
10002e32:	0020      	movs	r0, r4
10002e34:	3014      	adds	r0, #20
10002e36:	f7fe f87d 	bl	10000f34 <critical_section_init>
10002e3a:	0020      	movs	r0, r4
10002e3c:	f001 fe50 	bl	10004ae0 <tu_fifo_clear>
10002e40:	4b24      	ldr	r3, [pc, #144]	; (10002ed4 <tud_rhport_init+0xdc>)
10002e42:	4d25      	ldr	r5, [pc, #148]	; (10002ed8 <tud_rhport_init+0xe0>)
10002e44:	601c      	str	r4, [r3, #0]
10002e46:	4b25      	ldr	r3, [pc, #148]	; (10002edc <tud_rhport_init+0xe4>)
10002e48:	2b00      	cmp	r3, #0
10002e4a:	d004      	beq.n	10002e56 <tud_rhport_init+0x5e>
10002e4c:	0028      	movs	r0, r5
10002e4e:	f7ff faaf 	bl	100023b0 <usbd_app_driver_get_cb>
10002e52:	4b23      	ldr	r3, [pc, #140]	; (10002ee0 <tud_rhport_init+0xe8>)
10002e54:	6018      	str	r0, [r3, #0]
10002e56:	4923      	ldr	r1, [pc, #140]	; (10002ee4 <tud_rhport_init+0xec>)
10002e58:	782a      	ldrb	r2, [r5, #0]
10002e5a:	2400      	movs	r4, #0
10002e5c:	2300      	movs	r3, #0
10002e5e:	4688      	mov	r8, r1
10002e60:	4f1f      	ldr	r7, [pc, #124]	; (10002ee0 <tud_rhport_init+0xe8>)
10002e62:	e010      	b.n	10002e86 <tud_rhport_init+0x8e>
10002e64:	683a      	ldr	r2, [r7, #0]
10002e66:	0163      	lsls	r3, r4, #5
10002e68:	4694      	mov	ip, r2
10002e6a:	4463      	add	r3, ip
10002e6c:	2b00      	cmp	r3, #0
10002e6e:	d012      	beq.n	10002e96 <tud_rhport_init+0x9e>
10002e70:	685b      	ldr	r3, [r3, #4]
10002e72:	2b00      	cmp	r3, #0
10002e74:	d00f      	beq.n	10002e96 <tud_rhport_init+0x9e>
10002e76:	4798      	blx	r3
10002e78:	782a      	ldrb	r2, [r5, #0]
10002e7a:	3401      	adds	r4, #1
10002e7c:	b2e4      	uxtb	r4, r4
10002e7e:	1c51      	adds	r1, r2, #1
10002e80:	0023      	movs	r3, r4
10002e82:	42a1      	cmp	r1, r4
10002e84:	db0e      	blt.n	10002ea4 <tud_rhport_init+0xac>
10002e86:	42a2      	cmp	r2, r4
10002e88:	d8ec      	bhi.n	10002e64 <tud_rhport_init+0x6c>
10002e8a:	1a9b      	subs	r3, r3, r2
10002e8c:	015b      	lsls	r3, r3, #5
10002e8e:	4443      	add	r3, r8
10002e90:	685b      	ldr	r3, [r3, #4]
10002e92:	2b00      	cmp	r3, #0
10002e94:	d1ef      	bne.n	10002e76 <tud_rhport_init+0x7e>
10002e96:	2400      	movs	r4, #0
10002e98:	0020      	movs	r0, r4
10002e9a:	bc1c      	pop	{r2, r3, r4}
10002e9c:	4690      	mov	r8, r2
10002e9e:	4699      	mov	r9, r3
10002ea0:	46a2      	mov	sl, r4
10002ea2:	bdf0      	pop	{r4, r5, r6, r7, pc}
10002ea4:	4653      	mov	r3, sl
10002ea6:	4649      	mov	r1, r9
10002ea8:	4650      	mov	r0, sl
10002eaa:	7033      	strb	r3, [r6, #0]
10002eac:	f7ff fdfc 	bl	10002aa8 <dcd_init>
10002eb0:	1e04      	subs	r4, r0, #0
10002eb2:	d0f0      	beq.n	10002e96 <tud_rhport_init+0x9e>
10002eb4:	4650      	mov	r0, sl
10002eb6:	f7ff fe3f 	bl	10002b38 <dcd_int_enable>
10002eba:	e7ed      	b.n	10002e98 <tud_rhport_init+0xa0>
10002ebc:	20001144 	.word	0x20001144
10002ec0:	200014a4 	.word	0x200014a4
10002ec4:	2000149c 	.word	0x2000149c
10002ec8:	20001d9b 	.word	0x20001d9b
10002ecc:	200014f8 	.word	0x200014f8
10002ed0:	20001128 	.word	0x20001128
10002ed4:	200014fc 	.word	0x200014fc
10002ed8:	20001d99 	.word	0x20001d99
10002edc:	100023b1 	.word	0x100023b1
10002ee0:	200012f4 	.word	0x200012f4
10002ee4:	100050b4 	.word	0x100050b4

10002ee8 <tud_task_ext>:
10002ee8:	b5f0      	push	{r4, r5, r6, r7, lr}
10002eea:	46de      	mov	lr, fp
10002eec:	4657      	mov	r7, sl
10002eee:	464e      	mov	r6, r9
10002ef0:	4645      	mov	r5, r8
10002ef2:	b5e0      	push	{r5, r6, r7, lr}
10002ef4:	4bcc      	ldr	r3, [pc, #816]	; (10003228 <tud_task_ext+0x340>)
10002ef6:	b08b      	sub	sp, #44	; 0x2c
10002ef8:	781b      	ldrb	r3, [r3, #0]
10002efa:	2bff      	cmp	r3, #255	; 0xff
10002efc:	d100      	bne.n	10002f00 <tud_task_ext+0x18>
10002efe:	e146      	b.n	1000318e <tud_task_ext+0x2a6>
10002f00:	4bca      	ldr	r3, [pc, #808]	; (1000322c <tud_task_ext+0x344>)
10002f02:	ac07      	add	r4, sp, #28
10002f04:	469b      	mov	fp, r3
10002f06:	4bca      	ldr	r3, [pc, #808]	; (10003230 <tud_task_ext+0x348>)
10002f08:	469a      	mov	sl, r3
10002f0a:	465b      	mov	r3, fp
10002f0c:	681d      	ldr	r5, [r3, #0]
10002f0e:	696a      	ldr	r2, [r5, #20]
10002f10:	f3ef 8110 	mrs	r1, PRIMASK
10002f14:	b672      	cpsid	i
10002f16:	6813      	ldr	r3, [r2, #0]
10002f18:	2b00      	cmp	r3, #0
10002f1a:	d0fc      	beq.n	10002f16 <tud_task_ext+0x2e>
10002f1c:	f3bf 8f5f 	dmb	sy
10002f20:	61a9      	str	r1, [r5, #24]
10002f22:	0028      	movs	r0, r5
10002f24:	0021      	movs	r1, r4
10002f26:	f001 fc1b 	bl	10004760 <tu_fifo_read>
10002f2a:	696a      	ldr	r2, [r5, #20]
10002f2c:	69ab      	ldr	r3, [r5, #24]
10002f2e:	f3bf 8f5f 	dmb	sy
10002f32:	2100      	movs	r1, #0
10002f34:	6011      	str	r1, [r2, #0]
10002f36:	f383 8810 	msr	PRIMASK, r3
10002f3a:	2800      	cmp	r0, #0
10002f3c:	d100      	bne.n	10002f40 <tud_task_ext+0x58>
10002f3e:	e126      	b.n	1000318e <tud_task_ext+0x2a6>
10002f40:	7863      	ldrb	r3, [r4, #1]
10002f42:	2b08      	cmp	r3, #8
10002f44:	d8e1      	bhi.n	10002f0a <tud_task_ext+0x22>
10002f46:	4652      	mov	r2, sl
10002f48:	009b      	lsls	r3, r3, #2
10002f4a:	58d3      	ldr	r3, [r2, r3]
10002f4c:	469f      	mov	pc, r3
10002f4e:	6863      	ldr	r3, [r4, #4]
10002f50:	2b00      	cmp	r3, #0
10002f52:	d0da      	beq.n	10002f0a <tud_task_ext+0x22>
10002f54:	68a0      	ldr	r0, [r4, #8]
10002f56:	4798      	blx	r3
10002f58:	e7d7      	b.n	10002f0a <tud_task_ext+0x22>
10002f5a:	237f      	movs	r3, #127	; 0x7f
10002f5c:	7921      	ldrb	r1, [r4, #4]
10002f5e:	4db5      	ldr	r5, [pc, #724]	; (10003234 <tud_task_ext+0x34c>)
10002f60:	400b      	ands	r3, r1
10002f62:	0058      	lsls	r0, r3, #1
10002f64:	09ca      	lsrs	r2, r1, #7
10002f66:	182d      	adds	r5, r5, r0
10002f68:	18ad      	adds	r5, r5, r2
10002f6a:	002a      	movs	r2, r5
10002f6c:	2601      	movs	r6, #1
10002f6e:	3230      	adds	r2, #48	; 0x30
10002f70:	7910      	ldrb	r0, [r2, #4]
10002f72:	43b0      	bics	r0, r6
10002f74:	7110      	strb	r0, [r2, #4]
10002f76:	7910      	ldrb	r0, [r2, #4]
10002f78:	3603      	adds	r6, #3
10002f7a:	43b0      	bics	r0, r6
10002f7c:	7110      	strb	r0, [r2, #4]
10002f7e:	2b00      	cmp	r3, #0
10002f80:	d100      	bne.n	10002f84 <tud_task_ext+0x9c>
10002f82:	e10d      	b.n	100031a0 <tud_task_ext+0x2b8>
10002f84:	4aac      	ldr	r2, [pc, #688]	; (10003238 <tud_task_ext+0x350>)
10002f86:	7d2b      	ldrb	r3, [r5, #20]
10002f88:	7812      	ldrb	r2, [r2, #0]
10002f8a:	4293      	cmp	r3, r2
10002f8c:	d300      	bcc.n	10002f90 <tud_task_ext+0xa8>
10002f8e:	e0fb      	b.n	10003188 <tud_task_ext+0x2a0>
10002f90:	4aaa      	ldr	r2, [pc, #680]	; (1000323c <tud_task_ext+0x354>)
10002f92:	015b      	lsls	r3, r3, #5
10002f94:	6812      	ldr	r2, [r2, #0]
10002f96:	18d3      	adds	r3, r2, r3
10002f98:	2b00      	cmp	r3, #0
10002f9a:	d100      	bne.n	10002f9e <tud_task_ext+0xb6>
10002f9c:	e0f7      	b.n	1000318e <tud_task_ext+0x2a6>
10002f9e:	699d      	ldr	r5, [r3, #24]
10002fa0:	7962      	ldrb	r2, [r4, #5]
10002fa2:	7820      	ldrb	r0, [r4, #0]
10002fa4:	68a3      	ldr	r3, [r4, #8]
10002fa6:	47a8      	blx	r5
10002fa8:	e7af      	b.n	10002f0a <tud_task_ext+0x22>
10002faa:	4aa5      	ldr	r2, [pc, #660]	; (10003240 <tud_task_ext+0x358>)
10002fac:	7813      	ldrb	r3, [r2, #0]
10002fae:	2b00      	cmp	r3, #0
10002fb0:	d100      	bne.n	10002fb4 <tud_task_ext+0xcc>
10002fb2:	e0ec      	b.n	1000318e <tud_task_ext+0x2a6>
10002fb4:	7813      	ldrb	r3, [r2, #0]
10002fb6:	3b01      	subs	r3, #1
10002fb8:	b2db      	uxtb	r3, r3
10002fba:	7013      	strb	r3, [r2, #0]
10002fbc:	7813      	ldrb	r3, [r2, #0]
10002fbe:	2b00      	cmp	r3, #0
10002fc0:	d1a3      	bne.n	10002f0a <tud_task_ext+0x22>
10002fc2:	2201      	movs	r2, #1
10002fc4:	4b9b      	ldr	r3, [pc, #620]	; (10003234 <tud_task_ext+0x34c>)
10002fc6:	2101      	movs	r1, #1
10002fc8:	781b      	ldrb	r3, [r3, #0]
10002fca:	489a      	ldr	r0, [pc, #616]	; (10003234 <tud_task_ext+0x34c>)
10002fcc:	4313      	orrs	r3, r2
10002fce:	4a99      	ldr	r2, [pc, #612]	; (10003234 <tud_task_ext+0x34c>)
10002fd0:	4d98      	ldr	r5, [pc, #608]	; (10003234 <tud_task_ext+0x34c>)
10002fd2:	7013      	strb	r3, [r2, #0]
10002fd4:	2334      	movs	r3, #52	; 0x34
10002fd6:	5cd2      	ldrb	r2, [r2, r3]
10002fd8:	7827      	ldrb	r7, [r4, #0]
10002fda:	438a      	bics	r2, r1
10002fdc:	54c2      	strb	r2, [r0, r3]
10002fde:	5cc2      	ldrb	r2, [r0, r3]
10002fe0:	2004      	movs	r0, #4
10002fe2:	4382      	bics	r2, r0
10002fe4:	54ea      	strb	r2, [r5, r3]
10002fe6:	3301      	adds	r3, #1
10002fe8:	5cea      	ldrb	r2, [r5, r3]
10002fea:	438a      	bics	r2, r1
10002fec:	54ea      	strb	r2, [r5, r3]
10002fee:	5cea      	ldrb	r2, [r5, r3]
10002ff0:	4382      	bics	r2, r0
10002ff2:	54ea      	strb	r2, [r5, r3]
10002ff4:	2000      	movs	r0, #0
10002ff6:	f000 fcc1 	bl	1000397c <usbd_control_set_complete_callback>
10002ffa:	2260      	movs	r2, #96	; 0x60
10002ffc:	7923      	ldrb	r3, [r4, #4]
10002ffe:	401a      	ands	r2, r3
10003000:	2a60      	cmp	r2, #96	; 0x60
10003002:	d100      	bne.n	10003006 <tud_task_ext+0x11e>
10003004:	e0fb      	b.n	100031fe <tud_task_ext+0x316>
10003006:	2a40      	cmp	r2, #64	; 0x40
10003008:	d100      	bne.n	1000300c <tud_task_ext+0x124>
1000300a:	e101      	b.n	10003210 <tud_task_ext+0x328>
1000300c:	06db      	lsls	r3, r3, #27
1000300e:	0edb      	lsrs	r3, r3, #27
10003010:	b2d9      	uxtb	r1, r3
10003012:	2901      	cmp	r1, #1
10003014:	d100      	bne.n	10003018 <tud_task_ext+0x130>
10003016:	e125      	b.n	10003264 <tud_task_ext+0x37c>
10003018:	b25b      	sxtb	r3, r3
1000301a:	2b00      	cmp	r3, #0
1000301c:	d100      	bne.n	10003020 <tud_task_ext+0x138>
1000301e:	e115      	b.n	1000324c <tud_task_ext+0x364>
10003020:	2902      	cmp	r1, #2
10003022:	d000      	beq.n	10003026 <tud_task_ext+0x13e>
10003024:	e0eb      	b.n	100031fe <tud_task_ext+0x316>
10003026:	2370      	movs	r3, #112	; 0x70
10003028:	7a21      	ldrb	r1, [r4, #8]
1000302a:	420b      	tst	r3, r1
1000302c:	d000      	beq.n	10003030 <tud_task_ext+0x148>
1000302e:	e0e6      	b.n	100031fe <tud_task_ext+0x316>
10003030:	257f      	movs	r5, #127	; 0x7f
10003032:	09cb      	lsrs	r3, r1, #7
10003034:	4699      	mov	r9, r3
10003036:	400d      	ands	r5, r1
10003038:	4b7e      	ldr	r3, [pc, #504]	; (10003234 <tud_task_ext+0x34c>)
1000303a:	006d      	lsls	r5, r5, #1
1000303c:	195b      	adds	r3, r3, r5
1000303e:	444b      	add	r3, r9
10003040:	7d1e      	ldrb	r6, [r3, #20]
10003042:	4b7d      	ldr	r3, [pc, #500]	; (10003238 <tud_task_ext+0x350>)
10003044:	781b      	ldrb	r3, [r3, #0]
10003046:	429e      	cmp	r6, r3
10003048:	d200      	bcs.n	1000304c <tud_task_ext+0x164>
1000304a:	e142      	b.n	100032d2 <tud_task_ext+0x3ea>
1000304c:	1c58      	adds	r0, r3, #1
1000304e:	42b0      	cmp	r0, r6
10003050:	da00      	bge.n	10003054 <tud_task_ext+0x16c>
10003052:	e224      	b.n	1000349e <tud_task_ext+0x5b6>
10003054:	1af6      	subs	r6, r6, r3
10003056:	4b7b      	ldr	r3, [pc, #492]	; (10003244 <tud_task_ext+0x35c>)
10003058:	0176      	lsls	r6, r6, #5
1000305a:	199e      	adds	r6, r3, r6
1000305c:	2a00      	cmp	r2, #0
1000305e:	d100      	bne.n	10003062 <tud_task_ext+0x17a>
10003060:	e221      	b.n	100034a6 <tud_task_ext+0x5be>
10003062:	6970      	ldr	r0, [r6, #20]
10003064:	f000 fc8a 	bl	1000397c <usbd_control_set_complete_callback>
10003068:	6973      	ldr	r3, [r6, #20]
1000306a:	aa08      	add	r2, sp, #32
1000306c:	2101      	movs	r1, #1
1000306e:	0038      	movs	r0, r7
10003070:	4798      	blx	r3
10003072:	e0d5      	b.n	10003220 <tud_task_ext+0x338>
10003074:	4d6f      	ldr	r5, [pc, #444]	; (10003234 <tud_task_ext+0x34c>)
10003076:	782b      	ldrb	r3, [r5, #0]
10003078:	07db      	lsls	r3, r3, #31
1000307a:	d400      	bmi.n	1000307e <tud_task_ext+0x196>
1000307c:	e745      	b.n	10002f0a <tud_task_ext+0x22>
1000307e:	f7ff fea9 	bl	10002dd4 <tud_resume_cb>
10003082:	e742      	b.n	10002f0a <tud_task_ext+0x22>
10003084:	4b6b      	ldr	r3, [pc, #428]	; (10003234 <tud_task_ext+0x34c>)
10003086:	78db      	ldrb	r3, [r3, #3]
10003088:	07db      	lsls	r3, r3, #31
1000308a:	d400      	bmi.n	1000308e <tud_task_ext+0x1a6>
1000308c:	e73d      	b.n	10002f0a <tud_task_ext+0x22>
1000308e:	6860      	ldr	r0, [r4, #4]
10003090:	f7ff fe94 	bl	10002dbc <tud_sof_cb>
10003094:	e739      	b.n	10002f0a <tud_task_ext+0x22>
10003096:	4d67      	ldr	r5, [pc, #412]	; (10003234 <tud_task_ext+0x34c>)
10003098:	782b      	ldrb	r3, [r5, #0]
1000309a:	07db      	lsls	r3, r3, #31
1000309c:	d400      	bmi.n	100030a0 <tud_task_ext+0x1b8>
1000309e:	e734      	b.n	10002f0a <tud_task_ext+0x22>
100030a0:	7828      	ldrb	r0, [r5, #0]
100030a2:	0700      	lsls	r0, r0, #28
100030a4:	0fc0      	lsrs	r0, r0, #31
100030a6:	f7ff fe93 	bl	10002dd0 <tud_suspend_cb>
100030aa:	e72e      	b.n	10002f0a <tud_task_ext+0x22>
100030ac:	4965      	ldr	r1, [pc, #404]	; (10003244 <tud_task_ext+0x35c>)
100030ae:	4d62      	ldr	r5, [pc, #392]	; (10003238 <tud_task_ext+0x350>)
100030b0:	4689      	mov	r9, r1
100030b2:	4962      	ldr	r1, [pc, #392]	; (1000323c <tud_task_ext+0x354>)
100030b4:	7827      	ldrb	r7, [r4, #0]
100030b6:	782a      	ldrb	r2, [r5, #0]
100030b8:	2300      	movs	r3, #0
100030ba:	2600      	movs	r6, #0
100030bc:	4688      	mov	r8, r1
100030be:	e010      	b.n	100030e2 <tud_task_ext+0x1fa>
100030c0:	4642      	mov	r2, r8
100030c2:	6812      	ldr	r2, [r2, #0]
100030c4:	0173      	lsls	r3, r6, #5
100030c6:	4694      	mov	ip, r2
100030c8:	4463      	add	r3, ip
100030ca:	2b00      	cmp	r3, #0
100030cc:	d066      	beq.n	1000319c <tud_task_ext+0x2b4>
100030ce:	68db      	ldr	r3, [r3, #12]
100030d0:	0038      	movs	r0, r7
100030d2:	4798      	blx	r3
100030d4:	782a      	ldrb	r2, [r5, #0]
100030d6:	3601      	adds	r6, #1
100030d8:	b2f6      	uxtb	r6, r6
100030da:	1c51      	adds	r1, r2, #1
100030dc:	0033      	movs	r3, r6
100030de:	428e      	cmp	r6, r1
100030e0:	dc3c      	bgt.n	1000315c <tud_task_ext+0x274>
100030e2:	42b2      	cmp	r2, r6
100030e4:	d8ec      	bhi.n	100030c0 <tud_task_ext+0x1d8>
100030e6:	1a9b      	subs	r3, r3, r2
100030e8:	015b      	lsls	r3, r3, #5
100030ea:	444b      	add	r3, r9
100030ec:	e7ef      	b.n	100030ce <tud_task_ext+0x1e6>
100030ee:	4955      	ldr	r1, [pc, #340]	; (10003244 <tud_task_ext+0x35c>)
100030f0:	4d51      	ldr	r5, [pc, #324]	; (10003238 <tud_task_ext+0x350>)
100030f2:	4689      	mov	r9, r1
100030f4:	4951      	ldr	r1, [pc, #324]	; (1000323c <tud_task_ext+0x354>)
100030f6:	7827      	ldrb	r7, [r4, #0]
100030f8:	782a      	ldrb	r2, [r5, #0]
100030fa:	2300      	movs	r3, #0
100030fc:	2600      	movs	r6, #0
100030fe:	4688      	mov	r8, r1
10003100:	e010      	b.n	10003124 <tud_task_ext+0x23c>
10003102:	4642      	mov	r2, r8
10003104:	6812      	ldr	r2, [r2, #0]
10003106:	0173      	lsls	r3, r6, #5
10003108:	4694      	mov	ip, r2
1000310a:	4463      	add	r3, ip
1000310c:	2b00      	cmp	r3, #0
1000310e:	d020      	beq.n	10003152 <tud_task_ext+0x26a>
10003110:	68db      	ldr	r3, [r3, #12]
10003112:	0038      	movs	r0, r7
10003114:	4798      	blx	r3
10003116:	782a      	ldrb	r2, [r5, #0]
10003118:	3601      	adds	r6, #1
1000311a:	b2f6      	uxtb	r6, r6
1000311c:	1c51      	adds	r1, r2, #1
1000311e:	0033      	movs	r3, r6
10003120:	428e      	cmp	r6, r1
10003122:	dc05      	bgt.n	10003130 <tud_task_ext+0x248>
10003124:	42b2      	cmp	r2, r6
10003126:	d8ec      	bhi.n	10003102 <tud_task_ext+0x21a>
10003128:	1a9b      	subs	r3, r3, r2
1000312a:	015b      	lsls	r3, r3, #5
1000312c:	444b      	add	r3, r9
1000312e:	e7ef      	b.n	10003110 <tud_task_ext+0x228>
10003130:	4d40      	ldr	r5, [pc, #256]	; (10003234 <tud_task_ext+0x34c>)
10003132:	2254      	movs	r2, #84	; 0x54
10003134:	2100      	movs	r1, #0
10003136:	0028      	movs	r0, r5
10003138:	f7fe ff22 	bl	10001f80 <__wrap_memset>
1000313c:	2210      	movs	r2, #16
1000313e:	21ff      	movs	r1, #255	; 0xff
10003140:	1d28      	adds	r0, r5, #4
10003142:	f7fe ff1d 	bl	10001f80 <__wrap_memset>
10003146:	0028      	movs	r0, r5
10003148:	2220      	movs	r2, #32
1000314a:	3014      	adds	r0, #20
1000314c:	21ff      	movs	r1, #255	; 0xff
1000314e:	f7fe ff17 	bl	10001f80 <__wrap_memset>
10003152:	f000 fc09 	bl	10003968 <usbd_control_reset>
10003156:	f7ff fe39 	bl	10002dcc <tud_umount_cb>
1000315a:	e6d6      	b.n	10002f0a <tud_task_ext+0x22>
1000315c:	4d35      	ldr	r5, [pc, #212]	; (10003234 <tud_task_ext+0x34c>)
1000315e:	2254      	movs	r2, #84	; 0x54
10003160:	2100      	movs	r1, #0
10003162:	0028      	movs	r0, r5
10003164:	f7fe ff0c 	bl	10001f80 <__wrap_memset>
10003168:	2210      	movs	r2, #16
1000316a:	21ff      	movs	r1, #255	; 0xff
1000316c:	1d28      	adds	r0, r5, #4
1000316e:	f7fe ff07 	bl	10001f80 <__wrap_memset>
10003172:	0028      	movs	r0, r5
10003174:	2220      	movs	r2, #32
10003176:	3014      	adds	r0, #20
10003178:	21ff      	movs	r1, #255	; 0xff
1000317a:	f7fe ff01 	bl	10001f80 <__wrap_memset>
1000317e:	f000 fbf3 	bl	10003968 <usbd_control_reset>
10003182:	7923      	ldrb	r3, [r4, #4]
10003184:	70ab      	strb	r3, [r5, #2]
10003186:	e6c0      	b.n	10002f0a <tud_task_ext+0x22>
10003188:	1c50      	adds	r0, r2, #1
1000318a:	4298      	cmp	r0, r3
1000318c:	da0e      	bge.n	100031ac <tud_task_ext+0x2c4>
1000318e:	b00b      	add	sp, #44	; 0x2c
10003190:	bc3c      	pop	{r2, r3, r4, r5}
10003192:	4690      	mov	r8, r2
10003194:	4699      	mov	r9, r3
10003196:	46a2      	mov	sl, r4
10003198:	46ab      	mov	fp, r5
1000319a:	bdf0      	pop	{r4, r5, r6, r7, pc}
1000319c:	4d25      	ldr	r5, [pc, #148]	; (10003234 <tud_task_ext+0x34c>)
1000319e:	e7ee      	b.n	1000317e <tud_task_ext+0x296>
100031a0:	7962      	ldrb	r2, [r4, #5]
100031a2:	7820      	ldrb	r0, [r4, #0]
100031a4:	68a3      	ldr	r3, [r4, #8]
100031a6:	f000 fbfd 	bl	100039a4 <usbd_control_xfer_cb>
100031aa:	e6ae      	b.n	10002f0a <tud_task_ext+0x22>
100031ac:	1a9b      	subs	r3, r3, r2
100031ae:	4a25      	ldr	r2, [pc, #148]	; (10003244 <tud_task_ext+0x35c>)
100031b0:	015b      	lsls	r3, r3, #5
100031b2:	18d3      	adds	r3, r2, r3
100031b4:	e6f3      	b.n	10002f9e <tud_task_ext+0xb6>
100031b6:	9b01      	ldr	r3, [sp, #4]
100031b8:	9004      	str	r0, [sp, #16]
100031ba:	2b01      	cmp	r3, #1
100031bc:	d100      	bne.n	100031c0 <tud_task_ext+0x2d8>
100031be:	e1d1      	b.n	10003564 <tud_task_ext+0x67c>
100031c0:	9b01      	ldr	r3, [sp, #4]
100031c2:	2b00      	cmp	r3, #0
100031c4:	d100      	bne.n	100031c8 <tud_task_ext+0x2e0>
100031c6:	e1db      	b.n	10003580 <tud_task_ext+0x698>
100031c8:	78b1      	ldrb	r1, [r6, #2]
100031ca:	4a1a      	ldr	r2, [pc, #104]	; (10003234 <tud_task_ext+0x34c>)
100031cc:	000b      	movs	r3, r1
100031ce:	1852      	adds	r2, r2, r1
100031d0:	7912      	ldrb	r2, [r2, #4]
100031d2:	2aff      	cmp	r2, #255	; 0xff
100031d4:	d110      	bne.n	100031f8 <tud_task_ext+0x310>
100031d6:	2200      	movs	r2, #0
100031d8:	4816      	ldr	r0, [pc, #88]	; (10003234 <tud_task_ext+0x34c>)
100031da:	3201      	adds	r2, #1
100031dc:	4684      	mov	ip, r0
100031de:	4463      	add	r3, ip
100031e0:	711f      	strb	r7, [r3, #4]
100031e2:	9b01      	ldr	r3, [sp, #4]
100031e4:	b2d2      	uxtb	r2, r2
100031e6:	429a      	cmp	r2, r3
100031e8:	d300      	bcc.n	100031ec <tud_task_ext+0x304>
100031ea:	e1c9      	b.n	10003580 <tud_task_ext+0x698>
100031ec:	1853      	adds	r3, r2, r1
100031ee:	b2db      	uxtb	r3, r3
100031f0:	18c0      	adds	r0, r0, r3
100031f2:	7900      	ldrb	r0, [r0, #4]
100031f4:	28ff      	cmp	r0, #255	; 0xff
100031f6:	d0ef      	beq.n	100031d8 <tud_task_ext+0x2f0>
100031f8:	2300      	movs	r3, #0
100031fa:	4a0e      	ldr	r2, [pc, #56]	; (10003234 <tud_task_ext+0x34c>)
100031fc:	7053      	strb	r3, [r2, #1]
100031fe:	7820      	ldrb	r0, [r4, #0]
10003200:	2100      	movs	r1, #0
10003202:	f7ff fd5f 	bl	10002cc4 <dcd_edpt_stall>
10003206:	7820      	ldrb	r0, [r4, #0]
10003208:	2180      	movs	r1, #128	; 0x80
1000320a:	f7ff fd5b 	bl	10002cc4 <dcd_edpt_stall>
1000320e:	e67c      	b.n	10002f0a <tud_task_ext+0x22>
10003210:	480d      	ldr	r0, [pc, #52]	; (10003248 <tud_task_ext+0x360>)
10003212:	f000 fbb3 	bl	1000397c <usbd_control_set_complete_callback>
10003216:	aa08      	add	r2, sp, #32
10003218:	2101      	movs	r1, #1
1000321a:	0038      	movs	r0, r7
1000321c:	f7ff f8ae 	bl	1000237c <tud_vendor_control_xfer_cb>
10003220:	2800      	cmp	r0, #0
10003222:	d000      	beq.n	10003226 <tud_task_ext+0x33e>
10003224:	e671      	b.n	10002f0a <tud_task_ext+0x22>
10003226:	e7ea      	b.n	100031fe <tud_task_ext+0x316>
10003228:	20001144 	.word	0x20001144
1000322c:	200014fc 	.word	0x200014fc
10003230:	1000500c 	.word	0x1000500c
10003234:	200014a4 	.word	0x200014a4
10003238:	20001d99 	.word	0x20001d99
1000323c:	200012f4 	.word	0x200012f4
10003240:	20001d9b 	.word	0x20001d9b
10003244:	100050b4 	.word	0x100050b4
10003248:	1000237d 	.word	0x1000237d
1000324c:	2a20      	cmp	r2, #32
1000324e:	d100      	bne.n	10003252 <tud_task_ext+0x36a>
10003250:	e109      	b.n	10003466 <tud_task_ext+0x57e>
10003252:	2a00      	cmp	r2, #0
10003254:	d1d3      	bne.n	100031fe <tud_task_ext+0x316>
10003256:	7963      	ldrb	r3, [r4, #5]
10003258:	2b09      	cmp	r3, #9
1000325a:	d8d0      	bhi.n	100031fe <tud_task_ext+0x316>
1000325c:	4ad4      	ldr	r2, [pc, #848]	; (100035b0 <tud_task_ext+0x6c8>)
1000325e:	009b      	lsls	r3, r3, #2
10003260:	58d3      	ldr	r3, [r2, r3]
10003262:	469f      	mov	pc, r3
10003264:	7a23      	ldrb	r3, [r4, #8]
10003266:	2b0f      	cmp	r3, #15
10003268:	d8c9      	bhi.n	100031fe <tud_task_ext+0x316>
1000326a:	4ad2      	ldr	r2, [pc, #840]	; (100035b4 <tud_task_ext+0x6cc>)
1000326c:	4694      	mov	ip, r2
1000326e:	4ad2      	ldr	r2, [pc, #840]	; (100035b8 <tud_task_ext+0x6d0>)
10003270:	4463      	add	r3, ip
10003272:	791b      	ldrb	r3, [r3, #4]
10003274:	7812      	ldrb	r2, [r2, #0]
10003276:	4293      	cmp	r3, r2
10003278:	d324      	bcc.n	100032c4 <tud_task_ext+0x3dc>
1000327a:	1c51      	adds	r1, r2, #1
1000327c:	4299      	cmp	r1, r3
1000327e:	dbbe      	blt.n	100031fe <tud_task_ext+0x316>
10003280:	1a9b      	subs	r3, r3, r2
10003282:	4dce      	ldr	r5, [pc, #824]	; (100035bc <tud_task_ext+0x6d4>)
10003284:	015b      	lsls	r3, r3, #5
10003286:	18ed      	adds	r5, r5, r3
10003288:	6968      	ldr	r0, [r5, #20]
1000328a:	f000 fb77 	bl	1000397c <usbd_control_set_complete_callback>
1000328e:	696b      	ldr	r3, [r5, #20]
10003290:	aa08      	add	r2, sp, #32
10003292:	2101      	movs	r1, #1
10003294:	0038      	movs	r0, r7
10003296:	4798      	blx	r3
10003298:	2800      	cmp	r0, #0
1000329a:	d000      	beq.n	1000329e <tud_task_ext+0x3b6>
1000329c:	e635      	b.n	10002f0a <tud_task_ext+0x22>
1000329e:	2560      	movs	r5, #96	; 0x60
100032a0:	7923      	ldrb	r3, [r4, #4]
100032a2:	401d      	ands	r5, r3
100032a4:	d1ab      	bne.n	100031fe <tud_task_ext+0x316>
100032a6:	7963      	ldrb	r3, [r4, #5]
100032a8:	3b0a      	subs	r3, #10
100032aa:	2b01      	cmp	r3, #1
100032ac:	d8a7      	bhi.n	100031fe <tud_task_ext+0x316>
100032ae:	f000 fb65 	bl	1000397c <usbd_control_set_complete_callback>
100032b2:	7963      	ldrb	r3, [r4, #5]
100032b4:	2b0a      	cmp	r3, #10
100032b6:	d100      	bne.n	100032ba <tud_task_ext+0x3d2>
100032b8:	e14b      	b.n	10003552 <tud_task_ext+0x66a>
100032ba:	a908      	add	r1, sp, #32
100032bc:	0038      	movs	r0, r7
100032be:	f000 fae1 	bl	10003884 <tud_control_status>
100032c2:	e622      	b.n	10002f0a <tud_task_ext+0x22>
100032c4:	4abe      	ldr	r2, [pc, #760]	; (100035c0 <tud_task_ext+0x6d8>)
100032c6:	015b      	lsls	r3, r3, #5
100032c8:	6815      	ldr	r5, [r2, #0]
100032ca:	18ed      	adds	r5, r5, r3
100032cc:	2d00      	cmp	r5, #0
100032ce:	d096      	beq.n	100031fe <tud_task_ext+0x316>
100032d0:	e7da      	b.n	10003288 <tud_task_ext+0x3a0>
100032d2:	4bbb      	ldr	r3, [pc, #748]	; (100035c0 <tud_task_ext+0x6d8>)
100032d4:	0176      	lsls	r6, r6, #5
100032d6:	681b      	ldr	r3, [r3, #0]
100032d8:	199e      	adds	r6, r3, r6
100032da:	2a00      	cmp	r2, #0
100032dc:	d100      	bne.n	100032e0 <tud_task_ext+0x3f8>
100032de:	e0e2      	b.n	100034a6 <tud_task_ext+0x5be>
100032e0:	2e00      	cmp	r6, #0
100032e2:	d08c      	beq.n	100031fe <tud_task_ext+0x316>
100032e4:	e6bd      	b.n	10003062 <tud_task_ext+0x17a>
100032e6:	4bb3      	ldr	r3, [pc, #716]	; (100035b4 <tud_task_ext+0x6cc>)
100032e8:	79a6      	ldrb	r6, [r4, #6]
100032ea:	785b      	ldrb	r3, [r3, #1]
100032ec:	429e      	cmp	r6, r3
100032ee:	d0e4      	beq.n	100032ba <tud_task_ext+0x3d2>
100032f0:	4bb0      	ldr	r3, [pc, #704]	; (100035b4 <tud_task_ext+0x6cc>)
100032f2:	785b      	ldrb	r3, [r3, #1]
100032f4:	2b00      	cmp	r3, #0
100032f6:	d000      	beq.n	100032fa <tud_task_ext+0x412>
100032f8:	e16f      	b.n	100035da <tud_task_ext+0x6f2>
100032fa:	4bae      	ldr	r3, [pc, #696]	; (100035b4 <tud_task_ext+0x6cc>)
100032fc:	705e      	strb	r6, [r3, #1]
100032fe:	2e00      	cmp	r6, #0
10003300:	d100      	bne.n	10003304 <tud_task_ext+0x41c>
10003302:	e167      	b.n	100035d4 <tud_task_ext+0x6ec>
10003304:	1e70      	subs	r0, r6, #1
10003306:	b2c0      	uxtb	r0, r0
10003308:	f7ff fa86 	bl	10002818 <tud_descriptor_configuration_cb>
1000330c:	2800      	cmp	r0, #0
1000330e:	d100      	bne.n	10003312 <tud_task_ext+0x42a>
10003310:	e772      	b.n	100031f8 <tud_task_ext+0x310>
10003312:	7843      	ldrb	r3, [r0, #1]
10003314:	9305      	str	r3, [sp, #20]
10003316:	2b02      	cmp	r3, #2
10003318:	d000      	beq.n	1000331c <tud_task_ext+0x434>
1000331a:	e76d      	b.n	100031f8 <tud_task_ext+0x310>
1000331c:	2501      	movs	r5, #1
1000331e:	2610      	movs	r6, #16
10003320:	79c2      	ldrb	r2, [r0, #7]
10003322:	1153      	asrs	r3, r2, #5
10003324:	402b      	ands	r3, r5
10003326:	0119      	lsls	r1, r3, #4
10003328:	4ba2      	ldr	r3, [pc, #648]	; (100035b4 <tud_task_ext+0x6cc>)
1000332a:	1192      	asrs	r2, r2, #6
1000332c:	781b      	ldrb	r3, [r3, #0]
1000332e:	402a      	ands	r2, r5
10003330:	43b3      	bics	r3, r6
10003332:	430b      	orrs	r3, r1
10003334:	2120      	movs	r1, #32
10003336:	0152      	lsls	r2, r2, #5
10003338:	438b      	bics	r3, r1
1000333a:	4313      	orrs	r3, r2
1000333c:	4a9d      	ldr	r2, [pc, #628]	; (100035b4 <tud_task_ext+0x6cc>)
1000333e:	7013      	strb	r3, [r2, #0]
10003340:	2309      	movs	r3, #9
10003342:	4698      	mov	r8, r3
10003344:	78c3      	ldrb	r3, [r0, #3]
10003346:	7882      	ldrb	r2, [r0, #2]
10003348:	021b      	lsls	r3, r3, #8
1000334a:	4313      	orrs	r3, r2
1000334c:	18c3      	adds	r3, r0, r3
1000334e:	4480      	add	r8, r0
10003350:	9303      	str	r3, [sp, #12]
10003352:	4598      	cmp	r8, r3
10003354:	d300      	bcc.n	10003358 <tud_task_ext+0x470>
10003356:	e128      	b.n	100035aa <tud_task_ext+0x6c2>
10003358:	4b99      	ldr	r3, [pc, #612]	; (100035c0 <tud_task_ext+0x6d8>)
1000335a:	4646      	mov	r6, r8
1000335c:	4699      	mov	r9, r3
1000335e:	46b8      	mov	r8, r7
10003360:	2201      	movs	r2, #1
10003362:	7873      	ldrb	r3, [r6, #1]
10003364:	9201      	str	r2, [sp, #4]
10003366:	2b0b      	cmp	r3, #11
10003368:	d104      	bne.n	10003374 <tud_task_ext+0x48c>
1000336a:	78f3      	ldrb	r3, [r6, #3]
1000336c:	9301      	str	r3, [sp, #4]
1000336e:	7833      	ldrb	r3, [r6, #0]
10003370:	18f6      	adds	r6, r6, r3
10003372:	7873      	ldrb	r3, [r6, #1]
10003374:	2b04      	cmp	r3, #4
10003376:	d000      	beq.n	1000337a <tud_task_ext+0x492>
10003378:	e73e      	b.n	100031f8 <tud_task_ext+0x310>
1000337a:	9b03      	ldr	r3, [sp, #12]
1000337c:	2700      	movs	r7, #0
1000337e:	1b9b      	subs	r3, r3, r6
10003380:	b29b      	uxth	r3, r3
10003382:	9304      	str	r3, [sp, #16]
10003384:	4b8c      	ldr	r3, [pc, #560]	; (100035b8 <tud_task_ext+0x6d0>)
10003386:	781d      	ldrb	r5, [r3, #0]
10003388:	2300      	movs	r3, #0
1000338a:	9302      	str	r3, [sp, #8]
1000338c:	e01a      	b.n	100033c4 <tud_task_ext+0x4dc>
1000338e:	464a      	mov	r2, r9
10003390:	6812      	ldr	r2, [r2, #0]
10003392:	017b      	lsls	r3, r7, #5
10003394:	18d5      	adds	r5, r2, r3
10003396:	2d00      	cmp	r5, #0
10003398:	d100      	bne.n	1000339c <tud_task_ext+0x4b4>
1000339a:	e72d      	b.n	100031f8 <tud_task_ext+0x310>
1000339c:	9a04      	ldr	r2, [sp, #16]
1000339e:	0031      	movs	r1, r6
100033a0:	4640      	mov	r0, r8
100033a2:	692b      	ldr	r3, [r5, #16]
100033a4:	4798      	blx	r3
100033a6:	2808      	cmp	r0, #8
100033a8:	d903      	bls.n	100033b2 <tud_task_ext+0x4ca>
100033aa:	9b04      	ldr	r3, [sp, #16]
100033ac:	4283      	cmp	r3, r0
100033ae:	d300      	bcc.n	100033b2 <tud_task_ext+0x4ca>
100033b0:	e701      	b.n	100031b6 <tud_task_ext+0x2ce>
100033b2:	4b81      	ldr	r3, [pc, #516]	; (100035b8 <tud_task_ext+0x6d0>)
100033b4:	3701      	adds	r7, #1
100033b6:	781d      	ldrb	r5, [r3, #0]
100033b8:	b2ff      	uxtb	r7, r7
100033ba:	1c6b      	adds	r3, r5, #1
100033bc:	9702      	str	r7, [sp, #8]
100033be:	429f      	cmp	r7, r3
100033c0:	dd00      	ble.n	100033c4 <tud_task_ext+0x4dc>
100033c2:	e719      	b.n	100031f8 <tud_task_ext+0x310>
100033c4:	42bd      	cmp	r5, r7
100033c6:	d8e2      	bhi.n	1000338e <tud_task_ext+0x4a6>
100033c8:	9b02      	ldr	r3, [sp, #8]
100033ca:	1b5d      	subs	r5, r3, r5
100033cc:	4b7b      	ldr	r3, [pc, #492]	; (100035bc <tud_task_ext+0x6d4>)
100033ce:	016d      	lsls	r5, r5, #5
100033d0:	469c      	mov	ip, r3
100033d2:	4465      	add	r5, ip
100033d4:	e7e2      	b.n	1000339c <tud_task_ext+0x4b4>
100033d6:	4b77      	ldr	r3, [pc, #476]	; (100035b4 <tud_task_ext+0x6cc>)
100033d8:	aa06      	add	r2, sp, #24
100033da:	785b      	ldrb	r3, [r3, #1]
100033dc:	3202      	adds	r2, #2
100033de:	7013      	strb	r3, [r2, #0]
100033e0:	a908      	add	r1, sp, #32
100033e2:	2301      	movs	r3, #1
100033e4:	0038      	movs	r0, r7
100033e6:	f000 fa65 	bl	100038b4 <tud_control_xfer>
100033ea:	e58e      	b.n	10002f0a <tud_task_ext+0x22>
100033ec:	88e0      	ldrh	r0, [r4, #6]
100033ee:	0a03      	lsrs	r3, r0, #8
100033f0:	b2c0      	uxtb	r0, r0
100033f2:	2b0f      	cmp	r3, #15
100033f4:	d900      	bls.n	100033f8 <tud_task_ext+0x510>
100033f6:	e702      	b.n	100031fe <tud_task_ext+0x316>
100033f8:	4972      	ldr	r1, [pc, #456]	; (100035c4 <tud_task_ext+0x6dc>)
100033fa:	009a      	lsls	r2, r3, #2
100033fc:	588a      	ldr	r2, [r1, r2]
100033fe:	4697      	mov	pc, r2
10003400:	a808      	add	r0, sp, #32
10003402:	f000 fac1 	bl	10003988 <usbd_control_set_request>
10003406:	79a1      	ldrb	r1, [r4, #6]
10003408:	0038      	movs	r0, r7
1000340a:	f7ff fb9b 	bl	10002b44 <dcd_set_address>
1000340e:	2202      	movs	r2, #2
10003410:	4b68      	ldr	r3, [pc, #416]	; (100035b4 <tud_task_ext+0x6cc>)
10003412:	781b      	ldrb	r3, [r3, #0]
10003414:	4313      	orrs	r3, r2
10003416:	4a67      	ldr	r2, [pc, #412]	; (100035b4 <tud_task_ext+0x6cc>)
10003418:	7013      	strb	r3, [r2, #0]
1000341a:	e576      	b.n	10002f0a <tud_task_ext+0x22>
1000341c:	88e3      	ldrh	r3, [r4, #6]
1000341e:	2b01      	cmp	r3, #1
10003420:	d000      	beq.n	10003424 <tud_task_ext+0x53c>
10003422:	e6ec      	b.n	100031fe <tud_task_ext+0x316>
10003424:	2208      	movs	r2, #8
10003426:	4b63      	ldr	r3, [pc, #396]	; (100035b4 <tud_task_ext+0x6cc>)
10003428:	781b      	ldrb	r3, [r3, #0]
1000342a:	4393      	bics	r3, r2
1000342c:	4a61      	ldr	r2, [pc, #388]	; (100035b4 <tud_task_ext+0x6cc>)
1000342e:	7013      	strb	r3, [r2, #0]
10003430:	e743      	b.n	100032ba <tud_task_ext+0x3d2>
10003432:	2002      	movs	r0, #2
10003434:	4b5f      	ldr	r3, [pc, #380]	; (100035b4 <tud_task_ext+0x6cc>)
10003436:	7819      	ldrb	r1, [r3, #0]
10003438:	ab06      	add	r3, sp, #24
1000343a:	1c9a      	adds	r2, r3, #2
1000343c:	068b      	lsls	r3, r1, #26
1000343e:	0889      	lsrs	r1, r1, #2
10003440:	0fdb      	lsrs	r3, r3, #31
10003442:	4001      	ands	r1, r0
10003444:	430b      	orrs	r3, r1
10003446:	8013      	strh	r3, [r2, #0]
10003448:	a908      	add	r1, sp, #32
1000344a:	2302      	movs	r3, #2
1000344c:	0038      	movs	r0, r7
1000344e:	f000 fa31 	bl	100038b4 <tud_control_xfer>
10003452:	e55a      	b.n	10002f0a <tud_task_ext+0x22>
10003454:	88e3      	ldrh	r3, [r4, #6]
10003456:	2b01      	cmp	r3, #1
10003458:	d000      	beq.n	1000345c <tud_task_ext+0x574>
1000345a:	e6d0      	b.n	100031fe <tud_task_ext+0x316>
1000345c:	2208      	movs	r2, #8
1000345e:	4b55      	ldr	r3, [pc, #340]	; (100035b4 <tud_task_ext+0x6cc>)
10003460:	781b      	ldrb	r3, [r3, #0]
10003462:	4313      	orrs	r3, r2
10003464:	e7e2      	b.n	1000342c <tud_task_ext+0x544>
10003466:	7a23      	ldrb	r3, [r4, #8]
10003468:	2b0f      	cmp	r3, #15
1000346a:	d900      	bls.n	1000346e <tud_task_ext+0x586>
1000346c:	e6c7      	b.n	100031fe <tud_task_ext+0x316>
1000346e:	4a51      	ldr	r2, [pc, #324]	; (100035b4 <tud_task_ext+0x6cc>)
10003470:	4694      	mov	ip, r2
10003472:	4a51      	ldr	r2, [pc, #324]	; (100035b8 <tud_task_ext+0x6d0>)
10003474:	4463      	add	r3, ip
10003476:	791b      	ldrb	r3, [r3, #4]
10003478:	7812      	ldrb	r2, [r2, #0]
1000347a:	4293      	cmp	r3, r2
1000347c:	d251      	bcs.n	10003522 <tud_task_ext+0x63a>
1000347e:	4a50      	ldr	r2, [pc, #320]	; (100035c0 <tud_task_ext+0x6d8>)
10003480:	015b      	lsls	r3, r3, #5
10003482:	6815      	ldr	r5, [r2, #0]
10003484:	18ed      	adds	r5, r5, r3
10003486:	2d00      	cmp	r5, #0
10003488:	d100      	bne.n	1000348c <tud_task_ext+0x5a4>
1000348a:	e6b8      	b.n	100031fe <tud_task_ext+0x316>
1000348c:	6968      	ldr	r0, [r5, #20]
1000348e:	f000 fa75 	bl	1000397c <usbd_control_set_complete_callback>
10003492:	696b      	ldr	r3, [r5, #20]
10003494:	aa08      	add	r2, sp, #32
10003496:	2101      	movs	r1, #1
10003498:	0038      	movs	r0, r7
1000349a:	4798      	blx	r3
1000349c:	e6c0      	b.n	10003220 <tud_task_ext+0x338>
1000349e:	2600      	movs	r6, #0
100034a0:	2a00      	cmp	r2, #0
100034a2:	d000      	beq.n	100034a6 <tud_task_ext+0x5be>
100034a4:	e6ab      	b.n	100031fe <tud_task_ext+0x316>
100034a6:	7963      	ldrb	r3, [r4, #5]
100034a8:	4698      	mov	r8, r3
100034aa:	2b01      	cmp	r3, #1
100034ac:	d004      	beq.n	100034b8 <tud_task_ext+0x5d0>
100034ae:	2b00      	cmp	r3, #0
100034b0:	d02d      	beq.n	1000350e <tud_task_ext+0x626>
100034b2:	2b03      	cmp	r3, #3
100034b4:	d000      	beq.n	100034b8 <tud_task_ext+0x5d0>
100034b6:	e6a2      	b.n	100031fe <tud_task_ext+0x316>
100034b8:	88e3      	ldrh	r3, [r4, #6]
100034ba:	2b00      	cmp	r3, #0
100034bc:	d112      	bne.n	100034e4 <tud_task_ext+0x5fc>
100034be:	4b42      	ldr	r3, [pc, #264]	; (100035c8 <tud_task_ext+0x6e0>)
100034c0:	7818      	ldrb	r0, [r3, #0]
100034c2:	4643      	mov	r3, r8
100034c4:	2b01      	cmp	r3, #1
100034c6:	d035      	beq.n	10003534 <tud_task_ext+0x64c>
100034c8:	f7ff fbfc 	bl	10002cc4 <dcd_edpt_stall>
100034cc:	2102      	movs	r1, #2
100034ce:	4b39      	ldr	r3, [pc, #228]	; (100035b4 <tud_task_ext+0x6cc>)
100034d0:	195b      	adds	r3, r3, r5
100034d2:	444b      	add	r3, r9
100034d4:	3330      	adds	r3, #48	; 0x30
100034d6:	791a      	ldrb	r2, [r3, #4]
100034d8:	430a      	orrs	r2, r1
100034da:	2101      	movs	r1, #1
100034dc:	711a      	strb	r2, [r3, #4]
100034de:	791a      	ldrb	r2, [r3, #4]
100034e0:	430a      	orrs	r2, r1
100034e2:	711a      	strb	r2, [r3, #4]
100034e4:	2e00      	cmp	r6, #0
100034e6:	d100      	bne.n	100034ea <tud_task_ext+0x602>
100034e8:	e50f      	b.n	10002f0a <tud_task_ext+0x22>
100034ea:	6970      	ldr	r0, [r6, #20]
100034ec:	f000 fa46 	bl	1000397c <usbd_control_set_complete_callback>
100034f0:	6973      	ldr	r3, [r6, #20]
100034f2:	aa08      	add	r2, sp, #32
100034f4:	2101      	movs	r1, #1
100034f6:	0038      	movs	r0, r7
100034f8:	4798      	blx	r3
100034fa:	2000      	movs	r0, #0
100034fc:	f000 fa3e 	bl	1000397c <usbd_control_set_complete_callback>
10003500:	2335      	movs	r3, #53	; 0x35
10003502:	4a2c      	ldr	r2, [pc, #176]	; (100035b4 <tud_task_ext+0x6cc>)
10003504:	5cd3      	ldrb	r3, [r2, r3]
10003506:	07db      	lsls	r3, r3, #31
10003508:	d500      	bpl.n	1000350c <tud_task_ext+0x624>
1000350a:	e4fe      	b.n	10002f0a <tud_task_ext+0x22>
1000350c:	e6d5      	b.n	100032ba <tud_task_ext+0x3d2>
1000350e:	4b29      	ldr	r3, [pc, #164]	; (100035b4 <tud_task_ext+0x6cc>)
10003510:	aa06      	add	r2, sp, #24
10003512:	195b      	adds	r3, r3, r5
10003514:	444b      	add	r3, r9
10003516:	3330      	adds	r3, #48	; 0x30
10003518:	791b      	ldrb	r3, [r3, #4]
1000351a:	3202      	adds	r2, #2
1000351c:	079b      	lsls	r3, r3, #30
1000351e:	0fdb      	lsrs	r3, r3, #31
10003520:	e791      	b.n	10003446 <tud_task_ext+0x55e>
10003522:	1c51      	adds	r1, r2, #1
10003524:	4299      	cmp	r1, r3
10003526:	da00      	bge.n	1000352a <tud_task_ext+0x642>
10003528:	e669      	b.n	100031fe <tud_task_ext+0x316>
1000352a:	1a9b      	subs	r3, r3, r2
1000352c:	4d23      	ldr	r5, [pc, #140]	; (100035bc <tud_task_ext+0x6d4>)
1000352e:	015b      	lsls	r3, r3, #5
10003530:	18ed      	adds	r5, r5, r3
10003532:	e7ab      	b.n	1000348c <tud_task_ext+0x5a4>
10003534:	f7ff fbe0 	bl	10002cf8 <dcd_edpt_clear_stall>
10003538:	2102      	movs	r1, #2
1000353a:	4b1e      	ldr	r3, [pc, #120]	; (100035b4 <tud_task_ext+0x6cc>)
1000353c:	195b      	adds	r3, r3, r5
1000353e:	444b      	add	r3, r9
10003540:	3330      	adds	r3, #48	; 0x30
10003542:	791a      	ldrb	r2, [r3, #4]
10003544:	438a      	bics	r2, r1
10003546:	4641      	mov	r1, r8
10003548:	711a      	strb	r2, [r3, #4]
1000354a:	791a      	ldrb	r2, [r3, #4]
1000354c:	438a      	bics	r2, r1
1000354e:	711a      	strb	r2, [r3, #4]
10003550:	e7c8      	b.n	100034e4 <tud_task_ext+0x5fc>
10003552:	ab06      	add	r3, sp, #24
10003554:	1c9a      	adds	r2, r3, #2
10003556:	a908      	add	r1, sp, #32
10003558:	2301      	movs	r3, #1
1000355a:	0038      	movs	r0, r7
1000355c:	7015      	strb	r5, [r2, #0]
1000355e:	f000 f9a9 	bl	100038b4 <tud_control_xfer>
10003562:	e4d2      	b.n	10002f0a <tud_task_ext+0x22>
10003564:	4b19      	ldr	r3, [pc, #100]	; (100035cc <tud_task_ext+0x6e4>)
10003566:	692a      	ldr	r2, [r5, #16]
10003568:	429a      	cmp	r2, r3
1000356a:	d100      	bne.n	1000356e <tud_task_ext+0x686>
1000356c:	e0b6      	b.n	100036dc <tud_task_ext+0x7f4>
1000356e:	4a11      	ldr	r2, [pc, #68]	; (100035b4 <tud_task_ext+0x6cc>)
10003570:	78b3      	ldrb	r3, [r6, #2]
10003572:	4694      	mov	ip, r2
10003574:	4463      	add	r3, ip
10003576:	791a      	ldrb	r2, [r3, #4]
10003578:	2aff      	cmp	r2, #255	; 0xff
1000357a:	d000      	beq.n	1000357e <tud_task_ext+0x696>
1000357c:	e63c      	b.n	100031f8 <tud_task_ext+0x310>
1000357e:	711f      	strb	r7, [r3, #4]
10003580:	9d04      	ldr	r5, [sp, #16]
10003582:	003b      	movs	r3, r7
10003584:	002a      	movs	r2, r5
10003586:	0031      	movs	r1, r6
10003588:	4811      	ldr	r0, [pc, #68]	; (100035d0 <tud_task_ext+0x6e8>)
1000358a:	f000 ff61 	bl	10004450 <tu_edpt_bind_driver>
1000358e:	46ac      	mov	ip, r5
10003590:	4b09      	ldr	r3, [pc, #36]	; (100035b8 <tud_task_ext+0x6d0>)
10003592:	9a02      	ldr	r2, [sp, #8]
10003594:	781b      	ldrb	r3, [r3, #0]
10003596:	4466      	add	r6, ip
10003598:	3301      	adds	r3, #1
1000359a:	429a      	cmp	r2, r3
1000359c:	dd00      	ble.n	100035a0 <tud_task_ext+0x6b8>
1000359e:	e62b      	b.n	100031f8 <tud_task_ext+0x310>
100035a0:	9b03      	ldr	r3, [sp, #12]
100035a2:	42b3      	cmp	r3, r6
100035a4:	d900      	bls.n	100035a8 <tud_task_ext+0x6c0>
100035a6:	e6db      	b.n	10003360 <tud_task_ext+0x478>
100035a8:	4647      	mov	r7, r8
100035aa:	f7ff fc0d 	bl	10002dc8 <tud_mount_cb>
100035ae:	e684      	b.n	100032ba <tud_task_ext+0x3d2>
100035b0:	10005030 	.word	0x10005030
100035b4:	200014a4 	.word	0x200014a4
100035b8:	20001d99 	.word	0x20001d99
100035bc:	100050b4 	.word	0x100050b4
100035c0:	200012f4 	.word	0x200012f4
100035c4:	10005058 	.word	0x10005058
100035c8:	20001144 	.word	0x20001144
100035cc:	10003d21 	.word	0x10003d21
100035d0:	200014b8 	.word	0x200014b8
100035d4:	f7ff fbfa 	bl	10002dcc <tud_umount_cb>
100035d8:	e66f      	b.n	100032ba <tud_task_ext+0x3d2>
100035da:	2100      	movs	r1, #0
100035dc:	0038      	movs	r0, r7
100035de:	f7ff fabb 	bl	10002b58 <dcd_sof_enable>
100035e2:	0038      	movs	r0, r7
100035e4:	f7ff fb58 	bl	10002c98 <dcd_edpt_close_all>
100035e8:	4b3e      	ldr	r3, [pc, #248]	; (100036e4 <tud_task_ext+0x7fc>)
100035ea:	4d3f      	ldr	r5, [pc, #252]	; (100036e8 <tud_task_ext+0x800>)
100035ec:	789b      	ldrb	r3, [r3, #2]
100035ee:	493f      	ldr	r1, [pc, #252]	; (100036ec <tud_task_ext+0x804>)
100035f0:	9301      	str	r3, [sp, #4]
100035f2:	4688      	mov	r8, r1
100035f4:	2300      	movs	r3, #0
100035f6:	0029      	movs	r1, r5
100035f8:	782a      	ldrb	r2, [r5, #0]
100035fa:	4689      	mov	r9, r1
100035fc:	001d      	movs	r5, r3
100035fe:	e011      	b.n	10003624 <tud_task_ext+0x73c>
10003600:	4642      	mov	r2, r8
10003602:	6812      	ldr	r2, [r2, #0]
10003604:	016b      	lsls	r3, r5, #5
10003606:	4694      	mov	ip, r2
10003608:	4463      	add	r3, ip
1000360a:	2b00      	cmp	r3, #0
1000360c:	d022      	beq.n	10003654 <tud_task_ext+0x76c>
1000360e:	68db      	ldr	r3, [r3, #12]
10003610:	0038      	movs	r0, r7
10003612:	4798      	blx	r3
10003614:	464b      	mov	r3, r9
10003616:	781a      	ldrb	r2, [r3, #0]
10003618:	3501      	adds	r5, #1
1000361a:	b2ed      	uxtb	r5, r5
1000361c:	1c51      	adds	r1, r2, #1
1000361e:	002b      	movs	r3, r5
10003620:	428d      	cmp	r5, r1
10003622:	dc07      	bgt.n	10003634 <tud_task_ext+0x74c>
10003624:	4295      	cmp	r5, r2
10003626:	d3eb      	bcc.n	10003600 <tud_task_ext+0x718>
10003628:	1a9b      	subs	r3, r3, r2
1000362a:	4a31      	ldr	r2, [pc, #196]	; (100036f0 <tud_task_ext+0x808>)
1000362c:	015b      	lsls	r3, r3, #5
1000362e:	4694      	mov	ip, r2
10003630:	4463      	add	r3, ip
10003632:	e7ec      	b.n	1000360e <tud_task_ext+0x726>
10003634:	2254      	movs	r2, #84	; 0x54
10003636:	2100      	movs	r1, #0
10003638:	482a      	ldr	r0, [pc, #168]	; (100036e4 <tud_task_ext+0x7fc>)
1000363a:	f7fe fca1 	bl	10001f80 <__wrap_memset>
1000363e:	4b29      	ldr	r3, [pc, #164]	; (100036e4 <tud_task_ext+0x7fc>)
10003640:	2210      	movs	r2, #16
10003642:	21ff      	movs	r1, #255	; 0xff
10003644:	1d18      	adds	r0, r3, #4
10003646:	f7fe fc9b 	bl	10001f80 <__wrap_memset>
1000364a:	2220      	movs	r2, #32
1000364c:	21ff      	movs	r1, #255	; 0xff
1000364e:	4829      	ldr	r0, [pc, #164]	; (100036f4 <tud_task_ext+0x80c>)
10003650:	f7fe fc96 	bl	10001f80 <__wrap_memset>
10003654:	4b23      	ldr	r3, [pc, #140]	; (100036e4 <tud_task_ext+0x7fc>)
10003656:	9a01      	ldr	r2, [sp, #4]
10003658:	709a      	strb	r2, [r3, #2]
1000365a:	e64e      	b.n	100032fa <tud_task_ext+0x412>
1000365c:	f7fe fe8a 	bl	10002374 <tud_descriptor_bos_cb>
10003660:	1e02      	subs	r2, r0, #0
10003662:	d100      	bne.n	10003666 <tud_task_ext+0x77e>
10003664:	e5cb      	b.n	100031fe <tud_task_ext+0x316>
10003666:	78c3      	ldrb	r3, [r0, #3]
10003668:	7881      	ldrb	r1, [r0, #2]
1000366a:	021b      	lsls	r3, r3, #8
1000366c:	430b      	orrs	r3, r1
1000366e:	0038      	movs	r0, r7
10003670:	a908      	add	r1, sp, #32
10003672:	f000 f91f 	bl	100038b4 <tud_control_xfer>
10003676:	e5d3      	b.n	10003220 <tud_task_ext+0x338>
10003678:	f7ff fba2 	bl	10002dc0 <tud_descriptor_device_qualifier_cb>
1000367c:	1e02      	subs	r2, r0, #0
1000367e:	d100      	bne.n	10003682 <tud_task_ext+0x79a>
10003680:	e5bd      	b.n	100031fe <tud_task_ext+0x316>
10003682:	7813      	ldrb	r3, [r2, #0]
10003684:	a908      	add	r1, sp, #32
10003686:	0038      	movs	r0, r7
10003688:	f000 f914 	bl	100038b4 <tud_control_xfer>
1000368c:	e5c8      	b.n	10003220 <tud_task_ext+0x338>
1000368e:	2b02      	cmp	r3, #2
10003690:	d019      	beq.n	100036c6 <tud_task_ext+0x7de>
10003692:	f7ff fb97 	bl	10002dc4 <tud_descriptor_other_speed_configuration_cb>
10003696:	2800      	cmp	r0, #0
10003698:	d100      	bne.n	1000369c <tud_task_ext+0x7b4>
1000369a:	e5b0      	b.n	100031fe <tud_task_ext+0x316>
1000369c:	78c3      	ldrb	r3, [r0, #3]
1000369e:	7882      	ldrb	r2, [r0, #2]
100036a0:	021b      	lsls	r3, r3, #8
100036a2:	4313      	orrs	r3, r2
100036a4:	a908      	add	r1, sp, #32
100036a6:	0002      	movs	r2, r0
100036a8:	0038      	movs	r0, r7
100036aa:	f000 f903 	bl	100038b4 <tud_control_xfer>
100036ae:	e5b7      	b.n	10003220 <tud_task_ext+0x338>
100036b0:	f7ff f8ae 	bl	10002810 <tud_descriptor_device_cb>
100036b4:	1e02      	subs	r2, r0, #0
100036b6:	d100      	bne.n	100036ba <tud_task_ext+0x7d2>
100036b8:	e5a1      	b.n	100031fe <tud_task_ext+0x316>
100036ba:	2312      	movs	r3, #18
100036bc:	a908      	add	r1, sp, #32
100036be:	0038      	movs	r0, r7
100036c0:	f000 f8f8 	bl	100038b4 <tud_control_xfer>
100036c4:	e5ac      	b.n	10003220 <tud_task_ext+0x338>
100036c6:	f7ff f8a7 	bl	10002818 <tud_descriptor_configuration_cb>
100036ca:	2800      	cmp	r0, #0
100036cc:	d1e6      	bne.n	1000369c <tud_task_ext+0x7b4>
100036ce:	e596      	b.n	100031fe <tud_task_ext+0x316>
100036d0:	8921      	ldrh	r1, [r4, #8]
100036d2:	f7ff f8a5 	bl	10002820 <tud_descriptor_string_cb>
100036d6:	1e02      	subs	r2, r0, #0
100036d8:	d1d3      	bne.n	10003682 <tud_task_ext+0x79a>
100036da:	e590      	b.n	100031fe <tud_task_ext+0x316>
100036dc:	9b05      	ldr	r3, [sp, #20]
100036de:	9301      	str	r3, [sp, #4]
100036e0:	e572      	b.n	100031c8 <tud_task_ext+0x2e0>
100036e2:	46c0      	nop			; (mov r8, r8)
100036e4:	200014a4 	.word	0x200014a4
100036e8:	20001d99 	.word	0x20001d99
100036ec:	200012f4 	.word	0x200012f4
100036f0:	100050b4 	.word	0x100050b4
100036f4:	200014b8 	.word	0x200014b8

100036f8 <usbd_open_edpt_pair>:
100036f8:	b5f8      	push	{r3, r4, r5, r6, r7, lr}
100036fa:	4657      	mov	r7, sl
100036fc:	464e      	mov	r6, r9
100036fe:	46de      	mov	lr, fp
10003700:	4645      	mov	r5, r8
10003702:	000c      	movs	r4, r1
10003704:	b5e0      	push	{r5, r6, r7, lr}
10003706:	0016      	movs	r6, r2
10003708:	001f      	movs	r7, r3
1000370a:	2a00      	cmp	r2, #0
1000370c:	d04b      	beq.n	100037a6 <usbd_open_edpt_pair+0xae>
1000370e:	784b      	ldrb	r3, [r1, #1]
10003710:	2b05      	cmp	r3, #5
10003712:	d108      	bne.n	10003726 <usbd_open_edpt_pair+0x2e>
10003714:	78cb      	ldrb	r3, [r1, #3]
10003716:	079b      	lsls	r3, r3, #30
10003718:	0f9b      	lsrs	r3, r3, #30
1000371a:	42bb      	cmp	r3, r7
1000371c:	d103      	bne.n	10003726 <usbd_open_edpt_pair+0x2e>
1000371e:	2270      	movs	r2, #112	; 0x70
10003720:	788b      	ldrb	r3, [r1, #2]
10003722:	421a      	tst	r2, r3
10003724:	d006      	beq.n	10003734 <usbd_open_edpt_pair+0x3c>
10003726:	2000      	movs	r0, #0
10003728:	bc3c      	pop	{r2, r3, r4, r5}
1000372a:	4690      	mov	r8, r2
1000372c:	4699      	mov	r9, r3
1000372e:	46a2      	mov	sl, r4
10003730:	46ab      	mov	fp, r5
10003732:	bdf8      	pop	{r3, r4, r5, r6, r7, pc}
10003734:	4b1d      	ldr	r3, [pc, #116]	; (100037ac <usbd_open_edpt_pair+0xb4>)
10003736:	2500      	movs	r5, #0
10003738:	469b      	mov	fp, r3
1000373a:	781b      	ldrb	r3, [r3, #0]
1000373c:	4699      	mov	r9, r3
1000373e:	4b1c      	ldr	r3, [pc, #112]	; (100037b0 <usbd_open_edpt_pair+0xb8>)
10003740:	469a      	mov	sl, r3
10003742:	2370      	movs	r3, #112	; 0x70
10003744:	4698      	mov	r8, r3
10003746:	e002      	b.n	1000374e <usbd_open_edpt_pair+0x56>
10003748:	465b      	mov	r3, fp
1000374a:	781b      	ldrb	r3, [r3, #0]
1000374c:	4699      	mov	r9, r3
1000374e:	4653      	mov	r3, sl
10003750:	0020      	movs	r0, r4
10003752:	7899      	ldrb	r1, [r3, #2]
10003754:	f000 fe42 	bl	100043dc <tu_edpt_validate>
10003758:	2800      	cmp	r0, #0
1000375a:	d0e4      	beq.n	10003726 <usbd_open_edpt_pair+0x2e>
1000375c:	0021      	movs	r1, r4
1000375e:	4648      	mov	r0, r9
10003760:	f7ff fa16 	bl	10002b90 <dcd_edpt_open>
10003764:	2800      	cmp	r0, #0
10003766:	d0de      	beq.n	10003726 <usbd_open_edpt_pair+0x2e>
10003768:	78a3      	ldrb	r3, [r4, #2]
1000376a:	09da      	lsrs	r2, r3, #7
1000376c:	2a01      	cmp	r2, #1
1000376e:	d013      	beq.n	10003798 <usbd_open_edpt_pair+0xa0>
10003770:	9a0a      	ldr	r2, [sp, #40]	; 0x28
10003772:	3501      	adds	r5, #1
10003774:	7013      	strb	r3, [r2, #0]
10003776:	7823      	ldrb	r3, [r4, #0]
10003778:	18e4      	adds	r4, r4, r3
1000377a:	42b5      	cmp	r5, r6
1000377c:	da13      	bge.n	100037a6 <usbd_open_edpt_pair+0xae>
1000377e:	7863      	ldrb	r3, [r4, #1]
10003780:	2b05      	cmp	r3, #5
10003782:	d1d0      	bne.n	10003726 <usbd_open_edpt_pair+0x2e>
10003784:	78e3      	ldrb	r3, [r4, #3]
10003786:	079b      	lsls	r3, r3, #30
10003788:	0f9b      	lsrs	r3, r3, #30
1000378a:	42bb      	cmp	r3, r7
1000378c:	d1cb      	bne.n	10003726 <usbd_open_edpt_pair+0x2e>
1000378e:	4642      	mov	r2, r8
10003790:	78a3      	ldrb	r3, [r4, #2]
10003792:	421a      	tst	r2, r3
10003794:	d1c7      	bne.n	10003726 <usbd_open_edpt_pair+0x2e>
10003796:	e7d7      	b.n	10003748 <usbd_open_edpt_pair+0x50>
10003798:	9a0b      	ldr	r2, [sp, #44]	; 0x2c
1000379a:	3501      	adds	r5, #1
1000379c:	7013      	strb	r3, [r2, #0]
1000379e:	7823      	ldrb	r3, [r4, #0]
100037a0:	18e4      	adds	r4, r4, r3
100037a2:	42b5      	cmp	r5, r6
100037a4:	dbeb      	blt.n	1000377e <usbd_open_edpt_pair+0x86>
100037a6:	2001      	movs	r0, #1
100037a8:	e7be      	b.n	10003728 <usbd_open_edpt_pair+0x30>
100037aa:	46c0      	nop			; (mov r8, r8)
100037ac:	20001144 	.word	0x20001144
100037b0:	200014a4 	.word	0x200014a4

100037b4 <usbd_edpt_open>:
100037b4:	2270      	movs	r2, #112	; 0x70
100037b6:	b570      	push	{r4, r5, r6, lr}
100037b8:	788b      	ldrb	r3, [r1, #2]
100037ba:	000c      	movs	r4, r1
100037bc:	421a      	tst	r2, r3
100037be:	d001      	beq.n	100037c4 <usbd_edpt_open+0x10>
100037c0:	2000      	movs	r0, #0
100037c2:	bd70      	pop	{r4, r5, r6, pc}
100037c4:	4b06      	ldr	r3, [pc, #24]	; (100037e0 <usbd_edpt_open+0x2c>)
100037c6:	0020      	movs	r0, r4
100037c8:	781d      	ldrb	r5, [r3, #0]
100037ca:	4b06      	ldr	r3, [pc, #24]	; (100037e4 <usbd_edpt_open+0x30>)
100037cc:	7899      	ldrb	r1, [r3, #2]
100037ce:	f000 fe05 	bl	100043dc <tu_edpt_validate>
100037d2:	2800      	cmp	r0, #0
100037d4:	d0f4      	beq.n	100037c0 <usbd_edpt_open+0xc>
100037d6:	0021      	movs	r1, r4
100037d8:	0028      	movs	r0, r5
100037da:	f7ff f9d9 	bl	10002b90 <dcd_edpt_open>
100037de:	e7f0      	b.n	100037c2 <usbd_edpt_open+0xe>
100037e0:	20001144 	.word	0x20001144
100037e4:	200014a4 	.word	0x200014a4

100037e8 <usbd_edpt_claim>:
100037e8:	207f      	movs	r0, #127	; 0x7f
100037ea:	4b07      	ldr	r3, [pc, #28]	; (10003808 <usbd_edpt_claim+0x20>)
100037ec:	4008      	ands	r0, r1
100037ee:	09c9      	lsrs	r1, r1, #7
100037f0:	681a      	ldr	r2, [r3, #0]
100037f2:	000b      	movs	r3, r1
100037f4:	b510      	push	{r4, lr}
100037f6:	3334      	adds	r3, #52	; 0x34
100037f8:	0040      	lsls	r0, r0, #1
100037fa:	18c0      	adds	r0, r0, r3
100037fc:	4b03      	ldr	r3, [pc, #12]	; (1000380c <usbd_edpt_claim+0x24>)
100037fe:	0011      	movs	r1, r2
10003800:	1818      	adds	r0, r3, r0
10003802:	f000 fda9 	bl	10004358 <tu_edpt_claim>
10003806:	bd10      	pop	{r4, pc}
10003808:	200014f8 	.word	0x200014f8
1000380c:	200014a4 	.word	0x200014a4

10003810 <usbd_edpt_release>:
10003810:	207f      	movs	r0, #127	; 0x7f
10003812:	4b07      	ldr	r3, [pc, #28]	; (10003830 <usbd_edpt_release+0x20>)
10003814:	4008      	ands	r0, r1
10003816:	09c9      	lsrs	r1, r1, #7
10003818:	681a      	ldr	r2, [r3, #0]
1000381a:	000b      	movs	r3, r1
1000381c:	b510      	push	{r4, lr}
1000381e:	3334      	adds	r3, #52	; 0x34
10003820:	0040      	lsls	r0, r0, #1
10003822:	18c0      	adds	r0, r0, r3
10003824:	4b03      	ldr	r3, [pc, #12]	; (10003834 <usbd_edpt_release+0x24>)
10003826:	0011      	movs	r1, r2
10003828:	1818      	adds	r0, r3, r0
1000382a:	f000 fdbb 	bl	100043a4 <tu_edpt_release>
1000382e:	bd10      	pop	{r4, pc}
10003830:	200014f8 	.word	0x200014f8
10003834:	200014a4 	.word	0x200014a4

10003838 <usbd_edpt_xfer>:
10003838:	b570      	push	{r4, r5, r6, lr}
1000383a:	247f      	movs	r4, #127	; 0x7f
1000383c:	400c      	ands	r4, r1
1000383e:	0060      	lsls	r0, r4, #1
10003840:	4c0e      	ldr	r4, [pc, #56]	; (1000387c <usbd_edpt_xfer+0x44>)
10003842:	09cd      	lsrs	r5, r1, #7
10003844:	1824      	adds	r4, r4, r0
10003846:	1964      	adds	r4, r4, r5
10003848:	3430      	adds	r4, #48	; 0x30
1000384a:	7925      	ldrb	r5, [r4, #4]
1000384c:	2000      	movs	r0, #0
1000384e:	07ed      	lsls	r5, r5, #31
10003850:	d500      	bpl.n	10003854 <usbd_edpt_xfer+0x1c>
10003852:	bd70      	pop	{r4, r5, r6, pc}
10003854:	2601      	movs	r6, #1
10003856:	7925      	ldrb	r5, [r4, #4]
10003858:	4809      	ldr	r0, [pc, #36]	; (10003880 <usbd_edpt_xfer+0x48>)
1000385a:	4335      	orrs	r5, r6
1000385c:	7800      	ldrb	r0, [r0, #0]
1000385e:	7125      	strb	r5, [r4, #4]
10003860:	f7ff fa1e 	bl	10002ca0 <dcd_edpt_xfer>
10003864:	2800      	cmp	r0, #0
10003866:	d1f4      	bne.n	10003852 <usbd_edpt_xfer+0x1a>
10003868:	2201      	movs	r2, #1
1000386a:	7923      	ldrb	r3, [r4, #4]
1000386c:	4393      	bics	r3, r2
1000386e:	7123      	strb	r3, [r4, #4]
10003870:	7923      	ldrb	r3, [r4, #4]
10003872:	3203      	adds	r2, #3
10003874:	4393      	bics	r3, r2
10003876:	7123      	strb	r3, [r4, #4]
10003878:	e7eb      	b.n	10003852 <usbd_edpt_xfer+0x1a>
1000387a:	46c0      	nop			; (mov r8, r8)
1000387c:	200014a4 	.word	0x200014a4
10003880:	20001144 	.word	0x20001144

10003884 <tud_control_status>:
10003884:	b570      	push	{r4, r5, r6, lr}
10003886:	4c0a      	ldr	r4, [pc, #40]	; (100038b0 <tud_control_status+0x2c>)
10003888:	0006      	movs	r6, r0
1000388a:	2208      	movs	r2, #8
1000388c:	0020      	movs	r0, r4
1000388e:	000d      	movs	r5, r1
10003890:	f7fe fb7c 	bl	10001f8c <__wrap___aeabi_memcpy>
10003894:	2100      	movs	r1, #0
10003896:	5669      	ldrsb	r1, [r5, r1]
10003898:	2300      	movs	r3, #0
1000389a:	43c9      	mvns	r1, r1
1000389c:	0fc9      	lsrs	r1, r1, #31
1000389e:	0030      	movs	r0, r6
100038a0:	60e3      	str	r3, [r4, #12]
100038a2:	01c9      	lsls	r1, r1, #7
100038a4:	2200      	movs	r2, #0
100038a6:	60a3      	str	r3, [r4, #8]
100038a8:	f7ff ffc6 	bl	10003838 <usbd_edpt_xfer>
100038ac:	bd70      	pop	{r4, r5, r6, pc}
100038ae:	46c0      	nop			; (mov r8, r8)
100038b0:	20001484 	.word	0x20001484

100038b4 <tud_control_xfer>:
100038b4:	b5f0      	push	{r4, r5, r6, r7, lr}
100038b6:	46c6      	mov	lr, r8
100038b8:	4690      	mov	r8, r2
100038ba:	4c29      	ldr	r4, [pc, #164]	; (10003960 <tud_control_xfer+0xac>)
100038bc:	2208      	movs	r2, #8
100038be:	b500      	push	{lr}
100038c0:	0006      	movs	r6, r0
100038c2:	0020      	movs	r0, r4
100038c4:	000d      	movs	r5, r1
100038c6:	001f      	movs	r7, r3
100038c8:	f7fe fb60 	bl	10001f8c <__wrap___aeabi_memcpy>
100038cc:	4643      	mov	r3, r8
100038ce:	60a3      	str	r3, [r4, #8]
100038d0:	2300      	movs	r3, #0
100038d2:	81e3      	strh	r3, [r4, #14]
100038d4:	79eb      	ldrb	r3, [r5, #7]
100038d6:	79aa      	ldrb	r2, [r5, #6]
100038d8:	021b      	lsls	r3, r3, #8
100038da:	4313      	orrs	r3, r2
100038dc:	1c1a      	adds	r2, r3, #0
100038de:	42bb      	cmp	r3, r7
100038e0:	d900      	bls.n	100038e4 <tud_control_xfer+0x30>
100038e2:	1c3a      	adds	r2, r7, #0
100038e4:	b297      	uxth	r7, r2
100038e6:	81a2      	strh	r2, [r4, #12]
100038e8:	2b00      	cmp	r3, #0
100038ea:	d012      	beq.n	10003912 <tud_control_xfer+0x5e>
100038ec:	2f00      	cmp	r7, #0
100038ee:	d01d      	beq.n	1000392c <tud_control_xfer+0x78>
100038f0:	4643      	mov	r3, r8
100038f2:	2b00      	cmp	r3, #0
100038f4:	d031      	beq.n	1000395a <tud_control_xfer+0xa6>
100038f6:	1c3b      	adds	r3, r7, #0
100038f8:	2f40      	cmp	r7, #64	; 0x40
100038fa:	d81d      	bhi.n	10003938 <tud_control_xfer+0x84>
100038fc:	b29f      	uxth	r7, r3
100038fe:	7823      	ldrb	r3, [r4, #0]
10003900:	2b7f      	cmp	r3, #127	; 0x7f
10003902:	d81e      	bhi.n	10003942 <tud_control_xfer+0x8e>
10003904:	2100      	movs	r1, #0
10003906:	4a17      	ldr	r2, [pc, #92]	; (10003964 <tud_control_xfer+0xb0>)
10003908:	003b      	movs	r3, r7
1000390a:	0030      	movs	r0, r6
1000390c:	f7ff ff94 	bl	10003838 <usbd_edpt_xfer>
10003910:	e009      	b.n	10003926 <tud_control_xfer+0x72>
10003912:	2100      	movs	r1, #0
10003914:	5669      	ldrsb	r1, [r5, r1]
10003916:	2300      	movs	r3, #0
10003918:	43c9      	mvns	r1, r1
1000391a:	0fc9      	lsrs	r1, r1, #31
1000391c:	01c9      	lsls	r1, r1, #7
1000391e:	2200      	movs	r2, #0
10003920:	0030      	movs	r0, r6
10003922:	f7ff ff89 	bl	10003838 <usbd_edpt_xfer>
10003926:	bc04      	pop	{r2}
10003928:	4690      	mov	r8, r2
1000392a:	bdf0      	pop	{r4, r5, r6, r7, pc}
1000392c:	7823      	ldrb	r3, [r4, #0]
1000392e:	2b7f      	cmp	r3, #127	; 0x7f
10003930:	d910      	bls.n	10003954 <tud_control_xfer+0xa0>
10003932:	2180      	movs	r1, #128	; 0x80
10003934:	2200      	movs	r2, #0
10003936:	e7e7      	b.n	10003908 <tud_control_xfer+0x54>
10003938:	2340      	movs	r3, #64	; 0x40
1000393a:	b29f      	uxth	r7, r3
1000393c:	7823      	ldrb	r3, [r4, #0]
1000393e:	2b7f      	cmp	r3, #127	; 0x7f
10003940:	d9e0      	bls.n	10003904 <tud_control_xfer+0x50>
10003942:	4c08      	ldr	r4, [pc, #32]	; (10003964 <tud_control_xfer+0xb0>)
10003944:	003a      	movs	r2, r7
10003946:	4641      	mov	r1, r8
10003948:	0020      	movs	r0, r4
1000394a:	f7fe fb1f 	bl	10001f8c <__wrap___aeabi_memcpy>
1000394e:	2180      	movs	r1, #128	; 0x80
10003950:	0022      	movs	r2, r4
10003952:	e7d9      	b.n	10003908 <tud_control_xfer+0x54>
10003954:	2100      	movs	r1, #0
10003956:	2200      	movs	r2, #0
10003958:	e7d6      	b.n	10003908 <tud_control_xfer+0x54>
1000395a:	2000      	movs	r0, #0
1000395c:	e7e3      	b.n	10003926 <tud_control_xfer+0x72>
1000395e:	46c0      	nop			; (mov r8, r8)
10003960:	20001484 	.word	0x20001484
10003964:	20001444 	.word	0x20001444

10003968 <usbd_control_reset>:
10003968:	b510      	push	{r4, lr}
1000396a:	2214      	movs	r2, #20
1000396c:	2100      	movs	r1, #0
1000396e:	4802      	ldr	r0, [pc, #8]	; (10003978 <usbd_control_reset+0x10>)
10003970:	f7fe fb06 	bl	10001f80 <__wrap_memset>
10003974:	bd10      	pop	{r4, pc}
10003976:	46c0      	nop			; (mov r8, r8)
10003978:	20001484 	.word	0x20001484

1000397c <usbd_control_set_complete_callback>:
1000397c:	4b01      	ldr	r3, [pc, #4]	; (10003984 <usbd_control_set_complete_callback+0x8>)
1000397e:	6118      	str	r0, [r3, #16]
10003980:	4770      	bx	lr
10003982:	46c0      	nop			; (mov r8, r8)
10003984:	20001484 	.word	0x20001484

10003988 <usbd_control_set_request>:
10003988:	b510      	push	{r4, lr}
1000398a:	4c05      	ldr	r4, [pc, #20]	; (100039a0 <usbd_control_set_request+0x18>)
1000398c:	0001      	movs	r1, r0
1000398e:	2208      	movs	r2, #8
10003990:	0020      	movs	r0, r4
10003992:	f7fe fafb 	bl	10001f8c <__wrap___aeabi_memcpy>
10003996:	2300      	movs	r3, #0
10003998:	60a3      	str	r3, [r4, #8]
1000399a:	60e3      	str	r3, [r4, #12]
1000399c:	bd10      	pop	{r4, pc}
1000399e:	46c0      	nop			; (mov r8, r8)
100039a0:	20001484 	.word	0x20001484

100039a4 <usbd_control_xfer_cb>:
100039a4:	b5f8      	push	{r3, r4, r5, r6, r7, lr}
100039a6:	4c39      	ldr	r4, [pc, #228]	; (10003a8c <usbd_control_xfer_cb+0xe8>)
100039a8:	001d      	movs	r5, r3
100039aa:	7823      	ldrb	r3, [r4, #0]
100039ac:	0006      	movs	r6, r0
100039ae:	09da      	lsrs	r2, r3, #7
100039b0:	09c9      	lsrs	r1, r1, #7
100039b2:	428a      	cmp	r2, r1
100039b4:	d010      	beq.n	100039d8 <usbd_control_xfer_cb+0x34>
100039b6:	2000      	movs	r0, #0
100039b8:	2d00      	cmp	r5, #0
100039ba:	d000      	beq.n	100039be <usbd_control_xfer_cb+0x1a>
100039bc:	bdf8      	pop	{r3, r4, r5, r6, r7, pc}
100039be:	0021      	movs	r1, r4
100039c0:	0030      	movs	r0, r6
100039c2:	f7ff f8d7 	bl	10002b74 <dcd_edpt0_status_complete>
100039c6:	6923      	ldr	r3, [r4, #16]
100039c8:	2b00      	cmp	r3, #0
100039ca:	d041      	beq.n	10003a50 <usbd_control_xfer_cb+0xac>
100039cc:	0022      	movs	r2, r4
100039ce:	2103      	movs	r1, #3
100039d0:	0030      	movs	r0, r6
100039d2:	4798      	blx	r3
100039d4:	2001      	movs	r0, #1
100039d6:	e7f1      	b.n	100039bc <usbd_control_xfer_cb+0x18>
100039d8:	68a0      	ldr	r0, [r4, #8]
100039da:	2b7f      	cmp	r3, #127	; 0x7f
100039dc:	d806      	bhi.n	100039ec <usbd_control_xfer_cb+0x48>
100039de:	2800      	cmp	r0, #0
100039e0:	d038      	beq.n	10003a54 <usbd_control_xfer_cb+0xb0>
100039e2:	002a      	movs	r2, r5
100039e4:	492a      	ldr	r1, [pc, #168]	; (10003a90 <usbd_control_xfer_cb+0xec>)
100039e6:	f7fe fad1 	bl	10001f8c <__wrap___aeabi_memcpy>
100039ea:	68a0      	ldr	r0, [r4, #8]
100039ec:	89e2      	ldrh	r2, [r4, #14]
100039ee:	88e3      	ldrh	r3, [r4, #6]
100039f0:	1952      	adds	r2, r2, r5
100039f2:	b292      	uxth	r2, r2
100039f4:	1940      	adds	r0, r0, r5
100039f6:	81e2      	strh	r2, [r4, #14]
100039f8:	60a0      	str	r0, [r4, #8]
100039fa:	4293      	cmp	r3, r2
100039fc:	d014      	beq.n	10003a28 <usbd_control_xfer_cb+0x84>
100039fe:	2d3f      	cmp	r5, #63	; 0x3f
10003a00:	d912      	bls.n	10003a28 <usbd_control_xfer_cb+0x84>
10003a02:	89a5      	ldrh	r5, [r4, #12]
10003a04:	1aa9      	subs	r1, r5, r2
10003a06:	1c0f      	adds	r7, r1, #0
10003a08:	b289      	uxth	r1, r1
10003a0a:	2940      	cmp	r1, #64	; 0x40
10003a0c:	d82e      	bhi.n	10003a6c <usbd_control_xfer_cb+0xc8>
10003a0e:	7823      	ldrb	r3, [r4, #0]
10003a10:	b2bf      	uxth	r7, r7
10003a12:	2b7f      	cmp	r3, #127	; 0x7f
10003a14:	d82c      	bhi.n	10003a70 <usbd_control_xfer_cb+0xcc>
10003a16:	2100      	movs	r1, #0
10003a18:	42aa      	cmp	r2, r5
10003a1a:	d035      	beq.n	10003a88 <usbd_control_xfer_cb+0xe4>
10003a1c:	4a1c      	ldr	r2, [pc, #112]	; (10003a90 <usbd_control_xfer_cb+0xec>)
10003a1e:	003b      	movs	r3, r7
10003a20:	0030      	movs	r0, r6
10003a22:	f7ff ff09 	bl	10003838 <usbd_edpt_xfer>
10003a26:	e7c9      	b.n	100039bc <usbd_control_xfer_cb+0x18>
10003a28:	6923      	ldr	r3, [r4, #16]
10003a2a:	2b00      	cmp	r3, #0
10003a2c:	d005      	beq.n	10003a3a <usbd_control_xfer_cb+0x96>
10003a2e:	0022      	movs	r2, r4
10003a30:	2102      	movs	r1, #2
10003a32:	0030      	movs	r0, r6
10003a34:	4798      	blx	r3
10003a36:	2800      	cmp	r0, #0
10003a38:	d00e      	beq.n	10003a58 <usbd_control_xfer_cb+0xb4>
10003a3a:	2100      	movs	r1, #0
10003a3c:	5661      	ldrsb	r1, [r4, r1]
10003a3e:	2300      	movs	r3, #0
10003a40:	43c9      	mvns	r1, r1
10003a42:	0fc9      	lsrs	r1, r1, #31
10003a44:	01c9      	lsls	r1, r1, #7
10003a46:	2200      	movs	r2, #0
10003a48:	0030      	movs	r0, r6
10003a4a:	f7ff fef5 	bl	10003838 <usbd_edpt_xfer>
10003a4e:	e7b5      	b.n	100039bc <usbd_control_xfer_cb+0x18>
10003a50:	2001      	movs	r0, #1
10003a52:	e7b3      	b.n	100039bc <usbd_control_xfer_cb+0x18>
10003a54:	2000      	movs	r0, #0
10003a56:	e7b1      	b.n	100039bc <usbd_control_xfer_cb+0x18>
10003a58:	2100      	movs	r1, #0
10003a5a:	0030      	movs	r0, r6
10003a5c:	f7ff f932 	bl	10002cc4 <dcd_edpt_stall>
10003a60:	0030      	movs	r0, r6
10003a62:	2180      	movs	r1, #128	; 0x80
10003a64:	f7ff f92e 	bl	10002cc4 <dcd_edpt_stall>
10003a68:	2001      	movs	r0, #1
10003a6a:	e7a7      	b.n	100039bc <usbd_control_xfer_cb+0x18>
10003a6c:	2740      	movs	r7, #64	; 0x40
10003a6e:	e7ce      	b.n	10003a0e <usbd_control_xfer_cb+0x6a>
10003a70:	2180      	movs	r1, #128	; 0x80
10003a72:	42aa      	cmp	r2, r5
10003a74:	d008      	beq.n	10003a88 <usbd_control_xfer_cb+0xe4>
10003a76:	4c06      	ldr	r4, [pc, #24]	; (10003a90 <usbd_control_xfer_cb+0xec>)
10003a78:	0001      	movs	r1, r0
10003a7a:	003a      	movs	r2, r7
10003a7c:	0020      	movs	r0, r4
10003a7e:	f7fe fa85 	bl	10001f8c <__wrap___aeabi_memcpy>
10003a82:	2180      	movs	r1, #128	; 0x80
10003a84:	0022      	movs	r2, r4
10003a86:	e7ca      	b.n	10003a1e <usbd_control_xfer_cb+0x7a>
10003a88:	2200      	movs	r2, #0
10003a8a:	e7c8      	b.n	10003a1e <usbd_control_xfer_cb+0x7a>
10003a8c:	20001484 	.word	0x20001484
10003a90:	20001444 	.word	0x20001444

10003a94 <tud_cdc_n_connected>:
10003a94:	b510      	push	{r4, lr}
10003a96:	0004      	movs	r4, r0
10003a98:	f7ff f99e 	bl	10002dd8 <tud_mounted>
10003a9c:	2800      	cmp	r0, #0
10003a9e:	d101      	bne.n	10003aa4 <tud_cdc_n_connected+0x10>
10003aa0:	2000      	movs	r0, #0
10003aa2:	bd10      	pop	{r4, pc}
10003aa4:	f7ff f9a0 	bl	10002de8 <tud_suspended>
10003aa8:	2800      	cmp	r0, #0
10003aaa:	d1f9      	bne.n	10003aa0 <tud_cdc_n_connected+0xc>
10003aac:	30c8      	adds	r0, #200	; 0xc8
10003aae:	4344      	muls	r4, r0
10003ab0:	4802      	ldr	r0, [pc, #8]	; (10003abc <tud_cdc_n_connected+0x28>)
10003ab2:	1900      	adds	r0, r0, r4
10003ab4:	7903      	ldrb	r3, [r0, #4]
10003ab6:	2001      	movs	r0, #1
10003ab8:	4018      	ands	r0, r3
10003aba:	e7f2      	b.n	10003aa2 <tud_cdc_n_connected+0xe>
10003abc:	2000137c 	.word	0x2000137c

10003ac0 <tud_cdc_n_available>:
10003ac0:	23c8      	movs	r3, #200	; 0xc8
10003ac2:	4358      	muls	r0, r3
10003ac4:	b510      	push	{r4, lr}
10003ac6:	4b03      	ldr	r3, [pc, #12]	; (10003ad4 <tud_cdc_n_available+0x14>)
10003ac8:	3010      	adds	r0, #16
10003aca:	18c0      	adds	r0, r0, r3
10003acc:	f000 fe18 	bl	10004700 <tu_fifo_count>
10003ad0:	bd10      	pop	{r4, pc}
10003ad2:	46c0      	nop			; (mov r8, r8)
10003ad4:	2000137c 	.word	0x2000137c

10003ad8 <tud_cdc_n_read>:
10003ad8:	b5f0      	push	{r4, r5, r6, r7, lr}
10003ada:	24c8      	movs	r4, #200	; 0xc8
10003adc:	46c6      	mov	lr, r8
10003ade:	4344      	muls	r4, r0
10003ae0:	4f1e      	ldr	r7, [pc, #120]	; (10003b5c <tud_cdc_n_read+0x84>)
10003ae2:	4b1f      	ldr	r3, [pc, #124]	; (10003b60 <tud_cdc_n_read+0x88>)
10003ae4:	3410      	adds	r4, #16
10003ae6:	b500      	push	{lr}
10003ae8:	0006      	movs	r6, r0
10003aea:	193c      	adds	r4, r7, r4
10003aec:	429a      	cmp	r2, r3
10003aee:	d900      	bls.n	10003af2 <tud_cdc_n_read+0x1a>
10003af0:	4a1c      	ldr	r2, [pc, #112]	; (10003b64 <tud_cdc_n_read+0x8c>)
10003af2:	b292      	uxth	r2, r2
10003af4:	0020      	movs	r0, r4
10003af6:	f000 fe85 	bl	10004804 <tu_fifo_read_n>
10003afa:	4680      	mov	r8, r0
10003afc:	f7ff f96c 	bl	10002dd8 <tud_mounted>
10003b00:	2800      	cmp	r0, #0
10003b02:	d103      	bne.n	10003b0c <tud_cdc_n_read+0x34>
10003b04:	4640      	mov	r0, r8
10003b06:	bc04      	pop	{r2}
10003b08:	4690      	mov	r8, r2
10003b0a:	bdf0      	pop	{r4, r5, r6, r7, pc}
10003b0c:	f7ff f96c 	bl	10002de8 <tud_suspended>
10003b10:	2800      	cmp	r0, #0
10003b12:	d1f7      	bne.n	10003b04 <tud_cdc_n_read+0x2c>
10003b14:	25c8      	movs	r5, #200	; 0xc8
10003b16:	4375      	muls	r5, r6
10003b18:	197d      	adds	r5, r7, r5
10003b1a:	78eb      	ldrb	r3, [r5, #3]
10003b1c:	2b00      	cmp	r3, #0
10003b1e:	d0f1      	beq.n	10003b04 <tud_cdc_n_read+0x2c>
10003b20:	0020      	movs	r0, r4
10003b22:	f000 fe09 	bl	10004738 <tu_fifo_remaining>
10003b26:	283f      	cmp	r0, #63	; 0x3f
10003b28:	d9ec      	bls.n	10003b04 <tud_cdc_n_read+0x2c>
10003b2a:	78e9      	ldrb	r1, [r5, #3]
10003b2c:	2000      	movs	r0, #0
10003b2e:	f7ff fe5b 	bl	100037e8 <usbd_edpt_claim>
10003b32:	2800      	cmp	r0, #0
10003b34:	d0e6      	beq.n	10003b04 <tud_cdc_n_read+0x2c>
10003b36:	0020      	movs	r0, r4
10003b38:	f000 fdfe 	bl	10004738 <tu_fifo_remaining>
10003b3c:	283f      	cmp	r0, #63	; 0x3f
10003b3e:	d908      	bls.n	10003b52 <tud_cdc_n_read+0x7a>
10003b40:	4a09      	ldr	r2, [pc, #36]	; (10003b68 <tud_cdc_n_read+0x90>)
10003b42:	01f6      	lsls	r6, r6, #7
10003b44:	18b2      	adds	r2, r6, r2
10003b46:	78e9      	ldrb	r1, [r5, #3]
10003b48:	2340      	movs	r3, #64	; 0x40
10003b4a:	2000      	movs	r0, #0
10003b4c:	f7ff fe74 	bl	10003838 <usbd_edpt_xfer>
10003b50:	e7d8      	b.n	10003b04 <tud_cdc_n_read+0x2c>
10003b52:	78e9      	ldrb	r1, [r5, #3]
10003b54:	2000      	movs	r0, #0
10003b56:	f7ff fe5b 	bl	10003810 <usbd_edpt_release>
10003b5a:	e7d3      	b.n	10003b04 <tud_cdc_n_read+0x2c>
10003b5c:	2000137c 	.word	0x2000137c
10003b60:	0000fffe 	.word	0x0000fffe
10003b64:	0000ffff 	.word	0x0000ffff
10003b68:	200012f8 	.word	0x200012f8

10003b6c <tud_cdc_n_write_flush>:
10003b6c:	b5f8      	push	{r3, r4, r5, r6, r7, lr}
10003b6e:	0004      	movs	r4, r0
10003b70:	f7ff f932 	bl	10002dd8 <tud_mounted>
10003b74:	2800      	cmp	r0, #0
10003b76:	d101      	bne.n	10003b7c <tud_cdc_n_write_flush+0x10>
10003b78:	2000      	movs	r0, #0
10003b7a:	bdf8      	pop	{r3, r4, r5, r6, r7, pc}
10003b7c:	f7ff f934 	bl	10002de8 <tud_suspended>
10003b80:	2800      	cmp	r0, #0
10003b82:	d1f9      	bne.n	10003b78 <tud_cdc_n_write_flush+0xc>
10003b84:	25c8      	movs	r5, #200	; 0xc8
10003b86:	4365      	muls	r5, r4
10003b88:	002e      	movs	r6, r5
10003b8a:	4f14      	ldr	r7, [pc, #80]	; (10003bdc <tud_cdc_n_write_flush+0x70>)
10003b8c:	3624      	adds	r6, #36	; 0x24
10003b8e:	19f6      	adds	r6, r6, r7
10003b90:	0030      	movs	r0, r6
10003b92:	f000 fdb5 	bl	10004700 <tu_fifo_count>
10003b96:	2800      	cmp	r0, #0
10003b98:	d0ee      	beq.n	10003b78 <tud_cdc_n_write_flush+0xc>
10003b9a:	197d      	adds	r5, r7, r5
10003b9c:	78a9      	ldrb	r1, [r5, #2]
10003b9e:	2000      	movs	r0, #0
10003ba0:	f7ff fe22 	bl	100037e8 <usbd_edpt_claim>
10003ba4:	2800      	cmp	r0, #0
10003ba6:	d0e7      	beq.n	10003b78 <tud_cdc_n_write_flush+0xc>
10003ba8:	01e4      	lsls	r4, r4, #7
10003baa:	3440      	adds	r4, #64	; 0x40
10003bac:	0027      	movs	r7, r4
10003bae:	4c0c      	ldr	r4, [pc, #48]	; (10003be0 <tud_cdc_n_write_flush+0x74>)
10003bb0:	2240      	movs	r2, #64	; 0x40
10003bb2:	193f      	adds	r7, r7, r4
10003bb4:	0039      	movs	r1, r7
10003bb6:	0030      	movs	r0, r6
10003bb8:	f000 fe24 	bl	10004804 <tu_fifo_read_n>
10003bbc:	78a9      	ldrb	r1, [r5, #2]
10003bbe:	1e04      	subs	r4, r0, #0
10003bc0:	d008      	beq.n	10003bd4 <tud_cdc_n_write_flush+0x68>
10003bc2:	0003      	movs	r3, r0
10003bc4:	003a      	movs	r2, r7
10003bc6:	2000      	movs	r0, #0
10003bc8:	f7ff fe36 	bl	10003838 <usbd_edpt_xfer>
10003bcc:	2800      	cmp	r0, #0
10003bce:	d0d3      	beq.n	10003b78 <tud_cdc_n_write_flush+0xc>
10003bd0:	0020      	movs	r0, r4
10003bd2:	e7d2      	b.n	10003b7a <tud_cdc_n_write_flush+0xe>
10003bd4:	2000      	movs	r0, #0
10003bd6:	f7ff fe1b 	bl	10003810 <usbd_edpt_release>
10003bda:	e7cd      	b.n	10003b78 <tud_cdc_n_write_flush+0xc>
10003bdc:	2000137c 	.word	0x2000137c
10003be0:	200012f8 	.word	0x200012f8

10003be4 <tud_cdc_n_write>:
10003be4:	b570      	push	{r4, r5, r6, lr}
10003be6:	24c8      	movs	r4, #200	; 0xc8
10003be8:	4344      	muls	r4, r0
10003bea:	4b0c      	ldr	r3, [pc, #48]	; (10003c1c <tud_cdc_n_write+0x38>)
10003bec:	3424      	adds	r4, #36	; 0x24
10003bee:	18e4      	adds	r4, r4, r3
10003bf0:	4b0b      	ldr	r3, [pc, #44]	; (10003c20 <tud_cdc_n_write+0x3c>)
10003bf2:	0005      	movs	r5, r0
10003bf4:	429a      	cmp	r2, r3
10003bf6:	d900      	bls.n	10003bfa <tud_cdc_n_write+0x16>
10003bf8:	4a0a      	ldr	r2, [pc, #40]	; (10003c24 <tud_cdc_n_write+0x40>)
10003bfa:	b292      	uxth	r2, r2
10003bfc:	0020      	movs	r0, r4
10003bfe:	f000 febf 	bl	10004980 <tu_fifo_write_n>
10003c02:	0006      	movs	r6, r0
10003c04:	0020      	movs	r0, r4
10003c06:	f000 fd7b 	bl	10004700 <tu_fifo_count>
10003c0a:	283f      	cmp	r0, #63	; 0x3f
10003c0c:	d801      	bhi.n	10003c12 <tud_cdc_n_write+0x2e>
10003c0e:	0030      	movs	r0, r6
10003c10:	bd70      	pop	{r4, r5, r6, pc}
10003c12:	0028      	movs	r0, r5
10003c14:	f7ff ffaa 	bl	10003b6c <tud_cdc_n_write_flush>
10003c18:	e7f9      	b.n	10003c0e <tud_cdc_n_write+0x2a>
10003c1a:	46c0      	nop			; (mov r8, r8)
10003c1c:	2000137c 	.word	0x2000137c
10003c20:	0000fffe 	.word	0x0000fffe
10003c24:	0000ffff 	.word	0x0000ffff

10003c28 <tud_cdc_n_write_available>:
10003c28:	23c8      	movs	r3, #200	; 0xc8
10003c2a:	4358      	muls	r0, r3
10003c2c:	b510      	push	{r4, lr}
10003c2e:	4b03      	ldr	r3, [pc, #12]	; (10003c3c <tud_cdc_n_write_available+0x14>)
10003c30:	3024      	adds	r0, #36	; 0x24
10003c32:	18c0      	adds	r0, r0, r3
10003c34:	f000 fd80 	bl	10004738 <tu_fifo_remaining>
10003c38:	bd10      	pop	{r4, pc}
10003c3a:	46c0      	nop			; (mov r8, r8)
10003c3c:	2000137c 	.word	0x2000137c

10003c40 <cdcd_init>:
10003c40:	b5f0      	push	{r4, r5, r6, r7, lr}
10003c42:	2500      	movs	r5, #0
10003c44:	4c18      	ldr	r4, [pc, #96]	; (10003ca8 <cdcd_init+0x68>)
10003c46:	b083      	sub	sp, #12
10003c48:	22c8      	movs	r2, #200	; 0xc8
10003c4a:	2100      	movs	r1, #0
10003c4c:	0020      	movs	r0, r4
10003c4e:	f7fe f997 	bl	10001f80 <__wrap_memset>
10003c52:	4b16      	ldr	r3, [pc, #88]	; (10003cac <cdcd_init+0x6c>)
10003c54:	0021      	movs	r1, r4
10003c56:	701d      	strb	r5, [r3, #0]
10003c58:	23ff      	movs	r3, #255	; 0xff
10003c5a:	7163      	strb	r3, [r4, #5]
10003c5c:	23e1      	movs	r3, #225	; 0xe1
10003c5e:	025b      	lsls	r3, r3, #9
10003c60:	60a3      	str	r3, [r4, #8]
10003c62:	0020      	movs	r0, r4
10003c64:	2308      	movs	r3, #8
10003c66:	3138      	adds	r1, #56	; 0x38
10003c68:	73a3      	strb	r3, [r4, #14]
10003c6a:	2240      	movs	r2, #64	; 0x40
10003c6c:	9500      	str	r5, [sp, #0]
10003c6e:	3b07      	subs	r3, #7
10003c70:	3010      	adds	r0, #16
10003c72:	f000 fd07 	bl	10004684 <tu_fifo_config>
10003c76:	0027      	movs	r7, r4
10003c78:	2301      	movs	r3, #1
10003c7a:	0021      	movs	r1, r4
10003c7c:	0020      	movs	r0, r4
10003c7e:	0026      	movs	r6, r4
10003c80:	3178      	adds	r1, #120	; 0x78
10003c82:	9300      	str	r3, [sp, #0]
10003c84:	2240      	movs	r2, #64	; 0x40
10003c86:	37b8      	adds	r7, #184	; 0xb8
10003c88:	3024      	adds	r0, #36	; 0x24
10003c8a:	f000 fcfb 	bl	10004684 <tu_fifo_config>
10003c8e:	36c0      	adds	r6, #192	; 0xc0
10003c90:	0038      	movs	r0, r7
10003c92:	f7fd f941 	bl	10000f18 <mutex_init>
10003c96:	0030      	movs	r0, r6
10003c98:	f7fd f93e 	bl	10000f18 <mutex_init>
10003c9c:	61e5      	str	r5, [r4, #28]
10003c9e:	6227      	str	r7, [r4, #32]
10003ca0:	6326      	str	r6, [r4, #48]	; 0x30
10003ca2:	6365      	str	r5, [r4, #52]	; 0x34
10003ca4:	b003      	add	sp, #12
10003ca6:	bdf0      	pop	{r4, r5, r6, r7, pc}
10003ca8:	2000137c 	.word	0x2000137c
10003cac:	20001378 	.word	0x20001378

10003cb0 <cdcd_deinit>:
10003cb0:	4b07      	ldr	r3, [pc, #28]	; (10003cd0 <cdcd_deinit+0x20>)
10003cb2:	6a1a      	ldr	r2, [r3, #32]
10003cb4:	6b19      	ldr	r1, [r3, #48]	; 0x30
10003cb6:	2a00      	cmp	r2, #0
10003cb8:	d002      	beq.n	10003cc0 <cdcd_deinit+0x10>
10003cba:	2200      	movs	r2, #0
10003cbc:	61da      	str	r2, [r3, #28]
10003cbe:	621a      	str	r2, [r3, #32]
10003cc0:	2900      	cmp	r1, #0
10003cc2:	d002      	beq.n	10003cca <cdcd_deinit+0x1a>
10003cc4:	2200      	movs	r2, #0
10003cc6:	631a      	str	r2, [r3, #48]	; 0x30
10003cc8:	635a      	str	r2, [r3, #52]	; 0x34
10003cca:	2001      	movs	r0, #1
10003ccc:	4770      	bx	lr
10003cce:	46c0      	nop			; (mov r8, r8)
10003cd0:	2000137c 	.word	0x2000137c

10003cd4 <cdcd_reset>:
10003cd4:	b570      	push	{r4, r5, r6, lr}
10003cd6:	4c0f      	ldr	r4, [pc, #60]	; (10003d14 <cdcd_reset+0x40>)
10003cd8:	2205      	movs	r2, #5
10003cda:	2100      	movs	r1, #0
10003cdc:	0020      	movs	r0, r4
10003cde:	f7fe f94f 	bl	10001f80 <__wrap_memset>
10003ce2:	4d0d      	ldr	r5, [pc, #52]	; (10003d18 <cdcd_reset+0x44>)
10003ce4:	782b      	ldrb	r3, [r5, #0]
10003ce6:	07da      	lsls	r2, r3, #31
10003ce8:	d507      	bpl.n	10003cfa <cdcd_reset+0x26>
10003cea:	4c0c      	ldr	r4, [pc, #48]	; (10003d1c <cdcd_reset+0x48>)
10003cec:	079b      	lsls	r3, r3, #30
10003cee:	d50c      	bpl.n	10003d0a <cdcd_reset+0x36>
10003cf0:	2101      	movs	r1, #1
10003cf2:	0020      	movs	r0, r4
10003cf4:	f000 ff14 	bl	10004b20 <tu_fifo_set_overwritable>
10003cf8:	bd70      	pop	{r4, r5, r6, pc}
10003cfa:	0020      	movs	r0, r4
10003cfc:	3010      	adds	r0, #16
10003cfe:	f000 feef 	bl	10004ae0 <tu_fifo_clear>
10003d02:	782b      	ldrb	r3, [r5, #0]
10003d04:	4c05      	ldr	r4, [pc, #20]	; (10003d1c <cdcd_reset+0x48>)
10003d06:	079b      	lsls	r3, r3, #30
10003d08:	d4f2      	bmi.n	10003cf0 <cdcd_reset+0x1c>
10003d0a:	0020      	movs	r0, r4
10003d0c:	f000 fee8 	bl	10004ae0 <tu_fifo_clear>
10003d10:	e7ee      	b.n	10003cf0 <cdcd_reset+0x1c>
10003d12:	46c0      	nop			; (mov r8, r8)
10003d14:	2000137c 	.word	0x2000137c
10003d18:	20001378 	.word	0x20001378
10003d1c:	200013a0 	.word	0x200013a0

10003d20 <cdcd_open>:
10003d20:	b5f0      	push	{r4, r5, r6, r7, lr}
10003d22:	46c6      	mov	lr, r8
10003d24:	b500      	push	{lr}
10003d26:	794b      	ldrb	r3, [r1, #5]
10003d28:	b082      	sub	sp, #8
10003d2a:	0006      	movs	r6, r0
10003d2c:	2b02      	cmp	r3, #2
10003d2e:	d102      	bne.n	10003d36 <cdcd_open+0x16>
10003d30:	798b      	ldrb	r3, [r1, #6]
10003d32:	2b02      	cmp	r3, #2
10003d34:	d005      	beq.n	10003d42 <cdcd_open+0x22>
10003d36:	2500      	movs	r5, #0
10003d38:	0028      	movs	r0, r5
10003d3a:	b002      	add	sp, #8
10003d3c:	bc04      	pop	{r2}
10003d3e:	4690      	mov	r8, r2
10003d40:	bdf0      	pop	{r4, r5, r6, r7, pc}
10003d42:	4f34      	ldr	r7, [pc, #208]	; (10003e14 <cdcd_open+0xf4>)
10003d44:	78bb      	ldrb	r3, [r7, #2]
10003d46:	2b00      	cmp	r3, #0
10003d48:	d1f5      	bne.n	10003d36 <cdcd_open+0x16>
10003d4a:	788b      	ldrb	r3, [r1, #2]
10003d4c:	2509      	movs	r5, #9
10003d4e:	703b      	strb	r3, [r7, #0]
10003d50:	780c      	ldrb	r4, [r1, #0]
10003d52:	190c      	adds	r4, r1, r4
10003d54:	7863      	ldrb	r3, [r4, #1]
10003d56:	2b24      	cmp	r3, #36	; 0x24
10003d58:	d10b      	bne.n	10003d72 <cdcd_open+0x52>
10003d5a:	2a08      	cmp	r2, #8
10003d5c:	d802      	bhi.n	10003d64 <cdcd_open+0x44>
10003d5e:	e00f      	b.n	10003d80 <cdcd_open+0x60>
10003d60:	42aa      	cmp	r2, r5
10003d62:	d30d      	bcc.n	10003d80 <cdcd_open+0x60>
10003d64:	7823      	ldrb	r3, [r4, #0]
10003d66:	18e4      	adds	r4, r4, r3
10003d68:	18ed      	adds	r5, r5, r3
10003d6a:	7863      	ldrb	r3, [r4, #1]
10003d6c:	b2ad      	uxth	r5, r5
10003d6e:	2b24      	cmp	r3, #36	; 0x24
10003d70:	d0f6      	beq.n	10003d60 <cdcd_open+0x40>
10003d72:	2b05      	cmp	r3, #5
10003d74:	d028      	beq.n	10003dc8 <cdcd_open+0xa8>
10003d76:	2b04      	cmp	r3, #4
10003d78:	d102      	bne.n	10003d80 <cdcd_open+0x60>
10003d7a:	7963      	ldrb	r3, [r4, #5]
10003d7c:	2b0a      	cmp	r3, #10
10003d7e:	d031      	beq.n	10003de4 <cdcd_open+0xc4>
10003d80:	f7ff f82a 	bl	10002dd8 <tud_mounted>
10003d84:	2800      	cmp	r0, #0
10003d86:	d0d7      	beq.n	10003d38 <cdcd_open+0x18>
10003d88:	f7ff f82e 	bl	10002de8 <tud_suspended>
10003d8c:	2800      	cmp	r0, #0
10003d8e:	d1d3      	bne.n	10003d38 <cdcd_open+0x18>
10003d90:	78fb      	ldrb	r3, [r7, #3]
10003d92:	2b00      	cmp	r3, #0
10003d94:	d0d0      	beq.n	10003d38 <cdcd_open+0x18>
10003d96:	003c      	movs	r4, r7
10003d98:	3410      	adds	r4, #16
10003d9a:	0020      	movs	r0, r4
10003d9c:	f000 fccc 	bl	10004738 <tu_fifo_remaining>
10003da0:	283f      	cmp	r0, #63	; 0x3f
10003da2:	d9c9      	bls.n	10003d38 <cdcd_open+0x18>
10003da4:	78f9      	ldrb	r1, [r7, #3]
10003da6:	2000      	movs	r0, #0
10003da8:	f7ff fd1e 	bl	100037e8 <usbd_edpt_claim>
10003dac:	2800      	cmp	r0, #0
10003dae:	d0c3      	beq.n	10003d38 <cdcd_open+0x18>
10003db0:	0020      	movs	r0, r4
10003db2:	f000 fcc1 	bl	10004738 <tu_fifo_remaining>
10003db6:	78f9      	ldrb	r1, [r7, #3]
10003db8:	283f      	cmp	r0, #63	; 0x3f
10003dba:	d926      	bls.n	10003e0a <cdcd_open+0xea>
10003dbc:	2340      	movs	r3, #64	; 0x40
10003dbe:	4a16      	ldr	r2, [pc, #88]	; (10003e18 <cdcd_open+0xf8>)
10003dc0:	2000      	movs	r0, #0
10003dc2:	f7ff fd39 	bl	10003838 <usbd_edpt_xfer>
10003dc6:	e7b7      	b.n	10003d38 <cdcd_open+0x18>
10003dc8:	0021      	movs	r1, r4
10003dca:	0030      	movs	r0, r6
10003dcc:	f7ff fcf2 	bl	100037b4 <usbd_edpt_open>
10003dd0:	2800      	cmp	r0, #0
10003dd2:	d0b0      	beq.n	10003d36 <cdcd_open+0x16>
10003dd4:	78a3      	ldrb	r3, [r4, #2]
10003dd6:	707b      	strb	r3, [r7, #1]
10003dd8:	7823      	ldrb	r3, [r4, #0]
10003dda:	18ed      	adds	r5, r5, r3
10003ddc:	18e4      	adds	r4, r4, r3
10003dde:	b2ad      	uxth	r5, r5
10003de0:	7863      	ldrb	r3, [r4, #1]
10003de2:	e7c8      	b.n	10003d76 <cdcd_open+0x56>
10003de4:	7823      	ldrb	r3, [r4, #0]
10003de6:	0021      	movs	r1, r4
10003de8:	4698      	mov	r8, r3
10003dea:	4b0c      	ldr	r3, [pc, #48]	; (10003e1c <cdcd_open+0xfc>)
10003dec:	4441      	add	r1, r8
10003dee:	9301      	str	r3, [sp, #4]
10003df0:	3301      	adds	r3, #1
10003df2:	9300      	str	r3, [sp, #0]
10003df4:	2202      	movs	r2, #2
10003df6:	2302      	movs	r3, #2
10003df8:	0030      	movs	r0, r6
10003dfa:	f7ff fc7d 	bl	100036f8 <usbd_open_edpt_pair>
10003dfe:	2800      	cmp	r0, #0
10003e00:	d099      	beq.n	10003d36 <cdcd_open+0x16>
10003e02:	350e      	adds	r5, #14
10003e04:	4445      	add	r5, r8
10003e06:	b2ad      	uxth	r5, r5
10003e08:	e7ba      	b.n	10003d80 <cdcd_open+0x60>
10003e0a:	2000      	movs	r0, #0
10003e0c:	f7ff fd00 	bl	10003810 <usbd_edpt_release>
10003e10:	e792      	b.n	10003d38 <cdcd_open+0x18>
10003e12:	46c0      	nop			; (mov r8, r8)
10003e14:	2000137c 	.word	0x2000137c
10003e18:	200012f8 	.word	0x200012f8
10003e1c:	2000137e 	.word	0x2000137e

10003e20 <cdcd_control_xfer_cb>:
10003e20:	b5f8      	push	{r3, r4, r5, r6, r7, lr}
10003e22:	2360      	movs	r3, #96	; 0x60
10003e24:	0014      	movs	r4, r2
10003e26:	7812      	ldrb	r2, [r2, #0]
10003e28:	4013      	ands	r3, r2
10003e2a:	2200      	movs	r2, #0
10003e2c:	2b20      	cmp	r3, #32
10003e2e:	d107      	bne.n	10003e40 <cdcd_control_xfer_cb+0x20>
10003e30:	4d2e      	ldr	r5, [pc, #184]	; (10003eec <cdcd_control_xfer_cb+0xcc>)
10003e32:	7963      	ldrb	r3, [r4, #5]
10003e34:	7927      	ldrb	r7, [r4, #4]
10003e36:	782e      	ldrb	r6, [r5, #0]
10003e38:	021b      	lsls	r3, r3, #8
10003e3a:	433b      	orrs	r3, r7
10003e3c:	429e      	cmp	r6, r3
10003e3e:	d001      	beq.n	10003e44 <cdcd_control_xfer_cb+0x24>
10003e40:	0010      	movs	r0, r2
10003e42:	bdf8      	pop	{r3, r4, r5, r6, r7, pc}
10003e44:	7863      	ldrb	r3, [r4, #1]
10003e46:	2b21      	cmp	r3, #33	; 0x21
10003e48:	d036      	beq.n	10003eb8 <cdcd_control_xfer_cb+0x98>
10003e4a:	d909      	bls.n	10003e60 <cdcd_control_xfer_cb+0x40>
10003e4c:	2b22      	cmp	r3, #34	; 0x22
10003e4e:	d017      	beq.n	10003e80 <cdcd_control_xfer_cb+0x60>
10003e50:	2b23      	cmp	r3, #35	; 0x23
10003e52:	d1f5      	bne.n	10003e40 <cdcd_control_xfer_cb+0x20>
10003e54:	2901      	cmp	r1, #1
10003e56:	d044      	beq.n	10003ee2 <cdcd_control_xfer_cb+0xc2>
10003e58:	2903      	cmp	r1, #3
10003e5a:	d036      	beq.n	10003eca <cdcd_control_xfer_cb+0xaa>
10003e5c:	2201      	movs	r2, #1
10003e5e:	e7ef      	b.n	10003e40 <cdcd_control_xfer_cb+0x20>
10003e60:	2b20      	cmp	r3, #32
10003e62:	d1ed      	bne.n	10003e40 <cdcd_control_xfer_cb+0x20>
10003e64:	2901      	cmp	r1, #1
10003e66:	d029      	beq.n	10003ebc <cdcd_control_xfer_cb+0x9c>
10003e68:	2903      	cmp	r1, #3
10003e6a:	d1f7      	bne.n	10003e5c <cdcd_control_xfer_cb+0x3c>
10003e6c:	4b20      	ldr	r3, [pc, #128]	; (10003ef0 <cdcd_control_xfer_cb+0xd0>)
10003e6e:	2b00      	cmp	r3, #0
10003e70:	d0f4      	beq.n	10003e5c <cdcd_control_xfer_cb+0x3c>
10003e72:	0029      	movs	r1, r5
10003e74:	2000      	movs	r0, #0
10003e76:	3108      	adds	r1, #8
10003e78:	f7fe faa0 	bl	100023bc <tud_cdc_line_coding_cb>
10003e7c:	2201      	movs	r2, #1
10003e7e:	e7df      	b.n	10003e40 <cdcd_control_xfer_cb+0x20>
10003e80:	2901      	cmp	r1, #1
10003e82:	d02e      	beq.n	10003ee2 <cdcd_control_xfer_cb+0xc2>
10003e84:	2903      	cmp	r1, #3
10003e86:	d1e9      	bne.n	10003e5c <cdcd_control_xfer_cb+0x3c>
10003e88:	2601      	movs	r6, #1
10003e8a:	78a1      	ldrb	r1, [r4, #2]
10003e8c:	78e4      	ldrb	r4, [r4, #3]
10003e8e:	0028      	movs	r0, r5
10003e90:	0224      	lsls	r4, r4, #8
10003e92:	430c      	orrs	r4, r1
10003e94:	0031      	movs	r1, r6
10003e96:	712c      	strb	r4, [r5, #4]
10003e98:	43a1      	bics	r1, r4
10003e9a:	3024      	adds	r0, #36	; 0x24
10003e9c:	f000 fe40 	bl	10004b20 <tu_fifo_set_overwritable>
10003ea0:	4b14      	ldr	r3, [pc, #80]	; (10003ef4 <cdcd_control_xfer_cb+0xd4>)
10003ea2:	2b00      	cmp	r3, #0
10003ea4:	d0da      	beq.n	10003e5c <cdcd_control_xfer_cb+0x3c>
10003ea6:	0031      	movs	r1, r6
10003ea8:	0862      	lsrs	r2, r4, #1
10003eaa:	4032      	ands	r2, r6
10003eac:	4021      	ands	r1, r4
10003eae:	2000      	movs	r0, #0
10003eb0:	e000      	b.n	10003eb4 <cdcd_control_xfer_cb+0x94>
10003eb2:	bf00      	nop
10003eb4:	2201      	movs	r2, #1
10003eb6:	e7c3      	b.n	10003e40 <cdcd_control_xfer_cb+0x20>
10003eb8:	2901      	cmp	r1, #1
10003eba:	d1cf      	bne.n	10003e5c <cdcd_control_xfer_cb+0x3c>
10003ebc:	4a0e      	ldr	r2, [pc, #56]	; (10003ef8 <cdcd_control_xfer_cb+0xd8>)
10003ebe:	2307      	movs	r3, #7
10003ec0:	0021      	movs	r1, r4
10003ec2:	f7ff fcf7 	bl	100038b4 <tud_control_xfer>
10003ec6:	2201      	movs	r2, #1
10003ec8:	e7ba      	b.n	10003e40 <cdcd_control_xfer_cb+0x20>
10003eca:	4b0c      	ldr	r3, [pc, #48]	; (10003efc <cdcd_control_xfer_cb+0xdc>)
10003ecc:	2b00      	cmp	r3, #0
10003ece:	d0c5      	beq.n	10003e5c <cdcd_control_xfer_cb+0x3c>
10003ed0:	78e1      	ldrb	r1, [r4, #3]
10003ed2:	78a3      	ldrb	r3, [r4, #2]
10003ed4:	0209      	lsls	r1, r1, #8
10003ed6:	4319      	orrs	r1, r3
10003ed8:	2000      	movs	r0, #0
10003eda:	e000      	b.n	10003ede <cdcd_control_xfer_cb+0xbe>
10003edc:	bf00      	nop
10003ede:	2201      	movs	r2, #1
10003ee0:	e7ae      	b.n	10003e40 <cdcd_control_xfer_cb+0x20>
10003ee2:	0021      	movs	r1, r4
10003ee4:	f7ff fcce 	bl	10003884 <tud_control_status>
10003ee8:	2201      	movs	r2, #1
10003eea:	e7a9      	b.n	10003e40 <cdcd_control_xfer_cb+0x20>
10003eec:	2000137c 	.word	0x2000137c
10003ef0:	100023bd 	.word	0x100023bd
10003ef4:	00000000 	.word	0x00000000
10003ef8:	20001384 	.word	0x20001384
10003efc:	00000000 	.word	0x00000000

10003f00 <cdcd_xfer_cb>:
10003f00:	b5f0      	push	{r4, r5, r6, r7, lr}
10003f02:	4645      	mov	r5, r8
10003f04:	4657      	mov	r7, sl
10003f06:	46de      	mov	lr, fp
10003f08:	464e      	mov	r6, r9
10003f0a:	b5e0      	push	{r5, r6, r7, lr}
10003f0c:	4c5f      	ldr	r4, [pc, #380]	; (1000408c <cdcd_xfer_cb+0x18c>)
10003f0e:	001f      	movs	r7, r3
10003f10:	78e3      	ldrb	r3, [r4, #3]
10003f12:	b083      	sub	sp, #12
10003f14:	4680      	mov	r8, r0
10003f16:	000d      	movs	r5, r1
10003f18:	428b      	cmp	r3, r1
10003f1a:	d163      	bne.n	10003fe4 <cdcd_xfer_cb+0xe4>
10003f1c:	4b5c      	ldr	r3, [pc, #368]	; (10004090 <cdcd_xfer_cb+0x190>)
10003f1e:	b2ba      	uxth	r2, r7
10003f20:	469b      	mov	fp, r3
10003f22:	2310      	movs	r3, #16
10003f24:	469a      	mov	sl, r3
10003f26:	44a2      	add	sl, r4
10003f28:	4659      	mov	r1, fp
10003f2a:	4650      	mov	r0, sl
10003f2c:	f000 fd28 	bl	10004980 <tu_fifo_write_n>
10003f30:	4b58      	ldr	r3, [pc, #352]	; (10004094 <cdcd_xfer_cb+0x194>)
10003f32:	2b00      	cmp	r3, #0
10003f34:	d01a      	beq.n	10003f6c <cdcd_xfer_cb+0x6c>
10003f36:	7963      	ldrb	r3, [r4, #5]
10003f38:	2bff      	cmp	r3, #255	; 0xff
10003f3a:	d017      	beq.n	10003f6c <cdcd_xfer_cb+0x6c>
10003f3c:	2f00      	cmp	r7, #0
10003f3e:	d015      	beq.n	10003f6c <cdcd_xfer_cb+0x6c>
10003f40:	46b9      	mov	r9, r7
10003f42:	465e      	mov	r6, fp
10003f44:	44d9      	add	r9, fp
10003f46:	9401      	str	r4, [sp, #4]
10003f48:	e003      	b.n	10003f52 <cdcd_xfer_cb+0x52>
10003f4a:	3601      	adds	r6, #1
10003f4c:	454e      	cmp	r6, r9
10003f4e:	d00d      	beq.n	10003f6c <cdcd_xfer_cb+0x6c>
10003f50:	7963      	ldrb	r3, [r4, #5]
10003f52:	7832      	ldrb	r2, [r6, #0]
10003f54:	429a      	cmp	r2, r3
10003f56:	d1f8      	bne.n	10003f4a <cdcd_xfer_cb+0x4a>
10003f58:	4650      	mov	r0, sl
10003f5a:	f000 fbe5 	bl	10004728 <tu_fifo_empty>
10003f5e:	2800      	cmp	r0, #0
10003f60:	d1f3      	bne.n	10003f4a <cdcd_xfer_cb+0x4a>
10003f62:	9b01      	ldr	r3, [sp, #4]
10003f64:	7959      	ldrb	r1, [r3, #5]
10003f66:	e000      	b.n	10003f6a <cdcd_xfer_cb+0x6a>
10003f68:	bf00      	nop
10003f6a:	e7ee      	b.n	10003f4a <cdcd_xfer_cb+0x4a>
10003f6c:	4b4a      	ldr	r3, [pc, #296]	; (10004098 <cdcd_xfer_cb+0x198>)
10003f6e:	2b00      	cmp	r3, #0
10003f70:	d005      	beq.n	10003f7e <cdcd_xfer_cb+0x7e>
10003f72:	484a      	ldr	r0, [pc, #296]	; (1000409c <cdcd_xfer_cb+0x19c>)
10003f74:	f000 fbd8 	bl	10004728 <tu_fifo_empty>
10003f78:	2800      	cmp	r0, #0
10003f7a:	d100      	bne.n	10003f7e <cdcd_xfer_cb+0x7e>
10003f7c:	e07b      	b.n	10004076 <cdcd_xfer_cb+0x176>
10003f7e:	f7fe ff2b 	bl	10002dd8 <tud_mounted>
10003f82:	2800      	cmp	r0, #0
10003f84:	d156      	bne.n	10004034 <cdcd_xfer_cb+0x134>
10003f86:	78a3      	ldrb	r3, [r4, #2]
10003f88:	429d      	cmp	r5, r3
10003f8a:	d008      	beq.n	10003f9e <cdcd_xfer_cb+0x9e>
10003f8c:	2401      	movs	r4, #1
10003f8e:	0020      	movs	r0, r4
10003f90:	b003      	add	sp, #12
10003f92:	bc3c      	pop	{r2, r3, r4, r5}
10003f94:	4690      	mov	r8, r2
10003f96:	4699      	mov	r9, r3
10003f98:	46a2      	mov	sl, r4
10003f9a:	46ab      	mov	fp, r5
10003f9c:	bdf0      	pop	{r4, r5, r6, r7, pc}
10003f9e:	4b40      	ldr	r3, [pc, #256]	; (100040a0 <cdcd_xfer_cb+0x1a0>)
10003fa0:	2b00      	cmp	r3, #0
10003fa2:	d002      	beq.n	10003faa <cdcd_xfer_cb+0xaa>
10003fa4:	2000      	movs	r0, #0
10003fa6:	e000      	b.n	10003faa <cdcd_xfer_cb+0xaa>
10003fa8:	bf00      	nop
10003faa:	f7fe ff15 	bl	10002dd8 <tud_mounted>
10003fae:	2800      	cmp	r0, #0
10003fb0:	d11d      	bne.n	10003fee <cdcd_xfer_cb+0xee>
10003fb2:	4c3c      	ldr	r4, [pc, #240]	; (100040a4 <cdcd_xfer_cb+0x1a4>)
10003fb4:	0020      	movs	r0, r4
10003fb6:	f000 fba3 	bl	10004700 <tu_fifo_count>
10003fba:	2800      	cmp	r0, #0
10003fbc:	d1e6      	bne.n	10003f8c <cdcd_xfer_cb+0x8c>
10003fbe:	2f00      	cmp	r7, #0
10003fc0:	d0e4      	beq.n	10003f8c <cdcd_xfer_cb+0x8c>
10003fc2:	06bb      	lsls	r3, r7, #26
10003fc4:	d1e2      	bne.n	10003f8c <cdcd_xfer_cb+0x8c>
10003fc6:	3c24      	subs	r4, #36	; 0x24
10003fc8:	78a1      	ldrb	r1, [r4, #2]
10003fca:	4640      	mov	r0, r8
10003fcc:	f7ff fc0c 	bl	100037e8 <usbd_edpt_claim>
10003fd0:	0025      	movs	r5, r4
10003fd2:	1e04      	subs	r4, r0, #0
10003fd4:	d0da      	beq.n	10003f8c <cdcd_xfer_cb+0x8c>
10003fd6:	78a9      	ldrb	r1, [r5, #2]
10003fd8:	2300      	movs	r3, #0
10003fda:	2200      	movs	r2, #0
10003fdc:	4640      	mov	r0, r8
10003fde:	f7ff fc2b 	bl	10003838 <usbd_edpt_xfer>
10003fe2:	e7d4      	b.n	10003f8e <cdcd_xfer_cb+0x8e>
10003fe4:	78a3      	ldrb	r3, [r4, #2]
10003fe6:	428b      	cmp	r3, r1
10003fe8:	d0d9      	beq.n	10003f9e <cdcd_xfer_cb+0x9e>
10003fea:	2400      	movs	r4, #0
10003fec:	e7cf      	b.n	10003f8e <cdcd_xfer_cb+0x8e>
10003fee:	f7fe fefb 	bl	10002de8 <tud_suspended>
10003ff2:	4c2c      	ldr	r4, [pc, #176]	; (100040a4 <cdcd_xfer_cb+0x1a4>)
10003ff4:	2800      	cmp	r0, #0
10003ff6:	d1dd      	bne.n	10003fb4 <cdcd_xfer_cb+0xb4>
10003ff8:	0020      	movs	r0, r4
10003ffa:	f000 fb81 	bl	10004700 <tu_fifo_count>
10003ffe:	2800      	cmp	r0, #0
10004000:	d0d8      	beq.n	10003fb4 <cdcd_xfer_cb+0xb4>
10004002:	0025      	movs	r5, r4
10004004:	3d24      	subs	r5, #36	; 0x24
10004006:	78a9      	ldrb	r1, [r5, #2]
10004008:	2000      	movs	r0, #0
1000400a:	f7ff fbed 	bl	100037e8 <usbd_edpt_claim>
1000400e:	2800      	cmp	r0, #0
10004010:	d0d0      	beq.n	10003fb4 <cdcd_xfer_cb+0xb4>
10004012:	4e25      	ldr	r6, [pc, #148]	; (100040a8 <cdcd_xfer_cb+0x1a8>)
10004014:	2240      	movs	r2, #64	; 0x40
10004016:	0031      	movs	r1, r6
10004018:	0020      	movs	r0, r4
1000401a:	f000 fbf3 	bl	10004804 <tu_fifo_read_n>
1000401e:	78a9      	ldrb	r1, [r5, #2]
10004020:	2800      	cmp	r0, #0
10004022:	d02b      	beq.n	1000407c <cdcd_xfer_cb+0x17c>
10004024:	0003      	movs	r3, r0
10004026:	0032      	movs	r2, r6
10004028:	2000      	movs	r0, #0
1000402a:	f7ff fc05 	bl	10003838 <usbd_edpt_xfer>
1000402e:	2800      	cmp	r0, #0
10004030:	d1ac      	bne.n	10003f8c <cdcd_xfer_cb+0x8c>
10004032:	e7bf      	b.n	10003fb4 <cdcd_xfer_cb+0xb4>
10004034:	f7fe fed8 	bl	10002de8 <tud_suspended>
10004038:	2800      	cmp	r0, #0
1000403a:	d1a4      	bne.n	10003f86 <cdcd_xfer_cb+0x86>
1000403c:	78e3      	ldrb	r3, [r4, #3]
1000403e:	2b00      	cmp	r3, #0
10004040:	d0a1      	beq.n	10003f86 <cdcd_xfer_cb+0x86>
10004042:	0026      	movs	r6, r4
10004044:	3610      	adds	r6, #16
10004046:	0030      	movs	r0, r6
10004048:	f000 fb76 	bl	10004738 <tu_fifo_remaining>
1000404c:	283f      	cmp	r0, #63	; 0x3f
1000404e:	d99a      	bls.n	10003f86 <cdcd_xfer_cb+0x86>
10004050:	78e1      	ldrb	r1, [r4, #3]
10004052:	2000      	movs	r0, #0
10004054:	f7ff fbc8 	bl	100037e8 <usbd_edpt_claim>
10004058:	2800      	cmp	r0, #0
1000405a:	d094      	beq.n	10003f86 <cdcd_xfer_cb+0x86>
1000405c:	0030      	movs	r0, r6
1000405e:	f000 fb6b 	bl	10004738 <tu_fifo_remaining>
10004062:	78e1      	ldrb	r1, [r4, #3]
10004064:	283f      	cmp	r0, #63	; 0x3f
10004066:	d90d      	bls.n	10004084 <cdcd_xfer_cb+0x184>
10004068:	2340      	movs	r3, #64	; 0x40
1000406a:	465a      	mov	r2, fp
1000406c:	2000      	movs	r0, #0
1000406e:	f7ff fbe3 	bl	10003838 <usbd_edpt_xfer>
10004072:	78a3      	ldrb	r3, [r4, #2]
10004074:	e788      	b.n	10003f88 <cdcd_xfer_cb+0x88>
10004076:	e000      	b.n	1000407a <cdcd_xfer_cb+0x17a>
10004078:	bf00      	nop
1000407a:	e780      	b.n	10003f7e <cdcd_xfer_cb+0x7e>
1000407c:	2000      	movs	r0, #0
1000407e:	f7ff fbc7 	bl	10003810 <usbd_edpt_release>
10004082:	e797      	b.n	10003fb4 <cdcd_xfer_cb+0xb4>
10004084:	2000      	movs	r0, #0
10004086:	f7ff fbc3 	bl	10003810 <usbd_edpt_release>
1000408a:	e77c      	b.n	10003f86 <cdcd_xfer_cb+0x86>
1000408c:	2000137c 	.word	0x2000137c
10004090:	200012f8 	.word	0x200012f8
	...
1000409c:	2000138c 	.word	0x2000138c
100040a0:	00000000 	.word	0x00000000
100040a4:	200013a0 	.word	0x200013a0
100040a8:	20001338 	.word	0x20001338

100040ac <vendord_init>:
100040ac:	2293      	movs	r2, #147	; 0x93
100040ae:	b5f0      	push	{r4, r5, r6, r7, lr}
100040b0:	4c13      	ldr	r4, [pc, #76]	; (10004100 <vendord_init+0x54>)
100040b2:	b085      	sub	sp, #20
100040b4:	0092      	lsls	r2, r2, #2
100040b6:	2100      	movs	r1, #0
100040b8:	0020      	movs	r0, r4
100040ba:	f7fd ff61 	bl	10001f80 <__wrap_memset>
100040be:	0023      	movs	r3, r4
100040c0:	0020      	movs	r0, r4
100040c2:	2680      	movs	r6, #128	; 0x80
100040c4:	2740      	movs	r7, #64	; 0x40
100040c6:	4d0f      	ldr	r5, [pc, #60]	; (10004104 <vendord_init+0x58>)
100040c8:	334d      	adds	r3, #77	; 0x4d
100040ca:	0076      	lsls	r6, r6, #1
100040cc:	33ff      	adds	r3, #255	; 0xff
100040ce:	3029      	adds	r0, #41	; 0x29
100040d0:	9502      	str	r5, [sp, #8]
100040d2:	9300      	str	r3, [sp, #0]
100040d4:	9703      	str	r7, [sp, #12]
100040d6:	9601      	str	r6, [sp, #4]
100040d8:	2300      	movs	r3, #0
100040da:	2200      	movs	r2, #0
100040dc:	2100      	movs	r1, #0
100040de:	30ff      	adds	r0, #255	; 0xff
100040e0:	f000 f9d0 	bl	10004484 <tu_edpt_stream_init>
100040e4:	3540      	adds	r5, #64	; 0x40
100040e6:	1d20      	adds	r0, r4, #4
100040e8:	3428      	adds	r4, #40	; 0x28
100040ea:	9703      	str	r7, [sp, #12]
100040ec:	9502      	str	r5, [sp, #8]
100040ee:	9601      	str	r6, [sp, #4]
100040f0:	9400      	str	r4, [sp, #0]
100040f2:	2300      	movs	r3, #0
100040f4:	2201      	movs	r2, #1
100040f6:	2100      	movs	r1, #0
100040f8:	f000 f9c4 	bl	10004484 <tu_edpt_stream_init>
100040fc:	b005      	add	sp, #20
100040fe:	bdf0      	pop	{r4, r5, r6, r7, pc}
10004100:	20001580 	.word	0x20001580
10004104:	20001500 	.word	0x20001500

10004108 <vendord_deinit>:
10004108:	b510      	push	{r4, lr}
1000410a:	4c05      	ldr	r4, [pc, #20]	; (10004120 <vendord_deinit+0x18>)
1000410c:	0020      	movs	r0, r4
1000410e:	f000 f9ed 	bl	100044ec <tu_edpt_stream_deinit>
10004112:	0020      	movs	r0, r4
10004114:	3825      	subs	r0, #37	; 0x25
10004116:	38ff      	subs	r0, #255	; 0xff
10004118:	f000 f9e8 	bl	100044ec <tu_edpt_stream_deinit>
1000411c:	2001      	movs	r0, #1
1000411e:	bd10      	pop	{r4, pc}
10004120:	200016a8 	.word	0x200016a8

10004124 <vendord_reset>:
10004124:	b570      	push	{r4, r5, r6, lr}
10004126:	4c08      	ldr	r4, [pc, #32]	; (10004148 <vendord_reset+0x24>)
10004128:	2500      	movs	r5, #0
1000412a:	0020      	movs	r0, r4
1000412c:	3031      	adds	r0, #49	; 0x31
1000412e:	7025      	strb	r5, [r4, #0]
10004130:	30ff      	adds	r0, #255	; 0xff
10004132:	f000 fcd5 	bl	10004ae0 <tu_fifo_clear>
10004136:	0020      	movs	r0, r4
10004138:	300c      	adds	r0, #12
1000413a:	f000 fcd1 	bl	10004ae0 <tu_fifo_clear>
1000413e:	232a      	movs	r3, #42	; 0x2a
10004140:	33ff      	adds	r3, #255	; 0xff
10004142:	54e5      	strb	r5, [r4, r3]
10004144:	7165      	strb	r5, [r4, #5]
10004146:	bd70      	pop	{r4, r5, r6, pc}
10004148:	20001580 	.word	0x20001580

1000414c <vendord_open>:
1000414c:	b5f8      	push	{r3, r4, r5, r6, r7, lr}
1000414e:	464e      	mov	r6, r9
10004150:	4645      	mov	r5, r8
10004152:	46de      	mov	lr, fp
10004154:	4657      	mov	r7, sl
10004156:	b5e0      	push	{r5, r6, r7, lr}
10004158:	794b      	ldrb	r3, [r1, #5]
1000415a:	4681      	mov	r9, r0
1000415c:	4688      	mov	r8, r1
1000415e:	2bff      	cmp	r3, #255	; 0xff
10004160:	d125      	bne.n	100041ae <vendord_open+0x62>
10004162:	232a      	movs	r3, #42	; 0x2a
10004164:	4f41      	ldr	r7, [pc, #260]	; (1000426c <vendord_open+0x120>)
10004166:	33ff      	adds	r3, #255	; 0xff
10004168:	780c      	ldrb	r4, [r1, #0]
1000416a:	5cfe      	ldrb	r6, [r7, r3]
1000416c:	797b      	ldrb	r3, [r7, #5]
1000416e:	4444      	add	r4, r8
10004170:	18a5      	adds	r5, r4, r2
10004172:	431e      	orrs	r6, r3
10004174:	d11b      	bne.n	100041ae <vendord_open+0x62>
10004176:	788b      	ldrb	r3, [r1, #2]
10004178:	703b      	strb	r3, [r7, #0]
1000417a:	790b      	ldrb	r3, [r1, #4]
1000417c:	2b00      	cmp	r3, #0
1000417e:	d012      	beq.n	100041a6 <vendord_open+0x5a>
10004180:	2398      	movs	r3, #152	; 0x98
10004182:	005b      	lsls	r3, r3, #1
10004184:	469a      	mov	sl, r3
10004186:	3b25      	subs	r3, #37	; 0x25
10004188:	3bff      	subs	r3, #255	; 0xff
1000418a:	469b      	mov	fp, r3
1000418c:	44ba      	add	sl, r7
1000418e:	44bb      	add	fp, r7
10004190:	7863      	ldrb	r3, [r4, #1]
10004192:	2b05      	cmp	r3, #5
10004194:	d105      	bne.n	100041a2 <vendord_open+0x56>
10004196:	e011      	b.n	100041bc <vendord_open+0x70>
10004198:	7823      	ldrb	r3, [r4, #0]
1000419a:	18e4      	adds	r4, r4, r3
1000419c:	7863      	ldrb	r3, [r4, #1]
1000419e:	2b05      	cmp	r3, #5
100041a0:	d00c      	beq.n	100041bc <vendord_open+0x70>
100041a2:	42a5      	cmp	r5, r4
100041a4:	d8f8      	bhi.n	10004198 <vendord_open+0x4c>
100041a6:	4643      	mov	r3, r8
100041a8:	1ae4      	subs	r4, r4, r3
100041aa:	b2a0      	uxth	r0, r4
100041ac:	e000      	b.n	100041b0 <vendord_open+0x64>
100041ae:	2000      	movs	r0, #0
100041b0:	bc3c      	pop	{r2, r3, r4, r5}
100041b2:	4690      	mov	r8, r2
100041b4:	4699      	mov	r9, r3
100041b6:	46a2      	mov	sl, r4
100041b8:	46ab      	mov	fp, r5
100041ba:	bdf8      	pop	{r3, r4, r5, r6, r7, pc}
100041bc:	42a5      	cmp	r5, r4
100041be:	d9f2      	bls.n	100041a6 <vendord_open+0x5a>
100041c0:	0021      	movs	r1, r4
100041c2:	4648      	mov	r0, r9
100041c4:	f7ff faf6 	bl	100037b4 <usbd_edpt_open>
100041c8:	2800      	cmp	r0, #0
100041ca:	d0f0      	beq.n	100041ae <vendord_open+0x62>
100041cc:	78a3      	ldrb	r3, [r4, #2]
100041ce:	3601      	adds	r6, #1
100041d0:	b2f6      	uxtb	r6, r6
100041d2:	09db      	lsrs	r3, r3, #7
100041d4:	2b01      	cmp	r3, #1
100041d6:	d02a      	beq.n	1000422e <vendord_open+0xe2>
100041d8:	4650      	mov	r0, sl
100041da:	f000 fc81 	bl	10004ae0 <tu_fifo_clear>
100041de:	232a      	movs	r3, #42	; 0x2a
100041e0:	78a2      	ldrb	r2, [r4, #2]
100041e2:	33ff      	adds	r3, #255	; 0xff
100041e4:	54fa      	strb	r2, [r7, r3]
100041e6:	7963      	ldrb	r3, [r4, #5]
100041e8:	7922      	ldrb	r2, [r4, #4]
100041ea:	021b      	lsls	r3, r3, #8
100041ec:	4313      	orrs	r3, r2
100041ee:	4a20      	ldr	r2, [pc, #128]	; (10004270 <vendord_open+0x124>)
100041f0:	055b      	lsls	r3, r3, #21
100041f2:	4694      	mov	ip, r2
100041f4:	2194      	movs	r1, #148	; 0x94
100041f6:	0d5b      	lsrs	r3, r3, #21
100041f8:	4463      	add	r3, ip
100041fa:	425a      	negs	r2, r3
100041fc:	4153      	adcs	r3, r2
100041fe:	2002      	movs	r0, #2
10004200:	0049      	lsls	r1, r1, #1
10004202:	5c7a      	ldrb	r2, [r7, r1]
10004204:	005b      	lsls	r3, r3, #1
10004206:	4382      	bics	r2, r0
10004208:	4313      	orrs	r3, r2
1000420a:	547b      	strb	r3, [r7, r1]
1000420c:	4651      	mov	r1, sl
1000420e:	4648      	mov	r0, r9
10004210:	3908      	subs	r1, #8
10004212:	f000 f9cb 	bl	100045ac <tu_edpt_stream_read_xfer>
10004216:	2800      	cmp	r0, #0
10004218:	d0c9      	beq.n	100041ae <vendord_open+0x62>
1000421a:	7823      	ldrb	r3, [r4, #0]
1000421c:	18e4      	adds	r4, r4, r3
1000421e:	4643      	mov	r3, r8
10004220:	791b      	ldrb	r3, [r3, #4]
10004222:	42b3      	cmp	r3, r6
10004224:	d8b4      	bhi.n	10004190 <vendord_open+0x44>
10004226:	4643      	mov	r3, r8
10004228:	1ae4      	subs	r4, r4, r3
1000422a:	b2a0      	uxth	r0, r4
1000422c:	e7c0      	b.n	100041b0 <vendord_open+0x64>
1000422e:	4658      	mov	r0, fp
10004230:	f000 fc56 	bl	10004ae0 <tu_fifo_clear>
10004234:	465a      	mov	r2, fp
10004236:	78a3      	ldrb	r3, [r4, #2]
10004238:	3a0c      	subs	r2, #12
1000423a:	7153      	strb	r3, [r2, #5]
1000423c:	7963      	ldrb	r3, [r4, #5]
1000423e:	7921      	ldrb	r1, [r4, #4]
10004240:	021b      	lsls	r3, r3, #8
10004242:	430b      	orrs	r3, r1
10004244:	490a      	ldr	r1, [pc, #40]	; (10004270 <vendord_open+0x124>)
10004246:	055b      	lsls	r3, r3, #21
10004248:	468c      	mov	ip, r1
1000424a:	0d5b      	lsrs	r3, r3, #21
1000424c:	4463      	add	r3, ip
1000424e:	4259      	negs	r1, r3
10004250:	414b      	adcs	r3, r1
10004252:	2002      	movs	r0, #2
10004254:	7911      	ldrb	r1, [r2, #4]
10004256:	005b      	lsls	r3, r3, #1
10004258:	4381      	bics	r1, r0
1000425a:	430b      	orrs	r3, r1
1000425c:	4659      	mov	r1, fp
1000425e:	7113      	strb	r3, [r2, #4]
10004260:	3908      	subs	r1, #8
10004262:	2000      	movs	r0, #0
10004264:	f000 f970 	bl	10004548 <tu_edpt_stream_write_xfer>
10004268:	e7d7      	b.n	1000421a <vendord_open+0xce>
1000426a:	46c0      	nop			; (mov r8, r8)
1000426c:	20001580 	.word	0x20001580
10004270:	fffffe00 	.word	0xfffffe00

10004274 <vendord_xfer_cb>:
10004274:	b5f8      	push	{r3, r4, r5, r6, r7, lr}
10004276:	001d      	movs	r5, r3
10004278:	232a      	movs	r3, #42	; 0x2a
1000427a:	0006      	movs	r6, r0
1000427c:	481e      	ldr	r0, [pc, #120]	; (100042f8 <vendord_xfer_cb+0x84>)
1000427e:	33ff      	adds	r3, #255	; 0xff
10004280:	5cc3      	ldrb	r3, [r0, r3]
10004282:	428b      	cmp	r3, r1
10004284:	d11c      	bne.n	100042c0 <vendord_xfer_cb+0x4c>
10004286:	239a      	movs	r3, #154	; 0x9a
10004288:	005b      	lsls	r3, r3, #1
1000428a:	5ac3      	ldrh	r3, [r0, r3]
1000428c:	2b00      	cmp	r3, #0
1000428e:	d10e      	bne.n	100042ae <vendord_xfer_cb+0x3a>
10004290:	4b1a      	ldr	r3, [pc, #104]	; (100042fc <vendord_xfer_cb+0x88>)
10004292:	2b00      	cmp	r3, #0
10004294:	d004      	beq.n	100042a0 <vendord_xfer_cb+0x2c>
10004296:	b2aa      	uxth	r2, r5
10004298:	4919      	ldr	r1, [pc, #100]	; (10004300 <vendord_xfer_cb+0x8c>)
1000429a:	2000      	movs	r0, #0
1000429c:	e000      	b.n	100042a0 <vendord_xfer_cb+0x2c>
1000429e:	bf00      	nop
100042a0:	4918      	ldr	r1, [pc, #96]	; (10004304 <vendord_xfer_cb+0x90>)
100042a2:	0030      	movs	r0, r6
100042a4:	f000 f982 	bl	100045ac <tu_edpt_stream_read_xfer>
100042a8:	2401      	movs	r4, #1
100042aa:	0020      	movs	r0, r4
100042ac:	bdf8      	pop	{r3, r4, r5, r6, r7, pc}
100042ae:	2396      	movs	r3, #150	; 0x96
100042b0:	005b      	lsls	r3, r3, #1
100042b2:	58c1      	ldr	r1, [r0, r3]
100042b4:	3031      	adds	r0, #49	; 0x31
100042b6:	b2aa      	uxth	r2, r5
100042b8:	30ff      	adds	r0, #255	; 0xff
100042ba:	f000 fb61 	bl	10004980 <tu_fifo_write_n>
100042be:	e7e7      	b.n	10004290 <vendord_xfer_cb+0x1c>
100042c0:	7943      	ldrb	r3, [r0, #5]
100042c2:	428b      	cmp	r3, r1
100042c4:	d001      	beq.n	100042ca <vendord_xfer_cb+0x56>
100042c6:	2400      	movs	r4, #0
100042c8:	e7ef      	b.n	100042aa <vendord_xfer_cb+0x36>
100042ca:	4b0f      	ldr	r3, [pc, #60]	; (10004308 <vendord_xfer_cb+0x94>)
100042cc:	2b00      	cmp	r3, #0
100042ce:	d004      	beq.n	100042da <vendord_xfer_cb+0x66>
100042d0:	0429      	lsls	r1, r5, #16
100042d2:	0c09      	lsrs	r1, r1, #16
100042d4:	2000      	movs	r0, #0
100042d6:	e000      	b.n	100042da <vendord_xfer_cb+0x66>
100042d8:	bf00      	nop
100042da:	4f0c      	ldr	r7, [pc, #48]	; (1000430c <vendord_xfer_cb+0x98>)
100042dc:	0030      	movs	r0, r6
100042de:	0039      	movs	r1, r7
100042e0:	f000 f932 	bl	10004548 <tu_edpt_stream_write_xfer>
100042e4:	2401      	movs	r4, #1
100042e6:	2800      	cmp	r0, #0
100042e8:	d1df      	bne.n	100042aa <vendord_xfer_cb+0x36>
100042ea:	002a      	movs	r2, r5
100042ec:	0039      	movs	r1, r7
100042ee:	0030      	movs	r0, r6
100042f0:	f000 f8fe 	bl	100044f0 <tu_edpt_stream_write_zlp_if_needed>
100042f4:	e7d9      	b.n	100042aa <vendord_xfer_cb+0x36>
100042f6:	46c0      	nop			; (mov r8, r8)
100042f8:	20001580 	.word	0x20001580
100042fc:	00000000 	.word	0x00000000
10004300:	20001500 	.word	0x20001500
10004304:	200016a8 	.word	0x200016a8
10004308:	00000000 	.word	0x00000000
1000430c:	20001584 	.word	0x20001584

10004310 <tusb_rhport_init>:
10004310:	b500      	push	{lr}
10004312:	0003      	movs	r3, r0
10004314:	b083      	sub	sp, #12
10004316:	2900      	cmp	r1, #0
10004318:	d010      	beq.n	1000433c <tusb_rhport_init+0x2c>
1000431a:	2000      	movs	r0, #0
1000431c:	2b01      	cmp	r3, #1
1000431e:	d807      	bhi.n	10004330 <tusb_rhport_init+0x20>
10004320:	780a      	ldrb	r2, [r1, #0]
10004322:	2a00      	cmp	r2, #0
10004324:	d004      	beq.n	10004330 <tusb_rhport_init+0x20>
10004326:	480b      	ldr	r0, [pc, #44]	; (10004354 <tusb_rhport_init+0x44>)
10004328:	54c2      	strb	r2, [r0, r3]
1000432a:	2001      	movs	r0, #1
1000432c:	2a01      	cmp	r2, #1
1000432e:	d001      	beq.n	10004334 <tusb_rhport_init+0x24>
10004330:	b003      	add	sp, #12
10004332:	bd00      	pop	{pc}
10004334:	0018      	movs	r0, r3
10004336:	f7fe fd5f 	bl	10002df8 <tud_rhport_init>
1000433a:	e7f9      	b.n	10004330 <tusb_rhport_init+0x20>
1000433c:	2301      	movs	r3, #1
1000433e:	a901      	add	r1, sp, #4
10004340:	800b      	strh	r3, [r1, #0]
10004342:	2000      	movs	r0, #0
10004344:	f7fe fd58 	bl	10002df8 <tud_rhport_init>
10004348:	2800      	cmp	r0, #0
1000434a:	d0f1      	beq.n	10004330 <tusb_rhport_init+0x20>
1000434c:	2201      	movs	r2, #1
1000434e:	4b01      	ldr	r3, [pc, #4]	; (10004354 <tusb_rhport_init+0x44>)
10004350:	701a      	strb	r2, [r3, #0]
10004352:	e7ed      	b.n	10004330 <tusb_rhport_init+0x20>
10004354:	20001498 	.word	0x20001498

10004358 <tu_edpt_claim>:
10004358:	b570      	push	{r4, r5, r6, lr}
1000435a:	7804      	ldrb	r4, [r0, #0]
1000435c:	0005      	movs	r5, r0
1000435e:	07e4      	lsls	r4, r4, #31
10004360:	000e      	movs	r6, r1
10004362:	0fe4      	lsrs	r4, r4, #31
10004364:	d116      	bne.n	10004394 <tu_edpt_claim+0x3c>
10004366:	7803      	ldrb	r3, [r0, #0]
10004368:	075b      	lsls	r3, r3, #29
1000436a:	d501      	bpl.n	10004370 <tu_edpt_claim+0x18>
1000436c:	0020      	movs	r0, r4
1000436e:	bd70      	pop	{r4, r5, r6, pc}
10004370:	2101      	movs	r1, #1
10004372:	0030      	movs	r0, r6
10004374:	4249      	negs	r1, r1
10004376:	f000 fc4f 	bl	10004c18 <__mutex_enter_timeout_ms_veneer>
1000437a:	782c      	ldrb	r4, [r5, #0]
1000437c:	07e4      	lsls	r4, r4, #31
1000437e:	0fe4      	lsrs	r4, r4, #31
10004380:	d10a      	bne.n	10004398 <tu_edpt_claim+0x40>
10004382:	782b      	ldrb	r3, [r5, #0]
10004384:	075b      	lsls	r3, r3, #29
10004386:	d408      	bmi.n	1000439a <tu_edpt_claim+0x42>
10004388:	2204      	movs	r2, #4
1000438a:	782b      	ldrb	r3, [r5, #0]
1000438c:	2401      	movs	r4, #1
1000438e:	4313      	orrs	r3, r2
10004390:	702b      	strb	r3, [r5, #0]
10004392:	e002      	b.n	1000439a <tu_edpt_claim+0x42>
10004394:	2400      	movs	r4, #0
10004396:	e7e9      	b.n	1000436c <tu_edpt_claim+0x14>
10004398:	2400      	movs	r4, #0
1000439a:	0030      	movs	r0, r6
1000439c:	f000 fc24 	bl	10004be8 <__mutex_exit_veneer>
100043a0:	e7e4      	b.n	1000436c <tu_edpt_claim+0x14>
100043a2:	46c0      	nop			; (mov r8, r8)

100043a4 <tu_edpt_release>:
100043a4:	b570      	push	{r4, r5, r6, lr}
100043a6:	000e      	movs	r6, r1
100043a8:	2101      	movs	r1, #1
100043aa:	0005      	movs	r5, r0
100043ac:	4249      	negs	r1, r1
100043ae:	0030      	movs	r0, r6
100043b0:	f000 fc32 	bl	10004c18 <__mutex_enter_timeout_ms_veneer>
100043b4:	782c      	ldrb	r4, [r5, #0]
100043b6:	0764      	lsls	r4, r4, #29
100043b8:	0fe4      	lsrs	r4, r4, #31
100043ba:	2c01      	cmp	r4, #1
100043bc:	d004      	beq.n	100043c8 <tu_edpt_release+0x24>
100043be:	0030      	movs	r0, r6
100043c0:	f000 fc12 	bl	10004be8 <__mutex_exit_veneer>
100043c4:	0020      	movs	r0, r4
100043c6:	bd70      	pop	{r4, r5, r6, pc}
100043c8:	782b      	ldrb	r3, [r5, #0]
100043ca:	07db      	lsls	r3, r3, #31
100043cc:	d404      	bmi.n	100043d8 <tu_edpt_release+0x34>
100043ce:	2204      	movs	r2, #4
100043d0:	782b      	ldrb	r3, [r5, #0]
100043d2:	4393      	bics	r3, r2
100043d4:	702b      	strb	r3, [r5, #0]
100043d6:	e7f2      	b.n	100043be <tu_edpt_release+0x1a>
100043d8:	2400      	movs	r4, #0
100043da:	e7f0      	b.n	100043be <tu_edpt_release+0x1a>

100043dc <tu_edpt_validate>:
100043dc:	7943      	ldrb	r3, [r0, #5]
100043de:	7902      	ldrb	r2, [r0, #4]
100043e0:	021b      	lsls	r3, r3, #8
100043e2:	4313      	orrs	r3, r2
100043e4:	055b      	lsls	r3, r3, #21
100043e6:	0d5a      	lsrs	r2, r3, #21
100043e8:	78c3      	ldrb	r3, [r0, #3]
100043ea:	079b      	lsls	r3, r3, #30
100043ec:	0f9b      	lsrs	r3, r3, #30
100043ee:	2b02      	cmp	r3, #2
100043f0:	d00d      	beq.n	1000440e <tu_edpt_validate+0x32>
100043f2:	d814      	bhi.n	1000441e <tu_edpt_validate+0x42>
100043f4:	2000      	movs	r0, #0
100043f6:	2b01      	cmp	r3, #1
100043f8:	d108      	bne.n	1000440c <tu_edpt_validate+0x30>
100043fa:	3902      	subs	r1, #2
100043fc:	424b      	negs	r3, r1
100043fe:	4159      	adcs	r1, r3
10004400:	4b11      	ldr	r3, [pc, #68]	; (10004448 <tu_edpt_validate+0x6c>)
10004402:	469c      	mov	ip, r3
10004404:	4461      	add	r1, ip
10004406:	4291      	cmp	r1, r2
10004408:	4140      	adcs	r0, r0
1000440a:	b2c0      	uxtb	r0, r0
1000440c:	4770      	bx	lr
1000440e:	2902      	cmp	r1, #2
10004410:	d012      	beq.n	10004438 <tu_edpt_validate+0x5c>
10004412:	2000      	movs	r0, #0
10004414:	2340      	movs	r3, #64	; 0x40
10004416:	4293      	cmp	r3, r2
10004418:	4140      	adcs	r0, r0
1000441a:	b2c0      	uxtb	r0, r0
1000441c:	e7f6      	b.n	1000440c <tu_edpt_validate+0x30>
1000441e:	3902      	subs	r1, #2
10004420:	424b      	negs	r3, r1
10004422:	4159      	adcs	r1, r3
10004424:	23f0      	movs	r3, #240	; 0xf0
10004426:	2000      	movs	r0, #0
10004428:	4249      	negs	r1, r1
1000442a:	009b      	lsls	r3, r3, #2
1000442c:	4019      	ands	r1, r3
1000442e:	3140      	adds	r1, #64	; 0x40
10004430:	4291      	cmp	r1, r2
10004432:	4140      	adcs	r0, r0
10004434:	b2c0      	uxtb	r0, r0
10004436:	e7e9      	b.n	1000440c <tu_edpt_validate+0x30>
10004438:	4b04      	ldr	r3, [pc, #16]	; (1000444c <tu_edpt_validate+0x70>)
1000443a:	469c      	mov	ip, r3
1000443c:	4462      	add	r2, ip
1000443e:	4250      	negs	r0, r2
10004440:	4150      	adcs	r0, r2
10004442:	b2c0      	uxtb	r0, r0
10004444:	e7e2      	b.n	1000440c <tu_edpt_validate+0x30>
10004446:	46c0      	nop			; (mov r8, r8)
10004448:	000003ff 	.word	0x000003ff
1000444c:	fffffe00 	.word	0xfffffe00

10004450 <tu_edpt_bind_driver>:
10004450:	188a      	adds	r2, r1, r2
10004452:	b570      	push	{r4, r5, r6, lr}
10004454:	4291      	cmp	r1, r2
10004456:	d207      	bcs.n	10004468 <tu_edpt_bind_driver+0x18>
10004458:	267f      	movs	r6, #127	; 0x7f
1000445a:	784c      	ldrb	r4, [r1, #1]
1000445c:	2c05      	cmp	r4, #5
1000445e:	d004      	beq.n	1000446a <tu_edpt_bind_driver+0x1a>
10004460:	780c      	ldrb	r4, [r1, #0]
10004462:	1909      	adds	r1, r1, r4
10004464:	428a      	cmp	r2, r1
10004466:	d8f8      	bhi.n	1000445a <tu_edpt_bind_driver+0xa>
10004468:	bd70      	pop	{r4, r5, r6, pc}
1000446a:	0034      	movs	r4, r6
1000446c:	788d      	ldrb	r5, [r1, #2]
1000446e:	402c      	ands	r4, r5
10004470:	0064      	lsls	r4, r4, #1
10004472:	1904      	adds	r4, r0, r4
10004474:	09ed      	lsrs	r5, r5, #7
10004476:	5563      	strb	r3, [r4, r5]
10004478:	780c      	ldrb	r4, [r1, #0]
1000447a:	1909      	adds	r1, r1, r4
1000447c:	428a      	cmp	r2, r1
1000447e:	d8ec      	bhi.n	1000445a <tu_edpt_bind_driver+0xa>
10004480:	e7f2      	b.n	10004468 <tu_edpt_bind_driver+0x18>
10004482:	46c0      	nop			; (mov r8, r8)

10004484 <tu_edpt_stream_init>:
10004484:	b5f0      	push	{r4, r5, r6, r7, lr}
10004486:	46c6      	mov	lr, r8
10004488:	b500      	push	{lr}
1000448a:	b082      	sub	sp, #8
1000448c:	4690      	mov	r8, r2
1000448e:	aa08      	add	r2, sp, #32
10004490:	ca20      	ldmia	r2!, {r5}
10004492:	0004      	movs	r4, r0
10004494:	8816      	ldrh	r6, [r2, #0]
10004496:	aa0b      	add	r2, sp, #44	; 0x2c
10004498:	2001      	movs	r0, #1
1000449a:	8817      	ldrh	r7, [r2, #0]
1000449c:	000a      	movs	r2, r1
1000449e:	7821      	ldrb	r1, [r4, #0]
100044a0:	4002      	ands	r2, r0
100044a2:	4381      	bics	r1, r0
100044a4:	0020      	movs	r0, r4
100044a6:	4311      	orrs	r1, r2
100044a8:	7021      	strb	r1, [r4, #0]
100044aa:	9300      	str	r3, [sp, #0]
100044ac:	3008      	adds	r0, #8
100044ae:	2301      	movs	r3, #1
100044b0:	0032      	movs	r2, r6
100044b2:	0029      	movs	r1, r5
100044b4:	f000 f8e6 	bl	10004684 <tu_fifo_config>
100044b8:	2d00      	cmp	r5, #0
100044ba:	d001      	beq.n	100044c0 <tu_edpt_stream_init+0x3c>
100044bc:	2e00      	cmp	r6, #0
100044be:	d107      	bne.n	100044d0 <tu_edpt_stream_init+0x4c>
100044c0:	2001      	movs	r0, #1
100044c2:	9b0a      	ldr	r3, [sp, #40]	; 0x28
100044c4:	8067      	strh	r7, [r4, #2]
100044c6:	6063      	str	r3, [r4, #4]
100044c8:	b002      	add	sp, #8
100044ca:	bc04      	pop	{r2}
100044cc:	4690      	mov	r8, r2
100044ce:	bdf0      	pop	{r4, r5, r6, r7, pc}
100044d0:	0025      	movs	r5, r4
100044d2:	351c      	adds	r5, #28
100044d4:	0028      	movs	r0, r5
100044d6:	f7fc fd1f 	bl	10000f18 <mutex_init>
100044da:	4642      	mov	r2, r8
100044dc:	2300      	movs	r3, #0
100044de:	2a00      	cmp	r2, #0
100044e0:	d001      	beq.n	100044e6 <tu_edpt_stream_init+0x62>
100044e2:	002b      	movs	r3, r5
100044e4:	2500      	movs	r5, #0
100044e6:	6163      	str	r3, [r4, #20]
100044e8:	61a5      	str	r5, [r4, #24]
100044ea:	e7e9      	b.n	100044c0 <tu_edpt_stream_init+0x3c>

100044ec <tu_edpt_stream_deinit>:
100044ec:	2001      	movs	r0, #1
100044ee:	4770      	bx	lr

100044f0 <tu_edpt_stream_write_zlp_if_needed>:
100044f0:	b5f8      	push	{r3, r4, r5, r6, r7, lr}
100044f2:	23e0      	movs	r3, #224	; 0xe0
100044f4:	0007      	movs	r7, r0
100044f6:	0008      	movs	r0, r1
100044f8:	780c      	ldrb	r4, [r1, #0]
100044fa:	005b      	lsls	r3, r3, #1
100044fc:	07a4      	lsls	r4, r4, #30
100044fe:	17e4      	asrs	r4, r4, #31
10004500:	401c      	ands	r4, r3
10004502:	3008      	adds	r0, #8
10004504:	000d      	movs	r5, r1
10004506:	0016      	movs	r6, r2
10004508:	343f      	adds	r4, #63	; 0x3f
1000450a:	f000 f8f9 	bl	10004700 <tu_fifo_count>
1000450e:	2800      	cmp	r0, #0
10004510:	d107      	bne.n	10004522 <tu_edpt_stream_write_zlp_if_needed+0x32>
10004512:	2e00      	cmp	r6, #0
10004514:	d005      	beq.n	10004522 <tu_edpt_stream_write_zlp_if_needed+0x32>
10004516:	4234      	tst	r4, r6
10004518:	d103      	bne.n	10004522 <tu_edpt_stream_write_zlp_if_needed+0x32>
1000451a:	2401      	movs	r4, #1
1000451c:	782b      	ldrb	r3, [r5, #0]
1000451e:	421c      	tst	r4, r3
10004520:	d001      	beq.n	10004526 <tu_edpt_stream_write_zlp_if_needed+0x36>
10004522:	2000      	movs	r0, #0
10004524:	bdf8      	pop	{r3, r4, r5, r6, r7, pc}
10004526:	7869      	ldrb	r1, [r5, #1]
10004528:	0038      	movs	r0, r7
1000452a:	f7ff f95d 	bl	100037e8 <usbd_edpt_claim>
1000452e:	2800      	cmp	r0, #0
10004530:	d0f7      	beq.n	10004522 <tu_edpt_stream_write_zlp_if_needed+0x32>
10004532:	782b      	ldrb	r3, [r5, #0]
10004534:	421c      	tst	r4, r3
10004536:	d1f4      	bne.n	10004522 <tu_edpt_stream_write_zlp_if_needed+0x32>
10004538:	7869      	ldrb	r1, [r5, #1]
1000453a:	2300      	movs	r3, #0
1000453c:	2200      	movs	r2, #0
1000453e:	0038      	movs	r0, r7
10004540:	f7ff f97a 	bl	10003838 <usbd_edpt_xfer>
10004544:	e7ee      	b.n	10004524 <tu_edpt_stream_write_zlp_if_needed+0x34>
10004546:	46c0      	nop			; (mov r8, r8)

10004548 <tu_edpt_stream_write_xfer>:
10004548:	b5f8      	push	{r3, r4, r5, r6, r7, lr}
1000454a:	000d      	movs	r5, r1
1000454c:	3508      	adds	r5, #8
1000454e:	0007      	movs	r7, r0
10004550:	0028      	movs	r0, r5
10004552:	000c      	movs	r4, r1
10004554:	f000 f8d4 	bl	10004700 <tu_fifo_count>
10004558:	2800      	cmp	r0, #0
1000455a:	d003      	beq.n	10004564 <tu_edpt_stream_write_xfer+0x1c>
1000455c:	2601      	movs	r6, #1
1000455e:	7823      	ldrb	r3, [r4, #0]
10004560:	421e      	tst	r6, r3
10004562:	d001      	beq.n	10004568 <tu_edpt_stream_write_xfer+0x20>
10004564:	2000      	movs	r0, #0
10004566:	bdf8      	pop	{r3, r4, r5, r6, r7, pc}
10004568:	7861      	ldrb	r1, [r4, #1]
1000456a:	0038      	movs	r0, r7
1000456c:	f7ff f93c 	bl	100037e8 <usbd_edpt_claim>
10004570:	2800      	cmp	r0, #0
10004572:	d0f7      	beq.n	10004564 <tu_edpt_stream_write_xfer+0x1c>
10004574:	0028      	movs	r0, r5
10004576:	8862      	ldrh	r2, [r4, #2]
10004578:	6861      	ldr	r1, [r4, #4]
1000457a:	f000 f943 	bl	10004804 <tu_fifo_read_n>
1000457e:	7823      	ldrb	r3, [r4, #0]
10004580:	1e05      	subs	r5, r0, #0
10004582:	d00b      	beq.n	1000459c <tu_edpt_stream_write_xfer+0x54>
10004584:	421e      	tst	r6, r3
10004586:	d1ed      	bne.n	10004564 <tu_edpt_stream_write_xfer+0x1c>
10004588:	0003      	movs	r3, r0
1000458a:	6862      	ldr	r2, [r4, #4]
1000458c:	7861      	ldrb	r1, [r4, #1]
1000458e:	0038      	movs	r0, r7
10004590:	f7ff f952 	bl	10003838 <usbd_edpt_xfer>
10004594:	2800      	cmp	r0, #0
10004596:	d0e5      	beq.n	10004564 <tu_edpt_stream_write_xfer+0x1c>
10004598:	0028      	movs	r0, r5
1000459a:	e7e4      	b.n	10004566 <tu_edpt_stream_write_xfer+0x1e>
1000459c:	421e      	tst	r6, r3
1000459e:	d1e1      	bne.n	10004564 <tu_edpt_stream_write_xfer+0x1c>
100045a0:	7861      	ldrb	r1, [r4, #1]
100045a2:	0038      	movs	r0, r7
100045a4:	f7ff f934 	bl	10003810 <usbd_edpt_release>
100045a8:	e7dc      	b.n	10004564 <tu_edpt_stream_write_xfer+0x1c>
100045aa:	46c0      	nop			; (mov r8, r8)

100045ac <tu_edpt_stream_read_xfer>:
100045ac:	b5f8      	push	{r3, r4, r5, r6, r7, lr}
100045ae:	46ce      	mov	lr, r9
100045b0:	4647      	mov	r7, r8
100045b2:	b580      	push	{r7, lr}
100045b4:	898a      	ldrh	r2, [r1, #12]
100045b6:	0006      	movs	r6, r0
100045b8:	000c      	movs	r4, r1
100045ba:	780b      	ldrb	r3, [r1, #0]
100045bc:	2a00      	cmp	r2, #0
100045be:	d107      	bne.n	100045d0 <tu_edpt_stream_read_xfer+0x24>
100045c0:	2501      	movs	r5, #1
100045c2:	421d      	tst	r5, r3
100045c4:	d040      	beq.n	10004648 <tu_edpt_stream_read_xfer+0x9c>
100045c6:	2000      	movs	r0, #0
100045c8:	bc0c      	pop	{r2, r3}
100045ca:	4690      	mov	r8, r2
100045cc:	4699      	mov	r9, r3
100045ce:	bdf8      	pop	{r3, r4, r5, r6, r7, pc}
100045d0:	079b      	lsls	r3, r3, #30
100045d2:	d434      	bmi.n	1000463e <tu_edpt_stream_read_xfer+0x92>
100045d4:	2340      	movs	r3, #64	; 0x40
100045d6:	425b      	negs	r3, r3
100045d8:	4699      	mov	r9, r3
100045da:	2540      	movs	r5, #64	; 0x40
100045dc:	0027      	movs	r7, r4
100045de:	3708      	adds	r7, #8
100045e0:	0038      	movs	r0, r7
100045e2:	f000 f8a9 	bl	10004738 <tu_fifo_remaining>
100045e6:	42a8      	cmp	r0, r5
100045e8:	d3ed      	bcc.n	100045c6 <tu_edpt_stream_read_xfer+0x1a>
100045ea:	2201      	movs	r2, #1
100045ec:	7823      	ldrb	r3, [r4, #0]
100045ee:	4690      	mov	r8, r2
100045f0:	421a      	tst	r2, r3
100045f2:	d1e8      	bne.n	100045c6 <tu_edpt_stream_read_xfer+0x1a>
100045f4:	7861      	ldrb	r1, [r4, #1]
100045f6:	0030      	movs	r0, r6
100045f8:	f7ff f8f6 	bl	100037e8 <usbd_edpt_claim>
100045fc:	2800      	cmp	r0, #0
100045fe:	d0e2      	beq.n	100045c6 <tu_edpt_stream_read_xfer+0x1a>
10004600:	0038      	movs	r0, r7
10004602:	f000 f899 	bl	10004738 <tu_fifo_remaining>
10004606:	7823      	ldrb	r3, [r4, #0]
10004608:	4642      	mov	r2, r8
1000460a:	4285      	cmp	r5, r0
1000460c:	d831      	bhi.n	10004672 <tu_edpt_stream_read_xfer+0xc6>
1000460e:	421a      	tst	r2, r3
10004610:	d1d9      	bne.n	100045c6 <tu_edpt_stream_read_xfer+0x1a>
10004612:	464b      	mov	r3, r9
10004614:	4018      	ands	r0, r3
10004616:	8863      	ldrh	r3, [r4, #2]
10004618:	1c05      	adds	r5, r0, #0
1000461a:	b280      	uxth	r0, r0
1000461c:	4298      	cmp	r0, r3
1000461e:	d900      	bls.n	10004622 <tu_edpt_stream_read_xfer+0x76>
10004620:	1c1d      	adds	r5, r3, #0
10004622:	b2ad      	uxth	r5, r5
10004624:	7861      	ldrb	r1, [r4, #1]
10004626:	2200      	movs	r2, #0
10004628:	2d00      	cmp	r5, #0
1000462a:	d000      	beq.n	1000462e <tu_edpt_stream_read_xfer+0x82>
1000462c:	6862      	ldr	r2, [r4, #4]
1000462e:	002b      	movs	r3, r5
10004630:	0030      	movs	r0, r6
10004632:	f7ff f901 	bl	10003838 <usbd_edpt_xfer>
10004636:	2800      	cmp	r0, #0
10004638:	d0c5      	beq.n	100045c6 <tu_edpt_stream_read_xfer+0x1a>
1000463a:	0028      	movs	r0, r5
1000463c:	e7c4      	b.n	100045c8 <tu_edpt_stream_read_xfer+0x1c>
1000463e:	2580      	movs	r5, #128	; 0x80
10004640:	4b0f      	ldr	r3, [pc, #60]	; (10004680 <tu_edpt_stream_read_xfer+0xd4>)
10004642:	00ad      	lsls	r5, r5, #2
10004644:	4699      	mov	r9, r3
10004646:	e7c9      	b.n	100045dc <tu_edpt_stream_read_xfer+0x30>
10004648:	7849      	ldrb	r1, [r1, #1]
1000464a:	f7ff f8cd 	bl	100037e8 <usbd_edpt_claim>
1000464e:	2800      	cmp	r0, #0
10004650:	d0b9      	beq.n	100045c6 <tu_edpt_stream_read_xfer+0x1a>
10004652:	7823      	ldrb	r3, [r4, #0]
10004654:	421d      	tst	r5, r3
10004656:	d1b6      	bne.n	100045c6 <tu_edpt_stream_read_xfer+0x1a>
10004658:	8863      	ldrh	r3, [r4, #2]
1000465a:	7861      	ldrb	r1, [r4, #1]
1000465c:	2200      	movs	r2, #0
1000465e:	2b00      	cmp	r3, #0
10004660:	d000      	beq.n	10004664 <tu_edpt_stream_read_xfer+0xb8>
10004662:	6862      	ldr	r2, [r4, #4]
10004664:	0030      	movs	r0, r6
10004666:	f7ff f8e7 	bl	10003838 <usbd_edpt_xfer>
1000466a:	2800      	cmp	r0, #0
1000466c:	d0ab      	beq.n	100045c6 <tu_edpt_stream_read_xfer+0x1a>
1000466e:	8860      	ldrh	r0, [r4, #2]
10004670:	e7aa      	b.n	100045c8 <tu_edpt_stream_read_xfer+0x1c>
10004672:	421a      	tst	r2, r3
10004674:	d1a7      	bne.n	100045c6 <tu_edpt_stream_read_xfer+0x1a>
10004676:	7861      	ldrb	r1, [r4, #1]
10004678:	0030      	movs	r0, r6
1000467a:	f7ff f8c9 	bl	10003810 <usbd_edpt_release>
1000467e:	e7a2      	b.n	100045c6 <tu_edpt_stream_read_xfer+0x1a>
10004680:	fffffe00 	.word	0xfffffe00

10004684 <tu_fifo_config>:
10004684:	b5f0      	push	{r4, r5, r6, r7, lr}
10004686:	46c6      	mov	lr, r8
10004688:	b500      	push	{lr}
1000468a:	001d      	movs	r5, r3
1000468c:	ab06      	add	r3, sp, #24
1000468e:	781e      	ldrb	r6, [r3, #0]
10004690:	2380      	movs	r3, #128	; 0x80
10004692:	0004      	movs	r4, r0
10004694:	4688      	mov	r8, r1
10004696:	0017      	movs	r7, r2
10004698:	021b      	lsls	r3, r3, #8
1000469a:	429a      	cmp	r2, r3
1000469c:	d82e      	bhi.n	100046fc <tu_fifo_config+0x78>
1000469e:	68c0      	ldr	r0, [r0, #12]
100046a0:	2800      	cmp	r0, #0
100046a2:	d003      	beq.n	100046ac <tu_fifo_config+0x28>
100046a4:	2101      	movs	r1, #1
100046a6:	4249      	negs	r1, r1
100046a8:	f000 fab6 	bl	10004c18 <__mutex_enter_timeout_ms_veneer>
100046ac:	6920      	ldr	r0, [r4, #16]
100046ae:	2800      	cmp	r0, #0
100046b0:	d003      	beq.n	100046ba <tu_fifo_config+0x36>
100046b2:	2101      	movs	r1, #1
100046b4:	4249      	negs	r1, r1
100046b6:	f000 faaf 	bl	10004c18 <__mutex_enter_timeout_ms_veneer>
100046ba:	4643      	mov	r3, r8
100046bc:	6023      	str	r3, [r4, #0]
100046be:	88e3      	ldrh	r3, [r4, #6]
100046c0:	046d      	lsls	r5, r5, #17
100046c2:	0bdb      	lsrs	r3, r3, #15
100046c4:	0c6d      	lsrs	r5, r5, #17
100046c6:	03db      	lsls	r3, r3, #15
100046c8:	432b      	orrs	r3, r5
100046ca:	80e3      	strh	r3, [r4, #6]
100046cc:	045b      	lsls	r3, r3, #17
100046ce:	01f6      	lsls	r6, r6, #7
100046d0:	0e5b      	lsrs	r3, r3, #25
100046d2:	4333      	orrs	r3, r6
100046d4:	71e3      	strb	r3, [r4, #7]
100046d6:	2300      	movs	r3, #0
100046d8:	68e0      	ldr	r0, [r4, #12]
100046da:	8163      	strh	r3, [r4, #10]
100046dc:	80a7      	strh	r7, [r4, #4]
100046de:	8123      	strh	r3, [r4, #8]
100046e0:	2800      	cmp	r0, #0
100046e2:	d001      	beq.n	100046e8 <tu_fifo_config+0x64>
100046e4:	f000 fa80 	bl	10004be8 <__mutex_exit_veneer>
100046e8:	6920      	ldr	r0, [r4, #16]
100046ea:	2401      	movs	r4, #1
100046ec:	2800      	cmp	r0, #0
100046ee:	d001      	beq.n	100046f4 <tu_fifo_config+0x70>
100046f0:	f000 fa7a 	bl	10004be8 <__mutex_exit_veneer>
100046f4:	0020      	movs	r0, r4
100046f6:	bc04      	pop	{r2}
100046f8:	4690      	mov	r8, r2
100046fa:	bdf0      	pop	{r4, r5, r6, r7, pc}
100046fc:	2400      	movs	r4, #0
100046fe:	e7f9      	b.n	100046f4 <tu_fifo_config+0x70>

10004700 <tu_fifo_count>:
10004700:	8903      	ldrh	r3, [r0, #8]
10004702:	8942      	ldrh	r2, [r0, #10]
10004704:	b29b      	uxth	r3, r3
10004706:	b292      	uxth	r2, r2
10004708:	8881      	ldrh	r1, [r0, #4]
1000470a:	4293      	cmp	r3, r2
1000470c:	d307      	bcc.n	1000471e <tu_fifo_count+0x1e>
1000470e:	1a9b      	subs	r3, r3, r2
10004710:	b29b      	uxth	r3, r3
10004712:	1c08      	adds	r0, r1, #0
10004714:	4299      	cmp	r1, r3
10004716:	d900      	bls.n	1000471a <tu_fifo_count+0x1a>
10004718:	1c18      	adds	r0, r3, #0
1000471a:	b280      	uxth	r0, r0
1000471c:	4770      	bx	lr
1000471e:	0048      	lsls	r0, r1, #1
10004720:	1a82      	subs	r2, r0, r2
10004722:	189b      	adds	r3, r3, r2
10004724:	b29b      	uxth	r3, r3
10004726:	e7f4      	b.n	10004712 <tu_fifo_count+0x12>

10004728 <tu_fifo_empty>:
10004728:	8903      	ldrh	r3, [r0, #8]
1000472a:	8940      	ldrh	r0, [r0, #10]
1000472c:	1a18      	subs	r0, r3, r0
1000472e:	4243      	negs	r3, r0
10004730:	4158      	adcs	r0, r3
10004732:	b2c0      	uxtb	r0, r0
10004734:	4770      	bx	lr
10004736:	46c0      	nop			; (mov r8, r8)

10004738 <tu_fifo_remaining>:
10004738:	8903      	ldrh	r3, [r0, #8]
1000473a:	8942      	ldrh	r2, [r0, #10]
1000473c:	b29b      	uxth	r3, r3
1000473e:	b292      	uxth	r2, r2
10004740:	8881      	ldrh	r1, [r0, #4]
10004742:	4293      	cmp	r3, r2
10004744:	d307      	bcc.n	10004756 <tu_fifo_remaining+0x1e>
10004746:	1a9b      	subs	r3, r3, r2
10004748:	b29b      	uxth	r3, r3
1000474a:	2000      	movs	r0, #0
1000474c:	4299      	cmp	r1, r3
1000474e:	d901      	bls.n	10004754 <tu_fifo_remaining+0x1c>
10004750:	1acb      	subs	r3, r1, r3
10004752:	b298      	uxth	r0, r3
10004754:	4770      	bx	lr
10004756:	0048      	lsls	r0, r1, #1
10004758:	1a82      	subs	r2, r0, r2
1000475a:	189b      	adds	r3, r3, r2
1000475c:	b29b      	uxth	r3, r3
1000475e:	e7f4      	b.n	1000474a <tu_fifo_remaining+0x12>

10004760 <tu_fifo_read>:
10004760:	b570      	push	{r4, r5, r6, lr}
10004762:	0004      	movs	r4, r0
10004764:	6900      	ldr	r0, [r0, #16]
10004766:	000d      	movs	r5, r1
10004768:	2800      	cmp	r0, #0
1000476a:	d003      	beq.n	10004774 <tu_fifo_read+0x14>
1000476c:	2101      	movs	r1, #1
1000476e:	4249      	negs	r1, r1
10004770:	f000 fa52 	bl	10004c18 <__mutex_enter_timeout_ms_veneer>
10004774:	8920      	ldrh	r0, [r4, #8]
10004776:	8961      	ldrh	r1, [r4, #10]
10004778:	b280      	uxth	r0, r0
1000477a:	b289      	uxth	r1, r1
1000477c:	88a3      	ldrh	r3, [r4, #4]
1000477e:	4288      	cmp	r0, r1
10004780:	d230      	bcs.n	100047e4 <tu_fifo_read+0x84>
10004782:	005a      	lsls	r2, r3, #1
10004784:	1a52      	subs	r2, r2, r1
10004786:	1882      	adds	r2, r0, r2
10004788:	b292      	uxth	r2, r2
1000478a:	2a00      	cmp	r2, #0
1000478c:	d02e      	beq.n	100047ec <tu_fifo_read+0x8c>
1000478e:	4293      	cmp	r3, r2
10004790:	d208      	bcs.n	100047a4 <tu_fifo_read+0x44>
10004792:	4298      	cmp	r0, r3
10004794:	d331      	bcc.n	100047fa <tu_fifo_read+0x9a>
10004796:	1ac1      	subs	r1, r0, r3
10004798:	b289      	uxth	r1, r1
1000479a:	8161      	strh	r1, [r4, #10]
1000479c:	428b      	cmp	r3, r1
1000479e:	d803      	bhi.n	100047a8 <tu_fifo_read+0x48>
100047a0:	1ac9      	subs	r1, r1, r3
100047a2:	b289      	uxth	r1, r1
100047a4:	428b      	cmp	r3, r1
100047a6:	d9fb      	bls.n	100047a0 <tu_fifo_read+0x40>
100047a8:	6823      	ldr	r3, [r4, #0]
100047aa:	88e2      	ldrh	r2, [r4, #6]
100047ac:	469c      	mov	ip, r3
100047ae:	0452      	lsls	r2, r2, #17
100047b0:	0c52      	lsrs	r2, r2, #17
100047b2:	4351      	muls	r1, r2
100047b4:	0028      	movs	r0, r5
100047b6:	4461      	add	r1, ip
100047b8:	f7fd fbe8 	bl	10001f8c <__wrap___aeabi_memcpy>
100047bc:	8961      	ldrh	r1, [r4, #10]
100047be:	88a3      	ldrh	r3, [r4, #4]
100047c0:	b289      	uxth	r1, r1
100047c2:	1c4a      	adds	r2, r1, #1
100047c4:	b292      	uxth	r2, r2
100047c6:	2501      	movs	r5, #1
100047c8:	4291      	cmp	r1, r2
100047ca:	d912      	bls.n	100047f2 <tu_fifo_read+0x92>
100047cc:	2200      	movs	r2, #0
100047ce:	005b      	lsls	r3, r3, #1
100047d0:	1ad2      	subs	r2, r2, r3
100047d2:	b292      	uxth	r2, r2
100047d4:	6920      	ldr	r0, [r4, #16]
100047d6:	8162      	strh	r2, [r4, #10]
100047d8:	2800      	cmp	r0, #0
100047da:	d001      	beq.n	100047e0 <tu_fifo_read+0x80>
100047dc:	f000 fa04 	bl	10004be8 <__mutex_exit_veneer>
100047e0:	0028      	movs	r0, r5
100047e2:	bd70      	pop	{r4, r5, r6, pc}
100047e4:	1a42      	subs	r2, r0, r1
100047e6:	b292      	uxth	r2, r2
100047e8:	2a00      	cmp	r2, #0
100047ea:	d1d0      	bne.n	1000478e <tu_fifo_read+0x2e>
100047ec:	2500      	movs	r5, #0
100047ee:	8962      	ldrh	r2, [r4, #10]
100047f0:	b292      	uxth	r2, r2
100047f2:	005b      	lsls	r3, r3, #1
100047f4:	429a      	cmp	r2, r3
100047f6:	dbed      	blt.n	100047d4 <tu_fifo_read+0x74>
100047f8:	e7ea      	b.n	100047d0 <tu_fifo_read+0x70>
100047fa:	18c0      	adds	r0, r0, r3
100047fc:	b281      	uxth	r1, r0
100047fe:	8161      	strh	r1, [r4, #10]
10004800:	e7cc      	b.n	1000479c <tu_fifo_read+0x3c>
10004802:	46c0      	nop			; (mov r8, r8)

10004804 <tu_fifo_read_n>:
10004804:	b5f0      	push	{r4, r5, r6, r7, lr}
10004806:	4646      	mov	r6, r8
10004808:	464f      	mov	r7, r9
1000480a:	46d6      	mov	lr, sl
1000480c:	b5c0      	push	{r6, r7, lr}
1000480e:	0006      	movs	r6, r0
10004810:	6900      	ldr	r0, [r0, #16]
10004812:	4688      	mov	r8, r1
10004814:	4691      	mov	r9, r2
10004816:	2800      	cmp	r0, #0
10004818:	d003      	beq.n	10004822 <tu_fifo_read_n+0x1e>
1000481a:	2101      	movs	r1, #1
1000481c:	4249      	negs	r1, r1
1000481e:	f000 f9fb 	bl	10004c18 <__mutex_enter_timeout_ms_veneer>
10004822:	8933      	ldrh	r3, [r6, #8]
10004824:	8974      	ldrh	r4, [r6, #10]
10004826:	b29b      	uxth	r3, r3
10004828:	b2a4      	uxth	r4, r4
1000482a:	88b7      	ldrh	r7, [r6, #4]
1000482c:	42a3      	cmp	r3, r4
1000482e:	d24c      	bcs.n	100048ca <tu_fifo_read_n+0xc6>
10004830:	007d      	lsls	r5, r7, #1
10004832:	1b2d      	subs	r5, r5, r4
10004834:	195d      	adds	r5, r3, r5
10004836:	b2ad      	uxth	r5, r5
10004838:	2d00      	cmp	r5, #0
1000483a:	d04a      	beq.n	100048d2 <tu_fifo_read_n+0xce>
1000483c:	42af      	cmp	r7, r5
1000483e:	d205      	bcs.n	1000484c <tu_fifo_read_n+0x48>
10004840:	42bb      	cmp	r3, r7
10004842:	d254      	bcs.n	100048ee <tu_fifo_read_n+0xea>
10004844:	19db      	adds	r3, r3, r7
10004846:	b29c      	uxth	r4, r3
10004848:	003d      	movs	r5, r7
1000484a:	8174      	strh	r4, [r6, #10]
1000484c:	464b      	mov	r3, r9
1000484e:	45a9      	cmp	r9, r5
10004850:	d84b      	bhi.n	100048ea <tu_fifo_read_n+0xe6>
10004852:	b29d      	uxth	r5, r3
10004854:	42a7      	cmp	r7, r4
10004856:	d803      	bhi.n	10004860 <tu_fifo_read_n+0x5c>
10004858:	1be4      	subs	r4, r4, r7
1000485a:	b2a4      	uxth	r4, r4
1000485c:	42a7      	cmp	r7, r4
1000485e:	d9fb      	bls.n	10004858 <tu_fifo_read_n+0x54>
10004860:	88f2      	ldrh	r2, [r6, #6]
10004862:	1b38      	subs	r0, r7, r4
10004864:	0452      	lsls	r2, r2, #17
10004866:	0c53      	lsrs	r3, r2, #17
10004868:	0019      	movs	r1, r3
1000486a:	4699      	mov	r9, r3
1000486c:	6833      	ldr	r3, [r6, #0]
1000486e:	4361      	muls	r1, r4
10004870:	469c      	mov	ip, r3
10004872:	b280      	uxth	r0, r0
10004874:	4461      	add	r1, ip
10004876:	42a8      	cmp	r0, r5
10004878:	d231      	bcs.n	100048de <tu_fifo_read_n+0xda>
1000487a:	464b      	mov	r3, r9
1000487c:	4358      	muls	r0, r3
1000487e:	b283      	uxth	r3, r0
10004880:	001a      	movs	r2, r3
10004882:	4640      	mov	r0, r8
10004884:	469a      	mov	sl, r3
10004886:	f7fd fb81 	bl	10001f8c <__wrap___aeabi_memcpy>
1000488a:	464b      	mov	r3, r9
1000488c:	4640      	mov	r0, r8
1000488e:	1bef      	subs	r7, r5, r7
10004890:	19e4      	adds	r4, r4, r7
10004892:	435c      	muls	r4, r3
10004894:	4450      	add	r0, sl
10004896:	b2a2      	uxth	r2, r4
10004898:	6831      	ldr	r1, [r6, #0]
1000489a:	f7fd fb77 	bl	10001f8c <__wrap___aeabi_memcpy>
1000489e:	8972      	ldrh	r2, [r6, #10]
100048a0:	88b7      	ldrh	r7, [r6, #4]
100048a2:	b292      	uxth	r2, r2
100048a4:	1953      	adds	r3, r2, r5
100048a6:	b29b      	uxth	r3, r3
100048a8:	0079      	lsls	r1, r7, #1
100048aa:	429a      	cmp	r2, r3
100048ac:	d913      	bls.n	100048d6 <tu_fifo_read_n+0xd2>
100048ae:	1a5b      	subs	r3, r3, r1
100048b0:	b29b      	uxth	r3, r3
100048b2:	6930      	ldr	r0, [r6, #16]
100048b4:	8173      	strh	r3, [r6, #10]
100048b6:	2800      	cmp	r0, #0
100048b8:	d001      	beq.n	100048be <tu_fifo_read_n+0xba>
100048ba:	f000 f995 	bl	10004be8 <__mutex_exit_veneer>
100048be:	0028      	movs	r0, r5
100048c0:	bc1c      	pop	{r2, r3, r4}
100048c2:	4690      	mov	r8, r2
100048c4:	4699      	mov	r9, r3
100048c6:	46a2      	mov	sl, r4
100048c8:	bdf0      	pop	{r4, r5, r6, r7, pc}
100048ca:	1b1d      	subs	r5, r3, r4
100048cc:	b2ad      	uxth	r5, r5
100048ce:	2d00      	cmp	r5, #0
100048d0:	d1b4      	bne.n	1000483c <tu_fifo_read_n+0x38>
100048d2:	8973      	ldrh	r3, [r6, #10]
100048d4:	b29b      	uxth	r3, r3
100048d6:	0079      	lsls	r1, r7, #1
100048d8:	428b      	cmp	r3, r1
100048da:	dbea      	blt.n	100048b2 <tu_fifo_read_n+0xae>
100048dc:	e7e7      	b.n	100048ae <tu_fifo_read_n+0xaa>
100048de:	464a      	mov	r2, r9
100048e0:	4640      	mov	r0, r8
100048e2:	436a      	muls	r2, r5
100048e4:	f7fd fb52 	bl	10001f8c <__wrap___aeabi_memcpy>
100048e8:	e7d9      	b.n	1000489e <tu_fifo_read_n+0x9a>
100048ea:	1c2b      	adds	r3, r5, #0
100048ec:	e7b1      	b.n	10004852 <tu_fifo_read_n+0x4e>
100048ee:	1bdc      	subs	r4, r3, r7
100048f0:	b2a4      	uxth	r4, r4
100048f2:	e7a9      	b.n	10004848 <tu_fifo_read_n+0x44>

100048f4 <tu_fifo_write>:
100048f4:	b5f8      	push	{r3, r4, r5, r6, r7, lr}
100048f6:	0004      	movs	r4, r0
100048f8:	68c0      	ldr	r0, [r0, #12]
100048fa:	000e      	movs	r6, r1
100048fc:	2800      	cmp	r0, #0
100048fe:	d003      	beq.n	10004908 <tu_fifo_write+0x14>
10004900:	2101      	movs	r1, #1
10004902:	4249      	negs	r1, r1
10004904:	f000 f988 	bl	10004c18 <__mutex_enter_timeout_ms_veneer>
10004908:	8925      	ldrh	r5, [r4, #8]
1000490a:	8922      	ldrh	r2, [r4, #8]
1000490c:	8961      	ldrh	r1, [r4, #10]
1000490e:	b292      	uxth	r2, r2
10004910:	b289      	uxth	r1, r1
10004912:	b2ad      	uxth	r5, r5
10004914:	88a3      	ldrh	r3, [r4, #4]
10004916:	428a      	cmp	r2, r1
10004918:	d32c      	bcc.n	10004974 <tu_fifo_write+0x80>
1000491a:	1a52      	subs	r2, r2, r1
1000491c:	b292      	uxth	r2, r2
1000491e:	4293      	cmp	r3, r2
10004920:	d809      	bhi.n	10004936 <tu_fifo_write+0x42>
10004922:	79e7      	ldrb	r7, [r4, #7]
10004924:	09ff      	lsrs	r7, r7, #7
10004926:	d106      	bne.n	10004936 <tu_fifo_write+0x42>
10004928:	68e0      	ldr	r0, [r4, #12]
1000492a:	2800      	cmp	r0, #0
1000492c:	d001      	beq.n	10004932 <tu_fifo_write+0x3e>
1000492e:	f000 f95b 	bl	10004be8 <__mutex_exit_veneer>
10004932:	0038      	movs	r0, r7
10004934:	bdf8      	pop	{r3, r4, r5, r6, r7, pc}
10004936:	0028      	movs	r0, r5
10004938:	429d      	cmp	r5, r3
1000493a:	d303      	bcc.n	10004944 <tu_fifo_write+0x50>
1000493c:	1ac0      	subs	r0, r0, r3
1000493e:	b280      	uxth	r0, r0
10004940:	4298      	cmp	r0, r3
10004942:	d2fb      	bcs.n	1000493c <tu_fifo_write+0x48>
10004944:	6823      	ldr	r3, [r4, #0]
10004946:	88e2      	ldrh	r2, [r4, #6]
10004948:	469c      	mov	ip, r3
1000494a:	0452      	lsls	r2, r2, #17
1000494c:	0c52      	lsrs	r2, r2, #17
1000494e:	4350      	muls	r0, r2
10004950:	0031      	movs	r1, r6
10004952:	4460      	add	r0, ip
10004954:	f7fd fb1a 	bl	10001f8c <__wrap___aeabi_memcpy>
10004958:	88a2      	ldrh	r2, [r4, #4]
1000495a:	1c6b      	adds	r3, r5, #1
1000495c:	b29b      	uxth	r3, r3
1000495e:	0052      	lsls	r2, r2, #1
10004960:	429d      	cmp	r5, r3
10004962:	d904      	bls.n	1000496e <tu_fifo_write+0x7a>
10004964:	1a9b      	subs	r3, r3, r2
10004966:	b29b      	uxth	r3, r3
10004968:	8123      	strh	r3, [r4, #8]
1000496a:	2701      	movs	r7, #1
1000496c:	e7dc      	b.n	10004928 <tu_fifo_write+0x34>
1000496e:	4293      	cmp	r3, r2
10004970:	dbfa      	blt.n	10004968 <tu_fifo_write+0x74>
10004972:	e7f7      	b.n	10004964 <tu_fifo_write+0x70>
10004974:	0058      	lsls	r0, r3, #1
10004976:	1a41      	subs	r1, r0, r1
10004978:	1852      	adds	r2, r2, r1
1000497a:	b292      	uxth	r2, r2
1000497c:	e7cf      	b.n	1000491e <tu_fifo_write+0x2a>
1000497e:	46c0      	nop			; (mov r8, r8)

10004980 <tu_fifo_write_n>:
10004980:	b5f0      	push	{r4, r5, r6, r7, lr}
10004982:	46de      	mov	lr, fp
10004984:	4645      	mov	r5, r8
10004986:	4657      	mov	r7, sl
10004988:	464e      	mov	r6, r9
1000498a:	b5e0      	push	{r5, r6, r7, lr}
1000498c:	468b      	mov	fp, r1
1000498e:	b083      	sub	sp, #12
10004990:	0005      	movs	r5, r0
10004992:	1e14      	subs	r4, r2, #0
10004994:	d06c      	beq.n	10004a70 <tu_fifo_write_n+0xf0>
10004996:	68c0      	ldr	r0, [r0, #12]
10004998:	2800      	cmp	r0, #0
1000499a:	d003      	beq.n	100049a4 <tu_fifo_write_n+0x24>
1000499c:	2101      	movs	r1, #1
1000499e:	4249      	negs	r1, r1
100049a0:	f000 f93a 	bl	10004c18 <__mutex_enter_timeout_ms_veneer>
100049a4:	892f      	ldrh	r7, [r5, #8]
100049a6:	79ea      	ldrb	r2, [r5, #7]
100049a8:	896b      	ldrh	r3, [r5, #10]
100049aa:	b2bf      	uxth	r7, r7
100049ac:	b29b      	uxth	r3, r3
100049ae:	88ae      	ldrh	r6, [r5, #4]
100049b0:	09d2      	lsrs	r2, r2, #7
100049b2:	d141      	bne.n	10004a38 <tu_fifo_write_n+0xb8>
100049b4:	429f      	cmp	r7, r3
100049b6:	d265      	bcs.n	10004a84 <tu_fifo_write_n+0x104>
100049b8:	0072      	lsls	r2, r6, #1
100049ba:	1ad3      	subs	r3, r2, r3
100049bc:	18fb      	adds	r3, r7, r3
100049be:	b29b      	uxth	r3, r3
100049c0:	2200      	movs	r2, #0
100049c2:	4690      	mov	r8, r2
100049c4:	42b3      	cmp	r3, r6
100049c6:	d231      	bcs.n	10004a2c <tu_fifo_write_n+0xac>
100049c8:	1af3      	subs	r3, r6, r3
100049ca:	1c1a      	adds	r2, r3, #0
100049cc:	b29b      	uxth	r3, r3
100049ce:	42a3      	cmp	r3, r4
100049d0:	d900      	bls.n	100049d4 <tu_fifo_write_n+0x54>
100049d2:	1c22      	adds	r2, r4, #0
100049d4:	b293      	uxth	r3, r2
100049d6:	4698      	mov	r8, r3
100049d8:	88e9      	ldrh	r1, [r5, #6]
100049da:	4643      	mov	r3, r8
100049dc:	18fb      	adds	r3, r7, r3
100049de:	b29b      	uxth	r3, r3
100049e0:	0449      	lsls	r1, r1, #17
100049e2:	4699      	mov	r9, r3
100049e4:	0c4b      	lsrs	r3, r1, #17
100049e6:	469a      	mov	sl, r3
100049e8:	003c      	movs	r4, r7
100049ea:	42be      	cmp	r6, r7
100049ec:	d803      	bhi.n	100049f6 <tu_fifo_write_n+0x76>
100049ee:	1ba4      	subs	r4, r4, r6
100049f0:	b2a4      	uxth	r4, r4
100049f2:	42b4      	cmp	r4, r6
100049f4:	d2fb      	bcs.n	100049ee <tu_fifo_write_n+0x6e>
100049f6:	4650      	mov	r0, sl
100049f8:	682b      	ldr	r3, [r5, #0]
100049fa:	4360      	muls	r0, r4
100049fc:	469c      	mov	ip, r3
100049fe:	1b31      	subs	r1, r6, r4
10004a00:	b289      	uxth	r1, r1
10004a02:	4460      	add	r0, ip
10004a04:	4541      	cmp	r1, r8
10004a06:	d349      	bcc.n	10004a9c <tu_fifo_write_n+0x11c>
10004a08:	4652      	mov	r2, sl
10004a0a:	4643      	mov	r3, r8
10004a0c:	4659      	mov	r1, fp
10004a0e:	435a      	muls	r2, r3
10004a10:	f7fd fabc 	bl	10001f8c <__wrap___aeabi_memcpy>
10004a14:	88ab      	ldrh	r3, [r5, #4]
10004a16:	005b      	lsls	r3, r3, #1
10004a18:	45b9      	cmp	r9, r7
10004a1a:	d301      	bcc.n	10004a20 <tu_fifo_write_n+0xa0>
10004a1c:	4599      	cmp	r9, r3
10004a1e:	db03      	blt.n	10004a28 <tu_fifo_write_n+0xa8>
10004a20:	464a      	mov	r2, r9
10004a22:	1ad3      	subs	r3, r2, r3
10004a24:	b29b      	uxth	r3, r3
10004a26:	4699      	mov	r9, r3
10004a28:	464b      	mov	r3, r9
10004a2a:	812b      	strh	r3, [r5, #8]
10004a2c:	68e8      	ldr	r0, [r5, #12]
10004a2e:	2800      	cmp	r0, #0
10004a30:	d020      	beq.n	10004a74 <tu_fifo_write_n+0xf4>
10004a32:	f000 f8d9 	bl	10004be8 <__mutex_exit_veneer>
10004a36:	e01d      	b.n	10004a74 <tu_fifo_write_n+0xf4>
10004a38:	88e9      	ldrh	r1, [r5, #6]
10004a3a:	044a      	lsls	r2, r1, #17
10004a3c:	0c52      	lsrs	r2, r2, #17
10004a3e:	4692      	mov	sl, r2
10004a40:	42b4      	cmp	r4, r6
10004a42:	d222      	bcs.n	10004a8a <tu_fifo_write_n+0x10a>
10004a44:	429f      	cmp	r7, r3
10004a46:	d33e      	bcc.n	10004ac6 <tu_fifo_write_n+0x146>
10004a48:	1afa      	subs	r2, r7, r3
10004a4a:	b292      	uxth	r2, r2
10004a4c:	0071      	lsls	r1, r6, #1
10004a4e:	1912      	adds	r2, r2, r4
10004a50:	428a      	cmp	r2, r1
10004a52:	db08      	blt.n	10004a66 <tu_fifo_write_n+0xe6>
10004a54:	199a      	adds	r2, r3, r6
10004a56:	b292      	uxth	r2, r2
10004a58:	1b17      	subs	r7, r2, r4
10004a5a:	b2bf      	uxth	r7, r7
10004a5c:	4691      	mov	r9, r2
10004a5e:	42bb      	cmp	r3, r7
10004a60:	d939      	bls.n	10004ad6 <tu_fifo_write_n+0x156>
10004a62:	1a7f      	subs	r7, r7, r1
10004a64:	b2bf      	uxth	r7, r7
10004a66:	19e3      	adds	r3, r4, r7
10004a68:	b29b      	uxth	r3, r3
10004a6a:	4699      	mov	r9, r3
10004a6c:	46a0      	mov	r8, r4
10004a6e:	e7bb      	b.n	100049e8 <tu_fifo_write_n+0x68>
10004a70:	2300      	movs	r3, #0
10004a72:	4698      	mov	r8, r3
10004a74:	4640      	mov	r0, r8
10004a76:	b003      	add	sp, #12
10004a78:	bc3c      	pop	{r2, r3, r4, r5}
10004a7a:	4690      	mov	r8, r2
10004a7c:	4699      	mov	r9, r3
10004a7e:	46a2      	mov	sl, r4
10004a80:	46ab      	mov	fp, r5
10004a82:	bdf0      	pop	{r4, r5, r6, r7, pc}
10004a84:	1afb      	subs	r3, r7, r3
10004a86:	b29b      	uxth	r3, r3
10004a88:	e79a      	b.n	100049c0 <tu_fifo_write_n+0x40>
10004a8a:	4650      	mov	r0, sl
10004a8c:	1ba2      	subs	r2, r4, r6
10004a8e:	4350      	muls	r0, r2
10004a90:	4483      	add	fp, r0
10004a92:	2e00      	cmp	r6, #0
10004a94:	d11c      	bne.n	10004ad0 <tu_fifo_write_n+0x150>
10004a96:	2300      	movs	r3, #0
10004a98:	4698      	mov	r8, r3
10004a9a:	e7c7      	b.n	10004a2c <tu_fifo_write_n+0xac>
10004a9c:	4653      	mov	r3, sl
10004a9e:	4359      	muls	r1, r3
10004aa0:	b28b      	uxth	r3, r1
10004aa2:	001a      	movs	r2, r3
10004aa4:	4659      	mov	r1, fp
10004aa6:	9301      	str	r3, [sp, #4]
10004aa8:	f7fd fa70 	bl	10001f8c <__wrap___aeabi_memcpy>
10004aac:	4642      	mov	r2, r8
10004aae:	4651      	mov	r1, sl
10004ab0:	1b92      	subs	r2, r2, r6
10004ab2:	18a2      	adds	r2, r4, r2
10004ab4:	434a      	muls	r2, r1
10004ab6:	9b01      	ldr	r3, [sp, #4]
10004ab8:	b292      	uxth	r2, r2
10004aba:	445b      	add	r3, fp
10004abc:	0019      	movs	r1, r3
10004abe:	6828      	ldr	r0, [r5, #0]
10004ac0:	f7fd fa64 	bl	10001f8c <__wrap___aeabi_memcpy>
10004ac4:	e7a6      	b.n	10004a14 <tu_fifo_write_n+0x94>
10004ac6:	0071      	lsls	r1, r6, #1
10004ac8:	1aca      	subs	r2, r1, r3
10004aca:	18ba      	adds	r2, r7, r2
10004acc:	b292      	uxth	r2, r2
10004ace:	e7be      	b.n	10004a4e <tu_fifo_write_n+0xce>
10004ad0:	001f      	movs	r7, r3
10004ad2:	46b0      	mov	r8, r6
10004ad4:	e781      	b.n	100049da <tu_fifo_write_n+0x5a>
10004ad6:	46a0      	mov	r8, r4
10004ad8:	42b9      	cmp	r1, r7
10004ada:	dd00      	ble.n	10004ade <tu_fifo_write_n+0x15e>
10004adc:	e784      	b.n	100049e8 <tu_fifo_write_n+0x68>
10004ade:	e7c0      	b.n	10004a62 <tu_fifo_write_n+0xe2>

10004ae0 <tu_fifo_clear>:
10004ae0:	b510      	push	{r4, lr}
10004ae2:	0004      	movs	r4, r0
10004ae4:	68c0      	ldr	r0, [r0, #12]
10004ae6:	2800      	cmp	r0, #0
10004ae8:	d003      	beq.n	10004af2 <tu_fifo_clear+0x12>
10004aea:	2101      	movs	r1, #1
10004aec:	4249      	negs	r1, r1
10004aee:	f000 f893 	bl	10004c18 <__mutex_enter_timeout_ms_veneer>
10004af2:	6920      	ldr	r0, [r4, #16]
10004af4:	2800      	cmp	r0, #0
10004af6:	d003      	beq.n	10004b00 <tu_fifo_clear+0x20>
10004af8:	2101      	movs	r1, #1
10004afa:	4249      	negs	r1, r1
10004afc:	f000 f88c 	bl	10004c18 <__mutex_enter_timeout_ms_veneer>
10004b00:	2300      	movs	r3, #0
10004b02:	68e0      	ldr	r0, [r4, #12]
10004b04:	8163      	strh	r3, [r4, #10]
10004b06:	8123      	strh	r3, [r4, #8]
10004b08:	2800      	cmp	r0, #0
10004b0a:	d001      	beq.n	10004b10 <tu_fifo_clear+0x30>
10004b0c:	f000 f86c 	bl	10004be8 <__mutex_exit_veneer>
10004b10:	6920      	ldr	r0, [r4, #16]
10004b12:	2800      	cmp	r0, #0
10004b14:	d001      	beq.n	10004b1a <tu_fifo_clear+0x3a>
10004b16:	f000 f867 	bl	10004be8 <__mutex_exit_veneer>
10004b1a:	2001      	movs	r0, #1
10004b1c:	bd10      	pop	{r4, pc}
10004b1e:	46c0      	nop			; (mov r8, r8)

10004b20 <tu_fifo_set_overwritable>:
10004b20:	b570      	push	{r4, r5, r6, lr}
10004b22:	0004      	movs	r4, r0
10004b24:	68c0      	ldr	r0, [r0, #12]
10004b26:	000d      	movs	r5, r1
10004b28:	2800      	cmp	r0, #0
10004b2a:	d003      	beq.n	10004b34 <tu_fifo_set_overwritable+0x14>
10004b2c:	2101      	movs	r1, #1
10004b2e:	4249      	negs	r1, r1
10004b30:	f000 f872 	bl	10004c18 <__mutex_enter_timeout_ms_veneer>
10004b34:	6920      	ldr	r0, [r4, #16]
10004b36:	2800      	cmp	r0, #0
10004b38:	d003      	beq.n	10004b42 <tu_fifo_set_overwritable+0x22>
10004b3a:	2101      	movs	r1, #1
10004b3c:	4249      	negs	r1, r1
10004b3e:	f000 f86b 	bl	10004c18 <__mutex_enter_timeout_ms_veneer>
10004b42:	217f      	movs	r1, #127	; 0x7f
10004b44:	79e3      	ldrb	r3, [r4, #7]
10004b46:	01ed      	lsls	r5, r5, #7
10004b48:	4019      	ands	r1, r3
10004b4a:	68e0      	ldr	r0, [r4, #12]
10004b4c:	4329      	orrs	r1, r5
10004b4e:	71e1      	strb	r1, [r4, #7]
10004b50:	2800      	cmp	r0, #0
10004b52:	d001      	beq.n	10004b58 <tu_fifo_set_overwritable+0x38>
10004b54:	f000 f848 	bl	10004be8 <__mutex_exit_veneer>
10004b58:	6920      	ldr	r0, [r4, #16]
10004b5a:	2800      	cmp	r0, #0
10004b5c:	d001      	beq.n	10004b62 <tu_fifo_set_overwritable+0x42>
10004b5e:	f000 f843 	bl	10004be8 <__mutex_exit_veneer>
10004b62:	2001      	movs	r0, #1
10004b64:	bd70      	pop	{r4, r5, r6, pc}
10004b66:	46c0      	nop			; (mov r8, r8)

10004b68 <strlen>:
10004b68:	b510      	push	{r4, lr}
10004b6a:	0783      	lsls	r3, r0, #30
10004b6c:	d027      	beq.n	10004bbe <strlen+0x56>
10004b6e:	7803      	ldrb	r3, [r0, #0]
10004b70:	2b00      	cmp	r3, #0
10004b72:	d026      	beq.n	10004bc2 <strlen+0x5a>
10004b74:	0003      	movs	r3, r0
10004b76:	2103      	movs	r1, #3
10004b78:	e002      	b.n	10004b80 <strlen+0x18>
10004b7a:	781a      	ldrb	r2, [r3, #0]
10004b7c:	2a00      	cmp	r2, #0
10004b7e:	d01c      	beq.n	10004bba <strlen+0x52>
10004b80:	3301      	adds	r3, #1
10004b82:	420b      	tst	r3, r1
10004b84:	d1f9      	bne.n	10004b7a <strlen+0x12>
10004b86:	6819      	ldr	r1, [r3, #0]
10004b88:	4a0f      	ldr	r2, [pc, #60]	; (10004bc8 <strlen+0x60>)
10004b8a:	4c10      	ldr	r4, [pc, #64]	; (10004bcc <strlen+0x64>)
10004b8c:	188a      	adds	r2, r1, r2
10004b8e:	438a      	bics	r2, r1
10004b90:	4222      	tst	r2, r4
10004b92:	d10f      	bne.n	10004bb4 <strlen+0x4c>
10004b94:	3304      	adds	r3, #4
10004b96:	6819      	ldr	r1, [r3, #0]
10004b98:	4a0b      	ldr	r2, [pc, #44]	; (10004bc8 <strlen+0x60>)
10004b9a:	188a      	adds	r2, r1, r2
10004b9c:	438a      	bics	r2, r1
10004b9e:	4222      	tst	r2, r4
10004ba0:	d108      	bne.n	10004bb4 <strlen+0x4c>
10004ba2:	3304      	adds	r3, #4
10004ba4:	6819      	ldr	r1, [r3, #0]
10004ba6:	4a08      	ldr	r2, [pc, #32]	; (10004bc8 <strlen+0x60>)
10004ba8:	188a      	adds	r2, r1, r2
10004baa:	438a      	bics	r2, r1
10004bac:	4222      	tst	r2, r4
10004bae:	d0f1      	beq.n	10004b94 <strlen+0x2c>
10004bb0:	e000      	b.n	10004bb4 <strlen+0x4c>
10004bb2:	3301      	adds	r3, #1
10004bb4:	781a      	ldrb	r2, [r3, #0]
10004bb6:	2a00      	cmp	r2, #0
10004bb8:	d1fb      	bne.n	10004bb2 <strlen+0x4a>
10004bba:	1a18      	subs	r0, r3, r0
10004bbc:	bd10      	pop	{r4, pc}
10004bbe:	0003      	movs	r3, r0
10004bc0:	e7e1      	b.n	10004b86 <strlen+0x1e>
10004bc2:	2000      	movs	r0, #0
10004bc4:	e7fa      	b.n	10004bbc <strlen+0x54>
10004bc6:	46c0      	nop			; (mov r8, r8)
10004bc8:	fefefeff 	.word	0xfefefeff
10004bcc:	80808080 	.word	0x80808080

10004bd0 <_fini>:
10004bd0:	b5f8      	push	{r3, r4, r5, r6, r7, lr}
10004bd2:	46c0      	nop			; (mov r8, r8)
10004bd4:	0000      	movs	r0, r0
	...

10004bd8 <__flash_do_cmd_veneer>:
10004bd8:	b401      	push	{r0}
10004bda:	4802      	ldr	r0, [pc, #8]	; (10004be4 <__flash_do_cmd_veneer+0xc>)
10004bdc:	4684      	mov	ip, r0
10004bde:	bc01      	pop	{r0}
10004be0:	4760      	bx	ip
10004be2:	bf00      	nop
10004be4:	20000339 	.word	0x20000339

10004be8 <__mutex_exit_veneer>:
10004be8:	b401      	push	{r0}
10004bea:	4802      	ldr	r0, [pc, #8]	; (10004bf4 <__mutex_exit_veneer+0xc>)
10004bec:	4684      	mov	ip, r0
10004bee:	bc01      	pop	{r0}
10004bf0:	4760      	bx	ip
10004bf2:	bf00      	nop
10004bf4:	20000249 	.word	0x20000249

10004bf8 <____aeabi_idiv0_veneer>:
10004bf8:	b401      	push	{r0}
10004bfa:	4802      	ldr	r0, [pc, #8]	; (10004c04 <____aeabi_idiv0_veneer+0xc>)
10004bfc:	4684      	mov	ip, r0
10004bfe:	bc01      	pop	{r0}
10004c00:	4760      	bx	ip
10004c02:	bf00      	nop
10004c04:	20000ff9 	.word	0x20000ff9

10004c08 <__mutex_try_enter_veneer>:
10004c08:	b401      	push	{r0}
10004c0a:	4802      	ldr	r0, [pc, #8]	; (10004c14 <__mutex_try_enter_veneer+0xc>)
10004c0c:	4684      	mov	ip, r0
10004c0e:	bc01      	pop	{r0}
10004c10:	4760      	bx	ip
10004c12:	bf00      	nop
10004c14:	200000c1 	.word	0x200000c1

10004c18 <__mutex_enter_timeout_ms_veneer>:
10004c18:	b401      	push	{r0}
10004c1a:	4802      	ldr	r0, [pc, #8]	; (10004c24 <__mutex_enter_timeout_ms_veneer+0xc>)
10004c1c:	4684      	mov	ip, r0
10004c1e:	bc01      	pop	{r0}
10004c20:	4760      	bx	ip
10004c22:	bf00      	nop
10004c24:	200001b9 	.word	0x200001b9

10004c28 <__e15_is_critical_frame_period_veneer>:
10004c28:	b401      	push	{r0}
10004c2a:	4802      	ldr	r0, [pc, #8]	; (10004c34 <__e15_is_critical_frame_period_veneer+0xc>)
10004c2c:	4684      	mov	ip, r0
10004c2e:	bc01      	pop	{r0}
10004c30:	4760      	bx	ip
10004c32:	bf00      	nop
10004c34:	20000cc5 	.word	0x20000cc5

10004c38 <__mutex_try_enter_block_until_veneer>:
10004c38:	b401      	push	{r0}
10004c3a:	4802      	ldr	r0, [pc, #8]	; (10004c44 <__mutex_try_enter_block_until_veneer+0xc>)
10004c3c:	4684      	mov	ip, r0
10004c3e:	bc01      	pop	{r0}
10004c40:	4760      	bx	ip
10004c42:	bf00      	nop
10004c44:	20000109 	.word	0x20000109

10004c48 <__hw_endpoint_start_next_buffer_veneer>:
10004c48:	b401      	push	{r0}
10004c4a:	4802      	ldr	r0, [pc, #8]	; (10004c54 <__hw_endpoint_start_next_buffer_veneer+0xc>)
10004c4c:	4684      	mov	ip, r0
10004c4e:	bc01      	pop	{r0}
10004c50:	4760      	bx	ip
10004c52:	bf00      	nop
10004c54:	20000d59 	.word	0x20000d59

10004c58 <__hw_endpoint_reset_transfer_veneer>:
10004c58:	b401      	push	{r0}
10004c5a:	4802      	ldr	r0, [pc, #8]	; (10004c64 <__hw_endpoint_reset_transfer_veneer+0xc>)
10004c5c:	4684      	mov	ip, r0
10004c5e:	bc01      	pop	{r0}
10004c60:	4760      	bx	ip
10004c62:	bf00      	nop
10004c64:	20000cfd 	.word	0x20000cfd

10004c68 <___hw_endpoint_buffer_control_update32_veneer>:
10004c68:	b401      	push	{r0}
10004c6a:	4802      	ldr	r0, [pc, #8]	; (10004c74 <___hw_endpoint_buffer_control_update32_veneer+0xc>)
10004c6c:	4684      	mov	ip, r0
10004c6e:	bc01      	pop	{r0}
10004c70:	4760      	bx	ip
10004c72:	bf00      	nop
10004c74:	20000d09 	.word	0x20000d09

10004c78 <__e15_is_bulkin_ep.isra.0_veneer>:
10004c78:	b401      	push	{r0}
10004c7a:	4802      	ldr	r0, [pc, #8]	; (10004c84 <__e15_is_bulkin_ep.isra.0_veneer+0xc>)
10004c7c:	4684      	mov	ip, r0
10004c7e:	bc01      	pop	{r0}
10004c80:	4760      	bx	ip
10004c82:	bf00      	nop
10004c84:	20000c9d 	.word	0x20000c9d

10004c88 <__reset_non_control_endpoints_veneer>:
10004c88:	b401      	push	{r0}
10004c8a:	4802      	ldr	r0, [pc, #8]	; (10004c94 <__reset_non_control_endpoints_veneer+0xc>)
10004c8c:	4684      	mov	ip, r0
10004c8e:	bc01      	pop	{r0}
10004c90:	4760      	bx	ip
10004c92:	bf00      	nop
10004c94:	200003fd 	.word	0x200003fd

10004c98 <__pre_init_runtime_init_early_resets>:
10004c98:	10001b45                                E...

10004c9c <__pre_init_runtime_init_usb_power_down>:
10004c9c:	10001b71 10001d59 10001f71 10001db5     q...Y...q.......
10004cac:	10001edd                                ....

10004cb0 <__pre_init_runtime_init_clocks>:
10004cb0:	10001c81                                ....

10004cb4 <__pre_init_runtime_init_post_clock_resets>:
10004cb4:	10001b8d                                ....

10004cb8 <__pre_init_runtime_init_rp2040_gpio_ie_disable>:
10004cb8:	10001bad                                ....

10004cbc <__pre_init_runtime_init_spin_locks_reset>:
10004cbc:	10001bc1                                ....

10004cc0 <__pre_init_runtime_init_mutex>:
10004cc0:	10000eb1                                ....

10004cc4 <__pre_init_runtime_init_install_ram_vector_table>:
10004cc4:	10001bc9                                ....

10004cc8 <__pre_init_runtime_init_default_alarm_pool>:
10004cc8:	100012b1                                ....

10004ccc <__pre_init_first_per_core_initializer>:
10004ccc:	10001b0d                                ....

10004cd0 <__pre_init_runtime_init_per_core_irq_priorities>:
10004cd0:	1000095d                                ]...

10004cd4 <__init_array_start>:
10004cd4:	10002891 	.word	0x10002891

10004cd8 <__frame_dummy_init_array_entry>:
10004cd8:	100002fd                                ....

Disassembly of section .data:

200000c0 <mutex_try_enter>:
200000c0:	0003      	movs	r3, r0
200000c2:	b510      	push	{r4, lr}
200000c4:	6800      	ldr	r0, [r0, #0]
200000c6:	f3ef 8410 	mrs	r4, PRIMASK
200000ca:	b672      	cpsid	i
200000cc:	6802      	ldr	r2, [r0, #0]
200000ce:	2a00      	cmp	r2, #0
200000d0:	d0fc      	beq.n	200000cc <mutex_try_enter+0xc>
200000d2:	f3bf 8f5f 	dmb	sy
200000d6:	2204      	movs	r2, #4
200000d8:	569a      	ldrsb	r2, [r3, r2]
200000da:	2a00      	cmp	r2, #0
200000dc:	db0b      	blt.n	200000f6 <mutex_try_enter+0x36>
200000de:	2900      	cmp	r1, #0
200000e0:	d00f      	beq.n	20000102 <mutex_try_enter+0x42>
200000e2:	2000      	movs	r0, #0
200000e4:	600a      	str	r2, [r1, #0]
200000e6:	681b      	ldr	r3, [r3, #0]
200000e8:	f3bf 8f5f 	dmb	sy
200000ec:	2200      	movs	r2, #0
200000ee:	601a      	str	r2, [r3, #0]
200000f0:	f384 8810 	msr	PRIMASK, r4
200000f4:	bd10      	pop	{r4, pc}
200000f6:	22d0      	movs	r2, #208	; 0xd0
200000f8:	0612      	lsls	r2, r2, #24
200000fa:	6812      	ldr	r2, [r2, #0]
200000fc:	2001      	movs	r0, #1
200000fe:	711a      	strb	r2, [r3, #4]
20000100:	e7f1      	b.n	200000e6 <mutex_try_enter+0x26>
20000102:	2000      	movs	r0, #0
20000104:	e7ef      	b.n	200000e6 <mutex_try_enter+0x26>
20000106:	46c0      	nop			; (mov r8, r8)

20000108 <mutex_try_enter_block_until>:
20000108:	b5f0      	push	{r4, r5, r6, r7, lr}
2000010a:	46c6      	mov	lr, r8
2000010c:	001f      	movs	r7, r3
2000010e:	b500      	push	{lr}
20000110:	0004      	movs	r4, r0
20000112:	0016      	movs	r6, r2
20000114:	6803      	ldr	r3, [r0, #0]
20000116:	f3ef 8210 	mrs	r2, PRIMASK
2000011a:	b672      	cpsid	i
2000011c:	6819      	ldr	r1, [r3, #0]
2000011e:	2900      	cmp	r1, #0
20000120:	d0fc      	beq.n	2000011c <mutex_try_enter_block_until+0x14>
20000122:	f3bf 8f5f 	dmb	sy
20000126:	2304      	movs	r3, #4
20000128:	56e3      	ldrsb	r3, [r4, r3]
2000012a:	2b00      	cmp	r3, #0
2000012c:	db36      	blt.n	2000019c <mutex_try_enter_block_until+0x94>
2000012e:	6821      	ldr	r1, [r4, #0]
20000130:	f3bf 8f5f 	dmb	sy
20000134:	2000      	movs	r0, #0
20000136:	6008      	str	r0, [r1, #0]
20000138:	f382 8810 	msr	PRIMASK, r2
2000013c:	22d0      	movs	r2, #208	; 0xd0
2000013e:	2500      	movs	r5, #0
20000140:	0612      	lsls	r2, r2, #24
20000142:	5755      	ldrsb	r5, [r2, r5]
20000144:	429d      	cmp	r5, r3
20000146:	d103      	bne.n	20000150 <mutex_try_enter_block_until+0x48>
20000148:	2000      	movs	r0, #0
2000014a:	bc04      	pop	{r2}
2000014c:	4690      	mov	r8, r2
2000014e:	bdf0      	pop	{r4, r5, r6, r7, pc}
20000150:	2300      	movs	r3, #0
20000152:	4698      	mov	r8, r3
20000154:	e00c      	b.n	20000170 <mutex_try_enter_block_until+0x68>
20000156:	6822      	ldr	r2, [r4, #0]
20000158:	f3bf 8f5f 	dmb	sy
2000015c:	4641      	mov	r1, r8
2000015e:	6011      	str	r1, [r2, #0]
20000160:	f383 8810 	msr	PRIMASK, r3
20000164:	0030      	movs	r0, r6
20000166:	0039      	movs	r1, r7
20000168:	f000 ff82 	bl	20001070 <__best_effort_wfe_or_timeout_veneer>
2000016c:	2800      	cmp	r0, #0
2000016e:	d1eb      	bne.n	20000148 <mutex_try_enter_block_until+0x40>
20000170:	6822      	ldr	r2, [r4, #0]
20000172:	f3ef 8310 	mrs	r3, PRIMASK
20000176:	b672      	cpsid	i
20000178:	6811      	ldr	r1, [r2, #0]
2000017a:	2900      	cmp	r1, #0
2000017c:	d0fc      	beq.n	20000178 <mutex_try_enter_block_until+0x70>
2000017e:	f3bf 8f5f 	dmb	sy
20000182:	7922      	ldrb	r2, [r4, #4]
20000184:	2a7f      	cmp	r2, #127	; 0x7f
20000186:	d9e6      	bls.n	20000156 <mutex_try_enter_block_until+0x4e>
20000188:	7125      	strb	r5, [r4, #4]
2000018a:	6822      	ldr	r2, [r4, #0]
2000018c:	f3bf 8f5f 	dmb	sy
20000190:	2100      	movs	r1, #0
20000192:	6011      	str	r1, [r2, #0]
20000194:	f383 8810 	msr	PRIMASK, r3
20000198:	2001      	movs	r0, #1
2000019a:	e7d6      	b.n	2000014a <mutex_try_enter_block_until+0x42>
2000019c:	23d0      	movs	r3, #208	; 0xd0
2000019e:	061b      	lsls	r3, r3, #24
200001a0:	681b      	ldr	r3, [r3, #0]
200001a2:	7123      	strb	r3, [r4, #4]
200001a4:	6823      	ldr	r3, [r4, #0]
200001a6:	f3bf 8f5f 	dmb	sy
200001aa:	2100      	movs	r1, #0
200001ac:	6019      	str	r1, [r3, #0]
200001ae:	f382 8810 	msr	PRIMASK, r2
200001b2:	2001      	movs	r0, #1
200001b4:	e7c9      	b.n	2000014a <mutex_try_enter_block_until+0x42>
200001b6:	46c0      	nop			; (mov r8, r8)

200001b8 <mutex_enter_timeout_ms>:
200001b8:	b5f0      	push	{r4, r5, r6, r7, lr}
200001ba:	46c6      	mov	lr, r8
200001bc:	b500      	push	{lr}
200001be:	000f      	movs	r7, r1
200001c0:	0006      	movs	r6, r0
200001c2:	f000 ff2d 	bl	20001020 <__time_us_64_veneer>
200001c6:	22fa      	movs	r2, #250	; 0xfa
200001c8:	0004      	movs	r4, r0
200001ca:	000d      	movs	r5, r1
200001cc:	0092      	lsls	r2, r2, #2
200001ce:	2300      	movs	r3, #0
200001d0:	0038      	movs	r0, r7
200001d2:	2100      	movs	r1, #0
200001d4:	f000 ff1c 	bl	20001010 <____wrap___aeabi_lmul_veneer>
200001d8:	1824      	adds	r4, r4, r0
200001da:	414d      	adcs	r5, r1
200001dc:	2d00      	cmp	r5, #0
200001de:	db2c      	blt.n	2000023a <mutex_enter_timeout_ms+0x82>
200001e0:	23d0      	movs	r3, #208	; 0xd0
200001e2:	061b      	lsls	r3, r3, #24
200001e4:	681b      	ldr	r3, [r3, #0]
200001e6:	2700      	movs	r7, #0
200001e8:	4698      	mov	r8, r3
200001ea:	e00b      	b.n	20000204 <mutex_enter_timeout_ms+0x4c>
200001ec:	6832      	ldr	r2, [r6, #0]
200001ee:	f3bf 8f5f 	dmb	sy
200001f2:	6017      	str	r7, [r2, #0]
200001f4:	f383 8810 	msr	PRIMASK, r3
200001f8:	0020      	movs	r0, r4
200001fa:	0029      	movs	r1, r5
200001fc:	f000 ff38 	bl	20001070 <__best_effort_wfe_or_timeout_veneer>
20000200:	2800      	cmp	r0, #0
20000202:	d118      	bne.n	20000236 <mutex_enter_timeout_ms+0x7e>
20000204:	6832      	ldr	r2, [r6, #0]
20000206:	f3ef 8310 	mrs	r3, PRIMASK
2000020a:	b672      	cpsid	i
2000020c:	6811      	ldr	r1, [r2, #0]
2000020e:	2900      	cmp	r1, #0
20000210:	d0fc      	beq.n	2000020c <mutex_enter_timeout_ms+0x54>
20000212:	f3bf 8f5f 	dmb	sy
20000216:	7932      	ldrb	r2, [r6, #4]
20000218:	2a7f      	cmp	r2, #127	; 0x7f
2000021a:	d9e7      	bls.n	200001ec <mutex_enter_timeout_ms+0x34>
2000021c:	4642      	mov	r2, r8
2000021e:	7132      	strb	r2, [r6, #4]
20000220:	6832      	ldr	r2, [r6, #0]
20000222:	f3bf 8f5f 	dmb	sy
20000226:	2100      	movs	r1, #0
20000228:	6011      	str	r1, [r2, #0]
2000022a:	f383 8810 	msr	PRIMASK, r3
2000022e:	2001      	movs	r0, #1
20000230:	bc04      	pop	{r2}
20000232:	4690      	mov	r8, r2
20000234:	bdf0      	pop	{r4, r5, r6, r7, pc}
20000236:	2000      	movs	r0, #0
20000238:	e7fa      	b.n	20000230 <mutex_enter_timeout_ms+0x78>
2000023a:	2401      	movs	r4, #1
2000023c:	4d01      	ldr	r5, [pc, #4]	; (20000244 <mutex_enter_timeout_ms+0x8c>)
2000023e:	4264      	negs	r4, r4
20000240:	e7ce      	b.n	200001e0 <mutex_enter_timeout_ms+0x28>
20000242:	46c0      	nop			; (mov r8, r8)
20000244:	7fffffff 	.word	0x7fffffff

20000248 <mutex_exit>:
20000248:	6802      	ldr	r2, [r0, #0]
2000024a:	f3ef 8110 	mrs	r1, PRIMASK
2000024e:	b672      	cpsid	i
20000250:	6813      	ldr	r3, [r2, #0]
20000252:	2b00      	cmp	r3, #0
20000254:	d0fc      	beq.n	20000250 <mutex_exit+0x8>
20000256:	f3bf 8f5f 	dmb	sy
2000025a:	23ff      	movs	r3, #255	; 0xff
2000025c:	7103      	strb	r3, [r0, #4]
2000025e:	6803      	ldr	r3, [r0, #0]
20000260:	f3bf 8f5f 	dmb	sy
20000264:	2200      	movs	r2, #0
20000266:	601a      	str	r2, [r3, #0]
20000268:	f381 8810 	msr	PRIMASK, r1
2000026c:	bf40      	sev
2000026e:	4770      	bx	lr

20000270 <flash_init_boot2_copyout>:
20000270:	b510      	push	{r4, lr}
20000272:	4c08      	ldr	r4, [pc, #32]	; (20000294 <flash_init_boot2_copyout+0x24>)
20000274:	7823      	ldrb	r3, [r4, #0]
20000276:	2b00      	cmp	r3, #0
20000278:	d10a      	bne.n	20000290 <flash_init_boot2_copyout+0x20>
2000027a:	2380      	movs	r3, #128	; 0x80
2000027c:	4806      	ldr	r0, [pc, #24]	; (20000298 <flash_init_boot2_copyout+0x28>)
2000027e:	4907      	ldr	r1, [pc, #28]	; (2000029c <flash_init_boot2_copyout+0x2c>)
20000280:	055b      	lsls	r3, r3, #21
20000282:	681a      	ldr	r2, [r3, #0]
20000284:	50c2      	str	r2, [r0, r3]
20000286:	3304      	adds	r3, #4
20000288:	428b      	cmp	r3, r1
2000028a:	d1fa      	bne.n	20000282 <flash_init_boot2_copyout+0x12>
2000028c:	2301      	movs	r3, #1
2000028e:	7023      	strb	r3, [r4, #0]
20000290:	bd10      	pop	{r4, pc}
20000292:	46c0      	nop			; (mov r8, r8)
20000294:	20001d9c 	.word	0x20001d9c
20000298:	100017cc 	.word	0x100017cc
2000029c:	10000100 	.word	0x10000100

200002a0 <flash_enable_xip_via_boot2>:
200002a0:	b510      	push	{r4, lr}
200002a2:	4b02      	ldr	r3, [pc, #8]	; (200002ac <flash_enable_xip_via_boot2+0xc>)
200002a4:	3301      	adds	r3, #1
200002a6:	4798      	blx	r3
200002a8:	bd10      	pop	{r4, pc}
200002aa:	46c0      	nop			; (mov r8, r8)
200002ac:	200017cc 	.word	0x200017cc

200002b0 <flash_save_hardware_state>:
200002b0:	4b07      	ldr	r3, [pc, #28]	; (200002d0 <flash_save_hardware_state+0x20>)
200002b2:	685b      	ldr	r3, [r3, #4]
200002b4:	6003      	str	r3, [r0, #0]
200002b6:	4b07      	ldr	r3, [pc, #28]	; (200002d4 <flash_save_hardware_state+0x24>)
200002b8:	685a      	ldr	r2, [r3, #4]
200002ba:	6042      	str	r2, [r0, #4]
200002bc:	689a      	ldr	r2, [r3, #8]
200002be:	6082      	str	r2, [r0, #8]
200002c0:	68da      	ldr	r2, [r3, #12]
200002c2:	60c2      	str	r2, [r0, #12]
200002c4:	691a      	ldr	r2, [r3, #16]
200002c6:	695b      	ldr	r3, [r3, #20]
200002c8:	6102      	str	r2, [r0, #16]
200002ca:	6143      	str	r3, [r0, #20]
200002cc:	4770      	bx	lr
200002ce:	46c0      	nop			; (mov r8, r8)
200002d0:	40020000 	.word	0x40020000
200002d4:	40020004 	.word	0x40020004

200002d8 <flash_restore_hardware_state>:
200002d8:	6802      	ldr	r2, [r0, #0]
200002da:	4b07      	ldr	r3, [pc, #28]	; (200002f8 <flash_restore_hardware_state+0x20>)
200002dc:	605a      	str	r2, [r3, #4]
200002de:	6842      	ldr	r2, [r0, #4]
200002e0:	4b06      	ldr	r3, [pc, #24]	; (200002fc <flash_restore_hardware_state+0x24>)
200002e2:	605a      	str	r2, [r3, #4]
200002e4:	6882      	ldr	r2, [r0, #8]
200002e6:	609a      	str	r2, [r3, #8]
200002e8:	68c2      	ldr	r2, [r0, #12]
200002ea:	60da      	str	r2, [r3, #12]
200002ec:	6902      	ldr	r2, [r0, #16]
200002ee:	611a      	str	r2, [r3, #16]
200002f0:	6942      	ldr	r2, [r0, #20]
200002f2:	615a      	str	r2, [r3, #20]
200002f4:	4770      	bx	lr
200002f6:	46c0      	nop			; (mov r8, r8)
200002f8:	40020000 	.word	0x40020000
200002fc:	40020004 	.word	0x40020004

20000300 <flash_cs_force.constprop.0>:
20000300:	4b05      	ldr	r3, [pc, #20]	; (20000318 <flash_cs_force.constprop.0+0x18>)
20000302:	681a      	ldr	r2, [r3, #0]
20000304:	2380      	movs	r3, #128	; 0x80
20000306:	009b      	lsls	r3, r3, #2
20000308:	4053      	eors	r3, r2
2000030a:	22c0      	movs	r2, #192	; 0xc0
2000030c:	0092      	lsls	r2, r2, #2
2000030e:	4013      	ands	r3, r2
20000310:	4a02      	ldr	r2, [pc, #8]	; (2000031c <flash_cs_force.constprop.0+0x1c>)
20000312:	6013      	str	r3, [r2, #0]
20000314:	4770      	bx	lr
20000316:	46c0      	nop			; (mov r8, r8)
20000318:	4001800c 	.word	0x4001800c
2000031c:	4001900c 	.word	0x4001900c

20000320 <flash_cs_force.constprop.1>:
20000320:	4b03      	ldr	r3, [pc, #12]	; (20000330 <flash_cs_force.constprop.1+0x10>)
20000322:	681a      	ldr	r2, [r3, #0]
20000324:	23c0      	movs	r3, #192	; 0xc0
20000326:	009b      	lsls	r3, r3, #2
20000328:	4393      	bics	r3, r2
2000032a:	4a02      	ldr	r2, [pc, #8]	; (20000334 <flash_cs_force.constprop.1+0x14>)
2000032c:	6013      	str	r3, [r2, #0]
2000032e:	4770      	bx	lr
20000330:	4001800c 	.word	0x4001800c
20000334:	4001900c 	.word	0x4001900c

20000338 <flash_do_cmd>:
20000338:	b5f0      	push	{r4, r5, r6, r7, lr}
2000033a:	46d6      	mov	lr, sl
2000033c:	464f      	mov	r7, r9
2000033e:	4646      	mov	r6, r8
20000340:	2314      	movs	r3, #20
20000342:	b5c0      	push	{r6, r7, lr}
20000344:	2718      	movs	r7, #24
20000346:	4698      	mov	r8, r3
20000348:	b086      	sub	sp, #24
2000034a:	4681      	mov	r9, r0
2000034c:	000d      	movs	r5, r1
2000034e:	8818      	ldrh	r0, [r3, #0]
20000350:	4927      	ldr	r1, [pc, #156]	; (200003f0 <flash_do_cmd+0xb8>)
20000352:	883b      	ldrh	r3, [r7, #0]
20000354:	0014      	movs	r4, r2
20000356:	4798      	blx	r3
20000358:	4643      	mov	r3, r8
2000035a:	4682      	mov	sl, r0
2000035c:	4925      	ldr	r1, [pc, #148]	; (200003f4 <flash_do_cmd+0xbc>)
2000035e:	8818      	ldrh	r0, [r3, #0]
20000360:	883b      	ldrh	r3, [r7, #0]
20000362:	4798      	blx	r3
20000364:	4643      	mov	r3, r8
20000366:	4924      	ldr	r1, [pc, #144]	; (200003f8 <flash_do_cmd+0xc0>)
20000368:	0006      	movs	r6, r0
2000036a:	8818      	ldrh	r0, [r3, #0]
2000036c:	883b      	ldrh	r3, [r7, #0]
2000036e:	4798      	blx	r3
20000370:	4680      	mov	r8, r0
20000372:	f7ff ff7d 	bl	20000270 <flash_init_boot2_copyout>
20000376:	4668      	mov	r0, sp
20000378:	f7ff ff9a 	bl	200002b0 <flash_save_hardware_state>
2000037c:	47d0      	blx	sl
2000037e:	47b0      	blx	r6
20000380:	f7ff ffbe 	bl	20000300 <flash_cs_force.constprop.0>
20000384:	2c00      	cmp	r4, #0
20000386:	d024      	beq.n	200003d2 <flash_do_cmd+0x9a>
20000388:	20c0      	movs	r0, #192	; 0xc0
2000038a:	0022      	movs	r2, r4
2000038c:	0540      	lsls	r0, r0, #21
2000038e:	2608      	movs	r6, #8
20000390:	3f16      	subs	r7, #22
20000392:	e011      	b.n	200003b8 <flash_do_cmd+0x80>
20000394:	464b      	mov	r3, r9
20000396:	781b      	ldrb	r3, [r3, #0]
20000398:	3c01      	subs	r4, #1
2000039a:	6603      	str	r3, [r0, #96]	; 0x60
2000039c:	2301      	movs	r3, #1
2000039e:	469c      	mov	ip, r3
200003a0:	44e1      	add	r9, ip
200003a2:	2900      	cmp	r1, #0
200003a4:	d005      	beq.n	200003b2 <flash_do_cmd+0x7a>
200003a6:	2a00      	cmp	r2, #0
200003a8:	d003      	beq.n	200003b2 <flash_do_cmd+0x7a>
200003aa:	6e03      	ldr	r3, [r0, #96]	; 0x60
200003ac:	3a01      	subs	r2, #1
200003ae:	702b      	strb	r3, [r5, #0]
200003b0:	3501      	adds	r5, #1
200003b2:	0013      	movs	r3, r2
200003b4:	4323      	orrs	r3, r4
200003b6:	d00c      	beq.n	200003d2 <flash_do_cmd+0x9a>
200003b8:	0031      	movs	r1, r6
200003ba:	6a83      	ldr	r3, [r0, #40]	; 0x28
200003bc:	4019      	ands	r1, r3
200003be:	421f      	tst	r7, r3
200003c0:	d0ef      	beq.n	200003a2 <flash_do_cmd+0x6a>
200003c2:	2c00      	cmp	r4, #0
200003c4:	d0ed      	beq.n	200003a2 <flash_do_cmd+0x6a>
200003c6:	1b13      	subs	r3, r2, r4
200003c8:	2b0d      	cmp	r3, #13
200003ca:	d9e3      	bls.n	20000394 <flash_do_cmd+0x5c>
200003cc:	2900      	cmp	r1, #0
200003ce:	d1ea      	bne.n	200003a6 <flash_do_cmd+0x6e>
200003d0:	e7f2      	b.n	200003b8 <flash_do_cmd+0x80>
200003d2:	f7ff ffa5 	bl	20000320 <flash_cs_force.constprop.1>
200003d6:	47c0      	blx	r8
200003d8:	f7ff ff62 	bl	200002a0 <flash_enable_xip_via_boot2>
200003dc:	4668      	mov	r0, sp
200003de:	f7ff ff7b 	bl	200002d8 <flash_restore_hardware_state>
200003e2:	b006      	add	sp, #24
200003e4:	bc1c      	pop	{r2, r3, r4}
200003e6:	4690      	mov	r8, r2
200003e8:	4699      	mov	r9, r3
200003ea:	46a2      	mov	sl, r4
200003ec:	bdf0      	pop	{r4, r5, r6, r7, pc}
200003ee:	46c0      	nop			; (mov r8, r8)
200003f0:	00004649 	.word	0x00004649
200003f4:	00005845 	.word	0x00005845
200003f8:	00004346 	.word	0x00004346

200003fc <reset_non_control_endpoints>:
200003fc:	2300      	movs	r3, #0
200003fe:	4a1c      	ldr	r2, [pc, #112]	; (20000470 <reset_non_control_endpoints+0x74>)
20000400:	b510      	push	{r4, lr}
20000402:	6093      	str	r3, [r2, #8]
20000404:	60d3      	str	r3, [r2, #12]
20000406:	4a1b      	ldr	r2, [pc, #108]	; (20000474 <reset_non_control_endpoints+0x78>)
20000408:	2100      	movs	r1, #0
2000040a:	6093      	str	r3, [r2, #8]
2000040c:	60d3      	str	r3, [r2, #12]
2000040e:	4a1a      	ldr	r2, [pc, #104]	; (20000478 <reset_non_control_endpoints+0x7c>)
20000410:	481a      	ldr	r0, [pc, #104]	; (2000047c <reset_non_control_endpoints+0x80>)
20000412:	6093      	str	r3, [r2, #8]
20000414:	60d3      	str	r3, [r2, #12]
20000416:	4a1a      	ldr	r2, [pc, #104]	; (20000480 <reset_non_control_endpoints+0x84>)
20000418:	6093      	str	r3, [r2, #8]
2000041a:	60d3      	str	r3, [r2, #12]
2000041c:	4a19      	ldr	r2, [pc, #100]	; (20000484 <reset_non_control_endpoints+0x88>)
2000041e:	6093      	str	r3, [r2, #8]
20000420:	60d3      	str	r3, [r2, #12]
20000422:	4a19      	ldr	r2, [pc, #100]	; (20000488 <reset_non_control_endpoints+0x8c>)
20000424:	6093      	str	r3, [r2, #8]
20000426:	60d3      	str	r3, [r2, #12]
20000428:	4a18      	ldr	r2, [pc, #96]	; (2000048c <reset_non_control_endpoints+0x90>)
2000042a:	6093      	str	r3, [r2, #8]
2000042c:	60d3      	str	r3, [r2, #12]
2000042e:	4a18      	ldr	r2, [pc, #96]	; (20000490 <reset_non_control_endpoints+0x94>)
20000430:	6093      	str	r3, [r2, #8]
20000432:	60d3      	str	r3, [r2, #12]
20000434:	4a17      	ldr	r2, [pc, #92]	; (20000494 <reset_non_control_endpoints+0x98>)
20000436:	6093      	str	r3, [r2, #8]
20000438:	60d3      	str	r3, [r2, #12]
2000043a:	4a17      	ldr	r2, [pc, #92]	; (20000498 <reset_non_control_endpoints+0x9c>)
2000043c:	6093      	str	r3, [r2, #8]
2000043e:	60d3      	str	r3, [r2, #12]
20000440:	4a16      	ldr	r2, [pc, #88]	; (2000049c <reset_non_control_endpoints+0xa0>)
20000442:	6093      	str	r3, [r2, #8]
20000444:	60d3      	str	r3, [r2, #12]
20000446:	4a16      	ldr	r2, [pc, #88]	; (200004a0 <reset_non_control_endpoints+0xa4>)
20000448:	6093      	str	r3, [r2, #8]
2000044a:	60d3      	str	r3, [r2, #12]
2000044c:	4a15      	ldr	r2, [pc, #84]	; (200004a4 <reset_non_control_endpoints+0xa8>)
2000044e:	6093      	str	r3, [r2, #8]
20000450:	60d3      	str	r3, [r2, #12]
20000452:	4a15      	ldr	r2, [pc, #84]	; (200004a8 <reset_non_control_endpoints+0xac>)
20000454:	6093      	str	r3, [r2, #8]
20000456:	60d3      	str	r3, [r2, #12]
20000458:	4a14      	ldr	r2, [pc, #80]	; (200004ac <reset_non_control_endpoints+0xb0>)
2000045a:	6093      	str	r3, [r2, #8]
2000045c:	60d3      	str	r3, [r2, #12]
2000045e:	22f0      	movs	r2, #240	; 0xf0
20000460:	0092      	lsls	r2, r2, #2
20000462:	f000 fde5 	bl	20001030 <____wrap_memset_veneer>
20000466:	4b12      	ldr	r3, [pc, #72]	; (200004b0 <reset_non_control_endpoints+0xb4>)
20000468:	4a12      	ldr	r2, [pc, #72]	; (200004b4 <reset_non_control_endpoints+0xb8>)
2000046a:	601a      	str	r2, [r3, #0]
2000046c:	bd10      	pop	{r4, pc}
2000046e:	46c0      	nop			; (mov r8, r8)
20000470:	50100000 	.word	0x50100000
20000474:	50100008 	.word	0x50100008
20000478:	50100010 	.word	0x50100010
2000047c:	20001984 	.word	0x20001984
20000480:	50100018 	.word	0x50100018
20000484:	50100020 	.word	0x50100020
20000488:	50100028 	.word	0x50100028
2000048c:	50100030 	.word	0x50100030
20000490:	50100038 	.word	0x50100038
20000494:	50100040 	.word	0x50100040
20000498:	50100048 	.word	0x50100048
2000049c:	50100050 	.word	0x50100050
200004a0:	50100058 	.word	0x50100058
200004a4:	50100060 	.word	0x50100060
200004a8:	50100068 	.word	0x50100068
200004ac:	50100070 	.word	0x50100070
200004b0:	20001d4c 	.word	0x20001d4c
200004b4:	50100180 	.word	0x50100180

200004b8 <hw_handle_buff_status>:
200004b8:	b5f0      	push	{r4, r5, r6, r7, lr}
200004ba:	464f      	mov	r7, r9
200004bc:	46d6      	mov	lr, sl
200004be:	4646      	mov	r6, r8
200004c0:	b5c0      	push	{r6, r7, lr}
200004c2:	4b20      	ldr	r3, [pc, #128]	; (20000544 <hw_handle_buff_status+0x8c>)
200004c4:	b084      	sub	sp, #16
200004c6:	6d9f      	ldr	r7, [r3, #88]	; 0x58
200004c8:	2f00      	cmp	r7, #0
200004ca:	d023      	beq.n	20000514 <hw_handle_buff_status+0x5c>
200004cc:	4b1e      	ldr	r3, [pc, #120]	; (20000548 <hw_handle_buff_status+0x90>)
200004ce:	2400      	movs	r4, #0
200004d0:	469a      	mov	sl, r3
200004d2:	2301      	movs	r3, #1
200004d4:	4699      	mov	r9, r3
200004d6:	4b1d      	ldr	r3, [pc, #116]	; (2000054c <hw_handle_buff_status+0x94>)
200004d8:	2601      	movs	r6, #1
200004da:	4698      	mov	r8, r3
200004dc:	e004      	b.n	200004e8 <hw_handle_buff_status+0x30>
200004de:	3401      	adds	r4, #1
200004e0:	0076      	lsls	r6, r6, #1
200004e2:	b2e4      	uxtb	r4, r4
200004e4:	2c20      	cmp	r4, #32
200004e6:	d015      	beq.n	20000514 <hw_handle_buff_status+0x5c>
200004e8:	423e      	tst	r6, r7
200004ea:	d0f8      	beq.n	200004de <hw_handle_buff_status+0x26>
200004ec:	4653      	mov	r3, sl
200004ee:	659e      	str	r6, [r3, #88]	; 0x58
200004f0:	464b      	mov	r3, r9
200004f2:	0865      	lsrs	r5, r4, #1
200004f4:	006d      	lsls	r5, r5, #1
200004f6:	43a3      	bics	r3, r4
200004f8:	18ed      	adds	r5, r5, r3
200004fa:	016d      	lsls	r5, r5, #5
200004fc:	4445      	add	r5, r8
200004fe:	0028      	movs	r0, r5
20000500:	f000 fc60 	bl	20000dc4 <hw_endpoint_xfer_continue>
20000504:	2800      	cmp	r0, #0
20000506:	d10b      	bne.n	20000520 <hw_handle_buff_status+0x68>
20000508:	3401      	adds	r4, #1
2000050a:	43b7      	bics	r7, r6
2000050c:	b2e4      	uxtb	r4, r4
2000050e:	0076      	lsls	r6, r6, #1
20000510:	2f00      	cmp	r7, #0
20000512:	d1e7      	bne.n	200004e4 <hw_handle_buff_status+0x2c>
20000514:	b004      	add	sp, #16
20000516:	bc1c      	pop	{r2, r3, r4}
20000518:	4690      	mov	r8, r2
2000051a:	4699      	mov	r9, r3
2000051c:	46a2      	mov	sl, r4
2000051e:	bdf0      	pop	{r4, r5, r6, r7, pc}
20000520:	8aeb      	ldrh	r3, [r5, #22]
20000522:	21e0      	movs	r1, #224	; 0xe0
20000524:	a801      	add	r0, sp, #4
20000526:	6083      	str	r3, [r0, #8]
20000528:	2300      	movs	r3, #0
2000052a:	78aa      	ldrb	r2, [r5, #2]
2000052c:	00c9      	lsls	r1, r1, #3
2000052e:	8001      	strh	r1, [r0, #0]
20000530:	2101      	movs	r1, #1
20000532:	7102      	strb	r2, [r0, #4]
20000534:	7143      	strb	r3, [r0, #5]
20000536:	f000 fc65 	bl	20000e04 <dcd_event_handler>
2000053a:	0028      	movs	r0, r5
2000053c:	f000 fbde 	bl	20000cfc <hw_endpoint_reset_transfer>
20000540:	e7e2      	b.n	20000508 <hw_handle_buff_status+0x50>
20000542:	46c0      	nop			; (mov r8, r8)
20000544:	50110000 	.word	0x50110000
20000548:	50113000 	.word	0x50113000
2000054c:	20001944 	.word	0x20001944

20000550 <dcd_rp2040_irq>:
20000550:	2398      	movs	r3, #152	; 0x98
20000552:	b5f0      	push	{r4, r5, r6, r7, lr}
20000554:	2580      	movs	r5, #128	; 0x80
20000556:	4ac5      	ldr	r2, [pc, #788]	; (2000086c <dcd_rp2040_irq+0x31c>)
20000558:	02ad      	lsls	r5, r5, #10
2000055a:	58d6      	ldr	r6, [r2, r3]
2000055c:	b085      	sub	sp, #20
2000055e:	4035      	ands	r5, r6
20000560:	2410      	movs	r4, #16
20000562:	2d00      	cmp	r5, #0
20000564:	d073      	beq.n	2000064e <dcd_rp2040_irq+0xfe>
20000566:	4bc2      	ldr	r3, [pc, #776]	; (20000870 <dcd_rp2040_irq+0x320>)
20000568:	4cc2      	ldr	r4, [pc, #776]	; (20000874 <dcd_rp2040_irq+0x324>)
2000056a:	6a9a      	ldr	r2, [r3, #40]	; 0x28
2000056c:	4bc2      	ldr	r3, [pc, #776]	; (20000878 <dcd_rp2040_irq+0x328>)
2000056e:	2500      	movs	r5, #0
20000570:	601a      	str	r2, [r3, #0]
20000572:	233b      	movs	r3, #59	; 0x3b
20000574:	5ce3      	ldrb	r3, [r4, r3]
20000576:	2b02      	cmp	r3, #2
20000578:	d100      	bne.n	2000057c <dcd_rp2040_irq+0x2c>
2000057a:	e11b      	b.n	200007b4 <dcd_rp2040_irq+0x264>
2000057c:	237b      	movs	r3, #123	; 0x7b
2000057e:	5ce3      	ldrb	r3, [r4, r3]
20000580:	2b02      	cmp	r3, #2
20000582:	d100      	bne.n	20000586 <dcd_rp2040_irq+0x36>
20000584:	e127      	b.n	200007d6 <dcd_rp2040_irq+0x286>
20000586:	23bb      	movs	r3, #187	; 0xbb
20000588:	5ce3      	ldrb	r3, [r4, r3]
2000058a:	2b02      	cmp	r3, #2
2000058c:	d100      	bne.n	20000590 <dcd_rp2040_irq+0x40>
2000058e:	e134      	b.n	200007fa <dcd_rp2040_irq+0x2aa>
20000590:	23fb      	movs	r3, #251	; 0xfb
20000592:	5ce3      	ldrb	r3, [r4, r3]
20000594:	2b02      	cmp	r3, #2
20000596:	d100      	bne.n	2000059a <dcd_rp2040_irq+0x4a>
20000598:	e141      	b.n	2000081e <dcd_rp2040_irq+0x2ce>
2000059a:	233c      	movs	r3, #60	; 0x3c
2000059c:	33ff      	adds	r3, #255	; 0xff
2000059e:	5ce3      	ldrb	r3, [r4, r3]
200005a0:	2b02      	cmp	r3, #2
200005a2:	d100      	bne.n	200005a6 <dcd_rp2040_irq+0x56>
200005a4:	e14d      	b.n	20000842 <dcd_rp2040_irq+0x2f2>
200005a6:	237c      	movs	r3, #124	; 0x7c
200005a8:	33ff      	adds	r3, #255	; 0xff
200005aa:	5ce3      	ldrb	r3, [r4, r3]
200005ac:	2b02      	cmp	r3, #2
200005ae:	d100      	bne.n	200005b2 <dcd_rp2040_irq+0x62>
200005b0:	e182      	b.n	200008b8 <dcd_rp2040_irq+0x368>
200005b2:	23bc      	movs	r3, #188	; 0xbc
200005b4:	33ff      	adds	r3, #255	; 0xff
200005b6:	5ce3      	ldrb	r3, [r4, r3]
200005b8:	2b02      	cmp	r3, #2
200005ba:	d100      	bne.n	200005be <dcd_rp2040_irq+0x6e>
200005bc:	e191      	b.n	200008e2 <dcd_rp2040_irq+0x392>
200005be:	23fc      	movs	r3, #252	; 0xfc
200005c0:	33ff      	adds	r3, #255	; 0xff
200005c2:	5ce3      	ldrb	r3, [r4, r3]
200005c4:	2b02      	cmp	r3, #2
200005c6:	d100      	bne.n	200005ca <dcd_rp2040_irq+0x7a>
200005c8:	e1a0      	b.n	2000090c <dcd_rp2040_irq+0x3bc>
200005ca:	4bac      	ldr	r3, [pc, #688]	; (2000087c <dcd_rp2040_irq+0x32c>)
200005cc:	5ce3      	ldrb	r3, [r4, r3]
200005ce:	2b02      	cmp	r3, #2
200005d0:	d100      	bne.n	200005d4 <dcd_rp2040_irq+0x84>
200005d2:	e1b0      	b.n	20000936 <dcd_rp2040_irq+0x3e6>
200005d4:	4baa      	ldr	r3, [pc, #680]	; (20000880 <dcd_rp2040_irq+0x330>)
200005d6:	5ce3      	ldrb	r3, [r4, r3]
200005d8:	2b02      	cmp	r3, #2
200005da:	d100      	bne.n	200005de <dcd_rp2040_irq+0x8e>
200005dc:	e1bf      	b.n	2000095e <dcd_rp2040_irq+0x40e>
200005de:	4ba9      	ldr	r3, [pc, #676]	; (20000884 <dcd_rp2040_irq+0x334>)
200005e0:	5ce3      	ldrb	r3, [r4, r3]
200005e2:	2b02      	cmp	r3, #2
200005e4:	d100      	bne.n	200005e8 <dcd_rp2040_irq+0x98>
200005e6:	e1ce      	b.n	20000986 <dcd_rp2040_irq+0x436>
200005e8:	4ba7      	ldr	r3, [pc, #668]	; (20000888 <dcd_rp2040_irq+0x338>)
200005ea:	5ce3      	ldrb	r3, [r4, r3]
200005ec:	2b02      	cmp	r3, #2
200005ee:	d100      	bne.n	200005f2 <dcd_rp2040_irq+0xa2>
200005f0:	e1dd      	b.n	200009ae <dcd_rp2040_irq+0x45e>
200005f2:	4ba6      	ldr	r3, [pc, #664]	; (2000088c <dcd_rp2040_irq+0x33c>)
200005f4:	5ce3      	ldrb	r3, [r4, r3]
200005f6:	2b02      	cmp	r3, #2
200005f8:	d100      	bne.n	200005fc <dcd_rp2040_irq+0xac>
200005fa:	e1ec      	b.n	200009d6 <dcd_rp2040_irq+0x486>
200005fc:	4ba4      	ldr	r3, [pc, #656]	; (20000890 <dcd_rp2040_irq+0x340>)
200005fe:	5ce3      	ldrb	r3, [r4, r3]
20000600:	2b02      	cmp	r3, #2
20000602:	d100      	bne.n	20000606 <dcd_rp2040_irq+0xb6>
20000604:	e0bc      	b.n	20000780 <dcd_rp2040_irq+0x230>
20000606:	4ba3      	ldr	r3, [pc, #652]	; (20000894 <dcd_rp2040_irq+0x344>)
20000608:	5ce3      	ldrb	r3, [r4, r3]
2000060a:	2b02      	cmp	r3, #2
2000060c:	d100      	bne.n	20000610 <dcd_rp2040_irq+0xc0>
2000060e:	e207      	b.n	20000a20 <dcd_rp2040_irq+0x4d0>
20000610:	4ba1      	ldr	r3, [pc, #644]	; (20000898 <dcd_rp2040_irq+0x348>)
20000612:	5ce3      	ldrb	r3, [r4, r3]
20000614:	2b02      	cmp	r3, #2
20000616:	d100      	bne.n	2000061a <dcd_rp2040_irq+0xca>
20000618:	e219      	b.n	20000a4e <dcd_rp2040_irq+0x4fe>
2000061a:	2d00      	cmp	r5, #0
2000061c:	d108      	bne.n	20000630 <dcd_rp2040_irq+0xe0>
2000061e:	4b9f      	ldr	r3, [pc, #636]	; (2000089c <dcd_rp2040_irq+0x34c>)
20000620:	781b      	ldrb	r3, [r3, #0]
20000622:	2b00      	cmp	r3, #0
20000624:	d104      	bne.n	20000630 <dcd_rp2040_irq+0xe0>
20000626:	2180      	movs	r1, #128	; 0x80
20000628:	4a9d      	ldr	r2, [pc, #628]	; (200008a0 <dcd_rp2040_irq+0x350>)
2000062a:	3390      	adds	r3, #144	; 0x90
2000062c:	0289      	lsls	r1, r1, #10
2000062e:	50d1      	str	r1, [r2, r3]
20000630:	22c0      	movs	r2, #192	; 0xc0
20000632:	4b8e      	ldr	r3, [pc, #568]	; (2000086c <dcd_rp2040_irq+0x31c>)
20000634:	a801      	add	r0, sp, #4
20000636:	6c9b      	ldr	r3, [r3, #72]	; 0x48
20000638:	0092      	lsls	r2, r2, #2
2000063a:	055b      	lsls	r3, r3, #21
2000063c:	0d5b      	lsrs	r3, r3, #21
2000063e:	8002      	strh	r2, [r0, #0]
20000640:	2101      	movs	r1, #1
20000642:	2580      	movs	r5, #128	; 0x80
20000644:	6043      	str	r3, [r0, #4]
20000646:	f000 fbdd 	bl	20000e04 <dcd_event_handler>
2000064a:	4c96      	ldr	r4, [pc, #600]	; (200008a4 <dcd_rp2040_irq+0x354>)
2000064c:	02ad      	lsls	r5, r5, #10
2000064e:	06f3      	lsls	r3, r6, #27
20000650:	d500      	bpl.n	20000654 <dcd_rp2040_irq+0x104>
20000652:	e091      	b.n	20000778 <dcd_rp2040_irq+0x228>
20000654:	2380      	movs	r3, #128	; 0x80
20000656:	025b      	lsls	r3, r3, #9
20000658:	421e      	tst	r6, r3
2000065a:	d032      	beq.n	200006c2 <dcd_rp2040_irq+0x172>
2000065c:	4c85      	ldr	r4, [pc, #532]	; (20000874 <dcd_rp2040_irq+0x324>)
2000065e:	431d      	orrs	r5, r3
20000660:	7ea3      	ldrb	r3, [r4, #26]
20000662:	2b00      	cmp	r3, #0
20000664:	d015      	beq.n	20000692 <dcd_rp2040_irq+0x142>
20000666:	f000 fcfb 	bl	20001060 <__rp2040_chip_version_veneer>
2000066a:	2801      	cmp	r0, #1
2000066c:	d900      	bls.n	20000670 <dcd_rp2040_irq+0x120>
2000066e:	e1ce      	b.n	20000a0e <dcd_rp2040_irq+0x4be>
20000670:	22c0      	movs	r2, #192	; 0xc0
20000672:	2100      	movs	r1, #0
20000674:	0192      	lsls	r2, r2, #6
20000676:	0020      	movs	r0, r4
20000678:	f000 fb46 	bl	20000d08 <_hw_endpoint_buffer_control_update32>
2000067c:	0020      	movs	r0, r4
2000067e:	f000 fb3d 	bl	20000cfc <hw_endpoint_reset_transfer>
20000682:	f000 fced 	bl	20001060 <__rp2040_chip_version_veneer>
20000686:	2801      	cmp	r0, #1
20000688:	d903      	bls.n	20000692 <dcd_rp2040_irq+0x142>
2000068a:	2202      	movs	r2, #2
2000068c:	4b84      	ldr	r3, [pc, #528]	; (200008a0 <dcd_rp2040_irq+0x350>)
2000068e:	665a      	str	r2, [r3, #100]	; 0x64
20000690:	661a      	str	r2, [r3, #96]	; 0x60
20000692:	2701      	movs	r7, #1
20000694:	233a      	movs	r3, #58	; 0x3a
20000696:	70e7      	strb	r7, [r4, #3]
20000698:	5ce3      	ldrb	r3, [r4, r3]
2000069a:	2b00      	cmp	r3, #0
2000069c:	d122      	bne.n	200006e4 <dcd_rp2040_irq+0x194>
2000069e:	2323      	movs	r3, #35	; 0x23
200006a0:	2201      	movs	r2, #1
200006a2:	54e2      	strb	r2, [r4, r3]
200006a4:	23c0      	movs	r3, #192	; 0xc0
200006a6:	a801      	add	r0, sp, #4
200006a8:	00db      	lsls	r3, r3, #3
200006aa:	4a7f      	ldr	r2, [pc, #508]	; (200008a8 <dcd_rp2040_irq+0x358>)
200006ac:	8003      	strh	r3, [r0, #0]
200006ae:	ab02      	add	r3, sp, #8
200006b0:	ca12      	ldmia	r2!, {r1, r4}
200006b2:	c312      	stmia	r3!, {r1, r4}
200006b4:	2101      	movs	r1, #1
200006b6:	f000 fba5 	bl	20000e04 <dcd_event_handler>
200006ba:	2280      	movs	r2, #128	; 0x80
200006bc:	4b78      	ldr	r3, [pc, #480]	; (200008a0 <dcd_rp2040_irq+0x350>)
200006be:	0292      	lsls	r2, r2, #10
200006c0:	651a      	str	r2, [r3, #80]	; 0x50
200006c2:	2380      	movs	r3, #128	; 0x80
200006c4:	015b      	lsls	r3, r3, #5
200006c6:	421e      	tst	r6, r3
200006c8:	d124      	bne.n	20000714 <dcd_rp2040_irq+0x1c4>
200006ca:	2380      	movs	r3, #128	; 0x80
200006cc:	01db      	lsls	r3, r3, #7
200006ce:	421e      	tst	r6, r3
200006d0:	d136      	bne.n	20000740 <dcd_rp2040_irq+0x1f0>
200006d2:	2380      	movs	r3, #128	; 0x80
200006d4:	021b      	lsls	r3, r3, #8
200006d6:	421e      	tst	r6, r3
200006d8:	d141      	bne.n	2000075e <dcd_rp2040_irq+0x20e>
200006da:	42b5      	cmp	r5, r6
200006dc:	d000      	beq.n	200006e0 <dcd_rp2040_irq+0x190>
200006de:	e1d0      	b.n	20000a82 <dcd_rp2040_irq+0x532>
200006e0:	b005      	add	sp, #20
200006e2:	bdf0      	pop	{r4, r5, r6, r7, pc}
200006e4:	f000 fcbc 	bl	20001060 <__rp2040_chip_version_veneer>
200006e8:	2801      	cmp	r0, #1
200006ea:	d900      	bls.n	200006ee <dcd_rp2040_irq+0x19e>
200006ec:	e187      	b.n	200009fe <dcd_rp2040_irq+0x4ae>
200006ee:	22c0      	movs	r2, #192	; 0xc0
200006f0:	4f6e      	ldr	r7, [pc, #440]	; (200008ac <dcd_rp2040_irq+0x35c>)
200006f2:	0192      	lsls	r2, r2, #6
200006f4:	2100      	movs	r1, #0
200006f6:	0038      	movs	r0, r7
200006f8:	f000 fb06 	bl	20000d08 <_hw_endpoint_buffer_control_update32>
200006fc:	0038      	movs	r0, r7
200006fe:	f000 fafd 	bl	20000cfc <hw_endpoint_reset_transfer>
20000702:	f000 fcad 	bl	20001060 <__rp2040_chip_version_veneer>
20000706:	2801      	cmp	r0, #1
20000708:	d9c9      	bls.n	2000069e <dcd_rp2040_irq+0x14e>
2000070a:	2201      	movs	r2, #1
2000070c:	4b64      	ldr	r3, [pc, #400]	; (200008a0 <dcd_rp2040_irq+0x350>)
2000070e:	665a      	str	r2, [r3, #100]	; 0x64
20000710:	661a      	str	r2, [r3, #96]	; 0x60
20000712:	e7c4      	b.n	2000069e <dcd_rp2040_irq+0x14e>
20000714:	2400      	movs	r4, #0
20000716:	431d      	orrs	r5, r3
20000718:	4b54      	ldr	r3, [pc, #336]	; (2000086c <dcd_rp2040_irq+0x31c>)
2000071a:	601c      	str	r4, [r3, #0]
2000071c:	f7ff fe6e 	bl	200003fc <reset_non_control_endpoints>
20000720:	2380      	movs	r3, #128	; 0x80
20000722:	a801      	add	r0, sp, #4
20000724:	005b      	lsls	r3, r3, #1
20000726:	8003      	strh	r3, [r0, #0]
20000728:	2101      	movs	r1, #1
2000072a:	7104      	strb	r4, [r0, #4]
2000072c:	f000 fb6a 	bl	20000e04 <dcd_event_handler>
20000730:	2280      	movs	r2, #128	; 0x80
20000732:	4b5b      	ldr	r3, [pc, #364]	; (200008a0 <dcd_rp2040_irq+0x350>)
20000734:	0312      	lsls	r2, r2, #12
20000736:	651a      	str	r2, [r3, #80]	; 0x50
20000738:	2380      	movs	r3, #128	; 0x80
2000073a:	01db      	lsls	r3, r3, #7
2000073c:	421e      	tst	r6, r3
2000073e:	d0c8      	beq.n	200006d2 <dcd_rp2040_irq+0x182>
20000740:	431d      	orrs	r5, r3
20000742:	2380      	movs	r3, #128	; 0x80
20000744:	a801      	add	r0, sp, #4
20000746:	00db      	lsls	r3, r3, #3
20000748:	8003      	strh	r3, [r0, #0]
2000074a:	2101      	movs	r1, #1
2000074c:	f000 fb5a 	bl	20000e04 <dcd_event_handler>
20000750:	2210      	movs	r2, #16
20000752:	4b53      	ldr	r3, [pc, #332]	; (200008a0 <dcd_rp2040_irq+0x350>)
20000754:	651a      	str	r2, [r3, #80]	; 0x50
20000756:	2380      	movs	r3, #128	; 0x80
20000758:	021b      	lsls	r3, r3, #8
2000075a:	421e      	tst	r6, r3
2000075c:	d0bd      	beq.n	200006da <dcd_rp2040_irq+0x18a>
2000075e:	431d      	orrs	r5, r3
20000760:	23a0      	movs	r3, #160	; 0xa0
20000762:	a801      	add	r0, sp, #4
20000764:	00db      	lsls	r3, r3, #3
20000766:	8003      	strh	r3, [r0, #0]
20000768:	2101      	movs	r1, #1
2000076a:	f000 fb4b 	bl	20000e04 <dcd_event_handler>
2000076e:	2280      	movs	r2, #128	; 0x80
20000770:	4b4b      	ldr	r3, [pc, #300]	; (200008a0 <dcd_rp2040_irq+0x350>)
20000772:	0112      	lsls	r2, r2, #4
20000774:	651a      	str	r2, [r3, #80]	; 0x50
20000776:	e7b0      	b.n	200006da <dcd_rp2040_irq+0x18a>
20000778:	f7ff fe9e 	bl	200004b8 <hw_handle_buff_status>
2000077c:	0025      	movs	r5, r4
2000077e:	e769      	b.n	20000654 <dcd_rp2040_irq+0x104>
20000780:	4b4b      	ldr	r3, [pc, #300]	; (200008b0 <dcd_rp2040_irq+0x360>)
20000782:	5ce7      	ldrb	r7, [r4, r3]
20000784:	2f00      	cmp	r7, #0
20000786:	d100      	bne.n	2000078a <dcd_rp2040_irq+0x23a>
20000788:	e73d      	b.n	20000606 <dcd_rp2040_irq+0xb6>
2000078a:	3302      	adds	r3, #2
2000078c:	5ce2      	ldrb	r2, [r4, r3]
2000078e:	2a00      	cmp	r2, #0
20000790:	d000      	beq.n	20000794 <dcd_rp2040_irq+0x244>
20000792:	e16e      	b.n	20000a72 <dcd_rp2040_irq+0x522>
20000794:	4b3f      	ldr	r3, [pc, #252]	; (20000894 <dcd_rp2040_irq+0x344>)
20000796:	5ce3      	ldrb	r3, [r4, r3]
20000798:	2b02      	cmp	r3, #2
2000079a:	d100      	bne.n	2000079e <dcd_rp2040_irq+0x24e>
2000079c:	e13f      	b.n	20000a1e <dcd_rp2040_irq+0x4ce>
2000079e:	4b3e      	ldr	r3, [pc, #248]	; (20000898 <dcd_rp2040_irq+0x348>)
200007a0:	5ce3      	ldrb	r3, [r4, r3]
200007a2:	2b02      	cmp	r3, #2
200007a4:	d000      	beq.n	200007a8 <dcd_rp2040_irq+0x258>
200007a6:	e743      	b.n	20000630 <dcd_rp2040_irq+0xe0>
200007a8:	4b42      	ldr	r3, [pc, #264]	; (200008b4 <dcd_rp2040_irq+0x364>)
200007aa:	5ce3      	ldrb	r3, [r4, r3]
200007ac:	2b00      	cmp	r3, #0
200007ae:	d100      	bne.n	200007b2 <dcd_rp2040_irq+0x262>
200007b0:	e73e      	b.n	20000630 <dcd_rp2040_irq+0xe0>
200007b2:	e151      	b.n	20000a58 <dcd_rp2040_irq+0x508>
200007b4:	3338      	adds	r3, #56	; 0x38
200007b6:	5ce5      	ldrb	r5, [r4, r3]
200007b8:	2d00      	cmp	r5, #0
200007ba:	d100      	bne.n	200007be <dcd_rp2040_irq+0x26e>
200007bc:	e6de      	b.n	2000057c <dcd_rp2040_irq+0x2c>
200007be:	3302      	adds	r3, #2
200007c0:	5ce2      	ldrb	r2, [r4, r3]
200007c2:	2a00      	cmp	r2, #0
200007c4:	d100      	bne.n	200007c8 <dcd_rp2040_irq+0x278>
200007c6:	e6d9      	b.n	2000057c <dcd_rp2040_irq+0x2c>
200007c8:	2200      	movs	r2, #0
200007ca:	0020      	movs	r0, r4
200007cc:	54e2      	strb	r2, [r4, r3]
200007ce:	3020      	adds	r0, #32
200007d0:	f000 fac2 	bl	20000d58 <hw_endpoint_start_next_buffer>
200007d4:	e6d2      	b.n	2000057c <dcd_rp2040_irq+0x2c>
200007d6:	3378      	adds	r3, #120	; 0x78
200007d8:	5ce3      	ldrb	r3, [r4, r3]
200007da:	2b00      	cmp	r3, #0
200007dc:	d100      	bne.n	200007e0 <dcd_rp2040_irq+0x290>
200007de:	e6d2      	b.n	20000586 <dcd_rp2040_irq+0x36>
200007e0:	227c      	movs	r2, #124	; 0x7c
200007e2:	5ca1      	ldrb	r1, [r4, r2]
200007e4:	001d      	movs	r5, r3
200007e6:	2900      	cmp	r1, #0
200007e8:	d100      	bne.n	200007ec <dcd_rp2040_irq+0x29c>
200007ea:	e6cc      	b.n	20000586 <dcd_rp2040_irq+0x36>
200007ec:	2300      	movs	r3, #0
200007ee:	0020      	movs	r0, r4
200007f0:	54a3      	strb	r3, [r4, r2]
200007f2:	3060      	adds	r0, #96	; 0x60
200007f4:	f000 fab0 	bl	20000d58 <hw_endpoint_start_next_buffer>
200007f8:	e6c5      	b.n	20000586 <dcd_rp2040_irq+0x36>
200007fa:	33b8      	adds	r3, #184	; 0xb8
200007fc:	5ce3      	ldrb	r3, [r4, r3]
200007fe:	2b00      	cmp	r3, #0
20000800:	d100      	bne.n	20000804 <dcd_rp2040_irq+0x2b4>
20000802:	e6c5      	b.n	20000590 <dcd_rp2040_irq+0x40>
20000804:	22bc      	movs	r2, #188	; 0xbc
20000806:	5ca1      	ldrb	r1, [r4, r2]
20000808:	001d      	movs	r5, r3
2000080a:	2900      	cmp	r1, #0
2000080c:	d100      	bne.n	20000810 <dcd_rp2040_irq+0x2c0>
2000080e:	e6bf      	b.n	20000590 <dcd_rp2040_irq+0x40>
20000810:	2300      	movs	r3, #0
20000812:	0020      	movs	r0, r4
20000814:	54a3      	strb	r3, [r4, r2]
20000816:	30a0      	adds	r0, #160	; 0xa0
20000818:	f000 fa9e 	bl	20000d58 <hw_endpoint_start_next_buffer>
2000081c:	e6b8      	b.n	20000590 <dcd_rp2040_irq+0x40>
2000081e:	33f8      	adds	r3, #248	; 0xf8
20000820:	5ce3      	ldrb	r3, [r4, r3]
20000822:	2b00      	cmp	r3, #0
20000824:	d100      	bne.n	20000828 <dcd_rp2040_irq+0x2d8>
20000826:	e6b8      	b.n	2000059a <dcd_rp2040_irq+0x4a>
20000828:	22fc      	movs	r2, #252	; 0xfc
2000082a:	5ca1      	ldrb	r1, [r4, r2]
2000082c:	001d      	movs	r5, r3
2000082e:	2900      	cmp	r1, #0
20000830:	d100      	bne.n	20000834 <dcd_rp2040_irq+0x2e4>
20000832:	e6b2      	b.n	2000059a <dcd_rp2040_irq+0x4a>
20000834:	2300      	movs	r3, #0
20000836:	0020      	movs	r0, r4
20000838:	54a3      	strb	r3, [r4, r2]
2000083a:	30e0      	adds	r0, #224	; 0xe0
2000083c:	f000 fa8c 	bl	20000d58 <hw_endpoint_start_next_buffer>
20000840:	e6ab      	b.n	2000059a <dcd_rp2040_irq+0x4a>
20000842:	3339      	adds	r3, #57	; 0x39
20000844:	33ff      	adds	r3, #255	; 0xff
20000846:	5ce3      	ldrb	r3, [r4, r3]
20000848:	2b00      	cmp	r3, #0
2000084a:	d100      	bne.n	2000084e <dcd_rp2040_irq+0x2fe>
2000084c:	e6ab      	b.n	200005a6 <dcd_rp2040_irq+0x56>
2000084e:	229e      	movs	r2, #158	; 0x9e
20000850:	0052      	lsls	r2, r2, #1
20000852:	5ca1      	ldrb	r1, [r4, r2]
20000854:	001d      	movs	r5, r3
20000856:	2900      	cmp	r1, #0
20000858:	d100      	bne.n	2000085c <dcd_rp2040_irq+0x30c>
2000085a:	e6a4      	b.n	200005a6 <dcd_rp2040_irq+0x56>
2000085c:	0020      	movs	r0, r4
2000085e:	2300      	movs	r3, #0
20000860:	3021      	adds	r0, #33	; 0x21
20000862:	54a3      	strb	r3, [r4, r2]
20000864:	30ff      	adds	r0, #255	; 0xff
20000866:	f000 fa77 	bl	20000d58 <hw_endpoint_start_next_buffer>
2000086a:	e69c      	b.n	200005a6 <dcd_rp2040_irq+0x56>
2000086c:	50110000 	.word	0x50110000
20000870:	40054000 	.word	0x40054000
20000874:	20001944 	.word	0x20001944
20000878:	2000193c 	.word	0x2000193c
2000087c:	0000023b 	.word	0x0000023b
20000880:	0000027b 	.word	0x0000027b
20000884:	000002bb 	.word	0x000002bb
20000888:	000002fb 	.word	0x000002fb
2000088c:	0000033b 	.word	0x0000033b
20000890:	0000037b 	.word	0x0000037b
20000894:	000003bb 	.word	0x000003bb
20000898:	000003fb 	.word	0x000003fb
2000089c:	20001d9a 	.word	0x20001d9a
200008a0:	50113000 	.word	0x50113000
200008a4:	00020010 	.word	0x00020010
200008a8:	50100000 	.word	0x50100000
200008ac:	20001964 	.word	0x20001964
200008b0:	0000037a 	.word	0x0000037a
200008b4:	000003fa 	.word	0x000003fa
200008b8:	3379      	adds	r3, #121	; 0x79
200008ba:	33ff      	adds	r3, #255	; 0xff
200008bc:	5ce3      	ldrb	r3, [r4, r3]
200008be:	2b00      	cmp	r3, #0
200008c0:	d100      	bne.n	200008c4 <dcd_rp2040_irq+0x374>
200008c2:	e676      	b.n	200005b2 <dcd_rp2040_irq+0x62>
200008c4:	22be      	movs	r2, #190	; 0xbe
200008c6:	0052      	lsls	r2, r2, #1
200008c8:	5ca1      	ldrb	r1, [r4, r2]
200008ca:	001d      	movs	r5, r3
200008cc:	2900      	cmp	r1, #0
200008ce:	d100      	bne.n	200008d2 <dcd_rp2040_irq+0x382>
200008d0:	e66f      	b.n	200005b2 <dcd_rp2040_irq+0x62>
200008d2:	0020      	movs	r0, r4
200008d4:	2300      	movs	r3, #0
200008d6:	3061      	adds	r0, #97	; 0x61
200008d8:	54a3      	strb	r3, [r4, r2]
200008da:	30ff      	adds	r0, #255	; 0xff
200008dc:	f000 fa3c 	bl	20000d58 <hw_endpoint_start_next_buffer>
200008e0:	e667      	b.n	200005b2 <dcd_rp2040_irq+0x62>
200008e2:	33b9      	adds	r3, #185	; 0xb9
200008e4:	33ff      	adds	r3, #255	; 0xff
200008e6:	5ce3      	ldrb	r3, [r4, r3]
200008e8:	2b00      	cmp	r3, #0
200008ea:	d100      	bne.n	200008ee <dcd_rp2040_irq+0x39e>
200008ec:	e667      	b.n	200005be <dcd_rp2040_irq+0x6e>
200008ee:	22de      	movs	r2, #222	; 0xde
200008f0:	0052      	lsls	r2, r2, #1
200008f2:	5ca1      	ldrb	r1, [r4, r2]
200008f4:	001d      	movs	r5, r3
200008f6:	2900      	cmp	r1, #0
200008f8:	d100      	bne.n	200008fc <dcd_rp2040_irq+0x3ac>
200008fa:	e660      	b.n	200005be <dcd_rp2040_irq+0x6e>
200008fc:	0020      	movs	r0, r4
200008fe:	2300      	movs	r3, #0
20000900:	30a1      	adds	r0, #161	; 0xa1
20000902:	54a3      	strb	r3, [r4, r2]
20000904:	30ff      	adds	r0, #255	; 0xff
20000906:	f000 fa27 	bl	20000d58 <hw_endpoint_start_next_buffer>
2000090a:	e658      	b.n	200005be <dcd_rp2040_irq+0x6e>
2000090c:	33f9      	adds	r3, #249	; 0xf9
2000090e:	33ff      	adds	r3, #255	; 0xff
20000910:	5ce3      	ldrb	r3, [r4, r3]
20000912:	2b00      	cmp	r3, #0
20000914:	d100      	bne.n	20000918 <dcd_rp2040_irq+0x3c8>
20000916:	e658      	b.n	200005ca <dcd_rp2040_irq+0x7a>
20000918:	22fe      	movs	r2, #254	; 0xfe
2000091a:	0052      	lsls	r2, r2, #1
2000091c:	5ca1      	ldrb	r1, [r4, r2]
2000091e:	001d      	movs	r5, r3
20000920:	2900      	cmp	r1, #0
20000922:	d100      	bne.n	20000926 <dcd_rp2040_irq+0x3d6>
20000924:	e651      	b.n	200005ca <dcd_rp2040_irq+0x7a>
20000926:	0020      	movs	r0, r4
20000928:	2300      	movs	r3, #0
2000092a:	30e1      	adds	r0, #225	; 0xe1
2000092c:	54a3      	strb	r3, [r4, r2]
2000092e:	30ff      	adds	r0, #255	; 0xff
20000930:	f000 fa12 	bl	20000d58 <hw_endpoint_start_next_buffer>
20000934:	e649      	b.n	200005ca <dcd_rp2040_irq+0x7a>
20000936:	4b55      	ldr	r3, [pc, #340]	; (20000a8c <dcd_rp2040_irq+0x53c>)
20000938:	5ce3      	ldrb	r3, [r4, r3]
2000093a:	2b00      	cmp	r3, #0
2000093c:	d100      	bne.n	20000940 <dcd_rp2040_irq+0x3f0>
2000093e:	e649      	b.n	200005d4 <dcd_rp2040_irq+0x84>
20000940:	228f      	movs	r2, #143	; 0x8f
20000942:	0092      	lsls	r2, r2, #2
20000944:	5ca1      	ldrb	r1, [r4, r2]
20000946:	001d      	movs	r5, r3
20000948:	2900      	cmp	r1, #0
2000094a:	d100      	bne.n	2000094e <dcd_rp2040_irq+0x3fe>
2000094c:	e642      	b.n	200005d4 <dcd_rp2040_irq+0x84>
2000094e:	2300      	movs	r3, #0
20000950:	54a3      	strb	r3, [r4, r2]
20000952:	2388      	movs	r3, #136	; 0x88
20000954:	009b      	lsls	r3, r3, #2
20000956:	18e0      	adds	r0, r4, r3
20000958:	f000 f9fe 	bl	20000d58 <hw_endpoint_start_next_buffer>
2000095c:	e63a      	b.n	200005d4 <dcd_rp2040_irq+0x84>
2000095e:	4b4c      	ldr	r3, [pc, #304]	; (20000a90 <dcd_rp2040_irq+0x540>)
20000960:	5ce3      	ldrb	r3, [r4, r3]
20000962:	2b00      	cmp	r3, #0
20000964:	d100      	bne.n	20000968 <dcd_rp2040_irq+0x418>
20000966:	e63a      	b.n	200005de <dcd_rp2040_irq+0x8e>
20000968:	229f      	movs	r2, #159	; 0x9f
2000096a:	0092      	lsls	r2, r2, #2
2000096c:	5ca1      	ldrb	r1, [r4, r2]
2000096e:	001d      	movs	r5, r3
20000970:	2900      	cmp	r1, #0
20000972:	d100      	bne.n	20000976 <dcd_rp2040_irq+0x426>
20000974:	e633      	b.n	200005de <dcd_rp2040_irq+0x8e>
20000976:	2300      	movs	r3, #0
20000978:	54a3      	strb	r3, [r4, r2]
2000097a:	2398      	movs	r3, #152	; 0x98
2000097c:	009b      	lsls	r3, r3, #2
2000097e:	18e0      	adds	r0, r4, r3
20000980:	f000 f9ea 	bl	20000d58 <hw_endpoint_start_next_buffer>
20000984:	e62b      	b.n	200005de <dcd_rp2040_irq+0x8e>
20000986:	4b43      	ldr	r3, [pc, #268]	; (20000a94 <dcd_rp2040_irq+0x544>)
20000988:	5ce3      	ldrb	r3, [r4, r3]
2000098a:	2b00      	cmp	r3, #0
2000098c:	d100      	bne.n	20000990 <dcd_rp2040_irq+0x440>
2000098e:	e62b      	b.n	200005e8 <dcd_rp2040_irq+0x98>
20000990:	22af      	movs	r2, #175	; 0xaf
20000992:	0092      	lsls	r2, r2, #2
20000994:	5ca1      	ldrb	r1, [r4, r2]
20000996:	001d      	movs	r5, r3
20000998:	2900      	cmp	r1, #0
2000099a:	d100      	bne.n	2000099e <dcd_rp2040_irq+0x44e>
2000099c:	e624      	b.n	200005e8 <dcd_rp2040_irq+0x98>
2000099e:	2300      	movs	r3, #0
200009a0:	54a3      	strb	r3, [r4, r2]
200009a2:	23a8      	movs	r3, #168	; 0xa8
200009a4:	009b      	lsls	r3, r3, #2
200009a6:	18e0      	adds	r0, r4, r3
200009a8:	f000 f9d6 	bl	20000d58 <hw_endpoint_start_next_buffer>
200009ac:	e61c      	b.n	200005e8 <dcd_rp2040_irq+0x98>
200009ae:	4b3a      	ldr	r3, [pc, #232]	; (20000a98 <dcd_rp2040_irq+0x548>)
200009b0:	5ce3      	ldrb	r3, [r4, r3]
200009b2:	2b00      	cmp	r3, #0
200009b4:	d100      	bne.n	200009b8 <dcd_rp2040_irq+0x468>
200009b6:	e61c      	b.n	200005f2 <dcd_rp2040_irq+0xa2>
200009b8:	22bf      	movs	r2, #191	; 0xbf
200009ba:	0092      	lsls	r2, r2, #2
200009bc:	5ca1      	ldrb	r1, [r4, r2]
200009be:	001d      	movs	r5, r3
200009c0:	2900      	cmp	r1, #0
200009c2:	d100      	bne.n	200009c6 <dcd_rp2040_irq+0x476>
200009c4:	e615      	b.n	200005f2 <dcd_rp2040_irq+0xa2>
200009c6:	2300      	movs	r3, #0
200009c8:	54a3      	strb	r3, [r4, r2]
200009ca:	23b8      	movs	r3, #184	; 0xb8
200009cc:	009b      	lsls	r3, r3, #2
200009ce:	18e0      	adds	r0, r4, r3
200009d0:	f000 f9c2 	bl	20000d58 <hw_endpoint_start_next_buffer>
200009d4:	e60d      	b.n	200005f2 <dcd_rp2040_irq+0xa2>
200009d6:	4b31      	ldr	r3, [pc, #196]	; (20000a9c <dcd_rp2040_irq+0x54c>)
200009d8:	5ce3      	ldrb	r3, [r4, r3]
200009da:	2b00      	cmp	r3, #0
200009dc:	d100      	bne.n	200009e0 <dcd_rp2040_irq+0x490>
200009de:	e60d      	b.n	200005fc <dcd_rp2040_irq+0xac>
200009e0:	22cf      	movs	r2, #207	; 0xcf
200009e2:	0092      	lsls	r2, r2, #2
200009e4:	5ca1      	ldrb	r1, [r4, r2]
200009e6:	001d      	movs	r5, r3
200009e8:	2900      	cmp	r1, #0
200009ea:	d100      	bne.n	200009ee <dcd_rp2040_irq+0x49e>
200009ec:	e606      	b.n	200005fc <dcd_rp2040_irq+0xac>
200009ee:	2300      	movs	r3, #0
200009f0:	54a3      	strb	r3, [r4, r2]
200009f2:	23c8      	movs	r3, #200	; 0xc8
200009f4:	009b      	lsls	r3, r3, #2
200009f6:	18e0      	adds	r0, r4, r3
200009f8:	f000 f9ae 	bl	20000d58 <hw_endpoint_start_next_buffer>
200009fc:	e5fe      	b.n	200005fc <dcd_rp2040_irq+0xac>
200009fe:	2201      	movs	r2, #1
20000a00:	4b27      	ldr	r3, [pc, #156]	; (20000aa0 <dcd_rp2040_irq+0x550>)
20000a02:	4928      	ldr	r1, [pc, #160]	; (20000aa4 <dcd_rp2040_irq+0x554>)
20000a04:	661f      	str	r7, [r3, #96]	; 0x60
20000a06:	6e4b      	ldr	r3, [r1, #100]	; 0x64
20000a08:	421a      	tst	r2, r3
20000a0a:	d0fc      	beq.n	20000a06 <dcd_rp2040_irq+0x4b6>
20000a0c:	e66f      	b.n	200006ee <dcd_rp2040_irq+0x19e>
20000a0e:	2202      	movs	r2, #2
20000a10:	4b23      	ldr	r3, [pc, #140]	; (20000aa0 <dcd_rp2040_irq+0x550>)
20000a12:	4924      	ldr	r1, [pc, #144]	; (20000aa4 <dcd_rp2040_irq+0x554>)
20000a14:	661a      	str	r2, [r3, #96]	; 0x60
20000a16:	6e4b      	ldr	r3, [r1, #100]	; 0x64
20000a18:	421a      	tst	r2, r3
20000a1a:	d0fc      	beq.n	20000a16 <dcd_rp2040_irq+0x4c6>
20000a1c:	e628      	b.n	20000670 <dcd_rp2040_irq+0x120>
20000a1e:	003d      	movs	r5, r7
20000a20:	4b21      	ldr	r3, [pc, #132]	; (20000aa8 <dcd_rp2040_irq+0x558>)
20000a22:	5ce3      	ldrb	r3, [r4, r3]
20000a24:	2b00      	cmp	r3, #0
20000a26:	d100      	bne.n	20000a2a <dcd_rp2040_irq+0x4da>
20000a28:	e5f2      	b.n	20000610 <dcd_rp2040_irq+0xc0>
20000a2a:	23ef      	movs	r3, #239	; 0xef
20000a2c:	009b      	lsls	r3, r3, #2
20000a2e:	5ce2      	ldrb	r2, [r4, r3]
20000a30:	2a00      	cmp	r2, #0
20000a32:	d100      	bne.n	20000a36 <dcd_rp2040_irq+0x4e6>
20000a34:	e6b3      	b.n	2000079e <dcd_rp2040_irq+0x24e>
20000a36:	2200      	movs	r2, #0
20000a38:	54e2      	strb	r2, [r4, r3]
20000a3a:	3b1c      	subs	r3, #28
20000a3c:	18e0      	adds	r0, r4, r3
20000a3e:	f000 f98b 	bl	20000d58 <hw_endpoint_start_next_buffer>
20000a42:	4b1a      	ldr	r3, [pc, #104]	; (20000aac <dcd_rp2040_irq+0x55c>)
20000a44:	5ce3      	ldrb	r3, [r4, r3]
20000a46:	2b02      	cmp	r3, #2
20000a48:	d000      	beq.n	20000a4c <dcd_rp2040_irq+0x4fc>
20000a4a:	e5f1      	b.n	20000630 <dcd_rp2040_irq+0xe0>
20000a4c:	e6ac      	b.n	200007a8 <dcd_rp2040_irq+0x258>
20000a4e:	4b18      	ldr	r3, [pc, #96]	; (20000ab0 <dcd_rp2040_irq+0x560>)
20000a50:	5ce3      	ldrb	r3, [r4, r3]
20000a52:	2b00      	cmp	r3, #0
20000a54:	d100      	bne.n	20000a58 <dcd_rp2040_irq+0x508>
20000a56:	e5e0      	b.n	2000061a <dcd_rp2040_irq+0xca>
20000a58:	23ff      	movs	r3, #255	; 0xff
20000a5a:	009b      	lsls	r3, r3, #2
20000a5c:	5ce2      	ldrb	r2, [r4, r3]
20000a5e:	2a00      	cmp	r2, #0
20000a60:	d100      	bne.n	20000a64 <dcd_rp2040_irq+0x514>
20000a62:	e5e5      	b.n	20000630 <dcd_rp2040_irq+0xe0>
20000a64:	2200      	movs	r2, #0
20000a66:	54e2      	strb	r2, [r4, r3]
20000a68:	3b1c      	subs	r3, #28
20000a6a:	18e0      	adds	r0, r4, r3
20000a6c:	f000 f974 	bl	20000d58 <hw_endpoint_start_next_buffer>
20000a70:	e5de      	b.n	20000630 <dcd_rp2040_irq+0xe0>
20000a72:	2200      	movs	r2, #0
20000a74:	54e2      	strb	r2, [r4, r3]
20000a76:	23d8      	movs	r3, #216	; 0xd8
20000a78:	009b      	lsls	r3, r3, #2
20000a7a:	18e0      	adds	r0, r4, r3
20000a7c:	f000 f96c 	bl	20000d58 <hw_endpoint_start_next_buffer>
20000a80:	e688      	b.n	20000794 <dcd_rp2040_irq+0x244>
20000a82:	0029      	movs	r1, r5
20000a84:	480b      	ldr	r0, [pc, #44]	; (20000ab4 <dcd_rp2040_irq+0x564>)
20000a86:	4071      	eors	r1, r6
20000a88:	f000 fada 	bl	20001040 <__panic_veneer>
20000a8c:	0000023a 	.word	0x0000023a
20000a90:	0000027a 	.word	0x0000027a
20000a94:	000002ba 	.word	0x000002ba
20000a98:	000002fa 	.word	0x000002fa
20000a9c:	0000033a 	.word	0x0000033a
20000aa0:	50112000 	.word	0x50112000
20000aa4:	50110000 	.word	0x50110000
20000aa8:	000003ba 	.word	0x000003ba
20000aac:	000003fb 	.word	0x000003fb
20000ab0:	000003fa 	.word	0x000003fa
20000ab4:	10004fb0 	.word	0x10004fb0

20000ab8 <prepare_ep_buffer>:
20000ab8:	b5f0      	push	{r4, r5, r6, r7, lr}
20000aba:	46d6      	mov	lr, sl
20000abc:	464f      	mov	r7, r9
20000abe:	4646      	mov	r6, r8
20000ac0:	0003      	movs	r3, r0
20000ac2:	b5c0      	push	{r6, r7, lr}
20000ac4:	8b1c      	ldrh	r4, [r3, #24]
20000ac6:	8a80      	ldrh	r0, [r0, #20]
20000ac8:	468a      	mov	sl, r1
20000aca:	1c22      	adds	r2, r4, #0
20000acc:	4284      	cmp	r4, r0
20000ace:	d900      	bls.n	20000ad2 <prepare_ep_buffer+0x1a>
20000ad0:	1c02      	adds	r2, r0, #0
20000ad2:	2680      	movs	r6, #128	; 0x80
20000ad4:	b292      	uxth	r2, r2
20000ad6:	1a80      	subs	r0, r0, r2
20000ad8:	78dd      	ldrb	r5, [r3, #3]
20000ada:	b284      	uxth	r4, r0
20000adc:	00f6      	lsls	r6, r6, #3
20000ade:	829c      	strh	r4, [r3, #20]
20000ae0:	4316      	orrs	r6, r2
20000ae2:	2d00      	cmp	r5, #0
20000ae4:	d002      	beq.n	20000aec <prepare_ep_buffer+0x34>
20000ae6:	2690      	movs	r6, #144	; 0x90
20000ae8:	01b6      	lsls	r6, r6, #6
20000aea:	4316      	orrs	r6, r2
20000aec:	2701      	movs	r7, #1
20000aee:	407d      	eors	r5, r7
20000af0:	70dd      	strb	r5, [r3, #3]
20000af2:	785d      	ldrb	r5, [r3, #1]
20000af4:	0030      	movs	r0, r6
20000af6:	2d00      	cmp	r5, #0
20000af8:	d147      	bne.n	20000b8a <prepare_ep_buffer+0xd2>
20000afa:	4651      	mov	r1, sl
20000afc:	68d8      	ldr	r0, [r3, #12]
20000afe:	0189      	lsls	r1, r1, #6
20000b00:	4689      	mov	r9, r1
20000b02:	4684      	mov	ip, r0
20000b04:	1e51      	subs	r1, r2, #1
20000b06:	44cc      	add	ip, r9
20000b08:	691f      	ldr	r7, [r3, #16]
20000b0a:	4688      	mov	r8, r1
20000b0c:	2a00      	cmp	r2, #0
20000b0e:	d037      	beq.n	20000b80 <prepare_ep_buffer+0xc8>
20000b10:	464c      	mov	r4, r9
20000b12:	0029      	movs	r1, r5
20000b14:	3404      	adds	r4, #4
20000b16:	1900      	adds	r0, r0, r4
20000b18:	4287      	cmp	r7, r0
20000b1a:	4169      	adcs	r1, r5
20000b1c:	0008      	movs	r0, r1
20000b1e:	4661      	mov	r1, ip
20000b20:	1d3c      	adds	r4, r7, #4
20000b22:	42a1      	cmp	r1, r4
20000b24:	416d      	adcs	r5, r5
20000b26:	4305      	orrs	r5, r0
20000b28:	2008      	movs	r0, #8
20000b2a:	4540      	cmp	r0, r8
20000b2c:	4180      	sbcs	r0, r0
20000b2e:	4240      	negs	r0, r0
20000b30:	4228      	tst	r0, r5
20000b32:	d038      	beq.n	20000ba6 <prepare_ep_buffer+0xee>
20000b34:	4660      	mov	r0, ip
20000b36:	4338      	orrs	r0, r7
20000b38:	0781      	lsls	r1, r0, #30
20000b3a:	d134      	bne.n	20000ba6 <prepare_ep_buffer+0xee>
20000b3c:	1f15      	subs	r5, r2, #4
20000b3e:	08ad      	lsrs	r5, r5, #2
20000b40:	1c69      	adds	r1, r5, #1
20000b42:	4689      	mov	r9, r1
20000b44:	2000      	movs	r0, #0
20000b46:	2400      	movs	r4, #0
20000b48:	4661      	mov	r1, ip
20000b4a:	583d      	ldr	r5, [r7, r0]
20000b4c:	3401      	adds	r4, #1
20000b4e:	500d      	str	r5, [r1, r0]
20000b50:	3004      	adds	r0, #4
20000b52:	45a1      	cmp	r9, r4
20000b54:	d8f8      	bhi.n	20000b48 <prepare_ep_buffer+0x90>
20000b56:	4649      	mov	r1, r9
20000b58:	008d      	lsls	r5, r1, #2
20000b5a:	4661      	mov	r1, ip
20000b5c:	194c      	adds	r4, r1, r5
20000b5e:	4641      	mov	r1, r8
20000b60:	197f      	adds	r7, r7, r5
20000b62:	1b48      	subs	r0, r1, r5
20000b64:	42aa      	cmp	r2, r5
20000b66:	d009      	beq.n	20000b7c <prepare_ep_buffer+0xc4>
20000b68:	783d      	ldrb	r5, [r7, #0]
20000b6a:	7025      	strb	r5, [r4, #0]
20000b6c:	2800      	cmp	r0, #0
20000b6e:	d005      	beq.n	20000b7c <prepare_ep_buffer+0xc4>
20000b70:	787d      	ldrb	r5, [r7, #1]
20000b72:	7065      	strb	r5, [r4, #1]
20000b74:	2801      	cmp	r0, #1
20000b76:	d001      	beq.n	20000b7c <prepare_ep_buffer+0xc4>
20000b78:	78b8      	ldrb	r0, [r7, #2]
20000b7a:	70a0      	strb	r0, [r4, #2]
20000b7c:	691f      	ldr	r7, [r3, #16]
20000b7e:	8a9c      	ldrh	r4, [r3, #20]
20000b80:	2080      	movs	r0, #128	; 0x80
20000b82:	18ba      	adds	r2, r7, r2
20000b84:	0200      	lsls	r0, r0, #8
20000b86:	611a      	str	r2, [r3, #16]
20000b88:	4330      	orrs	r0, r6
20000b8a:	2c00      	cmp	r4, #0
20000b8c:	d102      	bne.n	20000b94 <prepare_ep_buffer+0xdc>
20000b8e:	2380      	movs	r3, #128	; 0x80
20000b90:	01db      	lsls	r3, r3, #7
20000b92:	4318      	orrs	r0, r3
20000b94:	4653      	mov	r3, sl
20000b96:	2b00      	cmp	r3, #0
20000b98:	d000      	beq.n	20000b9c <prepare_ep_buffer+0xe4>
20000b9a:	0400      	lsls	r0, r0, #16
20000b9c:	bc1c      	pop	{r2, r3, r4}
20000b9e:	4690      	mov	r8, r2
20000ba0:	4699      	mov	r9, r3
20000ba2:	46a2      	mov	sl, r4
20000ba4:	bdf0      	pop	{r4, r5, r6, r7, pc}
20000ba6:	2000      	movs	r0, #0
20000ba8:	4661      	mov	r1, ip
20000baa:	5c3c      	ldrb	r4, [r7, r0]
20000bac:	540c      	strb	r4, [r1, r0]
20000bae:	3001      	adds	r0, #1
20000bb0:	4282      	cmp	r2, r0
20000bb2:	d1f9      	bne.n	20000ba8 <prepare_ep_buffer+0xf0>
20000bb4:	e7e2      	b.n	20000b7c <prepare_ep_buffer+0xc4>
20000bb6:	46c0      	nop			; (mov r8, r8)

20000bb8 <sync_ep_buffer>:
20000bb8:	6883      	ldr	r3, [r0, #8]
20000bba:	b5f0      	push	{r4, r5, r6, r7, lr}
20000bbc:	0006      	movs	r6, r0
20000bbe:	6818      	ldr	r0, [r3, #0]
20000bc0:	2900      	cmp	r1, #0
20000bc2:	d000      	beq.n	20000bc6 <sync_ep_buffer+0xe>
20000bc4:	0c00      	lsrs	r0, r0, #16
20000bc6:	7873      	ldrb	r3, [r6, #1]
20000bc8:	0580      	lsls	r0, r0, #22
20000bca:	0d80      	lsrs	r0, r0, #22
20000bcc:	2b00      	cmp	r3, #0
20000bce:	d108      	bne.n	20000be2 <sync_ep_buffer+0x2a>
20000bd0:	8af3      	ldrh	r3, [r6, #22]
20000bd2:	18c3      	adds	r3, r0, r3
20000bd4:	82f3      	strh	r3, [r6, #22]
20000bd6:	8b33      	ldrh	r3, [r6, #24]
20000bd8:	4283      	cmp	r3, r0
20000bda:	d901      	bls.n	20000be0 <sync_ep_buffer+0x28>
20000bdc:	2300      	movs	r3, #0
20000bde:	82b3      	strh	r3, [r6, #20]
20000be0:	bdf0      	pop	{r4, r5, r6, r7, pc}
20000be2:	68f3      	ldr	r3, [r6, #12]
20000be4:	0189      	lsls	r1, r1, #6
20000be6:	1e44      	subs	r4, r0, #1
20000be8:	6932      	ldr	r2, [r6, #16]
20000bea:	185d      	adds	r5, r3, r1
20000bec:	46a4      	mov	ip, r4
20000bee:	2800      	cmp	r0, #0
20000bf0:	d032      	beq.n	20000c58 <sync_ep_buffer+0xa0>
20000bf2:	3104      	adds	r1, #4
20000bf4:	1859      	adds	r1, r3, r1
20000bf6:	2300      	movs	r3, #0
20000bf8:	001c      	movs	r4, r3
20000bfa:	428a      	cmp	r2, r1
20000bfc:	415c      	adcs	r4, r3
20000bfe:	0021      	movs	r1, r4
20000c00:	1d14      	adds	r4, r2, #4
20000c02:	42a5      	cmp	r5, r4
20000c04:	415b      	adcs	r3, r3
20000c06:	0014      	movs	r4, r2
20000c08:	430b      	orrs	r3, r1
20000c0a:	2103      	movs	r1, #3
20000c0c:	432c      	orrs	r4, r5
20000c0e:	4021      	ands	r1, r4
20000c10:	424c      	negs	r4, r1
20000c12:	4161      	adcs	r1, r4
20000c14:	4219      	tst	r1, r3
20000c16:	d025      	beq.n	20000c64 <sync_ep_buffer+0xac>
20000c18:	4663      	mov	r3, ip
20000c1a:	2b08      	cmp	r3, #8
20000c1c:	d922      	bls.n	20000c64 <sync_ep_buffer+0xac>
20000c1e:	2300      	movs	r3, #0
20000c20:	2100      	movs	r1, #0
20000c22:	1f04      	subs	r4, r0, #4
20000c24:	08a4      	lsrs	r4, r4, #2
20000c26:	3401      	adds	r4, #1
20000c28:	58ef      	ldr	r7, [r5, r3]
20000c2a:	3101      	adds	r1, #1
20000c2c:	50d7      	str	r7, [r2, r3]
20000c2e:	3304      	adds	r3, #4
20000c30:	428c      	cmp	r4, r1
20000c32:	d8f9      	bhi.n	20000c28 <sync_ep_buffer+0x70>
20000c34:	4663      	mov	r3, ip
20000c36:	00a4      	lsls	r4, r4, #2
20000c38:	192d      	adds	r5, r5, r4
20000c3a:	1912      	adds	r2, r2, r4
20000c3c:	1b1f      	subs	r7, r3, r4
20000c3e:	42a0      	cmp	r0, r4
20000c40:	d009      	beq.n	20000c56 <sync_ep_buffer+0x9e>
20000c42:	782b      	ldrb	r3, [r5, #0]
20000c44:	7013      	strb	r3, [r2, #0]
20000c46:	2f00      	cmp	r7, #0
20000c48:	d005      	beq.n	20000c56 <sync_ep_buffer+0x9e>
20000c4a:	786b      	ldrb	r3, [r5, #1]
20000c4c:	7053      	strb	r3, [r2, #1]
20000c4e:	2f01      	cmp	r7, #1
20000c50:	d001      	beq.n	20000c56 <sync_ep_buffer+0x9e>
20000c52:	78ab      	ldrb	r3, [r5, #2]
20000c54:	7093      	strb	r3, [r2, #2]
20000c56:	6932      	ldr	r2, [r6, #16]
20000c58:	8af3      	ldrh	r3, [r6, #22]
20000c5a:	1812      	adds	r2, r2, r0
20000c5c:	18c3      	adds	r3, r0, r3
20000c5e:	82f3      	strh	r3, [r6, #22]
20000c60:	6132      	str	r2, [r6, #16]
20000c62:	e7b8      	b.n	20000bd6 <sync_ep_buffer+0x1e>
20000c64:	2300      	movs	r3, #0
20000c66:	5ce9      	ldrb	r1, [r5, r3]
20000c68:	54d1      	strb	r1, [r2, r3]
20000c6a:	3301      	adds	r3, #1
20000c6c:	4298      	cmp	r0, r3
20000c6e:	d1fa      	bne.n	20000c66 <sync_ep_buffer+0xae>
20000c70:	6932      	ldr	r2, [r6, #16]
20000c72:	e7f1      	b.n	20000c58 <sync_ep_buffer+0xa0>

20000c74 <_hw_endpoint_xfer_sync>:
20000c74:	b510      	push	{r4, lr}
20000c76:	0004      	movs	r4, r0
20000c78:	6883      	ldr	r3, [r0, #8]
20000c7a:	2100      	movs	r1, #0
20000c7c:	681b      	ldr	r3, [r3, #0]
20000c7e:	f7ff ff9b 	bl	20000bb8 <sync_ep_buffer>
20000c82:	6863      	ldr	r3, [r4, #4]
20000c84:	681b      	ldr	r3, [r3, #0]
20000c86:	005b      	lsls	r3, r3, #1
20000c88:	d502      	bpl.n	20000c90 <_hw_endpoint_xfer_sync+0x1c>
20000c8a:	8b23      	ldrh	r3, [r4, #24]
20000c8c:	4283      	cmp	r3, r0
20000c8e:	d000      	beq.n	20000c92 <_hw_endpoint_xfer_sync+0x1e>
20000c90:	bd10      	pop	{r4, pc}
20000c92:	2101      	movs	r1, #1
20000c94:	0020      	movs	r0, r4
20000c96:	f7ff ff8f 	bl	20000bb8 <sync_ep_buffer>
20000c9a:	e7f9      	b.n	20000c90 <_hw_endpoint_xfer_sync+0x1c>

20000c9c <e15_is_bulkin_ep.isra.0>:
20000c9c:	4b08      	ldr	r3, [pc, #32]	; (20000cc0 <e15_is_bulkin_ep.isra.0+0x24>)
20000c9e:	6c1a      	ldr	r2, [r3, #64]	; 0x40
20000ca0:	2300      	movs	r3, #0
20000ca2:	0792      	lsls	r2, r2, #30
20000ca4:	d403      	bmi.n	20000cae <e15_is_bulkin_ep.isra.0+0x12>
20000ca6:	7802      	ldrb	r2, [r0, #0]
20000ca8:	09d2      	lsrs	r2, r2, #7
20000caa:	2a01      	cmp	r2, #1
20000cac:	d001      	beq.n	20000cb2 <e15_is_bulkin_ep.isra.0+0x16>
20000cae:	0018      	movs	r0, r3
20000cb0:	4770      	bx	lr
20000cb2:	780b      	ldrb	r3, [r1, #0]
20000cb4:	3b02      	subs	r3, #2
20000cb6:	4258      	negs	r0, r3
20000cb8:	4143      	adcs	r3, r0
20000cba:	b2db      	uxtb	r3, r3
20000cbc:	e7f7      	b.n	20000cae <e15_is_bulkin_ep.isra.0+0x12>
20000cbe:	46c0      	nop			; (mov r8, r8)
20000cc0:	50110000 	.word	0x50110000

20000cc4 <e15_is_critical_frame_period>:
20000cc4:	0001      	movs	r1, r0
20000cc6:	b510      	push	{r4, lr}
20000cc8:	311b      	adds	r1, #27
20000cca:	3002      	adds	r0, #2
20000ccc:	f7ff ffe6 	bl	20000c9c <e15_is_bulkin_ep.isra.0>
20000cd0:	2800      	cmp	r0, #0
20000cd2:	d00c      	beq.n	20000cee <e15_is_critical_frame_period+0x2a>
20000cd4:	4906      	ldr	r1, [pc, #24]	; (20000cf0 <e15_is_critical_frame_period+0x2c>)
20000cd6:	4b07      	ldr	r3, [pc, #28]	; (20000cf4 <e15_is_critical_frame_period+0x30>)
20000cd8:	468c      	mov	ip, r1
20000cda:	4a07      	ldr	r2, [pc, #28]	; (20000cf8 <e15_is_critical_frame_period+0x34>)
20000cdc:	6a9b      	ldr	r3, [r3, #40]	; 0x28
20000cde:	6812      	ldr	r2, [r2, #0]
20000ce0:	4463      	add	r3, ip
20000ce2:	1a9b      	subs	r3, r3, r2
20000ce4:	2000      	movs	r0, #0
20000ce6:	22c6      	movs	r2, #198	; 0xc6
20000ce8:	429a      	cmp	r2, r3
20000cea:	4140      	adcs	r0, r0
20000cec:	b2c0      	uxtb	r0, r0
20000cee:	bd10      	pop	{r4, pc}
20000cf0:	fffffce0 	.word	0xfffffce0
20000cf4:	40054000 	.word	0x40054000
20000cf8:	2000193c 	.word	0x2000193c

20000cfc <hw_endpoint_reset_transfer>:
20000cfc:	2300      	movs	r3, #0
20000cfe:	7683      	strb	r3, [r0, #26]
20000d00:	6143      	str	r3, [r0, #20]
20000d02:	6103      	str	r3, [r0, #16]
20000d04:	4770      	bx	lr
20000d06:	46c0      	nop			; (mov r8, r8)

20000d08 <_hw_endpoint_buffer_control_update32>:
20000d08:	b510      	push	{r4, lr}
20000d0a:	6883      	ldr	r3, [r0, #8]
20000d0c:	2900      	cmp	r1, #0
20000d0e:	d001      	beq.n	20000d14 <_hw_endpoint_buffer_control_update32+0xc>
20000d10:	681c      	ldr	r4, [r3, #0]
20000d12:	4021      	ands	r1, r4
20000d14:	2a00      	cmp	r2, #0
20000d16:	d012      	beq.n	20000d3e <_hw_endpoint_buffer_control_update32+0x36>
20000d18:	2480      	movs	r4, #128	; 0x80
20000d1a:	00e4      	lsls	r4, r4, #3
20000d1c:	4311      	orrs	r1, r2
20000d1e:	4222      	tst	r2, r4
20000d20:	d00d      	beq.n	20000d3e <_hw_endpoint_buffer_control_update32+0x36>
20000d22:	681a      	ldr	r2, [r3, #0]
20000d24:	4222      	tst	r2, r4
20000d26:	d10c      	bne.n	20000d42 <_hw_endpoint_buffer_control_update32+0x3a>
20000d28:	4a08      	ldr	r2, [pc, #32]	; (20000d4c <_hw_endpoint_buffer_control_update32+0x44>)
20000d2a:	400a      	ands	r2, r1
20000d2c:	601a      	str	r2, [r3, #0]
20000d2e:	4a08      	ldr	r2, [pc, #32]	; (20000d50 <_hw_endpoint_buffer_control_update32+0x48>)
20000d30:	6c12      	ldr	r2, [r2, #64]	; 0x40
20000d32:	0792      	lsls	r2, r2, #30
20000d34:	d403      	bmi.n	20000d3e <_hw_endpoint_buffer_control_update32+0x36>
20000d36:	230c      	movs	r3, #12
20000d38:	3b03      	subs	r3, #3
20000d3a:	d2fd      	bcs.n	20000d38 <_hw_endpoint_buffer_control_update32+0x30>
20000d3c:	6883      	ldr	r3, [r0, #8]
20000d3e:	6019      	str	r1, [r3, #0]
20000d40:	bd10      	pop	{r4, pc}
20000d42:	7881      	ldrb	r1, [r0, #2]
20000d44:	4803      	ldr	r0, [pc, #12]	; (20000d54 <_hw_endpoint_buffer_control_update32+0x4c>)
20000d46:	f000 f97b 	bl	20001040 <__panic_veneer>
20000d4a:	46c0      	nop			; (mov r8, r8)
20000d4c:	fffffbff 	.word	0xfffffbff
20000d50:	50110000 	.word	0x50110000
20000d54:	10004fc4 	.word	0x10004fc4

20000d58 <hw_endpoint_start_next_buffer>:
20000d58:	6843      	ldr	r3, [r0, #4]
20000d5a:	b570      	push	{r4, r5, r6, lr}
20000d5c:	2100      	movs	r1, #0
20000d5e:	2580      	movs	r5, #128	; 0x80
20000d60:	681e      	ldr	r6, [r3, #0]
20000d62:	0004      	movs	r4, r0
20000d64:	f7ff fea8 	bl	20000ab8 <prepare_ep_buffer>
20000d68:	4b13      	ldr	r3, [pc, #76]	; (20000db8 <hw_endpoint_start_next_buffer+0x60>)
20000d6a:	016d      	lsls	r5, r5, #5
20000d6c:	6c1b      	ldr	r3, [r3, #64]	; 0x40
20000d6e:	4305      	orrs	r5, r0
20000d70:	079b      	lsls	r3, r3, #30
20000d72:	d50f      	bpl.n	20000d94 <hw_endpoint_start_next_buffer+0x3c>
20000d74:	78a3      	ldrb	r3, [r4, #2]
20000d76:	065b      	lsls	r3, r3, #25
20000d78:	d00f      	beq.n	20000d9a <hw_endpoint_start_next_buffer+0x42>
20000d7a:	4b10      	ldr	r3, [pc, #64]	; (20000dbc <hw_endpoint_start_next_buffer+0x64>)
20000d7c:	401e      	ands	r6, r3
20000d7e:	2380      	movs	r3, #128	; 0x80
20000d80:	059b      	lsls	r3, r3, #22
20000d82:	4333      	orrs	r3, r6
20000d84:	6862      	ldr	r2, [r4, #4]
20000d86:	2100      	movs	r1, #0
20000d88:	6013      	str	r3, [r2, #0]
20000d8a:	0020      	movs	r0, r4
20000d8c:	002a      	movs	r2, r5
20000d8e:	f7ff ffbb 	bl	20000d08 <_hw_endpoint_buffer_control_update32>
20000d92:	bd70      	pop	{r4, r5, r6, pc}
20000d94:	78a3      	ldrb	r3, [r4, #2]
20000d96:	09db      	lsrs	r3, r3, #7
20000d98:	d0ef      	beq.n	20000d7a <hw_endpoint_start_next_buffer+0x22>
20000d9a:	8aa3      	ldrh	r3, [r4, #20]
20000d9c:	2b00      	cmp	r3, #0
20000d9e:	d0ec      	beq.n	20000d7a <hw_endpoint_start_next_buffer+0x22>
20000da0:	2101      	movs	r1, #1
20000da2:	0020      	movs	r0, r4
20000da4:	f7ff fe88 	bl	20000ab8 <prepare_ep_buffer>
20000da8:	23a0      	movs	r3, #160	; 0xa0
20000daa:	4a05      	ldr	r2, [pc, #20]	; (20000dc0 <hw_endpoint_start_next_buffer+0x68>)
20000dac:	05db      	lsls	r3, r3, #23
20000dae:	4032      	ands	r2, r6
20000db0:	4305      	orrs	r5, r0
20000db2:	4313      	orrs	r3, r2
20000db4:	e7e6      	b.n	20000d84 <hw_endpoint_start_next_buffer+0x2c>
20000db6:	46c0      	nop			; (mov r8, r8)
20000db8:	50110000 	.word	0x50110000
20000dbc:	afffffff 	.word	0xafffffff
20000dc0:	dfffffff 	.word	0xdfffffff

20000dc4 <hw_endpoint_xfer_continue>:
20000dc4:	b570      	push	{r4, r5, r6, lr}
20000dc6:	7e85      	ldrb	r5, [r0, #26]
20000dc8:	0004      	movs	r4, r0
20000dca:	2d00      	cmp	r5, #0
20000dcc:	d013      	beq.n	20000df6 <hw_endpoint_xfer_continue+0x32>
20000dce:	f7ff ff51 	bl	20000c74 <_hw_endpoint_xfer_sync>
20000dd2:	8aa3      	ldrh	r3, [r4, #20]
20000dd4:	2b00      	cmp	r3, #0
20000dd6:	d101      	bne.n	20000ddc <hw_endpoint_xfer_continue+0x18>
20000dd8:	0028      	movs	r0, r5
20000dda:	bd70      	pop	{r4, r5, r6, pc}
20000ddc:	0020      	movs	r0, r4
20000dde:	f7ff ff71 	bl	20000cc4 <e15_is_critical_frame_period>
20000de2:	1e05      	subs	r5, r0, #0
20000de4:	d003      	beq.n	20000dee <hw_endpoint_xfer_continue+0x2a>
20000de6:	2301      	movs	r3, #1
20000de8:	2500      	movs	r5, #0
20000dea:	7723      	strb	r3, [r4, #28]
20000dec:	e7f4      	b.n	20000dd8 <hw_endpoint_xfer_continue+0x14>
20000dee:	0020      	movs	r0, r4
20000df0:	f7ff ffb2 	bl	20000d58 <hw_endpoint_start_next_buffer>
20000df4:	e7f0      	b.n	20000dd8 <hw_endpoint_xfer_continue+0x14>
20000df6:	7881      	ldrb	r1, [r0, #2]
20000df8:	4801      	ldr	r0, [pc, #4]	; (20000e00 <hw_endpoint_xfer_continue+0x3c>)
20000dfa:	f000 f921 	bl	20001040 <__panic_veneer>
20000dfe:	46c0      	nop			; (mov r8, r8)
20000e00:	10004fe4 	.word	0x10004fe4

20000e04 <dcd_event_handler>:
20000e04:	b5f0      	push	{r4, r5, r6, r7, lr}
20000e06:	46ce      	mov	lr, r9
20000e08:	4647      	mov	r7, r8
20000e0a:	b580      	push	{r7, lr}
20000e0c:	7843      	ldrb	r3, [r0, #1]
20000e0e:	b085      	sub	sp, #20
20000e10:	0005      	movs	r5, r0
20000e12:	000e      	movs	r6, r1
20000e14:	2b06      	cmp	r3, #6
20000e16:	d80b      	bhi.n	20000e30 <dcd_event_handler+0x2c>
20000e18:	4a70      	ldr	r2, [pc, #448]	; (20000fdc <dcd_event_handler+0x1d8>)
20000e1a:	009b      	lsls	r3, r3, #2
20000e1c:	58d3      	ldr	r3, [r2, r3]
20000e1e:	469f      	mov	pc, r3
20000e20:	4b6f      	ldr	r3, [pc, #444]	; (20000fe0 <dcd_event_handler+0x1dc>)
20000e22:	781a      	ldrb	r2, [r3, #0]
20000e24:	07d2      	lsls	r2, r2, #31
20000e26:	d51d      	bpl.n	20000e64 <dcd_event_handler+0x60>
20000e28:	2104      	movs	r1, #4
20000e2a:	781a      	ldrb	r2, [r3, #0]
20000e2c:	430a      	orrs	r2, r1
20000e2e:	701a      	strb	r2, [r3, #0]
20000e30:	4b6c      	ldr	r3, [pc, #432]	; (20000fe4 <dcd_event_handler+0x1e0>)
20000e32:	681c      	ldr	r4, [r3, #0]
20000e34:	6962      	ldr	r2, [r4, #20]
20000e36:	f3ef 8110 	mrs	r1, PRIMASK
20000e3a:	b672      	cpsid	i
20000e3c:	6813      	ldr	r3, [r2, #0]
20000e3e:	2b00      	cmp	r3, #0
20000e40:	d0fc      	beq.n	20000e3c <dcd_event_handler+0x38>
20000e42:	f3bf 8f5f 	dmb	sy
20000e46:	61a1      	str	r1, [r4, #24]
20000e48:	0020      	movs	r0, r4
20000e4a:	0029      	movs	r1, r5
20000e4c:	f000 f900 	bl	20001050 <__tu_fifo_write_veneer>
20000e50:	6962      	ldr	r2, [r4, #20]
20000e52:	69a3      	ldr	r3, [r4, #24]
20000e54:	f3bf 8f5f 	dmb	sy
20000e58:	2100      	movs	r1, #0
20000e5a:	6011      	str	r1, [r2, #0]
20000e5c:	f383 8810 	msr	PRIMASK, r3
20000e60:	2800      	cmp	r0, #0
20000e62:	d104      	bne.n	20000e6e <dcd_event_handler+0x6a>
20000e64:	b005      	add	sp, #20
20000e66:	bc0c      	pop	{r2, r3}
20000e68:	4690      	mov	r8, r2
20000e6a:	4699      	mov	r9, r3
20000e6c:	bdf0      	pop	{r4, r5, r6, r7, pc}
20000e6e:	7869      	ldrb	r1, [r5, #1]
20000e70:	7828      	ldrb	r0, [r5, #0]
20000e72:	0032      	movs	r2, r6
20000e74:	f000 f8c4 	bl	20001000 <__tud_event_hook_cb_veneer>
20000e78:	e7f4      	b.n	20000e64 <dcd_event_handler+0x60>
20000e7a:	4a5b      	ldr	r2, [pc, #364]	; (20000fe8 <dcd_event_handler+0x1e4>)
20000e7c:	7813      	ldrb	r3, [r2, #0]
20000e7e:	3301      	adds	r3, #1
20000e80:	b2db      	uxtb	r3, r3
20000e82:	7013      	strb	r3, [r2, #0]
20000e84:	e7d4      	b.n	20000e30 <dcd_event_handler+0x2c>
20000e86:	2101      	movs	r1, #1
20000e88:	4b55      	ldr	r3, [pc, #340]	; (20000fe0 <dcd_event_handler+0x1dc>)
20000e8a:	781a      	ldrb	r2, [r3, #0]
20000e8c:	438a      	bics	r2, r1
20000e8e:	701a      	strb	r2, [r3, #0]
20000e90:	781a      	ldrb	r2, [r3, #0]
20000e92:	3101      	adds	r1, #1
20000e94:	438a      	bics	r2, r1
20000e96:	701a      	strb	r2, [r3, #0]
20000e98:	2200      	movs	r2, #0
20000e9a:	705a      	strb	r2, [r3, #1]
20000e9c:	781a      	ldrb	r2, [r3, #0]
20000e9e:	3102      	adds	r1, #2
20000ea0:	438a      	bics	r2, r1
20000ea2:	701a      	strb	r2, [r3, #0]
20000ea4:	e7c4      	b.n	20000e30 <dcd_event_handler+0x2c>
20000ea6:	4951      	ldr	r1, [pc, #324]	; (20000fec <dcd_event_handler+0x1e8>)
20000ea8:	4f51      	ldr	r7, [pc, #324]	; (20000ff0 <dcd_event_handler+0x1ec>)
20000eaa:	4689      	mov	r9, r1
20000eac:	4951      	ldr	r1, [pc, #324]	; (20000ff4 <dcd_event_handler+0x1f0>)
20000eae:	783a      	ldrb	r2, [r7, #0]
20000eb0:	2400      	movs	r4, #0
20000eb2:	2300      	movs	r3, #0
20000eb4:	4688      	mov	r8, r1
20000eb6:	e00c      	b.n	20000ed2 <dcd_event_handler+0xce>
20000eb8:	4641      	mov	r1, r8
20000eba:	6809      	ldr	r1, [r1, #0]
20000ebc:	0163      	lsls	r3, r4, #5
20000ebe:	468c      	mov	ip, r1
20000ec0:	4463      	add	r3, ip
20000ec2:	2b00      	cmp	r3, #0
20000ec4:	d10a      	bne.n	20000edc <dcd_event_handler+0xd8>
20000ec6:	3401      	adds	r4, #1
20000ec8:	b2e4      	uxtb	r4, r4
20000eca:	1c51      	adds	r1, r2, #1
20000ecc:	0023      	movs	r3, r4
20000ece:	42a1      	cmp	r1, r4
20000ed0:	db11      	blt.n	20000ef6 <dcd_event_handler+0xf2>
20000ed2:	42a2      	cmp	r2, r4
20000ed4:	d8f0      	bhi.n	20000eb8 <dcd_event_handler+0xb4>
20000ed6:	1a9b      	subs	r3, r3, r2
20000ed8:	015b      	lsls	r3, r3, #5
20000eda:	444b      	add	r3, r9
20000edc:	69db      	ldr	r3, [r3, #28]
20000ede:	2b00      	cmp	r3, #0
20000ee0:	d0f1      	beq.n	20000ec6 <dcd_event_handler+0xc2>
20000ee2:	6869      	ldr	r1, [r5, #4]
20000ee4:	7828      	ldrb	r0, [r5, #0]
20000ee6:	4798      	blx	r3
20000ee8:	783a      	ldrb	r2, [r7, #0]
20000eea:	3401      	adds	r4, #1
20000eec:	b2e4      	uxtb	r4, r4
20000eee:	1c51      	adds	r1, r2, #1
20000ef0:	0023      	movs	r3, r4
20000ef2:	42a1      	cmp	r1, r4
20000ef4:	daed      	bge.n	20000ed2 <dcd_event_handler+0xce>
20000ef6:	4f3a      	ldr	r7, [pc, #232]	; (20000fe0 <dcd_event_handler+0x1dc>)
20000ef8:	783b      	ldrb	r3, [r7, #0]
20000efa:	075b      	lsls	r3, r3, #29
20000efc:	d52b      	bpl.n	20000f56 <dcd_event_handler+0x152>
20000efe:	2204      	movs	r2, #4
20000f00:	783b      	ldrb	r3, [r7, #0]
20000f02:	2100      	movs	r1, #0
20000f04:	4393      	bics	r3, r2
20000f06:	703b      	strb	r3, [r7, #0]
20000f08:	466b      	mov	r3, sp
20000f0a:	3206      	adds	r2, #6
20000f0c:	1d98      	adds	r0, r3, #6
20000f0e:	f000 f88f 	bl	20001030 <____wrap_memset_veneer>
20000f12:	782b      	ldrb	r3, [r5, #0]
20000f14:	ac01      	add	r4, sp, #4
20000f16:	7023      	strb	r3, [r4, #0]
20000f18:	2305      	movs	r3, #5
20000f1a:	7063      	strb	r3, [r4, #1]
20000f1c:	4b31      	ldr	r3, [pc, #196]	; (20000fe4 <dcd_event_handler+0x1e0>)
20000f1e:	681b      	ldr	r3, [r3, #0]
20000f20:	4698      	mov	r8, r3
20000f22:	695a      	ldr	r2, [r3, #20]
20000f24:	f3ef 8110 	mrs	r1, PRIMASK
20000f28:	b672      	cpsid	i
20000f2a:	6813      	ldr	r3, [r2, #0]
20000f2c:	2b00      	cmp	r3, #0
20000f2e:	d0fc      	beq.n	20000f2a <dcd_event_handler+0x126>
20000f30:	f3bf 8f5f 	dmb	sy
20000f34:	4643      	mov	r3, r8
20000f36:	4640      	mov	r0, r8
20000f38:	6199      	str	r1, [r3, #24]
20000f3a:	0021      	movs	r1, r4
20000f3c:	f000 f888 	bl	20001050 <__tu_fifo_write_veneer>
20000f40:	4643      	mov	r3, r8
20000f42:	695a      	ldr	r2, [r3, #20]
20000f44:	699b      	ldr	r3, [r3, #24]
20000f46:	f3bf 8f5f 	dmb	sy
20000f4a:	2100      	movs	r1, #0
20000f4c:	6011      	str	r1, [r2, #0]
20000f4e:	f383 8810 	msr	PRIMASK, r3
20000f52:	2800      	cmp	r0, #0
20000f54:	d13b      	bne.n	20000fce <dcd_event_handler+0x1ca>
20000f56:	78fb      	ldrb	r3, [r7, #3]
20000f58:	07db      	lsls	r3, r3, #31
20000f5a:	d400      	bmi.n	20000f5e <dcd_event_handler+0x15a>
20000f5c:	e782      	b.n	20000e64 <dcd_event_handler+0x60>
20000f5e:	466b      	mov	r3, sp
20000f60:	220a      	movs	r2, #10
20000f62:	2100      	movs	r1, #0
20000f64:	1d98      	adds	r0, r3, #6
20000f66:	f000 f863 	bl	20001030 <____wrap_memset_veneer>
20000f6a:	782b      	ldrb	r3, [r5, #0]
20000f6c:	ac01      	add	r4, sp, #4
20000f6e:	7023      	strb	r3, [r4, #0]
20000f70:	2303      	movs	r3, #3
20000f72:	7063      	strb	r3, [r4, #1]
20000f74:	686b      	ldr	r3, [r5, #4]
20000f76:	6063      	str	r3, [r4, #4]
20000f78:	4b1a      	ldr	r3, [pc, #104]	; (20000fe4 <dcd_event_handler+0x1e0>)
20000f7a:	681d      	ldr	r5, [r3, #0]
20000f7c:	696a      	ldr	r2, [r5, #20]
20000f7e:	f3ef 8110 	mrs	r1, PRIMASK
20000f82:	b672      	cpsid	i
20000f84:	6813      	ldr	r3, [r2, #0]
20000f86:	2b00      	cmp	r3, #0
20000f88:	d0fc      	beq.n	20000f84 <dcd_event_handler+0x180>
20000f8a:	f3bf 8f5f 	dmb	sy
20000f8e:	61a9      	str	r1, [r5, #24]
20000f90:	0028      	movs	r0, r5
20000f92:	0021      	movs	r1, r4
20000f94:	f000 f85c 	bl	20001050 <__tu_fifo_write_veneer>
20000f98:	696a      	ldr	r2, [r5, #20]
20000f9a:	69ab      	ldr	r3, [r5, #24]
20000f9c:	f3bf 8f5f 	dmb	sy
20000fa0:	2100      	movs	r1, #0
20000fa2:	6011      	str	r1, [r2, #0]
20000fa4:	f383 8810 	msr	PRIMASK, r3
20000fa8:	2800      	cmp	r0, #0
20000faa:	d100      	bne.n	20000fae <dcd_event_handler+0x1aa>
20000fac:	e75a      	b.n	20000e64 <dcd_event_handler+0x60>
20000fae:	7861      	ldrb	r1, [r4, #1]
20000fb0:	7820      	ldrb	r0, [r4, #0]
20000fb2:	0032      	movs	r2, r6
20000fb4:	f000 f824 	bl	20001000 <__tud_event_hook_cb_veneer>
20000fb8:	e754      	b.n	20000e64 <dcd_event_handler+0x60>
20000fba:	4b09      	ldr	r3, [pc, #36]	; (20000fe0 <dcd_event_handler+0x1dc>)
20000fbc:	781a      	ldrb	r2, [r3, #0]
20000fbe:	07d2      	lsls	r2, r2, #31
20000fc0:	d400      	bmi.n	20000fc4 <dcd_event_handler+0x1c0>
20000fc2:	e74f      	b.n	20000e64 <dcd_event_handler+0x60>
20000fc4:	2104      	movs	r1, #4
20000fc6:	781a      	ldrb	r2, [r3, #0]
20000fc8:	438a      	bics	r2, r1
20000fca:	701a      	strb	r2, [r3, #0]
20000fcc:	e730      	b.n	20000e30 <dcd_event_handler+0x2c>
20000fce:	7861      	ldrb	r1, [r4, #1]
20000fd0:	7820      	ldrb	r0, [r4, #0]
20000fd2:	0032      	movs	r2, r6
20000fd4:	f000 f814 	bl	20001000 <__tud_event_hook_cb_veneer>
20000fd8:	e7bd      	b.n	20000f56 <dcd_event_handler+0x152>
20000fda:	46c0      	nop			; (mov r8, r8)
20000fdc:	10005098 	.word	0x10005098
20000fe0:	200014a4 	.word	0x200014a4
20000fe4:	200014fc 	.word	0x200014fc
20000fe8:	20001d9b 	.word	0x20001d9b
20000fec:	100050b4 	.word	0x100050b4
20000ff0:	20001d99 	.word	0x20001d99
20000ff4:	200012f4 	.word	0x200012f4

20000ff8 <__aeabi_idiv0>:
20000ff8:	4770      	bx	lr
20000ffa:	46c0      	nop			; (mov r8, r8)
20000ffc:	0000      	movs	r0, r0
	...

20001000 <__tud_event_hook_cb_veneer>:
20001000:	b401      	push	{r0}
20001002:	4802      	ldr	r0, [pc, #8]	; (2000100c <__tud_event_hook_cb_veneer+0xc>)
20001004:	4684      	mov	ip, r0
20001006:	bc01      	pop	{r0}
20001008:	4760      	bx	ip
2000100a:	bf00      	nop
2000100c:	10002db9 	.word	0x10002db9

20001010 <____wrap___aeabi_lmul_veneer>:
20001010:	b401      	push	{r0}
20001012:	4802      	ldr	r0, [pc, #8]	; (2000101c <____wrap___aeabi_lmul_veneer+0xc>)
20001014:	4684      	mov	ip, r0
20001016:	bc01      	pop	{r0}
20001018:	4760      	bx	ip
2000101a:	bf00      	nop
2000101c:	10001ea9 	.word	0x10001ea9

20001020 <__time_us_64_veneer>:
20001020:	b401      	push	{r0}
20001022:	4802      	ldr	r0, [pc, #8]	; (2000102c <__time_us_64_veneer+0xc>)
20001024:	4684      	mov	ip, r0
20001026:	bc01      	pop	{r0}
20001028:	4760      	bx	ip
2000102a:	bf00      	nop
2000102c:	100016a5 	.word	0x100016a5

20001030 <____wrap_memset_veneer>:
20001030:	b401      	push	{r0}
20001032:	4802      	ldr	r0, [pc, #8]	; (2000103c <____wrap_memset_veneer+0xc>)
20001034:	4684      	mov	ip, r0
20001036:	bc01      	pop	{r0}
20001038:	4760      	bx	ip
2000103a:	bf00      	nop
2000103c:	10001f81 	.word	0x10001f81

20001040 <__panic_veneer>:
20001040:	b401      	push	{r0}
20001042:	4802      	ldr	r0, [pc, #8]	; (2000104c <__panic_veneer+0xc>)
20001044:	4684      	mov	ip, r0
20001046:	bc01      	pop	{r0}
20001048:	4760      	bx	ip
2000104a:	bf00      	nop
2000104c:	100007f9 	.word	0x100007f9

20001050 <__tu_fifo_write_veneer>:
20001050:	b401      	push	{r0}
20001052:	4802      	ldr	r0, [pc, #8]	; (2000105c <__tu_fifo_write_veneer+0xc>)
20001054:	4684      	mov	ip, r0
20001056:	bc01      	pop	{r0}
20001058:	4760      	bx	ip
2000105a:	bf00      	nop
2000105c:	100048f5 	.word	0x100048f5

20001060 <__rp2040_chip_version_veneer>:
20001060:	b401      	push	{r0}
20001062:	4802      	ldr	r0, [pc, #8]	; (2000106c <__rp2040_chip_version_veneer+0xc>)
20001064:	4684      	mov	ip, r0
20001066:	bc01      	pop	{r0}
20001068:	4760      	bx	ip
2000106a:	bf00      	nop
2000106c:	100007ed 	.word	0x100007ed

20001070 <__best_effort_wfe_or_timeout_veneer>:
20001070:	b401      	push	{r0}
20001072:	4802      	ldr	r0, [pc, #8]	; (2000107c <__best_effort_wfe_or_timeout_veneer+0xc>)
20001074:	4684      	mov	ip, r0
20001076:	bc01      	pop	{r0}
20001078:	4760      	bx	ip
2000107a:	bf00      	nop
2000107c:	10001581 	.word	0x10001581

20001080 <striped_spin_lock_num>:
20001080:	00000010                                ....

20001084 <irq_handler_chain_slots>:
20001084:	00000000 	.word	0x00000000
20001088:	00010000 	.word	0x00010000
	...
20001094:	00020000 	.word	0x00020000
	...
200010a0:	00030000 	.word	0x00030000
	...
200010ac:	00ff0000 	.word	0x00ff0000
200010b0:	00000000 	.word	0x00000000

200010b4 <irq_handler_chain_first_slot>:
200010b4:	b501      	push	{r0, lr}
200010b6:	6848      	ldr	r0, [r1, #4]
200010b8:	3101      	adds	r1, #1
200010ba:	468e      	mov	lr, r1
200010bc:	4700      	bx	r0

200010be <irq_handler_chain_remove_tail>:
200010be:	4670      	mov	r0, lr
200010c0:	3809      	subs	r0, #9
200010c2:	4901      	ldr	r1, [pc, #4]	; (200010c8 <irq_handler_chain_remove_tail+0xa>)
200010c4:	4788      	blx	r1
200010c6:	bd01      	pop	{r0, pc}
200010c8:	10000dc5 	.word	0x10000dc5

200010cc <default_alarm_pool>:
	...
200010e0:	20001150 00000000 00000000 00000000     P.. ............

200010f0 <aeabi_bits_funcs>:
200010f0:	00003350 	.word	0x00003350
200010f4:	0000334c 	.word	0x0000334c
200010f8:	00003354 	.word	0x00003354
200010fc:	00003352 	.word	0x00003352

20001100 <aeabi_bits_funcs_end>:
20001100:	0000534d 	.word	0x0000534d
20001104:	0000434d 	.word	0x0000434d
20001108:	00003453 	.word	0x00003453
2000110c:	00003443 	.word	0x00003443

20001110 <stdio_usb>:
20001110:	10002551 10002501 10002471 100023e9     Q%...%..q$...#..
20001120:	00000000 00000100                       ........

20001128 <_usbd_qdef>:
20001128:	20001fa4 000c0010 00000000 00000000     ... ............
	...

20001144 <_usbd_rhport>:
20001144:	000000ff                                ....

20001148 <print_mutex>:
	...
