
/home/michelle/pico/comptech/ass4/task3/build/BinaryCounterSDK.elf:     file format elf32-littlearm

Sections:
Idx Name          Size      VMA       LMA       File off  Algn
  0 .boot2        00000100  10000000  10000000  00001000  2**0
                  CONTENTS, ALLOC, LOAD, READONLY, CODE
  1 .text         00004ca4  10000100  10000100  00001100  2**3
                  CONTENTS, ALLOC, LOAD, READONLY, CODE
  2 .rodata       00000418  10004da4  10004da4  00005da4  2**2
                  CONTENTS, ALLOC, LOAD, READONLY, DATA
  3 .binary_info  00000020  100051bc  100051bc  000061bc  2**2
                  CONTENTS, ALLOC, LOAD, READONLY, DATA
  4 .ram_vector_table 000000c0  20000000  20000000  00009000  2**2
                  ALLOC
  5 .uninitialized_data 00000000  200000c0  200000c0  00008150  2**0
                  CONTENTS
  6 .data         00001090  200000c0  100051dc  000070c0  2**4
                  CONTENTS, ALLOC, LOAD, CODE
  7 .tdata        00000000  20001150  20001150  00008150  2**0
                  CONTENTS, ALLOC, LOAD, DATA, THREAD_LOCAL
  8 .tbss         00000000  20001150  20001150  00000000  2**0
                  ALLOC, THREAD_LOCAL
  9 .bss          00000f14  20001150  1000626c  00008150  2**3
                  ALLOC
 10 .heap         00000800  20002064  1000626c  00009064  2**2
                  ALLOC, READONLY
 11 .scratch_x    00000000  20040000  20040000  00008150  2**0
                  CONTENTS
 12 .scratch_y    00000000  20041000  20041000  00008150  2**0
                  CONTENTS
 13 .stack_dummy  00000800  20041000  20041000  00009000  2**5
                  ALLOC, READONLY
 14 .ARM.attributes 00000028  00000000  00000000  00008150  2**0
                  CONTENTS, READONLY
 15 .comment      0000009f  00000000  00000000  00008178  2**0
                  CONTENTS, READONLY
 16 .debug_info   0003cbdf  00000000  00000000  00008217  2**0
                  CONTENTS, READONLY, DEBUGGING, OCTETS
 17 .debug_abbrev 00009ae7  00000000  00000000  00044df6  2**0
                  CONTENTS, READONLY, DEBUGGING, OCTETS
 18 .debug_loc    00025e43  00000000  00000000  0004e8dd  2**0
                  CONTENTS, READONLY, DEBUGGING, OCTETS
 19 .debug_aranges 000016c0  00000000  00000000  00074720  2**3
                  CONTENTS, READONLY, DEBUGGING, OCTETS
 20 .debug_ranges 0000c218  00000000  00000000  00075de0  2**3
                  CONTENTS, READONLY, DEBUGGING, OCTETS
 21 .debug_line   00020860  00000000  00000000  00081ff8  2**0
                  CONTENTS, READONLY, DEBUGGING, OCTETS
 22 .debug_str    00008c0a  00000000  00000000  000a2858  2**0
                  CONTENTS, READONLY, DEBUGGING, OCTETS
 23 .debug_frame  00002ee4  00000000  00000000  000ab464  2**2
                  CONTENTS, READONLY, DEBUGGING, OCTETS

/home/michelle/pico/comptech/ass4/task3/build/BinaryCounterSDK.elf:     file format elf32-littlearm


Disassembly of section .boot2:

10000000 <__boot2_start__>:
10000000:	4b32b500 	.word	0x4b32b500
10000004:	60582021 	.word	0x60582021
10000008:	21026898 	.word	0x21026898
1000000c:	60984388 	.word	0x60984388
10000010:	611860d8 	.word	0x611860d8
10000014:	4b2e6158 	.word	0x4b2e6158
10000018:	60992100 	.word	0x60992100
1000001c:	61592102 	.word	0x61592102
10000020:	22f02101 	.word	0x22f02101
10000024:	492b5099 	.word	0x492b5099
10000028:	21016019 	.word	0x21016019
1000002c:	20356099 	.word	0x20356099
10000030:	f844f000 	.word	0xf844f000
10000034:	42902202 	.word	0x42902202
10000038:	2106d014 	.word	0x2106d014
1000003c:	f0006619 	.word	0xf0006619
10000040:	6e19f834 	.word	0x6e19f834
10000044:	66192101 	.word	0x66192101
10000048:	66182000 	.word	0x66182000
1000004c:	f000661a 	.word	0xf000661a
10000050:	6e19f82c 	.word	0x6e19f82c
10000054:	6e196e19 	.word	0x6e196e19
10000058:	f0002005 	.word	0xf0002005
1000005c:	2101f82f 	.word	0x2101f82f
10000060:	d1f94208 	.word	0xd1f94208
10000064:	60992100 	.word	0x60992100
10000068:	6019491b 	.word	0x6019491b
1000006c:	60592100 	.word	0x60592100
10000070:	481b491a 	.word	0x481b491a
10000074:	21016001 	.word	0x21016001
10000078:	21eb6099 	.word	0x21eb6099
1000007c:	21a06619 	.word	0x21a06619
10000080:	f0006619 	.word	0xf0006619
10000084:	2100f812 	.word	0x2100f812
10000088:	49166099 	.word	0x49166099
1000008c:	60014814 	.word	0x60014814
10000090:	60992101 	.word	0x60992101
10000094:	2800bc01 	.word	0x2800bc01
10000098:	4700d000 	.word	0x4700d000
1000009c:	49134812 	.word	0x49134812
100000a0:	c8036008 	.word	0xc8036008
100000a4:	8808f380 	.word	0x8808f380
100000a8:	b5034708 	.word	0xb5034708
100000ac:	20046a99 	.word	0x20046a99
100000b0:	d0fb4201 	.word	0xd0fb4201
100000b4:	42012001 	.word	0x42012001
100000b8:	bd03d1f8 	.word	0xbd03d1f8
100000bc:	6618b502 	.word	0x6618b502
100000c0:	f7ff6618 	.word	0xf7ff6618
100000c4:	6e18fff2 	.word	0x6e18fff2
100000c8:	bd026e18 	.word	0xbd026e18
100000cc:	40020000 	.word	0x40020000
100000d0:	18000000 	.word	0x18000000
100000d4:	00070000 	.word	0x00070000
100000d8:	005f0300 	.word	0x005f0300
100000dc:	00002221 	.word	0x00002221
100000e0:	180000f4 	.word	0x180000f4
100000e4:	a0002022 	.word	0xa0002022
100000e8:	10000100 	.word	0x10000100
100000ec:	e000ed08 	.word	0xe000ed08
	...
100000fc:	7a4eb274 	.word	0x7a4eb274

Disassembly of section .text:

10000100 <__VECTOR_TABLE>:
10000100:	20042000 	.word	0x20042000
10000104:	100001f7 	.word	0x100001f7
10000108:	100001cb 	.word	0x100001cb
1000010c:	100001cd 	.word	0x100001cd
10000110:	100001c9 	.word	0x100001c9
10000114:	100001c9 	.word	0x100001c9
10000118:	100001c9 	.word	0x100001c9
1000011c:	100001c9 	.word	0x100001c9
10000120:	100001c9 	.word	0x100001c9
10000124:	100001c9 	.word	0x100001c9
10000128:	100001c9 	.word	0x100001c9
1000012c:	100001cf 	.word	0x100001cf
10000130:	100001c9 	.word	0x100001c9
10000134:	100001c9 	.word	0x100001c9
10000138:	100001d1 	.word	0x100001d1
1000013c:	100001d3 	.word	0x100001d3
10000140:	100001c1 	.word	0x100001c1
10000144:	100001c1 	.word	0x100001c1
10000148:	100001c1 	.word	0x100001c1
1000014c:	100001c1 	.word	0x100001c1
10000150:	100001c1 	.word	0x100001c1
10000154:	100001c1 	.word	0x100001c1
10000158:	100001c1 	.word	0x100001c1
1000015c:	100001c1 	.word	0x100001c1
10000160:	100001c1 	.word	0x100001c1
10000164:	100001c1 	.word	0x100001c1
10000168:	100001c1 	.word	0x100001c1
1000016c:	100001c1 	.word	0x100001c1
10000170:	100001c1 	.word	0x100001c1
10000174:	100001c1 	.word	0x100001c1
10000178:	100001c1 	.word	0x100001c1
1000017c:	100001c1 	.word	0x100001c1
10000180:	100001c1 	.word	0x100001c1
10000184:	100001c1 	.word	0x100001c1
10000188:	100001c1 	.word	0x100001c1
1000018c:	100001c1 	.word	0x100001c1
10000190:	100001c1 	.word	0x100001c1
10000194:	100001c1 	.word	0x100001c1
10000198:	100001c1 	.word	0x100001c1
1000019c:	100001c1 	.word	0x100001c1
100001a0:	100001c1 	.word	0x100001c1
100001a4:	100001c1 	.word	0x100001c1
100001a8:	100001c1 	.word	0x100001c1
100001ac:	100001c1 	.word	0x100001c1
100001b0:	100001c1 	.word	0x100001c1
100001b4:	100001c1 	.word	0x100001c1
100001b8:	100001c1 	.word	0x100001c1
100001bc:	100001c1 	.word	0x100001c1

100001c0 <__unhandled_user_irq>:
100001c0:	f3ef 8005 	mrs	r0, IPSR
100001c4:	3810      	subs	r0, #16

100001c6 <unhandled_user_irq_num_in_r0>:
100001c6:	be00      	bkpt	0x0000

100001c8 <isr_invalid>:
100001c8:	be00      	bkpt	0x0000

100001ca <isr_nmi>:
100001ca:	be00      	bkpt	0x0000

100001cc <isr_hardfault>:
100001cc:	be00      	bkpt	0x0000

100001ce <isr_svcall>:
100001ce:	be00      	bkpt	0x0000

100001d0 <isr_pendsv>:
100001d0:	be00      	bkpt	0x0000

100001d2 <isr_systick>:
100001d2:	be00      	bkpt	0x0000

100001d4 <__default_isrs_end>:
100001d4:	7188ebf2 	.word	0x7188ebf2
100001d8:	100051bc 	.word	0x100051bc
100001dc:	100051dc 	.word	0x100051dc
100001e0:	10000238 	.word	0x10000238
100001e4:	e71aa390 	.word	0xe71aa390

100001e8 <_entry_point>:
100001e8:	481e      	ldr	r0, [pc, #120]	; (10000264 <data_cpy_table+0x2c>)

100001ea <_enter_vtable_in_r0>:
100001ea:	491f      	ldr	r1, [pc, #124]	; (10000268 <data_cpy_table+0x30>)
100001ec:	6008      	str	r0, [r1, #0]
100001ee:	c806      	ldmia	r0!, {r1, r2}
100001f0:	f381 8808 	msr	MSP, r1
100001f4:	4710      	bx	r2

100001f6 <_reset_handler>:
100001f6:	481d      	ldr	r0, [pc, #116]	; (1000026c <data_cpy_table+0x34>)
100001f8:	6800      	ldr	r0, [r0, #0]
100001fa:	2800      	cmp	r0, #0
100001fc:	d001      	beq.n	10000202 <hold_non_core0_in_bootrom+0x4>

100001fe <hold_non_core0_in_bootrom>:
100001fe:	4819      	ldr	r0, [pc, #100]	; (10000264 <data_cpy_table+0x2c>)
10000200:	e7f3      	b.n	100001ea <_enter_vtable_in_r0>
10000202:	a40d      	add	r4, pc, #52	; (adr r4, 10000238 <data_cpy_table>)
10000204:	cc0e      	ldmia	r4!, {r1, r2, r3}
10000206:	2900      	cmp	r1, #0
10000208:	d002      	beq.n	10000210 <hold_non_core0_in_bootrom+0x12>
1000020a:	f000 f812 	bl	10000232 <data_cpy>
1000020e:	e7f9      	b.n	10000204 <hold_non_core0_in_bootrom+0x6>
10000210:	4917      	ldr	r1, [pc, #92]	; (10000270 <data_cpy_table+0x38>)
10000212:	4a18      	ldr	r2, [pc, #96]	; (10000274 <data_cpy_table+0x3c>)
10000214:	2000      	movs	r0, #0
10000216:	e000      	b.n	1000021a <bss_fill_test>

10000218 <bss_fill_loop>:
10000218:	c101      	stmia	r1!, {r0}

1000021a <bss_fill_test>:
1000021a:	4291      	cmp	r1, r2
1000021c:	d1fc      	bne.n	10000218 <bss_fill_loop>

1000021e <platform_entry>:
1000021e:	4916      	ldr	r1, [pc, #88]	; (10000278 <data_cpy_table+0x40>)
10000220:	4788      	blx	r1
10000222:	4916      	ldr	r1, [pc, #88]	; (1000027c <data_cpy_table+0x44>)
10000224:	4788      	blx	r1
10000226:	4916      	ldr	r1, [pc, #88]	; (10000280 <data_cpy_table+0x48>)
10000228:	4788      	blx	r1
1000022a:	be00      	bkpt	0x0000
1000022c:	e7fd      	b.n	1000022a <platform_entry+0xc>

1000022e <data_cpy_loop>:
1000022e:	c901      	ldmia	r1!, {r0}
10000230:	c201      	stmia	r2!, {r0}

10000232 <data_cpy>:
10000232:	429a      	cmp	r2, r3
10000234:	d3fb      	bcc.n	1000022e <data_cpy_loop>
10000236:	4770      	bx	lr

10000238 <data_cpy_table>:
10000238:	100051dc 	.word	0x100051dc
1000023c:	200000c0 	.word	0x200000c0
10000240:	20001150 	.word	0x20001150
10000244:	1000626c 	.word	0x1000626c
10000248:	20040000 	.word	0x20040000
1000024c:	20040000 	.word	0x20040000
10000250:	1000626c 	.word	0x1000626c
10000254:	20041000 	.word	0x20041000
10000258:	20041000 	.word	0x20041000
1000025c:	00000000 	.word	0x00000000
10000260:	4770      	bx	lr
10000262:	0000      	.short	0x0000
10000264:	00000000 	.word	0x00000000
10000268:	e000ed08 	.word	0xe000ed08
1000026c:	d0000000 	.word	0xd0000000
10000270:	20001150 	.word	0x20001150
10000274:	20002064 	.word	0x20002064
10000278:	100020b1 	.word	0x100020b1
1000027c:	10000369 	.word	0x10000369
10000280:	100020a9 	.word	0x100020a9

10000284 <_init>:
10000284:	b5f8      	push	{r3, r4, r5, r6, r7, lr}
10000286:	46c0      	nop			; (mov r8, r8)

10000288 <deregister_tm_clones>:
10000288:	4804      	ldr	r0, [pc, #16]	; (1000029c <deregister_tm_clones+0x14>)
1000028a:	4b05      	ldr	r3, [pc, #20]	; (100002a0 <deregister_tm_clones+0x18>)
1000028c:	b510      	push	{r4, lr}
1000028e:	4283      	cmp	r3, r0
10000290:	d003      	beq.n	1000029a <deregister_tm_clones+0x12>
10000292:	4b04      	ldr	r3, [pc, #16]	; (100002a4 <deregister_tm_clones+0x1c>)
10000294:	2b00      	cmp	r3, #0
10000296:	d000      	beq.n	1000029a <deregister_tm_clones+0x12>
10000298:	4798      	blx	r3
1000029a:	bd10      	pop	{r4, pc}
1000029c:	20001150 	.word	0x20001150
100002a0:	20001150 	.word	0x20001150
100002a4:	00000000 	.word	0x00000000

100002a8 <register_tm_clones>:
100002a8:	4806      	ldr	r0, [pc, #24]	; (100002c4 <register_tm_clones+0x1c>)
100002aa:	4907      	ldr	r1, [pc, #28]	; (100002c8 <register_tm_clones+0x20>)
100002ac:	1a09      	subs	r1, r1, r0
100002ae:	1089      	asrs	r1, r1, #2
100002b0:	0fcb      	lsrs	r3, r1, #31
100002b2:	1859      	adds	r1, r3, r1
100002b4:	b510      	push	{r4, lr}
100002b6:	1049      	asrs	r1, r1, #1
100002b8:	d003      	beq.n	100002c2 <register_tm_clones+0x1a>
100002ba:	4b04      	ldr	r3, [pc, #16]	; (100002cc <register_tm_clones+0x24>)
100002bc:	2b00      	cmp	r3, #0
100002be:	d000      	beq.n	100002c2 <register_tm_clones+0x1a>
100002c0:	4798      	blx	r3
100002c2:	bd10      	pop	{r4, pc}
100002c4:	20001150 	.word	0x20001150
100002c8:	20001150 	.word	0x20001150
100002cc:	00000000 	.word	0x00000000

100002d0 <__do_global_dtors_aux>:
100002d0:	b510      	push	{r4, lr}
100002d2:	4c07      	ldr	r4, [pc, #28]	; (100002f0 <__do_global_dtors_aux+0x20>)
100002d4:	7823      	ldrb	r3, [r4, #0]
100002d6:	2b00      	cmp	r3, #0
100002d8:	d109      	bne.n	100002ee <__do_global_dtors_aux+0x1e>
100002da:	f7ff ffd5 	bl	10000288 <deregister_tm_clones>
100002de:	4b05      	ldr	r3, [pc, #20]	; (100002f4 <__do_global_dtors_aux+0x24>)
100002e0:	2b00      	cmp	r3, #0
100002e2:	d002      	beq.n	100002ea <__do_global_dtors_aux+0x1a>
100002e4:	4804      	ldr	r0, [pc, #16]	; (100002f8 <__do_global_dtors_aux+0x28>)
100002e6:	e000      	b.n	100002ea <__do_global_dtors_aux+0x1a>
100002e8:	bf00      	nop
100002ea:	2301      	movs	r3, #1
100002ec:	7023      	strb	r3, [r4, #0]
100002ee:	bd10      	pop	{r4, pc}
100002f0:	200012d8 	.word	0x200012d8
100002f4:	00000000 	.word	0x00000000
100002f8:	10004da4 	.word	0x10004da4

100002fc <frame_dummy>:
100002fc:	4b05      	ldr	r3, [pc, #20]	; (10000314 <frame_dummy+0x18>)
100002fe:	b510      	push	{r4, lr}
10000300:	2b00      	cmp	r3, #0
10000302:	d003      	beq.n	1000030c <frame_dummy+0x10>
10000304:	4904      	ldr	r1, [pc, #16]	; (10000318 <frame_dummy+0x1c>)
10000306:	4805      	ldr	r0, [pc, #20]	; (1000031c <frame_dummy+0x20>)
10000308:	e000      	b.n	1000030c <frame_dummy+0x10>
1000030a:	bf00      	nop
1000030c:	f7ff ffcc 	bl	100002a8 <register_tm_clones>
10000310:	bd10      	pop	{r4, pc}
10000312:	46c0      	nop			; (mov r8, r8)
10000314:	00000000 	.word	0x00000000
10000318:	200012dc 	.word	0x200012dc
1000031c:	10004da4 	.word	0x10004da4

10000320 <button_isr>:
10000320:	2200      	movs	r2, #0
10000322:	21d0      	movs	r1, #208	; 0xd0
10000324:	4b05      	ldr	r3, [pc, #20]	; (1000033c <button_isr+0x1c>)
10000326:	0609      	lsls	r1, r1, #24
10000328:	601a      	str	r2, [r3, #0]
1000032a:	681b      	ldr	r3, [r3, #0]
1000032c:	690a      	ldr	r2, [r1, #16]
1000032e:	005b      	lsls	r3, r3, #1
10000330:	4053      	eors	r3, r2
10000332:	221e      	movs	r2, #30
10000334:	4013      	ands	r3, r2
10000336:	61cb      	str	r3, [r1, #28]
10000338:	4770      	bx	lr
1000033a:	46c0      	nop			; (mov r8, r8)
1000033c:	2000190c 	.word	0x2000190c

10000340 <timer_callback>:
10000340:	4b08      	ldr	r3, [pc, #32]	; (10000364 <timer_callback+0x24>)
10000342:	681a      	ldr	r2, [r3, #0]
10000344:	2a0e      	cmp	r2, #14
10000346:	dc0b      	bgt.n	10000360 <timer_callback+0x20>
10000348:	21d0      	movs	r1, #208	; 0xd0
1000034a:	681a      	ldr	r2, [r3, #0]
1000034c:	0609      	lsls	r1, r1, #24
1000034e:	3201      	adds	r2, #1
10000350:	601a      	str	r2, [r3, #0]
10000352:	681b      	ldr	r3, [r3, #0]
10000354:	690a      	ldr	r2, [r1, #16]
10000356:	005b      	lsls	r3, r3, #1
10000358:	4053      	eors	r3, r2
1000035a:	221e      	movs	r2, #30
1000035c:	4013      	ands	r3, r2
1000035e:	61cb      	str	r3, [r1, #28]
10000360:	4770      	bx	lr
10000362:	46c0      	nop			; (mov r8, r8)
10000364:	2000190c 	.word	0x2000190c

10000368 <main>:
10000368:	b510      	push	{r4, lr}
1000036a:	b08a      	sub	sp, #40	; 0x28
1000036c:	f001 ffac 	bl	100022c8 <stdio_init_all>
10000370:	24d0      	movs	r4, #208	; 0xd0
10000372:	2001      	movs	r0, #1
10000374:	f000 f9f6 	bl	10000764 <gpio_init>
10000378:	2302      	movs	r3, #2
1000037a:	0624      	lsls	r4, r4, #24
1000037c:	6263      	str	r3, [r4, #36]	; 0x24
1000037e:	2002      	movs	r0, #2
10000380:	f000 f9f0 	bl	10000764 <gpio_init>
10000384:	2304      	movs	r3, #4
10000386:	2003      	movs	r0, #3
10000388:	6263      	str	r3, [r4, #36]	; 0x24
1000038a:	f000 f9eb 	bl	10000764 <gpio_init>
1000038e:	2308      	movs	r3, #8
10000390:	2004      	movs	r0, #4
10000392:	6263      	str	r3, [r4, #36]	; 0x24
10000394:	f000 f9e6 	bl	10000764 <gpio_init>
10000398:	2310      	movs	r3, #16
1000039a:	2000      	movs	r0, #0
1000039c:	6263      	str	r3, [r4, #36]	; 0x24
1000039e:	f000 f9e1 	bl	10000764 <gpio_init>
100003a2:	2301      	movs	r3, #1
100003a4:	2200      	movs	r2, #0
100003a6:	62a3      	str	r3, [r4, #40]	; 0x28
100003a8:	2101      	movs	r1, #1
100003aa:	2000      	movs	r0, #0
100003ac:	f000 f960 	bl	10000670 <gpio_set_pulls>
100003b0:	4b0d      	ldr	r3, [pc, #52]	; (100003e8 <main+0x80>)
100003b2:	2201      	movs	r2, #1
100003b4:	2104      	movs	r1, #4
100003b6:	2000      	movs	r0, #0
100003b8:	f000 f974 	bl	100006a4 <gpio_set_irq_enabled_with_callback>
100003bc:	f000 ffc2 	bl	10001344 <alarm_pool_get_default>
100003c0:	ab04      	add	r3, sp, #16
100003c2:	9302      	str	r3, [sp, #8]
100003c4:	2300      	movs	r3, #0
100003c6:	9301      	str	r3, [sp, #4]
100003c8:	4b08      	ldr	r3, [pc, #32]	; (100003ec <main+0x84>)
100003ca:	4a09      	ldr	r2, [pc, #36]	; (100003f0 <main+0x88>)
100003cc:	9300      	str	r3, [sp, #0]
100003ce:	2300      	movs	r3, #0
100003d0:	f001 f930 	bl	10001634 <alarm_pool_add_repeating_timer_us>
100003d4:	4b07      	ldr	r3, [pc, #28]	; (100003f4 <main+0x8c>)
100003d6:	681b      	ldr	r3, [r3, #0]
100003d8:	6922      	ldr	r2, [r4, #16]
100003da:	005b      	lsls	r3, r3, #1
100003dc:	4053      	eors	r3, r2
100003de:	221e      	movs	r2, #30
100003e0:	4013      	ands	r3, r2
100003e2:	61e3      	str	r3, [r4, #28]
100003e4:	e7fe      	b.n	100003e4 <main+0x7c>
100003e6:	46c0      	nop			; (mov r8, r8)
100003e8:	10000321 	.word	0x10000321
100003ec:	10000341 	.word	0x10000341
100003f0:	000f4240 	.word	0x000f4240
100003f4:	2000190c 	.word	0x2000190c

100003f8 <gpio_default_irq_handler>:
100003f8:	23d0      	movs	r3, #208	; 0xd0
100003fa:	061b      	lsls	r3, r3, #24
100003fc:	681b      	ldr	r3, [r3, #0]
100003fe:	b5f0      	push	{r4, r5, r6, r7, lr}
10000400:	009a      	lsls	r2, r3, #2
10000402:	4645      	mov	r5, r8
10000404:	4690      	mov	r8, r2
10000406:	4641      	mov	r1, r8
10000408:	4a95      	ldr	r2, [pc, #596]	; (10000660 <gpio_default_irq_handler+0x268>)
1000040a:	46de      	mov	lr, fp
1000040c:	5852      	ldr	r2, [r2, r1]
1000040e:	4657      	mov	r7, sl
10000410:	4693      	mov	fp, r2
10000412:	1e5a      	subs	r2, r3, #1
10000414:	4193      	sbcs	r3, r2
10000416:	2230      	movs	r2, #48	; 0x30
10000418:	464e      	mov	r6, r9
1000041a:	425b      	negs	r3, r3
1000041c:	401a      	ands	r2, r3
1000041e:	4b91      	ldr	r3, [pc, #580]	; (10000664 <gpio_default_irq_handler+0x26c>)
10000420:	2400      	movs	r4, #0
10000422:	469c      	mov	ip, r3
10000424:	4b90      	ldr	r3, [pc, #576]	; (10000668 <gpio_default_irq_handler+0x270>)
10000426:	b5e0      	push	{r5, r6, r7, lr}
10000428:	469a      	mov	sl, r3
1000042a:	b083      	sub	sp, #12
1000042c:	4462      	add	r2, ip
1000042e:	9200      	str	r2, [sp, #0]
10000430:	08e2      	lsrs	r2, r4, #3
10000432:	0013      	movs	r3, r2
10000434:	0026      	movs	r6, r4
10000436:	3308      	adds	r3, #8
10000438:	9900      	ldr	r1, [sp, #0]
1000043a:	009b      	lsls	r3, r3, #2
1000043c:	585d      	ldr	r5, [r3, r1]
1000043e:	3608      	adds	r6, #8
10000440:	2d00      	cmp	r5, #0
10000442:	d028      	beq.n	10000496 <gpio_default_irq_handler+0x9e>
10000444:	42a6      	cmp	r6, r4
10000446:	d926      	bls.n	10000496 <gpio_default_irq_handler+0x9e>
10000448:	465b      	mov	r3, fp
1000044a:	2b00      	cmp	r3, #0
1000044c:	d02d      	beq.n	100004aa <gpio_default_irq_handler+0xb2>
1000044e:	2301      	movs	r3, #1
10000450:	270f      	movs	r7, #15
10000452:	4699      	mov	r9, r3
10000454:	0039      	movs	r1, r7
10000456:	4029      	ands	r1, r5
10000458:	d017      	beq.n	1000048a <gpio_default_irq_handler+0x92>
1000045a:	4652      	mov	r2, sl
1000045c:	4640      	mov	r0, r8
1000045e:	0023      	movs	r3, r4
10000460:	5812      	ldr	r2, [r2, r0]
10000462:	3b20      	subs	r3, #32
10000464:	40e2      	lsrs	r2, r4
10000466:	17db      	asrs	r3, r3, #31
10000468:	4013      	ands	r3, r2
1000046a:	464a      	mov	r2, r9
1000046c:	4213      	tst	r3, r2
1000046e:	d10c      	bne.n	1000048a <gpio_default_irq_handler+0x92>
10000470:	2207      	movs	r2, #7
10000472:	0008      	movs	r0, r1
10000474:	4022      	ands	r2, r4
10000476:	0092      	lsls	r2, r2, #2
10000478:	4090      	lsls	r0, r2
1000047a:	0002      	movs	r2, r0
1000047c:	08e3      	lsrs	r3, r4, #3
1000047e:	487b      	ldr	r0, [pc, #492]	; (1000066c <gpio_default_irq_handler+0x274>)
10000480:	333c      	adds	r3, #60	; 0x3c
10000482:	009b      	lsls	r3, r3, #2
10000484:	501a      	str	r2, [r3, r0]
10000486:	0020      	movs	r0, r4
10000488:	47d8      	blx	fp
1000048a:	092d      	lsrs	r5, r5, #4
1000048c:	3401      	adds	r4, #1
1000048e:	2d00      	cmp	r5, #0
10000490:	d001      	beq.n	10000496 <gpio_default_irq_handler+0x9e>
10000492:	42a6      	cmp	r6, r4
10000494:	d8de      	bhi.n	10000454 <gpio_default_irq_handler+0x5c>
10000496:	0034      	movs	r4, r6
10000498:	2e20      	cmp	r6, #32
1000049a:	d1c9      	bne.n	10000430 <gpio_default_irq_handler+0x38>
1000049c:	b003      	add	sp, #12
1000049e:	bc3c      	pop	{r2, r3, r4, r5}
100004a0:	4690      	mov	r8, r2
100004a2:	4699      	mov	r9, r3
100004a4:	46a2      	mov	sl, r4
100004a6:	46ab      	mov	fp, r5
100004a8:	bdf0      	pop	{r4, r5, r6, r7, pc}
100004aa:	230f      	movs	r3, #15
100004ac:	402b      	ands	r3, r5
100004ae:	d009      	beq.n	100004c4 <gpio_default_irq_handler+0xcc>
100004b0:	4640      	mov	r0, r8
100004b2:	496d      	ldr	r1, [pc, #436]	; (10000668 <gpio_default_irq_handler+0x270>)
100004b4:	5808      	ldr	r0, [r1, r0]
100004b6:	0021      	movs	r1, r4
100004b8:	40e0      	lsrs	r0, r4
100004ba:	3920      	subs	r1, #32
100004bc:	0fc9      	lsrs	r1, r1, #31
100004be:	4201      	tst	r1, r0
100004c0:	d100      	bne.n	100004c4 <gpio_default_irq_handler+0xcc>
100004c2:	e0b9      	b.n	10000638 <gpio_default_irq_handler+0x240>
100004c4:	092b      	lsrs	r3, r5, #4
100004c6:	1c61      	adds	r1, r4, #1
100004c8:	2b00      	cmp	r3, #0
100004ca:	d0e4      	beq.n	10000496 <gpio_default_irq_handler+0x9e>
100004cc:	428e      	cmp	r6, r1
100004ce:	d9e2      	bls.n	10000496 <gpio_default_irq_handler+0x9e>
100004d0:	220f      	movs	r2, #15
100004d2:	4013      	ands	r3, r2
100004d4:	d174      	bne.n	100005c0 <gpio_default_irq_handler+0x1c8>
100004d6:	0a2b      	lsrs	r3, r5, #8
100004d8:	1ca1      	adds	r1, r4, #2
100004da:	2b00      	cmp	r3, #0
100004dc:	d0db      	beq.n	10000496 <gpio_default_irq_handler+0x9e>
100004de:	428e      	cmp	r6, r1
100004e0:	d9d9      	bls.n	10000496 <gpio_default_irq_handler+0x9e>
100004e2:	220f      	movs	r2, #15
100004e4:	4013      	ands	r3, r2
100004e6:	d000      	beq.n	100004ea <gpio_default_irq_handler+0xf2>
100004e8:	e07e      	b.n	100005e8 <gpio_default_irq_handler+0x1f0>
100004ea:	0b2b      	lsrs	r3, r5, #12
100004ec:	1ce1      	adds	r1, r4, #3
100004ee:	2b00      	cmp	r3, #0
100004f0:	d0d1      	beq.n	10000496 <gpio_default_irq_handler+0x9e>
100004f2:	428e      	cmp	r6, r1
100004f4:	d9cf      	bls.n	10000496 <gpio_default_irq_handler+0x9e>
100004f6:	220f      	movs	r2, #15
100004f8:	4013      	ands	r3, r2
100004fa:	d000      	beq.n	100004fe <gpio_default_irq_handler+0x106>
100004fc:	e088      	b.n	10000610 <gpio_default_irq_handler+0x218>
100004fe:	0c2b      	lsrs	r3, r5, #16
10000500:	1d21      	adds	r1, r4, #4
10000502:	2b00      	cmp	r3, #0
10000504:	d0c7      	beq.n	10000496 <gpio_default_irq_handler+0x9e>
10000506:	428e      	cmp	r6, r1
10000508:	d9c5      	bls.n	10000496 <gpio_default_irq_handler+0x9e>
1000050a:	220f      	movs	r2, #15
1000050c:	4013      	ands	r3, r2
1000050e:	d011      	beq.n	10000534 <gpio_default_irq_handler+0x13c>
10000510:	4640      	mov	r0, r8
10000512:	4a55      	ldr	r2, [pc, #340]	; (10000668 <gpio_default_irq_handler+0x270>)
10000514:	5810      	ldr	r0, [r2, r0]
10000516:	0022      	movs	r2, r4
10000518:	40c8      	lsrs	r0, r1
1000051a:	3a1c      	subs	r2, #28
1000051c:	0fd2      	lsrs	r2, r2, #31
1000051e:	4202      	tst	r2, r0
10000520:	d108      	bne.n	10000534 <gpio_default_irq_handler+0x13c>
10000522:	2007      	movs	r0, #7
10000524:	08ca      	lsrs	r2, r1, #3
10000526:	4001      	ands	r1, r0
10000528:	0089      	lsls	r1, r1, #2
1000052a:	408b      	lsls	r3, r1
1000052c:	323c      	adds	r2, #60	; 0x3c
1000052e:	494f      	ldr	r1, [pc, #316]	; (1000066c <gpio_default_irq_handler+0x274>)
10000530:	0092      	lsls	r2, r2, #2
10000532:	5053      	str	r3, [r2, r1]
10000534:	0d2b      	lsrs	r3, r5, #20
10000536:	1d61      	adds	r1, r4, #5
10000538:	2b00      	cmp	r3, #0
1000053a:	d0ac      	beq.n	10000496 <gpio_default_irq_handler+0x9e>
1000053c:	428e      	cmp	r6, r1
1000053e:	d9aa      	bls.n	10000496 <gpio_default_irq_handler+0x9e>
10000540:	220f      	movs	r2, #15
10000542:	4013      	ands	r3, r2
10000544:	d008      	beq.n	10000558 <gpio_default_irq_handler+0x160>
10000546:	4640      	mov	r0, r8
10000548:	4a47      	ldr	r2, [pc, #284]	; (10000668 <gpio_default_irq_handler+0x270>)
1000054a:	5810      	ldr	r0, [r2, r0]
1000054c:	0022      	movs	r2, r4
1000054e:	40c8      	lsrs	r0, r1
10000550:	3a1b      	subs	r2, #27
10000552:	0fd2      	lsrs	r2, r2, #31
10000554:	4202      	tst	r2, r0
10000556:	d078      	beq.n	1000064a <gpio_default_irq_handler+0x252>
10000558:	0e2b      	lsrs	r3, r5, #24
1000055a:	1da1      	adds	r1, r4, #6
1000055c:	2b00      	cmp	r3, #0
1000055e:	d09a      	beq.n	10000496 <gpio_default_irq_handler+0x9e>
10000560:	428e      	cmp	r6, r1
10000562:	d998      	bls.n	10000496 <gpio_default_irq_handler+0x9e>
10000564:	220f      	movs	r2, #15
10000566:	4013      	ands	r3, r2
10000568:	d011      	beq.n	1000058e <gpio_default_irq_handler+0x196>
1000056a:	4640      	mov	r0, r8
1000056c:	4a3e      	ldr	r2, [pc, #248]	; (10000668 <gpio_default_irq_handler+0x270>)
1000056e:	5810      	ldr	r0, [r2, r0]
10000570:	0022      	movs	r2, r4
10000572:	40c8      	lsrs	r0, r1
10000574:	3a1a      	subs	r2, #26
10000576:	0fd2      	lsrs	r2, r2, #31
10000578:	4202      	tst	r2, r0
1000057a:	d108      	bne.n	1000058e <gpio_default_irq_handler+0x196>
1000057c:	2007      	movs	r0, #7
1000057e:	08ca      	lsrs	r2, r1, #3
10000580:	4001      	ands	r1, r0
10000582:	0089      	lsls	r1, r1, #2
10000584:	408b      	lsls	r3, r1
10000586:	323c      	adds	r2, #60	; 0x3c
10000588:	4938      	ldr	r1, [pc, #224]	; (1000066c <gpio_default_irq_handler+0x274>)
1000058a:	0092      	lsls	r2, r2, #2
1000058c:	5053      	str	r3, [r2, r1]
1000058e:	0f2d      	lsrs	r5, r5, #28
10000590:	1de2      	adds	r2, r4, #7
10000592:	2d00      	cmp	r5, #0
10000594:	d100      	bne.n	10000598 <gpio_default_irq_handler+0x1a0>
10000596:	e77e      	b.n	10000496 <gpio_default_irq_handler+0x9e>
10000598:	4641      	mov	r1, r8
1000059a:	4b33      	ldr	r3, [pc, #204]	; (10000668 <gpio_default_irq_handler+0x270>)
1000059c:	3c19      	subs	r4, #25
1000059e:	585b      	ldr	r3, [r3, r1]
100005a0:	0fe4      	lsrs	r4, r4, #31
100005a2:	9301      	str	r3, [sp, #4]
100005a4:	40d3      	lsrs	r3, r2
100005a6:	421c      	tst	r4, r3
100005a8:	d000      	beq.n	100005ac <gpio_default_irq_handler+0x1b4>
100005aa:	e774      	b.n	10000496 <gpio_default_irq_handler+0x9e>
100005ac:	2107      	movs	r1, #7
100005ae:	08d3      	lsrs	r3, r2, #3
100005b0:	400a      	ands	r2, r1
100005b2:	0092      	lsls	r2, r2, #2
100005b4:	4095      	lsls	r5, r2
100005b6:	333c      	adds	r3, #60	; 0x3c
100005b8:	4a2c      	ldr	r2, [pc, #176]	; (1000066c <gpio_default_irq_handler+0x274>)
100005ba:	009b      	lsls	r3, r3, #2
100005bc:	509d      	str	r5, [r3, r2]
100005be:	e76a      	b.n	10000496 <gpio_default_irq_handler+0x9e>
100005c0:	4640      	mov	r0, r8
100005c2:	4a29      	ldr	r2, [pc, #164]	; (10000668 <gpio_default_irq_handler+0x270>)
100005c4:	5810      	ldr	r0, [r2, r0]
100005c6:	0022      	movs	r2, r4
100005c8:	40c8      	lsrs	r0, r1
100005ca:	3a1f      	subs	r2, #31
100005cc:	0fd2      	lsrs	r2, r2, #31
100005ce:	4202      	tst	r2, r0
100005d0:	d000      	beq.n	100005d4 <gpio_default_irq_handler+0x1dc>
100005d2:	e780      	b.n	100004d6 <gpio_default_irq_handler+0xde>
100005d4:	2007      	movs	r0, #7
100005d6:	08ca      	lsrs	r2, r1, #3
100005d8:	4001      	ands	r1, r0
100005da:	0089      	lsls	r1, r1, #2
100005dc:	408b      	lsls	r3, r1
100005de:	323c      	adds	r2, #60	; 0x3c
100005e0:	4922      	ldr	r1, [pc, #136]	; (1000066c <gpio_default_irq_handler+0x274>)
100005e2:	0092      	lsls	r2, r2, #2
100005e4:	5053      	str	r3, [r2, r1]
100005e6:	e776      	b.n	100004d6 <gpio_default_irq_handler+0xde>
100005e8:	4640      	mov	r0, r8
100005ea:	4a1f      	ldr	r2, [pc, #124]	; (10000668 <gpio_default_irq_handler+0x270>)
100005ec:	5810      	ldr	r0, [r2, r0]
100005ee:	0022      	movs	r2, r4
100005f0:	40c8      	lsrs	r0, r1
100005f2:	3a1e      	subs	r2, #30
100005f4:	0fd2      	lsrs	r2, r2, #31
100005f6:	4202      	tst	r2, r0
100005f8:	d000      	beq.n	100005fc <gpio_default_irq_handler+0x204>
100005fa:	e776      	b.n	100004ea <gpio_default_irq_handler+0xf2>
100005fc:	2007      	movs	r0, #7
100005fe:	08ca      	lsrs	r2, r1, #3
10000600:	4001      	ands	r1, r0
10000602:	0089      	lsls	r1, r1, #2
10000604:	408b      	lsls	r3, r1
10000606:	323c      	adds	r2, #60	; 0x3c
10000608:	4918      	ldr	r1, [pc, #96]	; (1000066c <gpio_default_irq_handler+0x274>)
1000060a:	0092      	lsls	r2, r2, #2
1000060c:	5053      	str	r3, [r2, r1]
1000060e:	e76c      	b.n	100004ea <gpio_default_irq_handler+0xf2>
10000610:	4640      	mov	r0, r8
10000612:	4a15      	ldr	r2, [pc, #84]	; (10000668 <gpio_default_irq_handler+0x270>)
10000614:	5810      	ldr	r0, [r2, r0]
10000616:	0022      	movs	r2, r4
10000618:	40c8      	lsrs	r0, r1
1000061a:	3a1d      	subs	r2, #29
1000061c:	0fd2      	lsrs	r2, r2, #31
1000061e:	4202      	tst	r2, r0
10000620:	d000      	beq.n	10000624 <gpio_default_irq_handler+0x22c>
10000622:	e76c      	b.n	100004fe <gpio_default_irq_handler+0x106>
10000624:	2007      	movs	r0, #7
10000626:	08ca      	lsrs	r2, r1, #3
10000628:	4001      	ands	r1, r0
1000062a:	0089      	lsls	r1, r1, #2
1000062c:	408b      	lsls	r3, r1
1000062e:	323c      	adds	r2, #60	; 0x3c
10000630:	490e      	ldr	r1, [pc, #56]	; (1000066c <gpio_default_irq_handler+0x274>)
10000632:	0092      	lsls	r2, r2, #2
10000634:	5053      	str	r3, [r2, r1]
10000636:	e762      	b.n	100004fe <gpio_default_irq_handler+0x106>
10000638:	2107      	movs	r1, #7
1000063a:	4021      	ands	r1, r4
1000063c:	0089      	lsls	r1, r1, #2
1000063e:	408b      	lsls	r3, r1
10000640:	323c      	adds	r2, #60	; 0x3c
10000642:	490a      	ldr	r1, [pc, #40]	; (1000066c <gpio_default_irq_handler+0x274>)
10000644:	0092      	lsls	r2, r2, #2
10000646:	5053      	str	r3, [r2, r1]
10000648:	e73c      	b.n	100004c4 <gpio_default_irq_handler+0xcc>
1000064a:	2007      	movs	r0, #7
1000064c:	08ca      	lsrs	r2, r1, #3
1000064e:	4001      	ands	r1, r0
10000650:	0089      	lsls	r1, r1, #2
10000652:	408b      	lsls	r3, r1
10000654:	323c      	adds	r2, #60	; 0x3c
10000656:	4905      	ldr	r1, [pc, #20]	; (1000066c <gpio_default_irq_handler+0x274>)
10000658:	0092      	lsls	r2, r2, #2
1000065a:	5053      	str	r3, [r2, r1]
1000065c:	e77c      	b.n	10000558 <gpio_default_irq_handler+0x160>
1000065e:	46c0      	nop			; (mov r8, r8)
10000660:	200018cc 	.word	0x200018cc
10000664:	40014100 	.word	0x40014100
10000668:	20001d68 	.word	0x20001d68
1000066c:	40014000 	.word	0x40014000

10000670 <gpio_set_pulls>:
10000670:	4b0b      	ldr	r3, [pc, #44]	; (100006a0 <gpio_set_pulls+0x30>)
10000672:	0080      	lsls	r0, r0, #2
10000674:	469c      	mov	ip, r3
10000676:	4460      	add	r0, ip
10000678:	2900      	cmp	r1, #0
1000067a:	d10e      	bne.n	1000069a <gpio_set_pulls+0x2a>
1000067c:	2300      	movs	r3, #0
1000067e:	3104      	adds	r1, #4
10000680:	2a00      	cmp	r2, #0
10000682:	d100      	bne.n	10000686 <gpio_set_pulls+0x16>
10000684:	0019      	movs	r1, r3
10000686:	2280      	movs	r2, #128	; 0x80
10000688:	6803      	ldr	r3, [r0, #0]
1000068a:	0152      	lsls	r2, r2, #5
1000068c:	4059      	eors	r1, r3
1000068e:	4694      	mov	ip, r2
10000690:	230c      	movs	r3, #12
10000692:	4460      	add	r0, ip
10000694:	400b      	ands	r3, r1
10000696:	6003      	str	r3, [r0, #0]
10000698:	4770      	bx	lr
1000069a:	210c      	movs	r1, #12
1000069c:	2308      	movs	r3, #8
1000069e:	e7ef      	b.n	10000680 <gpio_set_pulls+0x10>
100006a0:	4001c004 	.word	0x4001c004

100006a4 <gpio_set_irq_enabled_with_callback>:
100006a4:	b5f0      	push	{r4, r5, r6, r7, lr}
100006a6:	464f      	mov	r7, r9
100006a8:	4699      	mov	r9, r3
100006aa:	23d0      	movs	r3, #208	; 0xd0
100006ac:	4646      	mov	r6, r8
100006ae:	46d6      	mov	lr, sl
100006b0:	061b      	lsls	r3, r3, #24
100006b2:	469a      	mov	sl, r3
100006b4:	681b      	ldr	r3, [r3, #0]
100006b6:	0014      	movs	r4, r2
100006b8:	4a26      	ldr	r2, [pc, #152]	; (10000754 <gpio_set_irq_enabled_with_callback+0xb0>)
100006ba:	b5c0      	push	{r6, r7, lr}
100006bc:	009f      	lsls	r7, r3, #2
100006be:	4690      	mov	r8, r2
100006c0:	59d2      	ldr	r2, [r2, r7]
100006c2:	0006      	movs	r6, r0
100006c4:	000d      	movs	r5, r1
100006c6:	2a00      	cmp	r2, #0
100006c8:	d032      	beq.n	10000730 <gpio_set_irq_enabled_with_callback+0x8c>
100006ca:	464b      	mov	r3, r9
100006cc:	2b00      	cmp	r3, #0
100006ce:	d03c      	beq.n	1000074a <gpio_set_irq_enabled_with_callback+0xa6>
100006d0:	4643      	mov	r3, r8
100006d2:	464a      	mov	r2, r9
100006d4:	51da      	str	r2, [r3, r7]
100006d6:	23d0      	movs	r3, #208	; 0xd0
100006d8:	061b      	lsls	r3, r3, #24
100006da:	681b      	ldr	r3, [r3, #0]
100006dc:	1e5a      	subs	r2, r3, #1
100006de:	4193      	sbcs	r3, r2
100006e0:	425a      	negs	r2, r3
100006e2:	2330      	movs	r3, #48	; 0x30
100006e4:	2007      	movs	r0, #7
100006e6:	4013      	ands	r3, r2
100006e8:	4a1b      	ldr	r2, [pc, #108]	; (10000758 <gpio_set_irq_enabled_with_callback+0xb4>)
100006ea:	4030      	ands	r0, r6
100006ec:	4694      	mov	ip, r2
100006ee:	08f2      	lsrs	r2, r6, #3
100006f0:	0011      	movs	r1, r2
100006f2:	0080      	lsls	r0, r0, #2
100006f4:	4085      	lsls	r5, r0
100006f6:	313c      	adds	r1, #60	; 0x3c
100006f8:	4818      	ldr	r0, [pc, #96]	; (1000075c <gpio_set_irq_enabled_with_callback+0xb8>)
100006fa:	4463      	add	r3, ip
100006fc:	0089      	lsls	r1, r1, #2
100006fe:	0092      	lsls	r2, r2, #2
10000700:	500d      	str	r5, [r1, r0]
10000702:	189b      	adds	r3, r3, r2
10000704:	2c00      	cmp	r4, #0
10000706:	d00d      	beq.n	10000724 <gpio_set_irq_enabled_with_callback+0x80>
10000708:	2280      	movs	r2, #128	; 0x80
1000070a:	0192      	lsls	r2, r2, #6
1000070c:	4694      	mov	ip, r2
1000070e:	4463      	add	r3, ip
10000710:	601d      	str	r5, [r3, #0]
10000712:	2101      	movs	r1, #1
10000714:	200d      	movs	r0, #13
10000716:	f000 f90f 	bl	10000938 <irq_set_enabled>
1000071a:	bc1c      	pop	{r2, r3, r4}
1000071c:	4690      	mov	r8, r2
1000071e:	4699      	mov	r9, r3
10000720:	46a2      	mov	sl, r4
10000722:	bdf0      	pop	{r4, r5, r6, r7, pc}
10000724:	22c0      	movs	r2, #192	; 0xc0
10000726:	0192      	lsls	r2, r2, #6
10000728:	4694      	mov	ip, r2
1000072a:	4463      	add	r3, ip
1000072c:	601d      	str	r5, [r3, #0]
1000072e:	e7f4      	b.n	1000071a <gpio_set_irq_enabled_with_callback+0x76>
10000730:	464a      	mov	r2, r9
10000732:	2a00      	cmp	r2, #0
10000734:	d0d2      	beq.n	100006dc <gpio_set_irq_enabled_with_callback+0x38>
10000736:	4643      	mov	r3, r8
10000738:	4909      	ldr	r1, [pc, #36]	; (10000760 <gpio_set_irq_enabled_with_callback+0xbc>)
1000073a:	51da      	str	r2, [r3, r7]
1000073c:	200d      	movs	r0, #13
1000073e:	2200      	movs	r2, #0
10000740:	f000 f95c 	bl	100009fc <irq_add_shared_handler>
10000744:	4653      	mov	r3, sl
10000746:	681b      	ldr	r3, [r3, #0]
10000748:	e7c8      	b.n	100006dc <gpio_set_irq_enabled_with_callback+0x38>
1000074a:	4905      	ldr	r1, [pc, #20]	; (10000760 <gpio_set_irq_enabled_with_callback+0xbc>)
1000074c:	200d      	movs	r0, #13
1000074e:	f000 fa39 	bl	10000bc4 <irq_remove_handler>
10000752:	e7bd      	b.n	100006d0 <gpio_set_irq_enabled_with_callback+0x2c>
10000754:	200018cc 	.word	0x200018cc
10000758:	40014100 	.word	0x40014100
1000075c:	40014000 	.word	0x40014000
10000760:	100003f9 	.word	0x100003f9

10000764 <gpio_init>:
10000764:	2301      	movs	r3, #1
10000766:	22d0      	movs	r2, #208	; 0xd0
10000768:	4083      	lsls	r3, r0
1000076a:	2140      	movs	r1, #64	; 0x40
1000076c:	0612      	lsls	r2, r2, #24
1000076e:	6293      	str	r3, [r2, #40]	; 0x28
10000770:	6193      	str	r3, [r2, #24]
10000772:	4a09      	ldr	r2, [pc, #36]	; (10000798 <gpio_init+0x34>)
10000774:	0083      	lsls	r3, r0, #2
10000776:	189a      	adds	r2, r3, r2
10000778:	6812      	ldr	r2, [r2, #0]
1000077a:	00c0      	lsls	r0, r0, #3
1000077c:	4051      	eors	r1, r2
1000077e:	22c0      	movs	r2, #192	; 0xc0
10000780:	400a      	ands	r2, r1
10000782:	4906      	ldr	r1, [pc, #24]	; (1000079c <gpio_init+0x38>)
10000784:	468c      	mov	ip, r1
10000786:	4463      	add	r3, ip
10000788:	601a      	str	r2, [r3, #0]
1000078a:	4b05      	ldr	r3, [pc, #20]	; (100007a0 <gpio_init+0x3c>)
1000078c:	469c      	mov	ip, r3
1000078e:	2305      	movs	r3, #5
10000790:	4460      	add	r0, ip
10000792:	6043      	str	r3, [r0, #4]
10000794:	4770      	bx	lr
10000796:	46c0      	nop			; (mov r8, r8)
10000798:	4001c004 	.word	0x4001c004
1000079c:	4001d004 	.word	0x4001d004
100007a0:	40014000 	.word	0x40014000

100007a4 <rp2040_chip_version>:
100007a4:	2380      	movs	r3, #128	; 0x80
100007a6:	05db      	lsls	r3, r3, #23
100007a8:	6818      	ldr	r0, [r3, #0]
100007aa:	0f00      	lsrs	r0, r0, #28
100007ac:	4770      	bx	lr
100007ae:	46c0      	nop			; (mov r8, r8)

100007b0 <panic>:
100007b0:	b40f      	push	{r0, r1, r2, r3}
100007b2:	b500      	push	{lr}
100007b4:	4808      	ldr	r0, [pc, #32]	; (100007d8 <panic+0x28>)
100007b6:	b083      	sub	sp, #12
100007b8:	f001 fdd6 	bl	10002368 <__wrap_puts>
100007bc:	9b04      	ldr	r3, [sp, #16]
100007be:	2b00      	cmp	r3, #0
100007c0:	d007      	beq.n	100007d2 <panic+0x22>
100007c2:	a905      	add	r1, sp, #20
100007c4:	0018      	movs	r0, r3
100007c6:	9101      	str	r1, [sp, #4]
100007c8:	f001 fc54 	bl	10002074 <weak_raw_vprintf>
100007cc:	4803      	ldr	r0, [pc, #12]	; (100007dc <panic+0x2c>)
100007ce:	f001 fdcb 	bl	10002368 <__wrap_puts>
100007d2:	2001      	movs	r0, #1
100007d4:	f001 fc66 	bl	100020a4 <_exit>
100007d8:	10004da4 	.word	0x10004da4
100007dc:	10004db4 	.word	0x10004db4

100007e0 <hw_claim_or_assert>:
100007e0:	b5f8      	push	{r3, r4, r5, r6, r7, lr}
100007e2:	f3ef 8710 	mrs	r7, PRIMASK
100007e6:	b672      	cpsid	i
100007e8:	4e0d      	ldr	r6, [pc, #52]	; (10000820 <hw_claim_or_assert+0x40>)
100007ea:	6833      	ldr	r3, [r6, #0]
100007ec:	2b00      	cmp	r3, #0
100007ee:	d0fc      	beq.n	100007ea <hw_claim_or_assert+0xa>
100007f0:	f3bf 8f5f 	dmb	sy
100007f4:	2507      	movs	r5, #7
100007f6:	08cb      	lsrs	r3, r1, #3
100007f8:	18c0      	adds	r0, r0, r3
100007fa:	2301      	movs	r3, #1
100007fc:	400d      	ands	r5, r1
100007fe:	40ab      	lsls	r3, r5
10000800:	001d      	movs	r5, r3
10000802:	7804      	ldrb	r4, [r0, #0]
10000804:	4025      	ands	r5, r4
10000806:	d107      	bne.n	10000818 <hw_claim_or_assert+0x38>
10000808:	4323      	orrs	r3, r4
1000080a:	7003      	strb	r3, [r0, #0]
1000080c:	f3bf 8f5f 	dmb	sy
10000810:	6035      	str	r5, [r6, #0]
10000812:	f387 8810 	msr	PRIMASK, r7
10000816:	bdf8      	pop	{r3, r4, r5, r6, r7, pc}
10000818:	0010      	movs	r0, r2
1000081a:	f7ff ffc9 	bl	100007b0 <panic>
1000081e:	46c0      	nop			; (mov r8, r8)
10000820:	d000012c 	.word	0xd000012c

10000824 <hw_claim_unused_from_range>:
10000824:	b5f8      	push	{r3, r4, r5, r6, r7, lr}
10000826:	46ce      	mov	lr, r9
10000828:	4647      	mov	r7, r8
1000082a:	468c      	mov	ip, r1
1000082c:	b580      	push	{r7, lr}
1000082e:	f3ef 8810 	mrs	r8, PRIMASK
10000832:	b672      	cpsid	i
10000834:	4d21      	ldr	r5, [pc, #132]	; (100008bc <hw_claim_unused_from_range+0x98>)
10000836:	682c      	ldr	r4, [r5, #0]
10000838:	2c00      	cmp	r4, #0
1000083a:	d0fc      	beq.n	10000836 <hw_claim_unused_from_range+0x12>
1000083c:	f3bf 8f5f 	dmb	sy
10000840:	429a      	cmp	r2, r3
10000842:	d82c      	bhi.n	1000089e <hw_claim_unused_from_range+0x7a>
10000844:	2107      	movs	r1, #7
10000846:	2501      	movs	r5, #1
10000848:	4011      	ands	r1, r2
1000084a:	408d      	lsls	r5, r1
1000084c:	08d4      	lsrs	r4, r2, #3
1000084e:	1904      	adds	r4, r0, r4
10000850:	7826      	ldrb	r6, [r4, #0]
10000852:	4235      	tst	r5, r6
10000854:	d01f      	beq.n	10000896 <hw_claim_unused_from_range+0x72>
10000856:	2107      	movs	r1, #7
10000858:	4689      	mov	r9, r1
1000085a:	3906      	subs	r1, #6
1000085c:	e009      	b.n	10000872 <hw_claim_unused_from_range+0x4e>
1000085e:	464d      	mov	r5, r9
10000860:	000f      	movs	r7, r1
10000862:	4015      	ands	r5, r2
10000864:	40af      	lsls	r7, r5
10000866:	08d4      	lsrs	r4, r2, #3
10000868:	1904      	adds	r4, r0, r4
1000086a:	7826      	ldrb	r6, [r4, #0]
1000086c:	003d      	movs	r5, r7
1000086e:	4237      	tst	r7, r6
10000870:	d011      	beq.n	10000896 <hw_claim_unused_from_range+0x72>
10000872:	3201      	adds	r2, #1
10000874:	4293      	cmp	r3, r2
10000876:	d2f2      	bcs.n	1000085e <hw_claim_unused_from_range+0x3a>
10000878:	2001      	movs	r0, #1
1000087a:	4240      	negs	r0, r0
1000087c:	f3bf 8f5f 	dmb	sy
10000880:	2200      	movs	r2, #0
10000882:	4b0e      	ldr	r3, [pc, #56]	; (100008bc <hw_claim_unused_from_range+0x98>)
10000884:	601a      	str	r2, [r3, #0]
10000886:	f388 8810 	msr	PRIMASK, r8
1000088a:	2800      	cmp	r0, #0
1000088c:	db0f      	blt.n	100008ae <hw_claim_unused_from_range+0x8a>
1000088e:	bc0c      	pop	{r2, r3}
10000890:	4690      	mov	r8, r2
10000892:	4699      	mov	r9, r3
10000894:	bdf8      	pop	{r3, r4, r5, r6, r7, pc}
10000896:	4335      	orrs	r5, r6
10000898:	7025      	strb	r5, [r4, #0]
1000089a:	0010      	movs	r0, r2
1000089c:	e7ee      	b.n	1000087c <hw_claim_unused_from_range+0x58>
1000089e:	f3bf 8f5f 	dmb	sy
100008a2:	2300      	movs	r3, #0
100008a4:	602b      	str	r3, [r5, #0]
100008a6:	f388 8810 	msr	PRIMASK, r8
100008aa:	2001      	movs	r0, #1
100008ac:	4240      	negs	r0, r0
100008ae:	4663      	mov	r3, ip
100008b0:	2b00      	cmp	r3, #0
100008b2:	d0ec      	beq.n	1000088e <hw_claim_unused_from_range+0x6a>
100008b4:	9808      	ldr	r0, [sp, #32]
100008b6:	f7ff ff7b 	bl	100007b0 <panic>
100008ba:	46c0      	nop			; (mov r8, r8)
100008bc:	d000012c 	.word	0xd000012c

100008c0 <next_striped_spin_lock_num>:
100008c0:	4a04      	ldr	r2, [pc, #16]	; (100008d4 <next_striped_spin_lock_num+0x14>)
100008c2:	7810      	ldrb	r0, [r2, #0]
100008c4:	1c43      	adds	r3, r0, #1
100008c6:	b2db      	uxtb	r3, r3
100008c8:	2b17      	cmp	r3, #23
100008ca:	d900      	bls.n	100008ce <next_striped_spin_lock_num+0xe>
100008cc:	2310      	movs	r3, #16
100008ce:	7013      	strb	r3, [r2, #0]
100008d0:	4770      	bx	lr
100008d2:	46c0      	nop			; (mov r8, r8)
100008d4:	20001080 	.word	0x20001080

100008d8 <spin_lock_claim_unused>:
100008d8:	b500      	push	{lr}
100008da:	4b05      	ldr	r3, [pc, #20]	; (100008f0 <spin_lock_claim_unused+0x18>)
100008dc:	b083      	sub	sp, #12
100008de:	0001      	movs	r1, r0
100008e0:	9300      	str	r3, [sp, #0]
100008e2:	2218      	movs	r2, #24
100008e4:	231f      	movs	r3, #31
100008e6:	4803      	ldr	r0, [pc, #12]	; (100008f4 <spin_lock_claim_unused+0x1c>)
100008e8:	f7ff ff9c 	bl	10000824 <hw_claim_unused_from_range>
100008ec:	b003      	add	sp, #12
100008ee:	bd00      	pop	{pc}
100008f0:	10004db8 	.word	0x10004db8
100008f4:	200018dc 	.word	0x200018dc

100008f8 <spin_locks_reset>:
100008f8:	2100      	movs	r1, #0
100008fa:	4b04      	ldr	r3, [pc, #16]	; (1000090c <spin_locks_reset+0x14>)
100008fc:	4a04      	ldr	r2, [pc, #16]	; (10000910 <spin_locks_reset+0x18>)
100008fe:	f3bf 8f5f 	dmb	sy
10000902:	c302      	stmia	r3!, {r1}
10000904:	4293      	cmp	r3, r2
10000906:	d1fa      	bne.n	100008fe <spin_locks_reset+0x6>
10000908:	4770      	bx	lr
1000090a:	46c0      	nop			; (mov r8, r8)
1000090c:	d0000100 	.word	0xd0000100
10000910:	d0000180 	.word	0xd0000180

10000914 <runtime_init_per_core_irq_priorities>:
10000914:	4b05      	ldr	r3, [pc, #20]	; (1000092c <runtime_init_per_core_irq_priorities+0x18>)
10000916:	4a06      	ldr	r2, [pc, #24]	; (10000930 <runtime_init_per_core_irq_priorities+0x1c>)
10000918:	6013      	str	r3, [r2, #0]
1000091a:	4a06      	ldr	r2, [pc, #24]	; (10000934 <runtime_init_per_core_irq_priorities+0x20>)
1000091c:	6013      	str	r3, [r2, #0]
1000091e:	6053      	str	r3, [r2, #4]
10000920:	6093      	str	r3, [r2, #8]
10000922:	60d3      	str	r3, [r2, #12]
10000924:	6113      	str	r3, [r2, #16]
10000926:	6153      	str	r3, [r2, #20]
10000928:	6193      	str	r3, [r2, #24]
1000092a:	4770      	bx	lr
1000092c:	80808080 	.word	0x80808080
10000930:	e000e400 	.word	0xe000e400
10000934:	e000e404 	.word	0xe000e404

10000938 <irq_set_enabled>:
10000938:	231f      	movs	r3, #31
1000093a:	4018      	ands	r0, r3
1000093c:	3b1e      	subs	r3, #30
1000093e:	4083      	lsls	r3, r0
10000940:	2900      	cmp	r1, #0
10000942:	d005      	beq.n	10000950 <irq_set_enabled+0x18>
10000944:	21c0      	movs	r1, #192	; 0xc0
10000946:	4a04      	ldr	r2, [pc, #16]	; (10000958 <irq_set_enabled+0x20>)
10000948:	0049      	lsls	r1, r1, #1
1000094a:	5053      	str	r3, [r2, r1]
1000094c:	6013      	str	r3, [r2, #0]
1000094e:	4770      	bx	lr
10000950:	2280      	movs	r2, #128	; 0x80
10000952:	4901      	ldr	r1, [pc, #4]	; (10000958 <irq_set_enabled+0x20>)
10000954:	508b      	str	r3, [r1, r2]
10000956:	e7fa      	b.n	1000094e <irq_set_enabled+0x16>
10000958:	e000e100 	.word	0xe000e100

1000095c <irq_is_enabled>:
1000095c:	2201      	movs	r2, #1
1000095e:	4082      	lsls	r2, r0
10000960:	4b03      	ldr	r3, [pc, #12]	; (10000970 <irq_is_enabled+0x14>)
10000962:	681b      	ldr	r3, [r3, #0]
10000964:	4013      	ands	r3, r2
10000966:	1e58      	subs	r0, r3, #1
10000968:	4183      	sbcs	r3, r0
1000096a:	b2d8      	uxtb	r0, r3
1000096c:	4770      	bx	lr
1000096e:	46c0      	nop			; (mov r8, r8)
10000970:	e000e100 	.word	0xe000e100

10000974 <irq_set_pending>:
10000974:	2301      	movs	r3, #1
10000976:	4083      	lsls	r3, r0
10000978:	4a01      	ldr	r2, [pc, #4]	; (10000980 <irq_set_pending+0xc>)
1000097a:	6013      	str	r3, [r2, #0]
1000097c:	4770      	bx	lr
1000097e:	46c0      	nop			; (mov r8, r8)
10000980:	e000e200 	.word	0xe000e200

10000984 <irq_has_shared_handler>:
10000984:	4b06      	ldr	r3, [pc, #24]	; (100009a0 <irq_has_shared_handler+0x1c>)
10000986:	3010      	adds	r0, #16
10000988:	689b      	ldr	r3, [r3, #8]
1000098a:	0080      	lsls	r0, r0, #2
1000098c:	58c3      	ldr	r3, [r0, r3]
1000098e:	4a05      	ldr	r2, [pc, #20]	; (100009a4 <irq_has_shared_handler+0x20>)
10000990:	2000      	movs	r0, #0
10000992:	1a9b      	subs	r3, r3, r2
10000994:	222f      	movs	r2, #47	; 0x2f
10000996:	429a      	cmp	r2, r3
10000998:	4140      	adcs	r0, r0
1000099a:	b2c0      	uxtb	r0, r0
1000099c:	4770      	bx	lr
1000099e:	46c0      	nop			; (mov r8, r8)
100009a0:	e000ed00 	.word	0xe000ed00
100009a4:	20001084 	.word	0x20001084

100009a8 <irq_set_exclusive_handler>:
100009a8:	b570      	push	{r4, r5, r6, lr}
100009aa:	000d      	movs	r5, r1
100009ac:	f3ef 8610 	mrs	r6, PRIMASK
100009b0:	b672      	cpsid	i
100009b2:	4a0f      	ldr	r2, [pc, #60]	; (100009f0 <irq_set_exclusive_handler+0x48>)
100009b4:	6813      	ldr	r3, [r2, #0]
100009b6:	2b00      	cmp	r3, #0
100009b8:	d0fc      	beq.n	100009b4 <irq_set_exclusive_handler+0xc>
100009ba:	f3bf 8f5f 	dmb	sy
100009be:	4b0d      	ldr	r3, [pc, #52]	; (100009f4 <irq_set_exclusive_handler+0x4c>)
100009c0:	3010      	adds	r0, #16
100009c2:	689b      	ldr	r3, [r3, #8]
100009c4:	0084      	lsls	r4, r0, #2
100009c6:	591b      	ldr	r3, [r3, r4]
100009c8:	4a0b      	ldr	r2, [pc, #44]	; (100009f8 <irq_set_exclusive_handler+0x50>)
100009ca:	4293      	cmp	r3, r2
100009cc:	d003      	beq.n	100009d6 <irq_set_exclusive_handler+0x2e>
100009ce:	429d      	cmp	r5, r3
100009d0:	d001      	beq.n	100009d6 <irq_set_exclusive_handler+0x2e>
100009d2:	f001 f903 	bl	10001bdc <hard_assertion_failure>
100009d6:	4b07      	ldr	r3, [pc, #28]	; (100009f4 <irq_set_exclusive_handler+0x4c>)
100009d8:	689b      	ldr	r3, [r3, #8]
100009da:	511d      	str	r5, [r3, r4]
100009dc:	f3bf 8f5f 	dmb	sy
100009e0:	f3bf 8f5f 	dmb	sy
100009e4:	2200      	movs	r2, #0
100009e6:	4b02      	ldr	r3, [pc, #8]	; (100009f0 <irq_set_exclusive_handler+0x48>)
100009e8:	601a      	str	r2, [r3, #0]
100009ea:	f386 8810 	msr	PRIMASK, r6
100009ee:	bd70      	pop	{r4, r5, r6, pc}
100009f0:	d0000124 	.word	0xd0000124
100009f4:	e000ed00 	.word	0xe000ed00
100009f8:	100001c1 	.word	0x100001c1

100009fc <irq_add_shared_handler>:
100009fc:	b5f8      	push	{r3, r4, r5, r6, r7, lr}
100009fe:	4657      	mov	r7, sl
10000a00:	4645      	mov	r5, r8
10000a02:	46de      	mov	lr, fp
10000a04:	464e      	mov	r6, r9
10000a06:	468a      	mov	sl, r1
10000a08:	b5e0      	push	{r5, r6, r7, lr}
10000a0a:	4690      	mov	r8, r2
10000a0c:	0007      	movs	r7, r0
10000a0e:	f3ef 8910 	mrs	r9, PRIMASK
10000a12:	b672      	cpsid	i
10000a14:	4a5f      	ldr	r2, [pc, #380]	; (10000b94 <irq_add_shared_handler+0x198>)
10000a16:	6813      	ldr	r3, [r2, #0]
10000a18:	2b00      	cmp	r3, #0
10000a1a:	d0fc      	beq.n	10000a16 <irq_add_shared_handler+0x1a>
10000a1c:	f3bf 8f5f 	dmb	sy
10000a20:	2000      	movs	r0, #0
10000a22:	4b5d      	ldr	r3, [pc, #372]	; (10000b98 <irq_add_shared_handler+0x19c>)
10000a24:	5618      	ldrsb	r0, [r3, r0]
10000a26:	469b      	mov	fp, r3
10000a28:	2800      	cmp	r0, #0
10000a2a:	da00      	bge.n	10000a2e <irq_add_shared_handler+0x32>
10000a2c:	e0a2      	b.n	10000b74 <irq_add_shared_handler+0x178>
10000a2e:	465a      	mov	r2, fp
10000a30:	0044      	lsls	r4, r0, #1
10000a32:	4d5a      	ldr	r5, [pc, #360]	; (10000b9c <irq_add_shared_handler+0x1a0>)
10000a34:	1824      	adds	r4, r4, r0
10000a36:	00a4      	lsls	r4, r4, #2
10000a38:	192e      	adds	r6, r5, r4
10000a3a:	79b3      	ldrb	r3, [r6, #6]
10000a3c:	3710      	adds	r7, #16
10000a3e:	7013      	strb	r3, [r2, #0]
10000a40:	4b57      	ldr	r3, [pc, #348]	; (10000ba0 <irq_add_shared_handler+0x1a4>)
10000a42:	00ba      	lsls	r2, r7, #2
10000a44:	689b      	ldr	r3, [r3, #8]
10000a46:	4693      	mov	fp, r2
10000a48:	5899      	ldr	r1, [r3, r2]
10000a4a:	1b4b      	subs	r3, r1, r5
10000a4c:	2b2f      	cmp	r3, #47	; 0x2f
10000a4e:	d841      	bhi.n	10000ad4 <irq_add_shared_handler+0xd8>
10000a50:	2301      	movs	r3, #1
10000a52:	000a      	movs	r2, r1
10000a54:	439a      	bics	r2, r3
10000a56:	79d3      	ldrb	r3, [r2, #7]
10000a58:	4694      	mov	ip, r2
10000a5a:	4543      	cmp	r3, r8
10000a5c:	d914      	bls.n	10000a88 <irq_add_shared_handler+0x8c>
10000a5e:	2706      	movs	r7, #6
10000a60:	57d7      	ldrsb	r7, [r2, r7]
10000a62:	0013      	movs	r3, r2
10000a64:	2f00      	cmp	r7, #0
10000a66:	da06      	bge.n	10000a76 <irq_add_shared_handler+0x7a>
10000a68:	e08d      	b.n	10000b86 <irq_add_shared_handler+0x18a>
10000a6a:	2706      	movs	r7, #6
10000a6c:	57df      	ldrsb	r7, [r3, r7]
10000a6e:	001a      	movs	r2, r3
10000a70:	2f00      	cmp	r7, #0
10000a72:	da00      	bge.n	10000a76 <irq_add_shared_handler+0x7a>
10000a74:	e087      	b.n	10000b86 <irq_add_shared_handler+0x18a>
10000a76:	007b      	lsls	r3, r7, #1
10000a78:	19db      	adds	r3, r3, r7
10000a7a:	009b      	lsls	r3, r3, #2
10000a7c:	18eb      	adds	r3, r5, r3
10000a7e:	79df      	ldrb	r7, [r3, #7]
10000a80:	4547      	cmp	r7, r8
10000a82:	d8f2      	bhi.n	10000a6a <irq_add_shared_handler+0x6e>
10000a84:	2a00      	cmp	r2, #0
10000a86:	d151      	bne.n	10000b2c <irq_add_shared_handler+0x130>
10000a88:	4a46      	ldr	r2, [pc, #280]	; (10000ba4 <irq_add_shared_handler+0x1a8>)
10000a8a:	4663      	mov	r3, ip
10000a8c:	1b5b      	subs	r3, r3, r5
10000a8e:	415b      	adcs	r3, r3
10000a90:	435a      	muls	r2, r3
10000a92:	0d12      	lsrs	r2, r2, #20
10000a94:	4b44      	ldr	r3, [pc, #272]	; (10000ba8 <irq_add_shared_handler+0x1ac>)
10000a96:	1ca1      	adds	r1, r4, #2
10000a98:	8033      	strh	r3, [r6, #0]
10000a9a:	4b44      	ldr	r3, [pc, #272]	; (10000bac <irq_add_shared_handler+0x1b0>)
10000a9c:	1869      	adds	r1, r5, r1
10000a9e:	3b04      	subs	r3, #4
10000aa0:	1a5b      	subs	r3, r3, r1
10000aa2:	051b      	lsls	r3, r3, #20
10000aa4:	4942      	ldr	r1, [pc, #264]	; (10000bb0 <irq_add_shared_handler+0x1b4>)
10000aa6:	0d5b      	lsrs	r3, r3, #21
10000aa8:	430b      	orrs	r3, r1
10000aaa:	8073      	strh	r3, [r6, #2]
10000aac:	4663      	mov	r3, ip
10000aae:	3404      	adds	r4, #4
10000ab0:	3b04      	subs	r3, #4
10000ab2:	192d      	adds	r5, r5, r4
10000ab4:	1b5d      	subs	r5, r3, r5
10000ab6:	4643      	mov	r3, r8
10000ab8:	052d      	lsls	r5, r5, #20
10000aba:	71f3      	strb	r3, [r6, #7]
10000abc:	0d6d      	lsrs	r5, r5, #21
10000abe:	4653      	mov	r3, sl
10000ac0:	4329      	orrs	r1, r5
10000ac2:	80b1      	strh	r1, [r6, #4]
10000ac4:	71b2      	strb	r2, [r6, #6]
10000ac6:	2101      	movs	r1, #1
10000ac8:	4662      	mov	r2, ip
10000aca:	60b3      	str	r3, [r6, #8]
10000acc:	4b39      	ldr	r3, [pc, #228]	; (10000bb4 <irq_add_shared_handler+0x1b8>)
10000ace:	4331      	orrs	r1, r6
10000ad0:	6013      	str	r3, [r2, #0]
10000ad2:	e018      	b.n	10000b06 <irq_add_shared_handler+0x10a>
10000ad4:	4b38      	ldr	r3, [pc, #224]	; (10000bb8 <irq_add_shared_handler+0x1bc>)
10000ad6:	4299      	cmp	r1, r3
10000ad8:	d152      	bne.n	10000b80 <irq_add_shared_handler+0x184>
10000ada:	4b33      	ldr	r3, [pc, #204]	; (10000ba8 <irq_add_shared_handler+0x1ac>)
10000adc:	3402      	adds	r4, #2
10000ade:	8033      	strh	r3, [r6, #0]
10000ae0:	4b32      	ldr	r3, [pc, #200]	; (10000bac <irq_add_shared_handler+0x1b0>)
10000ae2:	192d      	adds	r5, r5, r4
10000ae4:	3b04      	subs	r3, #4
10000ae6:	1b5d      	subs	r5, r3, r5
10000ae8:	052d      	lsls	r5, r5, #20
10000aea:	4b31      	ldr	r3, [pc, #196]	; (10000bb0 <irq_add_shared_handler+0x1b4>)
10000aec:	0d6d      	lsrs	r5, r5, #21
10000aee:	431d      	orrs	r5, r3
10000af0:	4b32      	ldr	r3, [pc, #200]	; (10000bbc <irq_add_shared_handler+0x1c0>)
10000af2:	2101      	movs	r1, #1
10000af4:	80b3      	strh	r3, [r6, #4]
10000af6:	23ff      	movs	r3, #255	; 0xff
10000af8:	71b3      	strb	r3, [r6, #6]
10000afa:	4643      	mov	r3, r8
10000afc:	71f3      	strb	r3, [r6, #7]
10000afe:	4653      	mov	r3, sl
10000b00:	8075      	strh	r5, [r6, #2]
10000b02:	60b3      	str	r3, [r6, #8]
10000b04:	4331      	orrs	r1, r6
10000b06:	465a      	mov	r2, fp
10000b08:	4b25      	ldr	r3, [pc, #148]	; (10000ba0 <irq_add_shared_handler+0x1a4>)
10000b0a:	689b      	ldr	r3, [r3, #8]
10000b0c:	5099      	str	r1, [r3, r2]
10000b0e:	f3bf 8f5f 	dmb	sy
10000b12:	f3bf 8f5f 	dmb	sy
10000b16:	2200      	movs	r2, #0
10000b18:	4b1e      	ldr	r3, [pc, #120]	; (10000b94 <irq_add_shared_handler+0x198>)
10000b1a:	601a      	str	r2, [r3, #0]
10000b1c:	f389 8810 	msr	PRIMASK, r9
10000b20:	bc3c      	pop	{r2, r3, r4, r5}
10000b22:	4690      	mov	r8, r2
10000b24:	4699      	mov	r9, r3
10000b26:	46a2      	mov	sl, r4
10000b28:	46ab      	mov	fp, r5
10000b2a:	bdf8      	pop	{r3, r4, r5, r6, r7, pc}
10000b2c:	2706      	movs	r7, #6
10000b2e:	57d7      	ldrsb	r7, [r2, r7]
10000b30:	1d13      	adds	r3, r2, #4
10000b32:	469c      	mov	ip, r3
10000b34:	2f00      	cmp	r7, #0
10000b36:	db2b      	blt.n	10000b90 <irq_add_shared_handler+0x194>
10000b38:	3404      	adds	r4, #4
10000b3a:	192d      	adds	r5, r5, r4
10000b3c:	24e0      	movs	r4, #224	; 0xe0
10000b3e:	8893      	ldrh	r3, [r2, #4]
10000b40:	0224      	lsls	r4, r4, #8
10000b42:	055b      	lsls	r3, r3, #21
10000b44:	151b      	asrs	r3, r3, #20
10000b46:	4463      	add	r3, ip
10000b48:	1b5b      	subs	r3, r3, r5
10000b4a:	051b      	lsls	r3, r3, #20
10000b4c:	0d5b      	lsrs	r3, r3, #21
10000b4e:	4323      	orrs	r3, r4
10000b50:	4665      	mov	r5, ip
10000b52:	1f34      	subs	r4, r6, #4
10000b54:	1b64      	subs	r4, r4, r5
10000b56:	0524      	lsls	r4, r4, #20
10000b58:	4d15      	ldr	r5, [pc, #84]	; (10000bb0 <irq_add_shared_handler+0x1b4>)
10000b5a:	0d64      	lsrs	r4, r4, #21
10000b5c:	432c      	orrs	r4, r5
10000b5e:	8094      	strh	r4, [r2, #4]
10000b60:	7190      	strb	r0, [r2, #6]
10000b62:	80b3      	strh	r3, [r6, #4]
10000b64:	4643      	mov	r3, r8
10000b66:	71f3      	strb	r3, [r6, #7]
10000b68:	4653      	mov	r3, sl
10000b6a:	4a12      	ldr	r2, [pc, #72]	; (10000bb4 <irq_add_shared_handler+0x1b8>)
10000b6c:	71b7      	strb	r7, [r6, #6]
10000b6e:	6032      	str	r2, [r6, #0]
10000b70:	60b3      	str	r3, [r6, #8]
10000b72:	e7c8      	b.n	10000b06 <irq_add_shared_handler+0x10a>
10000b74:	f001 f832 	bl	10001bdc <hard_assertion_failure>
10000b78:	465b      	mov	r3, fp
10000b7a:	2000      	movs	r0, #0
10000b7c:	5618      	ldrsb	r0, [r3, r0]
10000b7e:	e756      	b.n	10000a2e <irq_add_shared_handler+0x32>
10000b80:	f001 f82c 	bl	10001bdc <hard_assertion_failure>
10000b84:	e7a9      	b.n	10000ada <irq_add_shared_handler+0xde>
10000b86:	1d1a      	adds	r2, r3, #4
10000b88:	4694      	mov	ip, r2
10000b8a:	001a      	movs	r2, r3
10000b8c:	4b0c      	ldr	r3, [pc, #48]	; (10000bc0 <irq_add_shared_handler+0x1c4>)
10000b8e:	e7df      	b.n	10000b50 <irq_add_shared_handler+0x154>
10000b90:	4b0b      	ldr	r3, [pc, #44]	; (10000bc0 <irq_add_shared_handler+0x1c4>)
10000b92:	e7dd      	b.n	10000b50 <irq_add_shared_handler+0x154>
10000b94:	d0000124 	.word	0xd0000124
10000b98:	20001d9d 	.word	0x20001d9d
10000b9c:	20001084 	.word	0x20001084
10000ba0:	e000ed00 	.word	0xe000ed00
10000ba4:	0000aaaa 	.word	0x0000aaaa
10000ba8:	ffffa100 	.word	0xffffa100
10000bac:	200010b4 	.word	0x200010b4
10000bb0:	ffffe000 	.word	0xffffe000
10000bb4:	47804801 	.word	0x47804801
10000bb8:	100001c1 	.word	0x100001c1
10000bbc:	ffffbd01 	.word	0xffffbd01
10000bc0:	0000bd01 	.word	0x0000bd01

10000bc4 <irq_remove_handler>:
10000bc4:	b5f0      	push	{r4, r5, r6, r7, lr}
10000bc6:	4645      	mov	r5, r8
10000bc8:	46de      	mov	lr, fp
10000bca:	4657      	mov	r7, sl
10000bcc:	464e      	mov	r6, r9
10000bce:	b5e0      	push	{r5, r6, r7, lr}
10000bd0:	000d      	movs	r5, r1
10000bd2:	b083      	sub	sp, #12
10000bd4:	f3ef 8910 	mrs	r9, PRIMASK
10000bd8:	b672      	cpsid	i
10000bda:	4a5c      	ldr	r2, [pc, #368]	; (10000d4c <irq_remove_handler+0x188>)
10000bdc:	6813      	ldr	r3, [r2, #0]
10000bde:	2b00      	cmp	r3, #0
10000be0:	d0fc      	beq.n	10000bdc <irq_remove_handler+0x18>
10000be2:	f3bf 8f5f 	dmb	sy
10000be6:	4b5a      	ldr	r3, [pc, #360]	; (10000d50 <irq_remove_handler+0x18c>)
10000be8:	689a      	ldr	r2, [r3, #8]
10000bea:	0003      	movs	r3, r0
10000bec:	3310      	adds	r3, #16
10000bee:	009f      	lsls	r7, r3, #2
10000bf0:	59d4      	ldr	r4, [r2, r7]
10000bf2:	4a58      	ldr	r2, [pc, #352]	; (10000d54 <irq_remove_handler+0x190>)
10000bf4:	4690      	mov	r8, r2
10000bf6:	4294      	cmp	r4, r2
10000bf8:	d03d      	beq.n	10000c76 <irq_remove_handler+0xb2>
10000bfa:	42ac      	cmp	r4, r5
10000bfc:	d04e      	beq.n	10000c9c <irq_remove_handler+0xd8>
10000bfe:	4e56      	ldr	r6, [pc, #344]	; (10000d58 <irq_remove_handler+0x194>)
10000c00:	1ba2      	subs	r2, r4, r6
10000c02:	2a2f      	cmp	r2, #47	; 0x2f
10000c04:	d837      	bhi.n	10000c76 <irq_remove_handler+0xb2>
10000c06:	4a55      	ldr	r2, [pc, #340]	; (10000d5c <irq_remove_handler+0x198>)
10000c08:	4693      	mov	fp, r2
10000c0a:	6812      	ldr	r2, [r2, #0]
10000c0c:	4694      	mov	ip, r2
10000c0e:	2201      	movs	r2, #1
10000c10:	4661      	mov	r1, ip
10000c12:	4692      	mov	sl, r2
10000c14:	4082      	lsls	r2, r0
10000c16:	4011      	ands	r1, r2
10000c18:	221f      	movs	r2, #31
10000c1a:	4010      	ands	r0, r2
10000c1c:	4652      	mov	r2, sl
10000c1e:	4082      	lsls	r2, r0
10000c20:	4692      	mov	sl, r2
10000c22:	9101      	str	r1, [sp, #4]
10000c24:	2280      	movs	r2, #128	; 0x80
10000c26:	4651      	mov	r1, sl
10000c28:	4658      	mov	r0, fp
10000c2a:	5081      	str	r1, [r0, r2]
10000c2c:	f3bf 8f5f 	dmb	sy
10000c30:	f3ef 8205 	mrs	r2, IPSR
10000c34:	4693      	mov	fp, r2
10000c36:	2a00      	cmp	r2, #0
10000c38:	d137      	bne.n	10000caa <irq_remove_handler+0xe6>
10000c3a:	2301      	movs	r3, #1
10000c3c:	0022      	movs	r2, r4
10000c3e:	2106      	movs	r1, #6
10000c40:	439a      	bics	r2, r3
10000c42:	6893      	ldr	r3, [r2, #8]
10000c44:	5651      	ldrsb	r1, [r2, r1]
10000c46:	42ab      	cmp	r3, r5
10000c48:	d10a      	bne.n	10000c60 <irq_remove_handler+0x9c>
10000c4a:	e077      	b.n	10000d3c <irq_remove_handler+0x178>
10000c4c:	004b      	lsls	r3, r1, #1
10000c4e:	185b      	adds	r3, r3, r1
10000c50:	2106      	movs	r1, #6
10000c52:	009b      	lsls	r3, r3, #2
10000c54:	18f3      	adds	r3, r6, r3
10000c56:	6898      	ldr	r0, [r3, #8]
10000c58:	5659      	ldrsb	r1, [r3, r1]
10000c5a:	4285      	cmp	r5, r0
10000c5c:	d02a      	beq.n	10000cb4 <irq_remove_handler+0xf0>
10000c5e:	001a      	movs	r2, r3
10000c60:	2900      	cmp	r1, #0
10000c62:	daf3      	bge.n	10000c4c <irq_remove_handler+0x88>
10000c64:	9b01      	ldr	r3, [sp, #4]
10000c66:	2b00      	cmp	r3, #0
10000c68:	d01a      	beq.n	10000ca0 <irq_remove_handler+0xdc>
10000c6a:	22c0      	movs	r2, #192	; 0xc0
10000c6c:	4651      	mov	r1, sl
10000c6e:	4b3b      	ldr	r3, [pc, #236]	; (10000d5c <irq_remove_handler+0x198>)
10000c70:	0052      	lsls	r2, r2, #1
10000c72:	5099      	str	r1, [r3, r2]
10000c74:	6019      	str	r1, [r3, #0]
10000c76:	4b36      	ldr	r3, [pc, #216]	; (10000d50 <irq_remove_handler+0x18c>)
10000c78:	689b      	ldr	r3, [r3, #8]
10000c7a:	51dc      	str	r4, [r3, r7]
10000c7c:	f3bf 8f5f 	dmb	sy
10000c80:	f3bf 8f5f 	dmb	sy
10000c84:	2200      	movs	r2, #0
10000c86:	4b31      	ldr	r3, [pc, #196]	; (10000d4c <irq_remove_handler+0x188>)
10000c88:	601a      	str	r2, [r3, #0]
10000c8a:	f389 8810 	msr	PRIMASK, r9
10000c8e:	b003      	add	sp, #12
10000c90:	bc3c      	pop	{r2, r3, r4, r5}
10000c92:	4690      	mov	r8, r2
10000c94:	4699      	mov	r9, r3
10000c96:	46a2      	mov	sl, r4
10000c98:	46ab      	mov	fp, r5
10000c9a:	bdf0      	pop	{r4, r5, r6, r7, pc}
10000c9c:	0014      	movs	r4, r2
10000c9e:	e7ea      	b.n	10000c76 <irq_remove_handler+0xb2>
10000ca0:	2380      	movs	r3, #128	; 0x80
10000ca2:	4651      	mov	r1, sl
10000ca4:	4a2d      	ldr	r2, [pc, #180]	; (10000d5c <irq_remove_handler+0x198>)
10000ca6:	50d1      	str	r1, [r2, r3]
10000ca8:	e7e5      	b.n	10000c76 <irq_remove_handler+0xb2>
10000caa:	4293      	cmp	r3, r2
10000cac:	d0c5      	beq.n	10000c3a <irq_remove_handler+0x76>
10000cae:	f000 ff95 	bl	10001bdc <hard_assertion_failure>
10000cb2:	e7c2      	b.n	10000c3a <irq_remove_handler+0x76>
10000cb4:	2900      	cmp	r1, #0
10000cb6:	db21      	blt.n	10000cfc <irq_remove_handler+0x138>
10000cb8:	004a      	lsls	r2, r1, #1
10000cba:	1850      	adds	r0, r2, r1
10000cbc:	0080      	lsls	r0, r0, #2
10000cbe:	1835      	adds	r5, r6, r0
10000cc0:	4680      	mov	r8, r0
10000cc2:	68a8      	ldr	r0, [r5, #8]
10000cc4:	6098      	str	r0, [r3, #8]
10000cc6:	79e8      	ldrb	r0, [r5, #7]
10000cc8:	71d8      	strb	r0, [r3, #7]
10000cca:	2006      	movs	r0, #6
10000ccc:	5628      	ldrsb	r0, [r5, r0]
10000cce:	7198      	strb	r0, [r3, #6]
10000cd0:	2800      	cmp	r0, #0
10000cd2:	db24      	blt.n	10000d1e <irq_remove_handler+0x15a>
10000cd4:	88ad      	ldrh	r5, [r5, #4]
10000cd6:	1af0      	subs	r0, r6, r3
10000cd8:	056d      	lsls	r5, r5, #21
10000cda:	152d      	asrs	r5, r5, #20
10000cdc:	4445      	add	r5, r8
10000cde:	1940      	adds	r0, r0, r5
10000ce0:	25e0      	movs	r5, #224	; 0xe0
10000ce2:	0500      	lsls	r0, r0, #20
10000ce4:	0d40      	lsrs	r0, r0, #21
10000ce6:	022d      	lsls	r5, r5, #8
10000ce8:	4328      	orrs	r0, r5
10000cea:	8098      	strh	r0, [r3, #4]
10000cec:	1852      	adds	r2, r2, r1
10000cee:	4b1c      	ldr	r3, [pc, #112]	; (10000d60 <irq_remove_handler+0x19c>)
10000cf0:	0092      	lsls	r2, r2, #2
10000cf2:	18b6      	adds	r6, r6, r2
10000cf4:	781a      	ldrb	r2, [r3, #0]
10000cf6:	7019      	strb	r1, [r3, #0]
10000cf8:	71b2      	strb	r2, [r6, #6]
10000cfa:	e7b3      	b.n	10000c64 <irq_remove_handler+0xa0>
10000cfc:	4659      	mov	r1, fp
10000cfe:	2900      	cmp	r1, #0
10000d00:	d10f      	bne.n	10000d22 <irq_remove_handler+0x15e>
10000d02:	31ff      	adds	r1, #255	; 0xff
10000d04:	7191      	strb	r1, [r2, #6]
10000d06:	4917      	ldr	r1, [pc, #92]	; (10000d64 <irq_remove_handler+0x1a0>)
10000d08:	8091      	strh	r1, [r2, #4]
10000d0a:	4915      	ldr	r1, [pc, #84]	; (10000d60 <irq_remove_handler+0x19c>)
10000d0c:	780a      	ldrb	r2, [r1, #0]
10000d0e:	719a      	strb	r2, [r3, #6]
10000d10:	4a15      	ldr	r2, [pc, #84]	; (10000d68 <irq_remove_handler+0x1a4>)
10000d12:	1b9b      	subs	r3, r3, r6
10000d14:	415b      	adcs	r3, r3
10000d16:	435a      	muls	r2, r3
10000d18:	0d12      	lsrs	r2, r2, #20
10000d1a:	700a      	strb	r2, [r1, #0]
10000d1c:	e7a2      	b.n	10000c64 <irq_remove_handler+0xa0>
10000d1e:	4813      	ldr	r0, [pc, #76]	; (10000d6c <irq_remove_handler+0x1a8>)
10000d20:	e7e3      	b.n	10000cea <irq_remove_handler+0x126>
10000d22:	4a13      	ldr	r2, [pc, #76]	; (10000d70 <irq_remove_handler+0x1ac>)
10000d24:	4913      	ldr	r1, [pc, #76]	; (10000d74 <irq_remove_handler+0x1b0>)
10000d26:	1ad2      	subs	r2, r2, r3
10000d28:	3a08      	subs	r2, #8
10000d2a:	0250      	lsls	r0, r2, #9
10000d2c:	0d40      	lsrs	r0, r0, #21
10000d2e:	4301      	orrs	r1, r0
10000d30:	8099      	strh	r1, [r3, #4]
10000d32:	4911      	ldr	r1, [pc, #68]	; (10000d78 <irq_remove_handler+0x1b4>)
10000d34:	0852      	lsrs	r2, r2, #1
10000d36:	430a      	orrs	r2, r1
10000d38:	80da      	strh	r2, [r3, #6]
10000d3a:	e793      	b.n	10000c64 <irq_remove_handler+0xa0>
10000d3c:	0013      	movs	r3, r2
10000d3e:	2900      	cmp	r1, #0
10000d40:	daba      	bge.n	10000cb8 <irq_remove_handler+0xf4>
10000d42:	465a      	mov	r2, fp
10000d44:	2a00      	cmp	r2, #0
10000d46:	d1ec      	bne.n	10000d22 <irq_remove_handler+0x15e>
10000d48:	4644      	mov	r4, r8
10000d4a:	e7de      	b.n	10000d0a <irq_remove_handler+0x146>
10000d4c:	d0000124 	.word	0xd0000124
10000d50:	e000ed00 	.word	0xe000ed00
10000d54:	100001c1 	.word	0x100001c1
10000d58:	20001084 	.word	0x20001084
10000d5c:	e000e100 	.word	0xe000e100
10000d60:	20001d9d 	.word	0x20001d9d
10000d64:	ffffbd01 	.word	0xffffbd01
10000d68:	0000aaaa 	.word	0x0000aaaa
10000d6c:	0000bd01 	.word	0x0000bd01
10000d70:	200010be 	.word	0x200010be
10000d74:	fffff000 	.word	0xfffff000
10000d78:	fffff800 	.word	0xfffff800

10000d7c <irq_add_tail_to_free_list>:
10000d7c:	b5f0      	push	{r4, r5, r6, r7, lr}
10000d7e:	2401      	movs	r4, #1
10000d80:	4304      	orrs	r4, r0
10000d82:	f3ef 8105 	mrs	r1, IPSR
10000d86:	f3ef 8610 	mrs	r6, PRIMASK
10000d8a:	b672      	cpsid	i
10000d8c:	4a21      	ldr	r2, [pc, #132]	; (10000e14 <irq_add_tail_to_free_list+0x98>)
10000d8e:	6813      	ldr	r3, [r2, #0]
10000d90:	2b00      	cmp	r3, #0
10000d92:	d0fc      	beq.n	10000d8e <irq_add_tail_to_free_list+0x12>
10000d94:	f3bf 8f5f 	dmb	sy
10000d98:	4b1f      	ldr	r3, [pc, #124]	; (10000e18 <irq_add_tail_to_free_list+0x9c>)
10000d9a:	4a20      	ldr	r2, [pc, #128]	; (10000e1c <irq_add_tail_to_free_list+0xa0>)
10000d9c:	0005      	movs	r5, r0
10000d9e:	1aed      	subs	r5, r5, r3
10000da0:	416d      	adcs	r5, r5
10000da2:	436a      	muls	r2, r5
10000da4:	0d12      	lsrs	r2, r2, #20
10000da6:	4d1e      	ldr	r5, [pc, #120]	; (10000e20 <irq_add_tail_to_free_list+0xa4>)
10000da8:	0089      	lsls	r1, r1, #2
10000daa:	68af      	ldr	r7, [r5, #8]
10000dac:	b252      	sxtb	r2, r2
10000dae:	587f      	ldr	r7, [r7, r1]
10000db0:	42a7      	cmp	r7, r4
10000db2:	d01c      	beq.n	10000dee <irq_add_tail_to_free_list+0x72>
10000db4:	2106      	movs	r1, #6
10000db6:	5659      	ldrsb	r1, [r3, r1]
10000db8:	4291      	cmp	r1, r2
10000dba:	d01c      	beq.n	10000df6 <irq_add_tail_to_free_list+0x7a>
10000dbc:	2112      	movs	r1, #18
10000dbe:	5659      	ldrsb	r1, [r3, r1]
10000dc0:	4291      	cmp	r1, r2
10000dc2:	d022      	beq.n	10000e0a <irq_add_tail_to_free_list+0x8e>
10000dc4:	211e      	movs	r1, #30
10000dc6:	5659      	ldrsb	r1, [r3, r1]
10000dc8:	4291      	cmp	r1, r2
10000dca:	d020      	beq.n	10000e0e <irq_add_tail_to_free_list+0x92>
10000dcc:	212a      	movs	r1, #42	; 0x2a
10000dce:	5659      	ldrsb	r1, [r3, r1]
10000dd0:	2403      	movs	r4, #3
10000dd2:	4291      	cmp	r1, r2
10000dd4:	d010      	beq.n	10000df8 <irq_add_tail_to_free_list+0x7c>
10000dd6:	4b13      	ldr	r3, [pc, #76]	; (10000e24 <irq_add_tail_to_free_list+0xa8>)
10000dd8:	7819      	ldrb	r1, [r3, #0]
10000dda:	701a      	strb	r2, [r3, #0]
10000ddc:	7181      	strb	r1, [r0, #6]
10000dde:	f3bf 8f5f 	dmb	sy
10000de2:	2200      	movs	r2, #0
10000de4:	4b0b      	ldr	r3, [pc, #44]	; (10000e14 <irq_add_tail_to_free_list+0x98>)
10000de6:	601a      	str	r2, [r3, #0]
10000de8:	f386 8810 	msr	PRIMASK, r6
10000dec:	bdf0      	pop	{r4, r5, r6, r7, pc}
10000dee:	68ab      	ldr	r3, [r5, #8]
10000df0:	4c0d      	ldr	r4, [pc, #52]	; (10000e28 <irq_add_tail_to_free_list+0xac>)
10000df2:	505c      	str	r4, [r3, r1]
10000df4:	e7ef      	b.n	10000dd6 <irq_add_tail_to_free_list+0x5a>
10000df6:	2400      	movs	r4, #0
10000df8:	0061      	lsls	r1, r4, #1
10000dfa:	1909      	adds	r1, r1, r4
10000dfc:	0089      	lsls	r1, r1, #2
10000dfe:	185b      	adds	r3, r3, r1
10000e00:	21ff      	movs	r1, #255	; 0xff
10000e02:	7199      	strb	r1, [r3, #6]
10000e04:	4909      	ldr	r1, [pc, #36]	; (10000e2c <irq_add_tail_to_free_list+0xb0>)
10000e06:	8099      	strh	r1, [r3, #4]
10000e08:	e7e5      	b.n	10000dd6 <irq_add_tail_to_free_list+0x5a>
10000e0a:	2401      	movs	r4, #1
10000e0c:	e7f4      	b.n	10000df8 <irq_add_tail_to_free_list+0x7c>
10000e0e:	2402      	movs	r4, #2
10000e10:	e7f2      	b.n	10000df8 <irq_add_tail_to_free_list+0x7c>
10000e12:	46c0      	nop			; (mov r8, r8)
10000e14:	d0000124 	.word	0xd0000124
10000e18:	20001084 	.word	0x20001084
10000e1c:	0000aaaa 	.word	0x0000aaaa
10000e20:	e000ed00 	.word	0xe000ed00
10000e24:	20001d9d 	.word	0x20001d9d
10000e28:	100001c1 	.word	0x100001c1
10000e2c:	ffffbd01 	.word	0xffffbd01

10000e30 <user_irq_claim_unused>:
10000e30:	b500      	push	{lr}
10000e32:	4b07      	ldr	r3, [pc, #28]	; (10000e50 <user_irq_claim_unused+0x20>)
10000e34:	b083      	sub	sp, #12
10000e36:	0001      	movs	r1, r0
10000e38:	9300      	str	r3, [sp, #0]
10000e3a:	2200      	movs	r2, #0
10000e3c:	2305      	movs	r3, #5
10000e3e:	4805      	ldr	r0, [pc, #20]	; (10000e54 <user_irq_claim_unused+0x24>)
10000e40:	f7ff fcf0 	bl	10000824 <hw_claim_unused_from_range>
10000e44:	2800      	cmp	r0, #0
10000e46:	db01      	blt.n	10000e4c <user_irq_claim_unused+0x1c>
10000e48:	231f      	movs	r3, #31
10000e4a:	1a18      	subs	r0, r3, r0
10000e4c:	b003      	add	sp, #12
10000e4e:	bd00      	pop	{pc}
10000e50:	10004dd4 	.word	0x10004dd4
10000e54:	20001da1 	.word	0x20001da1

10000e58 <lock_init>:
10000e58:	4b02      	ldr	r3, [pc, #8]	; (10000e64 <lock_init+0xc>)
10000e5a:	469c      	mov	ip, r3
10000e5c:	4461      	add	r1, ip
10000e5e:	0089      	lsls	r1, r1, #2
10000e60:	6001      	str	r1, [r0, #0]
10000e62:	4770      	bx	lr
10000e64:	34000040 	.word	0x34000040

10000e68 <runtime_init_mutex>:
10000e68:	b5f0      	push	{r4, r5, r6, r7, lr}
10000e6a:	23ff      	movs	r3, #255	; 0xff
10000e6c:	46c6      	mov	lr, r8
10000e6e:	4d16      	ldr	r5, [pc, #88]	; (10000ec8 <runtime_init_mutex+0x60>)
10000e70:	4f16      	ldr	r7, [pc, #88]	; (10000ecc <runtime_init_mutex+0x64>)
10000e72:	b500      	push	{lr}
10000e74:	002c      	movs	r4, r5
10000e76:	4698      	mov	r8, r3
10000e78:	42bd      	cmp	r5, r7
10000e7a:	d30e      	bcc.n	10000e9a <runtime_init_mutex+0x32>
10000e7c:	e020      	b.n	10000ec0 <runtime_init_mutex+0x58>
10000e7e:	f7ff fd1f 	bl	100008c0 <next_striped_spin_lock_num>
10000e82:	0001      	movs	r1, r0
10000e84:	0028      	movs	r0, r5
10000e86:	f7ff ffe7 	bl	10000e58 <lock_init>
10000e8a:	4643      	mov	r3, r8
10000e8c:	80a3      	strh	r3, [r4, #4]
10000e8e:	f3bf 8f5f 	dmb	sy
10000e92:	0034      	movs	r4, r6
10000e94:	0035      	movs	r5, r6
10000e96:	42be      	cmp	r6, r7
10000e98:	d212      	bcs.n	10000ec0 <runtime_init_mutex+0x58>
10000e9a:	0026      	movs	r6, r4
10000e9c:	6823      	ldr	r3, [r4, #0]
10000e9e:	3608      	adds	r6, #8
10000ea0:	2b00      	cmp	r3, #0
10000ea2:	d1ec      	bne.n	10000e7e <runtime_init_mutex+0x16>
10000ea4:	f7ff fd0c 	bl	100008c0 <next_striped_spin_lock_num>
10000ea8:	0001      	movs	r1, r0
10000eaa:	0028      	movs	r0, r5
10000eac:	f7ff ffd4 	bl	10000e58 <lock_init>
10000eb0:	4643      	mov	r3, r8
10000eb2:	7123      	strb	r3, [r4, #4]
10000eb4:	f3bf 8f5f 	dmb	sy
10000eb8:	0034      	movs	r4, r6
10000eba:	0035      	movs	r5, r6
10000ebc:	42be      	cmp	r6, r7
10000ebe:	d3ec      	bcc.n	10000e9a <runtime_init_mutex+0x32>
10000ec0:	bc04      	pop	{r2}
10000ec2:	4690      	mov	r8, r2
10000ec4:	bdf0      	pop	{r4, r5, r6, r7, pc}
10000ec6:	46c0      	nop			; (mov r8, r8)
10000ec8:	20001148 	.word	0x20001148
10000ecc:	20001150 	.word	0x20001150

10000ed0 <mutex_init>:
10000ed0:	b510      	push	{r4, lr}
10000ed2:	0004      	movs	r4, r0
10000ed4:	f7ff fcf4 	bl	100008c0 <next_striped_spin_lock_num>
10000ed8:	0001      	movs	r1, r0
10000eda:	0020      	movs	r0, r4
10000edc:	f7ff ffbc 	bl	10000e58 <lock_init>
10000ee0:	23ff      	movs	r3, #255	; 0xff
10000ee2:	7123      	strb	r3, [r4, #4]
10000ee4:	f3bf 8f5f 	dmb	sy
10000ee8:	bd10      	pop	{r4, pc}
10000eea:	46c0      	nop			; (mov r8, r8)

10000eec <critical_section_init>:
10000eec:	b510      	push	{r4, lr}
10000eee:	0004      	movs	r4, r0
10000ef0:	2001      	movs	r0, #1
10000ef2:	f7ff fcf1 	bl	100008d8 <spin_lock_claim_unused>
10000ef6:	4b04      	ldr	r3, [pc, #16]	; (10000f08 <critical_section_init+0x1c>)
10000ef8:	469c      	mov	ip, r3
10000efa:	4460      	add	r0, ip
10000efc:	0080      	lsls	r0, r0, #2
10000efe:	6020      	str	r0, [r4, #0]
10000f00:	f3bf 8f5f 	dmb	sy
10000f04:	bd10      	pop	{r4, pc}
10000f06:	46c0      	nop			; (mov r8, r8)
10000f08:	34000040 	.word	0x34000040

10000f0c <critical_section_init_with_lock_num>:
10000f0c:	4b03      	ldr	r3, [pc, #12]	; (10000f1c <critical_section_init_with_lock_num+0x10>)
10000f0e:	469c      	mov	ip, r3
10000f10:	4461      	add	r1, ip
10000f12:	0089      	lsls	r1, r1, #2
10000f14:	6001      	str	r1, [r0, #0]
10000f16:	f3bf 8f5f 	dmb	sy
10000f1a:	4770      	bx	lr
10000f1c:	34000040 	.word	0x34000040

10000f20 <sleep_until_callback>:
10000f20:	4b0a      	ldr	r3, [pc, #40]	; (10000f4c <sleep_until_callback+0x2c>)
10000f22:	6819      	ldr	r1, [r3, #0]
10000f24:	f3ef 8010 	mrs	r0, PRIMASK
10000f28:	b672      	cpsid	i
10000f2a:	680a      	ldr	r2, [r1, #0]
10000f2c:	2a00      	cmp	r2, #0
10000f2e:	d0fc      	beq.n	10000f2a <sleep_until_callback+0xa>
10000f30:	f3bf 8f5f 	dmb	sy
10000f34:	681b      	ldr	r3, [r3, #0]
10000f36:	f3bf 8f5f 	dmb	sy
10000f3a:	2200      	movs	r2, #0
10000f3c:	601a      	str	r2, [r3, #0]
10000f3e:	f380 8810 	msr	PRIMASK, r0
10000f42:	bf40      	sev
10000f44:	2000      	movs	r0, #0
10000f46:	2100      	movs	r1, #0
10000f48:	4770      	bx	lr
10000f4a:	46c0      	nop			; (mov r8, r8)
10000f4c:	20001d7c 	.word	0x20001d7c

10000f50 <alarm_pool_irq_handler>:
10000f50:	b5f0      	push	{r4, r5, r6, r7, lr}
10000f52:	46de      	mov	lr, fp
10000f54:	4657      	mov	r7, sl
10000f56:	464e      	mov	r6, r9
10000f58:	4645      	mov	r5, r8
10000f5a:	b5e0      	push	{r5, r6, r7, lr}
10000f5c:	b085      	sub	sp, #20
10000f5e:	f3ef 8305 	mrs	r3, IPSR
10000f62:	2203      	movs	r2, #3
10000f64:	4013      	ands	r3, r2
10000f66:	009a      	lsls	r2, r3, #2
10000f68:	0011      	movs	r1, r2
10000f6a:	9203      	str	r2, [sp, #12]
10000f6c:	4aba      	ldr	r2, [pc, #744]	; (10001258 <alarm_pool_irq_handler+0x308>)
10000f6e:	5852      	ldr	r2, [r2, r1]
10000f70:	4690      	mov	r8, r2
10000f72:	2201      	movs	r2, #1
10000f74:	409a      	lsls	r2, r3
10000f76:	4692      	mov	sl, r2
10000f78:	4bb8      	ldr	r3, [pc, #736]	; (1000125c <alarm_pool_irq_handler+0x30c>)
10000f7a:	601a      	str	r2, [r3, #0]
10000f7c:	4653      	mov	r3, sl
10000f7e:	48b8      	ldr	r0, [pc, #736]	; (10001260 <alarm_pool_irq_handler+0x310>)
10000f80:	6343      	str	r3, [r0, #52]	; 0x34
10000f82:	4643      	mov	r3, r8
10000f84:	2208      	movs	r2, #8
10000f86:	5e9b      	ldrsh	r3, [r3, r2]
10000f88:	4699      	mov	r9, r3
10000f8a:	2b00      	cmp	r3, #0
10000f8c:	da3e      	bge.n	1000100c <alarm_pool_irq_handler+0xbc>
10000f8e:	4643      	mov	r3, r8
10000f90:	889b      	ldrh	r3, [r3, #4]
10000f92:	b21b      	sxth	r3, r3
10000f94:	2b00      	cmp	r3, #0
10000f96:	db00      	blt.n	10000f9a <alarm_pool_irq_handler+0x4a>
10000f98:	e0a3      	b.n	100010e2 <alarm_pool_irq_handler+0x192>
10000f9a:	4643      	mov	r3, r8
10000f9c:	799b      	ldrb	r3, [r3, #6]
10000f9e:	2b00      	cmp	r3, #0
10000fa0:	d000      	beq.n	10000fa4 <alarm_pool_irq_handler+0x54>
10000fa2:	e0fe      	b.n	100011a2 <alarm_pool_irq_handler+0x252>
10000fa4:	4643      	mov	r3, r8
10000fa6:	2008      	movs	r0, #8
10000fa8:	5e18      	ldrsh	r0, [r3, r0]
10000faa:	2800      	cmp	r0, #0
10000fac:	db24      	blt.n	10000ff8 <alarm_pool_irq_handler+0xa8>
10000fae:	4642      	mov	r2, r8
10000fb0:	6952      	ldr	r2, [r2, #20]
10000fb2:	0043      	lsls	r3, r0, #1
10000fb4:	4694      	mov	ip, r2
10000fb6:	181b      	adds	r3, r3, r0
10000fb8:	00db      	lsls	r3, r3, #3
10000fba:	4463      	add	r3, ip
10000fbc:	689c      	ldr	r4, [r3, #8]
10000fbe:	68dd      	ldr	r5, [r3, #12]
10000fc0:	1c63      	adds	r3, r4, #1
10000fc2:	d100      	bne.n	10000fc6 <alarm_pool_irq_handler+0x76>
10000fc4:	e0e7      	b.n	10001196 <alarm_pool_irq_handler+0x246>
10000fc6:	48a6      	ldr	r0, [pc, #664]	; (10001260 <alarm_pool_irq_handler+0x310>)
10000fc8:	9b03      	ldr	r3, [sp, #12]
10000fca:	4684      	mov	ip, r0
10000fcc:	4463      	add	r3, ip
10000fce:	6a82      	ldr	r2, [r0, #40]	; 0x28
10000fd0:	0019      	movs	r1, r3
10000fd2:	691b      	ldr	r3, [r3, #16]
10000fd4:	1aa6      	subs	r6, r4, r2
10000fd6:	1a9b      	subs	r3, r3, r2
10000fd8:	429e      	cmp	r6, r3
10000fda:	d315      	bcc.n	10001008 <alarm_pool_irq_handler+0xb8>
10000fdc:	4652      	mov	r2, sl
10000fde:	6a03      	ldr	r3, [r0, #32]
10000fe0:	421a      	tst	r2, r3
10000fe2:	d011      	beq.n	10001008 <alarm_pool_irq_handler+0xb8>
10000fe4:	489e      	ldr	r0, [pc, #632]	; (10001260 <alarm_pool_irq_handler+0x310>)
10000fe6:	f000 fbb9 	bl	1000175c <timer_time_us_64>
10000fea:	1a24      	subs	r4, r4, r0
10000fec:	418d      	sbcs	r5, r1
10000fee:	2d00      	cmp	r5, #0
10000ff0:	dc02      	bgt.n	10000ff8 <alarm_pool_irq_handler+0xa8>
10000ff2:	d1c3      	bne.n	10000f7c <alarm_pool_irq_handler+0x2c>
10000ff4:	2c00      	cmp	r4, #0
10000ff6:	d0c1      	beq.n	10000f7c <alarm_pool_irq_handler+0x2c>
10000ff8:	bf40      	sev
10000ffa:	b005      	add	sp, #20
10000ffc:	bc3c      	pop	{r2, r3, r4, r5}
10000ffe:	4690      	mov	r8, r2
10001000:	4699      	mov	r9, r3
10001002:	46a2      	mov	sl, r4
10001004:	46ab      	mov	fp, r5
10001006:	bdf0      	pop	{r4, r5, r6, r7, pc}
10001008:	610c      	str	r4, [r1, #16]
1000100a:	e7eb      	b.n	10000fe4 <alarm_pool_irq_handler+0x94>
1000100c:	4642      	mov	r2, r8
1000100e:	6952      	ldr	r2, [r2, #20]
10001010:	005b      	lsls	r3, r3, #1
10001012:	4693      	mov	fp, r2
10001014:	444b      	add	r3, r9
10001016:	00db      	lsls	r3, r3, #3
10001018:	449b      	add	fp, r3
1000101a:	465b      	mov	r3, fp
1000101c:	689e      	ldr	r6, [r3, #8]
1000101e:	68df      	ldr	r7, [r3, #12]
10001020:	f000 fb9c 	bl	1000175c <timer_time_us_64>
10001024:	1b80      	subs	r0, r0, r6
10001026:	41b9      	sbcs	r1, r7
10001028:	2900      	cmp	r1, #0
1000102a:	dbb0      	blt.n	10000f8e <alarm_pool_irq_handler+0x3e>
1000102c:	2f00      	cmp	r7, #0
1000102e:	da00      	bge.n	10001032 <alarm_pool_irq_handler+0xe2>
10001030:	e0ec      	b.n	1000120c <alarm_pool_irq_handler+0x2bc>
10001032:	465a      	mov	r2, fp
10001034:	465b      	mov	r3, fp
10001036:	6954      	ldr	r4, [r2, #20]
10001038:	691b      	ldr	r3, [r3, #16]
1000103a:	4a8a      	ldr	r2, [pc, #552]	; (10001264 <alarm_pool_irq_handler+0x314>)
1000103c:	4293      	cmp	r3, r2
1000103e:	d100      	bne.n	10001042 <alarm_pool_irq_handler+0xf2>
10001040:	e0df      	b.n	10001202 <alarm_pool_irq_handler+0x2b2>
10001042:	4641      	mov	r1, r8
10001044:	465a      	mov	r2, fp
10001046:	2008      	movs	r0, #8
10001048:	5e08      	ldrsh	r0, [r1, r0]
1000104a:	8852      	ldrh	r2, [r2, #2]
1000104c:	0400      	lsls	r0, r0, #16
1000104e:	0021      	movs	r1, r4
10001050:	4310      	orrs	r0, r2
10001052:	4798      	blx	r3
10001054:	0004      	movs	r4, r0
10001056:	000d      	movs	r5, r1
10001058:	0023      	movs	r3, r4
1000105a:	432b      	orrs	r3, r5
1000105c:	d100      	bne.n	10001060 <alarm_pool_irq_handler+0x110>
1000105e:	e0d5      	b.n	1000120c <alarm_pool_irq_handler+0x2bc>
10001060:	2d00      	cmp	r5, #0
10001062:	db00      	blt.n	10001066 <alarm_pool_irq_handler+0x116>
10001064:	e0ee      	b.n	10001244 <alarm_pool_irq_handler+0x2f4>
10001066:	1b36      	subs	r6, r6, r4
10001068:	41af      	sbcs	r7, r5
1000106a:	0034      	movs	r4, r6
1000106c:	003d      	movs	r5, r7
1000106e:	465b      	mov	r3, fp
10001070:	609c      	str	r4, [r3, #8]
10001072:	60dd      	str	r5, [r3, #12]
10001074:	2100      	movs	r1, #0
10001076:	5e59      	ldrsh	r1, [r3, r1]
10001078:	2900      	cmp	r1, #0
1000107a:	da00      	bge.n	1000107e <alarm_pool_irq_handler+0x12e>
1000107c:	e787      	b.n	10000f8e <alarm_pool_irq_handler+0x3e>
1000107e:	4643      	mov	r3, r8
10001080:	695b      	ldr	r3, [r3, #20]
10001082:	0022      	movs	r2, r4
10001084:	469c      	mov	ip, r3
10001086:	002b      	movs	r3, r5
10001088:	0048      	lsls	r0, r1, #1
1000108a:	1840      	adds	r0, r0, r1
1000108c:	00c0      	lsls	r0, r0, #3
1000108e:	4460      	add	r0, ip
10001090:	6886      	ldr	r6, [r0, #8]
10001092:	68c7      	ldr	r7, [r0, #12]
10001094:	1b92      	subs	r2, r2, r6
10001096:	41bb      	sbcs	r3, r7
10001098:	2b00      	cmp	r3, #0
1000109a:	da00      	bge.n	1000109e <alarm_pool_irq_handler+0x14e>
1000109c:	e777      	b.n	10000f8e <alarm_pool_irq_handler+0x3e>
1000109e:	4643      	mov	r3, r8
100010a0:	4666      	mov	r6, ip
100010a2:	8119      	strh	r1, [r3, #8]
100010a4:	0002      	movs	r2, r0
100010a6:	9400      	str	r4, [sp, #0]
100010a8:	9501      	str	r5, [sp, #4]
100010aa:	e00c      	b.n	100010c6 <alarm_pool_irq_handler+0x176>
100010ac:	007b      	lsls	r3, r7, #1
100010ae:	19db      	adds	r3, r3, r7
100010b0:	00db      	lsls	r3, r3, #3
100010b2:	18f3      	adds	r3, r6, r3
100010b4:	9800      	ldr	r0, [sp, #0]
100010b6:	9901      	ldr	r1, [sp, #4]
100010b8:	689c      	ldr	r4, [r3, #8]
100010ba:	68dd      	ldr	r5, [r3, #12]
100010bc:	1b00      	subs	r0, r0, r4
100010be:	41a9      	sbcs	r1, r5
100010c0:	2900      	cmp	r1, #0
100010c2:	db04      	blt.n	100010ce <alarm_pool_irq_handler+0x17e>
100010c4:	001a      	movs	r2, r3
100010c6:	2300      	movs	r3, #0
100010c8:	5ed7      	ldrsh	r7, [r2, r3]
100010ca:	2f00      	cmp	r7, #0
100010cc:	daee      	bge.n	100010ac <alarm_pool_irq_handler+0x15c>
100010ce:	465b      	mov	r3, fp
100010d0:	801f      	strh	r7, [r3, #0]
100010d2:	464b      	mov	r3, r9
100010d4:	8013      	strh	r3, [r2, #0]
100010d6:	4643      	mov	r3, r8
100010d8:	889b      	ldrh	r3, [r3, #4]
100010da:	b21b      	sxth	r3, r3
100010dc:	2b00      	cmp	r3, #0
100010de:	da00      	bge.n	100010e2 <alarm_pool_irq_handler+0x192>
100010e0:	e75b      	b.n	10000f9a <alarm_pool_irq_handler+0x4a>
100010e2:	4643      	mov	r3, r8
100010e4:	691a      	ldr	r2, [r3, #16]
100010e6:	f3ef 8110 	mrs	r1, PRIMASK
100010ea:	b672      	cpsid	i
100010ec:	6813      	ldr	r3, [r2, #0]
100010ee:	2b00      	cmp	r3, #0
100010f0:	d0fc      	beq.n	100010ec <alarm_pool_irq_handler+0x19c>
100010f2:	f3bf 8f5f 	dmb	sy
100010f6:	4643      	mov	r3, r8
100010f8:	889b      	ldrh	r3, [r3, #4]
100010fa:	4642      	mov	r2, r8
100010fc:	b21b      	sxth	r3, r3
100010fe:	469c      	mov	ip, r3
10001100:	2301      	movs	r3, #1
10001102:	425b      	negs	r3, r3
10001104:	8093      	strh	r3, [r2, #4]
10001106:	6913      	ldr	r3, [r2, #16]
10001108:	f3bf 8f5f 	dmb	sy
1000110c:	2200      	movs	r2, #0
1000110e:	601a      	str	r2, [r3, #0]
10001110:	f381 8810 	msr	PRIMASK, r1
10001114:	4663      	mov	r3, ip
10001116:	2b00      	cmp	r3, #0
10001118:	da00      	bge.n	1000111c <alarm_pool_irq_handler+0x1cc>
1000111a:	e73e      	b.n	10000f9a <alarm_pool_irq_handler+0x4a>
1000111c:	4643      	mov	r3, r8
1000111e:	695f      	ldr	r7, [r3, #20]
10001120:	2308      	movs	r3, #8
10001122:	4443      	add	r3, r8
10001124:	4699      	mov	r9, r3
10001126:	4663      	mov	r3, ip
10001128:	005e      	lsls	r6, r3, #1
1000112a:	4466      	add	r6, ip
1000112c:	00f6      	lsls	r6, r6, #3
1000112e:	46b3      	mov	fp, r6
10001130:	44bb      	add	fp, r7
10001132:	465b      	mov	r3, fp
10001134:	6898      	ldr	r0, [r3, #8]
10001136:	68d9      	ldr	r1, [r3, #12]
10001138:	4643      	mov	r3, r8
1000113a:	2208      	movs	r2, #8
1000113c:	5e9a      	ldrsh	r2, [r3, r2]
1000113e:	9000      	str	r0, [sp, #0]
10001140:	9101      	str	r1, [sp, #4]
10001142:	2a00      	cmp	r2, #0
10001144:	db2b      	blt.n	1000119e <alarm_pool_irq_handler+0x24e>
10001146:	0053      	lsls	r3, r2, #1
10001148:	189b      	adds	r3, r3, r2
1000114a:	00db      	lsls	r3, r3, #3
1000114c:	18fb      	adds	r3, r7, r3
1000114e:	689c      	ldr	r4, [r3, #8]
10001150:	68dd      	ldr	r5, [r3, #12]
10001152:	1b00      	subs	r0, r0, r4
10001154:	41a9      	sbcs	r1, r5
10001156:	2900      	cmp	r1, #0
10001158:	da0c      	bge.n	10001174 <alarm_pool_irq_handler+0x224>
1000115a:	e020      	b.n	1000119e <alarm_pool_irq_handler+0x24e>
1000115c:	0053      	lsls	r3, r2, #1
1000115e:	189b      	adds	r3, r3, r2
10001160:	00db      	lsls	r3, r3, #3
10001162:	18fb      	adds	r3, r7, r3
10001164:	9800      	ldr	r0, [sp, #0]
10001166:	9901      	ldr	r1, [sp, #4]
10001168:	689c      	ldr	r4, [r3, #8]
1000116a:	68dd      	ldr	r5, [r3, #12]
1000116c:	1b00      	subs	r0, r0, r4
1000116e:	41a9      	sbcs	r1, r5
10001170:	2900      	cmp	r1, #0
10001172:	db04      	blt.n	1000117e <alarm_pool_irq_handler+0x22e>
10001174:	001e      	movs	r6, r3
10001176:	2300      	movs	r3, #0
10001178:	5ef2      	ldrsh	r2, [r6, r3]
1000117a:	2a00      	cmp	r2, #0
1000117c:	daee      	bge.n	1000115c <alarm_pool_irq_handler+0x20c>
1000117e:	4663      	mov	r3, ip
10001180:	8033      	strh	r3, [r6, #0]
10001182:	465b      	mov	r3, fp
10001184:	2100      	movs	r1, #0
10001186:	5e5b      	ldrsh	r3, [r3, r1]
10001188:	469c      	mov	ip, r3
1000118a:	465b      	mov	r3, fp
1000118c:	801a      	strh	r2, [r3, #0]
1000118e:	4663      	mov	r3, ip
10001190:	2b00      	cmp	r3, #0
10001192:	dac8      	bge.n	10001126 <alarm_pool_irq_handler+0x1d6>
10001194:	e701      	b.n	10000f9a <alarm_pool_irq_handler+0x4a>
10001196:	1c6b      	adds	r3, r5, #1
10001198:	d000      	beq.n	1000119c <alarm_pool_irq_handler+0x24c>
1000119a:	e714      	b.n	10000fc6 <alarm_pool_irq_handler+0x76>
1000119c:	e722      	b.n	10000fe4 <alarm_pool_irq_handler+0x94>
1000119e:	464e      	mov	r6, r9
100011a0:	e7ed      	b.n	1000117e <alarm_pool_irq_handler+0x22e>
100011a2:	2300      	movs	r3, #0
100011a4:	4642      	mov	r2, r8
100011a6:	7193      	strb	r3, [r2, #6]
100011a8:	4643      	mov	r3, r8
100011aa:	4646      	mov	r6, r8
100011ac:	2208      	movs	r2, #8
100011ae:	5e9a      	ldrsh	r2, [r3, r2]
100011b0:	3608      	adds	r6, #8
100011b2:	1c53      	adds	r3, r2, #1
100011b4:	d100      	bne.n	100011b8 <alarm_pool_irq_handler+0x268>
100011b6:	e71f      	b.n	10000ff8 <alarm_pool_irq_handler+0xa8>
100011b8:	4643      	mov	r3, r8
100011ba:	4647      	mov	r7, r8
100011bc:	695d      	ldr	r5, [r3, #20]
100011be:	4694      	mov	ip, r2
100011c0:	e003      	b.n	100011ca <alarm_pool_irq_handler+0x27a>
100011c2:	001e      	movs	r6, r3
100011c4:	0022      	movs	r2, r4
100011c6:	1c63      	adds	r3, r4, #1
100011c8:	d018      	beq.n	100011fc <alarm_pool_irq_handler+0x2ac>
100011ca:	0053      	lsls	r3, r2, #1
100011cc:	189b      	adds	r3, r3, r2
100011ce:	00db      	lsls	r3, r3, #3
100011d0:	18eb      	adds	r3, r5, r3
100011d2:	2100      	movs	r1, #0
100011d4:	5e5c      	ldrsh	r4, [r3, r1]
100011d6:	8859      	ldrh	r1, [r3, #2]
100011d8:	b209      	sxth	r1, r1
100011da:	2900      	cmp	r1, #0
100011dc:	daf1      	bge.n	100011c2 <alarm_pool_irq_handler+0x272>
100011de:	2001      	movs	r0, #1
100011e0:	4240      	negs	r0, r0
100011e2:	17c1      	asrs	r1, r0, #31
100011e4:	6098      	str	r0, [r3, #8]
100011e6:	60d9      	str	r1, [r3, #12]
100011e8:	4562      	cmp	r2, ip
100011ea:	d0eb      	beq.n	100011c4 <alarm_pool_irq_handler+0x274>
100011ec:	8034      	strh	r4, [r6, #0]
100011ee:	8939      	ldrh	r1, [r7, #8]
100011f0:	4694      	mov	ip, r2
100011f2:	8019      	strh	r1, [r3, #0]
100011f4:	813a      	strh	r2, [r7, #8]
100011f6:	0022      	movs	r2, r4
100011f8:	1c63      	adds	r3, r4, #1
100011fa:	d1e6      	bne.n	100011ca <alarm_pool_irq_handler+0x27a>
100011fc:	46b8      	mov	r8, r7
100011fe:	4660      	mov	r0, ip
10001200:	e6d3      	b.n	10000faa <alarm_pool_irq_handler+0x5a>
10001202:	0020      	movs	r0, r4
10001204:	6923      	ldr	r3, [r4, #16]
10001206:	4798      	blx	r3
10001208:	2800      	cmp	r0, #0
1000120a:	d121      	bne.n	10001250 <alarm_pool_irq_handler+0x300>
1000120c:	465b      	mov	r3, fp
1000120e:	4642      	mov	r2, r8
10001210:	881b      	ldrh	r3, [r3, #0]
10001212:	8113      	strh	r3, [r2, #8]
10001214:	6912      	ldr	r2, [r2, #16]
10001216:	f3ef 8310 	mrs	r3, PRIMASK
1000121a:	b672      	cpsid	i
1000121c:	6811      	ldr	r1, [r2, #0]
1000121e:	2900      	cmp	r1, #0
10001220:	d0fc      	beq.n	1000121c <alarm_pool_irq_handler+0x2cc>
10001222:	f3bf 8f5f 	dmb	sy
10001226:	4642      	mov	r2, r8
10001228:	4659      	mov	r1, fp
1000122a:	8852      	ldrh	r2, [r2, #2]
1000122c:	800a      	strh	r2, [r1, #0]
1000122e:	4642      	mov	r2, r8
10001230:	4649      	mov	r1, r9
10001232:	8051      	strh	r1, [r2, #2]
10001234:	6912      	ldr	r2, [r2, #16]
10001236:	f3bf 8f5f 	dmb	sy
1000123a:	2100      	movs	r1, #0
1000123c:	6011      	str	r1, [r2, #0]
1000123e:	f383 8810 	msr	PRIMASK, r3
10001242:	e6a4      	b.n	10000f8e <alarm_pool_irq_handler+0x3e>
10001244:	4806      	ldr	r0, [pc, #24]	; (10001260 <alarm_pool_irq_handler+0x310>)
10001246:	f000 fa89 	bl	1000175c <timer_time_us_64>
1000124a:	1824      	adds	r4, r4, r0
1000124c:	414d      	adcs	r5, r1
1000124e:	e70e      	b.n	1000106e <alarm_pool_irq_handler+0x11e>
10001250:	6865      	ldr	r5, [r4, #4]
10001252:	6824      	ldr	r4, [r4, #0]
10001254:	e700      	b.n	10001058 <alarm_pool_irq_handler+0x108>
10001256:	46c0      	nop			; (mov r8, r8)
10001258:	20001d58 	.word	0x20001d58
1000125c:	4005703c 	.word	0x4005703c
10001260:	40054000 	.word	0x40054000
10001264:	10000f51 	.word	0x10000f51

10001268 <runtime_init_default_alarm_pool>:
10001268:	b570      	push	{r4, r5, r6, lr}
1000126a:	4c2e      	ldr	r4, [pc, #184]	; (10001324 <runtime_init_default_alarm_pool+0xbc>)
1000126c:	6925      	ldr	r5, [r4, #16]
1000126e:	2d00      	cmp	r5, #0
10001270:	d004      	beq.n	1000127c <runtime_init_default_alarm_pool+0x14>
10001272:	210a      	movs	r1, #10
10001274:	482c      	ldr	r0, [pc, #176]	; (10001328 <runtime_init_default_alarm_pool+0xc0>)
10001276:	f7ff fdef 	bl	10000e58 <lock_init>
1000127a:	bd70      	pop	{r4, r5, r6, pc}
1000127c:	4e2b      	ldr	r6, [pc, #172]	; (1000132c <runtime_init_default_alarm_pool+0xc4>)
1000127e:	2103      	movs	r1, #3
10001280:	0030      	movs	r0, r6
10001282:	f000 fa61 	bl	10001748 <timer_hardware_alarm_claim>
10001286:	60e6      	str	r6, [r4, #12]
10001288:	f7ff fb1a 	bl	100008c0 <next_striped_spin_lock_num>
1000128c:	4b28      	ldr	r3, [pc, #160]	; (10001330 <runtime_init_default_alarm_pool+0xc8>)
1000128e:	2203      	movs	r2, #3
10001290:	469c      	mov	ip, r3
10001292:	23d0      	movs	r3, #208	; 0xd0
10001294:	7022      	strb	r2, [r4, #0]
10001296:	061b      	lsls	r3, r3, #24
10001298:	681b      	ldr	r3, [r3, #0]
1000129a:	2101      	movs	r1, #1
1000129c:	7063      	strb	r3, [r4, #1]
1000129e:	4b25      	ldr	r3, [pc, #148]	; (10001334 <runtime_init_default_alarm_pool+0xcc>)
100012a0:	4460      	add	r0, ip
100012a2:	60a3      	str	r3, [r4, #8]
100012a4:	230f      	movs	r3, #15
100012a6:	0080      	lsls	r0, r0, #2
100012a8:	6120      	str	r0, [r4, #16]
100012aa:	2002      	movs	r0, #2
100012ac:	8063      	strh	r3, [r4, #2]
100012ae:	6963      	ldr	r3, [r4, #20]
100012b0:	4249      	negs	r1, r1
100012b2:	80a1      	strh	r1, [r4, #4]
100012b4:	8019      	strh	r1, [r3, #0]
100012b6:	3102      	adds	r1, #2
100012b8:	8619      	strh	r1, [r3, #48]	; 0x30
100012ba:	3147      	adds	r1, #71	; 0x47
100012bc:	831d      	strh	r5, [r3, #24]
100012be:	5258      	strh	r0, [r3, r1]
100012c0:	3118      	adds	r1, #24
100012c2:	525a      	strh	r2, [r3, r1]
100012c4:	3275      	adds	r2, #117	; 0x75
100012c6:	395c      	subs	r1, #92	; 0x5c
100012c8:	5299      	strh	r1, [r3, r2]
100012ca:	3218      	adds	r2, #24
100012cc:	3101      	adds	r1, #1
100012ce:	5299      	strh	r1, [r3, r2]
100012d0:	3218      	adds	r2, #24
100012d2:	3101      	adds	r1, #1
100012d4:	5299      	strh	r1, [r3, r2]
100012d6:	3218      	adds	r2, #24
100012d8:	3101      	adds	r1, #1
100012da:	5299      	strh	r1, [r3, r2]
100012dc:	3508      	adds	r5, #8
100012de:	3218      	adds	r2, #24
100012e0:	529d      	strh	r5, [r3, r2]
100012e2:	3102      	adds	r1, #2
100012e4:	3218      	adds	r2, #24
100012e6:	5299      	strh	r1, [r3, r2]
100012e8:	3218      	adds	r2, #24
100012ea:	3101      	adds	r1, #1
100012ec:	5299      	strh	r1, [r3, r2]
100012ee:	3218      	adds	r2, #24
100012f0:	3101      	adds	r1, #1
100012f2:	5299      	strh	r1, [r3, r2]
100012f4:	3218      	adds	r2, #24
100012f6:	3101      	adds	r1, #1
100012f8:	5299      	strh	r1, [r3, r2]
100012fa:	3218      	adds	r2, #24
100012fc:	3101      	adds	r1, #1
100012fe:	5299      	strh	r1, [r3, r2]
10001300:	3218      	adds	r2, #24
10001302:	3101      	adds	r1, #1
10001304:	5299      	strh	r1, [r3, r2]
10001306:	4b0c      	ldr	r3, [pc, #48]	; (10001338 <runtime_init_default_alarm_pool+0xd0>)
10001308:	490c      	ldr	r1, [pc, #48]	; (1000133c <runtime_init_default_alarm_pool+0xd4>)
1000130a:	60dc      	str	r4, [r3, #12]
1000130c:	3001      	adds	r0, #1
1000130e:	6235      	str	r5, [r6, #32]
10001310:	f7ff fb4a 	bl	100009a8 <irq_set_exclusive_handler>
10001314:	2101      	movs	r1, #1
10001316:	2003      	movs	r0, #3
10001318:	f7ff fb0e 	bl	10000938 <irq_set_enabled>
1000131c:	4b08      	ldr	r3, [pc, #32]	; (10001340 <runtime_init_default_alarm_pool+0xd8>)
1000131e:	601d      	str	r5, [r3, #0]
10001320:	e7a7      	b.n	10001272 <runtime_init_default_alarm_pool+0xa>
10001322:	46c0      	nop			; (mov r8, r8)
10001324:	200010cc 	.word	0x200010cc
10001328:	20001d7c 	.word	0x20001d7c
1000132c:	40054000 	.word	0x40054000
10001330:	34000040 	.word	0x34000040
10001334:	0010ffff 	.word	0x0010ffff
10001338:	20001d58 	.word	0x20001d58
1000133c:	10000f51 	.word	0x10000f51
10001340:	40056038 	.word	0x40056038

10001344 <alarm_pool_get_default>:
10001344:	4800      	ldr	r0, [pc, #0]	; (10001348 <alarm_pool_get_default+0x4>)
10001346:	4770      	bx	lr
10001348:	200010cc 	.word	0x200010cc

1000134c <alarm_pool_add_alarm_at>:
1000134c:	b5f8      	push	{r3, r4, r5, r6, r7, lr}
1000134e:	001f      	movs	r7, r3
10001350:	ab08      	add	r3, sp, #32
10001352:	781b      	ldrb	r3, [r3, #0]
10001354:	0004      	movs	r4, r0
10001356:	0016      	movs	r6, r2
10001358:	2b00      	cmp	r3, #0
1000135a:	d107      	bne.n	1000136c <alarm_pool_add_alarm_at+0x20>
1000135c:	f000 fa08 	bl	10001770 <time_us_64>
10001360:	0032      	movs	r2, r6
10001362:	003b      	movs	r3, r7
10001364:	1a12      	subs	r2, r2, r0
10001366:	418b      	sbcs	r3, r1
10001368:	2b00      	cmp	r3, #0
1000136a:	db4b      	blt.n	10001404 <alarm_pool_add_alarm_at+0xb8>
1000136c:	6922      	ldr	r2, [r4, #16]
1000136e:	f3ef 8010 	mrs	r0, PRIMASK
10001372:	b672      	cpsid	i
10001374:	6813      	ldr	r3, [r2, #0]
10001376:	2b00      	cmp	r3, #0
10001378:	d0fc      	beq.n	10001374 <alarm_pool_add_alarm_at+0x28>
1000137a:	f3bf 8f5f 	dmb	sy
1000137e:	2302      	movs	r3, #2
10001380:	5ee1      	ldrsh	r1, [r4, r3]
10001382:	6963      	ldr	r3, [r4, #20]
10001384:	004a      	lsls	r2, r1, #1
10001386:	469c      	mov	ip, r3
10001388:	1852      	adds	r2, r2, r1
1000138a:	00d2      	lsls	r2, r2, #3
1000138c:	4462      	add	r2, ip
1000138e:	2900      	cmp	r1, #0
10001390:	db01      	blt.n	10001396 <alarm_pool_add_alarm_at+0x4a>
10001392:	8813      	ldrh	r3, [r2, #0]
10001394:	8063      	strh	r3, [r4, #2]
10001396:	6923      	ldr	r3, [r4, #16]
10001398:	f3bf 8f5f 	dmb	sy
1000139c:	2500      	movs	r5, #0
1000139e:	601d      	str	r5, [r3, #0]
100013a0:	f380 8810 	msr	PRIMASK, r0
100013a4:	2900      	cmp	r1, #0
100013a6:	db2f      	blt.n	10001408 <alarm_pool_add_alarm_at+0xbc>
100013a8:	9b06      	ldr	r3, [sp, #24]
100013aa:	6096      	str	r6, [r2, #8]
100013ac:	60d7      	str	r7, [r2, #12]
100013ae:	6113      	str	r3, [r2, #16]
100013b0:	9b07      	ldr	r3, [sp, #28]
100013b2:	6153      	str	r3, [r2, #20]
100013b4:	8853      	ldrh	r3, [r2, #2]
100013b6:	3301      	adds	r3, #1
100013b8:	045b      	lsls	r3, r3, #17
100013ba:	0c5b      	lsrs	r3, r3, #17
100013bc:	1e1d      	subs	r5, r3, #0
100013be:	d01e      	beq.n	100013fe <alarm_pool_add_alarm_at+0xb2>
100013c0:	0408      	lsls	r0, r1, #16
100013c2:	4328      	orrs	r0, r5
100013c4:	8053      	strh	r3, [r2, #2]
100013c6:	6925      	ldr	r5, [r4, #16]
100013c8:	f3ef 8610 	mrs	r6, PRIMASK
100013cc:	b672      	cpsid	i
100013ce:	682b      	ldr	r3, [r5, #0]
100013d0:	2b00      	cmp	r3, #0
100013d2:	d0fc      	beq.n	100013ce <alarm_pool_add_alarm_at+0x82>
100013d4:	f3bf 8f5f 	dmb	sy
100013d8:	88a3      	ldrh	r3, [r4, #4]
100013da:	8013      	strh	r3, [r2, #0]
100013dc:	80a1      	strh	r1, [r4, #4]
100013de:	6923      	ldr	r3, [r4, #16]
100013e0:	f3bf 8f5f 	dmb	sy
100013e4:	2200      	movs	r2, #0
100013e6:	601a      	str	r2, [r3, #0]
100013e8:	f386 8810 	msr	PRIMASK, r6
100013ec:	4908      	ldr	r1, [pc, #32]	; (10001410 <alarm_pool_add_alarm_at+0xc4>)
100013ee:	7823      	ldrb	r3, [r4, #0]
100013f0:	3201      	adds	r2, #1
100013f2:	468c      	mov	ip, r1
100013f4:	409a      	lsls	r2, r3
100013f6:	68e3      	ldr	r3, [r4, #12]
100013f8:	4463      	add	r3, ip
100013fa:	601a      	str	r2, [r3, #0]
100013fc:	bdf8      	pop	{r3, r4, r5, r6, r7, pc}
100013fe:	2501      	movs	r5, #1
10001400:	2301      	movs	r3, #1
10001402:	e7dd      	b.n	100013c0 <alarm_pool_add_alarm_at+0x74>
10001404:	2000      	movs	r0, #0
10001406:	e7f9      	b.n	100013fc <alarm_pool_add_alarm_at+0xb0>
10001408:	2001      	movs	r0, #1
1000140a:	4240      	negs	r0, r0
1000140c:	e7f6      	b.n	100013fc <alarm_pool_add_alarm_at+0xb0>
1000140e:	46c0      	nop			; (mov r8, r8)
10001410:	0000203c 	.word	0x0000203c

10001414 <alarm_pool_add_alarm_at_force_in_context>:
10001414:	b5f0      	push	{r4, r5, r6, r7, lr}
10001416:	0001      	movs	r1, r0
10001418:	6904      	ldr	r4, [r0, #16]
1000141a:	f3ef 8610 	mrs	r6, PRIMASK
1000141e:	b672      	cpsid	i
10001420:	6820      	ldr	r0, [r4, #0]
10001422:	2800      	cmp	r0, #0
10001424:	d0fc      	beq.n	10001420 <alarm_pool_add_alarm_at_force_in_context+0xc>
10001426:	f3bf 8f5f 	dmb	sy
1000142a:	2002      	movs	r0, #2
1000142c:	5e0d      	ldrsh	r5, [r1, r0]
1000142e:	6948      	ldr	r0, [r1, #20]
10001430:	006c      	lsls	r4, r5, #1
10001432:	4684      	mov	ip, r0
10001434:	1964      	adds	r4, r4, r5
10001436:	00e4      	lsls	r4, r4, #3
10001438:	4464      	add	r4, ip
1000143a:	2d00      	cmp	r5, #0
1000143c:	db01      	blt.n	10001442 <alarm_pool_add_alarm_at_force_in_context+0x2e>
1000143e:	8820      	ldrh	r0, [r4, #0]
10001440:	8048      	strh	r0, [r1, #2]
10001442:	6908      	ldr	r0, [r1, #16]
10001444:	f3bf 8f5f 	dmb	sy
10001448:	2700      	movs	r7, #0
1000144a:	6007      	str	r7, [r0, #0]
1000144c:	f386 8810 	msr	PRIMASK, r6
10001450:	2d00      	cmp	r5, #0
10001452:	db2d      	blt.n	100014b0 <alarm_pool_add_alarm_at_force_in_context+0x9c>
10001454:	60a2      	str	r2, [r4, #8]
10001456:	60e3      	str	r3, [r4, #12]
10001458:	8863      	ldrh	r3, [r4, #2]
1000145a:	9805      	ldr	r0, [sp, #20]
1000145c:	3301      	adds	r3, #1
1000145e:	6120      	str	r0, [r4, #16]
10001460:	045b      	lsls	r3, r3, #17
10001462:	9806      	ldr	r0, [sp, #24]
10001464:	0c5b      	lsrs	r3, r3, #17
10001466:	6160      	str	r0, [r4, #20]
10001468:	1e1a      	subs	r2, r3, #0
1000146a:	d01e      	beq.n	100014aa <alarm_pool_add_alarm_at_force_in_context+0x96>
1000146c:	0428      	lsls	r0, r5, #16
1000146e:	4310      	orrs	r0, r2
10001470:	8063      	strh	r3, [r4, #2]
10001472:	690a      	ldr	r2, [r1, #16]
10001474:	f3ef 8610 	mrs	r6, PRIMASK
10001478:	b672      	cpsid	i
1000147a:	6813      	ldr	r3, [r2, #0]
1000147c:	2b00      	cmp	r3, #0
1000147e:	d0fc      	beq.n	1000147a <alarm_pool_add_alarm_at_force_in_context+0x66>
10001480:	f3bf 8f5f 	dmb	sy
10001484:	888b      	ldrh	r3, [r1, #4]
10001486:	8023      	strh	r3, [r4, #0]
10001488:	808d      	strh	r5, [r1, #4]
1000148a:	690b      	ldr	r3, [r1, #16]
1000148c:	f3bf 8f5f 	dmb	sy
10001490:	2200      	movs	r2, #0
10001492:	601a      	str	r2, [r3, #0]
10001494:	f386 8810 	msr	PRIMASK, r6
10001498:	780b      	ldrb	r3, [r1, #0]
1000149a:	3201      	adds	r2, #1
1000149c:	409a      	lsls	r2, r3
1000149e:	68cb      	ldr	r3, [r1, #12]
100014a0:	4905      	ldr	r1, [pc, #20]	; (100014b8 <alarm_pool_add_alarm_at_force_in_context+0xa4>)
100014a2:	468c      	mov	ip, r1
100014a4:	4463      	add	r3, ip
100014a6:	601a      	str	r2, [r3, #0]
100014a8:	bdf0      	pop	{r4, r5, r6, r7, pc}
100014aa:	2201      	movs	r2, #1
100014ac:	2301      	movs	r3, #1
100014ae:	e7dd      	b.n	1000146c <alarm_pool_add_alarm_at_force_in_context+0x58>
100014b0:	2001      	movs	r0, #1
100014b2:	4240      	negs	r0, r0
100014b4:	e7f8      	b.n	100014a8 <alarm_pool_add_alarm_at_force_in_context+0x94>
100014b6:	46c0      	nop			; (mov r8, r8)
100014b8:	0000203c 	.word	0x0000203c

100014bc <alarm_pool_cancel_alarm>:
100014bc:	b530      	push	{r4, r5, lr}
100014be:	8943      	ldrh	r3, [r0, #10]
100014c0:	140a      	asrs	r2, r1, #16
100014c2:	4293      	cmp	r3, r2
100014c4:	dd32      	ble.n	1000152c <alarm_pool_cancel_alarm+0x70>
100014c6:	0053      	lsls	r3, r2, #1
100014c8:	189b      	adds	r3, r3, r2
100014ca:	6942      	ldr	r2, [r0, #20]
100014cc:	00db      	lsls	r3, r3, #3
100014ce:	4694      	mov	ip, r2
100014d0:	6905      	ldr	r5, [r0, #16]
100014d2:	4463      	add	r3, ip
100014d4:	f3ef 8410 	mrs	r4, PRIMASK
100014d8:	b672      	cpsid	i
100014da:	682a      	ldr	r2, [r5, #0]
100014dc:	2a00      	cmp	r2, #0
100014de:	d0fc      	beq.n	100014da <alarm_pool_cancel_alarm+0x1e>
100014e0:	f3bf 8f5f 	dmb	sy
100014e4:	885a      	ldrh	r2, [r3, #2]
100014e6:	b289      	uxth	r1, r1
100014e8:	b292      	uxth	r2, r2
100014ea:	4291      	cmp	r1, r2
100014ec:	d008      	beq.n	10001500 <alarm_pool_cancel_alarm+0x44>
100014ee:	6903      	ldr	r3, [r0, #16]
100014f0:	f3bf 8f5f 	dmb	sy
100014f4:	2200      	movs	r2, #0
100014f6:	601a      	str	r2, [r3, #0]
100014f8:	f384 8810 	msr	PRIMASK, r4
100014fc:	2000      	movs	r0, #0
100014fe:	bd30      	pop	{r4, r5, pc}
10001500:	2180      	movs	r1, #128	; 0x80
10001502:	0209      	lsls	r1, r1, #8
10001504:	430a      	orrs	r2, r1
10001506:	805a      	strh	r2, [r3, #2]
10001508:	2301      	movs	r3, #1
1000150a:	6902      	ldr	r2, [r0, #16]
1000150c:	7183      	strb	r3, [r0, #6]
1000150e:	f3bf 8f5f 	dmb	sy
10001512:	2100      	movs	r1, #0
10001514:	6011      	str	r1, [r2, #0]
10001516:	f384 8810 	msr	PRIMASK, r4
1000151a:	4905      	ldr	r1, [pc, #20]	; (10001530 <alarm_pool_cancel_alarm+0x74>)
1000151c:	7802      	ldrb	r2, [r0, #0]
1000151e:	468c      	mov	ip, r1
10001520:	4093      	lsls	r3, r2
10001522:	68c2      	ldr	r2, [r0, #12]
10001524:	2001      	movs	r0, #1
10001526:	4462      	add	r2, ip
10001528:	6013      	str	r3, [r2, #0]
1000152a:	e7e8      	b.n	100014fe <alarm_pool_cancel_alarm+0x42>
1000152c:	2000      	movs	r0, #0
1000152e:	e7e6      	b.n	100014fe <alarm_pool_cancel_alarm+0x42>
10001530:	0000203c 	.word	0x0000203c

10001534 <alarm_pool_core_num>:
10001534:	7840      	ldrb	r0, [r0, #1]
10001536:	4770      	bx	lr

10001538 <best_effort_wfe_or_timeout>:
10001538:	b5f0      	push	{r4, r5, r6, r7, lr}
1000153a:	46d6      	mov	lr, sl
1000153c:	464f      	mov	r7, r9
1000153e:	4646      	mov	r6, r8
10001540:	b5c0      	push	{r6, r7, lr}
10001542:	0004      	movs	r4, r0
10001544:	b082      	sub	sp, #8
10001546:	000d      	movs	r5, r1
10001548:	f3ef 8705 	mrs	r7, IPSR
1000154c:	4689      	mov	r9, r1
1000154e:	2f00      	cmp	r7, #0
10001550:	d00e      	beq.n	10001570 <best_effort_wfe_or_timeout+0x38>
10001552:	4935      	ldr	r1, [pc, #212]	; (10001628 <best_effort_wfe_or_timeout+0xf0>)
10001554:	2000      	movs	r0, #0
10001556:	6a4b      	ldr	r3, [r1, #36]	; 0x24
10001558:	42ab      	cmp	r3, r5
1000155a:	d303      	bcc.n	10001564 <best_effort_wfe_or_timeout+0x2c>
1000155c:	6a8a      	ldr	r2, [r1, #40]	; 0x28
1000155e:	3001      	adds	r0, #1
10001560:	42a2      	cmp	r2, r4
10001562:	d346      	bcc.n	100015f2 <best_effort_wfe_or_timeout+0xba>
10001564:	b002      	add	sp, #8
10001566:	bc1c      	pop	{r2, r3, r4}
10001568:	4690      	mov	r8, r2
1000156a:	4699      	mov	r9, r3
1000156c:	46a2      	mov	sl, r4
1000156e:	bdf0      	pop	{r4, r5, r6, r7, pc}
10001570:	4b2e      	ldr	r3, [pc, #184]	; (1000162c <best_effort_wfe_or_timeout+0xf4>)
10001572:	4698      	mov	r8, r3
10001574:	68db      	ldr	r3, [r3, #12]
10001576:	469a      	mov	sl, r3
10001578:	4643      	mov	r3, r8
1000157a:	4650      	mov	r0, sl
1000157c:	781e      	ldrb	r6, [r3, #0]
1000157e:	f000 f8ed 	bl	1000175c <timer_time_us_64>
10001582:	4653      	mov	r3, sl
10001584:	3604      	adds	r6, #4
10001586:	00b6      	lsls	r6, r6, #2
10001588:	58f3      	ldr	r3, [r6, r3]
1000158a:	0022      	movs	r2, r4
1000158c:	1a1e      	subs	r6, r3, r0
1000158e:	002b      	movs	r3, r5
10001590:	1a12      	subs	r2, r2, r0
10001592:	418b      	sbcs	r3, r1
10001594:	429f      	cmp	r7, r3
10001596:	dc02      	bgt.n	1000159e <best_effort_wfe_or_timeout+0x66>
10001598:	d130      	bne.n	100015fc <best_effort_wfe_or_timeout+0xc4>
1000159a:	4296      	cmp	r6, r2
1000159c:	d92e      	bls.n	100015fc <best_effort_wfe_or_timeout+0xc4>
1000159e:	f000 f8e7 	bl	10001770 <time_us_64>
100015a2:	0022      	movs	r2, r4
100015a4:	002b      	movs	r3, r5
100015a6:	1a12      	subs	r2, r2, r0
100015a8:	418b      	sbcs	r3, r1
100015aa:	2b00      	cmp	r3, #0
100015ac:	db31      	blt.n	10001612 <best_effort_wfe_or_timeout+0xda>
100015ae:	2300      	movs	r3, #0
100015b0:	9301      	str	r3, [sp, #4]
100015b2:	4b1f      	ldr	r3, [pc, #124]	; (10001630 <best_effort_wfe_or_timeout+0xf8>)
100015b4:	0022      	movs	r2, r4
100015b6:	9300      	str	r3, [sp, #0]
100015b8:	4640      	mov	r0, r8
100015ba:	002b      	movs	r3, r5
100015bc:	f7ff ff2a 	bl	10001414 <alarm_pool_add_alarm_at_force_in_context>
100015c0:	2800      	cmp	r0, #0
100015c2:	dd26      	ble.n	10001612 <best_effort_wfe_or_timeout+0xda>
100015c4:	4b18      	ldr	r3, [pc, #96]	; (10001628 <best_effort_wfe_or_timeout+0xf0>)
100015c6:	6a5a      	ldr	r2, [r3, #36]	; 0x24
100015c8:	454a      	cmp	r2, r9
100015ca:	d304      	bcc.n	100015d6 <best_effort_wfe_or_timeout+0x9e>
100015cc:	6a9b      	ldr	r3, [r3, #40]	; 0x28
100015ce:	42a3      	cmp	r3, r4
100015d0:	d202      	bcs.n	100015d8 <best_effort_wfe_or_timeout+0xa0>
100015d2:	454a      	cmp	r2, r9
100015d4:	d100      	bne.n	100015d8 <best_effort_wfe_or_timeout+0xa0>
100015d6:	bf20      	wfe
100015d8:	0001      	movs	r1, r0
100015da:	4640      	mov	r0, r8
100015dc:	f7ff ff6e 	bl	100014bc <alarm_pool_cancel_alarm>
100015e0:	4a11      	ldr	r2, [pc, #68]	; (10001628 <best_effort_wfe_or_timeout+0xf0>)
100015e2:	2000      	movs	r0, #0
100015e4:	6a53      	ldr	r3, [r2, #36]	; 0x24
100015e6:	454b      	cmp	r3, r9
100015e8:	d3bc      	bcc.n	10001564 <best_effort_wfe_or_timeout+0x2c>
100015ea:	6a92      	ldr	r2, [r2, #40]	; 0x28
100015ec:	3001      	adds	r0, #1
100015ee:	42a2      	cmp	r2, r4
100015f0:	d2b8      	bcs.n	10001564 <best_effort_wfe_or_timeout+0x2c>
100015f2:	1b5b      	subs	r3, r3, r5
100015f4:	1e58      	subs	r0, r3, #1
100015f6:	4183      	sbcs	r3, r0
100015f8:	b2d8      	uxtb	r0, r3
100015fa:	e7b3      	b.n	10001564 <best_effort_wfe_or_timeout+0x2c>
100015fc:	bf20      	wfe
100015fe:	4a0a      	ldr	r2, [pc, #40]	; (10001628 <best_effort_wfe_or_timeout+0xf0>)
10001600:	2000      	movs	r0, #0
10001602:	6a53      	ldr	r3, [r2, #36]	; 0x24
10001604:	454b      	cmp	r3, r9
10001606:	d3ad      	bcc.n	10001564 <best_effort_wfe_or_timeout+0x2c>
10001608:	6a92      	ldr	r2, [r2, #40]	; 0x28
1000160a:	3001      	adds	r0, #1
1000160c:	42a2      	cmp	r2, r4
1000160e:	d2a9      	bcs.n	10001564 <best_effort_wfe_or_timeout+0x2c>
10001610:	e7ef      	b.n	100015f2 <best_effort_wfe_or_timeout+0xba>
10001612:	4a05      	ldr	r2, [pc, #20]	; (10001628 <best_effort_wfe_or_timeout+0xf0>)
10001614:	2000      	movs	r0, #0
10001616:	6a53      	ldr	r3, [r2, #36]	; 0x24
10001618:	454b      	cmp	r3, r9
1000161a:	d3a3      	bcc.n	10001564 <best_effort_wfe_or_timeout+0x2c>
1000161c:	6a92      	ldr	r2, [r2, #40]	; 0x28
1000161e:	2001      	movs	r0, #1
10001620:	42a2      	cmp	r2, r4
10001622:	d29f      	bcs.n	10001564 <best_effort_wfe_or_timeout+0x2c>
10001624:	e7e5      	b.n	100015f2 <best_effort_wfe_or_timeout+0xba>
10001626:	46c0      	nop			; (mov r8, r8)
10001628:	40054000 	.word	0x40054000
1000162c:	200010cc 	.word	0x200010cc
10001630:	10000f21 	.word	0x10000f21

10001634 <alarm_pool_add_repeating_timer_us>:
10001634:	b5f0      	push	{r4, r5, r6, r7, lr}
10001636:	46c6      	mov	lr, r8
10001638:	0011      	movs	r1, r2
1000163a:	b500      	push	{lr}
1000163c:	b082      	sub	sp, #8
1000163e:	0004      	movs	r4, r0
10001640:	469c      	mov	ip, r3
10001642:	9d0a      	ldr	r5, [sp, #40]	; 0x28
10001644:	4319      	orrs	r1, r3
10001646:	d100      	bne.n	1000164a <alarm_pool_add_repeating_timer_us+0x16>
10001648:	e067      	b.n	1000171a <alarm_pool_add_repeating_timer_us+0xe6>
1000164a:	4661      	mov	r1, ip
1000164c:	17db      	asrs	r3, r3, #31
1000164e:	9301      	str	r3, [sp, #4]
10001650:	9300      	str	r3, [sp, #0]
10001652:	4053      	eors	r3, r2
10001654:	001e      	movs	r6, r3
10001656:	9b01      	ldr	r3, [sp, #4]
10001658:	404b      	eors	r3, r1
1000165a:	001f      	movs	r7, r3
1000165c:	9800      	ldr	r0, [sp, #0]
1000165e:	9901      	ldr	r1, [sp, #4]
10001660:	1a36      	subs	r6, r6, r0
10001662:	418f      	sbcs	r7, r1
10001664:	4663      	mov	r3, ip
10001666:	9908      	ldr	r1, [sp, #32]
10001668:	606b      	str	r3, [r5, #4]
1000166a:	9b09      	ldr	r3, [sp, #36]	; 0x24
1000166c:	60ac      	str	r4, [r5, #8]
1000166e:	6129      	str	r1, [r5, #16]
10001670:	602a      	str	r2, [r5, #0]
10001672:	616b      	str	r3, [r5, #20]
10001674:	f000 f87c 	bl	10001770 <time_us_64>
10001678:	1836      	adds	r6, r6, r0
1000167a:	414f      	adcs	r7, r1
1000167c:	2f00      	cmp	r7, #0
1000167e:	db55      	blt.n	1000172c <alarm_pool_add_repeating_timer_us+0xf8>
10001680:	6922      	ldr	r2, [r4, #16]
10001682:	f3ef 8810 	mrs	r8, PRIMASK
10001686:	b672      	cpsid	i
10001688:	6811      	ldr	r1, [r2, #0]
1000168a:	2900      	cmp	r1, #0
1000168c:	d0fc      	beq.n	10001688 <alarm_pool_add_repeating_timer_us+0x54>
1000168e:	f3bf 8f5f 	dmb	sy
10001692:	6960      	ldr	r0, [r4, #20]
10001694:	2302      	movs	r3, #2
10001696:	5ee1      	ldrsh	r1, [r4, r3]
10001698:	4684      	mov	ip, r0
1000169a:	004a      	lsls	r2, r1, #1
1000169c:	1852      	adds	r2, r2, r1
1000169e:	00d2      	lsls	r2, r2, #3
100016a0:	4462      	add	r2, ip
100016a2:	2900      	cmp	r1, #0
100016a4:	db01      	blt.n	100016aa <alarm_pool_add_repeating_timer_us+0x76>
100016a6:	8810      	ldrh	r0, [r2, #0]
100016a8:	8060      	strh	r0, [r4, #2]
100016aa:	6920      	ldr	r0, [r4, #16]
100016ac:	f3bf 8f5f 	dmb	sy
100016b0:	2300      	movs	r3, #0
100016b2:	6003      	str	r3, [r0, #0]
100016b4:	f388 8810 	msr	PRIMASK, r8
100016b8:	2900      	cmp	r1, #0
100016ba:	db3b      	blt.n	10001734 <alarm_pool_add_repeating_timer_us+0x100>
100016bc:	4b1f      	ldr	r3, [pc, #124]	; (1000173c <alarm_pool_add_repeating_timer_us+0x108>)
100016be:	6155      	str	r5, [r2, #20]
100016c0:	6113      	str	r3, [r2, #16]
100016c2:	8853      	ldrh	r3, [r2, #2]
100016c4:	6096      	str	r6, [r2, #8]
100016c6:	60d7      	str	r7, [r2, #12]
100016c8:	3301      	adds	r3, #1
100016ca:	045b      	lsls	r3, r3, #17
100016cc:	0c5b      	lsrs	r3, r3, #17
100016ce:	1e18      	subs	r0, r3, #0
100016d0:	d029      	beq.n	10001726 <alarm_pool_add_repeating_timer_us+0xf2>
100016d2:	8053      	strh	r3, [r2, #2]
100016d4:	040b      	lsls	r3, r1, #16
100016d6:	4303      	orrs	r3, r0
100016d8:	6926      	ldr	r6, [r4, #16]
100016da:	f3ef 8710 	mrs	r7, PRIMASK
100016de:	b672      	cpsid	i
100016e0:	6830      	ldr	r0, [r6, #0]
100016e2:	2800      	cmp	r0, #0
100016e4:	d0fc      	beq.n	100016e0 <alarm_pool_add_repeating_timer_us+0xac>
100016e6:	f3bf 8f5f 	dmb	sy
100016ea:	88a0      	ldrh	r0, [r4, #4]
100016ec:	8010      	strh	r0, [r2, #0]
100016ee:	80a1      	strh	r1, [r4, #4]
100016f0:	6922      	ldr	r2, [r4, #16]
100016f2:	f3bf 8f5f 	dmb	sy
100016f6:	2100      	movs	r1, #0
100016f8:	6011      	str	r1, [r2, #0]
100016fa:	f387 8810 	msr	PRIMASK, r7
100016fe:	4810      	ldr	r0, [pc, #64]	; (10001740 <alarm_pool_add_repeating_timer_us+0x10c>)
10001700:	7822      	ldrb	r2, [r4, #0]
10001702:	4684      	mov	ip, r0
10001704:	3101      	adds	r1, #1
10001706:	4091      	lsls	r1, r2
10001708:	2001      	movs	r0, #1
1000170a:	68e2      	ldr	r2, [r4, #12]
1000170c:	4462      	add	r2, ip
1000170e:	6011      	str	r1, [r2, #0]
10001710:	60eb      	str	r3, [r5, #12]
10001712:	b002      	add	sp, #8
10001714:	bc04      	pop	{r2}
10001716:	4690      	mov	r8, r2
10001718:	bdf0      	pop	{r4, r5, r6, r7, pc}
1000171a:	2300      	movs	r3, #0
1000171c:	2601      	movs	r6, #1
1000171e:	2700      	movs	r7, #0
10001720:	2201      	movs	r2, #1
10001722:	469c      	mov	ip, r3
10001724:	e79e      	b.n	10001664 <alarm_pool_add_repeating_timer_us+0x30>
10001726:	2001      	movs	r0, #1
10001728:	2301      	movs	r3, #1
1000172a:	e7d2      	b.n	100016d2 <alarm_pool_add_repeating_timer_us+0x9e>
1000172c:	2601      	movs	r6, #1
1000172e:	4f05      	ldr	r7, [pc, #20]	; (10001744 <alarm_pool_add_repeating_timer_us+0x110>)
10001730:	4276      	negs	r6, r6
10001732:	e7a5      	b.n	10001680 <alarm_pool_add_repeating_timer_us+0x4c>
10001734:	2301      	movs	r3, #1
10001736:	2000      	movs	r0, #0
10001738:	425b      	negs	r3, r3
1000173a:	e7e9      	b.n	10001710 <alarm_pool_add_repeating_timer_us+0xdc>
1000173c:	10000f51 	.word	0x10000f51
10001740:	0000203c 	.word	0x0000203c
10001744:	7fffffff 	.word	0x7fffffff

10001748 <timer_hardware_alarm_claim>:
10001748:	b510      	push	{r4, lr}
1000174a:	4a02      	ldr	r2, [pc, #8]	; (10001754 <timer_hardware_alarm_claim+0xc>)
1000174c:	4802      	ldr	r0, [pc, #8]	; (10001758 <timer_hardware_alarm_claim+0x10>)
1000174e:	f7ff f847 	bl	100007e0 <hw_claim_or_assert>
10001752:	bd10      	pop	{r4, pc}
10001754:	10004df0 	.word	0x10004df0
10001758:	200018e0 	.word	0x200018e0

1000175c <timer_time_us_64>:
1000175c:	0002      	movs	r2, r0
1000175e:	6a41      	ldr	r1, [r0, #36]	; 0x24
10001760:	e000      	b.n	10001764 <timer_time_us_64+0x8>
10001762:	0019      	movs	r1, r3
10001764:	6a90      	ldr	r0, [r2, #40]	; 0x28
10001766:	6a53      	ldr	r3, [r2, #36]	; 0x24
10001768:	4299      	cmp	r1, r3
1000176a:	d1fa      	bne.n	10001762 <timer_time_us_64+0x6>
1000176c:	4770      	bx	lr
1000176e:	46c0      	nop			; (mov r8, r8)

10001770 <time_us_64>:
10001770:	4a04      	ldr	r2, [pc, #16]	; (10001784 <time_us_64+0x14>)
10001772:	6a51      	ldr	r1, [r2, #36]	; 0x24
10001774:	e000      	b.n	10001778 <time_us_64+0x8>
10001776:	0019      	movs	r1, r3
10001778:	6a90      	ldr	r0, [r2, #40]	; 0x28
1000177a:	6a53      	ldr	r3, [r2, #36]	; 0x24
1000177c:	428b      	cmp	r3, r1
1000177e:	d1fa      	bne.n	10001776 <time_us_64+0x6>
10001780:	4770      	bx	lr
10001782:	46c0      	nop			; (mov r8, r8)
10001784:	40054000 	.word	0x40054000

10001788 <clock_configure_int_divider>:
10001788:	b5f8      	push	{r3, r4, r5, r6, r7, lr}
1000178a:	464e      	mov	r6, r9
1000178c:	4645      	mov	r5, r8
1000178e:	46de      	mov	lr, fp
10001790:	4657      	mov	r7, sl
10001792:	b5e0      	push	{r5, r6, r7, lr}
10001794:	4688      	mov	r8, r1
10001796:	0005      	movs	r5, r0
10001798:	990a      	ldr	r1, [sp, #40]	; 0x28
1000179a:	0018      	movs	r0, r3
1000179c:	0017      	movs	r7, r2
1000179e:	f000 fb49 	bl	10001e34 <__wrap___aeabi_uidiv>
100017a2:	9b0a      	ldr	r3, [sp, #40]	; 0x28
100017a4:	006c      	lsls	r4, r5, #1
100017a6:	021e      	lsls	r6, r3, #8
100017a8:	4b3f      	ldr	r3, [pc, #252]	; (100018a8 <clock_configure_int_divider+0x120>)
100017aa:	1964      	adds	r4, r4, r5
100017ac:	469c      	mov	ip, r3
100017ae:	00a4      	lsls	r4, r4, #2
100017b0:	4464      	add	r4, ip
100017b2:	6863      	ldr	r3, [r4, #4]
100017b4:	4681      	mov	r9, r0
100017b6:	429e      	cmp	r6, r3
100017b8:	d900      	bls.n	100017bc <clock_configure_int_divider+0x34>
100017ba:	6066      	str	r6, [r4, #4]
100017bc:	1f2b      	subs	r3, r5, #4
100017be:	b2db      	uxtb	r3, r3
100017c0:	469a      	mov	sl, r3
100017c2:	23c0      	movs	r3, #192	; 0xc0
100017c4:	4652      	mov	r2, sl
100017c6:	019b      	lsls	r3, r3, #6
100017c8:	18e3      	adds	r3, r4, r3
100017ca:	2a01      	cmp	r2, #1
100017cc:	d937      	bls.n	1000183e <clock_configure_int_divider+0xb6>
100017ce:	2280      	movs	r2, #128	; 0x80
100017d0:	0112      	lsls	r2, r2, #4
100017d2:	601a      	str	r2, [r3, #0]
100017d4:	4b35      	ldr	r3, [pc, #212]	; (100018ac <clock_configure_int_divider+0x124>)
100017d6:	00ad      	lsls	r5, r5, #2
100017d8:	5959      	ldr	r1, [r3, r5]
100017da:	469b      	mov	fp, r3
100017dc:	2900      	cmp	r1, #0
100017de:	d024      	beq.n	1000182a <clock_configure_int_divider+0xa2>
100017e0:	465b      	mov	r3, fp
100017e2:	6958      	ldr	r0, [r3, #20]
100017e4:	f000 fb26 	bl	10001e34 <__wrap___aeabi_uidiv>
100017e8:	1c43      	adds	r3, r0, #1
100017ea:	0058      	lsls	r0, r3, #1
100017ec:	18c0      	adds	r0, r0, r3
100017ee:	3803      	subs	r0, #3
100017f0:	d2fd      	bcs.n	100017ee <clock_configure_int_divider+0x66>
100017f2:	6823      	ldr	r3, [r4, #0]
100017f4:	017f      	lsls	r7, r7, #5
100017f6:	407b      	eors	r3, r7
100017f8:	27e0      	movs	r7, #224	; 0xe0
100017fa:	401f      	ands	r7, r3
100017fc:	2380      	movs	r3, #128	; 0x80
100017fe:	4652      	mov	r2, sl
10001800:	015b      	lsls	r3, r3, #5
10001802:	18e3      	adds	r3, r4, r3
10001804:	601f      	str	r7, [r3, #0]
10001806:	2a01      	cmp	r2, #1
10001808:	d92e      	bls.n	10001868 <clock_configure_int_divider+0xe0>
1000180a:	2380      	movs	r3, #128	; 0x80
1000180c:	2280      	movs	r2, #128	; 0x80
1000180e:	019b      	lsls	r3, r3, #6
10001810:	18e3      	adds	r3, r4, r3
10001812:	0112      	lsls	r2, r2, #4
10001814:	601a      	str	r2, [r3, #0]
10001816:	465b      	mov	r3, fp
10001818:	464a      	mov	r2, r9
1000181a:	6066      	str	r6, [r4, #4]
1000181c:	515a      	str	r2, [r3, r5]
1000181e:	bc3c      	pop	{r2, r3, r4, r5}
10001820:	4690      	mov	r8, r2
10001822:	4699      	mov	r9, r3
10001824:	46a2      	mov	sl, r4
10001826:	46ab      	mov	fp, r5
10001828:	bdf8      	pop	{r3, r4, r5, r6, r7, pc}
1000182a:	6823      	ldr	r3, [r4, #0]
1000182c:	017f      	lsls	r7, r7, #5
1000182e:	407b      	eors	r3, r7
10001830:	27e0      	movs	r7, #224	; 0xe0
10001832:	401f      	ands	r7, r3
10001834:	2380      	movs	r3, #128	; 0x80
10001836:	015b      	lsls	r3, r3, #5
10001838:	18e3      	adds	r3, r4, r3
1000183a:	601f      	str	r7, [r3, #0]
1000183c:	e7e5      	b.n	1000180a <clock_configure_int_divider+0x82>
1000183e:	4642      	mov	r2, r8
10001840:	2a01      	cmp	r2, #1
10001842:	d01e      	beq.n	10001882 <clock_configure_int_divider+0xfa>
10001844:	2280      	movs	r2, #128	; 0x80
10001846:	0112      	lsls	r2, r2, #4
10001848:	601a      	str	r2, [r3, #0]
1000184a:	4b18      	ldr	r3, [pc, #96]	; (100018ac <clock_configure_int_divider+0x124>)
1000184c:	00ad      	lsls	r5, r5, #2
1000184e:	5959      	ldr	r1, [r3, r5]
10001850:	469b      	mov	fp, r3
10001852:	2900      	cmp	r1, #0
10001854:	d1c4      	bne.n	100017e0 <clock_configure_int_divider+0x58>
10001856:	6823      	ldr	r3, [r4, #0]
10001858:	017f      	lsls	r7, r7, #5
1000185a:	407b      	eors	r3, r7
1000185c:	27e0      	movs	r7, #224	; 0xe0
1000185e:	401f      	ands	r7, r3
10001860:	2380      	movs	r3, #128	; 0x80
10001862:	015b      	lsls	r3, r3, #5
10001864:	18e3      	adds	r3, r4, r3
10001866:	601f      	str	r7, [r3, #0]
10001868:	4642      	mov	r2, r8
1000186a:	6821      	ldr	r1, [r4, #0]
1000186c:	4051      	eors	r1, r2
1000186e:	2203      	movs	r2, #3
10001870:	400a      	ands	r2, r1
10001872:	601a      	str	r2, [r3, #0]
10001874:	2301      	movs	r3, #1
10001876:	4642      	mov	r2, r8
10001878:	4093      	lsls	r3, r2
1000187a:	68a2      	ldr	r2, [r4, #8]
1000187c:	4213      	tst	r3, r2
1000187e:	d0fc      	beq.n	1000187a <clock_configure_int_divider+0xf2>
10001880:	e7c3      	b.n	1000180a <clock_configure_int_divider+0x82>
10001882:	3202      	adds	r2, #2
10001884:	601a      	str	r2, [r3, #0]
10001886:	3a02      	subs	r2, #2
10001888:	68a3      	ldr	r3, [r4, #8]
1000188a:	421a      	tst	r2, r3
1000188c:	d0fc      	beq.n	10001888 <clock_configure_int_divider+0x100>
1000188e:	6823      	ldr	r3, [r4, #0]
10001890:	017f      	lsls	r7, r7, #5
10001892:	407b      	eors	r3, r7
10001894:	27e0      	movs	r7, #224	; 0xe0
10001896:	401f      	ands	r7, r3
10001898:	2380      	movs	r3, #128	; 0x80
1000189a:	4a04      	ldr	r2, [pc, #16]	; (100018ac <clock_configure_int_divider+0x124>)
1000189c:	015b      	lsls	r3, r3, #5
1000189e:	18e3      	adds	r3, r4, r3
100018a0:	601f      	str	r7, [r3, #0]
100018a2:	4693      	mov	fp, r2
100018a4:	00ad      	lsls	r5, r5, #2
100018a6:	e7df      	b.n	10001868 <clock_configure_int_divider+0xe0>
100018a8:	40008000 	.word	0x40008000
100018ac:	200018e4 	.word	0x200018e4

100018b0 <clock_configure_undivided>:
100018b0:	b5f0      	push	{r4, r5, r6, r7, lr}
100018b2:	464f      	mov	r7, r9
100018b4:	4646      	mov	r6, r8
100018b6:	46d6      	mov	lr, sl
100018b8:	b5c0      	push	{r6, r7, lr}
100018ba:	001f      	movs	r7, r3
100018bc:	4b44      	ldr	r3, [pc, #272]	; (100019d0 <clock_configure_undivided+0x120>)
100018be:	0044      	lsls	r4, r0, #1
100018c0:	469c      	mov	ip, r3
100018c2:	1824      	adds	r4, r4, r0
100018c4:	00a4      	lsls	r4, r4, #2
100018c6:	4464      	add	r4, ip
100018c8:	6863      	ldr	r3, [r4, #4]
100018ca:	000e      	movs	r6, r1
100018cc:	0015      	movs	r5, r2
100018ce:	2bff      	cmp	r3, #255	; 0xff
100018d0:	d802      	bhi.n	100018d8 <clock_configure_undivided+0x28>
100018d2:	2380      	movs	r3, #128	; 0x80
100018d4:	005b      	lsls	r3, r3, #1
100018d6:	6063      	str	r3, [r4, #4]
100018d8:	1f03      	subs	r3, r0, #4
100018da:	b2db      	uxtb	r3, r3
100018dc:	4699      	mov	r9, r3
100018de:	23c0      	movs	r3, #192	; 0xc0
100018e0:	464a      	mov	r2, r9
100018e2:	019b      	lsls	r3, r3, #6
100018e4:	18e3      	adds	r3, r4, r3
100018e6:	2a01      	cmp	r2, #1
100018e8:	d93b      	bls.n	10001962 <clock_configure_undivided+0xb2>
100018ea:	2280      	movs	r2, #128	; 0x80
100018ec:	0112      	lsls	r2, r2, #4
100018ee:	601a      	str	r2, [r3, #0]
100018f0:	4b38      	ldr	r3, [pc, #224]	; (100019d4 <clock_configure_undivided+0x124>)
100018f2:	469a      	mov	sl, r3
100018f4:	0083      	lsls	r3, r0, #2
100018f6:	4698      	mov	r8, r3
100018f8:	4653      	mov	r3, sl
100018fa:	4642      	mov	r2, r8
100018fc:	5899      	ldr	r1, [r3, r2]
100018fe:	2900      	cmp	r1, #0
10001900:	d025      	beq.n	1000194e <clock_configure_undivided+0x9e>
10001902:	4653      	mov	r3, sl
10001904:	6958      	ldr	r0, [r3, #20]
10001906:	f000 fa95 	bl	10001e34 <__wrap___aeabi_uidiv>
1000190a:	1c43      	adds	r3, r0, #1
1000190c:	0058      	lsls	r0, r3, #1
1000190e:	18c0      	adds	r0, r0, r3
10001910:	3803      	subs	r0, #3
10001912:	d2fd      	bcs.n	10001910 <clock_configure_undivided+0x60>
10001914:	6823      	ldr	r3, [r4, #0]
10001916:	016d      	lsls	r5, r5, #5
10001918:	406b      	eors	r3, r5
1000191a:	25e0      	movs	r5, #224	; 0xe0
1000191c:	401d      	ands	r5, r3
1000191e:	2380      	movs	r3, #128	; 0x80
10001920:	464a      	mov	r2, r9
10001922:	015b      	lsls	r3, r3, #5
10001924:	18e3      	adds	r3, r4, r3
10001926:	601d      	str	r5, [r3, #0]
10001928:	2a01      	cmp	r2, #1
1000192a:	d931      	bls.n	10001990 <clock_configure_undivided+0xe0>
1000192c:	2380      	movs	r3, #128	; 0x80
1000192e:	2280      	movs	r2, #128	; 0x80
10001930:	019b      	lsls	r3, r3, #6
10001932:	18e3      	adds	r3, r4, r3
10001934:	0112      	lsls	r2, r2, #4
10001936:	601a      	str	r2, [r3, #0]
10001938:	2380      	movs	r3, #128	; 0x80
1000193a:	005b      	lsls	r3, r3, #1
1000193c:	4642      	mov	r2, r8
1000193e:	6063      	str	r3, [r4, #4]
10001940:	4653      	mov	r3, sl
10001942:	509f      	str	r7, [r3, r2]
10001944:	bc1c      	pop	{r2, r3, r4}
10001946:	4690      	mov	r8, r2
10001948:	4699      	mov	r9, r3
1000194a:	46a2      	mov	sl, r4
1000194c:	bdf0      	pop	{r4, r5, r6, r7, pc}
1000194e:	6823      	ldr	r3, [r4, #0]
10001950:	016d      	lsls	r5, r5, #5
10001952:	406b      	eors	r3, r5
10001954:	25e0      	movs	r5, #224	; 0xe0
10001956:	401d      	ands	r5, r3
10001958:	2380      	movs	r3, #128	; 0x80
1000195a:	015b      	lsls	r3, r3, #5
1000195c:	18e3      	adds	r3, r4, r3
1000195e:	601d      	str	r5, [r3, #0]
10001960:	e7e4      	b.n	1000192c <clock_configure_undivided+0x7c>
10001962:	2e01      	cmp	r6, #1
10001964:	d01f      	beq.n	100019a6 <clock_configure_undivided+0xf6>
10001966:	2280      	movs	r2, #128	; 0x80
10001968:	0112      	lsls	r2, r2, #4
1000196a:	601a      	str	r2, [r3, #0]
1000196c:	4b19      	ldr	r3, [pc, #100]	; (100019d4 <clock_configure_undivided+0x124>)
1000196e:	469a      	mov	sl, r3
10001970:	0083      	lsls	r3, r0, #2
10001972:	4698      	mov	r8, r3
10001974:	4653      	mov	r3, sl
10001976:	4642      	mov	r2, r8
10001978:	5899      	ldr	r1, [r3, r2]
1000197a:	2900      	cmp	r1, #0
1000197c:	d1c1      	bne.n	10001902 <clock_configure_undivided+0x52>
1000197e:	6823      	ldr	r3, [r4, #0]
10001980:	016d      	lsls	r5, r5, #5
10001982:	406b      	eors	r3, r5
10001984:	25e0      	movs	r5, #224	; 0xe0
10001986:	401d      	ands	r5, r3
10001988:	2380      	movs	r3, #128	; 0x80
1000198a:	015b      	lsls	r3, r3, #5
1000198c:	18e3      	adds	r3, r4, r3
1000198e:	601d      	str	r5, [r3, #0]
10001990:	2203      	movs	r2, #3
10001992:	6821      	ldr	r1, [r4, #0]
10001994:	4071      	eors	r1, r6
10001996:	400a      	ands	r2, r1
10001998:	601a      	str	r2, [r3, #0]
1000199a:	2301      	movs	r3, #1
1000199c:	40b3      	lsls	r3, r6
1000199e:	68a2      	ldr	r2, [r4, #8]
100019a0:	4213      	tst	r3, r2
100019a2:	d0fc      	beq.n	1000199e <clock_configure_undivided+0xee>
100019a4:	e7c2      	b.n	1000192c <clock_configure_undivided+0x7c>
100019a6:	2203      	movs	r2, #3
100019a8:	601a      	str	r2, [r3, #0]
100019aa:	3a02      	subs	r2, #2
100019ac:	68a3      	ldr	r3, [r4, #8]
100019ae:	421a      	tst	r2, r3
100019b0:	d0fc      	beq.n	100019ac <clock_configure_undivided+0xfc>
100019b2:	6823      	ldr	r3, [r4, #0]
100019b4:	016d      	lsls	r5, r5, #5
100019b6:	406b      	eors	r3, r5
100019b8:	25e0      	movs	r5, #224	; 0xe0
100019ba:	401d      	ands	r5, r3
100019bc:	2380      	movs	r3, #128	; 0x80
100019be:	4a05      	ldr	r2, [pc, #20]	; (100019d4 <clock_configure_undivided+0x124>)
100019c0:	015b      	lsls	r3, r3, #5
100019c2:	18e3      	adds	r3, r4, r3
100019c4:	4692      	mov	sl, r2
100019c6:	0082      	lsls	r2, r0, #2
100019c8:	601d      	str	r5, [r3, #0]
100019ca:	4690      	mov	r8, r2
100019cc:	e7e0      	b.n	10001990 <clock_configure_undivided+0xe0>
100019ce:	46c0      	nop			; (mov r8, r8)
100019d0:	40008000 	.word	0x40008000
100019d4:	200018e4 	.word	0x200018e4

100019d8 <clock_get_hz>:
100019d8:	4b01      	ldr	r3, [pc, #4]	; (100019e0 <clock_get_hz+0x8>)
100019da:	0080      	lsls	r0, r0, #2
100019dc:	58c0      	ldr	r0, [r0, r3]
100019de:	4770      	bx	lr
100019e0:	200018e4 	.word	0x200018e4

100019e4 <pll_init>:
100019e4:	b5f8      	push	{r3, r4, r5, r6, r7, lr}
100019e6:	0004      	movs	r4, r0
100019e8:	4820      	ldr	r0, [pc, #128]	; (10001a6c <pll_init+0x88>)
100019ea:	0017      	movs	r7, r2
100019ec:	001e      	movs	r6, r3
100019ee:	000d      	movs	r5, r1
100019f0:	f000 fa20 	bl	10001e34 <__wrap___aeabi_uidiv>
100019f4:	0001      	movs	r1, r0
100019f6:	0038      	movs	r0, r7
100019f8:	f000 fa1c 	bl	10001e34 <__wrap___aeabi_uidiv>
100019fc:	9a06      	ldr	r2, [sp, #24]
100019fe:	0433      	lsls	r3, r6, #16
10001a00:	0312      	lsls	r2, r2, #12
10001a02:	4313      	orrs	r3, r2
10001a04:	6822      	ldr	r2, [r4, #0]
10001a06:	2a00      	cmp	r2, #0
10001a08:	db1f      	blt.n	10001a4a <pll_init+0x66>
10001a0a:	4a19      	ldr	r2, [pc, #100]	; (10001a70 <pll_init+0x8c>)
10001a0c:	4e19      	ldr	r6, [pc, #100]	; (10001a74 <pll_init+0x90>)
10001a0e:	18a2      	adds	r2, r4, r2
10001a10:	4251      	negs	r1, r2
10001a12:	414a      	adcs	r2, r1
10001a14:	2180      	movs	r1, #128	; 0x80
10001a16:	0149      	lsls	r1, r1, #5
10001a18:	468c      	mov	ip, r1
10001a1a:	4252      	negs	r2, r2
10001a1c:	400a      	ands	r2, r1
10001a1e:	4916      	ldr	r1, [pc, #88]	; (10001a78 <pll_init+0x94>)
10001a20:	4462      	add	r2, ip
10001a22:	600a      	str	r2, [r1, #0]
10001a24:	4915      	ldr	r1, [pc, #84]	; (10001a7c <pll_init+0x98>)
10001a26:	600a      	str	r2, [r1, #0]
10001a28:	0017      	movs	r7, r2
10001a2a:	6831      	ldr	r1, [r6, #0]
10001a2c:	438f      	bics	r7, r1
10001a2e:	d1fb      	bne.n	10001a28 <pll_init+0x44>
10001a30:	4a13      	ldr	r2, [pc, #76]	; (10001a80 <pll_init+0x9c>)
10001a32:	6025      	str	r5, [r4, #0]
10001a34:	18a1      	adds	r1, r4, r2
10001a36:	2221      	movs	r2, #33	; 0x21
10001a38:	60a0      	str	r0, [r4, #8]
10001a3a:	600a      	str	r2, [r1, #0]
10001a3c:	6822      	ldr	r2, [r4, #0]
10001a3e:	2a00      	cmp	r2, #0
10001a40:	dafc      	bge.n	10001a3c <pll_init+0x58>
10001a42:	60e3      	str	r3, [r4, #12]
10001a44:	2308      	movs	r3, #8
10001a46:	600b      	str	r3, [r1, #0]
10001a48:	bdf8      	pop	{r3, r4, r5, r6, r7, pc}
10001a4a:	223f      	movs	r2, #63	; 0x3f
10001a4c:	6821      	ldr	r1, [r4, #0]
10001a4e:	400a      	ands	r2, r1
10001a50:	42aa      	cmp	r2, r5
10001a52:	d1da      	bne.n	10001a0a <pll_init+0x26>
10001a54:	68a2      	ldr	r2, [r4, #8]
10001a56:	0512      	lsls	r2, r2, #20
10001a58:	0d12      	lsrs	r2, r2, #20
10001a5a:	4282      	cmp	r2, r0
10001a5c:	d1d5      	bne.n	10001a0a <pll_init+0x26>
10001a5e:	21ee      	movs	r1, #238	; 0xee
10001a60:	68e2      	ldr	r2, [r4, #12]
10001a62:	02c9      	lsls	r1, r1, #11
10001a64:	400a      	ands	r2, r1
10001a66:	429a      	cmp	r2, r3
10001a68:	d1cf      	bne.n	10001a0a <pll_init+0x26>
10001a6a:	e7ed      	b.n	10001a48 <pll_init+0x64>
10001a6c:	00b71b00 	.word	0x00b71b00
10001a70:	bffd4000 	.word	0xbffd4000
10001a74:	4000c008 	.word	0x4000c008
10001a78:	4000e000 	.word	0x4000e000
10001a7c:	4000f000 	.word	0x4000f000
10001a80:	00003004 	.word	0x00003004

10001a84 <watchdog_reboot>:
10001a84:	b510      	push	{r4, lr}
10001a86:	2480      	movs	r4, #128	; 0x80
10001a88:	4b1b      	ldr	r3, [pc, #108]	; (10001af8 <watchdog_reboot+0x74>)
10001a8a:	05e4      	lsls	r4, r4, #23
10001a8c:	601c      	str	r4, [r3, #0]
10001a8e:	2800      	cmp	r0, #0
10001a90:	d02b      	beq.n	10001aea <watchdog_reboot+0x66>
10001a92:	2301      	movs	r3, #1
10001a94:	4c19      	ldr	r4, [pc, #100]	; (10001afc <watchdog_reboot+0x78>)
10001a96:	4318      	orrs	r0, r3
10001a98:	4b19      	ldr	r3, [pc, #100]	; (10001b00 <watchdog_reboot+0x7c>)
10001a9a:	61dc      	str	r4, [r3, #28]
10001a9c:	4c19      	ldr	r4, [pc, #100]	; (10001b04 <watchdog_reboot+0x80>)
10001a9e:	4044      	eors	r4, r0
10001aa0:	621c      	str	r4, [r3, #32]
10001aa2:	6259      	str	r1, [r3, #36]	; 0x24
10001aa4:	6298      	str	r0, [r3, #40]	; 0x28
10001aa6:	2180      	movs	r1, #128	; 0x80
10001aa8:	4b13      	ldr	r3, [pc, #76]	; (10001af8 <watchdog_reboot+0x74>)
10001aaa:	05c9      	lsls	r1, r1, #23
10001aac:	6019      	str	r1, [r3, #0]
10001aae:	4816      	ldr	r0, [pc, #88]	; (10001b08 <watchdog_reboot+0x84>)
10001ab0:	4916      	ldr	r1, [pc, #88]	; (10001b0c <watchdog_reboot+0x88>)
10001ab2:	6008      	str	r0, [r1, #0]
10001ab4:	21e0      	movs	r1, #224	; 0xe0
10001ab6:	04c9      	lsls	r1, r1, #19
10001ab8:	6019      	str	r1, [r3, #0]
10001aba:	2a00      	cmp	r2, #0
10001abc:	d104      	bne.n	10001ac8 <watchdog_reboot+0x44>
10001abe:	2280      	movs	r2, #128	; 0x80
10001ac0:	4b13      	ldr	r3, [pc, #76]	; (10001b10 <watchdog_reboot+0x8c>)
10001ac2:	0612      	lsls	r2, r2, #24
10001ac4:	601a      	str	r2, [r3, #0]
10001ac6:	bd10      	pop	{r4, pc}
10001ac8:	0153      	lsls	r3, r2, #5
10001aca:	1a9b      	subs	r3, r3, r2
10001acc:	009b      	lsls	r3, r3, #2
10001ace:	189a      	adds	r2, r3, r2
10001ad0:	4b10      	ldr	r3, [pc, #64]	; (10001b14 <watchdog_reboot+0x90>)
10001ad2:	0112      	lsls	r2, r2, #4
10001ad4:	429a      	cmp	r2, r3
10001ad6:	d80b      	bhi.n	10001af0 <watchdog_reboot+0x6c>
10001ad8:	4b0f      	ldr	r3, [pc, #60]	; (10001b18 <watchdog_reboot+0x94>)
10001ada:	601a      	str	r2, [r3, #0]
10001adc:	4b08      	ldr	r3, [pc, #32]	; (10001b00 <watchdog_reboot+0x7c>)
10001ade:	605a      	str	r2, [r3, #4]
10001ae0:	2280      	movs	r2, #128	; 0x80
10001ae2:	4b0b      	ldr	r3, [pc, #44]	; (10001b10 <watchdog_reboot+0x8c>)
10001ae4:	05d2      	lsls	r2, r2, #23
10001ae6:	601a      	str	r2, [r3, #0]
10001ae8:	e7ed      	b.n	10001ac6 <watchdog_reboot+0x42>
10001aea:	4b05      	ldr	r3, [pc, #20]	; (10001b00 <watchdog_reboot+0x7c>)
10001aec:	61d8      	str	r0, [r3, #28]
10001aee:	e7da      	b.n	10001aa6 <watchdog_reboot+0x22>
10001af0:	4a09      	ldr	r2, [pc, #36]	; (10001b18 <watchdog_reboot+0x94>)
10001af2:	6013      	str	r3, [r2, #0]
10001af4:	001a      	movs	r2, r3
10001af6:	e7f1      	b.n	10001adc <watchdog_reboot+0x58>
10001af8:	4005b000 	.word	0x4005b000
10001afc:	b007c0d3 	.word	0xb007c0d3
10001b00:	40058000 	.word	0x40058000
10001b04:	4ff83f2d 	.word	0x4ff83f2d
10001b08:	0001fffc 	.word	0x0001fffc
10001b0c:	40012008 	.word	0x40012008
10001b10:	4005a000 	.word	0x4005a000
10001b14:	00ffffff 	.word	0x00ffffff
10001b18:	20001d48 	.word	0x20001d48

10001b1c <tick_start>:
10001b1c:	2380      	movs	r3, #128	; 0x80
10001b1e:	4a02      	ldr	r2, [pc, #8]	; (10001b28 <tick_start+0xc>)
10001b20:	009b      	lsls	r3, r3, #2
10001b22:	430b      	orrs	r3, r1
10001b24:	62d3      	str	r3, [r2, #44]	; 0x2c
10001b26:	4770      	bx	lr
10001b28:	40058000 	.word	0x40058000

10001b2c <rom_func_lookup>:
10001b2c:	2314      	movs	r3, #20
10001b2e:	b510      	push	{r4, lr}
10001b30:	0001      	movs	r1, r0
10001b32:	8818      	ldrh	r0, [r3, #0]
10001b34:	3304      	adds	r3, #4
10001b36:	881b      	ldrh	r3, [r3, #0]
10001b38:	4798      	blx	r3
10001b3a:	bd10      	pop	{r4, pc}

10001b3c <rom_data_lookup>:
10001b3c:	2316      	movs	r3, #22
10001b3e:	b510      	push	{r4, lr}
10001b40:	0001      	movs	r1, r0
10001b42:	8818      	ldrh	r0, [r3, #0]
10001b44:	3302      	adds	r3, #2
10001b46:	881b      	ldrh	r3, [r3, #0]
10001b48:	4798      	blx	r3
10001b4a:	bd10      	pop	{r4, pc}

10001b4c <rom_funcs_lookup>:
10001b4c:	b5f0      	push	{r4, r5, r6, r7, lr}
10001b4e:	46c6      	mov	lr, r8
10001b50:	b500      	push	{lr}
10001b52:	2900      	cmp	r1, #0
10001b54:	d016      	beq.n	10001b84 <rom_funcs_lookup+0x38>
10001b56:	2314      	movs	r3, #20
10001b58:	0004      	movs	r4, r0
10001b5a:	2501      	movs	r5, #1
10001b5c:	4698      	mov	r8, r3
10001b5e:	2718      	movs	r7, #24
10001b60:	0089      	lsls	r1, r1, #2
10001b62:	1846      	adds	r6, r0, r1
10001b64:	4643      	mov	r3, r8
10001b66:	6821      	ldr	r1, [r4, #0]
10001b68:	8818      	ldrh	r0, [r3, #0]
10001b6a:	883b      	ldrh	r3, [r7, #0]
10001b6c:	4798      	blx	r3
10001b6e:	c401      	stmia	r4!, {r0}
10001b70:	1e43      	subs	r3, r0, #1
10001b72:	4198      	sbcs	r0, r3
10001b74:	4240      	negs	r0, r0
10001b76:	4005      	ands	r5, r0
10001b78:	42a6      	cmp	r6, r4
10001b7a:	d1f3      	bne.n	10001b64 <rom_funcs_lookup+0x18>
10001b7c:	0028      	movs	r0, r5
10001b7e:	bc04      	pop	{r2}
10001b80:	4690      	mov	r8, r2
10001b82:	bdf0      	pop	{r4, r5, r6, r7, pc}
10001b84:	2501      	movs	r5, #1
10001b86:	e7f9      	b.n	10001b7c <rom_funcs_lookup+0x30>

10001b88 <rom_reset_usb_boot_extra>:
10001b88:	2314      	movs	r3, #20
10001b8a:	b570      	push	{r4, r5, r6, lr}
10001b8c:	0004      	movs	r4, r0
10001b8e:	8818      	ldrh	r0, [r3, #0]
10001b90:	3304      	adds	r3, #4
10001b92:	881b      	ldrh	r3, [r3, #0]
10001b94:	000d      	movs	r5, r1
10001b96:	4905      	ldr	r1, [pc, #20]	; (10001bac <rom_reset_usb_boot_extra+0x24>)
10001b98:	4798      	blx	r3
10001b9a:	0003      	movs	r3, r0
10001b9c:	2000      	movs	r0, #0
10001b9e:	2c00      	cmp	r4, #0
10001ba0:	db01      	blt.n	10001ba6 <rom_reset_usb_boot_extra+0x1e>
10001ba2:	3001      	adds	r0, #1
10001ba4:	40a0      	lsls	r0, r4
10001ba6:	0029      	movs	r1, r5
10001ba8:	4798      	blx	r3
10001baa:	46c0      	nop			; (mov r8, r8)
10001bac:	00004255 	.word	0x00004255

10001bb0 <xosc_init>:
10001bb0:	23aa      	movs	r3, #170	; 0xaa
10001bb2:	4a06      	ldr	r2, [pc, #24]	; (10001bcc <xosc_init+0x1c>)
10001bb4:	011b      	lsls	r3, r3, #4
10001bb6:	6013      	str	r3, [r2, #0]
10001bb8:	238d      	movs	r3, #141	; 0x8d
10001bba:	005b      	lsls	r3, r3, #1
10001bbc:	60d3      	str	r3, [r2, #12]
10001bbe:	4904      	ldr	r1, [pc, #16]	; (10001bd0 <xosc_init+0x20>)
10001bc0:	4b04      	ldr	r3, [pc, #16]	; (10001bd4 <xosc_init+0x24>)
10001bc2:	6019      	str	r1, [r3, #0]
10001bc4:	6853      	ldr	r3, [r2, #4]
10001bc6:	2b00      	cmp	r3, #0
10001bc8:	dafc      	bge.n	10001bc4 <xosc_init+0x14>
10001bca:	4770      	bx	lr
10001bcc:	40024000 	.word	0x40024000
10001bd0:	00fab000 	.word	0x00fab000
10001bd4:	40026000 	.word	0x40026000

10001bd8 <first_per_core_initializer>:
10001bd8:	4770      	bx	lr
10001bda:	46c0      	nop			; (mov r8, r8)

10001bdc <hard_assertion_failure>:
10001bdc:	b510      	push	{r4, lr}
10001bde:	4801      	ldr	r0, [pc, #4]	; (10001be4 <hard_assertion_failure+0x8>)
10001be0:	f7fe fde6 	bl	100007b0 <panic>
10001be4:	10004e14 	.word	0x10004e14

10001be8 <runtime_run_initializers>:
10001be8:	b570      	push	{r4, r5, r6, lr}
10001bea:	4b07      	ldr	r3, [pc, #28]	; (10001c08 <runtime_run_initializers+0x20>)
10001bec:	4c07      	ldr	r4, [pc, #28]	; (10001c0c <runtime_run_initializers+0x24>)
10001bee:	429c      	cmp	r4, r3
10001bf0:	d209      	bcs.n	10001c06 <runtime_run_initializers+0x1e>
10001bf2:	3b01      	subs	r3, #1
10001bf4:	1b1d      	subs	r5, r3, r4
10001bf6:	08ad      	lsrs	r5, r5, #2
10001bf8:	3501      	adds	r5, #1
10001bfa:	00ad      	lsls	r5, r5, #2
10001bfc:	192d      	adds	r5, r5, r4
10001bfe:	cc08      	ldmia	r4!, {r3}
10001c00:	4798      	blx	r3
10001c02:	42ac      	cmp	r4, r5
10001c04:	d1fb      	bne.n	10001bfe <runtime_run_initializers+0x16>
10001c06:	bd70      	pop	{r4, r5, r6, pc}
10001c08:	10004d9c 	.word	0x10004d9c
10001c0c:	10004d60 	.word	0x10004d60

10001c10 <runtime_init_early_resets>:
10001c10:	4b05      	ldr	r3, [pc, #20]	; (10001c28 <runtime_init_early_resets+0x18>)
10001c12:	4a06      	ldr	r2, [pc, #24]	; (10001c2c <runtime_init_early_resets+0x1c>)
10001c14:	4906      	ldr	r1, [pc, #24]	; (10001c30 <runtime_init_early_resets+0x20>)
10001c16:	601a      	str	r2, [r3, #0]
10001c18:	4a06      	ldr	r2, [pc, #24]	; (10001c34 <runtime_init_early_resets+0x24>)
10001c1a:	4b07      	ldr	r3, [pc, #28]	; (10001c38 <runtime_init_early_resets+0x28>)
10001c1c:	601a      	str	r2, [r3, #0]
10001c1e:	0010      	movs	r0, r2
10001c20:	680b      	ldr	r3, [r1, #0]
10001c22:	4398      	bics	r0, r3
10001c24:	d1fb      	bne.n	10001c1e <runtime_init_early_resets+0xe>
10001c26:	4770      	bx	lr
10001c28:	4000e000 	.word	0x4000e000
10001c2c:	fefbcdbf 	.word	0xfefbcdbf
10001c30:	4000c008 	.word	0x4000c008
10001c34:	003c7ffe 	.word	0x003c7ffe
10001c38:	4000f000 	.word	0x4000f000

10001c3c <runtime_init_usb_power_down>:
10001c3c:	4b04      	ldr	r3, [pc, #16]	; (10001c50 <runtime_init_usb_power_down+0x14>)
10001c3e:	6cdb      	ldr	r3, [r3, #76]	; 0x4c
10001c40:	2b00      	cmp	r3, #0
10001c42:	d103      	bne.n	10001c4c <runtime_init_usb_power_down+0x10>
10001c44:	2280      	movs	r2, #128	; 0x80
10001c46:	4b03      	ldr	r3, [pc, #12]	; (10001c54 <runtime_init_usb_power_down+0x18>)
10001c48:	02d2      	lsls	r2, r2, #11
10001c4a:	601a      	str	r2, [r3, #0]
10001c4c:	4770      	bx	lr
10001c4e:	46c0      	nop			; (mov r8, r8)
10001c50:	50110000 	.word	0x50110000
10001c54:	5011204c 	.word	0x5011204c

10001c58 <runtime_init_post_clock_resets>:
10001c58:	4a04      	ldr	r2, [pc, #16]	; (10001c6c <runtime_init_post_clock_resets+0x14>)
10001c5a:	4b05      	ldr	r3, [pc, #20]	; (10001c70 <runtime_init_post_clock_resets+0x18>)
10001c5c:	601a      	str	r2, [r3, #0]
10001c5e:	4a05      	ldr	r2, [pc, #20]	; (10001c74 <runtime_init_post_clock_resets+0x1c>)
10001c60:	6813      	ldr	r3, [r2, #0]
10001c62:	01db      	lsls	r3, r3, #7
10001c64:	3380      	adds	r3, #128	; 0x80
10001c66:	d1fb      	bne.n	10001c60 <runtime_init_post_clock_resets+0x8>
10001c68:	4770      	bx	lr
10001c6a:	46c0      	nop			; (mov r8, r8)
10001c6c:	01ffffff 	.word	0x01ffffff
10001c70:	4000f000 	.word	0x4000f000
10001c74:	4000c008 	.word	0x4000c008

10001c78 <runtime_init_rp2040_gpio_ie_disable>:
10001c78:	2240      	movs	r2, #64	; 0x40
10001c7a:	4b03      	ldr	r3, [pc, #12]	; (10001c88 <runtime_init_rp2040_gpio_ie_disable+0x10>)
10001c7c:	679a      	str	r2, [r3, #120]	; 0x78
10001c7e:	675a      	str	r2, [r3, #116]	; 0x74
10001c80:	671a      	str	r2, [r3, #112]	; 0x70
10001c82:	66da      	str	r2, [r3, #108]	; 0x6c
10001c84:	4770      	bx	lr
10001c86:	46c0      	nop			; (mov r8, r8)
10001c88:	4001f000 	.word	0x4001f000

10001c8c <runtime_init_spin_locks_reset>:
10001c8c:	b510      	push	{r4, lr}
10001c8e:	f7fe fe33 	bl	100008f8 <spin_locks_reset>
10001c92:	bd10      	pop	{r4, pc}

10001c94 <runtime_init_install_ram_vector_table>:
10001c94:	b570      	push	{r4, r5, r6, lr}
10001c96:	4928      	ldr	r1, [pc, #160]	; (10001d38 <runtime_init_install_ram_vector_table+0xa4>)
10001c98:	4c28      	ldr	r4, [pc, #160]	; (10001d3c <runtime_init_install_ram_vector_table+0xa8>)
10001c9a:	4d29      	ldr	r5, [pc, #164]	; (10001d40 <runtime_init_install_ram_vector_table+0xac>)
10001c9c:	1a64      	subs	r4, r4, r1
10001c9e:	10a6      	asrs	r6, r4, #2
10001ca0:	0032      	movs	r2, r6
10001ca2:	2e30      	cmp	r6, #48	; 0x30
10001ca4:	d900      	bls.n	10001ca8 <runtime_init_install_ram_vector_table+0x14>
10001ca6:	2230      	movs	r2, #48	; 0x30
10001ca8:	0092      	lsls	r2, r2, #2
10001caa:	0028      	movs	r0, r5
10001cac:	f000 f9d4 	bl	10002058 <__wrap___aeabi_memcpy>
10001cb0:	2e2f      	cmp	r6, #47	; 0x2f
10001cb2:	d83b      	bhi.n	10001d2c <runtime_init_install_ram_vector_table+0x98>
10001cb4:	2030      	movs	r0, #48	; 0x30
10001cb6:	212f      	movs	r1, #47	; 0x2f
10001cb8:	192b      	adds	r3, r5, r4
10001cba:	075b      	lsls	r3, r3, #29
10001cbc:	4a21      	ldr	r2, [pc, #132]	; (10001d44 <runtime_init_install_ram_vector_table+0xb0>)
10001cbe:	1b80      	subs	r0, r0, r6
10001cc0:	0fdb      	lsrs	r3, r3, #31
10001cc2:	1b89      	subs	r1, r1, r6
10001cc4:	2905      	cmp	r1, #5
10001cc6:	d916      	bls.n	10001cf6 <runtime_init_install_ram_vector_table+0x62>
10001cc8:	2b00      	cmp	r3, #0
10001cca:	d032      	beq.n	10001d32 <runtime_init_install_ram_vector_table+0x9e>
10001ccc:	00b1      	lsls	r1, r6, #2
10001cce:	506a      	str	r2, [r5, r1]
10001cd0:	1c74      	adds	r4, r6, #1
10001cd2:	1ac0      	subs	r0, r0, r3
10001cd4:	18f3      	adds	r3, r6, r3
10001cd6:	009b      	lsls	r3, r3, #2
10001cd8:	0841      	lsrs	r1, r0, #1
10001cda:	18eb      	adds	r3, r5, r3
10001cdc:	00c9      	lsls	r1, r1, #3
10001cde:	18c9      	adds	r1, r1, r3
10001ce0:	601a      	str	r2, [r3, #0]
10001ce2:	605a      	str	r2, [r3, #4]
10001ce4:	3308      	adds	r3, #8
10001ce6:	428b      	cmp	r3, r1
10001ce8:	d1fa      	bne.n	10001ce0 <runtime_init_install_ram_vector_table+0x4c>
10001cea:	2301      	movs	r3, #1
10001cec:	0001      	movs	r1, r0
10001cee:	4399      	bics	r1, r3
10001cf0:	1866      	adds	r6, r4, r1
10001cf2:	4288      	cmp	r0, r1
10001cf4:	d01a      	beq.n	10001d2c <runtime_init_install_ram_vector_table+0x98>
10001cf6:	00b3      	lsls	r3, r6, #2
10001cf8:	50ea      	str	r2, [r5, r3]
10001cfa:	1c73      	adds	r3, r6, #1
10001cfc:	2b30      	cmp	r3, #48	; 0x30
10001cfe:	d015      	beq.n	10001d2c <runtime_init_install_ram_vector_table+0x98>
10001d00:	009b      	lsls	r3, r3, #2
10001d02:	50ea      	str	r2, [r5, r3]
10001d04:	1cb3      	adds	r3, r6, #2
10001d06:	2b30      	cmp	r3, #48	; 0x30
10001d08:	d010      	beq.n	10001d2c <runtime_init_install_ram_vector_table+0x98>
10001d0a:	009b      	lsls	r3, r3, #2
10001d0c:	50ea      	str	r2, [r5, r3]
10001d0e:	1cf3      	adds	r3, r6, #3
10001d10:	2b30      	cmp	r3, #48	; 0x30
10001d12:	d00b      	beq.n	10001d2c <runtime_init_install_ram_vector_table+0x98>
10001d14:	009b      	lsls	r3, r3, #2
10001d16:	50ea      	str	r2, [r5, r3]
10001d18:	1d33      	adds	r3, r6, #4
10001d1a:	2b30      	cmp	r3, #48	; 0x30
10001d1c:	d006      	beq.n	10001d2c <runtime_init_install_ram_vector_table+0x98>
10001d1e:	009b      	lsls	r3, r3, #2
10001d20:	3605      	adds	r6, #5
10001d22:	50ea      	str	r2, [r5, r3]
10001d24:	2e30      	cmp	r6, #48	; 0x30
10001d26:	d001      	beq.n	10001d2c <runtime_init_install_ram_vector_table+0x98>
10001d28:	00b3      	lsls	r3, r6, #2
10001d2a:	50ea      	str	r2, [r5, r3]
10001d2c:	4b06      	ldr	r3, [pc, #24]	; (10001d48 <runtime_init_install_ram_vector_table+0xb4>)
10001d2e:	609d      	str	r5, [r3, #8]
10001d30:	bd70      	pop	{r4, r5, r6, pc}
10001d32:	0034      	movs	r4, r6
10001d34:	e7cd      	b.n	10001cd2 <runtime_init_install_ram_vector_table+0x3e>
10001d36:	46c0      	nop			; (mov r8, r8)
10001d38:	10000100 	.word	0x10000100
10001d3c:	100001c0 	.word	0x100001c0
10001d40:	20000000 	.word	0x20000000
10001d44:	100001c1 	.word	0x100001c1
10001d48:	e000ed00 	.word	0xe000ed00

10001d4c <runtime_init_clocks>:
10001d4c:	2300      	movs	r3, #0
10001d4e:	b510      	push	{r4, lr}
10001d50:	4c29      	ldr	r4, [pc, #164]	; (10001df8 <runtime_init_clocks+0xac>)
10001d52:	b082      	sub	sp, #8
10001d54:	67a3      	str	r3, [r4, #120]	; 0x78
10001d56:	f7ff ff2b 	bl	10001bb0 <xosc_init>
10001d5a:	2201      	movs	r2, #1
10001d5c:	4b27      	ldr	r3, [pc, #156]	; (10001dfc <runtime_init_clocks+0xb0>)
10001d5e:	601a      	str	r2, [r3, #0]
10001d60:	6c63      	ldr	r3, [r4, #68]	; 0x44
10001d62:	2b01      	cmp	r3, #1
10001d64:	d1fc      	bne.n	10001d60 <runtime_init_clocks+0x14>
10001d66:	2203      	movs	r2, #3
10001d68:	4b25      	ldr	r3, [pc, #148]	; (10001e00 <runtime_init_clocks+0xb4>)
10001d6a:	601a      	str	r2, [r3, #0]
10001d6c:	4a22      	ldr	r2, [pc, #136]	; (10001df8 <runtime_init_clocks+0xac>)
10001d6e:	6b93      	ldr	r3, [r2, #56]	; 0x38
10001d70:	2b01      	cmp	r3, #1
10001d72:	d1fc      	bne.n	10001d6e <runtime_init_clocks+0x22>
10001d74:	3301      	adds	r3, #1
10001d76:	9300      	str	r3, [sp, #0]
10001d78:	4a22      	ldr	r2, [pc, #136]	; (10001e04 <runtime_init_clocks+0xb8>)
10001d7a:	3304      	adds	r3, #4
10001d7c:	2101      	movs	r1, #1
10001d7e:	4822      	ldr	r0, [pc, #136]	; (10001e08 <runtime_init_clocks+0xbc>)
10001d80:	f7ff fe30 	bl	100019e4 <pll_init>
10001d84:	2305      	movs	r3, #5
10001d86:	4a21      	ldr	r2, [pc, #132]	; (10001e0c <runtime_init_clocks+0xc0>)
10001d88:	9300      	str	r3, [sp, #0]
10001d8a:	2101      	movs	r1, #1
10001d8c:	4820      	ldr	r0, [pc, #128]	; (10001e10 <runtime_init_clocks+0xc4>)
10001d8e:	f7ff fe29 	bl	100019e4 <pll_init>
10001d92:	4b20      	ldr	r3, [pc, #128]	; (10001e14 <runtime_init_clocks+0xc8>)
10001d94:	2200      	movs	r2, #0
10001d96:	2102      	movs	r1, #2
10001d98:	2004      	movs	r0, #4
10001d9a:	f7ff fd89 	bl	100018b0 <clock_configure_undivided>
10001d9e:	4b1e      	ldr	r3, [pc, #120]	; (10001e18 <runtime_init_clocks+0xcc>)
10001da0:	2200      	movs	r2, #0
10001da2:	2101      	movs	r1, #1
10001da4:	2005      	movs	r0, #5
10001da6:	f7ff fd83 	bl	100018b0 <clock_configure_undivided>
10001daa:	4b1c      	ldr	r3, [pc, #112]	; (10001e1c <runtime_init_clocks+0xd0>)
10001dac:	2200      	movs	r2, #0
10001dae:	2100      	movs	r1, #0
10001db0:	2007      	movs	r0, #7
10001db2:	f7ff fd7d 	bl	100018b0 <clock_configure_undivided>
10001db6:	4b19      	ldr	r3, [pc, #100]	; (10001e1c <runtime_init_clocks+0xd0>)
10001db8:	2200      	movs	r2, #0
10001dba:	2100      	movs	r1, #0
10001dbc:	2008      	movs	r0, #8
10001dbe:	f7ff fd77 	bl	100018b0 <clock_configure_undivided>
10001dc2:	2380      	movs	r3, #128	; 0x80
10001dc4:	00db      	lsls	r3, r3, #3
10001dc6:	9300      	str	r3, [sp, #0]
10001dc8:	2200      	movs	r2, #0
10001dca:	4b14      	ldr	r3, [pc, #80]	; (10001e1c <runtime_init_clocks+0xd0>)
10001dcc:	2100      	movs	r1, #0
10001dce:	2009      	movs	r0, #9
10001dd0:	f7ff fcda 	bl	10001788 <clock_configure_int_divider>
10001dd4:	4b10      	ldr	r3, [pc, #64]	; (10001e18 <runtime_init_clocks+0xcc>)
10001dd6:	2200      	movs	r2, #0
10001dd8:	2100      	movs	r1, #0
10001dda:	2006      	movs	r0, #6
10001ddc:	f7ff fd68 	bl	100018b0 <clock_configure_undivided>
10001de0:	2004      	movs	r0, #4
10001de2:	f7ff fdf9 	bl	100019d8 <clock_get_hz>
10001de6:	490e      	ldr	r1, [pc, #56]	; (10001e20 <runtime_init_clocks+0xd4>)
10001de8:	f000 f824 	bl	10001e34 <__wrap___aeabi_uidiv>
10001dec:	0001      	movs	r1, r0
10001dee:	2000      	movs	r0, #0
10001df0:	f7ff fe94 	bl	10001b1c <tick_start>
10001df4:	b002      	add	sp, #8
10001df6:	bd10      	pop	{r4, pc}
10001df8:	40008000 	.word	0x40008000
10001dfc:	4000b03c 	.word	0x4000b03c
10001e00:	4000b030 	.word	0x4000b030
10001e04:	59682f00 	.word	0x59682f00
10001e08:	40028000 	.word	0x40028000
10001e0c:	47868c00 	.word	0x47868c00
10001e10:	4002c000 	.word	0x4002c000
10001e14:	00b71b00 	.word	0x00b71b00
10001e18:	07735940 	.word	0x07735940
10001e1c:	02dc6c00 	.word	0x02dc6c00
10001e20:	000f4240 	.word	0x000f4240

10001e24 <__aeabi_bits_init>:
10001e24:	4801      	ldr	r0, [pc, #4]	; (10001e2c <__aeabi_bits_init+0x8>)
10001e26:	2104      	movs	r1, #4
10001e28:	4b01      	ldr	r3, [pc, #4]	; (10001e30 <__aeabi_bits_init+0xc>)
10001e2a:	4718      	bx	r3
10001e2c:	200010f0 	.word	0x200010f0
10001e30:	10001b4d 	.word	0x10001b4d

10001e34 <__wrap___aeabi_uidiv>:
10001e34:	4a11      	ldr	r2, [pc, #68]	; (10001e7c <divmod_u32u32_savestate+0x18>)
10001e36:	6f93      	ldr	r3, [r2, #120]	; 0x78
10001e38:	089b      	lsrs	r3, r3, #2
10001e3a:	d213      	bcs.n	10001e64 <divmod_u32u32_savestate>

10001e3c <divmod_u32u32_unsafe>:
10001e3c:	6610      	str	r0, [r2, #96]	; 0x60
10001e3e:	6651      	str	r1, [r2, #100]	; 0x64
10001e40:	2900      	cmp	r1, #0
10001e42:	d005      	beq.n	10001e50 <divmod_u32u32_unsafe+0x14>
10001e44:	e7ff      	b.n	10001e46 <divmod_u32u32_unsafe+0xa>
10001e46:	e7ff      	b.n	10001e48 <divmod_u32u32_unsafe+0xc>
10001e48:	e7ff      	b.n	10001e4a <divmod_u32u32_unsafe+0xe>
10001e4a:	6f51      	ldr	r1, [r2, #116]	; 0x74
10001e4c:	6f10      	ldr	r0, [r2, #112]	; 0x70
10001e4e:	4770      	bx	lr
10001e50:	b504      	push	{r2, lr}
10001e52:	2800      	cmp	r0, #0
10001e54:	d001      	beq.n	10001e5a <divmod_u32u32_unsafe+0x1e>
10001e56:	2000      	movs	r0, #0
10001e58:	43c0      	mvns	r0, r0
10001e5a:	f002 ff41 	bl	10004ce0 <____aeabi_idiv0_veneer>
10001e5e:	2100      	movs	r1, #0
10001e60:	bd04      	pop	{r2, pc}
10001e62:	46c0      	nop			; (mov r8, r8)

10001e64 <divmod_u32u32_savestate>:
10001e64:	b5f0      	push	{r4, r5, r6, r7, lr}
10001e66:	6e14      	ldr	r4, [r2, #96]	; 0x60
10001e68:	6e55      	ldr	r5, [r2, #100]	; 0x64
10001e6a:	6f57      	ldr	r7, [r2, #116]	; 0x74
10001e6c:	6f16      	ldr	r6, [r2, #112]	; 0x70
10001e6e:	f7ff ffe5 	bl	10001e3c <divmod_u32u32_unsafe>
10001e72:	6614      	str	r4, [r2, #96]	; 0x60
10001e74:	6655      	str	r5, [r2, #100]	; 0x64
10001e76:	6757      	str	r7, [r2, #116]	; 0x74
10001e78:	6716      	str	r6, [r2, #112]	; 0x70
10001e7a:	bdf0      	pop	{r4, r5, r6, r7, pc}
10001e7c:	d0000000 	.word	0xd0000000

10001e80 <__aeabi_double_init>:
10001e80:	2313      	movs	r3, #19
10001e82:	b570      	push	{r4, r5, r6, lr}
10001e84:	781d      	ldrb	r5, [r3, #0]
10001e86:	2d01      	cmp	r5, #1
10001e88:	d019      	beq.n	10001ebe <__aeabi_double_init+0x3e>
10001e8a:	dd14      	ble.n	10001eb6 <__aeabi_double_init+0x36>
10001e8c:	4828      	ldr	r0, [pc, #160]	; (10001f30 <__aeabi_double_init+0xb0>)
10001e8e:	f7ff fe55 	bl	10001b3c <rom_data_lookup>
10001e92:	0006      	movs	r6, r0
10001e94:	4827      	ldr	r0, [pc, #156]	; (10001f34 <__aeabi_double_init+0xb4>)
10001e96:	f7ff fe51 	bl	10001b3c <rom_data_lookup>
10001e9a:	4c27      	ldr	r4, [pc, #156]	; (10001f38 <__aeabi_double_init+0xb8>)
10001e9c:	2280      	movs	r2, #128	; 0x80
10001e9e:	0031      	movs	r1, r6
10001ea0:	0020      	movs	r0, r4
10001ea2:	f000 f8d9 	bl	10002058 <__wrap___aeabi_memcpy>
10001ea6:	2d02      	cmp	r5, #2
10001ea8:	d006      	beq.n	10001eb8 <__aeabi_double_init+0x38>
10001eaa:	4824      	ldr	r0, [pc, #144]	; (10001f3c <__aeabi_double_init+0xbc>)
10001eac:	f7ff fe3e 	bl	10001b2c <rom_func_lookup>
10001eb0:	4b23      	ldr	r3, [pc, #140]	; (10001f40 <__aeabi_double_init+0xc0>)
10001eb2:	6018      	str	r0, [r3, #0]
10001eb4:	bd70      	pop	{r4, r5, r6, pc}
10001eb6:	4c20      	ldr	r4, [pc, #128]	; (10001f38 <__aeabi_double_init+0xb8>)
10001eb8:	4a22      	ldr	r2, [pc, #136]	; (10001f44 <__aeabi_double_init+0xc4>)
10001eba:	64a2      	str	r2, [r4, #72]	; 0x48
10001ebc:	e7f5      	b.n	10001eaa <__aeabi_double_init+0x2a>
10001ebe:	4c1e      	ldr	r4, [pc, #120]	; (10001f38 <__aeabi_double_init+0xb8>)
10001ec0:	4a20      	ldr	r2, [pc, #128]	; (10001f44 <__aeabi_double_init+0xc4>)
10001ec2:	08a3      	lsrs	r3, r4, #2
10001ec4:	425b      	negs	r3, r3
10001ec6:	401d      	ands	r5, r3
10001ec8:	d02f      	beq.n	10001f2a <__aeabi_double_init+0xaa>
10001eca:	002b      	movs	r3, r5
10001ecc:	6022      	str	r2, [r4, #0]
10001ece:	2020      	movs	r0, #32
10001ed0:	00a9      	lsls	r1, r5, #2
10001ed2:	1861      	adds	r1, r4, r1
10001ed4:	1b45      	subs	r5, r0, r5
10001ed6:	600a      	str	r2, [r1, #0]
10001ed8:	604a      	str	r2, [r1, #4]
10001eda:	608a      	str	r2, [r1, #8]
10001edc:	60ca      	str	r2, [r1, #12]
10001ede:	610a      	str	r2, [r1, #16]
10001ee0:	614a      	str	r2, [r1, #20]
10001ee2:	618a      	str	r2, [r1, #24]
10001ee4:	61ca      	str	r2, [r1, #28]
10001ee6:	620a      	str	r2, [r1, #32]
10001ee8:	624a      	str	r2, [r1, #36]	; 0x24
10001eea:	628a      	str	r2, [r1, #40]	; 0x28
10001eec:	62ca      	str	r2, [r1, #44]	; 0x2c
10001eee:	630a      	str	r2, [r1, #48]	; 0x30
10001ef0:	634a      	str	r2, [r1, #52]	; 0x34
10001ef2:	638a      	str	r2, [r1, #56]	; 0x38
10001ef4:	63ca      	str	r2, [r1, #60]	; 0x3c
10001ef6:	640a      	str	r2, [r1, #64]	; 0x40
10001ef8:	644a      	str	r2, [r1, #68]	; 0x44
10001efa:	648a      	str	r2, [r1, #72]	; 0x48
10001efc:	64ca      	str	r2, [r1, #76]	; 0x4c
10001efe:	650a      	str	r2, [r1, #80]	; 0x50
10001f00:	654a      	str	r2, [r1, #84]	; 0x54
10001f02:	658a      	str	r2, [r1, #88]	; 0x58
10001f04:	65ca      	str	r2, [r1, #92]	; 0x5c
10001f06:	660a      	str	r2, [r1, #96]	; 0x60
10001f08:	664a      	str	r2, [r1, #100]	; 0x64
10001f0a:	668a      	str	r2, [r1, #104]	; 0x68
10001f0c:	66ca      	str	r2, [r1, #108]	; 0x6c
10001f0e:	670a      	str	r2, [r1, #112]	; 0x70
10001f10:	674a      	str	r2, [r1, #116]	; 0x74
10001f12:	086d      	lsrs	r5, r5, #1
10001f14:	2d10      	cmp	r5, #16
10001f16:	d103      	bne.n	10001f20 <__aeabi_double_init+0xa0>
10001f18:	678a      	str	r2, [r1, #120]	; 0x78
10001f1a:	67ca      	str	r2, [r1, #124]	; 0x7c
10001f1c:	64a2      	str	r2, [r4, #72]	; 0x48
10001f1e:	e7c4      	b.n	10001eaa <__aeabi_double_init+0x2a>
10001f20:	331e      	adds	r3, #30
10001f22:	009b      	lsls	r3, r3, #2
10001f24:	50e2      	str	r2, [r4, r3]
10001f26:	64a2      	str	r2, [r4, #72]	; 0x48
10001f28:	e7bf      	b.n	10001eaa <__aeabi_double_init+0x2a>
10001f2a:	2300      	movs	r3, #0
10001f2c:	e7cf      	b.n	10001ece <__aeabi_double_init+0x4e>
10001f2e:	46c0      	nop			; (mov r8, r8)
10001f30:	00004453 	.word	0x00004453
10001f34:	00004653 	.word	0x00004653
10001f38:	20001da4 	.word	0x20001da4
10001f3c:	0000334c 	.word	0x0000334c
10001f40:	20001d78 	.word	0x20001d78
10001f44:	10001f49 	.word	0x10001f49

10001f48 <double_table_shim_on_use_helper>:
10001f48:	b507      	push	{r0, r1, r2, lr}
10001f4a:	4660      	mov	r0, ip
10001f4c:	8801      	ldrh	r1, [r0, #0]
10001f4e:	0a0a      	lsrs	r2, r1, #8
10001f50:	3002      	adds	r0, #2
10001f52:	2adf      	cmp	r2, #223	; 0xdf
10001f54:	d1fa      	bne.n	10001f4c <double_table_shim_on_use_helper+0x4>
10001f56:	b2c9      	uxtb	r1, r1
10001f58:	0882      	lsrs	r2, r0, #2
10001f5a:	d304      	bcc.n	10001f66 <double_table_shim_on_use_helper+0x1e>
10001f5c:	8802      	ldrh	r2, [r0, #0]
10001f5e:	8840      	ldrh	r0, [r0, #2]
10001f60:	0400      	lsls	r0, r0, #16
10001f62:	4310      	orrs	r0, r2
10001f64:	e000      	b.n	10001f68 <double_table_shim_on_use_helper+0x20>
10001f66:	6800      	ldr	r0, [r0, #0]
10001f68:	4a01      	ldr	r2, [pc, #4]	; (10001f70 <double_table_shim_on_use_helper+0x28>)
10001f6a:	5050      	str	r0, [r2, r1]
10001f6c:	9003      	str	r0, [sp, #12]
10001f6e:	bd07      	pop	{r0, r1, r2, pc}
10001f70:	20001da4 	.word	0x20001da4

10001f74 <__wrap___aeabi_lmul>:
10001f74:	4351      	muls	r1, r2
10001f76:	4343      	muls	r3, r0
10001f78:	18c9      	adds	r1, r1, r3
10001f7a:	468c      	mov	ip, r1
10001f7c:	0c11      	lsrs	r1, r2, #16
10001f7e:	b283      	uxth	r3, r0
10001f80:	434b      	muls	r3, r1
10001f82:	b410      	push	{r4}
10001f84:	0c04      	lsrs	r4, r0, #16
10001f86:	4361      	muls	r1, r4
10001f88:	b292      	uxth	r2, r2
10001f8a:	b280      	uxth	r0, r0
10001f8c:	4350      	muls	r0, r2
10001f8e:	4362      	muls	r2, r4
10001f90:	041c      	lsls	r4, r3, #16
10001f92:	0c1b      	lsrs	r3, r3, #16
10001f94:	1900      	adds	r0, r0, r4
10001f96:	bc10      	pop	{r4}
10001f98:	4159      	adcs	r1, r3
10001f9a:	0413      	lsls	r3, r2, #16
10001f9c:	0c12      	lsrs	r2, r2, #16
10001f9e:	18c0      	adds	r0, r0, r3
10001fa0:	4151      	adcs	r1, r2
10001fa2:	4461      	add	r1, ip
10001fa4:	4770      	bx	lr
	...

10001fa8 <__aeabi_float_init>:
10001fa8:	2313      	movs	r3, #19
10001faa:	b510      	push	{r4, lr}
10001fac:	781c      	ldrb	r4, [r3, #0]
10001fae:	4813      	ldr	r0, [pc, #76]	; (10001ffc <__aeabi_float_init+0x54>)
10001fb0:	f7ff fdc4 	bl	10001b3c <rom_data_lookup>
10001fb4:	2c01      	cmp	r4, #1
10001fb6:	d00b      	beq.n	10001fd0 <__aeabi_float_init+0x28>
10001fb8:	dd04      	ble.n	10001fc4 <__aeabi_float_init+0x1c>
10001fba:	0001      	movs	r1, r0
10001fbc:	2280      	movs	r2, #128	; 0x80
10001fbe:	4810      	ldr	r0, [pc, #64]	; (10002000 <__aeabi_float_init+0x58>)
10001fc0:	f000 f84a 	bl	10002058 <__wrap___aeabi_memcpy>
10001fc4:	480f      	ldr	r0, [pc, #60]	; (10002004 <__aeabi_float_init+0x5c>)
10001fc6:	f7ff fdb1 	bl	10001b2c <rom_func_lookup>
10001fca:	4b0f      	ldr	r3, [pc, #60]	; (10002008 <__aeabi_float_init+0x60>)
10001fcc:	6018      	str	r0, [r3, #0]
10001fce:	bd10      	pop	{r4, pc}
10001fd0:	4c0b      	ldr	r4, [pc, #44]	; (10002000 <__aeabi_float_init+0x58>)
10001fd2:	0001      	movs	r1, r0
10001fd4:	2254      	movs	r2, #84	; 0x54
10001fd6:	0020      	movs	r0, r4
10001fd8:	f000 f83e 	bl	10002058 <__wrap___aeabi_memcpy>
10001fdc:	4b0b      	ldr	r3, [pc, #44]	; (1000200c <__aeabi_float_init+0x64>)
10001fde:	6563      	str	r3, [r4, #84]	; 0x54
10001fe0:	65a3      	str	r3, [r4, #88]	; 0x58
10001fe2:	65e3      	str	r3, [r4, #92]	; 0x5c
10001fe4:	6623      	str	r3, [r4, #96]	; 0x60
10001fe6:	6663      	str	r3, [r4, #100]	; 0x64
10001fe8:	66a3      	str	r3, [r4, #104]	; 0x68
10001fea:	66e3      	str	r3, [r4, #108]	; 0x6c
10001fec:	6723      	str	r3, [r4, #112]	; 0x70
10001fee:	6763      	str	r3, [r4, #116]	; 0x74
10001ff0:	67a3      	str	r3, [r4, #120]	; 0x78
10001ff2:	67e3      	str	r3, [r4, #124]	; 0x7c
10001ff4:	6223      	str	r3, [r4, #32]
10001ff6:	61e3      	str	r3, [r4, #28]
10001ff8:	e7e4      	b.n	10001fc4 <__aeabi_float_init+0x1c>
10001ffa:	46c0      	nop			; (mov r8, r8)
10001ffc:	00004653 	.word	0x00004653
10002000:	20001ea4 	.word	0x20001ea4
10002004:	0000334c 	.word	0x0000334c
10002008:	20001d78 	.word	0x20001d78
1000200c:	10002011 	.word	0x10002011

10002010 <float_table_shim_on_use_helper>:
10002010:	b507      	push	{r0, r1, r2, lr}
10002012:	4660      	mov	r0, ip
10002014:	8801      	ldrh	r1, [r0, #0]
10002016:	0a0a      	lsrs	r2, r1, #8
10002018:	3002      	adds	r0, #2
1000201a:	2adf      	cmp	r2, #223	; 0xdf
1000201c:	d1fa      	bne.n	10002014 <float_table_shim_on_use_helper+0x4>
1000201e:	b2c9      	uxtb	r1, r1
10002020:	0882      	lsrs	r2, r0, #2
10002022:	d304      	bcc.n	1000202e <float_table_shim_on_use_helper+0x1e>
10002024:	8802      	ldrh	r2, [r0, #0]
10002026:	8840      	ldrh	r0, [r0, #2]
10002028:	0400      	lsls	r0, r0, #16
1000202a:	4310      	orrs	r0, r2
1000202c:	e000      	b.n	10002030 <float_table_shim_on_use_helper+0x20>
1000202e:	6800      	ldr	r0, [r0, #0]
10002030:	4a01      	ldr	r2, [pc, #4]	; (10002038 <float_table_shim_on_use_helper+0x28>)
10002032:	5050      	str	r0, [r2, r1]
10002034:	9003      	str	r0, [sp, #12]
10002036:	bd07      	pop	{r0, r1, r2, pc}
10002038:	20001ea4 	.word	0x20001ea4

1000203c <__aeabi_mem_init>:
1000203c:	4801      	ldr	r0, [pc, #4]	; (10002044 <__aeabi_mem_init+0x8>)
1000203e:	2104      	movs	r1, #4
10002040:	4b01      	ldr	r3, [pc, #4]	; (10002048 <__aeabi_mem_init+0xc>)
10002042:	4718      	bx	r3
10002044:	20001100 	.word	0x20001100
10002048:	10001b4d 	.word	0x10001b4d

1000204c <__wrap_memset>:
1000204c:	4b01      	ldr	r3, [pc, #4]	; (10002054 <__wrap_memset+0x8>)
1000204e:	681b      	ldr	r3, [r3, #0]
10002050:	4718      	bx	r3
10002052:	0000      	.short	0x0000
10002054:	20001100 	.word	0x20001100

10002058 <__wrap___aeabi_memcpy>:
10002058:	4b01      	ldr	r3, [pc, #4]	; (10002060 <__wrap___aeabi_memcpy+0x8>)
1000205a:	685b      	ldr	r3, [r3, #4]
1000205c:	4718      	bx	r3
1000205e:	0000      	.short	0x0000
10002060:	20001100 	.word	0x20001100

10002064 <_out_char>:
10002064:	b510      	push	{r4, lr}
10002066:	2800      	cmp	r0, #0
10002068:	d100      	bne.n	1000206c <_out_char+0x8>
1000206a:	bd10      	pop	{r4, pc}
1000206c:	f000 f930 	bl	100022d0 <__wrap_putchar>
10002070:	e7fb      	b.n	1000206a <_out_char+0x6>
10002072:	46c0      	nop			; (mov r8, r8)

10002074 <weak_raw_vprintf>:
10002074:	b510      	push	{r4, lr}
10002076:	4a09      	ldr	r2, [pc, #36]	; (1000209c <weak_raw_vprintf+0x28>)
10002078:	b084      	sub	sp, #16
1000207a:	6814      	ldr	r4, [r2, #0]
1000207c:	2c00      	cmp	r4, #0
1000207e:	d009      	beq.n	10002094 <weak_raw_vprintf+0x20>
10002080:	2201      	movs	r2, #1
10002082:	9100      	str	r1, [sp, #0]
10002084:	0003      	movs	r3, r0
10002086:	4252      	negs	r2, r2
10002088:	a903      	add	r1, sp, #12
1000208a:	4805      	ldr	r0, [pc, #20]	; (100020a0 <weak_raw_vprintf+0x2c>)
1000208c:	47a0      	blx	r4
1000208e:	2001      	movs	r0, #1
10002090:	b004      	add	sp, #16
10002092:	bd10      	pop	{r4, pc}
10002094:	f000 f968 	bl	10002368 <__wrap_puts>
10002098:	2000      	movs	r0, #0
1000209a:	e7f9      	b.n	10002090 <weak_raw_vprintf+0x1c>
1000209c:	20001d44 	.word	0x20001d44
100020a0:	10002065 	.word	0x10002065

100020a4 <_exit>:
100020a4:	be00      	bkpt	0x0000
100020a6:	e7fd      	b.n	100020a4 <_exit>

100020a8 <exit>:
100020a8:	b510      	push	{r4, lr}
100020aa:	f7ff fffb 	bl	100020a4 <_exit>
100020ae:	46c0      	nop			; (mov r8, r8)

100020b0 <runtime_init>:
100020b0:	b570      	push	{r4, r5, r6, lr}
100020b2:	f7ff fd99 	bl	10001be8 <runtime_run_initializers>
100020b6:	4c07      	ldr	r4, [pc, #28]	; (100020d4 <runtime_init+0x24>)
100020b8:	4b07      	ldr	r3, [pc, #28]	; (100020d8 <runtime_init+0x28>)
100020ba:	429c      	cmp	r4, r3
100020bc:	d209      	bcs.n	100020d2 <runtime_init+0x22>
100020be:	3b01      	subs	r3, #1
100020c0:	1b1d      	subs	r5, r3, r4
100020c2:	08ad      	lsrs	r5, r5, #2
100020c4:	3501      	adds	r5, #1
100020c6:	00ad      	lsls	r5, r5, #2
100020c8:	192d      	adds	r5, r5, r4
100020ca:	cc08      	ldmia	r4!, {r3}
100020cc:	4798      	blx	r3
100020ce:	42ac      	cmp	r4, r5
100020d0:	d1fb      	bne.n	100020ca <runtime_init+0x1a>
100020d2:	bd70      	pop	{r4, r5, r6, pc}
100020d4:	10004d9c 	.word	0x10004d9c
100020d8:	10004da4 	.word	0x10004da4

100020dc <stdio_out_chars_no_crlf>:
100020dc:	0003      	movs	r3, r0
100020de:	b510      	push	{r4, lr}
100020e0:	0008      	movs	r0, r1
100020e2:	681b      	ldr	r3, [r3, #0]
100020e4:	0011      	movs	r1, r2
100020e6:	4798      	blx	r3
100020e8:	bd10      	pop	{r4, pc}
100020ea:	46c0      	nop			; (mov r8, r8)

100020ec <stdio_out_chars_crlf>:
100020ec:	b5f8      	push	{r3, r4, r5, r6, r7, lr}
100020ee:	4647      	mov	r7, r8
100020f0:	46ce      	mov	lr, r9
100020f2:	b580      	push	{r7, lr}
100020f4:	7d43      	ldrb	r3, [r0, #21]
100020f6:	4680      	mov	r8, r0
100020f8:	000c      	movs	r4, r1
100020fa:	0015      	movs	r5, r2
100020fc:	2b00      	cmp	r3, #0
100020fe:	d043      	beq.n	10002188 <stdio_out_chars_crlf+0x9c>
10002100:	2a00      	cmp	r2, #0
10002102:	dd34      	ble.n	1000216e <stdio_out_chars_crlf+0x82>
10002104:	780a      	ldrb	r2, [r1, #0]
10002106:	7d03      	ldrb	r3, [r0, #20]
10002108:	2000      	movs	r0, #0
1000210a:	2a0a      	cmp	r2, #10
1000210c:	d033      	beq.n	10002176 <stdio_out_chars_crlf+0x8a>
1000210e:	2d01      	cmp	r5, #1
10002110:	d01e      	beq.n	10002150 <stdio_out_chars_crlf+0x64>
10002112:	4b20      	ldr	r3, [pc, #128]	; (10002194 <stdio_out_chars_crlf+0xa8>)
10002114:	2101      	movs	r1, #1
10002116:	1e67      	subs	r7, r4, #1
10002118:	4699      	mov	r9, r3
1000211a:	e002      	b.n	10002122 <stdio_out_chars_crlf+0x36>
1000211c:	0031      	movs	r1, r6
1000211e:	42b5      	cmp	r5, r6
10002120:	d016      	beq.n	10002150 <stdio_out_chars_crlf+0x64>
10002122:	5c63      	ldrb	r3, [r4, r1]
10002124:	5c7a      	ldrb	r2, [r7, r1]
10002126:	1c4e      	adds	r6, r1, #1
10002128:	2b0a      	cmp	r3, #10
1000212a:	d1f7      	bne.n	1000211c <stdio_out_chars_crlf+0x30>
1000212c:	2a0d      	cmp	r2, #13
1000212e:	d0f5      	beq.n	1000211c <stdio_out_chars_crlf+0x30>
10002130:	4643      	mov	r3, r8
10002132:	681b      	ldr	r3, [r3, #0]
10002134:	4288      	cmp	r0, r1
10002136:	da04      	bge.n	10002142 <stdio_out_chars_crlf+0x56>
10002138:	1a09      	subs	r1, r1, r0
1000213a:	1820      	adds	r0, r4, r0
1000213c:	4798      	blx	r3
1000213e:	4643      	mov	r3, r8
10002140:	681b      	ldr	r3, [r3, #0]
10002142:	2102      	movs	r1, #2
10002144:	4648      	mov	r0, r9
10002146:	4798      	blx	r3
10002148:	0030      	movs	r0, r6
1000214a:	0031      	movs	r1, r6
1000214c:	42b5      	cmp	r5, r6
1000214e:	d1e8      	bne.n	10002122 <stdio_out_chars_crlf+0x36>
10002150:	4285      	cmp	r5, r0
10002152:	dd04      	ble.n	1000215e <stdio_out_chars_crlf+0x72>
10002154:	4643      	mov	r3, r8
10002156:	1a29      	subs	r1, r5, r0
10002158:	681b      	ldr	r3, [r3, #0]
1000215a:	1820      	adds	r0, r4, r0
1000215c:	4798      	blx	r3
1000215e:	1964      	adds	r4, r4, r5
10002160:	3c01      	subs	r4, #1
10002162:	7823      	ldrb	r3, [r4, #0]
10002164:	3b0d      	subs	r3, #13
10002166:	425a      	negs	r2, r3
10002168:	4153      	adcs	r3, r2
1000216a:	4642      	mov	r2, r8
1000216c:	7513      	strb	r3, [r2, #20]
1000216e:	bc0c      	pop	{r2, r3}
10002170:	4690      	mov	r8, r2
10002172:	4699      	mov	r9, r3
10002174:	bdf8      	pop	{r3, r4, r5, r6, r7, pc}
10002176:	2b00      	cmp	r3, #0
10002178:	d1c9      	bne.n	1000210e <stdio_out_chars_crlf+0x22>
1000217a:	4643      	mov	r3, r8
1000217c:	4805      	ldr	r0, [pc, #20]	; (10002194 <stdio_out_chars_crlf+0xa8>)
1000217e:	2102      	movs	r1, #2
10002180:	681b      	ldr	r3, [r3, #0]
10002182:	4798      	blx	r3
10002184:	2001      	movs	r0, #1
10002186:	e7c2      	b.n	1000210e <stdio_out_chars_crlf+0x22>
10002188:	6803      	ldr	r3, [r0, #0]
1000218a:	0011      	movs	r1, r2
1000218c:	0020      	movs	r0, r4
1000218e:	4798      	blx	r3
10002190:	e7ed      	b.n	1000216e <stdio_out_chars_crlf+0x82>
10002192:	46c0      	nop			; (mov r8, r8)
10002194:	10004ebc 	.word	0x10004ebc

10002198 <stdio_put_string>:
10002198:	b5f0      	push	{r4, r5, r6, r7, lr}
1000219a:	46de      	mov	lr, fp
1000219c:	4657      	mov	r7, sl
1000219e:	464e      	mov	r6, r9
100021a0:	4645      	mov	r5, r8
100021a2:	b5e0      	push	{r5, r6, r7, lr}
100021a4:	b085      	sub	sp, #20
100021a6:	0017      	movs	r7, r2
100021a8:	001c      	movs	r4, r3
100021aa:	0006      	movs	r6, r0
100021ac:	000d      	movs	r5, r1
100021ae:	f7ff fadf 	bl	10001770 <time_us_64>
100021b2:	2300      	movs	r3, #0
100021b4:	4a31      	ldr	r2, [pc, #196]	; (1000227c <stdio_put_string+0xe4>)
100021b6:	1812      	adds	r2, r2, r0
100021b8:	414b      	adcs	r3, r1
100021ba:	2b00      	cmp	r3, #0
100021bc:	db59      	blt.n	10002272 <stdio_put_string+0xda>
100021be:	4930      	ldr	r1, [pc, #192]	; (10002280 <stdio_put_string+0xe8>)
100021c0:	0008      	movs	r0, r1
100021c2:	4688      	mov	r8, r1
100021c4:	f002 fdac 	bl	10004d20 <__mutex_try_enter_block_until_veneer>
100021c8:	9001      	str	r0, [sp, #4]
100021ca:	1c6b      	adds	r3, r5, #1
100021cc:	d103      	bne.n	100021d6 <stdio_put_string+0x3e>
100021ce:	0030      	movs	r0, r6
100021d0:	f002 fd30 	bl	10004c34 <strlen>
100021d4:	0005      	movs	r5, r0
100021d6:	2c00      	cmp	r4, #0
100021d8:	d126      	bne.n	10002228 <stdio_put_string+0x90>
100021da:	4b2a      	ldr	r3, [pc, #168]	; (10002284 <stdio_put_string+0xec>)
100021dc:	469a      	mov	sl, r3
100021de:	4b2a      	ldr	r3, [pc, #168]	; (10002288 <stdio_put_string+0xf0>)
100021e0:	681c      	ldr	r4, [r3, #0]
100021e2:	2c00      	cmp	r4, #0
100021e4:	d015      	beq.n	10002212 <stdio_put_string+0x7a>
100021e6:	2f00      	cmp	r7, #0
100021e8:	d121      	bne.n	1000222e <stdio_put_string+0x96>
100021ea:	4f28      	ldr	r7, [pc, #160]	; (1000228c <stdio_put_string+0xf4>)
100021ec:	e002      	b.n	100021f4 <stdio_put_string+0x5c>
100021ee:	6924      	ldr	r4, [r4, #16]
100021f0:	2c00      	cmp	r4, #0
100021f2:	d00e      	beq.n	10002212 <stdio_put_string+0x7a>
100021f4:	6823      	ldr	r3, [r4, #0]
100021f6:	2b00      	cmp	r3, #0
100021f8:	d0f9      	beq.n	100021ee <stdio_put_string+0x56>
100021fa:	683b      	ldr	r3, [r7, #0]
100021fc:	2b00      	cmp	r3, #0
100021fe:	d001      	beq.n	10002204 <stdio_put_string+0x6c>
10002200:	42a3      	cmp	r3, r4
10002202:	d1f4      	bne.n	100021ee <stdio_put_string+0x56>
10002204:	0020      	movs	r0, r4
10002206:	002a      	movs	r2, r5
10002208:	0031      	movs	r1, r6
1000220a:	47d0      	blx	sl
1000220c:	6924      	ldr	r4, [r4, #16]
1000220e:	2c00      	cmp	r4, #0
10002210:	d1f0      	bne.n	100021f4 <stdio_put_string+0x5c>
10002212:	9b01      	ldr	r3, [sp, #4]
10002214:	2b00      	cmp	r3, #0
10002216:	d128      	bne.n	1000226a <stdio_put_string+0xd2>
10002218:	0028      	movs	r0, r5
1000221a:	b005      	add	sp, #20
1000221c:	bc3c      	pop	{r2, r3, r4, r5}
1000221e:	4690      	mov	r8, r2
10002220:	4699      	mov	r9, r3
10002222:	46a2      	mov	sl, r4
10002224:	46ab      	mov	fp, r5
10002226:	bdf0      	pop	{r4, r5, r6, r7, pc}
10002228:	4b19      	ldr	r3, [pc, #100]	; (10002290 <stdio_put_string+0xf8>)
1000222a:	469a      	mov	sl, r3
1000222c:	e7d7      	b.n	100021de <stdio_put_string+0x46>
1000222e:	4b17      	ldr	r3, [pc, #92]	; (1000228c <stdio_put_string+0xf4>)
10002230:	469b      	mov	fp, r3
10002232:	ab02      	add	r3, sp, #8
10002234:	1ddf      	adds	r7, r3, #7
10002236:	230a      	movs	r3, #10
10002238:	4699      	mov	r9, r3
1000223a:	e002      	b.n	10002242 <stdio_put_string+0xaa>
1000223c:	6924      	ldr	r4, [r4, #16]
1000223e:	2c00      	cmp	r4, #0
10002240:	d0e7      	beq.n	10002212 <stdio_put_string+0x7a>
10002242:	6823      	ldr	r3, [r4, #0]
10002244:	2b00      	cmp	r3, #0
10002246:	d0f9      	beq.n	1000223c <stdio_put_string+0xa4>
10002248:	465b      	mov	r3, fp
1000224a:	681b      	ldr	r3, [r3, #0]
1000224c:	2b00      	cmp	r3, #0
1000224e:	d001      	beq.n	10002254 <stdio_put_string+0xbc>
10002250:	42a3      	cmp	r3, r4
10002252:	d1f3      	bne.n	1000223c <stdio_put_string+0xa4>
10002254:	002a      	movs	r2, r5
10002256:	0031      	movs	r1, r6
10002258:	0020      	movs	r0, r4
1000225a:	47d0      	blx	sl
1000225c:	464b      	mov	r3, r9
1000225e:	2201      	movs	r2, #1
10002260:	0039      	movs	r1, r7
10002262:	0020      	movs	r0, r4
10002264:	703b      	strb	r3, [r7, #0]
10002266:	47d0      	blx	sl
10002268:	e7e8      	b.n	1000223c <stdio_put_string+0xa4>
1000226a:	4640      	mov	r0, r8
1000226c:	f002 fd28 	bl	10004cc0 <__mutex_exit_veneer>
10002270:	e7d2      	b.n	10002218 <stdio_put_string+0x80>
10002272:	2201      	movs	r2, #1
10002274:	4b07      	ldr	r3, [pc, #28]	; (10002294 <stdio_put_string+0xfc>)
10002276:	4252      	negs	r2, r2
10002278:	e7a1      	b.n	100021be <stdio_put_string+0x26>
1000227a:	46c0      	nop			; (mov r8, r8)
1000227c:	000f4240 	.word	0x000f4240
10002280:	20001148 	.word	0x20001148
10002284:	100020dd 	.word	0x100020dd
10002288:	20001938 	.word	0x20001938
1000228c:	20001940 	.word	0x20001940
10002290:	100020ed 	.word	0x100020ed
10002294:	7fffffff 	.word	0x7fffffff

10002298 <stdio_set_driver_enabled>:
10002298:	4a0a      	ldr	r2, [pc, #40]	; (100022c4 <stdio_set_driver_enabled+0x2c>)
1000229a:	6813      	ldr	r3, [r2, #0]
1000229c:	2b00      	cmp	r3, #0
1000229e:	d105      	bne.n	100022ac <stdio_set_driver_enabled+0x14>
100022a0:	e00c      	b.n	100022bc <stdio_set_driver_enabled+0x24>
100022a2:	001a      	movs	r2, r3
100022a4:	691b      	ldr	r3, [r3, #16]
100022a6:	3210      	adds	r2, #16
100022a8:	2b00      	cmp	r3, #0
100022aa:	d007      	beq.n	100022bc <stdio_set_driver_enabled+0x24>
100022ac:	4298      	cmp	r0, r3
100022ae:	d1f8      	bne.n	100022a2 <stdio_set_driver_enabled+0xa>
100022b0:	2900      	cmp	r1, #0
100022b2:	d102      	bne.n	100022ba <stdio_set_driver_enabled+0x22>
100022b4:	6903      	ldr	r3, [r0, #16]
100022b6:	6013      	str	r3, [r2, #0]
100022b8:	6101      	str	r1, [r0, #16]
100022ba:	4770      	bx	lr
100022bc:	2900      	cmp	r1, #0
100022be:	d0fc      	beq.n	100022ba <stdio_set_driver_enabled+0x22>
100022c0:	6010      	str	r0, [r2, #0]
100022c2:	e7fa      	b.n	100022ba <stdio_set_driver_enabled+0x22>
100022c4:	20001938 	.word	0x20001938

100022c8 <stdio_init_all>:
100022c8:	b510      	push	{r4, lr}
100022ca:	f000 fa93 	bl	100027f4 <stdio_usb_init>
100022ce:	bd10      	pop	{r4, pc}

100022d0 <__wrap_putchar>:
100022d0:	b5f0      	push	{r4, r5, r6, r7, lr}
100022d2:	46ce      	mov	lr, r9
100022d4:	4647      	mov	r7, r8
100022d6:	b580      	push	{r7, lr}
100022d8:	b083      	sub	sp, #12
100022da:	466b      	mov	r3, sp
100022dc:	1dde      	adds	r6, r3, #7
100022de:	0005      	movs	r5, r0
100022e0:	7030      	strb	r0, [r6, #0]
100022e2:	f7ff fa45 	bl	10001770 <time_us_64>
100022e6:	2300      	movs	r3, #0
100022e8:	4a1a      	ldr	r2, [pc, #104]	; (10002354 <__wrap_putchar+0x84>)
100022ea:	1812      	adds	r2, r2, r0
100022ec:	414b      	adcs	r3, r1
100022ee:	2b00      	cmp	r3, #0
100022f0:	db2c      	blt.n	1000234c <__wrap_putchar+0x7c>
100022f2:	4f19      	ldr	r7, [pc, #100]	; (10002358 <__wrap_putchar+0x88>)
100022f4:	0038      	movs	r0, r7
100022f6:	f002 fd13 	bl	10004d20 <__mutex_try_enter_block_until_veneer>
100022fa:	4b18      	ldr	r3, [pc, #96]	; (1000235c <__wrap_putchar+0x8c>)
100022fc:	4680      	mov	r8, r0
100022fe:	681c      	ldr	r4, [r3, #0]
10002300:	2c00      	cmp	r4, #0
10002302:	d016      	beq.n	10002332 <__wrap_putchar+0x62>
10002304:	4b16      	ldr	r3, [pc, #88]	; (10002360 <__wrap_putchar+0x90>)
10002306:	4699      	mov	r9, r3
10002308:	e002      	b.n	10002310 <__wrap_putchar+0x40>
1000230a:	6924      	ldr	r4, [r4, #16]
1000230c:	2c00      	cmp	r4, #0
1000230e:	d010      	beq.n	10002332 <__wrap_putchar+0x62>
10002310:	6823      	ldr	r3, [r4, #0]
10002312:	2b00      	cmp	r3, #0
10002314:	d0f9      	beq.n	1000230a <__wrap_putchar+0x3a>
10002316:	464b      	mov	r3, r9
10002318:	681b      	ldr	r3, [r3, #0]
1000231a:	2b00      	cmp	r3, #0
1000231c:	d001      	beq.n	10002322 <__wrap_putchar+0x52>
1000231e:	42a3      	cmp	r3, r4
10002320:	d1f3      	bne.n	1000230a <__wrap_putchar+0x3a>
10002322:	0020      	movs	r0, r4
10002324:	2201      	movs	r2, #1
10002326:	0031      	movs	r1, r6
10002328:	f7ff fee0 	bl	100020ec <stdio_out_chars_crlf>
1000232c:	6924      	ldr	r4, [r4, #16]
1000232e:	2c00      	cmp	r4, #0
10002330:	d1ee      	bne.n	10002310 <__wrap_putchar+0x40>
10002332:	4643      	mov	r3, r8
10002334:	2b00      	cmp	r3, #0
10002336:	d105      	bne.n	10002344 <__wrap_putchar+0x74>
10002338:	0028      	movs	r0, r5
1000233a:	b003      	add	sp, #12
1000233c:	bc0c      	pop	{r2, r3}
1000233e:	4690      	mov	r8, r2
10002340:	4699      	mov	r9, r3
10002342:	bdf0      	pop	{r4, r5, r6, r7, pc}
10002344:	0038      	movs	r0, r7
10002346:	f002 fcbb 	bl	10004cc0 <__mutex_exit_veneer>
1000234a:	e7f5      	b.n	10002338 <__wrap_putchar+0x68>
1000234c:	2201      	movs	r2, #1
1000234e:	4b05      	ldr	r3, [pc, #20]	; (10002364 <__wrap_putchar+0x94>)
10002350:	4252      	negs	r2, r2
10002352:	e7ce      	b.n	100022f2 <__wrap_putchar+0x22>
10002354:	000f4240 	.word	0x000f4240
10002358:	20001148 	.word	0x20001148
1000235c:	20001938 	.word	0x20001938
10002360:	20001940 	.word	0x20001940
10002364:	7fffffff 	.word	0x7fffffff

10002368 <__wrap_puts>:
10002368:	b570      	push	{r4, r5, r6, lr}
1000236a:	0004      	movs	r4, r0
1000236c:	f002 fc62 	bl	10004c34 <strlen>
10002370:	2301      	movs	r3, #1
10002372:	0001      	movs	r1, r0
10002374:	0005      	movs	r5, r0
10002376:	2201      	movs	r2, #1
10002378:	0020      	movs	r0, r4
1000237a:	f7ff ff0d 	bl	10002198 <stdio_put_string>
1000237e:	4b08      	ldr	r3, [pc, #32]	; (100023a0 <__wrap_puts+0x38>)
10002380:	681c      	ldr	r4, [r3, #0]
10002382:	2c00      	cmp	r4, #0
10002384:	d006      	beq.n	10002394 <__wrap_puts+0x2c>
10002386:	6863      	ldr	r3, [r4, #4]
10002388:	2b00      	cmp	r3, #0
1000238a:	d005      	beq.n	10002398 <__wrap_puts+0x30>
1000238c:	4798      	blx	r3
1000238e:	6924      	ldr	r4, [r4, #16]
10002390:	2c00      	cmp	r4, #0
10002392:	d1f8      	bne.n	10002386 <__wrap_puts+0x1e>
10002394:	0028      	movs	r0, r5
10002396:	bd70      	pop	{r4, r5, r6, pc}
10002398:	6924      	ldr	r4, [r4, #16]
1000239a:	2c00      	cmp	r4, #0
1000239c:	d1f3      	bne.n	10002386 <__wrap_puts+0x1e>
1000239e:	e7f9      	b.n	10002394 <__wrap_puts+0x2c>
100023a0:	20001938 	.word	0x20001938

100023a4 <resetd_init>:
100023a4:	4770      	bx	lr
100023a6:	46c0      	nop			; (mov r8, r8)

100023a8 <resetd_reset>:
100023a8:	2200      	movs	r2, #0
100023aa:	4b01      	ldr	r3, [pc, #4]	; (100023b0 <resetd_reset+0x8>)
100023ac:	701a      	strb	r2, [r3, #0]
100023ae:	4770      	bx	lr
100023b0:	20001d9e 	.word	0x20001d9e

100023b4 <resetd_open>:
100023b4:	794b      	ldrb	r3, [r1, #5]
100023b6:	2000      	movs	r0, #0
100023b8:	2bff      	cmp	r3, #255	; 0xff
100023ba:	d10b      	bne.n	100023d4 <resetd_open+0x20>
100023bc:	798b      	ldrb	r3, [r1, #6]
100023be:	2b00      	cmp	r3, #0
100023c0:	d108      	bne.n	100023d4 <resetd_open+0x20>
100023c2:	79cb      	ldrb	r3, [r1, #7]
100023c4:	2b01      	cmp	r3, #1
100023c6:	d105      	bne.n	100023d4 <resetd_open+0x20>
100023c8:	2a08      	cmp	r2, #8
100023ca:	d903      	bls.n	100023d4 <resetd_open+0x20>
100023cc:	788a      	ldrb	r2, [r1, #2]
100023ce:	4b02      	ldr	r3, [pc, #8]	; (100023d8 <resetd_open+0x24>)
100023d0:	3009      	adds	r0, #9
100023d2:	701a      	strb	r2, [r3, #0]
100023d4:	4770      	bx	lr
100023d6:	46c0      	nop			; (mov r8, r8)
100023d8:	20001d9e 	.word	0x20001d9e

100023dc <resetd_xfer_cb>:
100023dc:	2001      	movs	r0, #1
100023de:	4770      	bx	lr

100023e0 <resetd_control_xfer_cb>:
100023e0:	b510      	push	{r4, lr}
100023e2:	2901      	cmp	r1, #1
100023e4:	d109      	bne.n	100023fa <resetd_control_xfer_cb+0x1a>
100023e6:	4915      	ldr	r1, [pc, #84]	; (1000243c <resetd_control_xfer_cb+0x5c>)
100023e8:	7953      	ldrb	r3, [r2, #5]
100023ea:	7910      	ldrb	r0, [r2, #4]
100023ec:	7809      	ldrb	r1, [r1, #0]
100023ee:	021b      	lsls	r3, r3, #8
100023f0:	4303      	orrs	r3, r0
100023f2:	2000      	movs	r0, #0
100023f4:	4299      	cmp	r1, r3
100023f6:	d002      	beq.n	100023fe <resetd_control_xfer_cb+0x1e>
100023f8:	bd10      	pop	{r4, pc}
100023fa:	2001      	movs	r0, #1
100023fc:	e7fc      	b.n	100023f8 <resetd_control_xfer_cb+0x18>
100023fe:	7853      	ldrb	r3, [r2, #1]
10002400:	2b01      	cmp	r3, #1
10002402:	d008      	beq.n	10002416 <resetd_control_xfer_cb+0x36>
10002404:	2b02      	cmp	r3, #2
10002406:	d1f7      	bne.n	100023f8 <resetd_control_xfer_cb+0x18>
10002408:	2000      	movs	r0, #0
1000240a:	2264      	movs	r2, #100	; 0x64
1000240c:	2100      	movs	r1, #0
1000240e:	f7ff fb39 	bl	10001a84 <watchdog_reboot>
10002412:	2001      	movs	r0, #1
10002414:	e7f0      	b.n	100023f8 <resetd_control_xfer_cb+0x18>
10002416:	78d1      	ldrb	r1, [r2, #3]
10002418:	7893      	ldrb	r3, [r2, #2]
1000241a:	0209      	lsls	r1, r1, #8
1000241c:	4319      	orrs	r1, r3
1000241e:	05cb      	lsls	r3, r1, #23
10002420:	d507      	bpl.n	10002432 <resetd_control_xfer_cb+0x52>
10002422:	0a4a      	lsrs	r2, r1, #9
10002424:	b290      	uxth	r0, r2
10002426:	2301      	movs	r3, #1
10002428:	401a      	ands	r2, r3
1000242a:	337e      	adds	r3, #126	; 0x7e
1000242c:	4019      	ands	r1, r3
1000242e:	f7ff fbab 	bl	10001b88 <rom_reset_usb_boot_extra>
10002432:	2001      	movs	r0, #1
10002434:	0a4a      	lsrs	r2, r1, #9
10002436:	4240      	negs	r0, r0
10002438:	e7f5      	b.n	10002426 <resetd_control_xfer_cb+0x46>
1000243a:	46c0      	nop			; (mov r8, r8)
1000243c:	20001d9e 	.word	0x20001d9e

10002440 <tud_descriptor_bos_cb>:
10002440:	4800      	ldr	r0, [pc, #0]	; (10002444 <tud_descriptor_bos_cb+0x4>)
10002442:	4770      	bx	lr
10002444:	10004ee0 	.word	0x10004ee0

10002448 <tud_vendor_control_xfer_cb>:
10002448:	b510      	push	{r4, lr}
1000244a:	2301      	movs	r3, #1
1000244c:	0014      	movs	r4, r2
1000244e:	2901      	cmp	r1, #1
10002450:	d109      	bne.n	10002466 <tud_vendor_control_xfer_cb+0x1e>
10002452:	7852      	ldrb	r2, [r2, #1]
10002454:	2300      	movs	r3, #0
10002456:	2a01      	cmp	r2, #1
10002458:	d105      	bne.n	10002466 <tud_vendor_control_xfer_cb+0x1e>
1000245a:	7962      	ldrb	r2, [r4, #5]
1000245c:	7921      	ldrb	r1, [r4, #4]
1000245e:	0212      	lsls	r2, r2, #8
10002460:	430a      	orrs	r2, r1
10002462:	2a07      	cmp	r2, #7
10002464:	d001      	beq.n	1000246a <tud_vendor_control_xfer_cb+0x22>
10002466:	0018      	movs	r0, r3
10002468:	bd10      	pop	{r4, pc}
1000246a:	33a6      	adds	r3, #166	; 0xa6
1000246c:	4a02      	ldr	r2, [pc, #8]	; (10002478 <tud_vendor_control_xfer_cb+0x30>)
1000246e:	0021      	movs	r1, r4
10002470:	f001 fa86 	bl	10003980 <tud_control_xfer>
10002474:	0003      	movs	r3, r0
10002476:	e7f6      	b.n	10002466 <tud_vendor_control_xfer_cb+0x1e>
10002478:	10004f04 	.word	0x10004f04

1000247c <usbd_app_driver_get_cb>:
1000247c:	2301      	movs	r3, #1
1000247e:	7003      	strb	r3, [r0, #0]
10002480:	4800      	ldr	r0, [pc, #0]	; (10002484 <usbd_app_driver_get_cb+0x8>)
10002482:	4770      	bx	lr
10002484:	10004ec0 	.word	0x10004ec0

10002488 <tud_cdc_line_coding_cb>:
10002488:	784a      	ldrb	r2, [r1, #1]
1000248a:	780b      	ldrb	r3, [r1, #0]
1000248c:	0212      	lsls	r2, r2, #8
1000248e:	431a      	orrs	r2, r3
10002490:	788b      	ldrb	r3, [r1, #2]
10002492:	b510      	push	{r4, lr}
10002494:	041b      	lsls	r3, r3, #16
10002496:	431a      	orrs	r2, r3
10002498:	78cb      	ldrb	r3, [r1, #3]
1000249a:	061b      	lsls	r3, r3, #24
1000249c:	4313      	orrs	r3, r2
1000249e:	2296      	movs	r2, #150	; 0x96
100024a0:	00d2      	lsls	r2, r2, #3
100024a2:	4293      	cmp	r3, r2
100024a4:	d000      	beq.n	100024a8 <tud_cdc_line_coding_cb+0x20>
100024a6:	bd10      	pop	{r4, pc}
100024a8:	2200      	movs	r2, #0
100024aa:	2001      	movs	r0, #1
100024ac:	0011      	movs	r1, r2
100024ae:	4240      	negs	r0, r0
100024b0:	f7ff fb6a 	bl	10001b88 <rom_reset_usb_boot_extra>

100024b4 <stdio_usb_set_chars_available_callback>:
100024b4:	4b02      	ldr	r3, [pc, #8]	; (100024c0 <stdio_usb_set_chars_available_callback+0xc>)
100024b6:	6018      	str	r0, [r3, #0]
100024b8:	4b02      	ldr	r3, [pc, #8]	; (100024c4 <stdio_usb_set_chars_available_callback+0x10>)
100024ba:	6019      	str	r1, [r3, #0]
100024bc:	4770      	bx	lr
100024be:	46c0      	nop			; (mov r8, r8)
100024c0:	200018d4 	.word	0x200018d4
100024c4:	200018d8 	.word	0x200018d8

100024c8 <timer_task>:
100024c8:	4b15      	ldr	r3, [pc, #84]	; (10002520 <timer_task+0x58>)
100024ca:	b570      	push	{r4, r5, r6, lr}
100024cc:	681a      	ldr	r2, [r3, #0]
100024ce:	2a00      	cmp	r2, #0
100024d0:	d022      	beq.n	10002518 <timer_task+0x50>
100024d2:	f3ef 8110 	mrs	r1, PRIMASK
100024d6:	b672      	cpsid	i
100024d8:	6810      	ldr	r0, [r2, #0]
100024da:	2800      	cmp	r0, #0
100024dc:	d0fc      	beq.n	100024d8 <timer_task+0x10>
100024de:	f3bf 8f5f 	dmb	sy
100024e2:	2200      	movs	r2, #0
100024e4:	480f      	ldr	r0, [pc, #60]	; (10002524 <timer_task+0x5c>)
100024e6:	6059      	str	r1, [r3, #4]
100024e8:	7002      	strb	r2, [r0, #0]
100024ea:	681b      	ldr	r3, [r3, #0]
100024ec:	f3bf 8f5f 	dmb	sy
100024f0:	601a      	str	r2, [r3, #0]
100024f2:	f381 8810 	msr	PRIMASK, r1
100024f6:	2400      	movs	r4, #0
100024f8:	2500      	movs	r5, #0
100024fa:	4e0b      	ldr	r6, [pc, #44]	; (10002528 <timer_task+0x60>)
100024fc:	7830      	ldrb	r0, [r6, #0]
100024fe:	f7fe fa2d 	bl	1000095c <irq_is_enabled>
10002502:	2800      	cmp	r0, #0
10002504:	d104      	bne.n	10002510 <timer_task+0x48>
10002506:	2400      	movs	r4, #0
10002508:	2500      	movs	r5, #0
1000250a:	0029      	movs	r1, r5
1000250c:	0020      	movs	r0, r4
1000250e:	bd70      	pop	{r4, r5, r6, pc}
10002510:	7830      	ldrb	r0, [r6, #0]
10002512:	f7fe fa2f 	bl	10000974 <irq_set_pending>
10002516:	e7f8      	b.n	1000250a <timer_task+0x42>
10002518:	24fa      	movs	r4, #250	; 0xfa
1000251a:	2500      	movs	r5, #0
1000251c:	00a4      	lsls	r4, r4, #2
1000251e:	e7ec      	b.n	100024fa <timer_task+0x32>
10002520:	20001d50 	.word	0x20001d50
10002524:	20001da0 	.word	0x20001da0
10002528:	20001d9f 	.word	0x20001d9f

1000252c <usb_irq>:
1000252c:	b510      	push	{r4, lr}
1000252e:	4b02      	ldr	r3, [pc, #8]	; (10002538 <usb_irq+0xc>)
10002530:	7818      	ldrb	r0, [r3, #0]
10002532:	f7fe fa1f 	bl	10000974 <irq_set_pending>
10002536:	bd10      	pop	{r4, pc}
10002538:	20001d9f 	.word	0x20001d9f

1000253c <stdio_usb_in_chars>:
1000253c:	b570      	push	{r4, r5, r6, lr}
1000253e:	0005      	movs	r5, r0
10002540:	2000      	movs	r0, #0
10002542:	000e      	movs	r6, r1
10002544:	f001 fb0c 	bl	10003b60 <tud_cdc_n_connected>
10002548:	2800      	cmp	r0, #0
1000254a:	d035      	beq.n	100025b8 <stdio_usb_in_chars+0x7c>
1000254c:	2000      	movs	r0, #0
1000254e:	f001 fb1d 	bl	10003b8c <tud_cdc_n_available>
10002552:	2800      	cmp	r0, #0
10002554:	d030      	beq.n	100025b8 <stdio_usb_in_chars+0x7c>
10002556:	f7ff f90b 	bl	10001770 <time_us_64>
1000255a:	2300      	movs	r3, #0
1000255c:	4a18      	ldr	r2, [pc, #96]	; (100025c0 <stdio_usb_in_chars+0x84>)
1000255e:	1812      	adds	r2, r2, r0
10002560:	414b      	adcs	r3, r1
10002562:	2b00      	cmp	r3, #0
10002564:	db24      	blt.n	100025b0 <stdio_usb_in_chars+0x74>
10002566:	4c17      	ldr	r4, [pc, #92]	; (100025c4 <stdio_usb_in_chars+0x88>)
10002568:	0020      	movs	r0, r4
1000256a:	f002 fbd9 	bl	10004d20 <__mutex_try_enter_block_until_veneer>
1000256e:	2800      	cmp	r0, #0
10002570:	d022      	beq.n	100025b8 <stdio_usb_in_chars+0x7c>
10002572:	2000      	movs	r0, #0
10002574:	f001 faf4 	bl	10003b60 <tud_cdc_n_connected>
10002578:	2800      	cmp	r0, #0
1000257a:	d10b      	bne.n	10002594 <stdio_usb_in_chars+0x58>
1000257c:	2001      	movs	r0, #1
1000257e:	2100      	movs	r1, #0
10002580:	4240      	negs	r0, r0
10002582:	2503      	movs	r5, #3
10002584:	f000 fd16 	bl	10002fb4 <tud_task_ext>
10002588:	426d      	negs	r5, r5
1000258a:	0020      	movs	r0, r4
1000258c:	f002 fb98 	bl	10004cc0 <__mutex_exit_veneer>
10002590:	0028      	movs	r0, r5
10002592:	bd70      	pop	{r4, r5, r6, pc}
10002594:	2000      	movs	r0, #0
10002596:	f001 faf9 	bl	10003b8c <tud_cdc_n_available>
1000259a:	2800      	cmp	r0, #0
1000259c:	d0ee      	beq.n	1000257c <stdio_usb_in_chars+0x40>
1000259e:	0029      	movs	r1, r5
100025a0:	0032      	movs	r2, r6
100025a2:	2000      	movs	r0, #0
100025a4:	f001 fafe 	bl	10003ba4 <tud_cdc_n_read>
100025a8:	1e05      	subs	r5, r0, #0
100025aa:	d1ee      	bne.n	1000258a <stdio_usb_in_chars+0x4e>
100025ac:	3d03      	subs	r5, #3
100025ae:	e7ec      	b.n	1000258a <stdio_usb_in_chars+0x4e>
100025b0:	2201      	movs	r2, #1
100025b2:	4b05      	ldr	r3, [pc, #20]	; (100025c8 <stdio_usb_in_chars+0x8c>)
100025b4:	4252      	negs	r2, r2
100025b6:	e7d6      	b.n	10002566 <stdio_usb_in_chars+0x2a>
100025b8:	2503      	movs	r5, #3
100025ba:	426d      	negs	r5, r5
100025bc:	e7e8      	b.n	10002590 <stdio_usb_in_chars+0x54>
100025be:	46c0      	nop			; (mov r8, r8)
100025c0:	000f4240 	.word	0x000f4240
100025c4:	20001d80 	.word	0x20001d80
100025c8:	7fffffff 	.word	0x7fffffff

100025cc <stdio_usb_out_flush>:
100025cc:	b510      	push	{r4, lr}
100025ce:	f7ff f8cf 	bl	10001770 <time_us_64>
100025d2:	2300      	movs	r3, #0
100025d4:	4a0e      	ldr	r2, [pc, #56]	; (10002610 <stdio_usb_out_flush+0x44>)
100025d6:	1812      	adds	r2, r2, r0
100025d8:	414b      	adcs	r3, r1
100025da:	2b00      	cmp	r3, #0
100025dc:	db13      	blt.n	10002606 <stdio_usb_out_flush+0x3a>
100025de:	4c0d      	ldr	r4, [pc, #52]	; (10002614 <stdio_usb_out_flush+0x48>)
100025e0:	0020      	movs	r0, r4
100025e2:	f002 fb9d 	bl	10004d20 <__mutex_try_enter_block_until_veneer>
100025e6:	2800      	cmp	r0, #0
100025e8:	d00c      	beq.n	10002604 <stdio_usb_out_flush+0x38>
100025ea:	2001      	movs	r0, #1
100025ec:	2100      	movs	r1, #0
100025ee:	4240      	negs	r0, r0
100025f0:	f000 fce0 	bl	10002fb4 <tud_task_ext>
100025f4:	2000      	movs	r0, #0
100025f6:	f001 fb1f 	bl	10003c38 <tud_cdc_n_write_flush>
100025fa:	2800      	cmp	r0, #0
100025fc:	d1f5      	bne.n	100025ea <stdio_usb_out_flush+0x1e>
100025fe:	0020      	movs	r0, r4
10002600:	f002 fb5e 	bl	10004cc0 <__mutex_exit_veneer>
10002604:	bd10      	pop	{r4, pc}
10002606:	2201      	movs	r2, #1
10002608:	4b03      	ldr	r3, [pc, #12]	; (10002618 <stdio_usb_out_flush+0x4c>)
1000260a:	4252      	negs	r2, r2
1000260c:	e7e7      	b.n	100025de <stdio_usb_out_flush+0x12>
1000260e:	46c0      	nop			; (mov r8, r8)
10002610:	000f4240 	.word	0x000f4240
10002614:	20001d80 	.word	0x20001d80
10002618:	7fffffff 	.word	0x7fffffff

1000261c <stdio_usb_out_chars>:
1000261c:	b5f0      	push	{r4, r5, r6, r7, lr}
1000261e:	46d6      	mov	lr, sl
10002620:	464f      	mov	r7, r9
10002622:	4646      	mov	r6, r8
10002624:	b5c0      	push	{r6, r7, lr}
10002626:	0007      	movs	r7, r0
10002628:	000e      	movs	r6, r1
1000262a:	f7ff f8a1 	bl	10001770 <time_us_64>
1000262e:	2300      	movs	r3, #0
10002630:	4a39      	ldr	r2, [pc, #228]	; (10002718 <stdio_usb_out_chars+0xfc>)
10002632:	1812      	adds	r2, r2, r0
10002634:	414b      	adcs	r3, r1
10002636:	2b00      	cmp	r3, #0
10002638:	db5e      	blt.n	100026f8 <stdio_usb_out_chars+0xdc>
1000263a:	4938      	ldr	r1, [pc, #224]	; (1000271c <stdio_usb_out_chars+0x100>)
1000263c:	0008      	movs	r0, r1
1000263e:	4688      	mov	r8, r1
10002640:	f002 fb6e 	bl	10004d20 <__mutex_try_enter_block_until_veneer>
10002644:	2800      	cmp	r0, #0
10002646:	d104      	bne.n	10002652 <stdio_usb_out_chars+0x36>
10002648:	bc1c      	pop	{r2, r3, r4}
1000264a:	4690      	mov	r8, r2
1000264c:	4699      	mov	r9, r3
1000264e:	46a2      	mov	sl, r4
10002650:	bdf0      	pop	{r4, r5, r6, r7, pc}
10002652:	2000      	movs	r0, #0
10002654:	f001 fa84 	bl	10003b60 <tud_cdc_n_connected>
10002658:	2800      	cmp	r0, #0
1000265a:	d051      	beq.n	10002700 <stdio_usb_out_chars+0xe4>
1000265c:	2400      	movs	r4, #0
1000265e:	2e00      	cmp	r6, #0
10002660:	dd35      	ble.n	100026ce <stdio_usb_out_chars+0xb2>
10002662:	4b2f      	ldr	r3, [pc, #188]	; (10002720 <stdio_usb_out_chars+0x104>)
10002664:	4699      	mov	r9, r3
10002666:	469a      	mov	sl, r3
10002668:	e015      	b.n	10002696 <stdio_usb_out_chars+0x7a>
1000266a:	2800      	cmp	r0, #0
1000266c:	d151      	bne.n	10002712 <stdio_usb_out_chars+0xf6>
1000266e:	2001      	movs	r0, #1
10002670:	2100      	movs	r1, #0
10002672:	4240      	negs	r0, r0
10002674:	f000 fc9e 	bl	10002fb4 <tud_task_ext>
10002678:	2000      	movs	r0, #0
1000267a:	f001 fadd 	bl	10003c38 <tud_cdc_n_write_flush>
1000267e:	2000      	movs	r0, #0
10002680:	f001 fa6e 	bl	10003b60 <tud_cdc_n_connected>
10002684:	2800      	cmp	r0, #0
10002686:	d022      	beq.n	100026ce <stdio_usb_out_chars+0xb2>
10002688:	2000      	movs	r0, #0
1000268a:	f001 fb33 	bl	10003cf4 <tud_cdc_n_write_available>
1000268e:	2800      	cmp	r0, #0
10002690:	d021      	beq.n	100026d6 <stdio_usb_out_chars+0xba>
10002692:	42a6      	cmp	r6, r4
10002694:	dd1b      	ble.n	100026ce <stdio_usb_out_chars+0xb2>
10002696:	2000      	movs	r0, #0
10002698:	1b35      	subs	r5, r6, r4
1000269a:	f001 fb2b 	bl	10003cf4 <tud_cdc_n_write_available>
1000269e:	4285      	cmp	r5, r0
100026a0:	dce3      	bgt.n	1000266a <stdio_usb_out_chars+0x4e>
100026a2:	002a      	movs	r2, r5
100026a4:	1939      	adds	r1, r7, r4
100026a6:	2000      	movs	r0, #0
100026a8:	f001 fb02 	bl	10003cb0 <tud_cdc_n_write>
100026ac:	0005      	movs	r5, r0
100026ae:	2001      	movs	r0, #1
100026b0:	2100      	movs	r1, #0
100026b2:	4240      	negs	r0, r0
100026b4:	f000 fc7e 	bl	10002fb4 <tud_task_ext>
100026b8:	2000      	movs	r0, #0
100026ba:	f001 fabd 	bl	10003c38 <tud_cdc_n_write_flush>
100026be:	f7ff f857 	bl	10001770 <time_us_64>
100026c2:	464b      	mov	r3, r9
100026c4:	1964      	adds	r4, r4, r5
100026c6:	6018      	str	r0, [r3, #0]
100026c8:	6059      	str	r1, [r3, #4]
100026ca:	42a6      	cmp	r6, r4
100026cc:	dce3      	bgt.n	10002696 <stdio_usb_out_chars+0x7a>
100026ce:	4640      	mov	r0, r8
100026d0:	f002 faf6 	bl	10004cc0 <__mutex_exit_veneer>
100026d4:	e7b8      	b.n	10002648 <stdio_usb_out_chars+0x2c>
100026d6:	f7ff f84b 	bl	10001770 <time_us_64>
100026da:	2300      	movs	r3, #0
100026dc:	000d      	movs	r5, r1
100026de:	4651      	mov	r1, sl
100026e0:	4a10      	ldr	r2, [pc, #64]	; (10002724 <stdio_usb_out_chars+0x108>)
100026e2:	4684      	mov	ip, r0
100026e4:	6808      	ldr	r0, [r1, #0]
100026e6:	6849      	ldr	r1, [r1, #4]
100026e8:	1812      	adds	r2, r2, r0
100026ea:	414b      	adcs	r3, r1
100026ec:	429d      	cmp	r5, r3
100026ee:	d8ee      	bhi.n	100026ce <stdio_usb_out_chars+0xb2>
100026f0:	d1cf      	bne.n	10002692 <stdio_usb_out_chars+0x76>
100026f2:	4594      	cmp	ip, r2
100026f4:	d9cd      	bls.n	10002692 <stdio_usb_out_chars+0x76>
100026f6:	e7ea      	b.n	100026ce <stdio_usb_out_chars+0xb2>
100026f8:	2201      	movs	r2, #1
100026fa:	4b0b      	ldr	r3, [pc, #44]	; (10002728 <stdio_usb_out_chars+0x10c>)
100026fc:	4252      	negs	r2, r2
100026fe:	e79c      	b.n	1000263a <stdio_usb_out_chars+0x1e>
10002700:	2000      	movs	r0, #0
10002702:	2100      	movs	r1, #0
10002704:	4b06      	ldr	r3, [pc, #24]	; (10002720 <stdio_usb_out_chars+0x104>)
10002706:	6018      	str	r0, [r3, #0]
10002708:	6059      	str	r1, [r3, #4]
1000270a:	4640      	mov	r0, r8
1000270c:	f002 fad8 	bl	10004cc0 <__mutex_exit_veneer>
10002710:	e79a      	b.n	10002648 <stdio_usb_out_chars+0x2c>
10002712:	0005      	movs	r5, r0
10002714:	e7c5      	b.n	100026a2 <stdio_usb_out_chars+0x86>
10002716:	46c0      	nop			; (mov r8, r8)
10002718:	000f4240 	.word	0x000f4240
1000271c:	20001d80 	.word	0x20001d80
10002720:	200012d0 	.word	0x200012d0
10002724:	0007a120 	.word	0x0007a120
10002728:	7fffffff 	.word	0x7fffffff

1000272c <low_priority_worker_irq>:
1000272c:	b530      	push	{r4, r5, lr}
1000272e:	4c2a      	ldr	r4, [pc, #168]	; (100027d8 <low_priority_worker_irq+0xac>)
10002730:	b085      	sub	sp, #20
10002732:	2100      	movs	r1, #0
10002734:	0020      	movs	r0, r4
10002736:	f002 fae3 	bl	10004d00 <__mutex_try_enter_veneer>
1000273a:	2800      	cmp	r0, #0
1000273c:	d11c      	bne.n	10002778 <low_priority_worker_irq+0x4c>
1000273e:	4b27      	ldr	r3, [pc, #156]	; (100027dc <low_priority_worker_irq+0xb0>)
10002740:	681a      	ldr	r2, [r3, #0]
10002742:	2a00      	cmp	r2, #0
10002744:	d016      	beq.n	10002774 <low_priority_worker_irq+0x48>
10002746:	f3ef 8110 	mrs	r1, PRIMASK
1000274a:	b672      	cpsid	i
1000274c:	6810      	ldr	r0, [r2, #0]
1000274e:	2800      	cmp	r0, #0
10002750:	d0fc      	beq.n	1000274c <low_priority_worker_irq+0x20>
10002752:	f3bf 8f5f 	dmb	sy
10002756:	2401      	movs	r4, #1
10002758:	4821      	ldr	r0, [pc, #132]	; (100027e0 <low_priority_worker_irq+0xb4>)
1000275a:	6059      	str	r1, [r3, #4]
1000275c:	7802      	ldrb	r2, [r0, #0]
1000275e:	681b      	ldr	r3, [r3, #0]
10002760:	b2d2      	uxtb	r2, r2
10002762:	7004      	strb	r4, [r0, #0]
10002764:	f3bf 8f5f 	dmb	sy
10002768:	2000      	movs	r0, #0
1000276a:	6018      	str	r0, [r3, #0]
1000276c:	f381 8810 	msr	PRIMASK, r1
10002770:	2a00      	cmp	r2, #0
10002772:	d017      	beq.n	100027a4 <low_priority_worker_irq+0x78>
10002774:	b005      	add	sp, #20
10002776:	bd30      	pop	{r4, r5, pc}
10002778:	2001      	movs	r0, #1
1000277a:	2100      	movs	r1, #0
1000277c:	4240      	negs	r0, r0
1000277e:	f000 fc19 	bl	10002fb4 <tud_task_ext>
10002782:	2000      	movs	r0, #0
10002784:	f001 fa02 	bl	10003b8c <tud_cdc_n_available>
10002788:	0005      	movs	r5, r0
1000278a:	0020      	movs	r0, r4
1000278c:	f002 fa98 	bl	10004cc0 <__mutex_exit_veneer>
10002790:	2d00      	cmp	r5, #0
10002792:	d0ef      	beq.n	10002774 <low_priority_worker_irq+0x48>
10002794:	4b13      	ldr	r3, [pc, #76]	; (100027e4 <low_priority_worker_irq+0xb8>)
10002796:	681b      	ldr	r3, [r3, #0]
10002798:	2b00      	cmp	r3, #0
1000279a:	d0eb      	beq.n	10002774 <low_priority_worker_irq+0x48>
1000279c:	4a12      	ldr	r2, [pc, #72]	; (100027e8 <low_priority_worker_irq+0xbc>)
1000279e:	6810      	ldr	r0, [r2, #0]
100027a0:	4798      	blx	r3
100027a2:	e7e7      	b.n	10002774 <low_priority_worker_irq+0x48>
100027a4:	f7fe fdce 	bl	10001344 <alarm_pool_get_default>
100027a8:	0004      	movs	r4, r0
100027aa:	f7fe ffe1 	bl	10001770 <time_us_64>
100027ae:	22fa      	movs	r2, #250	; 0xfa
100027b0:	2300      	movs	r3, #0
100027b2:	0092      	lsls	r2, r2, #2
100027b4:	1812      	adds	r2, r2, r0
100027b6:	414b      	adcs	r3, r1
100027b8:	2b00      	cmp	r3, #0
100027ba:	db09      	blt.n	100027d0 <low_priority_worker_irq+0xa4>
100027bc:	2101      	movs	r1, #1
100027be:	9102      	str	r1, [sp, #8]
100027c0:	2100      	movs	r1, #0
100027c2:	9101      	str	r1, [sp, #4]
100027c4:	4909      	ldr	r1, [pc, #36]	; (100027ec <low_priority_worker_irq+0xc0>)
100027c6:	0020      	movs	r0, r4
100027c8:	9100      	str	r1, [sp, #0]
100027ca:	f7fe fdbf 	bl	1000134c <alarm_pool_add_alarm_at>
100027ce:	e7d1      	b.n	10002774 <low_priority_worker_irq+0x48>
100027d0:	2201      	movs	r2, #1
100027d2:	4b07      	ldr	r3, [pc, #28]	; (100027f0 <low_priority_worker_irq+0xc4>)
100027d4:	4252      	negs	r2, r2
100027d6:	e7f1      	b.n	100027bc <low_priority_worker_irq+0x90>
100027d8:	20001d80 	.word	0x20001d80
100027dc:	20001d50 	.word	0x20001d50
100027e0:	20001da0 	.word	0x20001da0
100027e4:	200018d4 	.word	0x200018d4
100027e8:	200018d8 	.word	0x200018d8
100027ec:	100024c9 	.word	0x100024c9
100027f0:	7fffffff 	.word	0x7fffffff

100027f4 <stdio_usb_init>:
100027f4:	23d0      	movs	r3, #208	; 0xd0
100027f6:	b510      	push	{r4, lr}
100027f8:	061b      	lsls	r3, r3, #24
100027fa:	b084      	sub	sp, #16
100027fc:	681c      	ldr	r4, [r3, #0]
100027fe:	f7fe fda1 	bl	10001344 <alarm_pool_get_default>
10002802:	f7fe fe97 	bl	10001534 <alarm_pool_core_num>
10002806:	42a0      	cmp	r0, r4
10002808:	d002      	beq.n	10002810 <stdio_usb_init+0x1c>
1000280a:	2000      	movs	r0, #0
1000280c:	b004      	add	sp, #16
1000280e:	bd10      	pop	{r4, pc}
10002810:	4b29      	ldr	r3, [pc, #164]	; (100028b8 <stdio_usb_init+0xc4>)
10002812:	2100      	movs	r1, #0
10002814:	2000      	movs	r0, #0
10002816:	781b      	ldrb	r3, [r3, #0]
10002818:	f001 fde0 	bl	100043dc <tusb_rhport_init>
1000281c:	4827      	ldr	r0, [pc, #156]	; (100028bc <stdio_usb_init+0xc8>)
1000281e:	6803      	ldr	r3, [r0, #0]
10002820:	2b00      	cmp	r3, #0
10002822:	d041      	beq.n	100028a8 <stdio_usb_init+0xb4>
10002824:	2001      	movs	r0, #1
10002826:	f7fe fb03 	bl	10000e30 <user_irq_claim_unused>
1000282a:	23ff      	movs	r3, #255	; 0xff
1000282c:	4c24      	ldr	r4, [pc, #144]	; (100028c0 <stdio_usb_init+0xcc>)
1000282e:	4925      	ldr	r1, [pc, #148]	; (100028c4 <stdio_usb_init+0xd0>)
10002830:	7020      	strb	r0, [r4, #0]
10002832:	4018      	ands	r0, r3
10002834:	f7fe f8b8 	bl	100009a8 <irq_set_exclusive_handler>
10002838:	7820      	ldrb	r0, [r4, #0]
1000283a:	2101      	movs	r1, #1
1000283c:	f7fe f87c 	bl	10000938 <irq_set_enabled>
10002840:	2005      	movs	r0, #5
10002842:	f7fe f89f 	bl	10000984 <irq_has_shared_handler>
10002846:	2800      	cmp	r0, #0
10002848:	d121      	bne.n	1000288e <stdio_usb_init+0x9a>
1000284a:	2208      	movs	r2, #8
1000284c:	2100      	movs	r1, #0
1000284e:	481e      	ldr	r0, [pc, #120]	; (100028c8 <stdio_usb_init+0xd4>)
10002850:	f7ff fbfc 	bl	1000204c <__wrap_memset>
10002854:	f7fe fd76 	bl	10001344 <alarm_pool_get_default>
10002858:	0004      	movs	r4, r0
1000285a:	f7fe ff89 	bl	10001770 <time_us_64>
1000285e:	22fa      	movs	r2, #250	; 0xfa
10002860:	2300      	movs	r3, #0
10002862:	0092      	lsls	r2, r2, #2
10002864:	1812      	adds	r2, r2, r0
10002866:	414b      	adcs	r3, r1
10002868:	2b00      	cmp	r3, #0
1000286a:	db20      	blt.n	100028ae <stdio_usb_init+0xba>
1000286c:	2101      	movs	r1, #1
1000286e:	9102      	str	r1, [sp, #8]
10002870:	2100      	movs	r1, #0
10002872:	9101      	str	r1, [sp, #4]
10002874:	4915      	ldr	r1, [pc, #84]	; (100028cc <stdio_usb_init+0xd8>)
10002876:	0020      	movs	r0, r4
10002878:	9100      	str	r1, [sp, #0]
1000287a:	f7fe fd67 	bl	1000134c <alarm_pool_add_alarm_at>
1000287e:	2800      	cmp	r0, #0
10002880:	dbc3      	blt.n	1000280a <stdio_usb_init+0x16>
10002882:	4813      	ldr	r0, [pc, #76]	; (100028d0 <stdio_usb_init+0xdc>)
10002884:	2101      	movs	r1, #1
10002886:	f7ff fd07 	bl	10002298 <stdio_set_driver_enabled>
1000288a:	2001      	movs	r0, #1
1000288c:	e7be      	b.n	1000280c <stdio_usb_init+0x18>
1000288e:	2001      	movs	r0, #1
10002890:	f7fe f822 	bl	100008d8 <spin_lock_claim_unused>
10002894:	0001      	movs	r1, r0
10002896:	480c      	ldr	r0, [pc, #48]	; (100028c8 <stdio_usb_init+0xd4>)
10002898:	f7fe fb38 	bl	10000f0c <critical_section_init_with_lock_num>
1000289c:	2200      	movs	r2, #0
1000289e:	490d      	ldr	r1, [pc, #52]	; (100028d4 <stdio_usb_init+0xe0>)
100028a0:	2005      	movs	r0, #5
100028a2:	f7fe f8ab 	bl	100009fc <irq_add_shared_handler>
100028a6:	e7ec      	b.n	10002882 <stdio_usb_init+0x8e>
100028a8:	f7fe fb12 	bl	10000ed0 <mutex_init>
100028ac:	e7ba      	b.n	10002824 <stdio_usb_init+0x30>
100028ae:	2201      	movs	r2, #1
100028b0:	4b09      	ldr	r3, [pc, #36]	; (100028d8 <stdio_usb_init+0xe4>)
100028b2:	4252      	negs	r2, r2
100028b4:	e7da      	b.n	1000286c <stdio_usb_init+0x78>
100028b6:	46c0      	nop			; (mov r8, r8)
100028b8:	100051d8 	.word	0x100051d8
100028bc:	20001d80 	.word	0x20001d80
100028c0:	20001d9f 	.word	0x20001d9f
100028c4:	1000272d 	.word	0x1000272d
100028c8:	20001d50 	.word	0x20001d50
100028cc:	100024c9 	.word	0x100024c9
100028d0:	20001110 	.word	0x20001110
100028d4:	1000252d 	.word	0x1000252d
100028d8:	7fffffff 	.word	0x7fffffff

100028dc <tud_descriptor_device_cb>:
100028dc:	4800      	ldr	r0, [pc, #0]	; (100028e0 <tud_descriptor_device_cb+0x4>)
100028de:	4770      	bx	lr
100028e0:	1000504c 	.word	0x1000504c

100028e4 <tud_descriptor_configuration_cb>:
100028e4:	4800      	ldr	r0, [pc, #0]	; (100028e8 <tud_descriptor_configuration_cb+0x4>)
100028e6:	4770      	bx	lr
100028e8:	10004ff8 	.word	0x10004ff8

100028ec <tud_descriptor_string_cb>:
100028ec:	b570      	push	{r4, r5, r6, lr}
100028ee:	0004      	movs	r4, r0
100028f0:	4816      	ldr	r0, [pc, #88]	; (1000294c <tud_descriptor_string_cb+0x60>)
100028f2:	7803      	ldrb	r3, [r0, #0]
100028f4:	2b00      	cmp	r3, #0
100028f6:	d020      	beq.n	1000293a <tud_descriptor_string_cb+0x4e>
100028f8:	2c00      	cmp	r4, #0
100028fa:	d018      	beq.n	1000292e <tud_descriptor_string_cb+0x42>
100028fc:	2c05      	cmp	r4, #5
100028fe:	d823      	bhi.n	10002948 <tud_descriptor_string_cb+0x5c>
10002900:	4b13      	ldr	r3, [pc, #76]	; (10002950 <tud_descriptor_string_cb+0x64>)
10002902:	4814      	ldr	r0, [pc, #80]	; (10002954 <tud_descriptor_string_cb+0x68>)
10002904:	00a4      	lsls	r4, r4, #2
10002906:	58e5      	ldr	r5, [r4, r3]
10002908:	1c81      	adds	r1, r0, #2
1000290a:	2300      	movs	r3, #0
1000290c:	e004      	b.n	10002918 <tud_descriptor_string_cb+0x2c>
1000290e:	3301      	adds	r3, #1
10002910:	800a      	strh	r2, [r1, #0]
10002912:	3102      	adds	r1, #2
10002914:	2b13      	cmp	r3, #19
10002916:	d014      	beq.n	10002942 <tud_descriptor_string_cb+0x56>
10002918:	5cea      	ldrb	r2, [r5, r3]
1000291a:	b2dc      	uxtb	r4, r3
1000291c:	2a00      	cmp	r2, #0
1000291e:	d1f6      	bne.n	1000290e <tud_descriptor_string_cb+0x22>
10002920:	23c0      	movs	r3, #192	; 0xc0
10002922:	3401      	adds	r4, #1
10002924:	0064      	lsls	r4, r4, #1
10002926:	009b      	lsls	r3, r3, #2
10002928:	431c      	orrs	r4, r3
1000292a:	8004      	strh	r4, [r0, #0]
1000292c:	bd70      	pop	{r4, r5, r6, pc}
1000292e:	24c1      	movs	r4, #193	; 0xc1
10002930:	4808      	ldr	r0, [pc, #32]	; (10002954 <tud_descriptor_string_cb+0x68>)
10002932:	4b09      	ldr	r3, [pc, #36]	; (10002958 <tud_descriptor_string_cb+0x6c>)
10002934:	00a4      	lsls	r4, r4, #2
10002936:	8043      	strh	r3, [r0, #2]
10002938:	e7f7      	b.n	1000292a <tud_descriptor_string_cb+0x3e>
1000293a:	2111      	movs	r1, #17
1000293c:	f000 f816 	bl	1000296c <pico_get_unique_board_id_string>
10002940:	e7da      	b.n	100028f8 <tud_descriptor_string_cb+0xc>
10002942:	24ca      	movs	r4, #202	; 0xca
10002944:	00a4      	lsls	r4, r4, #2
10002946:	e7f0      	b.n	1000292a <tud_descriptor_string_cb+0x3e>
10002948:	2000      	movs	r0, #0
1000294a:	e7ef      	b.n	1000292c <tud_descriptor_string_cb+0x40>
1000294c:	20001d88 	.word	0x20001d88
10002950:	10005060 	.word	0x10005060
10002954:	20001910 	.word	0x20001910
10002958:	00000409 	.word	0x00000409

1000295c <_retrieve_unique_id_on_boot>:
1000295c:	b510      	push	{r4, lr}
1000295e:	4802      	ldr	r0, [pc, #8]	; (10002968 <_retrieve_unique_id_on_boot+0xc>)
10002960:	f000 f8ea 	bl	10002b38 <flash_get_unique_id>
10002964:	bd10      	pop	{r4, pc}
10002966:	46c0      	nop			; (mov r8, r8)
10002968:	20001d70 	.word	0x20001d70

1000296c <pico_get_unique_board_id_string>:
1000296c:	3901      	subs	r1, #1
1000296e:	b530      	push	{r4, r5, lr}
10002970:	2900      	cmp	r1, #0
10002972:	d100      	bne.n	10002976 <pico_get_unique_board_id_string+0xa>
10002974:	e0b8      	b.n	10002ae8 <pico_get_unique_board_id_string+0x17c>
10002976:	4b6f      	ldr	r3, [pc, #444]	; (10002b34 <pico_get_unique_board_id_string+0x1c8>)
10002978:	781a      	ldrb	r2, [r3, #0]
1000297a:	1112      	asrs	r2, r2, #4
1000297c:	b2d5      	uxtb	r5, r2
1000297e:	002c      	movs	r4, r5
10002980:	3430      	adds	r4, #48	; 0x30
10002982:	2a09      	cmp	r2, #9
10002984:	dd00      	ble.n	10002988 <pico_get_unique_board_id_string+0x1c>
10002986:	e0b2      	b.n	10002aee <pico_get_unique_board_id_string+0x182>
10002988:	7004      	strb	r4, [r0, #0]
1000298a:	2901      	cmp	r1, #1
1000298c:	d100      	bne.n	10002990 <pico_get_unique_board_id_string+0x24>
1000298e:	e0ce      	b.n	10002b2e <pico_get_unique_board_id_string+0x1c2>
10002990:	220f      	movs	r2, #15
10002992:	781c      	ldrb	r4, [r3, #0]
10002994:	4022      	ands	r2, r4
10002996:	0014      	movs	r4, r2
10002998:	3430      	adds	r4, #48	; 0x30
1000299a:	2a09      	cmp	r2, #9
1000299c:	d900      	bls.n	100029a0 <pico_get_unique_board_id_string+0x34>
1000299e:	e0a8      	b.n	10002af2 <pico_get_unique_board_id_string+0x186>
100029a0:	7044      	strb	r4, [r0, #1]
100029a2:	2902      	cmp	r1, #2
100029a4:	d100      	bne.n	100029a8 <pico_get_unique_board_id_string+0x3c>
100029a6:	e0c2      	b.n	10002b2e <pico_get_unique_board_id_string+0x1c2>
100029a8:	785a      	ldrb	r2, [r3, #1]
100029aa:	1112      	asrs	r2, r2, #4
100029ac:	b2d5      	uxtb	r5, r2
100029ae:	002c      	movs	r4, r5
100029b0:	3430      	adds	r4, #48	; 0x30
100029b2:	2a09      	cmp	r2, #9
100029b4:	dd00      	ble.n	100029b8 <pico_get_unique_board_id_string+0x4c>
100029b6:	e09f      	b.n	10002af8 <pico_get_unique_board_id_string+0x18c>
100029b8:	7084      	strb	r4, [r0, #2]
100029ba:	2903      	cmp	r1, #3
100029bc:	d100      	bne.n	100029c0 <pico_get_unique_board_id_string+0x54>
100029be:	e0b6      	b.n	10002b2e <pico_get_unique_board_id_string+0x1c2>
100029c0:	220f      	movs	r2, #15
100029c2:	785c      	ldrb	r4, [r3, #1]
100029c4:	4022      	ands	r2, r4
100029c6:	0014      	movs	r4, r2
100029c8:	3430      	adds	r4, #48	; 0x30
100029ca:	2a09      	cmp	r2, #9
100029cc:	d900      	bls.n	100029d0 <pico_get_unique_board_id_string+0x64>
100029ce:	e095      	b.n	10002afc <pico_get_unique_board_id_string+0x190>
100029d0:	70c4      	strb	r4, [r0, #3]
100029d2:	2904      	cmp	r1, #4
100029d4:	d100      	bne.n	100029d8 <pico_get_unique_board_id_string+0x6c>
100029d6:	e0aa      	b.n	10002b2e <pico_get_unique_board_id_string+0x1c2>
100029d8:	789a      	ldrb	r2, [r3, #2]
100029da:	1112      	asrs	r2, r2, #4
100029dc:	b2d5      	uxtb	r5, r2
100029de:	002c      	movs	r4, r5
100029e0:	3430      	adds	r4, #48	; 0x30
100029e2:	2a09      	cmp	r2, #9
100029e4:	dd00      	ble.n	100029e8 <pico_get_unique_board_id_string+0x7c>
100029e6:	e08c      	b.n	10002b02 <pico_get_unique_board_id_string+0x196>
100029e8:	7104      	strb	r4, [r0, #4]
100029ea:	2905      	cmp	r1, #5
100029ec:	d100      	bne.n	100029f0 <pico_get_unique_board_id_string+0x84>
100029ee:	e09e      	b.n	10002b2e <pico_get_unique_board_id_string+0x1c2>
100029f0:	220f      	movs	r2, #15
100029f2:	789c      	ldrb	r4, [r3, #2]
100029f4:	4022      	ands	r2, r4
100029f6:	0014      	movs	r4, r2
100029f8:	3430      	adds	r4, #48	; 0x30
100029fa:	2a09      	cmp	r2, #9
100029fc:	d900      	bls.n	10002a00 <pico_get_unique_board_id_string+0x94>
100029fe:	e082      	b.n	10002b06 <pico_get_unique_board_id_string+0x19a>
10002a00:	7144      	strb	r4, [r0, #5]
10002a02:	2906      	cmp	r1, #6
10002a04:	d100      	bne.n	10002a08 <pico_get_unique_board_id_string+0x9c>
10002a06:	e092      	b.n	10002b2e <pico_get_unique_board_id_string+0x1c2>
10002a08:	78da      	ldrb	r2, [r3, #3]
10002a0a:	1112      	asrs	r2, r2, #4
10002a0c:	b2d5      	uxtb	r5, r2
10002a0e:	002c      	movs	r4, r5
10002a10:	3430      	adds	r4, #48	; 0x30
10002a12:	2a09      	cmp	r2, #9
10002a14:	dd00      	ble.n	10002a18 <pico_get_unique_board_id_string+0xac>
10002a16:	e079      	b.n	10002b0c <pico_get_unique_board_id_string+0x1a0>
10002a18:	7184      	strb	r4, [r0, #6]
10002a1a:	2907      	cmp	r1, #7
10002a1c:	d100      	bne.n	10002a20 <pico_get_unique_board_id_string+0xb4>
10002a1e:	e086      	b.n	10002b2e <pico_get_unique_board_id_string+0x1c2>
10002a20:	220f      	movs	r2, #15
10002a22:	78dc      	ldrb	r4, [r3, #3]
10002a24:	4022      	ands	r2, r4
10002a26:	0014      	movs	r4, r2
10002a28:	3430      	adds	r4, #48	; 0x30
10002a2a:	2a09      	cmp	r2, #9
10002a2c:	d900      	bls.n	10002a30 <pico_get_unique_board_id_string+0xc4>
10002a2e:	e06f      	b.n	10002b10 <pico_get_unique_board_id_string+0x1a4>
10002a30:	71c4      	strb	r4, [r0, #7]
10002a32:	2908      	cmp	r1, #8
10002a34:	d100      	bne.n	10002a38 <pico_get_unique_board_id_string+0xcc>
10002a36:	e07a      	b.n	10002b2e <pico_get_unique_board_id_string+0x1c2>
10002a38:	791a      	ldrb	r2, [r3, #4]
10002a3a:	1112      	asrs	r2, r2, #4
10002a3c:	b2d5      	uxtb	r5, r2
10002a3e:	002c      	movs	r4, r5
10002a40:	3430      	adds	r4, #48	; 0x30
10002a42:	2a09      	cmp	r2, #9
10002a44:	dc67      	bgt.n	10002b16 <pico_get_unique_board_id_string+0x1aa>
10002a46:	7204      	strb	r4, [r0, #8]
10002a48:	2909      	cmp	r1, #9
10002a4a:	d100      	bne.n	10002a4e <pico_get_unique_board_id_string+0xe2>
10002a4c:	e06f      	b.n	10002b2e <pico_get_unique_board_id_string+0x1c2>
10002a4e:	220f      	movs	r2, #15
10002a50:	791c      	ldrb	r4, [r3, #4]
10002a52:	4022      	ands	r2, r4
10002a54:	0014      	movs	r4, r2
10002a56:	3430      	adds	r4, #48	; 0x30
10002a58:	2a09      	cmp	r2, #9
10002a5a:	d85e      	bhi.n	10002b1a <pico_get_unique_board_id_string+0x1ae>
10002a5c:	7244      	strb	r4, [r0, #9]
10002a5e:	290a      	cmp	r1, #10
10002a60:	d065      	beq.n	10002b2e <pico_get_unique_board_id_string+0x1c2>
10002a62:	795a      	ldrb	r2, [r3, #5]
10002a64:	1112      	asrs	r2, r2, #4
10002a66:	b2d5      	uxtb	r5, r2
10002a68:	002c      	movs	r4, r5
10002a6a:	3430      	adds	r4, #48	; 0x30
10002a6c:	2a09      	cmp	r2, #9
10002a6e:	dc57      	bgt.n	10002b20 <pico_get_unique_board_id_string+0x1b4>
10002a70:	7284      	strb	r4, [r0, #10]
10002a72:	290b      	cmp	r1, #11
10002a74:	d05b      	beq.n	10002b2e <pico_get_unique_board_id_string+0x1c2>
10002a76:	220f      	movs	r2, #15
10002a78:	795c      	ldrb	r4, [r3, #5]
10002a7a:	4022      	ands	r2, r4
10002a7c:	0014      	movs	r4, r2
10002a7e:	3430      	adds	r4, #48	; 0x30
10002a80:	2a09      	cmp	r2, #9
10002a82:	d84f      	bhi.n	10002b24 <pico_get_unique_board_id_string+0x1b8>
10002a84:	72c4      	strb	r4, [r0, #11]
10002a86:	290c      	cmp	r1, #12
10002a88:	d051      	beq.n	10002b2e <pico_get_unique_board_id_string+0x1c2>
10002a8a:	799a      	ldrb	r2, [r3, #6]
10002a8c:	1112      	asrs	r2, r2, #4
10002a8e:	b2d5      	uxtb	r5, r2
10002a90:	002c      	movs	r4, r5
10002a92:	3430      	adds	r4, #48	; 0x30
10002a94:	2a09      	cmp	r2, #9
10002a96:	dd00      	ble.n	10002a9a <pico_get_unique_board_id_string+0x12e>
10002a98:	3407      	adds	r4, #7
10002a9a:	7304      	strb	r4, [r0, #12]
10002a9c:	290d      	cmp	r1, #13
10002a9e:	d046      	beq.n	10002b2e <pico_get_unique_board_id_string+0x1c2>
10002aa0:	220f      	movs	r2, #15
10002aa2:	799c      	ldrb	r4, [r3, #6]
10002aa4:	4022      	ands	r2, r4
10002aa6:	0014      	movs	r4, r2
10002aa8:	3430      	adds	r4, #48	; 0x30
10002aaa:	2a09      	cmp	r2, #9
10002aac:	d901      	bls.n	10002ab2 <pico_get_unique_board_id_string+0x146>
10002aae:	3237      	adds	r2, #55	; 0x37
10002ab0:	0014      	movs	r4, r2
10002ab2:	7344      	strb	r4, [r0, #13]
10002ab4:	290e      	cmp	r1, #14
10002ab6:	d03a      	beq.n	10002b2e <pico_get_unique_board_id_string+0x1c2>
10002ab8:	79da      	ldrb	r2, [r3, #7]
10002aba:	1112      	asrs	r2, r2, #4
10002abc:	b2d5      	uxtb	r5, r2
10002abe:	002c      	movs	r4, r5
10002ac0:	3430      	adds	r4, #48	; 0x30
10002ac2:	2a09      	cmp	r2, #9
10002ac4:	dd00      	ble.n	10002ac8 <pico_get_unique_board_id_string+0x15c>
10002ac6:	3407      	adds	r4, #7
10002ac8:	7384      	strb	r4, [r0, #14]
10002aca:	290f      	cmp	r1, #15
10002acc:	d02f      	beq.n	10002b2e <pico_get_unique_board_id_string+0x1c2>
10002ace:	79da      	ldrb	r2, [r3, #7]
10002ad0:	230f      	movs	r3, #15
10002ad2:	4013      	ands	r3, r2
10002ad4:	001a      	movs	r2, r3
10002ad6:	3237      	adds	r2, #55	; 0x37
10002ad8:	2b09      	cmp	r3, #9
10002ada:	d801      	bhi.n	10002ae0 <pico_get_unique_board_id_string+0x174>
10002adc:	3330      	adds	r3, #48	; 0x30
10002ade:	001a      	movs	r2, r3
10002ae0:	73c2      	strb	r2, [r0, #15]
10002ae2:	2910      	cmp	r1, #16
10002ae4:	d023      	beq.n	10002b2e <pico_get_unique_board_id_string+0x1c2>
10002ae6:	3010      	adds	r0, #16
10002ae8:	2300      	movs	r3, #0
10002aea:	7003      	strb	r3, [r0, #0]
10002aec:	bd30      	pop	{r4, r5, pc}
10002aee:	3407      	adds	r4, #7
10002af0:	e74a      	b.n	10002988 <pico_get_unique_board_id_string+0x1c>
10002af2:	3237      	adds	r2, #55	; 0x37
10002af4:	0014      	movs	r4, r2
10002af6:	e753      	b.n	100029a0 <pico_get_unique_board_id_string+0x34>
10002af8:	3407      	adds	r4, #7
10002afa:	e75d      	b.n	100029b8 <pico_get_unique_board_id_string+0x4c>
10002afc:	3237      	adds	r2, #55	; 0x37
10002afe:	0014      	movs	r4, r2
10002b00:	e766      	b.n	100029d0 <pico_get_unique_board_id_string+0x64>
10002b02:	3407      	adds	r4, #7
10002b04:	e770      	b.n	100029e8 <pico_get_unique_board_id_string+0x7c>
10002b06:	3237      	adds	r2, #55	; 0x37
10002b08:	0014      	movs	r4, r2
10002b0a:	e779      	b.n	10002a00 <pico_get_unique_board_id_string+0x94>
10002b0c:	3407      	adds	r4, #7
10002b0e:	e783      	b.n	10002a18 <pico_get_unique_board_id_string+0xac>
10002b10:	3237      	adds	r2, #55	; 0x37
10002b12:	0014      	movs	r4, r2
10002b14:	e78c      	b.n	10002a30 <pico_get_unique_board_id_string+0xc4>
10002b16:	3407      	adds	r4, #7
10002b18:	e795      	b.n	10002a46 <pico_get_unique_board_id_string+0xda>
10002b1a:	3237      	adds	r2, #55	; 0x37
10002b1c:	0014      	movs	r4, r2
10002b1e:	e79d      	b.n	10002a5c <pico_get_unique_board_id_string+0xf0>
10002b20:	3407      	adds	r4, #7
10002b22:	e7a5      	b.n	10002a70 <pico_get_unique_board_id_string+0x104>
10002b24:	3237      	adds	r2, #55	; 0x37
10002b26:	0014      	movs	r4, r2
10002b28:	72c4      	strb	r4, [r0, #11]
10002b2a:	290c      	cmp	r1, #12
10002b2c:	d1ad      	bne.n	10002a8a <pico_get_unique_board_id_string+0x11e>
10002b2e:	1840      	adds	r0, r0, r1
10002b30:	e7da      	b.n	10002ae8 <pico_get_unique_board_id_string+0x17c>
10002b32:	46c0      	nop			; (mov r8, r8)
10002b34:	20001d70 	.word	0x20001d70

10002b38 <flash_get_unique_id>:
10002b38:	b510      	push	{r4, lr}
10002b3a:	b088      	sub	sp, #32
10002b3c:	0004      	movs	r4, r0
10002b3e:	220d      	movs	r2, #13
10002b40:	2100      	movs	r1, #0
10002b42:	4668      	mov	r0, sp
10002b44:	f7ff fa82 	bl	1000204c <__wrap_memset>
10002b48:	220d      	movs	r2, #13
10002b4a:	2100      	movs	r1, #0
10002b4c:	a804      	add	r0, sp, #16
10002b4e:	f7ff fa7d 	bl	1000204c <__wrap_memset>
10002b52:	234b      	movs	r3, #75	; 0x4b
10002b54:	466a      	mov	r2, sp
10002b56:	a904      	add	r1, sp, #16
10002b58:	7013      	strb	r3, [r2, #0]
10002b5a:	4668      	mov	r0, sp
10002b5c:	220d      	movs	r2, #13
10002b5e:	f002 f8a7 	bl	10004cb0 <__flash_do_cmd_veneer>
10002b62:	2115      	movs	r1, #21
10002b64:	2208      	movs	r2, #8
10002b66:	4469      	add	r1, sp
10002b68:	0020      	movs	r0, r4
10002b6a:	f7ff fa75 	bl	10002058 <__wrap___aeabi_memcpy>
10002b6e:	b008      	add	sp, #32
10002b70:	bd10      	pop	{r4, pc}
10002b72:	46c0      	nop			; (mov r8, r8)

10002b74 <dcd_init>:
10002b74:	b5f8      	push	{r3, r4, r5, r6, r7, lr}
10002b76:	f000 f93b 	bl	10002df0 <rp2040_usb_init>
10002b7a:	230c      	movs	r3, #12
10002b7c:	4d19      	ldr	r5, [pc, #100]	; (10002be4 <dcd_init+0x70>)
10002b7e:	22ff      	movs	r2, #255	; 0xff
10002b80:	67ab      	str	r3, [r5, #120]	; 0x78
10002b82:	4919      	ldr	r1, [pc, #100]	; (10002be8 <dcd_init+0x74>)
10002b84:	2005      	movs	r0, #5
10002b86:	f7fd ff39 	bl	100009fc <irq_add_shared_handler>
10002b8a:	4c18      	ldr	r4, [pc, #96]	; (10002bec <dcd_init+0x78>)
10002b8c:	2240      	movs	r2, #64	; 0x40
10002b8e:	2100      	movs	r1, #0
10002b90:	0020      	movs	r0, r4
10002b92:	f7ff fa5b 	bl	1000204c <__wrap_memset>
10002b96:	2740      	movs	r7, #64	; 0x40
10002b98:	2300      	movs	r3, #0
10002b9a:	2601      	movs	r6, #1
10002b9c:	2121      	movs	r1, #33	; 0x21
10002b9e:	4a14      	ldr	r2, [pc, #80]	; (10002bf0 <dcd_init+0x7c>)
10002ba0:	7066      	strb	r6, [r4, #1]
10002ba2:	8327      	strh	r7, [r4, #24]
10002ba4:	60a2      	str	r2, [r4, #8]
10002ba6:	6013      	str	r3, [r2, #0]
10002ba8:	5463      	strb	r3, [r4, r1]
10002baa:	315f      	adds	r1, #95	; 0x5f
10002bac:	8461      	strh	r1, [r4, #34]	; 0x22
10002bae:	3945      	subs	r1, #69	; 0x45
10002bb0:	5463      	strb	r3, [r4, r1]
10002bb2:	4a10      	ldr	r2, [pc, #64]	; (10002bf4 <dcd_init+0x80>)
10002bb4:	4910      	ldr	r1, [pc, #64]	; (10002bf8 <dcd_init+0x84>)
10002bb6:	6063      	str	r3, [r4, #4]
10002bb8:	60e2      	str	r2, [r4, #12]
10002bba:	8727      	strh	r7, [r4, #56]	; 0x38
10002bbc:	62a1      	str	r1, [r4, #40]	; 0x28
10002bbe:	600b      	str	r3, [r1, #0]
10002bc0:	6263      	str	r3, [r4, #36]	; 0x24
10002bc2:	62e2      	str	r2, [r4, #44]	; 0x2c
10002bc4:	f002 f884 	bl	10004cd0 <__reset_non_control_endpoints_veneer>
10002bc8:	2380      	movs	r3, #128	; 0x80
10002bca:	059b      	lsls	r3, r3, #22
10002bcc:	642e      	str	r6, [r5, #64]	; 0x40
10002bce:	64eb      	str	r3, [r5, #76]	; 0x4c
10002bd0:	2390      	movs	r3, #144	; 0x90
10002bd2:	4a0a      	ldr	r2, [pc, #40]	; (10002bfc <dcd_init+0x88>)
10002bd4:	2001      	movs	r0, #1
10002bd6:	50ea      	str	r2, [r5, r3]
10002bd8:	2280      	movs	r2, #128	; 0x80
10002bda:	4b09      	ldr	r3, [pc, #36]	; (10002c00 <dcd_init+0x8c>)
10002bdc:	0252      	lsls	r2, r2, #9
10002bde:	64da      	str	r2, [r3, #76]	; 0x4c
10002be0:	bdf8      	pop	{r3, r4, r5, r6, r7, pc}
10002be2:	46c0      	nop			; (mov r8, r8)
10002be4:	50110000 	.word	0x50110000
10002be8:	20000551 	.word	0x20000551
10002bec:	20001944 	.word	0x20001944
10002bf0:	50100084 	.word	0x50100084
10002bf4:	50100100 	.word	0x50100100
10002bf8:	50100080 	.word	0x50100080
10002bfc:	0001d010 	.word	0x0001d010
10002c00:	50112000 	.word	0x50112000

10002c04 <dcd_int_enable>:
10002c04:	b510      	push	{r4, lr}
10002c06:	2101      	movs	r1, #1
10002c08:	2005      	movs	r0, #5
10002c0a:	f7fd fe95 	bl	10000938 <irq_set_enabled>
10002c0e:	bd10      	pop	{r4, pc}

10002c10 <dcd_set_address>:
10002c10:	b510      	push	{r4, lr}
10002c12:	2200      	movs	r2, #0
10002c14:	2100      	movs	r1, #0
10002c16:	4802      	ldr	r0, [pc, #8]	; (10002c20 <dcd_set_address+0x10>)
10002c18:	f000 f90a 	bl	10002e30 <hw_endpoint_xfer_start>
10002c1c:	bd10      	pop	{r4, pc}
10002c1e:	46c0      	nop			; (mov r8, r8)
10002c20:	20001964 	.word	0x20001964

10002c24 <dcd_sof_enable>:
10002c24:	4b04      	ldr	r3, [pc, #16]	; (10002c38 <dcd_sof_enable+0x14>)
10002c26:	7019      	strb	r1, [r3, #0]
10002c28:	2900      	cmp	r1, #0
10002c2a:	d004      	beq.n	10002c36 <dcd_sof_enable+0x12>
10002c2c:	2180      	movs	r1, #128	; 0x80
10002c2e:	2390      	movs	r3, #144	; 0x90
10002c30:	4a02      	ldr	r2, [pc, #8]	; (10002c3c <dcd_sof_enable+0x18>)
10002c32:	0289      	lsls	r1, r1, #10
10002c34:	50d1      	str	r1, [r2, r3]
10002c36:	4770      	bx	lr
10002c38:	20001d9a 	.word	0x20001d9a
10002c3c:	50112000 	.word	0x50112000

10002c40 <dcd_edpt0_status_complete>:
10002c40:	780b      	ldrb	r3, [r1, #0]
10002c42:	065b      	lsls	r3, r3, #25
10002c44:	d102      	bne.n	10002c4c <dcd_edpt0_status_complete+0xc>
10002c46:	784b      	ldrb	r3, [r1, #1]
10002c48:	2b05      	cmp	r3, #5
10002c4a:	d000      	beq.n	10002c4e <dcd_edpt0_status_complete+0xe>
10002c4c:	4770      	bx	lr
10002c4e:	788a      	ldrb	r2, [r1, #2]
10002c50:	4b01      	ldr	r3, [pc, #4]	; (10002c58 <dcd_edpt0_status_complete+0x18>)
10002c52:	601a      	str	r2, [r3, #0]
10002c54:	e7fa      	b.n	10002c4c <dcd_edpt0_status_complete+0xc>
10002c56:	46c0      	nop			; (mov r8, r8)
10002c58:	50110000 	.word	0x50110000

10002c5c <dcd_edpt_open>:
10002c5c:	b5f0      	push	{r4, r5, r6, r7, lr}
10002c5e:	46c6      	mov	lr, r8
10002c60:	78c8      	ldrb	r0, [r1, #3]
10002c62:	b500      	push	{lr}
10002c64:	0780      	lsls	r0, r0, #30
10002c66:	0f80      	lsrs	r0, r0, #30
10002c68:	b2c3      	uxtb	r3, r0
10002c6a:	469c      	mov	ip, r3
10002c6c:	2b01      	cmp	r3, #1
10002c6e:	d060      	beq.n	10002d32 <dcd_edpt_open+0xd6>
10002c70:	788f      	ldrb	r7, [r1, #2]
10002c72:	790a      	ldrb	r2, [r1, #4]
10002c74:	794b      	ldrb	r3, [r1, #5]
10002c76:	217f      	movs	r1, #127	; 0x7f
10002c78:	4039      	ands	r1, r7
10002c7a:	09fc      	lsrs	r4, r7, #7
10002c7c:	021b      	lsls	r3, r3, #8
10002c7e:	004e      	lsls	r6, r1, #1
10002c80:	4313      	orrs	r3, r2
10002c82:	4d30      	ldr	r5, [pc, #192]	; (10002d44 <dcd_edpt_open+0xe8>)
10002c84:	1932      	adds	r2, r6, r4
10002c86:	0152      	lsls	r2, r2, #5
10002c88:	18aa      	adds	r2, r5, r2
10002c8a:	7097      	strb	r7, [r2, #2]
10002c8c:	2701      	movs	r7, #1
10002c8e:	4067      	eors	r7, r4
10002c90:	7057      	strb	r7, [r2, #1]
10002c92:	2700      	movs	r7, #0
10002c94:	055b      	lsls	r3, r3, #21
10002c96:	0d5b      	lsrs	r3, r3, #21
10002c98:	70d7      	strb	r7, [r2, #3]
10002c9a:	8313      	strh	r3, [r2, #24]
10002c9c:	76d0      	strb	r0, [r2, #27]
10002c9e:	00ca      	lsls	r2, r1, #3
10002ca0:	2c01      	cmp	r4, #1
10002ca2:	d02f      	beq.n	10002d04 <dcd_edpt_open+0xa8>
10002ca4:	4828      	ldr	r0, [pc, #160]	; (10002d48 <dcd_edpt_open+0xec>)
10002ca6:	4680      	mov	r8, r0
10002ca8:	0188      	lsls	r0, r1, #6
10002caa:	4442      	add	r2, r8
10002cac:	1828      	adds	r0, r5, r0
10002cae:	6082      	str	r2, [r0, #8]
10002cb0:	6017      	str	r7, [r2, #0]
10002cb2:	2900      	cmp	r1, #0
10002cb4:	d035      	beq.n	10002d22 <dcd_edpt_open+0xc6>
10002cb6:	4a25      	ldr	r2, [pc, #148]	; (10002d4c <dcd_edpt_open+0xf0>)
10002cb8:	00c9      	lsls	r1, r1, #3
10002cba:	4690      	mov	r8, r2
10002cbc:	4441      	add	r1, r8
10002cbe:	6041      	str	r1, [r0, #4]
10002cc0:	223f      	movs	r2, #63	; 0x3f
10002cc2:	333f      	adds	r3, #63	; 0x3f
10002cc4:	4393      	bics	r3, r2
10002cc6:	4662      	mov	r2, ip
10002cc8:	2a02      	cmp	r2, #2
10002cca:	d034      	beq.n	10002d36 <dcd_edpt_open+0xda>
10002ccc:	4920      	ldr	r1, [pc, #128]	; (10002d50 <dcd_edpt_open+0xf4>)
10002cce:	1937      	adds	r7, r6, r4
10002cd0:	680a      	ldr	r2, [r1, #0]
10002cd2:	017f      	lsls	r7, r7, #5
10002cd4:	18d3      	adds	r3, r2, r3
10002cd6:	600b      	str	r3, [r1, #0]
10002cd8:	491e      	ldr	r1, [pc, #120]	; (10002d54 <dcd_edpt_open+0xf8>)
10002cda:	19ef      	adds	r7, r5, r7
10002cdc:	60fa      	str	r2, [r7, #12]
10002cde:	428b      	cmp	r3, r1
10002ce0:	d82b      	bhi.n	10002d3a <dcd_edpt_open+0xde>
10002ce2:	1934      	adds	r4, r6, r4
10002ce4:	0164      	lsls	r4, r4, #5
10002ce6:	192d      	adds	r5, r5, r4
10002ce8:	7eeb      	ldrb	r3, [r5, #27]
10002cea:	491b      	ldr	r1, [pc, #108]	; (10002d58 <dcd_edpt_open+0xfc>)
10002cec:	069b      	lsls	r3, r3, #26
10002cee:	404a      	eors	r2, r1
10002cf0:	4313      	orrs	r3, r2
10002cf2:	2280      	movs	r2, #128	; 0x80
10002cf4:	2001      	movs	r0, #1
10002cf6:	0612      	lsls	r2, r2, #24
10002cf8:	4313      	orrs	r3, r2
10002cfa:	686a      	ldr	r2, [r5, #4]
10002cfc:	6013      	str	r3, [r2, #0]
10002cfe:	bc04      	pop	{r2}
10002d00:	4690      	mov	r8, r2
10002d02:	bdf0      	pop	{r4, r5, r6, r7, pc}
10002d04:	4815      	ldr	r0, [pc, #84]	; (10002d5c <dcd_edpt_open+0x100>)
10002d06:	4680      	mov	r8, r0
10002d08:	0188      	lsls	r0, r1, #6
10002d0a:	4442      	add	r2, r8
10002d0c:	1828      	adds	r0, r5, r0
10002d0e:	6282      	str	r2, [r0, #40]	; 0x28
10002d10:	6017      	str	r7, [r2, #0]
10002d12:	2900      	cmp	r1, #0
10002d14:	d005      	beq.n	10002d22 <dcd_edpt_open+0xc6>
10002d16:	4a10      	ldr	r2, [pc, #64]	; (10002d58 <dcd_edpt_open+0xfc>)
10002d18:	00c9      	lsls	r1, r1, #3
10002d1a:	4690      	mov	r8, r2
10002d1c:	4441      	add	r1, r8
10002d1e:	6241      	str	r1, [r0, #36]	; 0x24
10002d20:	e7ce      	b.n	10002cc0 <dcd_edpt_open+0x64>
10002d22:	2300      	movs	r3, #0
10002d24:	0164      	lsls	r4, r4, #5
10002d26:	192d      	adds	r5, r5, r4
10002d28:	606b      	str	r3, [r5, #4]
10002d2a:	4b0d      	ldr	r3, [pc, #52]	; (10002d60 <dcd_edpt_open+0x104>)
10002d2c:	2001      	movs	r0, #1
10002d2e:	60eb      	str	r3, [r5, #12]
10002d30:	e7e5      	b.n	10002cfe <dcd_edpt_open+0xa2>
10002d32:	2000      	movs	r0, #0
10002d34:	e7e3      	b.n	10002cfe <dcd_edpt_open+0xa2>
10002d36:	005b      	lsls	r3, r3, #1
10002d38:	e7c8      	b.n	10002ccc <dcd_edpt_open+0x70>
10002d3a:	f7fe ff4f 	bl	10001bdc <hard_assertion_failure>
10002d3e:	68fa      	ldr	r2, [r7, #12]
10002d40:	e7cf      	b.n	10002ce2 <dcd_edpt_open+0x86>
10002d42:	46c0      	nop			; (mov r8, r8)
10002d44:	20001944 	.word	0x20001944
10002d48:	50100084 	.word	0x50100084
10002d4c:	50100004 	.word	0x50100004
10002d50:	20001d4c 	.word	0x20001d4c
10002d54:	50100fff 	.word	0x50100fff
10002d58:	50100000 	.word	0x50100000
10002d5c:	50100080 	.word	0x50100080
10002d60:	50100100 	.word	0x50100100

10002d64 <dcd_edpt_close_all>:
10002d64:	b510      	push	{r4, lr}
10002d66:	f001 ffb3 	bl	10004cd0 <__reset_non_control_endpoints_veneer>
10002d6a:	bd10      	pop	{r4, pc}

10002d6c <dcd_edpt_xfer>:
10002d6c:	207f      	movs	r0, #127	; 0x7f
10002d6e:	b520      	push	{r5, lr}
10002d70:	0015      	movs	r5, r2
10002d72:	4008      	ands	r0, r1
10002d74:	0040      	lsls	r0, r0, #1
10002d76:	09c9      	lsrs	r1, r1, #7
10002d78:	1840      	adds	r0, r0, r1
10002d7a:	4904      	ldr	r1, [pc, #16]	; (10002d8c <dcd_edpt_xfer+0x20>)
10002d7c:	0140      	lsls	r0, r0, #5
10002d7e:	1840      	adds	r0, r0, r1
10002d80:	001a      	movs	r2, r3
10002d82:	0029      	movs	r1, r5
10002d84:	f000 f854 	bl	10002e30 <hw_endpoint_xfer_start>
10002d88:	2001      	movs	r0, #1
10002d8a:	bd20      	pop	{r5, pc}
10002d8c:	20001944 	.word	0x20001944

10002d90 <dcd_edpt_stall>:
10002d90:	237f      	movs	r3, #127	; 0x7f
10002d92:	b510      	push	{r4, lr}
10002d94:	400b      	ands	r3, r1
10002d96:	09c9      	lsrs	r1, r1, #7
10002d98:	2b00      	cmp	r3, #0
10002d9a:	d103      	bne.n	10002da4 <dcd_edpt_stall+0x14>
10002d9c:	2202      	movs	r2, #2
10002d9e:	4807      	ldr	r0, [pc, #28]	; (10002dbc <dcd_edpt_stall+0x2c>)
10002da0:	1a52      	subs	r2, r2, r1
10002da2:	6682      	str	r2, [r0, #104]	; 0x68
10002da4:	2280      	movs	r2, #128	; 0x80
10002da6:	0058      	lsls	r0, r3, #1
10002da8:	1840      	adds	r0, r0, r1
10002daa:	4b05      	ldr	r3, [pc, #20]	; (10002dc0 <dcd_edpt_stall+0x30>)
10002dac:	0140      	lsls	r0, r0, #5
10002dae:	18c0      	adds	r0, r0, r3
10002db0:	0112      	lsls	r2, r2, #4
10002db2:	2100      	movs	r1, #0
10002db4:	f001 ffcc 	bl	10004d50 <___hw_endpoint_buffer_control_update32_veneer>
10002db8:	bd10      	pop	{r4, pc}
10002dba:	46c0      	nop			; (mov r8, r8)
10002dbc:	50112000 	.word	0x50112000
10002dc0:	20001944 	.word	0x20001944

10002dc4 <dcd_edpt_clear_stall>:
10002dc4:	237f      	movs	r3, #127	; 0x7f
10002dc6:	b510      	push	{r4, lr}
10002dc8:	400b      	ands	r3, r1
10002dca:	d100      	bne.n	10002dce <dcd_edpt_clear_stall+0xa>
10002dcc:	bd10      	pop	{r4, pc}
10002dce:	09c9      	lsrs	r1, r1, #7
10002dd0:	0058      	lsls	r0, r3, #1
10002dd2:	1840      	adds	r0, r0, r1
10002dd4:	4b04      	ldr	r3, [pc, #16]	; (10002de8 <dcd_edpt_clear_stall+0x24>)
10002dd6:	0140      	lsls	r0, r0, #5
10002dd8:	1818      	adds	r0, r3, r0
10002dda:	2300      	movs	r3, #0
10002ddc:	2200      	movs	r2, #0
10002dde:	70c3      	strb	r3, [r0, #3]
10002de0:	4902      	ldr	r1, [pc, #8]	; (10002dec <dcd_edpt_clear_stall+0x28>)
10002de2:	f001 ffb5 	bl	10004d50 <___hw_endpoint_buffer_control_update32_veneer>
10002de6:	e7f1      	b.n	10002dcc <dcd_edpt_clear_stall+0x8>
10002de8:	20001944 	.word	0x20001944
10002dec:	fffff7ff 	.word	0xfffff7ff

10002df0 <rp2040_usb_init>:
10002df0:	2280      	movs	r2, #128	; 0x80
10002df2:	4b0a      	ldr	r3, [pc, #40]	; (10002e1c <rp2040_usb_init+0x2c>)
10002df4:	0452      	lsls	r2, r2, #17
10002df6:	b510      	push	{r4, lr}
10002df8:	601a      	str	r2, [r3, #0]
10002dfa:	4b09      	ldr	r3, [pc, #36]	; (10002e20 <rp2040_usb_init+0x30>)
10002dfc:	4909      	ldr	r1, [pc, #36]	; (10002e24 <rp2040_usb_init+0x34>)
10002dfe:	601a      	str	r2, [r3, #0]
10002e00:	0010      	movs	r0, r2
10002e02:	680b      	ldr	r3, [r1, #0]
10002e04:	4398      	bics	r0, r3
10002e06:	d1fb      	bne.n	10002e00 <rp2040_usb_init+0x10>
10002e08:	2280      	movs	r2, #128	; 0x80
10002e0a:	2100      	movs	r1, #0
10002e0c:	0152      	lsls	r2, r2, #5
10002e0e:	4806      	ldr	r0, [pc, #24]	; (10002e28 <rp2040_usb_init+0x38>)
10002e10:	f7ff f91c 	bl	1000204c <__wrap_memset>
10002e14:	2209      	movs	r2, #9
10002e16:	4b05      	ldr	r3, [pc, #20]	; (10002e2c <rp2040_usb_init+0x3c>)
10002e18:	675a      	str	r2, [r3, #116]	; 0x74
10002e1a:	bd10      	pop	{r4, pc}
10002e1c:	4000e000 	.word	0x4000e000
10002e20:	4000f000 	.word	0x4000f000
10002e24:	4000c008 	.word	0x4000c008
10002e28:	50100000 	.word	0x50100000
10002e2c:	50110000 	.word	0x50110000

10002e30 <hw_endpoint_xfer_start>:
10002e30:	b570      	push	{r4, r5, r6, lr}
10002e32:	7e83      	ldrb	r3, [r0, #26]
10002e34:	0004      	movs	r4, r0
10002e36:	000d      	movs	r5, r1
10002e38:	0016      	movs	r6, r2
10002e3a:	2b00      	cmp	r3, #0
10002e3c:	d119      	bne.n	10002e72 <hw_endpoint_xfer_start+0x42>
10002e3e:	2300      	movs	r3, #0
10002e40:	0021      	movs	r1, r4
10002e42:	82e3      	strh	r3, [r4, #22]
10002e44:	3301      	adds	r3, #1
10002e46:	82a6      	strh	r6, [r4, #20]
10002e48:	76a3      	strb	r3, [r4, #26]
10002e4a:	6125      	str	r5, [r4, #16]
10002e4c:	1ca0      	adds	r0, r4, #2
10002e4e:	311b      	adds	r1, #27
10002e50:	f001 ff4e 	bl	10004cf0 <__e15_is_bulkin_ep.isra.0_veneer>
10002e54:	2800      	cmp	r0, #0
10002e56:	d004      	beq.n	10002e62 <hw_endpoint_xfer_start+0x32>
10002e58:	2180      	movs	r1, #128	; 0x80
10002e5a:	2390      	movs	r3, #144	; 0x90
10002e5c:	4a08      	ldr	r2, [pc, #32]	; (10002e80 <hw_endpoint_xfer_start+0x50>)
10002e5e:	0289      	lsls	r1, r1, #10
10002e60:	50d1      	str	r1, [r2, r3]
10002e62:	0020      	movs	r0, r4
10002e64:	f001 ff1c 	bl	10004ca0 <__e15_is_critical_frame_period_veneer>
10002e68:	2800      	cmp	r0, #0
10002e6a:	d005      	beq.n	10002e78 <hw_endpoint_xfer_start+0x48>
10002e6c:	2301      	movs	r3, #1
10002e6e:	7723      	strb	r3, [r4, #28]
10002e70:	bd70      	pop	{r4, r5, r6, pc}
10002e72:	f001 ff65 	bl	10004d40 <__hw_endpoint_reset_transfer_veneer>
10002e76:	e7e2      	b.n	10002e3e <hw_endpoint_xfer_start+0xe>
10002e78:	0020      	movs	r0, r4
10002e7a:	f001 ff59 	bl	10004d30 <__hw_endpoint_start_next_buffer_veneer>
10002e7e:	e7f7      	b.n	10002e70 <hw_endpoint_xfer_start+0x40>
10002e80:	50112000 	.word	0x50112000

10002e84 <tud_event_hook_cb>:
10002e84:	4770      	bx	lr
10002e86:	46c0      	nop			; (mov r8, r8)

10002e88 <tud_sof_cb>:
10002e88:	4770      	bx	lr
10002e8a:	46c0      	nop			; (mov r8, r8)

10002e8c <tud_descriptor_device_qualifier_cb>:
10002e8c:	2000      	movs	r0, #0
10002e8e:	4770      	bx	lr

10002e90 <tud_descriptor_other_speed_configuration_cb>:
10002e90:	2000      	movs	r0, #0
10002e92:	4770      	bx	lr

10002e94 <tud_mount_cb>:
10002e94:	4770      	bx	lr
10002e96:	46c0      	nop			; (mov r8, r8)

10002e98 <tud_umount_cb>:
10002e98:	4770      	bx	lr
10002e9a:	46c0      	nop			; (mov r8, r8)

10002e9c <tud_suspend_cb>:
10002e9c:	4770      	bx	lr
10002e9e:	46c0      	nop			; (mov r8, r8)

10002ea0 <tud_resume_cb>:
10002ea0:	4770      	bx	lr
10002ea2:	46c0      	nop			; (mov r8, r8)

10002ea4 <tud_mounted>:
10002ea4:	4b02      	ldr	r3, [pc, #8]	; (10002eb0 <tud_mounted+0xc>)
10002ea6:	7858      	ldrb	r0, [r3, #1]
10002ea8:	1e43      	subs	r3, r0, #1
10002eaa:	4198      	sbcs	r0, r3
10002eac:	b2c0      	uxtb	r0, r0
10002eae:	4770      	bx	lr
10002eb0:	200014a4 	.word	0x200014a4

10002eb4 <tud_suspended>:
10002eb4:	4b02      	ldr	r3, [pc, #8]	; (10002ec0 <tud_suspended+0xc>)
10002eb6:	7818      	ldrb	r0, [r3, #0]
10002eb8:	0740      	lsls	r0, r0, #29
10002eba:	0fc0      	lsrs	r0, r0, #31
10002ebc:	4770      	bx	lr
10002ebe:	46c0      	nop			; (mov r8, r8)
10002ec0:	200014a4 	.word	0x200014a4

10002ec4 <tud_rhport_init>:
10002ec4:	b5f0      	push	{r4, r5, r6, r7, lr}
10002ec6:	46d6      	mov	lr, sl
10002ec8:	464f      	mov	r7, r9
10002eca:	4646      	mov	r6, r8
10002ecc:	b5c0      	push	{r6, r7, lr}
10002ece:	4e2e      	ldr	r6, [pc, #184]	; (10002f88 <tud_rhport_init+0xc4>)
10002ed0:	4682      	mov	sl, r0
10002ed2:	7833      	ldrb	r3, [r6, #0]
10002ed4:	4689      	mov	r9, r1
10002ed6:	2401      	movs	r4, #1
10002ed8:	2bff      	cmp	r3, #255	; 0xff
10002eda:	d143      	bne.n	10002f64 <tud_rhport_init+0xa0>
10002edc:	2900      	cmp	r1, #0
10002ede:	d040      	beq.n	10002f62 <tud_rhport_init+0x9e>
10002ee0:	2100      	movs	r1, #0
10002ee2:	2254      	movs	r2, #84	; 0x54
10002ee4:	4829      	ldr	r0, [pc, #164]	; (10002f8c <tud_rhport_init+0xc8>)
10002ee6:	f7ff f8b1 	bl	1000204c <__wrap_memset>
10002eea:	2200      	movs	r2, #0
10002eec:	4c28      	ldr	r4, [pc, #160]	; (10002f90 <tud_rhport_init+0xcc>)
10002eee:	4b29      	ldr	r3, [pc, #164]	; (10002f94 <tud_rhport_init+0xd0>)
10002ef0:	0020      	movs	r0, r4
10002ef2:	701a      	strb	r2, [r3, #0]
10002ef4:	f7fd ffec 	bl	10000ed0 <mutex_init>
10002ef8:	4b27      	ldr	r3, [pc, #156]	; (10002f98 <tud_rhport_init+0xd4>)
10002efa:	601c      	str	r4, [r3, #0]
10002efc:	4c27      	ldr	r4, [pc, #156]	; (10002f9c <tud_rhport_init+0xd8>)
10002efe:	0020      	movs	r0, r4
10002f00:	3014      	adds	r0, #20
10002f02:	f7fd fff3 	bl	10000eec <critical_section_init>
10002f06:	0020      	movs	r0, r4
10002f08:	f001 fe50 	bl	10004bac <tu_fifo_clear>
10002f0c:	4b24      	ldr	r3, [pc, #144]	; (10002fa0 <tud_rhport_init+0xdc>)
10002f0e:	4d25      	ldr	r5, [pc, #148]	; (10002fa4 <tud_rhport_init+0xe0>)
10002f10:	601c      	str	r4, [r3, #0]
10002f12:	4b25      	ldr	r3, [pc, #148]	; (10002fa8 <tud_rhport_init+0xe4>)
10002f14:	2b00      	cmp	r3, #0
10002f16:	d004      	beq.n	10002f22 <tud_rhport_init+0x5e>
10002f18:	0028      	movs	r0, r5
10002f1a:	f7ff faaf 	bl	1000247c <usbd_app_driver_get_cb>
10002f1e:	4b23      	ldr	r3, [pc, #140]	; (10002fac <tud_rhport_init+0xe8>)
10002f20:	6018      	str	r0, [r3, #0]
10002f22:	4923      	ldr	r1, [pc, #140]	; (10002fb0 <tud_rhport_init+0xec>)
10002f24:	782a      	ldrb	r2, [r5, #0]
10002f26:	2400      	movs	r4, #0
10002f28:	2300      	movs	r3, #0
10002f2a:	4688      	mov	r8, r1
10002f2c:	4f1f      	ldr	r7, [pc, #124]	; (10002fac <tud_rhport_init+0xe8>)
10002f2e:	e010      	b.n	10002f52 <tud_rhport_init+0x8e>
10002f30:	683a      	ldr	r2, [r7, #0]
10002f32:	0163      	lsls	r3, r4, #5
10002f34:	4694      	mov	ip, r2
10002f36:	4463      	add	r3, ip
10002f38:	2b00      	cmp	r3, #0
10002f3a:	d012      	beq.n	10002f62 <tud_rhport_init+0x9e>
10002f3c:	685b      	ldr	r3, [r3, #4]
10002f3e:	2b00      	cmp	r3, #0
10002f40:	d00f      	beq.n	10002f62 <tud_rhport_init+0x9e>
10002f42:	4798      	blx	r3
10002f44:	782a      	ldrb	r2, [r5, #0]
10002f46:	3401      	adds	r4, #1
10002f48:	b2e4      	uxtb	r4, r4
10002f4a:	1c51      	adds	r1, r2, #1
10002f4c:	0023      	movs	r3, r4
10002f4e:	42a1      	cmp	r1, r4
10002f50:	db0e      	blt.n	10002f70 <tud_rhport_init+0xac>
10002f52:	42a2      	cmp	r2, r4
10002f54:	d8ec      	bhi.n	10002f30 <tud_rhport_init+0x6c>
10002f56:	1a9b      	subs	r3, r3, r2
10002f58:	015b      	lsls	r3, r3, #5
10002f5a:	4443      	add	r3, r8
10002f5c:	685b      	ldr	r3, [r3, #4]
10002f5e:	2b00      	cmp	r3, #0
10002f60:	d1ef      	bne.n	10002f42 <tud_rhport_init+0x7e>
10002f62:	2400      	movs	r4, #0
10002f64:	0020      	movs	r0, r4
10002f66:	bc1c      	pop	{r2, r3, r4}
10002f68:	4690      	mov	r8, r2
10002f6a:	4699      	mov	r9, r3
10002f6c:	46a2      	mov	sl, r4
10002f6e:	bdf0      	pop	{r4, r5, r6, r7, pc}
10002f70:	4653      	mov	r3, sl
10002f72:	4649      	mov	r1, r9
10002f74:	4650      	mov	r0, sl
10002f76:	7033      	strb	r3, [r6, #0]
10002f78:	f7ff fdfc 	bl	10002b74 <dcd_init>
10002f7c:	1e04      	subs	r4, r0, #0
10002f7e:	d0f0      	beq.n	10002f62 <tud_rhport_init+0x9e>
10002f80:	4650      	mov	r0, sl
10002f82:	f7ff fe3f 	bl	10002c04 <dcd_int_enable>
10002f86:	e7ed      	b.n	10002f64 <tud_rhport_init+0xa0>
10002f88:	20001144 	.word	0x20001144
10002f8c:	200014a4 	.word	0x200014a4
10002f90:	2000149c 	.word	0x2000149c
10002f94:	20001d9b 	.word	0x20001d9b
10002f98:	200014f8 	.word	0x200014f8
10002f9c:	20001128 	.word	0x20001128
10002fa0:	200014fc 	.word	0x200014fc
10002fa4:	20001d99 	.word	0x20001d99
10002fa8:	1000247d 	.word	0x1000247d
10002fac:	200012f4 	.word	0x200012f4
10002fb0:	1000517c 	.word	0x1000517c

10002fb4 <tud_task_ext>:
10002fb4:	b5f0      	push	{r4, r5, r6, r7, lr}
10002fb6:	46de      	mov	lr, fp
10002fb8:	4657      	mov	r7, sl
10002fba:	464e      	mov	r6, r9
10002fbc:	4645      	mov	r5, r8
10002fbe:	b5e0      	push	{r5, r6, r7, lr}
10002fc0:	4bcc      	ldr	r3, [pc, #816]	; (100032f4 <tud_task_ext+0x340>)
10002fc2:	b08b      	sub	sp, #44	; 0x2c
10002fc4:	781b      	ldrb	r3, [r3, #0]
10002fc6:	2bff      	cmp	r3, #255	; 0xff
10002fc8:	d100      	bne.n	10002fcc <tud_task_ext+0x18>
10002fca:	e146      	b.n	1000325a <tud_task_ext+0x2a6>
10002fcc:	4bca      	ldr	r3, [pc, #808]	; (100032f8 <tud_task_ext+0x344>)
10002fce:	ac07      	add	r4, sp, #28
10002fd0:	469b      	mov	fp, r3
10002fd2:	4bca      	ldr	r3, [pc, #808]	; (100032fc <tud_task_ext+0x348>)
10002fd4:	469a      	mov	sl, r3
10002fd6:	465b      	mov	r3, fp
10002fd8:	681d      	ldr	r5, [r3, #0]
10002fda:	696a      	ldr	r2, [r5, #20]
10002fdc:	f3ef 8110 	mrs	r1, PRIMASK
10002fe0:	b672      	cpsid	i
10002fe2:	6813      	ldr	r3, [r2, #0]
10002fe4:	2b00      	cmp	r3, #0
10002fe6:	d0fc      	beq.n	10002fe2 <tud_task_ext+0x2e>
10002fe8:	f3bf 8f5f 	dmb	sy
10002fec:	61a9      	str	r1, [r5, #24]
10002fee:	0028      	movs	r0, r5
10002ff0:	0021      	movs	r1, r4
10002ff2:	f001 fc1b 	bl	1000482c <tu_fifo_read>
10002ff6:	696a      	ldr	r2, [r5, #20]
10002ff8:	69ab      	ldr	r3, [r5, #24]
10002ffa:	f3bf 8f5f 	dmb	sy
10002ffe:	2100      	movs	r1, #0
10003000:	6011      	str	r1, [r2, #0]
10003002:	f383 8810 	msr	PRIMASK, r3
10003006:	2800      	cmp	r0, #0
10003008:	d100      	bne.n	1000300c <tud_task_ext+0x58>
1000300a:	e126      	b.n	1000325a <tud_task_ext+0x2a6>
1000300c:	7863      	ldrb	r3, [r4, #1]
1000300e:	2b08      	cmp	r3, #8
10003010:	d8e1      	bhi.n	10002fd6 <tud_task_ext+0x22>
10003012:	4652      	mov	r2, sl
10003014:	009b      	lsls	r3, r3, #2
10003016:	58d3      	ldr	r3, [r2, r3]
10003018:	469f      	mov	pc, r3
1000301a:	6863      	ldr	r3, [r4, #4]
1000301c:	2b00      	cmp	r3, #0
1000301e:	d0da      	beq.n	10002fd6 <tud_task_ext+0x22>
10003020:	68a0      	ldr	r0, [r4, #8]
10003022:	4798      	blx	r3
10003024:	e7d7      	b.n	10002fd6 <tud_task_ext+0x22>
10003026:	237f      	movs	r3, #127	; 0x7f
10003028:	7921      	ldrb	r1, [r4, #4]
1000302a:	4db5      	ldr	r5, [pc, #724]	; (10003300 <tud_task_ext+0x34c>)
1000302c:	400b      	ands	r3, r1
1000302e:	0058      	lsls	r0, r3, #1
10003030:	09ca      	lsrs	r2, r1, #7
10003032:	182d      	adds	r5, r5, r0
10003034:	18ad      	adds	r5, r5, r2
10003036:	002a      	movs	r2, r5
10003038:	2601      	movs	r6, #1
1000303a:	3230      	adds	r2, #48	; 0x30
1000303c:	7910      	ldrb	r0, [r2, #4]
1000303e:	43b0      	bics	r0, r6
10003040:	7110      	strb	r0, [r2, #4]
10003042:	7910      	ldrb	r0, [r2, #4]
10003044:	3603      	adds	r6, #3
10003046:	43b0      	bics	r0, r6
10003048:	7110      	strb	r0, [r2, #4]
1000304a:	2b00      	cmp	r3, #0
1000304c:	d100      	bne.n	10003050 <tud_task_ext+0x9c>
1000304e:	e10d      	b.n	1000326c <tud_task_ext+0x2b8>
10003050:	4aac      	ldr	r2, [pc, #688]	; (10003304 <tud_task_ext+0x350>)
10003052:	7d2b      	ldrb	r3, [r5, #20]
10003054:	7812      	ldrb	r2, [r2, #0]
10003056:	4293      	cmp	r3, r2
10003058:	d300      	bcc.n	1000305c <tud_task_ext+0xa8>
1000305a:	e0fb      	b.n	10003254 <tud_task_ext+0x2a0>
1000305c:	4aaa      	ldr	r2, [pc, #680]	; (10003308 <tud_task_ext+0x354>)
1000305e:	015b      	lsls	r3, r3, #5
10003060:	6812      	ldr	r2, [r2, #0]
10003062:	18d3      	adds	r3, r2, r3
10003064:	2b00      	cmp	r3, #0
10003066:	d100      	bne.n	1000306a <tud_task_ext+0xb6>
10003068:	e0f7      	b.n	1000325a <tud_task_ext+0x2a6>
1000306a:	699d      	ldr	r5, [r3, #24]
1000306c:	7962      	ldrb	r2, [r4, #5]
1000306e:	7820      	ldrb	r0, [r4, #0]
10003070:	68a3      	ldr	r3, [r4, #8]
10003072:	47a8      	blx	r5
10003074:	e7af      	b.n	10002fd6 <tud_task_ext+0x22>
10003076:	4aa5      	ldr	r2, [pc, #660]	; (1000330c <tud_task_ext+0x358>)
10003078:	7813      	ldrb	r3, [r2, #0]
1000307a:	2b00      	cmp	r3, #0
1000307c:	d100      	bne.n	10003080 <tud_task_ext+0xcc>
1000307e:	e0ec      	b.n	1000325a <tud_task_ext+0x2a6>
10003080:	7813      	ldrb	r3, [r2, #0]
10003082:	3b01      	subs	r3, #1
10003084:	b2db      	uxtb	r3, r3
10003086:	7013      	strb	r3, [r2, #0]
10003088:	7813      	ldrb	r3, [r2, #0]
1000308a:	2b00      	cmp	r3, #0
1000308c:	d1a3      	bne.n	10002fd6 <tud_task_ext+0x22>
1000308e:	2201      	movs	r2, #1
10003090:	4b9b      	ldr	r3, [pc, #620]	; (10003300 <tud_task_ext+0x34c>)
10003092:	2101      	movs	r1, #1
10003094:	781b      	ldrb	r3, [r3, #0]
10003096:	489a      	ldr	r0, [pc, #616]	; (10003300 <tud_task_ext+0x34c>)
10003098:	4313      	orrs	r3, r2
1000309a:	4a99      	ldr	r2, [pc, #612]	; (10003300 <tud_task_ext+0x34c>)
1000309c:	4d98      	ldr	r5, [pc, #608]	; (10003300 <tud_task_ext+0x34c>)
1000309e:	7013      	strb	r3, [r2, #0]
100030a0:	2334      	movs	r3, #52	; 0x34
100030a2:	5cd2      	ldrb	r2, [r2, r3]
100030a4:	7827      	ldrb	r7, [r4, #0]
100030a6:	438a      	bics	r2, r1
100030a8:	54c2      	strb	r2, [r0, r3]
100030aa:	5cc2      	ldrb	r2, [r0, r3]
100030ac:	2004      	movs	r0, #4
100030ae:	4382      	bics	r2, r0
100030b0:	54ea      	strb	r2, [r5, r3]
100030b2:	3301      	adds	r3, #1
100030b4:	5cea      	ldrb	r2, [r5, r3]
100030b6:	438a      	bics	r2, r1
100030b8:	54ea      	strb	r2, [r5, r3]
100030ba:	5cea      	ldrb	r2, [r5, r3]
100030bc:	4382      	bics	r2, r0
100030be:	54ea      	strb	r2, [r5, r3]
100030c0:	2000      	movs	r0, #0
100030c2:	f000 fcc1 	bl	10003a48 <usbd_control_set_complete_callback>
100030c6:	2260      	movs	r2, #96	; 0x60
100030c8:	7923      	ldrb	r3, [r4, #4]
100030ca:	401a      	ands	r2, r3
100030cc:	2a60      	cmp	r2, #96	; 0x60
100030ce:	d100      	bne.n	100030d2 <tud_task_ext+0x11e>
100030d0:	e0fb      	b.n	100032ca <tud_task_ext+0x316>
100030d2:	2a40      	cmp	r2, #64	; 0x40
100030d4:	d100      	bne.n	100030d8 <tud_task_ext+0x124>
100030d6:	e101      	b.n	100032dc <tud_task_ext+0x328>
100030d8:	06db      	lsls	r3, r3, #27
100030da:	0edb      	lsrs	r3, r3, #27
100030dc:	b2d9      	uxtb	r1, r3
100030de:	2901      	cmp	r1, #1
100030e0:	d100      	bne.n	100030e4 <tud_task_ext+0x130>
100030e2:	e125      	b.n	10003330 <tud_task_ext+0x37c>
100030e4:	b25b      	sxtb	r3, r3
100030e6:	2b00      	cmp	r3, #0
100030e8:	d100      	bne.n	100030ec <tud_task_ext+0x138>
100030ea:	e115      	b.n	10003318 <tud_task_ext+0x364>
100030ec:	2902      	cmp	r1, #2
100030ee:	d000      	beq.n	100030f2 <tud_task_ext+0x13e>
100030f0:	e0eb      	b.n	100032ca <tud_task_ext+0x316>
100030f2:	2370      	movs	r3, #112	; 0x70
100030f4:	7a21      	ldrb	r1, [r4, #8]
100030f6:	420b      	tst	r3, r1
100030f8:	d000      	beq.n	100030fc <tud_task_ext+0x148>
100030fa:	e0e6      	b.n	100032ca <tud_task_ext+0x316>
100030fc:	257f      	movs	r5, #127	; 0x7f
100030fe:	09cb      	lsrs	r3, r1, #7
10003100:	4699      	mov	r9, r3
10003102:	400d      	ands	r5, r1
10003104:	4b7e      	ldr	r3, [pc, #504]	; (10003300 <tud_task_ext+0x34c>)
10003106:	006d      	lsls	r5, r5, #1
10003108:	195b      	adds	r3, r3, r5
1000310a:	444b      	add	r3, r9
1000310c:	7d1e      	ldrb	r6, [r3, #20]
1000310e:	4b7d      	ldr	r3, [pc, #500]	; (10003304 <tud_task_ext+0x350>)
10003110:	781b      	ldrb	r3, [r3, #0]
10003112:	429e      	cmp	r6, r3
10003114:	d200      	bcs.n	10003118 <tud_task_ext+0x164>
10003116:	e142      	b.n	1000339e <tud_task_ext+0x3ea>
10003118:	1c58      	adds	r0, r3, #1
1000311a:	42b0      	cmp	r0, r6
1000311c:	da00      	bge.n	10003120 <tud_task_ext+0x16c>
1000311e:	e224      	b.n	1000356a <tud_task_ext+0x5b6>
10003120:	1af6      	subs	r6, r6, r3
10003122:	4b7b      	ldr	r3, [pc, #492]	; (10003310 <tud_task_ext+0x35c>)
10003124:	0176      	lsls	r6, r6, #5
10003126:	199e      	adds	r6, r3, r6
10003128:	2a00      	cmp	r2, #0
1000312a:	d100      	bne.n	1000312e <tud_task_ext+0x17a>
1000312c:	e221      	b.n	10003572 <tud_task_ext+0x5be>
1000312e:	6970      	ldr	r0, [r6, #20]
10003130:	f000 fc8a 	bl	10003a48 <usbd_control_set_complete_callback>
10003134:	6973      	ldr	r3, [r6, #20]
10003136:	aa08      	add	r2, sp, #32
10003138:	2101      	movs	r1, #1
1000313a:	0038      	movs	r0, r7
1000313c:	4798      	blx	r3
1000313e:	e0d5      	b.n	100032ec <tud_task_ext+0x338>
10003140:	4d6f      	ldr	r5, [pc, #444]	; (10003300 <tud_task_ext+0x34c>)
10003142:	782b      	ldrb	r3, [r5, #0]
10003144:	07db      	lsls	r3, r3, #31
10003146:	d400      	bmi.n	1000314a <tud_task_ext+0x196>
10003148:	e745      	b.n	10002fd6 <tud_task_ext+0x22>
1000314a:	f7ff fea9 	bl	10002ea0 <tud_resume_cb>
1000314e:	e742      	b.n	10002fd6 <tud_task_ext+0x22>
10003150:	4b6b      	ldr	r3, [pc, #428]	; (10003300 <tud_task_ext+0x34c>)
10003152:	78db      	ldrb	r3, [r3, #3]
10003154:	07db      	lsls	r3, r3, #31
10003156:	d400      	bmi.n	1000315a <tud_task_ext+0x1a6>
10003158:	e73d      	b.n	10002fd6 <tud_task_ext+0x22>
1000315a:	6860      	ldr	r0, [r4, #4]
1000315c:	f7ff fe94 	bl	10002e88 <tud_sof_cb>
10003160:	e739      	b.n	10002fd6 <tud_task_ext+0x22>
10003162:	4d67      	ldr	r5, [pc, #412]	; (10003300 <tud_task_ext+0x34c>)
10003164:	782b      	ldrb	r3, [r5, #0]
10003166:	07db      	lsls	r3, r3, #31
10003168:	d400      	bmi.n	1000316c <tud_task_ext+0x1b8>
1000316a:	e734      	b.n	10002fd6 <tud_task_ext+0x22>
1000316c:	7828      	ldrb	r0, [r5, #0]
1000316e:	0700      	lsls	r0, r0, #28
10003170:	0fc0      	lsrs	r0, r0, #31
10003172:	f7ff fe93 	bl	10002e9c <tud_suspend_cb>
10003176:	e72e      	b.n	10002fd6 <tud_task_ext+0x22>
10003178:	4965      	ldr	r1, [pc, #404]	; (10003310 <tud_task_ext+0x35c>)
1000317a:	4d62      	ldr	r5, [pc, #392]	; (10003304 <tud_task_ext+0x350>)
1000317c:	4689      	mov	r9, r1
1000317e:	4962      	ldr	r1, [pc, #392]	; (10003308 <tud_task_ext+0x354>)
10003180:	7827      	ldrb	r7, [r4, #0]
10003182:	782a      	ldrb	r2, [r5, #0]
10003184:	2300      	movs	r3, #0
10003186:	2600      	movs	r6, #0
10003188:	4688      	mov	r8, r1
1000318a:	e010      	b.n	100031ae <tud_task_ext+0x1fa>
1000318c:	4642      	mov	r2, r8
1000318e:	6812      	ldr	r2, [r2, #0]
10003190:	0173      	lsls	r3, r6, #5
10003192:	4694      	mov	ip, r2
10003194:	4463      	add	r3, ip
10003196:	2b00      	cmp	r3, #0
10003198:	d066      	beq.n	10003268 <tud_task_ext+0x2b4>
1000319a:	68db      	ldr	r3, [r3, #12]
1000319c:	0038      	movs	r0, r7
1000319e:	4798      	blx	r3
100031a0:	782a      	ldrb	r2, [r5, #0]
100031a2:	3601      	adds	r6, #1
100031a4:	b2f6      	uxtb	r6, r6
100031a6:	1c51      	adds	r1, r2, #1
100031a8:	0033      	movs	r3, r6
100031aa:	428e      	cmp	r6, r1
100031ac:	dc3c      	bgt.n	10003228 <tud_task_ext+0x274>
100031ae:	42b2      	cmp	r2, r6
100031b0:	d8ec      	bhi.n	1000318c <tud_task_ext+0x1d8>
100031b2:	1a9b      	subs	r3, r3, r2
100031b4:	015b      	lsls	r3, r3, #5
100031b6:	444b      	add	r3, r9
100031b8:	e7ef      	b.n	1000319a <tud_task_ext+0x1e6>
100031ba:	4955      	ldr	r1, [pc, #340]	; (10003310 <tud_task_ext+0x35c>)
100031bc:	4d51      	ldr	r5, [pc, #324]	; (10003304 <tud_task_ext+0x350>)
100031be:	4689      	mov	r9, r1
100031c0:	4951      	ldr	r1, [pc, #324]	; (10003308 <tud_task_ext+0x354>)
100031c2:	7827      	ldrb	r7, [r4, #0]
100031c4:	782a      	ldrb	r2, [r5, #0]
100031c6:	2300      	movs	r3, #0
100031c8:	2600      	movs	r6, #0
100031ca:	4688      	mov	r8, r1
100031cc:	e010      	b.n	100031f0 <tud_task_ext+0x23c>
100031ce:	4642      	mov	r2, r8
100031d0:	6812      	ldr	r2, [r2, #0]
100031d2:	0173      	lsls	r3, r6, #5
100031d4:	4694      	mov	ip, r2
100031d6:	4463      	add	r3, ip
100031d8:	2b00      	cmp	r3, #0
100031da:	d020      	beq.n	1000321e <tud_task_ext+0x26a>
100031dc:	68db      	ldr	r3, [r3, #12]
100031de:	0038      	movs	r0, r7
100031e0:	4798      	blx	r3
100031e2:	782a      	ldrb	r2, [r5, #0]
100031e4:	3601      	adds	r6, #1
100031e6:	b2f6      	uxtb	r6, r6
100031e8:	1c51      	adds	r1, r2, #1
100031ea:	0033      	movs	r3, r6
100031ec:	428e      	cmp	r6, r1
100031ee:	dc05      	bgt.n	100031fc <tud_task_ext+0x248>
100031f0:	42b2      	cmp	r2, r6
100031f2:	d8ec      	bhi.n	100031ce <tud_task_ext+0x21a>
100031f4:	1a9b      	subs	r3, r3, r2
100031f6:	015b      	lsls	r3, r3, #5
100031f8:	444b      	add	r3, r9
100031fa:	e7ef      	b.n	100031dc <tud_task_ext+0x228>
100031fc:	4d40      	ldr	r5, [pc, #256]	; (10003300 <tud_task_ext+0x34c>)
100031fe:	2254      	movs	r2, #84	; 0x54
10003200:	2100      	movs	r1, #0
10003202:	0028      	movs	r0, r5
10003204:	f7fe ff22 	bl	1000204c <__wrap_memset>
10003208:	2210      	movs	r2, #16
1000320a:	21ff      	movs	r1, #255	; 0xff
1000320c:	1d28      	adds	r0, r5, #4
1000320e:	f7fe ff1d 	bl	1000204c <__wrap_memset>
10003212:	0028      	movs	r0, r5
10003214:	2220      	movs	r2, #32
10003216:	3014      	adds	r0, #20
10003218:	21ff      	movs	r1, #255	; 0xff
1000321a:	f7fe ff17 	bl	1000204c <__wrap_memset>
1000321e:	f000 fc09 	bl	10003a34 <usbd_control_reset>
10003222:	f7ff fe39 	bl	10002e98 <tud_umount_cb>
10003226:	e6d6      	b.n	10002fd6 <tud_task_ext+0x22>
10003228:	4d35      	ldr	r5, [pc, #212]	; (10003300 <tud_task_ext+0x34c>)
1000322a:	2254      	movs	r2, #84	; 0x54
1000322c:	2100      	movs	r1, #0
1000322e:	0028      	movs	r0, r5
10003230:	f7fe ff0c 	bl	1000204c <__wrap_memset>
10003234:	2210      	movs	r2, #16
10003236:	21ff      	movs	r1, #255	; 0xff
10003238:	1d28      	adds	r0, r5, #4
1000323a:	f7fe ff07 	bl	1000204c <__wrap_memset>
1000323e:	0028      	movs	r0, r5
10003240:	2220      	movs	r2, #32
10003242:	3014      	adds	r0, #20
10003244:	21ff      	movs	r1, #255	; 0xff
10003246:	f7fe ff01 	bl	1000204c <__wrap_memset>
1000324a:	f000 fbf3 	bl	10003a34 <usbd_control_reset>
1000324e:	7923      	ldrb	r3, [r4, #4]
10003250:	70ab      	strb	r3, [r5, #2]
10003252:	e6c0      	b.n	10002fd6 <tud_task_ext+0x22>
10003254:	1c50      	adds	r0, r2, #1
10003256:	4298      	cmp	r0, r3
10003258:	da0e      	bge.n	10003278 <tud_task_ext+0x2c4>
1000325a:	b00b      	add	sp, #44	; 0x2c
1000325c:	bc3c      	pop	{r2, r3, r4, r5}
1000325e:	4690      	mov	r8, r2
10003260:	4699      	mov	r9, r3
10003262:	46a2      	mov	sl, r4
10003264:	46ab      	mov	fp, r5
10003266:	bdf0      	pop	{r4, r5, r6, r7, pc}
10003268:	4d25      	ldr	r5, [pc, #148]	; (10003300 <tud_task_ext+0x34c>)
1000326a:	e7ee      	b.n	1000324a <tud_task_ext+0x296>
1000326c:	7962      	ldrb	r2, [r4, #5]
1000326e:	7820      	ldrb	r0, [r4, #0]
10003270:	68a3      	ldr	r3, [r4, #8]
10003272:	f000 fbfd 	bl	10003a70 <usbd_control_xfer_cb>
10003276:	e6ae      	b.n	10002fd6 <tud_task_ext+0x22>
10003278:	1a9b      	subs	r3, r3, r2
1000327a:	4a25      	ldr	r2, [pc, #148]	; (10003310 <tud_task_ext+0x35c>)
1000327c:	015b      	lsls	r3, r3, #5
1000327e:	18d3      	adds	r3, r2, r3
10003280:	e6f3      	b.n	1000306a <tud_task_ext+0xb6>
10003282:	9b01      	ldr	r3, [sp, #4]
10003284:	9004      	str	r0, [sp, #16]
10003286:	2b01      	cmp	r3, #1
10003288:	d100      	bne.n	1000328c <tud_task_ext+0x2d8>
1000328a:	e1d1      	b.n	10003630 <tud_task_ext+0x67c>
1000328c:	9b01      	ldr	r3, [sp, #4]
1000328e:	2b00      	cmp	r3, #0
10003290:	d100      	bne.n	10003294 <tud_task_ext+0x2e0>
10003292:	e1db      	b.n	1000364c <tud_task_ext+0x698>
10003294:	78b1      	ldrb	r1, [r6, #2]
10003296:	4a1a      	ldr	r2, [pc, #104]	; (10003300 <tud_task_ext+0x34c>)
10003298:	000b      	movs	r3, r1
1000329a:	1852      	adds	r2, r2, r1
1000329c:	7912      	ldrb	r2, [r2, #4]
1000329e:	2aff      	cmp	r2, #255	; 0xff
100032a0:	d110      	bne.n	100032c4 <tud_task_ext+0x310>
100032a2:	2200      	movs	r2, #0
100032a4:	4816      	ldr	r0, [pc, #88]	; (10003300 <tud_task_ext+0x34c>)
100032a6:	3201      	adds	r2, #1
100032a8:	4684      	mov	ip, r0
100032aa:	4463      	add	r3, ip
100032ac:	711f      	strb	r7, [r3, #4]
100032ae:	9b01      	ldr	r3, [sp, #4]
100032b0:	b2d2      	uxtb	r2, r2
100032b2:	429a      	cmp	r2, r3
100032b4:	d300      	bcc.n	100032b8 <tud_task_ext+0x304>
100032b6:	e1c9      	b.n	1000364c <tud_task_ext+0x698>
100032b8:	1853      	adds	r3, r2, r1
100032ba:	b2db      	uxtb	r3, r3
100032bc:	18c0      	adds	r0, r0, r3
100032be:	7900      	ldrb	r0, [r0, #4]
100032c0:	28ff      	cmp	r0, #255	; 0xff
100032c2:	d0ef      	beq.n	100032a4 <tud_task_ext+0x2f0>
100032c4:	2300      	movs	r3, #0
100032c6:	4a0e      	ldr	r2, [pc, #56]	; (10003300 <tud_task_ext+0x34c>)
100032c8:	7053      	strb	r3, [r2, #1]
100032ca:	7820      	ldrb	r0, [r4, #0]
100032cc:	2100      	movs	r1, #0
100032ce:	f7ff fd5f 	bl	10002d90 <dcd_edpt_stall>
100032d2:	7820      	ldrb	r0, [r4, #0]
100032d4:	2180      	movs	r1, #128	; 0x80
100032d6:	f7ff fd5b 	bl	10002d90 <dcd_edpt_stall>
100032da:	e67c      	b.n	10002fd6 <tud_task_ext+0x22>
100032dc:	480d      	ldr	r0, [pc, #52]	; (10003314 <tud_task_ext+0x360>)
100032de:	f000 fbb3 	bl	10003a48 <usbd_control_set_complete_callback>
100032e2:	aa08      	add	r2, sp, #32
100032e4:	2101      	movs	r1, #1
100032e6:	0038      	movs	r0, r7
100032e8:	f7ff f8ae 	bl	10002448 <tud_vendor_control_xfer_cb>
100032ec:	2800      	cmp	r0, #0
100032ee:	d000      	beq.n	100032f2 <tud_task_ext+0x33e>
100032f0:	e671      	b.n	10002fd6 <tud_task_ext+0x22>
100032f2:	e7ea      	b.n	100032ca <tud_task_ext+0x316>
100032f4:	20001144 	.word	0x20001144
100032f8:	200014fc 	.word	0x200014fc
100032fc:	100050d4 	.word	0x100050d4
10003300:	200014a4 	.word	0x200014a4
10003304:	20001d99 	.word	0x20001d99
10003308:	200012f4 	.word	0x200012f4
1000330c:	20001d9b 	.word	0x20001d9b
10003310:	1000517c 	.word	0x1000517c
10003314:	10002449 	.word	0x10002449
10003318:	2a20      	cmp	r2, #32
1000331a:	d100      	bne.n	1000331e <tud_task_ext+0x36a>
1000331c:	e109      	b.n	10003532 <tud_task_ext+0x57e>
1000331e:	2a00      	cmp	r2, #0
10003320:	d1d3      	bne.n	100032ca <tud_task_ext+0x316>
10003322:	7963      	ldrb	r3, [r4, #5]
10003324:	2b09      	cmp	r3, #9
10003326:	d8d0      	bhi.n	100032ca <tud_task_ext+0x316>
10003328:	4ad4      	ldr	r2, [pc, #848]	; (1000367c <tud_task_ext+0x6c8>)
1000332a:	009b      	lsls	r3, r3, #2
1000332c:	58d3      	ldr	r3, [r2, r3]
1000332e:	469f      	mov	pc, r3
10003330:	7a23      	ldrb	r3, [r4, #8]
10003332:	2b0f      	cmp	r3, #15
10003334:	d8c9      	bhi.n	100032ca <tud_task_ext+0x316>
10003336:	4ad2      	ldr	r2, [pc, #840]	; (10003680 <tud_task_ext+0x6cc>)
10003338:	4694      	mov	ip, r2
1000333a:	4ad2      	ldr	r2, [pc, #840]	; (10003684 <tud_task_ext+0x6d0>)
1000333c:	4463      	add	r3, ip
1000333e:	791b      	ldrb	r3, [r3, #4]
10003340:	7812      	ldrb	r2, [r2, #0]
10003342:	4293      	cmp	r3, r2
10003344:	d324      	bcc.n	10003390 <tud_task_ext+0x3dc>
10003346:	1c51      	adds	r1, r2, #1
10003348:	4299      	cmp	r1, r3
1000334a:	dbbe      	blt.n	100032ca <tud_task_ext+0x316>
1000334c:	1a9b      	subs	r3, r3, r2
1000334e:	4dce      	ldr	r5, [pc, #824]	; (10003688 <tud_task_ext+0x6d4>)
10003350:	015b      	lsls	r3, r3, #5
10003352:	18ed      	adds	r5, r5, r3
10003354:	6968      	ldr	r0, [r5, #20]
10003356:	f000 fb77 	bl	10003a48 <usbd_control_set_complete_callback>
1000335a:	696b      	ldr	r3, [r5, #20]
1000335c:	aa08      	add	r2, sp, #32
1000335e:	2101      	movs	r1, #1
10003360:	0038      	movs	r0, r7
10003362:	4798      	blx	r3
10003364:	2800      	cmp	r0, #0
10003366:	d000      	beq.n	1000336a <tud_task_ext+0x3b6>
10003368:	e635      	b.n	10002fd6 <tud_task_ext+0x22>
1000336a:	2560      	movs	r5, #96	; 0x60
1000336c:	7923      	ldrb	r3, [r4, #4]
1000336e:	401d      	ands	r5, r3
10003370:	d1ab      	bne.n	100032ca <tud_task_ext+0x316>
10003372:	7963      	ldrb	r3, [r4, #5]
10003374:	3b0a      	subs	r3, #10
10003376:	2b01      	cmp	r3, #1
10003378:	d8a7      	bhi.n	100032ca <tud_task_ext+0x316>
1000337a:	f000 fb65 	bl	10003a48 <usbd_control_set_complete_callback>
1000337e:	7963      	ldrb	r3, [r4, #5]
10003380:	2b0a      	cmp	r3, #10
10003382:	d100      	bne.n	10003386 <tud_task_ext+0x3d2>
10003384:	e14b      	b.n	1000361e <tud_task_ext+0x66a>
10003386:	a908      	add	r1, sp, #32
10003388:	0038      	movs	r0, r7
1000338a:	f000 fae1 	bl	10003950 <tud_control_status>
1000338e:	e622      	b.n	10002fd6 <tud_task_ext+0x22>
10003390:	4abe      	ldr	r2, [pc, #760]	; (1000368c <tud_task_ext+0x6d8>)
10003392:	015b      	lsls	r3, r3, #5
10003394:	6815      	ldr	r5, [r2, #0]
10003396:	18ed      	adds	r5, r5, r3
10003398:	2d00      	cmp	r5, #0
1000339a:	d096      	beq.n	100032ca <tud_task_ext+0x316>
1000339c:	e7da      	b.n	10003354 <tud_task_ext+0x3a0>
1000339e:	4bbb      	ldr	r3, [pc, #748]	; (1000368c <tud_task_ext+0x6d8>)
100033a0:	0176      	lsls	r6, r6, #5
100033a2:	681b      	ldr	r3, [r3, #0]
100033a4:	199e      	adds	r6, r3, r6
100033a6:	2a00      	cmp	r2, #0
100033a8:	d100      	bne.n	100033ac <tud_task_ext+0x3f8>
100033aa:	e0e2      	b.n	10003572 <tud_task_ext+0x5be>
100033ac:	2e00      	cmp	r6, #0
100033ae:	d08c      	beq.n	100032ca <tud_task_ext+0x316>
100033b0:	e6bd      	b.n	1000312e <tud_task_ext+0x17a>
100033b2:	4bb3      	ldr	r3, [pc, #716]	; (10003680 <tud_task_ext+0x6cc>)
100033b4:	79a6      	ldrb	r6, [r4, #6]
100033b6:	785b      	ldrb	r3, [r3, #1]
100033b8:	429e      	cmp	r6, r3
100033ba:	d0e4      	beq.n	10003386 <tud_task_ext+0x3d2>
100033bc:	4bb0      	ldr	r3, [pc, #704]	; (10003680 <tud_task_ext+0x6cc>)
100033be:	785b      	ldrb	r3, [r3, #1]
100033c0:	2b00      	cmp	r3, #0
100033c2:	d000      	beq.n	100033c6 <tud_task_ext+0x412>
100033c4:	e16f      	b.n	100036a6 <tud_task_ext+0x6f2>
100033c6:	4bae      	ldr	r3, [pc, #696]	; (10003680 <tud_task_ext+0x6cc>)
100033c8:	705e      	strb	r6, [r3, #1]
100033ca:	2e00      	cmp	r6, #0
100033cc:	d100      	bne.n	100033d0 <tud_task_ext+0x41c>
100033ce:	e167      	b.n	100036a0 <tud_task_ext+0x6ec>
100033d0:	1e70      	subs	r0, r6, #1
100033d2:	b2c0      	uxtb	r0, r0
100033d4:	f7ff fa86 	bl	100028e4 <tud_descriptor_configuration_cb>
100033d8:	2800      	cmp	r0, #0
100033da:	d100      	bne.n	100033de <tud_task_ext+0x42a>
100033dc:	e772      	b.n	100032c4 <tud_task_ext+0x310>
100033de:	7843      	ldrb	r3, [r0, #1]
100033e0:	9305      	str	r3, [sp, #20]
100033e2:	2b02      	cmp	r3, #2
100033e4:	d000      	beq.n	100033e8 <tud_task_ext+0x434>
100033e6:	e76d      	b.n	100032c4 <tud_task_ext+0x310>
100033e8:	2501      	movs	r5, #1
100033ea:	2610      	movs	r6, #16
100033ec:	79c2      	ldrb	r2, [r0, #7]
100033ee:	1153      	asrs	r3, r2, #5
100033f0:	402b      	ands	r3, r5
100033f2:	0119      	lsls	r1, r3, #4
100033f4:	4ba2      	ldr	r3, [pc, #648]	; (10003680 <tud_task_ext+0x6cc>)
100033f6:	1192      	asrs	r2, r2, #6
100033f8:	781b      	ldrb	r3, [r3, #0]
100033fa:	402a      	ands	r2, r5
100033fc:	43b3      	bics	r3, r6
100033fe:	430b      	orrs	r3, r1
10003400:	2120      	movs	r1, #32
10003402:	0152      	lsls	r2, r2, #5
10003404:	438b      	bics	r3, r1
10003406:	4313      	orrs	r3, r2
10003408:	4a9d      	ldr	r2, [pc, #628]	; (10003680 <tud_task_ext+0x6cc>)
1000340a:	7013      	strb	r3, [r2, #0]
1000340c:	2309      	movs	r3, #9
1000340e:	4698      	mov	r8, r3
10003410:	78c3      	ldrb	r3, [r0, #3]
10003412:	7882      	ldrb	r2, [r0, #2]
10003414:	021b      	lsls	r3, r3, #8
10003416:	4313      	orrs	r3, r2
10003418:	18c3      	adds	r3, r0, r3
1000341a:	4480      	add	r8, r0
1000341c:	9303      	str	r3, [sp, #12]
1000341e:	4598      	cmp	r8, r3
10003420:	d300      	bcc.n	10003424 <tud_task_ext+0x470>
10003422:	e128      	b.n	10003676 <tud_task_ext+0x6c2>
10003424:	4b99      	ldr	r3, [pc, #612]	; (1000368c <tud_task_ext+0x6d8>)
10003426:	4646      	mov	r6, r8
10003428:	4699      	mov	r9, r3
1000342a:	46b8      	mov	r8, r7
1000342c:	2201      	movs	r2, #1
1000342e:	7873      	ldrb	r3, [r6, #1]
10003430:	9201      	str	r2, [sp, #4]
10003432:	2b0b      	cmp	r3, #11
10003434:	d104      	bne.n	10003440 <tud_task_ext+0x48c>
10003436:	78f3      	ldrb	r3, [r6, #3]
10003438:	9301      	str	r3, [sp, #4]
1000343a:	7833      	ldrb	r3, [r6, #0]
1000343c:	18f6      	adds	r6, r6, r3
1000343e:	7873      	ldrb	r3, [r6, #1]
10003440:	2b04      	cmp	r3, #4
10003442:	d000      	beq.n	10003446 <tud_task_ext+0x492>
10003444:	e73e      	b.n	100032c4 <tud_task_ext+0x310>
10003446:	9b03      	ldr	r3, [sp, #12]
10003448:	2700      	movs	r7, #0
1000344a:	1b9b      	subs	r3, r3, r6
1000344c:	b29b      	uxth	r3, r3
1000344e:	9304      	str	r3, [sp, #16]
10003450:	4b8c      	ldr	r3, [pc, #560]	; (10003684 <tud_task_ext+0x6d0>)
10003452:	781d      	ldrb	r5, [r3, #0]
10003454:	2300      	movs	r3, #0
10003456:	9302      	str	r3, [sp, #8]
10003458:	e01a      	b.n	10003490 <tud_task_ext+0x4dc>
1000345a:	464a      	mov	r2, r9
1000345c:	6812      	ldr	r2, [r2, #0]
1000345e:	017b      	lsls	r3, r7, #5
10003460:	18d5      	adds	r5, r2, r3
10003462:	2d00      	cmp	r5, #0
10003464:	d100      	bne.n	10003468 <tud_task_ext+0x4b4>
10003466:	e72d      	b.n	100032c4 <tud_task_ext+0x310>
10003468:	9a04      	ldr	r2, [sp, #16]
1000346a:	0031      	movs	r1, r6
1000346c:	4640      	mov	r0, r8
1000346e:	692b      	ldr	r3, [r5, #16]
10003470:	4798      	blx	r3
10003472:	2808      	cmp	r0, #8
10003474:	d903      	bls.n	1000347e <tud_task_ext+0x4ca>
10003476:	9b04      	ldr	r3, [sp, #16]
10003478:	4283      	cmp	r3, r0
1000347a:	d300      	bcc.n	1000347e <tud_task_ext+0x4ca>
1000347c:	e701      	b.n	10003282 <tud_task_ext+0x2ce>
1000347e:	4b81      	ldr	r3, [pc, #516]	; (10003684 <tud_task_ext+0x6d0>)
10003480:	3701      	adds	r7, #1
10003482:	781d      	ldrb	r5, [r3, #0]
10003484:	b2ff      	uxtb	r7, r7
10003486:	1c6b      	adds	r3, r5, #1
10003488:	9702      	str	r7, [sp, #8]
1000348a:	429f      	cmp	r7, r3
1000348c:	dd00      	ble.n	10003490 <tud_task_ext+0x4dc>
1000348e:	e719      	b.n	100032c4 <tud_task_ext+0x310>
10003490:	42bd      	cmp	r5, r7
10003492:	d8e2      	bhi.n	1000345a <tud_task_ext+0x4a6>
10003494:	9b02      	ldr	r3, [sp, #8]
10003496:	1b5d      	subs	r5, r3, r5
10003498:	4b7b      	ldr	r3, [pc, #492]	; (10003688 <tud_task_ext+0x6d4>)
1000349a:	016d      	lsls	r5, r5, #5
1000349c:	469c      	mov	ip, r3
1000349e:	4465      	add	r5, ip
100034a0:	e7e2      	b.n	10003468 <tud_task_ext+0x4b4>
100034a2:	4b77      	ldr	r3, [pc, #476]	; (10003680 <tud_task_ext+0x6cc>)
100034a4:	aa06      	add	r2, sp, #24
100034a6:	785b      	ldrb	r3, [r3, #1]
100034a8:	3202      	adds	r2, #2
100034aa:	7013      	strb	r3, [r2, #0]
100034ac:	a908      	add	r1, sp, #32
100034ae:	2301      	movs	r3, #1
100034b0:	0038      	movs	r0, r7
100034b2:	f000 fa65 	bl	10003980 <tud_control_xfer>
100034b6:	e58e      	b.n	10002fd6 <tud_task_ext+0x22>
100034b8:	88e0      	ldrh	r0, [r4, #6]
100034ba:	0a03      	lsrs	r3, r0, #8
100034bc:	b2c0      	uxtb	r0, r0
100034be:	2b0f      	cmp	r3, #15
100034c0:	d900      	bls.n	100034c4 <tud_task_ext+0x510>
100034c2:	e702      	b.n	100032ca <tud_task_ext+0x316>
100034c4:	4972      	ldr	r1, [pc, #456]	; (10003690 <tud_task_ext+0x6dc>)
100034c6:	009a      	lsls	r2, r3, #2
100034c8:	588a      	ldr	r2, [r1, r2]
100034ca:	4697      	mov	pc, r2
100034cc:	a808      	add	r0, sp, #32
100034ce:	f000 fac1 	bl	10003a54 <usbd_control_set_request>
100034d2:	79a1      	ldrb	r1, [r4, #6]
100034d4:	0038      	movs	r0, r7
100034d6:	f7ff fb9b 	bl	10002c10 <dcd_set_address>
100034da:	2202      	movs	r2, #2
100034dc:	4b68      	ldr	r3, [pc, #416]	; (10003680 <tud_task_ext+0x6cc>)
100034de:	781b      	ldrb	r3, [r3, #0]
100034e0:	4313      	orrs	r3, r2
100034e2:	4a67      	ldr	r2, [pc, #412]	; (10003680 <tud_task_ext+0x6cc>)
100034e4:	7013      	strb	r3, [r2, #0]
100034e6:	e576      	b.n	10002fd6 <tud_task_ext+0x22>
100034e8:	88e3      	ldrh	r3, [r4, #6]
100034ea:	2b01      	cmp	r3, #1
100034ec:	d000      	beq.n	100034f0 <tud_task_ext+0x53c>
100034ee:	e6ec      	b.n	100032ca <tud_task_ext+0x316>
100034f0:	2208      	movs	r2, #8
100034f2:	4b63      	ldr	r3, [pc, #396]	; (10003680 <tud_task_ext+0x6cc>)
100034f4:	781b      	ldrb	r3, [r3, #0]
100034f6:	4393      	bics	r3, r2
100034f8:	4a61      	ldr	r2, [pc, #388]	; (10003680 <tud_task_ext+0x6cc>)
100034fa:	7013      	strb	r3, [r2, #0]
100034fc:	e743      	b.n	10003386 <tud_task_ext+0x3d2>
100034fe:	2002      	movs	r0, #2
10003500:	4b5f      	ldr	r3, [pc, #380]	; (10003680 <tud_task_ext+0x6cc>)
10003502:	7819      	ldrb	r1, [r3, #0]
10003504:	ab06      	add	r3, sp, #24
10003506:	1c9a      	adds	r2, r3, #2
10003508:	068b      	lsls	r3, r1, #26
1000350a:	0889      	lsrs	r1, r1, #2
1000350c:	0fdb      	lsrs	r3, r3, #31
1000350e:	4001      	ands	r1, r0
10003510:	430b      	orrs	r3, r1
10003512:	8013      	strh	r3, [r2, #0]
10003514:	a908      	add	r1, sp, #32
10003516:	2302      	movs	r3, #2
10003518:	0038      	movs	r0, r7
1000351a:	f000 fa31 	bl	10003980 <tud_control_xfer>
1000351e:	e55a      	b.n	10002fd6 <tud_task_ext+0x22>
10003520:	88e3      	ldrh	r3, [r4, #6]
10003522:	2b01      	cmp	r3, #1
10003524:	d000      	beq.n	10003528 <tud_task_ext+0x574>
10003526:	e6d0      	b.n	100032ca <tud_task_ext+0x316>
10003528:	2208      	movs	r2, #8
1000352a:	4b55      	ldr	r3, [pc, #340]	; (10003680 <tud_task_ext+0x6cc>)
1000352c:	781b      	ldrb	r3, [r3, #0]
1000352e:	4313      	orrs	r3, r2
10003530:	e7e2      	b.n	100034f8 <tud_task_ext+0x544>
10003532:	7a23      	ldrb	r3, [r4, #8]
10003534:	2b0f      	cmp	r3, #15
10003536:	d900      	bls.n	1000353a <tud_task_ext+0x586>
10003538:	e6c7      	b.n	100032ca <tud_task_ext+0x316>
1000353a:	4a51      	ldr	r2, [pc, #324]	; (10003680 <tud_task_ext+0x6cc>)
1000353c:	4694      	mov	ip, r2
1000353e:	4a51      	ldr	r2, [pc, #324]	; (10003684 <tud_task_ext+0x6d0>)
10003540:	4463      	add	r3, ip
10003542:	791b      	ldrb	r3, [r3, #4]
10003544:	7812      	ldrb	r2, [r2, #0]
10003546:	4293      	cmp	r3, r2
10003548:	d251      	bcs.n	100035ee <tud_task_ext+0x63a>
1000354a:	4a50      	ldr	r2, [pc, #320]	; (1000368c <tud_task_ext+0x6d8>)
1000354c:	015b      	lsls	r3, r3, #5
1000354e:	6815      	ldr	r5, [r2, #0]
10003550:	18ed      	adds	r5, r5, r3
10003552:	2d00      	cmp	r5, #0
10003554:	d100      	bne.n	10003558 <tud_task_ext+0x5a4>
10003556:	e6b8      	b.n	100032ca <tud_task_ext+0x316>
10003558:	6968      	ldr	r0, [r5, #20]
1000355a:	f000 fa75 	bl	10003a48 <usbd_control_set_complete_callback>
1000355e:	696b      	ldr	r3, [r5, #20]
10003560:	aa08      	add	r2, sp, #32
10003562:	2101      	movs	r1, #1
10003564:	0038      	movs	r0, r7
10003566:	4798      	blx	r3
10003568:	e6c0      	b.n	100032ec <tud_task_ext+0x338>
1000356a:	2600      	movs	r6, #0
1000356c:	2a00      	cmp	r2, #0
1000356e:	d000      	beq.n	10003572 <tud_task_ext+0x5be>
10003570:	e6ab      	b.n	100032ca <tud_task_ext+0x316>
10003572:	7963      	ldrb	r3, [r4, #5]
10003574:	4698      	mov	r8, r3
10003576:	2b01      	cmp	r3, #1
10003578:	d004      	beq.n	10003584 <tud_task_ext+0x5d0>
1000357a:	2b00      	cmp	r3, #0
1000357c:	d02d      	beq.n	100035da <tud_task_ext+0x626>
1000357e:	2b03      	cmp	r3, #3
10003580:	d000      	beq.n	10003584 <tud_task_ext+0x5d0>
10003582:	e6a2      	b.n	100032ca <tud_task_ext+0x316>
10003584:	88e3      	ldrh	r3, [r4, #6]
10003586:	2b00      	cmp	r3, #0
10003588:	d112      	bne.n	100035b0 <tud_task_ext+0x5fc>
1000358a:	4b42      	ldr	r3, [pc, #264]	; (10003694 <tud_task_ext+0x6e0>)
1000358c:	7818      	ldrb	r0, [r3, #0]
1000358e:	4643      	mov	r3, r8
10003590:	2b01      	cmp	r3, #1
10003592:	d035      	beq.n	10003600 <tud_task_ext+0x64c>
10003594:	f7ff fbfc 	bl	10002d90 <dcd_edpt_stall>
10003598:	2102      	movs	r1, #2
1000359a:	4b39      	ldr	r3, [pc, #228]	; (10003680 <tud_task_ext+0x6cc>)
1000359c:	195b      	adds	r3, r3, r5
1000359e:	444b      	add	r3, r9
100035a0:	3330      	adds	r3, #48	; 0x30
100035a2:	791a      	ldrb	r2, [r3, #4]
100035a4:	430a      	orrs	r2, r1
100035a6:	2101      	movs	r1, #1
100035a8:	711a      	strb	r2, [r3, #4]
100035aa:	791a      	ldrb	r2, [r3, #4]
100035ac:	430a      	orrs	r2, r1
100035ae:	711a      	strb	r2, [r3, #4]
100035b0:	2e00      	cmp	r6, #0
100035b2:	d100      	bne.n	100035b6 <tud_task_ext+0x602>
100035b4:	e50f      	b.n	10002fd6 <tud_task_ext+0x22>
100035b6:	6970      	ldr	r0, [r6, #20]
100035b8:	f000 fa46 	bl	10003a48 <usbd_control_set_complete_callback>
100035bc:	6973      	ldr	r3, [r6, #20]
100035be:	aa08      	add	r2, sp, #32
100035c0:	2101      	movs	r1, #1
100035c2:	0038      	movs	r0, r7
100035c4:	4798      	blx	r3
100035c6:	2000      	movs	r0, #0
100035c8:	f000 fa3e 	bl	10003a48 <usbd_control_set_complete_callback>
100035cc:	2335      	movs	r3, #53	; 0x35
100035ce:	4a2c      	ldr	r2, [pc, #176]	; (10003680 <tud_task_ext+0x6cc>)
100035d0:	5cd3      	ldrb	r3, [r2, r3]
100035d2:	07db      	lsls	r3, r3, #31
100035d4:	d500      	bpl.n	100035d8 <tud_task_ext+0x624>
100035d6:	e4fe      	b.n	10002fd6 <tud_task_ext+0x22>
100035d8:	e6d5      	b.n	10003386 <tud_task_ext+0x3d2>
100035da:	4b29      	ldr	r3, [pc, #164]	; (10003680 <tud_task_ext+0x6cc>)
100035dc:	aa06      	add	r2, sp, #24
100035de:	195b      	adds	r3, r3, r5
100035e0:	444b      	add	r3, r9
100035e2:	3330      	adds	r3, #48	; 0x30
100035e4:	791b      	ldrb	r3, [r3, #4]
100035e6:	3202      	adds	r2, #2
100035e8:	079b      	lsls	r3, r3, #30
100035ea:	0fdb      	lsrs	r3, r3, #31
100035ec:	e791      	b.n	10003512 <tud_task_ext+0x55e>
100035ee:	1c51      	adds	r1, r2, #1
100035f0:	4299      	cmp	r1, r3
100035f2:	da00      	bge.n	100035f6 <tud_task_ext+0x642>
100035f4:	e669      	b.n	100032ca <tud_task_ext+0x316>
100035f6:	1a9b      	subs	r3, r3, r2
100035f8:	4d23      	ldr	r5, [pc, #140]	; (10003688 <tud_task_ext+0x6d4>)
100035fa:	015b      	lsls	r3, r3, #5
100035fc:	18ed      	adds	r5, r5, r3
100035fe:	e7ab      	b.n	10003558 <tud_task_ext+0x5a4>
10003600:	f7ff fbe0 	bl	10002dc4 <dcd_edpt_clear_stall>
10003604:	2102      	movs	r1, #2
10003606:	4b1e      	ldr	r3, [pc, #120]	; (10003680 <tud_task_ext+0x6cc>)
10003608:	195b      	adds	r3, r3, r5
1000360a:	444b      	add	r3, r9
1000360c:	3330      	adds	r3, #48	; 0x30
1000360e:	791a      	ldrb	r2, [r3, #4]
10003610:	438a      	bics	r2, r1
10003612:	4641      	mov	r1, r8
10003614:	711a      	strb	r2, [r3, #4]
10003616:	791a      	ldrb	r2, [r3, #4]
10003618:	438a      	bics	r2, r1
1000361a:	711a      	strb	r2, [r3, #4]
1000361c:	e7c8      	b.n	100035b0 <tud_task_ext+0x5fc>
1000361e:	ab06      	add	r3, sp, #24
10003620:	1c9a      	adds	r2, r3, #2
10003622:	a908      	add	r1, sp, #32
10003624:	2301      	movs	r3, #1
10003626:	0038      	movs	r0, r7
10003628:	7015      	strb	r5, [r2, #0]
1000362a:	f000 f9a9 	bl	10003980 <tud_control_xfer>
1000362e:	e4d2      	b.n	10002fd6 <tud_task_ext+0x22>
10003630:	4b19      	ldr	r3, [pc, #100]	; (10003698 <tud_task_ext+0x6e4>)
10003632:	692a      	ldr	r2, [r5, #16]
10003634:	429a      	cmp	r2, r3
10003636:	d100      	bne.n	1000363a <tud_task_ext+0x686>
10003638:	e0b6      	b.n	100037a8 <tud_task_ext+0x7f4>
1000363a:	4a11      	ldr	r2, [pc, #68]	; (10003680 <tud_task_ext+0x6cc>)
1000363c:	78b3      	ldrb	r3, [r6, #2]
1000363e:	4694      	mov	ip, r2
10003640:	4463      	add	r3, ip
10003642:	791a      	ldrb	r2, [r3, #4]
10003644:	2aff      	cmp	r2, #255	; 0xff
10003646:	d000      	beq.n	1000364a <tud_task_ext+0x696>
10003648:	e63c      	b.n	100032c4 <tud_task_ext+0x310>
1000364a:	711f      	strb	r7, [r3, #4]
1000364c:	9d04      	ldr	r5, [sp, #16]
1000364e:	003b      	movs	r3, r7
10003650:	002a      	movs	r2, r5
10003652:	0031      	movs	r1, r6
10003654:	4811      	ldr	r0, [pc, #68]	; (1000369c <tud_task_ext+0x6e8>)
10003656:	f000 ff61 	bl	1000451c <tu_edpt_bind_driver>
1000365a:	46ac      	mov	ip, r5
1000365c:	4b09      	ldr	r3, [pc, #36]	; (10003684 <tud_task_ext+0x6d0>)
1000365e:	9a02      	ldr	r2, [sp, #8]
10003660:	781b      	ldrb	r3, [r3, #0]
10003662:	4466      	add	r6, ip
10003664:	3301      	adds	r3, #1
10003666:	429a      	cmp	r2, r3
10003668:	dd00      	ble.n	1000366c <tud_task_ext+0x6b8>
1000366a:	e62b      	b.n	100032c4 <tud_task_ext+0x310>
1000366c:	9b03      	ldr	r3, [sp, #12]
1000366e:	42b3      	cmp	r3, r6
10003670:	d900      	bls.n	10003674 <tud_task_ext+0x6c0>
10003672:	e6db      	b.n	1000342c <tud_task_ext+0x478>
10003674:	4647      	mov	r7, r8
10003676:	f7ff fc0d 	bl	10002e94 <tud_mount_cb>
1000367a:	e684      	b.n	10003386 <tud_task_ext+0x3d2>
1000367c:	100050f8 	.word	0x100050f8
10003680:	200014a4 	.word	0x200014a4
10003684:	20001d99 	.word	0x20001d99
10003688:	1000517c 	.word	0x1000517c
1000368c:	200012f4 	.word	0x200012f4
10003690:	10005120 	.word	0x10005120
10003694:	20001144 	.word	0x20001144
10003698:	10003ded 	.word	0x10003ded
1000369c:	200014b8 	.word	0x200014b8
100036a0:	f7ff fbfa 	bl	10002e98 <tud_umount_cb>
100036a4:	e66f      	b.n	10003386 <tud_task_ext+0x3d2>
100036a6:	2100      	movs	r1, #0
100036a8:	0038      	movs	r0, r7
100036aa:	f7ff fabb 	bl	10002c24 <dcd_sof_enable>
100036ae:	0038      	movs	r0, r7
100036b0:	f7ff fb58 	bl	10002d64 <dcd_edpt_close_all>
100036b4:	4b3e      	ldr	r3, [pc, #248]	; (100037b0 <tud_task_ext+0x7fc>)
100036b6:	4d3f      	ldr	r5, [pc, #252]	; (100037b4 <tud_task_ext+0x800>)
100036b8:	789b      	ldrb	r3, [r3, #2]
100036ba:	493f      	ldr	r1, [pc, #252]	; (100037b8 <tud_task_ext+0x804>)
100036bc:	9301      	str	r3, [sp, #4]
100036be:	4688      	mov	r8, r1
100036c0:	2300      	movs	r3, #0
100036c2:	0029      	movs	r1, r5
100036c4:	782a      	ldrb	r2, [r5, #0]
100036c6:	4689      	mov	r9, r1
100036c8:	001d      	movs	r5, r3
100036ca:	e011      	b.n	100036f0 <tud_task_ext+0x73c>
100036cc:	4642      	mov	r2, r8
100036ce:	6812      	ldr	r2, [r2, #0]
100036d0:	016b      	lsls	r3, r5, #5
100036d2:	4694      	mov	ip, r2
100036d4:	4463      	add	r3, ip
100036d6:	2b00      	cmp	r3, #0
100036d8:	d022      	beq.n	10003720 <tud_task_ext+0x76c>
100036da:	68db      	ldr	r3, [r3, #12]
100036dc:	0038      	movs	r0, r7
100036de:	4798      	blx	r3
100036e0:	464b      	mov	r3, r9
100036e2:	781a      	ldrb	r2, [r3, #0]
100036e4:	3501      	adds	r5, #1
100036e6:	b2ed      	uxtb	r5, r5
100036e8:	1c51      	adds	r1, r2, #1
100036ea:	002b      	movs	r3, r5
100036ec:	428d      	cmp	r5, r1
100036ee:	dc07      	bgt.n	10003700 <tud_task_ext+0x74c>
100036f0:	4295      	cmp	r5, r2
100036f2:	d3eb      	bcc.n	100036cc <tud_task_ext+0x718>
100036f4:	1a9b      	subs	r3, r3, r2
100036f6:	4a31      	ldr	r2, [pc, #196]	; (100037bc <tud_task_ext+0x808>)
100036f8:	015b      	lsls	r3, r3, #5
100036fa:	4694      	mov	ip, r2
100036fc:	4463      	add	r3, ip
100036fe:	e7ec      	b.n	100036da <tud_task_ext+0x726>
10003700:	2254      	movs	r2, #84	; 0x54
10003702:	2100      	movs	r1, #0
10003704:	482a      	ldr	r0, [pc, #168]	; (100037b0 <tud_task_ext+0x7fc>)
10003706:	f7fe fca1 	bl	1000204c <__wrap_memset>
1000370a:	4b29      	ldr	r3, [pc, #164]	; (100037b0 <tud_task_ext+0x7fc>)
1000370c:	2210      	movs	r2, #16
1000370e:	21ff      	movs	r1, #255	; 0xff
10003710:	1d18      	adds	r0, r3, #4
10003712:	f7fe fc9b 	bl	1000204c <__wrap_memset>
10003716:	2220      	movs	r2, #32
10003718:	21ff      	movs	r1, #255	; 0xff
1000371a:	4829      	ldr	r0, [pc, #164]	; (100037c0 <tud_task_ext+0x80c>)
1000371c:	f7fe fc96 	bl	1000204c <__wrap_memset>
10003720:	4b23      	ldr	r3, [pc, #140]	; (100037b0 <tud_task_ext+0x7fc>)
10003722:	9a01      	ldr	r2, [sp, #4]
10003724:	709a      	strb	r2, [r3, #2]
10003726:	e64e      	b.n	100033c6 <tud_task_ext+0x412>
10003728:	f7fe fe8a 	bl	10002440 <tud_descriptor_bos_cb>
1000372c:	1e02      	subs	r2, r0, #0
1000372e:	d100      	bne.n	10003732 <tud_task_ext+0x77e>
10003730:	e5cb      	b.n	100032ca <tud_task_ext+0x316>
10003732:	78c3      	ldrb	r3, [r0, #3]
10003734:	7881      	ldrb	r1, [r0, #2]
10003736:	021b      	lsls	r3, r3, #8
10003738:	430b      	orrs	r3, r1
1000373a:	0038      	movs	r0, r7
1000373c:	a908      	add	r1, sp, #32
1000373e:	f000 f91f 	bl	10003980 <tud_control_xfer>
10003742:	e5d3      	b.n	100032ec <tud_task_ext+0x338>
10003744:	f7ff fba2 	bl	10002e8c <tud_descriptor_device_qualifier_cb>
10003748:	1e02      	subs	r2, r0, #0
1000374a:	d100      	bne.n	1000374e <tud_task_ext+0x79a>
1000374c:	e5bd      	b.n	100032ca <tud_task_ext+0x316>
1000374e:	7813      	ldrb	r3, [r2, #0]
10003750:	a908      	add	r1, sp, #32
10003752:	0038      	movs	r0, r7
10003754:	f000 f914 	bl	10003980 <tud_control_xfer>
10003758:	e5c8      	b.n	100032ec <tud_task_ext+0x338>
1000375a:	2b02      	cmp	r3, #2
1000375c:	d019      	beq.n	10003792 <tud_task_ext+0x7de>
1000375e:	f7ff fb97 	bl	10002e90 <tud_descriptor_other_speed_configuration_cb>
10003762:	2800      	cmp	r0, #0
10003764:	d100      	bne.n	10003768 <tud_task_ext+0x7b4>
10003766:	e5b0      	b.n	100032ca <tud_task_ext+0x316>
10003768:	78c3      	ldrb	r3, [r0, #3]
1000376a:	7882      	ldrb	r2, [r0, #2]
1000376c:	021b      	lsls	r3, r3, #8
1000376e:	4313      	orrs	r3, r2
10003770:	a908      	add	r1, sp, #32
10003772:	0002      	movs	r2, r0
10003774:	0038      	movs	r0, r7
10003776:	f000 f903 	bl	10003980 <tud_control_xfer>
1000377a:	e5b7      	b.n	100032ec <tud_task_ext+0x338>
1000377c:	f7ff f8ae 	bl	100028dc <tud_descriptor_device_cb>
10003780:	1e02      	subs	r2, r0, #0
10003782:	d100      	bne.n	10003786 <tud_task_ext+0x7d2>
10003784:	e5a1      	b.n	100032ca <tud_task_ext+0x316>
10003786:	2312      	movs	r3, #18
10003788:	a908      	add	r1, sp, #32
1000378a:	0038      	movs	r0, r7
1000378c:	f000 f8f8 	bl	10003980 <tud_control_xfer>
10003790:	e5ac      	b.n	100032ec <tud_task_ext+0x338>
10003792:	f7ff f8a7 	bl	100028e4 <tud_descriptor_configuration_cb>
10003796:	2800      	cmp	r0, #0
10003798:	d1e6      	bne.n	10003768 <tud_task_ext+0x7b4>
1000379a:	e596      	b.n	100032ca <tud_task_ext+0x316>
1000379c:	8921      	ldrh	r1, [r4, #8]
1000379e:	f7ff f8a5 	bl	100028ec <tud_descriptor_string_cb>
100037a2:	1e02      	subs	r2, r0, #0
100037a4:	d1d3      	bne.n	1000374e <tud_task_ext+0x79a>
100037a6:	e590      	b.n	100032ca <tud_task_ext+0x316>
100037a8:	9b05      	ldr	r3, [sp, #20]
100037aa:	9301      	str	r3, [sp, #4]
100037ac:	e572      	b.n	10003294 <tud_task_ext+0x2e0>
100037ae:	46c0      	nop			; (mov r8, r8)
100037b0:	200014a4 	.word	0x200014a4
100037b4:	20001d99 	.word	0x20001d99
100037b8:	200012f4 	.word	0x200012f4
100037bc:	1000517c 	.word	0x1000517c
100037c0:	200014b8 	.word	0x200014b8

100037c4 <usbd_open_edpt_pair>:
100037c4:	b5f8      	push	{r3, r4, r5, r6, r7, lr}
100037c6:	4657      	mov	r7, sl
100037c8:	464e      	mov	r6, r9
100037ca:	46de      	mov	lr, fp
100037cc:	4645      	mov	r5, r8
100037ce:	000c      	movs	r4, r1
100037d0:	b5e0      	push	{r5, r6, r7, lr}
100037d2:	0016      	movs	r6, r2
100037d4:	001f      	movs	r7, r3
100037d6:	2a00      	cmp	r2, #0
100037d8:	d04b      	beq.n	10003872 <usbd_open_edpt_pair+0xae>
100037da:	784b      	ldrb	r3, [r1, #1]
100037dc:	2b05      	cmp	r3, #5
100037de:	d108      	bne.n	100037f2 <usbd_open_edpt_pair+0x2e>
100037e0:	78cb      	ldrb	r3, [r1, #3]
100037e2:	079b      	lsls	r3, r3, #30
100037e4:	0f9b      	lsrs	r3, r3, #30
100037e6:	42bb      	cmp	r3, r7
100037e8:	d103      	bne.n	100037f2 <usbd_open_edpt_pair+0x2e>
100037ea:	2270      	movs	r2, #112	; 0x70
100037ec:	788b      	ldrb	r3, [r1, #2]
100037ee:	421a      	tst	r2, r3
100037f0:	d006      	beq.n	10003800 <usbd_open_edpt_pair+0x3c>
100037f2:	2000      	movs	r0, #0
100037f4:	bc3c      	pop	{r2, r3, r4, r5}
100037f6:	4690      	mov	r8, r2
100037f8:	4699      	mov	r9, r3
100037fa:	46a2      	mov	sl, r4
100037fc:	46ab      	mov	fp, r5
100037fe:	bdf8      	pop	{r3, r4, r5, r6, r7, pc}
10003800:	4b1d      	ldr	r3, [pc, #116]	; (10003878 <usbd_open_edpt_pair+0xb4>)
10003802:	2500      	movs	r5, #0
10003804:	469b      	mov	fp, r3
10003806:	781b      	ldrb	r3, [r3, #0]
10003808:	4699      	mov	r9, r3
1000380a:	4b1c      	ldr	r3, [pc, #112]	; (1000387c <usbd_open_edpt_pair+0xb8>)
1000380c:	469a      	mov	sl, r3
1000380e:	2370      	movs	r3, #112	; 0x70
10003810:	4698      	mov	r8, r3
10003812:	e002      	b.n	1000381a <usbd_open_edpt_pair+0x56>
10003814:	465b      	mov	r3, fp
10003816:	781b      	ldrb	r3, [r3, #0]
10003818:	4699      	mov	r9, r3
1000381a:	4653      	mov	r3, sl
1000381c:	0020      	movs	r0, r4
1000381e:	7899      	ldrb	r1, [r3, #2]
10003820:	f000 fe42 	bl	100044a8 <tu_edpt_validate>
10003824:	2800      	cmp	r0, #0
10003826:	d0e4      	beq.n	100037f2 <usbd_open_edpt_pair+0x2e>
10003828:	0021      	movs	r1, r4
1000382a:	4648      	mov	r0, r9
1000382c:	f7ff fa16 	bl	10002c5c <dcd_edpt_open>
10003830:	2800      	cmp	r0, #0
10003832:	d0de      	beq.n	100037f2 <usbd_open_edpt_pair+0x2e>
10003834:	78a3      	ldrb	r3, [r4, #2]
10003836:	09da      	lsrs	r2, r3, #7
10003838:	2a01      	cmp	r2, #1
1000383a:	d013      	beq.n	10003864 <usbd_open_edpt_pair+0xa0>
1000383c:	9a0a      	ldr	r2, [sp, #40]	; 0x28
1000383e:	3501      	adds	r5, #1
10003840:	7013      	strb	r3, [r2, #0]
10003842:	7823      	ldrb	r3, [r4, #0]
10003844:	18e4      	adds	r4, r4, r3
10003846:	42b5      	cmp	r5, r6
10003848:	da13      	bge.n	10003872 <usbd_open_edpt_pair+0xae>
1000384a:	7863      	ldrb	r3, [r4, #1]
1000384c:	2b05      	cmp	r3, #5
1000384e:	d1d0      	bne.n	100037f2 <usbd_open_edpt_pair+0x2e>
10003850:	78e3      	ldrb	r3, [r4, #3]
10003852:	079b      	lsls	r3, r3, #30
10003854:	0f9b      	lsrs	r3, r3, #30
10003856:	42bb      	cmp	r3, r7
10003858:	d1cb      	bne.n	100037f2 <usbd_open_edpt_pair+0x2e>
1000385a:	4642      	mov	r2, r8
1000385c:	78a3      	ldrb	r3, [r4, #2]
1000385e:	421a      	tst	r2, r3
10003860:	d1c7      	bne.n	100037f2 <usbd_open_edpt_pair+0x2e>
10003862:	e7d7      	b.n	10003814 <usbd_open_edpt_pair+0x50>
10003864:	9a0b      	ldr	r2, [sp, #44]	; 0x2c
10003866:	3501      	adds	r5, #1
10003868:	7013      	strb	r3, [r2, #0]
1000386a:	7823      	ldrb	r3, [r4, #0]
1000386c:	18e4      	adds	r4, r4, r3
1000386e:	42b5      	cmp	r5, r6
10003870:	dbeb      	blt.n	1000384a <usbd_open_edpt_pair+0x86>
10003872:	2001      	movs	r0, #1
10003874:	e7be      	b.n	100037f4 <usbd_open_edpt_pair+0x30>
10003876:	46c0      	nop			; (mov r8, r8)
10003878:	20001144 	.word	0x20001144
1000387c:	200014a4 	.word	0x200014a4

10003880 <usbd_edpt_open>:
10003880:	2270      	movs	r2, #112	; 0x70
10003882:	b570      	push	{r4, r5, r6, lr}
10003884:	788b      	ldrb	r3, [r1, #2]
10003886:	000c      	movs	r4, r1
10003888:	421a      	tst	r2, r3
1000388a:	d001      	beq.n	10003890 <usbd_edpt_open+0x10>
1000388c:	2000      	movs	r0, #0
1000388e:	bd70      	pop	{r4, r5, r6, pc}
10003890:	4b06      	ldr	r3, [pc, #24]	; (100038ac <usbd_edpt_open+0x2c>)
10003892:	0020      	movs	r0, r4
10003894:	781d      	ldrb	r5, [r3, #0]
10003896:	4b06      	ldr	r3, [pc, #24]	; (100038b0 <usbd_edpt_open+0x30>)
10003898:	7899      	ldrb	r1, [r3, #2]
1000389a:	f000 fe05 	bl	100044a8 <tu_edpt_validate>
1000389e:	2800      	cmp	r0, #0
100038a0:	d0f4      	beq.n	1000388c <usbd_edpt_open+0xc>
100038a2:	0021      	movs	r1, r4
100038a4:	0028      	movs	r0, r5
100038a6:	f7ff f9d9 	bl	10002c5c <dcd_edpt_open>
100038aa:	e7f0      	b.n	1000388e <usbd_edpt_open+0xe>
100038ac:	20001144 	.word	0x20001144
100038b0:	200014a4 	.word	0x200014a4

100038b4 <usbd_edpt_claim>:
100038b4:	207f      	movs	r0, #127	; 0x7f
100038b6:	4b07      	ldr	r3, [pc, #28]	; (100038d4 <usbd_edpt_claim+0x20>)
100038b8:	4008      	ands	r0, r1
100038ba:	09c9      	lsrs	r1, r1, #7
100038bc:	681a      	ldr	r2, [r3, #0]
100038be:	000b      	movs	r3, r1
100038c0:	b510      	push	{r4, lr}
100038c2:	3334      	adds	r3, #52	; 0x34
100038c4:	0040      	lsls	r0, r0, #1
100038c6:	18c0      	adds	r0, r0, r3
100038c8:	4b03      	ldr	r3, [pc, #12]	; (100038d8 <usbd_edpt_claim+0x24>)
100038ca:	0011      	movs	r1, r2
100038cc:	1818      	adds	r0, r3, r0
100038ce:	f000 fda9 	bl	10004424 <tu_edpt_claim>
100038d2:	bd10      	pop	{r4, pc}
100038d4:	200014f8 	.word	0x200014f8
100038d8:	200014a4 	.word	0x200014a4

100038dc <usbd_edpt_release>:
100038dc:	207f      	movs	r0, #127	; 0x7f
100038de:	4b07      	ldr	r3, [pc, #28]	; (100038fc <usbd_edpt_release+0x20>)
100038e0:	4008      	ands	r0, r1
100038e2:	09c9      	lsrs	r1, r1, #7
100038e4:	681a      	ldr	r2, [r3, #0]
100038e6:	000b      	movs	r3, r1
100038e8:	b510      	push	{r4, lr}
100038ea:	3334      	adds	r3, #52	; 0x34
100038ec:	0040      	lsls	r0, r0, #1
100038ee:	18c0      	adds	r0, r0, r3
100038f0:	4b03      	ldr	r3, [pc, #12]	; (10003900 <usbd_edpt_release+0x24>)
100038f2:	0011      	movs	r1, r2
100038f4:	1818      	adds	r0, r3, r0
100038f6:	f000 fdbb 	bl	10004470 <tu_edpt_release>
100038fa:	bd10      	pop	{r4, pc}
100038fc:	200014f8 	.word	0x200014f8
10003900:	200014a4 	.word	0x200014a4

10003904 <usbd_edpt_xfer>:
10003904:	b570      	push	{r4, r5, r6, lr}
10003906:	247f      	movs	r4, #127	; 0x7f
10003908:	400c      	ands	r4, r1
1000390a:	0060      	lsls	r0, r4, #1
1000390c:	4c0e      	ldr	r4, [pc, #56]	; (10003948 <usbd_edpt_xfer+0x44>)
1000390e:	09cd      	lsrs	r5, r1, #7
10003910:	1824      	adds	r4, r4, r0
10003912:	1964      	adds	r4, r4, r5
10003914:	3430      	adds	r4, #48	; 0x30
10003916:	7925      	ldrb	r5, [r4, #4]
10003918:	2000      	movs	r0, #0
1000391a:	07ed      	lsls	r5, r5, #31
1000391c:	d500      	bpl.n	10003920 <usbd_edpt_xfer+0x1c>
1000391e:	bd70      	pop	{r4, r5, r6, pc}
10003920:	2601      	movs	r6, #1
10003922:	7925      	ldrb	r5, [r4, #4]
10003924:	4809      	ldr	r0, [pc, #36]	; (1000394c <usbd_edpt_xfer+0x48>)
10003926:	4335      	orrs	r5, r6
10003928:	7800      	ldrb	r0, [r0, #0]
1000392a:	7125      	strb	r5, [r4, #4]
1000392c:	f7ff fa1e 	bl	10002d6c <dcd_edpt_xfer>
10003930:	2800      	cmp	r0, #0
10003932:	d1f4      	bne.n	1000391e <usbd_edpt_xfer+0x1a>
10003934:	2201      	movs	r2, #1
10003936:	7923      	ldrb	r3, [r4, #4]
10003938:	4393      	bics	r3, r2
1000393a:	7123      	strb	r3, [r4, #4]
1000393c:	7923      	ldrb	r3, [r4, #4]
1000393e:	3203      	adds	r2, #3
10003940:	4393      	bics	r3, r2
10003942:	7123      	strb	r3, [r4, #4]
10003944:	e7eb      	b.n	1000391e <usbd_edpt_xfer+0x1a>
10003946:	46c0      	nop			; (mov r8, r8)
10003948:	200014a4 	.word	0x200014a4
1000394c:	20001144 	.word	0x20001144

10003950 <tud_control_status>:
10003950:	b570      	push	{r4, r5, r6, lr}
10003952:	4c0a      	ldr	r4, [pc, #40]	; (1000397c <tud_control_status+0x2c>)
10003954:	0006      	movs	r6, r0
10003956:	2208      	movs	r2, #8
10003958:	0020      	movs	r0, r4
1000395a:	000d      	movs	r5, r1
1000395c:	f7fe fb7c 	bl	10002058 <__wrap___aeabi_memcpy>
10003960:	2100      	movs	r1, #0
10003962:	5669      	ldrsb	r1, [r5, r1]
10003964:	2300      	movs	r3, #0
10003966:	43c9      	mvns	r1, r1
10003968:	0fc9      	lsrs	r1, r1, #31
1000396a:	0030      	movs	r0, r6
1000396c:	60e3      	str	r3, [r4, #12]
1000396e:	01c9      	lsls	r1, r1, #7
10003970:	2200      	movs	r2, #0
10003972:	60a3      	str	r3, [r4, #8]
10003974:	f7ff ffc6 	bl	10003904 <usbd_edpt_xfer>
10003978:	bd70      	pop	{r4, r5, r6, pc}
1000397a:	46c0      	nop			; (mov r8, r8)
1000397c:	20001484 	.word	0x20001484

10003980 <tud_control_xfer>:
10003980:	b5f0      	push	{r4, r5, r6, r7, lr}
10003982:	46c6      	mov	lr, r8
10003984:	4690      	mov	r8, r2
10003986:	4c29      	ldr	r4, [pc, #164]	; (10003a2c <tud_control_xfer+0xac>)
10003988:	2208      	movs	r2, #8
1000398a:	b500      	push	{lr}
1000398c:	0006      	movs	r6, r0
1000398e:	0020      	movs	r0, r4
10003990:	000d      	movs	r5, r1
10003992:	001f      	movs	r7, r3
10003994:	f7fe fb60 	bl	10002058 <__wrap___aeabi_memcpy>
10003998:	4643      	mov	r3, r8
1000399a:	60a3      	str	r3, [r4, #8]
1000399c:	2300      	movs	r3, #0
1000399e:	81e3      	strh	r3, [r4, #14]
100039a0:	79eb      	ldrb	r3, [r5, #7]
100039a2:	79aa      	ldrb	r2, [r5, #6]
100039a4:	021b      	lsls	r3, r3, #8
100039a6:	4313      	orrs	r3, r2
100039a8:	1c1a      	adds	r2, r3, #0
100039aa:	42bb      	cmp	r3, r7
100039ac:	d900      	bls.n	100039b0 <tud_control_xfer+0x30>
100039ae:	1c3a      	adds	r2, r7, #0
100039b0:	b297      	uxth	r7, r2
100039b2:	81a2      	strh	r2, [r4, #12]
100039b4:	2b00      	cmp	r3, #0
100039b6:	d012      	beq.n	100039de <tud_control_xfer+0x5e>
100039b8:	2f00      	cmp	r7, #0
100039ba:	d01d      	beq.n	100039f8 <tud_control_xfer+0x78>
100039bc:	4643      	mov	r3, r8
100039be:	2b00      	cmp	r3, #0
100039c0:	d031      	beq.n	10003a26 <tud_control_xfer+0xa6>
100039c2:	1c3b      	adds	r3, r7, #0
100039c4:	2f40      	cmp	r7, #64	; 0x40
100039c6:	d81d      	bhi.n	10003a04 <tud_control_xfer+0x84>
100039c8:	b29f      	uxth	r7, r3
100039ca:	7823      	ldrb	r3, [r4, #0]
100039cc:	2b7f      	cmp	r3, #127	; 0x7f
100039ce:	d81e      	bhi.n	10003a0e <tud_control_xfer+0x8e>
100039d0:	2100      	movs	r1, #0
100039d2:	4a17      	ldr	r2, [pc, #92]	; (10003a30 <tud_control_xfer+0xb0>)
100039d4:	003b      	movs	r3, r7
100039d6:	0030      	movs	r0, r6
100039d8:	f7ff ff94 	bl	10003904 <usbd_edpt_xfer>
100039dc:	e009      	b.n	100039f2 <tud_control_xfer+0x72>
100039de:	2100      	movs	r1, #0
100039e0:	5669      	ldrsb	r1, [r5, r1]
100039e2:	2300      	movs	r3, #0
100039e4:	43c9      	mvns	r1, r1
100039e6:	0fc9      	lsrs	r1, r1, #31
100039e8:	01c9      	lsls	r1, r1, #7
100039ea:	2200      	movs	r2, #0
100039ec:	0030      	movs	r0, r6
100039ee:	f7ff ff89 	bl	10003904 <usbd_edpt_xfer>
100039f2:	bc04      	pop	{r2}
100039f4:	4690      	mov	r8, r2
100039f6:	bdf0      	pop	{r4, r5, r6, r7, pc}
100039f8:	7823      	ldrb	r3, [r4, #0]
100039fa:	2b7f      	cmp	r3, #127	; 0x7f
100039fc:	d910      	bls.n	10003a20 <tud_control_xfer+0xa0>
100039fe:	2180      	movs	r1, #128	; 0x80
10003a00:	2200      	movs	r2, #0
10003a02:	e7e7      	b.n	100039d4 <tud_control_xfer+0x54>
10003a04:	2340      	movs	r3, #64	; 0x40
10003a06:	b29f      	uxth	r7, r3
10003a08:	7823      	ldrb	r3, [r4, #0]
10003a0a:	2b7f      	cmp	r3, #127	; 0x7f
10003a0c:	d9e0      	bls.n	100039d0 <tud_control_xfer+0x50>
10003a0e:	4c08      	ldr	r4, [pc, #32]	; (10003a30 <tud_control_xfer+0xb0>)
10003a10:	003a      	movs	r2, r7
10003a12:	4641      	mov	r1, r8
10003a14:	0020      	movs	r0, r4
10003a16:	f7fe fb1f 	bl	10002058 <__wrap___aeabi_memcpy>
10003a1a:	2180      	movs	r1, #128	; 0x80
10003a1c:	0022      	movs	r2, r4
10003a1e:	e7d9      	b.n	100039d4 <tud_control_xfer+0x54>
10003a20:	2100      	movs	r1, #0
10003a22:	2200      	movs	r2, #0
10003a24:	e7d6      	b.n	100039d4 <tud_control_xfer+0x54>
10003a26:	2000      	movs	r0, #0
10003a28:	e7e3      	b.n	100039f2 <tud_control_xfer+0x72>
10003a2a:	46c0      	nop			; (mov r8, r8)
10003a2c:	20001484 	.word	0x20001484
10003a30:	20001444 	.word	0x20001444

10003a34 <usbd_control_reset>:
10003a34:	b510      	push	{r4, lr}
10003a36:	2214      	movs	r2, #20
10003a38:	2100      	movs	r1, #0
10003a3a:	4802      	ldr	r0, [pc, #8]	; (10003a44 <usbd_control_reset+0x10>)
10003a3c:	f7fe fb06 	bl	1000204c <__wrap_memset>
10003a40:	bd10      	pop	{r4, pc}
10003a42:	46c0      	nop			; (mov r8, r8)
10003a44:	20001484 	.word	0x20001484

10003a48 <usbd_control_set_complete_callback>:
10003a48:	4b01      	ldr	r3, [pc, #4]	; (10003a50 <usbd_control_set_complete_callback+0x8>)
10003a4a:	6118      	str	r0, [r3, #16]
10003a4c:	4770      	bx	lr
10003a4e:	46c0      	nop			; (mov r8, r8)
10003a50:	20001484 	.word	0x20001484

10003a54 <usbd_control_set_request>:
10003a54:	b510      	push	{r4, lr}
10003a56:	4c05      	ldr	r4, [pc, #20]	; (10003a6c <usbd_control_set_request+0x18>)
10003a58:	0001      	movs	r1, r0
10003a5a:	2208      	movs	r2, #8
10003a5c:	0020      	movs	r0, r4
10003a5e:	f7fe fafb 	bl	10002058 <__wrap___aeabi_memcpy>
10003a62:	2300      	movs	r3, #0
10003a64:	60a3      	str	r3, [r4, #8]
10003a66:	60e3      	str	r3, [r4, #12]
10003a68:	bd10      	pop	{r4, pc}
10003a6a:	46c0      	nop			; (mov r8, r8)
10003a6c:	20001484 	.word	0x20001484

10003a70 <usbd_control_xfer_cb>:
10003a70:	b5f8      	push	{r3, r4, r5, r6, r7, lr}
10003a72:	4c39      	ldr	r4, [pc, #228]	; (10003b58 <usbd_control_xfer_cb+0xe8>)
10003a74:	001d      	movs	r5, r3
10003a76:	7823      	ldrb	r3, [r4, #0]
10003a78:	0006      	movs	r6, r0
10003a7a:	09da      	lsrs	r2, r3, #7
10003a7c:	09c9      	lsrs	r1, r1, #7
10003a7e:	428a      	cmp	r2, r1
10003a80:	d010      	beq.n	10003aa4 <usbd_control_xfer_cb+0x34>
10003a82:	2000      	movs	r0, #0
10003a84:	2d00      	cmp	r5, #0
10003a86:	d000      	beq.n	10003a8a <usbd_control_xfer_cb+0x1a>
10003a88:	bdf8      	pop	{r3, r4, r5, r6, r7, pc}
10003a8a:	0021      	movs	r1, r4
10003a8c:	0030      	movs	r0, r6
10003a8e:	f7ff f8d7 	bl	10002c40 <dcd_edpt0_status_complete>
10003a92:	6923      	ldr	r3, [r4, #16]
10003a94:	2b00      	cmp	r3, #0
10003a96:	d041      	beq.n	10003b1c <usbd_control_xfer_cb+0xac>
10003a98:	0022      	movs	r2, r4
10003a9a:	2103      	movs	r1, #3
10003a9c:	0030      	movs	r0, r6
10003a9e:	4798      	blx	r3
10003aa0:	2001      	movs	r0, #1
10003aa2:	e7f1      	b.n	10003a88 <usbd_control_xfer_cb+0x18>
10003aa4:	68a0      	ldr	r0, [r4, #8]
10003aa6:	2b7f      	cmp	r3, #127	; 0x7f
10003aa8:	d806      	bhi.n	10003ab8 <usbd_control_xfer_cb+0x48>
10003aaa:	2800      	cmp	r0, #0
10003aac:	d038      	beq.n	10003b20 <usbd_control_xfer_cb+0xb0>
10003aae:	002a      	movs	r2, r5
10003ab0:	492a      	ldr	r1, [pc, #168]	; (10003b5c <usbd_control_xfer_cb+0xec>)
10003ab2:	f7fe fad1 	bl	10002058 <__wrap___aeabi_memcpy>
10003ab6:	68a0      	ldr	r0, [r4, #8]
10003ab8:	89e2      	ldrh	r2, [r4, #14]
10003aba:	88e3      	ldrh	r3, [r4, #6]
10003abc:	1952      	adds	r2, r2, r5
10003abe:	b292      	uxth	r2, r2
10003ac0:	1940      	adds	r0, r0, r5
10003ac2:	81e2      	strh	r2, [r4, #14]
10003ac4:	60a0      	str	r0, [r4, #8]
10003ac6:	4293      	cmp	r3, r2
10003ac8:	d014      	beq.n	10003af4 <usbd_control_xfer_cb+0x84>
10003aca:	2d3f      	cmp	r5, #63	; 0x3f
10003acc:	d912      	bls.n	10003af4 <usbd_control_xfer_cb+0x84>
10003ace:	89a5      	ldrh	r5, [r4, #12]
10003ad0:	1aa9      	subs	r1, r5, r2
10003ad2:	1c0f      	adds	r7, r1, #0
10003ad4:	b289      	uxth	r1, r1
10003ad6:	2940      	cmp	r1, #64	; 0x40
10003ad8:	d82e      	bhi.n	10003b38 <usbd_control_xfer_cb+0xc8>
10003ada:	7823      	ldrb	r3, [r4, #0]
10003adc:	b2bf      	uxth	r7, r7
10003ade:	2b7f      	cmp	r3, #127	; 0x7f
10003ae0:	d82c      	bhi.n	10003b3c <usbd_control_xfer_cb+0xcc>
10003ae2:	2100      	movs	r1, #0
10003ae4:	42aa      	cmp	r2, r5
10003ae6:	d035      	beq.n	10003b54 <usbd_control_xfer_cb+0xe4>
10003ae8:	4a1c      	ldr	r2, [pc, #112]	; (10003b5c <usbd_control_xfer_cb+0xec>)
10003aea:	003b      	movs	r3, r7
10003aec:	0030      	movs	r0, r6
10003aee:	f7ff ff09 	bl	10003904 <usbd_edpt_xfer>
10003af2:	e7c9      	b.n	10003a88 <usbd_control_xfer_cb+0x18>
10003af4:	6923      	ldr	r3, [r4, #16]
10003af6:	2b00      	cmp	r3, #0
10003af8:	d005      	beq.n	10003b06 <usbd_control_xfer_cb+0x96>
10003afa:	0022      	movs	r2, r4
10003afc:	2102      	movs	r1, #2
10003afe:	0030      	movs	r0, r6
10003b00:	4798      	blx	r3
10003b02:	2800      	cmp	r0, #0
10003b04:	d00e      	beq.n	10003b24 <usbd_control_xfer_cb+0xb4>
10003b06:	2100      	movs	r1, #0
10003b08:	5661      	ldrsb	r1, [r4, r1]
10003b0a:	2300      	movs	r3, #0
10003b0c:	43c9      	mvns	r1, r1
10003b0e:	0fc9      	lsrs	r1, r1, #31
10003b10:	01c9      	lsls	r1, r1, #7
10003b12:	2200      	movs	r2, #0
10003b14:	0030      	movs	r0, r6
10003b16:	f7ff fef5 	bl	10003904 <usbd_edpt_xfer>
10003b1a:	e7b5      	b.n	10003a88 <usbd_control_xfer_cb+0x18>
10003b1c:	2001      	movs	r0, #1
10003b1e:	e7b3      	b.n	10003a88 <usbd_control_xfer_cb+0x18>
10003b20:	2000      	movs	r0, #0
10003b22:	e7b1      	b.n	10003a88 <usbd_control_xfer_cb+0x18>
10003b24:	2100      	movs	r1, #0
10003b26:	0030      	movs	r0, r6
10003b28:	f7ff f932 	bl	10002d90 <dcd_edpt_stall>
10003b2c:	0030      	movs	r0, r6
10003b2e:	2180      	movs	r1, #128	; 0x80
10003b30:	f7ff f92e 	bl	10002d90 <dcd_edpt_stall>
10003b34:	2001      	movs	r0, #1
10003b36:	e7a7      	b.n	10003a88 <usbd_control_xfer_cb+0x18>
10003b38:	2740      	movs	r7, #64	; 0x40
10003b3a:	e7ce      	b.n	10003ada <usbd_control_xfer_cb+0x6a>
10003b3c:	2180      	movs	r1, #128	; 0x80
10003b3e:	42aa      	cmp	r2, r5
10003b40:	d008      	beq.n	10003b54 <usbd_control_xfer_cb+0xe4>
10003b42:	4c06      	ldr	r4, [pc, #24]	; (10003b5c <usbd_control_xfer_cb+0xec>)
10003b44:	0001      	movs	r1, r0
10003b46:	003a      	movs	r2, r7
10003b48:	0020      	movs	r0, r4
10003b4a:	f7fe fa85 	bl	10002058 <__wrap___aeabi_memcpy>
10003b4e:	2180      	movs	r1, #128	; 0x80
10003b50:	0022      	movs	r2, r4
10003b52:	e7ca      	b.n	10003aea <usbd_control_xfer_cb+0x7a>
10003b54:	2200      	movs	r2, #0
10003b56:	e7c8      	b.n	10003aea <usbd_control_xfer_cb+0x7a>
10003b58:	20001484 	.word	0x20001484
10003b5c:	20001444 	.word	0x20001444

10003b60 <tud_cdc_n_connected>:
10003b60:	b510      	push	{r4, lr}
10003b62:	0004      	movs	r4, r0
10003b64:	f7ff f99e 	bl	10002ea4 <tud_mounted>
10003b68:	2800      	cmp	r0, #0
10003b6a:	d101      	bne.n	10003b70 <tud_cdc_n_connected+0x10>
10003b6c:	2000      	movs	r0, #0
10003b6e:	bd10      	pop	{r4, pc}
10003b70:	f7ff f9a0 	bl	10002eb4 <tud_suspended>
10003b74:	2800      	cmp	r0, #0
10003b76:	d1f9      	bne.n	10003b6c <tud_cdc_n_connected+0xc>
10003b78:	30c8      	adds	r0, #200	; 0xc8
10003b7a:	4344      	muls	r4, r0
10003b7c:	4802      	ldr	r0, [pc, #8]	; (10003b88 <tud_cdc_n_connected+0x28>)
10003b7e:	1900      	adds	r0, r0, r4
10003b80:	7903      	ldrb	r3, [r0, #4]
10003b82:	2001      	movs	r0, #1
10003b84:	4018      	ands	r0, r3
10003b86:	e7f2      	b.n	10003b6e <tud_cdc_n_connected+0xe>
10003b88:	2000137c 	.word	0x2000137c

10003b8c <tud_cdc_n_available>:
10003b8c:	23c8      	movs	r3, #200	; 0xc8
10003b8e:	4358      	muls	r0, r3
10003b90:	b510      	push	{r4, lr}
10003b92:	4b03      	ldr	r3, [pc, #12]	; (10003ba0 <tud_cdc_n_available+0x14>)
10003b94:	3010      	adds	r0, #16
10003b96:	18c0      	adds	r0, r0, r3
10003b98:	f000 fe18 	bl	100047cc <tu_fifo_count>
10003b9c:	bd10      	pop	{r4, pc}
10003b9e:	46c0      	nop			; (mov r8, r8)
10003ba0:	2000137c 	.word	0x2000137c

10003ba4 <tud_cdc_n_read>:
10003ba4:	b5f0      	push	{r4, r5, r6, r7, lr}
10003ba6:	24c8      	movs	r4, #200	; 0xc8
10003ba8:	46c6      	mov	lr, r8
10003baa:	4344      	muls	r4, r0
10003bac:	4f1e      	ldr	r7, [pc, #120]	; (10003c28 <tud_cdc_n_read+0x84>)
10003bae:	4b1f      	ldr	r3, [pc, #124]	; (10003c2c <tud_cdc_n_read+0x88>)
10003bb0:	3410      	adds	r4, #16
10003bb2:	b500      	push	{lr}
10003bb4:	0006      	movs	r6, r0
10003bb6:	193c      	adds	r4, r7, r4
10003bb8:	429a      	cmp	r2, r3
10003bba:	d900      	bls.n	10003bbe <tud_cdc_n_read+0x1a>
10003bbc:	4a1c      	ldr	r2, [pc, #112]	; (10003c30 <tud_cdc_n_read+0x8c>)
10003bbe:	b292      	uxth	r2, r2
10003bc0:	0020      	movs	r0, r4
10003bc2:	f000 fe85 	bl	100048d0 <tu_fifo_read_n>
10003bc6:	4680      	mov	r8, r0
10003bc8:	f7ff f96c 	bl	10002ea4 <tud_mounted>
10003bcc:	2800      	cmp	r0, #0
10003bce:	d103      	bne.n	10003bd8 <tud_cdc_n_read+0x34>
10003bd0:	4640      	mov	r0, r8
10003bd2:	bc04      	pop	{r2}
10003bd4:	4690      	mov	r8, r2
10003bd6:	bdf0      	pop	{r4, r5, r6, r7, pc}
10003bd8:	f7ff f96c 	bl	10002eb4 <tud_suspended>
10003bdc:	2800      	cmp	r0, #0
10003bde:	d1f7      	bne.n	10003bd0 <tud_cdc_n_read+0x2c>
10003be0:	25c8      	movs	r5, #200	; 0xc8
10003be2:	4375      	muls	r5, r6
10003be4:	197d      	adds	r5, r7, r5
10003be6:	78eb      	ldrb	r3, [r5, #3]
10003be8:	2b00      	cmp	r3, #0
10003bea:	d0f1      	beq.n	10003bd0 <tud_cdc_n_read+0x2c>
10003bec:	0020      	movs	r0, r4
10003bee:	f000 fe09 	bl	10004804 <tu_fifo_remaining>
10003bf2:	283f      	cmp	r0, #63	; 0x3f
10003bf4:	d9ec      	bls.n	10003bd0 <tud_cdc_n_read+0x2c>
10003bf6:	78e9      	ldrb	r1, [r5, #3]
10003bf8:	2000      	movs	r0, #0
10003bfa:	f7ff fe5b 	bl	100038b4 <usbd_edpt_claim>
10003bfe:	2800      	cmp	r0, #0
10003c00:	d0e6      	beq.n	10003bd0 <tud_cdc_n_read+0x2c>
10003c02:	0020      	movs	r0, r4
10003c04:	f000 fdfe 	bl	10004804 <tu_fifo_remaining>
10003c08:	283f      	cmp	r0, #63	; 0x3f
10003c0a:	d908      	bls.n	10003c1e <tud_cdc_n_read+0x7a>
10003c0c:	4a09      	ldr	r2, [pc, #36]	; (10003c34 <tud_cdc_n_read+0x90>)
10003c0e:	01f6      	lsls	r6, r6, #7
10003c10:	18b2      	adds	r2, r6, r2
10003c12:	78e9      	ldrb	r1, [r5, #3]
10003c14:	2340      	movs	r3, #64	; 0x40
10003c16:	2000      	movs	r0, #0
10003c18:	f7ff fe74 	bl	10003904 <usbd_edpt_xfer>
10003c1c:	e7d8      	b.n	10003bd0 <tud_cdc_n_read+0x2c>
10003c1e:	78e9      	ldrb	r1, [r5, #3]
10003c20:	2000      	movs	r0, #0
10003c22:	f7ff fe5b 	bl	100038dc <usbd_edpt_release>
10003c26:	e7d3      	b.n	10003bd0 <tud_cdc_n_read+0x2c>
10003c28:	2000137c 	.word	0x2000137c
10003c2c:	0000fffe 	.word	0x0000fffe
10003c30:	0000ffff 	.word	0x0000ffff
10003c34:	200012f8 	.word	0x200012f8

10003c38 <tud_cdc_n_write_flush>:
10003c38:	b5f8      	push	{r3, r4, r5, r6, r7, lr}
10003c3a:	0004      	movs	r4, r0
10003c3c:	f7ff f932 	bl	10002ea4 <tud_mounted>
10003c40:	2800      	cmp	r0, #0
10003c42:	d101      	bne.n	10003c48 <tud_cdc_n_write_flush+0x10>
10003c44:	2000      	movs	r0, #0
10003c46:	bdf8      	pop	{r3, r4, r5, r6, r7, pc}
10003c48:	f7ff f934 	bl	10002eb4 <tud_suspended>
10003c4c:	2800      	cmp	r0, #0
10003c4e:	d1f9      	bne.n	10003c44 <tud_cdc_n_write_flush+0xc>
10003c50:	25c8      	movs	r5, #200	; 0xc8
10003c52:	4365      	muls	r5, r4
10003c54:	002e      	movs	r6, r5
10003c56:	4f14      	ldr	r7, [pc, #80]	; (10003ca8 <tud_cdc_n_write_flush+0x70>)
10003c58:	3624      	adds	r6, #36	; 0x24
10003c5a:	19f6      	adds	r6, r6, r7
10003c5c:	0030      	movs	r0, r6
10003c5e:	f000 fdb5 	bl	100047cc <tu_fifo_count>
10003c62:	2800      	cmp	r0, #0
10003c64:	d0ee      	beq.n	10003c44 <tud_cdc_n_write_flush+0xc>
10003c66:	197d      	adds	r5, r7, r5
10003c68:	78a9      	ldrb	r1, [r5, #2]
10003c6a:	2000      	movs	r0, #0
10003c6c:	f7ff fe22 	bl	100038b4 <usbd_edpt_claim>
10003c70:	2800      	cmp	r0, #0
10003c72:	d0e7      	beq.n	10003c44 <tud_cdc_n_write_flush+0xc>
10003c74:	01e4      	lsls	r4, r4, #7
10003c76:	3440      	adds	r4, #64	; 0x40
10003c78:	0027      	movs	r7, r4
10003c7a:	4c0c      	ldr	r4, [pc, #48]	; (10003cac <tud_cdc_n_write_flush+0x74>)
10003c7c:	2240      	movs	r2, #64	; 0x40
10003c7e:	193f      	adds	r7, r7, r4
10003c80:	0039      	movs	r1, r7
10003c82:	0030      	movs	r0, r6
10003c84:	f000 fe24 	bl	100048d0 <tu_fifo_read_n>
10003c88:	78a9      	ldrb	r1, [r5, #2]
10003c8a:	1e04      	subs	r4, r0, #0
10003c8c:	d008      	beq.n	10003ca0 <tud_cdc_n_write_flush+0x68>
10003c8e:	0003      	movs	r3, r0
10003c90:	003a      	movs	r2, r7
10003c92:	2000      	movs	r0, #0
10003c94:	f7ff fe36 	bl	10003904 <usbd_edpt_xfer>
10003c98:	2800      	cmp	r0, #0
10003c9a:	d0d3      	beq.n	10003c44 <tud_cdc_n_write_flush+0xc>
10003c9c:	0020      	movs	r0, r4
10003c9e:	e7d2      	b.n	10003c46 <tud_cdc_n_write_flush+0xe>
10003ca0:	2000      	movs	r0, #0
10003ca2:	f7ff fe1b 	bl	100038dc <usbd_edpt_release>
10003ca6:	e7cd      	b.n	10003c44 <tud_cdc_n_write_flush+0xc>
10003ca8:	2000137c 	.word	0x2000137c
10003cac:	200012f8 	.word	0x200012f8

10003cb0 <tud_cdc_n_write>:
10003cb0:	b570      	push	{r4, r5, r6, lr}
10003cb2:	24c8      	movs	r4, #200	; 0xc8
10003cb4:	4344      	muls	r4, r0
10003cb6:	4b0c      	ldr	r3, [pc, #48]	; (10003ce8 <tud_cdc_n_write+0x38>)
10003cb8:	3424      	adds	r4, #36	; 0x24
10003cba:	18e4      	adds	r4, r4, r3
10003cbc:	4b0b      	ldr	r3, [pc, #44]	; (10003cec <tud_cdc_n_write+0x3c>)
10003cbe:	0005      	movs	r5, r0
10003cc0:	429a      	cmp	r2, r3
10003cc2:	d900      	bls.n	10003cc6 <tud_cdc_n_write+0x16>
10003cc4:	4a0a      	ldr	r2, [pc, #40]	; (10003cf0 <tud_cdc_n_write+0x40>)
10003cc6:	b292      	uxth	r2, r2
10003cc8:	0020      	movs	r0, r4
10003cca:	f000 febf 	bl	10004a4c <tu_fifo_write_n>
10003cce:	0006      	movs	r6, r0
10003cd0:	0020      	movs	r0, r4
10003cd2:	f000 fd7b 	bl	100047cc <tu_fifo_count>
10003cd6:	283f      	cmp	r0, #63	; 0x3f
10003cd8:	d801      	bhi.n	10003cde <tud_cdc_n_write+0x2e>
10003cda:	0030      	movs	r0, r6
10003cdc:	bd70      	pop	{r4, r5, r6, pc}
10003cde:	0028      	movs	r0, r5
10003ce0:	f7ff ffaa 	bl	10003c38 <tud_cdc_n_write_flush>
10003ce4:	e7f9      	b.n	10003cda <tud_cdc_n_write+0x2a>
10003ce6:	46c0      	nop			; (mov r8, r8)
10003ce8:	2000137c 	.word	0x2000137c
10003cec:	0000fffe 	.word	0x0000fffe
10003cf0:	0000ffff 	.word	0x0000ffff

10003cf4 <tud_cdc_n_write_available>:
10003cf4:	23c8      	movs	r3, #200	; 0xc8
10003cf6:	4358      	muls	r0, r3
10003cf8:	b510      	push	{r4, lr}
10003cfa:	4b03      	ldr	r3, [pc, #12]	; (10003d08 <tud_cdc_n_write_available+0x14>)
10003cfc:	3024      	adds	r0, #36	; 0x24
10003cfe:	18c0      	adds	r0, r0, r3
10003d00:	f000 fd80 	bl	10004804 <tu_fifo_remaining>
10003d04:	bd10      	pop	{r4, pc}
10003d06:	46c0      	nop			; (mov r8, r8)
10003d08:	2000137c 	.word	0x2000137c

10003d0c <cdcd_init>:
10003d0c:	b5f0      	push	{r4, r5, r6, r7, lr}
10003d0e:	2500      	movs	r5, #0
10003d10:	4c18      	ldr	r4, [pc, #96]	; (10003d74 <cdcd_init+0x68>)
10003d12:	b083      	sub	sp, #12
10003d14:	22c8      	movs	r2, #200	; 0xc8
10003d16:	2100      	movs	r1, #0
10003d18:	0020      	movs	r0, r4
10003d1a:	f7fe f997 	bl	1000204c <__wrap_memset>
10003d1e:	4b16      	ldr	r3, [pc, #88]	; (10003d78 <cdcd_init+0x6c>)
10003d20:	0021      	movs	r1, r4
10003d22:	701d      	strb	r5, [r3, #0]
10003d24:	23ff      	movs	r3, #255	; 0xff
10003d26:	7163      	strb	r3, [r4, #5]
10003d28:	23e1      	movs	r3, #225	; 0xe1
10003d2a:	025b      	lsls	r3, r3, #9
10003d2c:	60a3      	str	r3, [r4, #8]
10003d2e:	0020      	movs	r0, r4
10003d30:	2308      	movs	r3, #8
10003d32:	3138      	adds	r1, #56	; 0x38
10003d34:	73a3      	strb	r3, [r4, #14]
10003d36:	2240      	movs	r2, #64	; 0x40
10003d38:	9500      	str	r5, [sp, #0]
10003d3a:	3b07      	subs	r3, #7
10003d3c:	3010      	adds	r0, #16
10003d3e:	f000 fd07 	bl	10004750 <tu_fifo_config>
10003d42:	0027      	movs	r7, r4
10003d44:	2301      	movs	r3, #1
10003d46:	0021      	movs	r1, r4
10003d48:	0020      	movs	r0, r4
10003d4a:	0026      	movs	r6, r4
10003d4c:	3178      	adds	r1, #120	; 0x78
10003d4e:	9300      	str	r3, [sp, #0]
10003d50:	2240      	movs	r2, #64	; 0x40
10003d52:	37b8      	adds	r7, #184	; 0xb8
10003d54:	3024      	adds	r0, #36	; 0x24
10003d56:	f000 fcfb 	bl	10004750 <tu_fifo_config>
10003d5a:	36c0      	adds	r6, #192	; 0xc0
10003d5c:	0038      	movs	r0, r7
10003d5e:	f7fd f8b7 	bl	10000ed0 <mutex_init>
10003d62:	0030      	movs	r0, r6
10003d64:	f7fd f8b4 	bl	10000ed0 <mutex_init>
10003d68:	61e5      	str	r5, [r4, #28]
10003d6a:	6227      	str	r7, [r4, #32]
10003d6c:	6326      	str	r6, [r4, #48]	; 0x30
10003d6e:	6365      	str	r5, [r4, #52]	; 0x34
10003d70:	b003      	add	sp, #12
10003d72:	bdf0      	pop	{r4, r5, r6, r7, pc}
10003d74:	2000137c 	.word	0x2000137c
10003d78:	20001378 	.word	0x20001378

10003d7c <cdcd_deinit>:
10003d7c:	4b07      	ldr	r3, [pc, #28]	; (10003d9c <cdcd_deinit+0x20>)
10003d7e:	6a1a      	ldr	r2, [r3, #32]
10003d80:	6b19      	ldr	r1, [r3, #48]	; 0x30
10003d82:	2a00      	cmp	r2, #0
10003d84:	d002      	beq.n	10003d8c <cdcd_deinit+0x10>
10003d86:	2200      	movs	r2, #0
10003d88:	61da      	str	r2, [r3, #28]
10003d8a:	621a      	str	r2, [r3, #32]
10003d8c:	2900      	cmp	r1, #0
10003d8e:	d002      	beq.n	10003d96 <cdcd_deinit+0x1a>
10003d90:	2200      	movs	r2, #0
10003d92:	631a      	str	r2, [r3, #48]	; 0x30
10003d94:	635a      	str	r2, [r3, #52]	; 0x34
10003d96:	2001      	movs	r0, #1
10003d98:	4770      	bx	lr
10003d9a:	46c0      	nop			; (mov r8, r8)
10003d9c:	2000137c 	.word	0x2000137c

10003da0 <cdcd_reset>:
10003da0:	b570      	push	{r4, r5, r6, lr}
10003da2:	4c0f      	ldr	r4, [pc, #60]	; (10003de0 <cdcd_reset+0x40>)
10003da4:	2205      	movs	r2, #5
10003da6:	2100      	movs	r1, #0
10003da8:	0020      	movs	r0, r4
10003daa:	f7fe f94f 	bl	1000204c <__wrap_memset>
10003dae:	4d0d      	ldr	r5, [pc, #52]	; (10003de4 <cdcd_reset+0x44>)
10003db0:	782b      	ldrb	r3, [r5, #0]
10003db2:	07da      	lsls	r2, r3, #31
10003db4:	d507      	bpl.n	10003dc6 <cdcd_reset+0x26>
10003db6:	4c0c      	ldr	r4, [pc, #48]	; (10003de8 <cdcd_reset+0x48>)
10003db8:	079b      	lsls	r3, r3, #30
10003dba:	d50c      	bpl.n	10003dd6 <cdcd_reset+0x36>
10003dbc:	2101      	movs	r1, #1
10003dbe:	0020      	movs	r0, r4
10003dc0:	f000 ff14 	bl	10004bec <tu_fifo_set_overwritable>
10003dc4:	bd70      	pop	{r4, r5, r6, pc}
10003dc6:	0020      	movs	r0, r4
10003dc8:	3010      	adds	r0, #16
10003dca:	f000 feef 	bl	10004bac <tu_fifo_clear>
10003dce:	782b      	ldrb	r3, [r5, #0]
10003dd0:	4c05      	ldr	r4, [pc, #20]	; (10003de8 <cdcd_reset+0x48>)
10003dd2:	079b      	lsls	r3, r3, #30
10003dd4:	d4f2      	bmi.n	10003dbc <cdcd_reset+0x1c>
10003dd6:	0020      	movs	r0, r4
10003dd8:	f000 fee8 	bl	10004bac <tu_fifo_clear>
10003ddc:	e7ee      	b.n	10003dbc <cdcd_reset+0x1c>
10003dde:	46c0      	nop			; (mov r8, r8)
10003de0:	2000137c 	.word	0x2000137c
10003de4:	20001378 	.word	0x20001378
10003de8:	200013a0 	.word	0x200013a0

10003dec <cdcd_open>:
10003dec:	b5f0      	push	{r4, r5, r6, r7, lr}
10003dee:	46c6      	mov	lr, r8
10003df0:	b500      	push	{lr}
10003df2:	794b      	ldrb	r3, [r1, #5]
10003df4:	b082      	sub	sp, #8
10003df6:	0006      	movs	r6, r0
10003df8:	2b02      	cmp	r3, #2
10003dfa:	d102      	bne.n	10003e02 <cdcd_open+0x16>
10003dfc:	798b      	ldrb	r3, [r1, #6]
10003dfe:	2b02      	cmp	r3, #2
10003e00:	d005      	beq.n	10003e0e <cdcd_open+0x22>
10003e02:	2500      	movs	r5, #0
10003e04:	0028      	movs	r0, r5
10003e06:	b002      	add	sp, #8
10003e08:	bc04      	pop	{r2}
10003e0a:	4690      	mov	r8, r2
10003e0c:	bdf0      	pop	{r4, r5, r6, r7, pc}
10003e0e:	4f34      	ldr	r7, [pc, #208]	; (10003ee0 <cdcd_open+0xf4>)
10003e10:	78bb      	ldrb	r3, [r7, #2]
10003e12:	2b00      	cmp	r3, #0
10003e14:	d1f5      	bne.n	10003e02 <cdcd_open+0x16>
10003e16:	788b      	ldrb	r3, [r1, #2]
10003e18:	2509      	movs	r5, #9
10003e1a:	703b      	strb	r3, [r7, #0]
10003e1c:	780c      	ldrb	r4, [r1, #0]
10003e1e:	190c      	adds	r4, r1, r4
10003e20:	7863      	ldrb	r3, [r4, #1]
10003e22:	2b24      	cmp	r3, #36	; 0x24
10003e24:	d10b      	bne.n	10003e3e <cdcd_open+0x52>
10003e26:	2a08      	cmp	r2, #8
10003e28:	d802      	bhi.n	10003e30 <cdcd_open+0x44>
10003e2a:	e00f      	b.n	10003e4c <cdcd_open+0x60>
10003e2c:	42aa      	cmp	r2, r5
10003e2e:	d30d      	bcc.n	10003e4c <cdcd_open+0x60>
10003e30:	7823      	ldrb	r3, [r4, #0]
10003e32:	18e4      	adds	r4, r4, r3
10003e34:	18ed      	adds	r5, r5, r3
10003e36:	7863      	ldrb	r3, [r4, #1]
10003e38:	b2ad      	uxth	r5, r5
10003e3a:	2b24      	cmp	r3, #36	; 0x24
10003e3c:	d0f6      	beq.n	10003e2c <cdcd_open+0x40>
10003e3e:	2b05      	cmp	r3, #5
10003e40:	d028      	beq.n	10003e94 <cdcd_open+0xa8>
10003e42:	2b04      	cmp	r3, #4
10003e44:	d102      	bne.n	10003e4c <cdcd_open+0x60>
10003e46:	7963      	ldrb	r3, [r4, #5]
10003e48:	2b0a      	cmp	r3, #10
10003e4a:	d031      	beq.n	10003eb0 <cdcd_open+0xc4>
10003e4c:	f7ff f82a 	bl	10002ea4 <tud_mounted>
10003e50:	2800      	cmp	r0, #0
10003e52:	d0d7      	beq.n	10003e04 <cdcd_open+0x18>
10003e54:	f7ff f82e 	bl	10002eb4 <tud_suspended>
10003e58:	2800      	cmp	r0, #0
10003e5a:	d1d3      	bne.n	10003e04 <cdcd_open+0x18>
10003e5c:	78fb      	ldrb	r3, [r7, #3]
10003e5e:	2b00      	cmp	r3, #0
10003e60:	d0d0      	beq.n	10003e04 <cdcd_open+0x18>
10003e62:	003c      	movs	r4, r7
10003e64:	3410      	adds	r4, #16
10003e66:	0020      	movs	r0, r4
10003e68:	f000 fccc 	bl	10004804 <tu_fifo_remaining>
10003e6c:	283f      	cmp	r0, #63	; 0x3f
10003e6e:	d9c9      	bls.n	10003e04 <cdcd_open+0x18>
10003e70:	78f9      	ldrb	r1, [r7, #3]
10003e72:	2000      	movs	r0, #0
10003e74:	f7ff fd1e 	bl	100038b4 <usbd_edpt_claim>
10003e78:	2800      	cmp	r0, #0
10003e7a:	d0c3      	beq.n	10003e04 <cdcd_open+0x18>
10003e7c:	0020      	movs	r0, r4
10003e7e:	f000 fcc1 	bl	10004804 <tu_fifo_remaining>
10003e82:	78f9      	ldrb	r1, [r7, #3]
10003e84:	283f      	cmp	r0, #63	; 0x3f
10003e86:	d926      	bls.n	10003ed6 <cdcd_open+0xea>
10003e88:	2340      	movs	r3, #64	; 0x40
10003e8a:	4a16      	ldr	r2, [pc, #88]	; (10003ee4 <cdcd_open+0xf8>)
10003e8c:	2000      	movs	r0, #0
10003e8e:	f7ff fd39 	bl	10003904 <usbd_edpt_xfer>
10003e92:	e7b7      	b.n	10003e04 <cdcd_open+0x18>
10003e94:	0021      	movs	r1, r4
10003e96:	0030      	movs	r0, r6
10003e98:	f7ff fcf2 	bl	10003880 <usbd_edpt_open>
10003e9c:	2800      	cmp	r0, #0
10003e9e:	d0b0      	beq.n	10003e02 <cdcd_open+0x16>
10003ea0:	78a3      	ldrb	r3, [r4, #2]
10003ea2:	707b      	strb	r3, [r7, #1]
10003ea4:	7823      	ldrb	r3, [r4, #0]
10003ea6:	18ed      	adds	r5, r5, r3
10003ea8:	18e4      	adds	r4, r4, r3
10003eaa:	b2ad      	uxth	r5, r5
10003eac:	7863      	ldrb	r3, [r4, #1]
10003eae:	e7c8      	b.n	10003e42 <cdcd_open+0x56>
10003eb0:	7823      	ldrb	r3, [r4, #0]
10003eb2:	0021      	movs	r1, r4
10003eb4:	4698      	mov	r8, r3
10003eb6:	4b0c      	ldr	r3, [pc, #48]	; (10003ee8 <cdcd_open+0xfc>)
10003eb8:	4441      	add	r1, r8
10003eba:	9301      	str	r3, [sp, #4]
10003ebc:	3301      	adds	r3, #1
10003ebe:	9300      	str	r3, [sp, #0]
10003ec0:	2202      	movs	r2, #2
10003ec2:	2302      	movs	r3, #2
10003ec4:	0030      	movs	r0, r6
10003ec6:	f7ff fc7d 	bl	100037c4 <usbd_open_edpt_pair>
10003eca:	2800      	cmp	r0, #0
10003ecc:	d099      	beq.n	10003e02 <cdcd_open+0x16>
10003ece:	350e      	adds	r5, #14
10003ed0:	4445      	add	r5, r8
10003ed2:	b2ad      	uxth	r5, r5
10003ed4:	e7ba      	b.n	10003e4c <cdcd_open+0x60>
10003ed6:	2000      	movs	r0, #0
10003ed8:	f7ff fd00 	bl	100038dc <usbd_edpt_release>
10003edc:	e792      	b.n	10003e04 <cdcd_open+0x18>
10003ede:	46c0      	nop			; (mov r8, r8)
10003ee0:	2000137c 	.word	0x2000137c
10003ee4:	200012f8 	.word	0x200012f8
10003ee8:	2000137e 	.word	0x2000137e

10003eec <cdcd_control_xfer_cb>:
10003eec:	b5f8      	push	{r3, r4, r5, r6, r7, lr}
10003eee:	2360      	movs	r3, #96	; 0x60
10003ef0:	0014      	movs	r4, r2
10003ef2:	7812      	ldrb	r2, [r2, #0]
10003ef4:	4013      	ands	r3, r2
10003ef6:	2200      	movs	r2, #0
10003ef8:	2b20      	cmp	r3, #32
10003efa:	d107      	bne.n	10003f0c <cdcd_control_xfer_cb+0x20>
10003efc:	4d2e      	ldr	r5, [pc, #184]	; (10003fb8 <cdcd_control_xfer_cb+0xcc>)
10003efe:	7963      	ldrb	r3, [r4, #5]
10003f00:	7927      	ldrb	r7, [r4, #4]
10003f02:	782e      	ldrb	r6, [r5, #0]
10003f04:	021b      	lsls	r3, r3, #8
10003f06:	433b      	orrs	r3, r7
10003f08:	429e      	cmp	r6, r3
10003f0a:	d001      	beq.n	10003f10 <cdcd_control_xfer_cb+0x24>
10003f0c:	0010      	movs	r0, r2
10003f0e:	bdf8      	pop	{r3, r4, r5, r6, r7, pc}
10003f10:	7863      	ldrb	r3, [r4, #1]
10003f12:	2b21      	cmp	r3, #33	; 0x21
10003f14:	d036      	beq.n	10003f84 <cdcd_control_xfer_cb+0x98>
10003f16:	d909      	bls.n	10003f2c <cdcd_control_xfer_cb+0x40>
10003f18:	2b22      	cmp	r3, #34	; 0x22
10003f1a:	d017      	beq.n	10003f4c <cdcd_control_xfer_cb+0x60>
10003f1c:	2b23      	cmp	r3, #35	; 0x23
10003f1e:	d1f5      	bne.n	10003f0c <cdcd_control_xfer_cb+0x20>
10003f20:	2901      	cmp	r1, #1
10003f22:	d044      	beq.n	10003fae <cdcd_control_xfer_cb+0xc2>
10003f24:	2903      	cmp	r1, #3
10003f26:	d036      	beq.n	10003f96 <cdcd_control_xfer_cb+0xaa>
10003f28:	2201      	movs	r2, #1
10003f2a:	e7ef      	b.n	10003f0c <cdcd_control_xfer_cb+0x20>
10003f2c:	2b20      	cmp	r3, #32
10003f2e:	d1ed      	bne.n	10003f0c <cdcd_control_xfer_cb+0x20>
10003f30:	2901      	cmp	r1, #1
10003f32:	d029      	beq.n	10003f88 <cdcd_control_xfer_cb+0x9c>
10003f34:	2903      	cmp	r1, #3
10003f36:	d1f7      	bne.n	10003f28 <cdcd_control_xfer_cb+0x3c>
10003f38:	4b20      	ldr	r3, [pc, #128]	; (10003fbc <cdcd_control_xfer_cb+0xd0>)
10003f3a:	2b00      	cmp	r3, #0
10003f3c:	d0f4      	beq.n	10003f28 <cdcd_control_xfer_cb+0x3c>
10003f3e:	0029      	movs	r1, r5
10003f40:	2000      	movs	r0, #0
10003f42:	3108      	adds	r1, #8
10003f44:	f7fe faa0 	bl	10002488 <tud_cdc_line_coding_cb>
10003f48:	2201      	movs	r2, #1
10003f4a:	e7df      	b.n	10003f0c <cdcd_control_xfer_cb+0x20>
10003f4c:	2901      	cmp	r1, #1
10003f4e:	d02e      	beq.n	10003fae <cdcd_control_xfer_cb+0xc2>
10003f50:	2903      	cmp	r1, #3
10003f52:	d1e9      	bne.n	10003f28 <cdcd_control_xfer_cb+0x3c>
10003f54:	2601      	movs	r6, #1
10003f56:	78a1      	ldrb	r1, [r4, #2]
10003f58:	78e4      	ldrb	r4, [r4, #3]
10003f5a:	0028      	movs	r0, r5
10003f5c:	0224      	lsls	r4, r4, #8
10003f5e:	430c      	orrs	r4, r1
10003f60:	0031      	movs	r1, r6
10003f62:	712c      	strb	r4, [r5, #4]
10003f64:	43a1      	bics	r1, r4
10003f66:	3024      	adds	r0, #36	; 0x24
10003f68:	f000 fe40 	bl	10004bec <tu_fifo_set_overwritable>
10003f6c:	4b14      	ldr	r3, [pc, #80]	; (10003fc0 <cdcd_control_xfer_cb+0xd4>)
10003f6e:	2b00      	cmp	r3, #0
10003f70:	d0da      	beq.n	10003f28 <cdcd_control_xfer_cb+0x3c>
10003f72:	0031      	movs	r1, r6
10003f74:	0862      	lsrs	r2, r4, #1
10003f76:	4032      	ands	r2, r6
10003f78:	4021      	ands	r1, r4
10003f7a:	2000      	movs	r0, #0
10003f7c:	e000      	b.n	10003f80 <cdcd_control_xfer_cb+0x94>
10003f7e:	bf00      	nop
10003f80:	2201      	movs	r2, #1
10003f82:	e7c3      	b.n	10003f0c <cdcd_control_xfer_cb+0x20>
10003f84:	2901      	cmp	r1, #1
10003f86:	d1cf      	bne.n	10003f28 <cdcd_control_xfer_cb+0x3c>
10003f88:	4a0e      	ldr	r2, [pc, #56]	; (10003fc4 <cdcd_control_xfer_cb+0xd8>)
10003f8a:	2307      	movs	r3, #7
10003f8c:	0021      	movs	r1, r4
10003f8e:	f7ff fcf7 	bl	10003980 <tud_control_xfer>
10003f92:	2201      	movs	r2, #1
10003f94:	e7ba      	b.n	10003f0c <cdcd_control_xfer_cb+0x20>
10003f96:	4b0c      	ldr	r3, [pc, #48]	; (10003fc8 <cdcd_control_xfer_cb+0xdc>)
10003f98:	2b00      	cmp	r3, #0
10003f9a:	d0c5      	beq.n	10003f28 <cdcd_control_xfer_cb+0x3c>
10003f9c:	78e1      	ldrb	r1, [r4, #3]
10003f9e:	78a3      	ldrb	r3, [r4, #2]
10003fa0:	0209      	lsls	r1, r1, #8
10003fa2:	4319      	orrs	r1, r3
10003fa4:	2000      	movs	r0, #0
10003fa6:	e000      	b.n	10003faa <cdcd_control_xfer_cb+0xbe>
10003fa8:	bf00      	nop
10003faa:	2201      	movs	r2, #1
10003fac:	e7ae      	b.n	10003f0c <cdcd_control_xfer_cb+0x20>
10003fae:	0021      	movs	r1, r4
10003fb0:	f7ff fcce 	bl	10003950 <tud_control_status>
10003fb4:	2201      	movs	r2, #1
10003fb6:	e7a9      	b.n	10003f0c <cdcd_control_xfer_cb+0x20>
10003fb8:	2000137c 	.word	0x2000137c
10003fbc:	10002489 	.word	0x10002489
10003fc0:	00000000 	.word	0x00000000
10003fc4:	20001384 	.word	0x20001384
10003fc8:	00000000 	.word	0x00000000

10003fcc <cdcd_xfer_cb>:
10003fcc:	b5f0      	push	{r4, r5, r6, r7, lr}
10003fce:	4645      	mov	r5, r8
10003fd0:	4657      	mov	r7, sl
10003fd2:	46de      	mov	lr, fp
10003fd4:	464e      	mov	r6, r9
10003fd6:	b5e0      	push	{r5, r6, r7, lr}
10003fd8:	4c5f      	ldr	r4, [pc, #380]	; (10004158 <cdcd_xfer_cb+0x18c>)
10003fda:	001f      	movs	r7, r3
10003fdc:	78e3      	ldrb	r3, [r4, #3]
10003fde:	b083      	sub	sp, #12
10003fe0:	4680      	mov	r8, r0
10003fe2:	000d      	movs	r5, r1
10003fe4:	428b      	cmp	r3, r1
10003fe6:	d163      	bne.n	100040b0 <cdcd_xfer_cb+0xe4>
10003fe8:	4b5c      	ldr	r3, [pc, #368]	; (1000415c <cdcd_xfer_cb+0x190>)
10003fea:	b2ba      	uxth	r2, r7
10003fec:	469b      	mov	fp, r3
10003fee:	2310      	movs	r3, #16
10003ff0:	469a      	mov	sl, r3
10003ff2:	44a2      	add	sl, r4
10003ff4:	4659      	mov	r1, fp
10003ff6:	4650      	mov	r0, sl
10003ff8:	f000 fd28 	bl	10004a4c <tu_fifo_write_n>
10003ffc:	4b58      	ldr	r3, [pc, #352]	; (10004160 <cdcd_xfer_cb+0x194>)
10003ffe:	2b00      	cmp	r3, #0
10004000:	d01a      	beq.n	10004038 <cdcd_xfer_cb+0x6c>
10004002:	7963      	ldrb	r3, [r4, #5]
10004004:	2bff      	cmp	r3, #255	; 0xff
10004006:	d017      	beq.n	10004038 <cdcd_xfer_cb+0x6c>
10004008:	2f00      	cmp	r7, #0
1000400a:	d015      	beq.n	10004038 <cdcd_xfer_cb+0x6c>
1000400c:	46b9      	mov	r9, r7
1000400e:	465e      	mov	r6, fp
10004010:	44d9      	add	r9, fp
10004012:	9401      	str	r4, [sp, #4]
10004014:	e003      	b.n	1000401e <cdcd_xfer_cb+0x52>
10004016:	3601      	adds	r6, #1
10004018:	454e      	cmp	r6, r9
1000401a:	d00d      	beq.n	10004038 <cdcd_xfer_cb+0x6c>
1000401c:	7963      	ldrb	r3, [r4, #5]
1000401e:	7832      	ldrb	r2, [r6, #0]
10004020:	429a      	cmp	r2, r3
10004022:	d1f8      	bne.n	10004016 <cdcd_xfer_cb+0x4a>
10004024:	4650      	mov	r0, sl
10004026:	f000 fbe5 	bl	100047f4 <tu_fifo_empty>
1000402a:	2800      	cmp	r0, #0
1000402c:	d1f3      	bne.n	10004016 <cdcd_xfer_cb+0x4a>
1000402e:	9b01      	ldr	r3, [sp, #4]
10004030:	7959      	ldrb	r1, [r3, #5]
10004032:	e000      	b.n	10004036 <cdcd_xfer_cb+0x6a>
10004034:	bf00      	nop
10004036:	e7ee      	b.n	10004016 <cdcd_xfer_cb+0x4a>
10004038:	4b4a      	ldr	r3, [pc, #296]	; (10004164 <cdcd_xfer_cb+0x198>)
1000403a:	2b00      	cmp	r3, #0
1000403c:	d005      	beq.n	1000404a <cdcd_xfer_cb+0x7e>
1000403e:	484a      	ldr	r0, [pc, #296]	; (10004168 <cdcd_xfer_cb+0x19c>)
10004040:	f000 fbd8 	bl	100047f4 <tu_fifo_empty>
10004044:	2800      	cmp	r0, #0
10004046:	d100      	bne.n	1000404a <cdcd_xfer_cb+0x7e>
10004048:	e07b      	b.n	10004142 <cdcd_xfer_cb+0x176>
1000404a:	f7fe ff2b 	bl	10002ea4 <tud_mounted>
1000404e:	2800      	cmp	r0, #0
10004050:	d156      	bne.n	10004100 <cdcd_xfer_cb+0x134>
10004052:	78a3      	ldrb	r3, [r4, #2]
10004054:	429d      	cmp	r5, r3
10004056:	d008      	beq.n	1000406a <cdcd_xfer_cb+0x9e>
10004058:	2401      	movs	r4, #1
1000405a:	0020      	movs	r0, r4
1000405c:	b003      	add	sp, #12
1000405e:	bc3c      	pop	{r2, r3, r4, r5}
10004060:	4690      	mov	r8, r2
10004062:	4699      	mov	r9, r3
10004064:	46a2      	mov	sl, r4
10004066:	46ab      	mov	fp, r5
10004068:	bdf0      	pop	{r4, r5, r6, r7, pc}
1000406a:	4b40      	ldr	r3, [pc, #256]	; (1000416c <cdcd_xfer_cb+0x1a0>)
1000406c:	2b00      	cmp	r3, #0
1000406e:	d002      	beq.n	10004076 <cdcd_xfer_cb+0xaa>
10004070:	2000      	movs	r0, #0
10004072:	e000      	b.n	10004076 <cdcd_xfer_cb+0xaa>
10004074:	bf00      	nop
10004076:	f7fe ff15 	bl	10002ea4 <tud_mounted>
1000407a:	2800      	cmp	r0, #0
1000407c:	d11d      	bne.n	100040ba <cdcd_xfer_cb+0xee>
1000407e:	4c3c      	ldr	r4, [pc, #240]	; (10004170 <cdcd_xfer_cb+0x1a4>)
10004080:	0020      	movs	r0, r4
10004082:	f000 fba3 	bl	100047cc <tu_fifo_count>
10004086:	2800      	cmp	r0, #0
10004088:	d1e6      	bne.n	10004058 <cdcd_xfer_cb+0x8c>
1000408a:	2f00      	cmp	r7, #0
1000408c:	d0e4      	beq.n	10004058 <cdcd_xfer_cb+0x8c>
1000408e:	06bb      	lsls	r3, r7, #26
10004090:	d1e2      	bne.n	10004058 <cdcd_xfer_cb+0x8c>
10004092:	3c24      	subs	r4, #36	; 0x24
10004094:	78a1      	ldrb	r1, [r4, #2]
10004096:	4640      	mov	r0, r8
10004098:	f7ff fc0c 	bl	100038b4 <usbd_edpt_claim>
1000409c:	0025      	movs	r5, r4
1000409e:	1e04      	subs	r4, r0, #0
100040a0:	d0da      	beq.n	10004058 <cdcd_xfer_cb+0x8c>
100040a2:	78a9      	ldrb	r1, [r5, #2]
100040a4:	2300      	movs	r3, #0
100040a6:	2200      	movs	r2, #0
100040a8:	4640      	mov	r0, r8
100040aa:	f7ff fc2b 	bl	10003904 <usbd_edpt_xfer>
100040ae:	e7d4      	b.n	1000405a <cdcd_xfer_cb+0x8e>
100040b0:	78a3      	ldrb	r3, [r4, #2]
100040b2:	428b      	cmp	r3, r1
100040b4:	d0d9      	beq.n	1000406a <cdcd_xfer_cb+0x9e>
100040b6:	2400      	movs	r4, #0
100040b8:	e7cf      	b.n	1000405a <cdcd_xfer_cb+0x8e>
100040ba:	f7fe fefb 	bl	10002eb4 <tud_suspended>
100040be:	4c2c      	ldr	r4, [pc, #176]	; (10004170 <cdcd_xfer_cb+0x1a4>)
100040c0:	2800      	cmp	r0, #0
100040c2:	d1dd      	bne.n	10004080 <cdcd_xfer_cb+0xb4>
100040c4:	0020      	movs	r0, r4
100040c6:	f000 fb81 	bl	100047cc <tu_fifo_count>
100040ca:	2800      	cmp	r0, #0
100040cc:	d0d8      	beq.n	10004080 <cdcd_xfer_cb+0xb4>
100040ce:	0025      	movs	r5, r4
100040d0:	3d24      	subs	r5, #36	; 0x24
100040d2:	78a9      	ldrb	r1, [r5, #2]
100040d4:	2000      	movs	r0, #0
100040d6:	f7ff fbed 	bl	100038b4 <usbd_edpt_claim>
100040da:	2800      	cmp	r0, #0
100040dc:	d0d0      	beq.n	10004080 <cdcd_xfer_cb+0xb4>
100040de:	4e25      	ldr	r6, [pc, #148]	; (10004174 <cdcd_xfer_cb+0x1a8>)
100040e0:	2240      	movs	r2, #64	; 0x40
100040e2:	0031      	movs	r1, r6
100040e4:	0020      	movs	r0, r4
100040e6:	f000 fbf3 	bl	100048d0 <tu_fifo_read_n>
100040ea:	78a9      	ldrb	r1, [r5, #2]
100040ec:	2800      	cmp	r0, #0
100040ee:	d02b      	beq.n	10004148 <cdcd_xfer_cb+0x17c>
100040f0:	0003      	movs	r3, r0
100040f2:	0032      	movs	r2, r6
100040f4:	2000      	movs	r0, #0
100040f6:	f7ff fc05 	bl	10003904 <usbd_edpt_xfer>
100040fa:	2800      	cmp	r0, #0
100040fc:	d1ac      	bne.n	10004058 <cdcd_xfer_cb+0x8c>
100040fe:	e7bf      	b.n	10004080 <cdcd_xfer_cb+0xb4>
10004100:	f7fe fed8 	bl	10002eb4 <tud_suspended>
10004104:	2800      	cmp	r0, #0
10004106:	d1a4      	bne.n	10004052 <cdcd_xfer_cb+0x86>
10004108:	78e3      	ldrb	r3, [r4, #3]
1000410a:	2b00      	cmp	r3, #0
1000410c:	d0a1      	beq.n	10004052 <cdcd_xfer_cb+0x86>
1000410e:	0026      	movs	r6, r4
10004110:	3610      	adds	r6, #16
10004112:	0030      	movs	r0, r6
10004114:	f000 fb76 	bl	10004804 <tu_fifo_remaining>
10004118:	283f      	cmp	r0, #63	; 0x3f
1000411a:	d99a      	bls.n	10004052 <cdcd_xfer_cb+0x86>
1000411c:	78e1      	ldrb	r1, [r4, #3]
1000411e:	2000      	movs	r0, #0
10004120:	f7ff fbc8 	bl	100038b4 <usbd_edpt_claim>
10004124:	2800      	cmp	r0, #0
10004126:	d094      	beq.n	10004052 <cdcd_xfer_cb+0x86>
10004128:	0030      	movs	r0, r6
1000412a:	f000 fb6b 	bl	10004804 <tu_fifo_remaining>
1000412e:	78e1      	ldrb	r1, [r4, #3]
10004130:	283f      	cmp	r0, #63	; 0x3f
10004132:	d90d      	bls.n	10004150 <cdcd_xfer_cb+0x184>
10004134:	2340      	movs	r3, #64	; 0x40
10004136:	465a      	mov	r2, fp
10004138:	2000      	movs	r0, #0
1000413a:	f7ff fbe3 	bl	10003904 <usbd_edpt_xfer>
1000413e:	78a3      	ldrb	r3, [r4, #2]
10004140:	e788      	b.n	10004054 <cdcd_xfer_cb+0x88>
10004142:	e000      	b.n	10004146 <cdcd_xfer_cb+0x17a>
10004144:	bf00      	nop
10004146:	e780      	b.n	1000404a <cdcd_xfer_cb+0x7e>
10004148:	2000      	movs	r0, #0
1000414a:	f7ff fbc7 	bl	100038dc <usbd_edpt_release>
1000414e:	e797      	b.n	10004080 <cdcd_xfer_cb+0xb4>
10004150:	2000      	movs	r0, #0
10004152:	f7ff fbc3 	bl	100038dc <usbd_edpt_release>
10004156:	e77c      	b.n	10004052 <cdcd_xfer_cb+0x86>
10004158:	2000137c 	.word	0x2000137c
1000415c:	200012f8 	.word	0x200012f8
	...
10004168:	2000138c 	.word	0x2000138c
1000416c:	00000000 	.word	0x00000000
10004170:	200013a0 	.word	0x200013a0
10004174:	20001338 	.word	0x20001338

10004178 <vendord_init>:
10004178:	2293      	movs	r2, #147	; 0x93
1000417a:	b5f0      	push	{r4, r5, r6, r7, lr}
1000417c:	4c13      	ldr	r4, [pc, #76]	; (100041cc <vendord_init+0x54>)
1000417e:	b085      	sub	sp, #20
10004180:	0092      	lsls	r2, r2, #2
10004182:	2100      	movs	r1, #0
10004184:	0020      	movs	r0, r4
10004186:	f7fd ff61 	bl	1000204c <__wrap_memset>
1000418a:	0023      	movs	r3, r4
1000418c:	0020      	movs	r0, r4
1000418e:	2680      	movs	r6, #128	; 0x80
10004190:	2740      	movs	r7, #64	; 0x40
10004192:	4d0f      	ldr	r5, [pc, #60]	; (100041d0 <vendord_init+0x58>)
10004194:	334d      	adds	r3, #77	; 0x4d
10004196:	0076      	lsls	r6, r6, #1
10004198:	33ff      	adds	r3, #255	; 0xff
1000419a:	3029      	adds	r0, #41	; 0x29
1000419c:	9502      	str	r5, [sp, #8]
1000419e:	9300      	str	r3, [sp, #0]
100041a0:	9703      	str	r7, [sp, #12]
100041a2:	9601      	str	r6, [sp, #4]
100041a4:	2300      	movs	r3, #0
100041a6:	2200      	movs	r2, #0
100041a8:	2100      	movs	r1, #0
100041aa:	30ff      	adds	r0, #255	; 0xff
100041ac:	f000 f9d0 	bl	10004550 <tu_edpt_stream_init>
100041b0:	3540      	adds	r5, #64	; 0x40
100041b2:	1d20      	adds	r0, r4, #4
100041b4:	3428      	adds	r4, #40	; 0x28
100041b6:	9703      	str	r7, [sp, #12]
100041b8:	9502      	str	r5, [sp, #8]
100041ba:	9601      	str	r6, [sp, #4]
100041bc:	9400      	str	r4, [sp, #0]
100041be:	2300      	movs	r3, #0
100041c0:	2201      	movs	r2, #1
100041c2:	2100      	movs	r1, #0
100041c4:	f000 f9c4 	bl	10004550 <tu_edpt_stream_init>
100041c8:	b005      	add	sp, #20
100041ca:	bdf0      	pop	{r4, r5, r6, r7, pc}
100041cc:	20001580 	.word	0x20001580
100041d0:	20001500 	.word	0x20001500

100041d4 <vendord_deinit>:
100041d4:	b510      	push	{r4, lr}
100041d6:	4c05      	ldr	r4, [pc, #20]	; (100041ec <vendord_deinit+0x18>)
100041d8:	0020      	movs	r0, r4
100041da:	f000 f9ed 	bl	100045b8 <tu_edpt_stream_deinit>
100041de:	0020      	movs	r0, r4
100041e0:	3825      	subs	r0, #37	; 0x25
100041e2:	38ff      	subs	r0, #255	; 0xff
100041e4:	f000 f9e8 	bl	100045b8 <tu_edpt_stream_deinit>
100041e8:	2001      	movs	r0, #1
100041ea:	bd10      	pop	{r4, pc}
100041ec:	200016a8 	.word	0x200016a8

100041f0 <vendord_reset>:
100041f0:	b570      	push	{r4, r5, r6, lr}
100041f2:	4c08      	ldr	r4, [pc, #32]	; (10004214 <vendord_reset+0x24>)
100041f4:	2500      	movs	r5, #0
100041f6:	0020      	movs	r0, r4
100041f8:	3031      	adds	r0, #49	; 0x31
100041fa:	7025      	strb	r5, [r4, #0]
100041fc:	30ff      	adds	r0, #255	; 0xff
100041fe:	f000 fcd5 	bl	10004bac <tu_fifo_clear>
10004202:	0020      	movs	r0, r4
10004204:	300c      	adds	r0, #12
10004206:	f000 fcd1 	bl	10004bac <tu_fifo_clear>
1000420a:	232a      	movs	r3, #42	; 0x2a
1000420c:	33ff      	adds	r3, #255	; 0xff
1000420e:	54e5      	strb	r5, [r4, r3]
10004210:	7165      	strb	r5, [r4, #5]
10004212:	bd70      	pop	{r4, r5, r6, pc}
10004214:	20001580 	.word	0x20001580

10004218 <vendord_open>:
10004218:	b5f8      	push	{r3, r4, r5, r6, r7, lr}
1000421a:	464e      	mov	r6, r9
1000421c:	4645      	mov	r5, r8
1000421e:	46de      	mov	lr, fp
10004220:	4657      	mov	r7, sl
10004222:	b5e0      	push	{r5, r6, r7, lr}
10004224:	794b      	ldrb	r3, [r1, #5]
10004226:	4681      	mov	r9, r0
10004228:	4688      	mov	r8, r1
1000422a:	2bff      	cmp	r3, #255	; 0xff
1000422c:	d125      	bne.n	1000427a <vendord_open+0x62>
1000422e:	232a      	movs	r3, #42	; 0x2a
10004230:	4f41      	ldr	r7, [pc, #260]	; (10004338 <vendord_open+0x120>)
10004232:	33ff      	adds	r3, #255	; 0xff
10004234:	780c      	ldrb	r4, [r1, #0]
10004236:	5cfe      	ldrb	r6, [r7, r3]
10004238:	797b      	ldrb	r3, [r7, #5]
1000423a:	4444      	add	r4, r8
1000423c:	18a5      	adds	r5, r4, r2
1000423e:	431e      	orrs	r6, r3
10004240:	d11b      	bne.n	1000427a <vendord_open+0x62>
10004242:	788b      	ldrb	r3, [r1, #2]
10004244:	703b      	strb	r3, [r7, #0]
10004246:	790b      	ldrb	r3, [r1, #4]
10004248:	2b00      	cmp	r3, #0
1000424a:	d012      	beq.n	10004272 <vendord_open+0x5a>
1000424c:	2398      	movs	r3, #152	; 0x98
1000424e:	005b      	lsls	r3, r3, #1
10004250:	469a      	mov	sl, r3
10004252:	3b25      	subs	r3, #37	; 0x25
10004254:	3bff      	subs	r3, #255	; 0xff
10004256:	469b      	mov	fp, r3
10004258:	44ba      	add	sl, r7
1000425a:	44bb      	add	fp, r7
1000425c:	7863      	ldrb	r3, [r4, #1]
1000425e:	2b05      	cmp	r3, #5
10004260:	d105      	bne.n	1000426e <vendord_open+0x56>
10004262:	e011      	b.n	10004288 <vendord_open+0x70>
10004264:	7823      	ldrb	r3, [r4, #0]
10004266:	18e4      	adds	r4, r4, r3
10004268:	7863      	ldrb	r3, [r4, #1]
1000426a:	2b05      	cmp	r3, #5
1000426c:	d00c      	beq.n	10004288 <vendord_open+0x70>
1000426e:	42a5      	cmp	r5, r4
10004270:	d8f8      	bhi.n	10004264 <vendord_open+0x4c>
10004272:	4643      	mov	r3, r8
10004274:	1ae4      	subs	r4, r4, r3
10004276:	b2a0      	uxth	r0, r4
10004278:	e000      	b.n	1000427c <vendord_open+0x64>
1000427a:	2000      	movs	r0, #0
1000427c:	bc3c      	pop	{r2, r3, r4, r5}
1000427e:	4690      	mov	r8, r2
10004280:	4699      	mov	r9, r3
10004282:	46a2      	mov	sl, r4
10004284:	46ab      	mov	fp, r5
10004286:	bdf8      	pop	{r3, r4, r5, r6, r7, pc}
10004288:	42a5      	cmp	r5, r4
1000428a:	d9f2      	bls.n	10004272 <vendord_open+0x5a>
1000428c:	0021      	movs	r1, r4
1000428e:	4648      	mov	r0, r9
10004290:	f7ff faf6 	bl	10003880 <usbd_edpt_open>
10004294:	2800      	cmp	r0, #0
10004296:	d0f0      	beq.n	1000427a <vendord_open+0x62>
10004298:	78a3      	ldrb	r3, [r4, #2]
1000429a:	3601      	adds	r6, #1
1000429c:	b2f6      	uxtb	r6, r6
1000429e:	09db      	lsrs	r3, r3, #7
100042a0:	2b01      	cmp	r3, #1
100042a2:	d02a      	beq.n	100042fa <vendord_open+0xe2>
100042a4:	4650      	mov	r0, sl
100042a6:	f000 fc81 	bl	10004bac <tu_fifo_clear>
100042aa:	232a      	movs	r3, #42	; 0x2a
100042ac:	78a2      	ldrb	r2, [r4, #2]
100042ae:	33ff      	adds	r3, #255	; 0xff
100042b0:	54fa      	strb	r2, [r7, r3]
100042b2:	7963      	ldrb	r3, [r4, #5]
100042b4:	7922      	ldrb	r2, [r4, #4]
100042b6:	021b      	lsls	r3, r3, #8
100042b8:	4313      	orrs	r3, r2
100042ba:	4a20      	ldr	r2, [pc, #128]	; (1000433c <vendord_open+0x124>)
100042bc:	055b      	lsls	r3, r3, #21
100042be:	4694      	mov	ip, r2
100042c0:	2194      	movs	r1, #148	; 0x94
100042c2:	0d5b      	lsrs	r3, r3, #21
100042c4:	4463      	add	r3, ip
100042c6:	425a      	negs	r2, r3
100042c8:	4153      	adcs	r3, r2
100042ca:	2002      	movs	r0, #2
100042cc:	0049      	lsls	r1, r1, #1
100042ce:	5c7a      	ldrb	r2, [r7, r1]
100042d0:	005b      	lsls	r3, r3, #1
100042d2:	4382      	bics	r2, r0
100042d4:	4313      	orrs	r3, r2
100042d6:	547b      	strb	r3, [r7, r1]
100042d8:	4651      	mov	r1, sl
100042da:	4648      	mov	r0, r9
100042dc:	3908      	subs	r1, #8
100042de:	f000 f9cb 	bl	10004678 <tu_edpt_stream_read_xfer>
100042e2:	2800      	cmp	r0, #0
100042e4:	d0c9      	beq.n	1000427a <vendord_open+0x62>
100042e6:	7823      	ldrb	r3, [r4, #0]
100042e8:	18e4      	adds	r4, r4, r3
100042ea:	4643      	mov	r3, r8
100042ec:	791b      	ldrb	r3, [r3, #4]
100042ee:	42b3      	cmp	r3, r6
100042f0:	d8b4      	bhi.n	1000425c <vendord_open+0x44>
100042f2:	4643      	mov	r3, r8
100042f4:	1ae4      	subs	r4, r4, r3
100042f6:	b2a0      	uxth	r0, r4
100042f8:	e7c0      	b.n	1000427c <vendord_open+0x64>
100042fa:	4658      	mov	r0, fp
100042fc:	f000 fc56 	bl	10004bac <tu_fifo_clear>
10004300:	465a      	mov	r2, fp
10004302:	78a3      	ldrb	r3, [r4, #2]
10004304:	3a0c      	subs	r2, #12
10004306:	7153      	strb	r3, [r2, #5]
10004308:	7963      	ldrb	r3, [r4, #5]
1000430a:	7921      	ldrb	r1, [r4, #4]
1000430c:	021b      	lsls	r3, r3, #8
1000430e:	430b      	orrs	r3, r1
10004310:	490a      	ldr	r1, [pc, #40]	; (1000433c <vendord_open+0x124>)
10004312:	055b      	lsls	r3, r3, #21
10004314:	468c      	mov	ip, r1
10004316:	0d5b      	lsrs	r3, r3, #21
10004318:	4463      	add	r3, ip
1000431a:	4259      	negs	r1, r3
1000431c:	414b      	adcs	r3, r1
1000431e:	2002      	movs	r0, #2
10004320:	7911      	ldrb	r1, [r2, #4]
10004322:	005b      	lsls	r3, r3, #1
10004324:	4381      	bics	r1, r0
10004326:	430b      	orrs	r3, r1
10004328:	4659      	mov	r1, fp
1000432a:	7113      	strb	r3, [r2, #4]
1000432c:	3908      	subs	r1, #8
1000432e:	2000      	movs	r0, #0
10004330:	f000 f970 	bl	10004614 <tu_edpt_stream_write_xfer>
10004334:	e7d7      	b.n	100042e6 <vendord_open+0xce>
10004336:	46c0      	nop			; (mov r8, r8)
10004338:	20001580 	.word	0x20001580
1000433c:	fffffe00 	.word	0xfffffe00

10004340 <vendord_xfer_cb>:
10004340:	b5f8      	push	{r3, r4, r5, r6, r7, lr}
10004342:	001d      	movs	r5, r3
10004344:	232a      	movs	r3, #42	; 0x2a
10004346:	0006      	movs	r6, r0
10004348:	481e      	ldr	r0, [pc, #120]	; (100043c4 <vendord_xfer_cb+0x84>)
1000434a:	33ff      	adds	r3, #255	; 0xff
1000434c:	5cc3      	ldrb	r3, [r0, r3]
1000434e:	428b      	cmp	r3, r1
10004350:	d11c      	bne.n	1000438c <vendord_xfer_cb+0x4c>
10004352:	239a      	movs	r3, #154	; 0x9a
10004354:	005b      	lsls	r3, r3, #1
10004356:	5ac3      	ldrh	r3, [r0, r3]
10004358:	2b00      	cmp	r3, #0
1000435a:	d10e      	bne.n	1000437a <vendord_xfer_cb+0x3a>
1000435c:	4b1a      	ldr	r3, [pc, #104]	; (100043c8 <vendord_xfer_cb+0x88>)
1000435e:	2b00      	cmp	r3, #0
10004360:	d004      	beq.n	1000436c <vendord_xfer_cb+0x2c>
10004362:	b2aa      	uxth	r2, r5
10004364:	4919      	ldr	r1, [pc, #100]	; (100043cc <vendord_xfer_cb+0x8c>)
10004366:	2000      	movs	r0, #0
10004368:	e000      	b.n	1000436c <vendord_xfer_cb+0x2c>
1000436a:	bf00      	nop
1000436c:	4918      	ldr	r1, [pc, #96]	; (100043d0 <vendord_xfer_cb+0x90>)
1000436e:	0030      	movs	r0, r6
10004370:	f000 f982 	bl	10004678 <tu_edpt_stream_read_xfer>
10004374:	2401      	movs	r4, #1
10004376:	0020      	movs	r0, r4
10004378:	bdf8      	pop	{r3, r4, r5, r6, r7, pc}
1000437a:	2396      	movs	r3, #150	; 0x96
1000437c:	005b      	lsls	r3, r3, #1
1000437e:	58c1      	ldr	r1, [r0, r3]
10004380:	3031      	adds	r0, #49	; 0x31
10004382:	b2aa      	uxth	r2, r5
10004384:	30ff      	adds	r0, #255	; 0xff
10004386:	f000 fb61 	bl	10004a4c <tu_fifo_write_n>
1000438a:	e7e7      	b.n	1000435c <vendord_xfer_cb+0x1c>
1000438c:	7943      	ldrb	r3, [r0, #5]
1000438e:	428b      	cmp	r3, r1
10004390:	d001      	beq.n	10004396 <vendord_xfer_cb+0x56>
10004392:	2400      	movs	r4, #0
10004394:	e7ef      	b.n	10004376 <vendord_xfer_cb+0x36>
10004396:	4b0f      	ldr	r3, [pc, #60]	; (100043d4 <vendord_xfer_cb+0x94>)
10004398:	2b00      	cmp	r3, #0
1000439a:	d004      	beq.n	100043a6 <vendord_xfer_cb+0x66>
1000439c:	0429      	lsls	r1, r5, #16
1000439e:	0c09      	lsrs	r1, r1, #16
100043a0:	2000      	movs	r0, #0
100043a2:	e000      	b.n	100043a6 <vendord_xfer_cb+0x66>
100043a4:	bf00      	nop
100043a6:	4f0c      	ldr	r7, [pc, #48]	; (100043d8 <vendord_xfer_cb+0x98>)
100043a8:	0030      	movs	r0, r6
100043aa:	0039      	movs	r1, r7
100043ac:	f000 f932 	bl	10004614 <tu_edpt_stream_write_xfer>
100043b0:	2401      	movs	r4, #1
100043b2:	2800      	cmp	r0, #0
100043b4:	d1df      	bne.n	10004376 <vendord_xfer_cb+0x36>
100043b6:	002a      	movs	r2, r5
100043b8:	0039      	movs	r1, r7
100043ba:	0030      	movs	r0, r6
100043bc:	f000 f8fe 	bl	100045bc <tu_edpt_stream_write_zlp_if_needed>
100043c0:	e7d9      	b.n	10004376 <vendord_xfer_cb+0x36>
100043c2:	46c0      	nop			; (mov r8, r8)
100043c4:	20001580 	.word	0x20001580
100043c8:	00000000 	.word	0x00000000
100043cc:	20001500 	.word	0x20001500
100043d0:	200016a8 	.word	0x200016a8
100043d4:	00000000 	.word	0x00000000
100043d8:	20001584 	.word	0x20001584

100043dc <tusb_rhport_init>:
100043dc:	b500      	push	{lr}
100043de:	0003      	movs	r3, r0
100043e0:	b083      	sub	sp, #12
100043e2:	2900      	cmp	r1, #0
100043e4:	d010      	beq.n	10004408 <tusb_rhport_init+0x2c>
100043e6:	2000      	movs	r0, #0
100043e8:	2b01      	cmp	r3, #1
100043ea:	d807      	bhi.n	100043fc <tusb_rhport_init+0x20>
100043ec:	780a      	ldrb	r2, [r1, #0]
100043ee:	2a00      	cmp	r2, #0
100043f0:	d004      	beq.n	100043fc <tusb_rhport_init+0x20>
100043f2:	480b      	ldr	r0, [pc, #44]	; (10004420 <tusb_rhport_init+0x44>)
100043f4:	54c2      	strb	r2, [r0, r3]
100043f6:	2001      	movs	r0, #1
100043f8:	2a01      	cmp	r2, #1
100043fa:	d001      	beq.n	10004400 <tusb_rhport_init+0x24>
100043fc:	b003      	add	sp, #12
100043fe:	bd00      	pop	{pc}
10004400:	0018      	movs	r0, r3
10004402:	f7fe fd5f 	bl	10002ec4 <tud_rhport_init>
10004406:	e7f9      	b.n	100043fc <tusb_rhport_init+0x20>
10004408:	2301      	movs	r3, #1
1000440a:	a901      	add	r1, sp, #4
1000440c:	800b      	strh	r3, [r1, #0]
1000440e:	2000      	movs	r0, #0
10004410:	f7fe fd58 	bl	10002ec4 <tud_rhport_init>
10004414:	2800      	cmp	r0, #0
10004416:	d0f1      	beq.n	100043fc <tusb_rhport_init+0x20>
10004418:	2201      	movs	r2, #1
1000441a:	4b01      	ldr	r3, [pc, #4]	; (10004420 <tusb_rhport_init+0x44>)
1000441c:	701a      	strb	r2, [r3, #0]
1000441e:	e7ed      	b.n	100043fc <tusb_rhport_init+0x20>
10004420:	20001498 	.word	0x20001498

10004424 <tu_edpt_claim>:
10004424:	b570      	push	{r4, r5, r6, lr}
10004426:	7804      	ldrb	r4, [r0, #0]
10004428:	0005      	movs	r5, r0
1000442a:	07e4      	lsls	r4, r4, #31
1000442c:	000e      	movs	r6, r1
1000442e:	0fe4      	lsrs	r4, r4, #31
10004430:	d116      	bne.n	10004460 <tu_edpt_claim+0x3c>
10004432:	7803      	ldrb	r3, [r0, #0]
10004434:	075b      	lsls	r3, r3, #29
10004436:	d501      	bpl.n	1000443c <tu_edpt_claim+0x18>
10004438:	0020      	movs	r0, r4
1000443a:	bd70      	pop	{r4, r5, r6, pc}
1000443c:	2101      	movs	r1, #1
1000443e:	0030      	movs	r0, r6
10004440:	4249      	negs	r1, r1
10004442:	f000 fc65 	bl	10004d10 <__mutex_enter_timeout_ms_veneer>
10004446:	782c      	ldrb	r4, [r5, #0]
10004448:	07e4      	lsls	r4, r4, #31
1000444a:	0fe4      	lsrs	r4, r4, #31
1000444c:	d10a      	bne.n	10004464 <tu_edpt_claim+0x40>
1000444e:	782b      	ldrb	r3, [r5, #0]
10004450:	075b      	lsls	r3, r3, #29
10004452:	d408      	bmi.n	10004466 <tu_edpt_claim+0x42>
10004454:	2204      	movs	r2, #4
10004456:	782b      	ldrb	r3, [r5, #0]
10004458:	2401      	movs	r4, #1
1000445a:	4313      	orrs	r3, r2
1000445c:	702b      	strb	r3, [r5, #0]
1000445e:	e002      	b.n	10004466 <tu_edpt_claim+0x42>
10004460:	2400      	movs	r4, #0
10004462:	e7e9      	b.n	10004438 <tu_edpt_claim+0x14>
10004464:	2400      	movs	r4, #0
10004466:	0030      	movs	r0, r6
10004468:	f000 fc2a 	bl	10004cc0 <__mutex_exit_veneer>
1000446c:	e7e4      	b.n	10004438 <tu_edpt_claim+0x14>
1000446e:	46c0      	nop			; (mov r8, r8)

10004470 <tu_edpt_release>:
10004470:	b570      	push	{r4, r5, r6, lr}
10004472:	000e      	movs	r6, r1
10004474:	2101      	movs	r1, #1
10004476:	0005      	movs	r5, r0
10004478:	4249      	negs	r1, r1
1000447a:	0030      	movs	r0, r6
1000447c:	f000 fc48 	bl	10004d10 <__mutex_enter_timeout_ms_veneer>
10004480:	782c      	ldrb	r4, [r5, #0]
10004482:	0764      	lsls	r4, r4, #29
10004484:	0fe4      	lsrs	r4, r4, #31
10004486:	2c01      	cmp	r4, #1
10004488:	d004      	beq.n	10004494 <tu_edpt_release+0x24>
1000448a:	0030      	movs	r0, r6
1000448c:	f000 fc18 	bl	10004cc0 <__mutex_exit_veneer>
10004490:	0020      	movs	r0, r4
10004492:	bd70      	pop	{r4, r5, r6, pc}
10004494:	782b      	ldrb	r3, [r5, #0]
10004496:	07db      	lsls	r3, r3, #31
10004498:	d404      	bmi.n	100044a4 <tu_edpt_release+0x34>
1000449a:	2204      	movs	r2, #4
1000449c:	782b      	ldrb	r3, [r5, #0]
1000449e:	4393      	bics	r3, r2
100044a0:	702b      	strb	r3, [r5, #0]
100044a2:	e7f2      	b.n	1000448a <tu_edpt_release+0x1a>
100044a4:	2400      	movs	r4, #0
100044a6:	e7f0      	b.n	1000448a <tu_edpt_release+0x1a>

100044a8 <tu_edpt_validate>:
100044a8:	7943      	ldrb	r3, [r0, #5]
100044aa:	7902      	ldrb	r2, [r0, #4]
100044ac:	021b      	lsls	r3, r3, #8
100044ae:	4313      	orrs	r3, r2
100044b0:	055b      	lsls	r3, r3, #21
100044b2:	0d5a      	lsrs	r2, r3, #21
100044b4:	78c3      	ldrb	r3, [r0, #3]
100044b6:	079b      	lsls	r3, r3, #30
100044b8:	0f9b      	lsrs	r3, r3, #30
100044ba:	2b02      	cmp	r3, #2
100044bc:	d00d      	beq.n	100044da <tu_edpt_validate+0x32>
100044be:	d814      	bhi.n	100044ea <tu_edpt_validate+0x42>
100044c0:	2000      	movs	r0, #0
100044c2:	2b01      	cmp	r3, #1
100044c4:	d108      	bne.n	100044d8 <tu_edpt_validate+0x30>
100044c6:	3902      	subs	r1, #2
100044c8:	424b      	negs	r3, r1
100044ca:	4159      	adcs	r1, r3
100044cc:	4b11      	ldr	r3, [pc, #68]	; (10004514 <tu_edpt_validate+0x6c>)
100044ce:	469c      	mov	ip, r3
100044d0:	4461      	add	r1, ip
100044d2:	4291      	cmp	r1, r2
100044d4:	4140      	adcs	r0, r0
100044d6:	b2c0      	uxtb	r0, r0
100044d8:	4770      	bx	lr
100044da:	2902      	cmp	r1, #2
100044dc:	d012      	beq.n	10004504 <tu_edpt_validate+0x5c>
100044de:	2000      	movs	r0, #0
100044e0:	2340      	movs	r3, #64	; 0x40
100044e2:	4293      	cmp	r3, r2
100044e4:	4140      	adcs	r0, r0
100044e6:	b2c0      	uxtb	r0, r0
100044e8:	e7f6      	b.n	100044d8 <tu_edpt_validate+0x30>
100044ea:	3902      	subs	r1, #2
100044ec:	424b      	negs	r3, r1
100044ee:	4159      	adcs	r1, r3
100044f0:	23f0      	movs	r3, #240	; 0xf0
100044f2:	2000      	movs	r0, #0
100044f4:	4249      	negs	r1, r1
100044f6:	009b      	lsls	r3, r3, #2
100044f8:	4019      	ands	r1, r3
100044fa:	3140      	adds	r1, #64	; 0x40
100044fc:	4291      	cmp	r1, r2
100044fe:	4140      	adcs	r0, r0
10004500:	b2c0      	uxtb	r0, r0
10004502:	e7e9      	b.n	100044d8 <tu_edpt_validate+0x30>
10004504:	4b04      	ldr	r3, [pc, #16]	; (10004518 <tu_edpt_validate+0x70>)
10004506:	469c      	mov	ip, r3
10004508:	4462      	add	r2, ip
1000450a:	4250      	negs	r0, r2
1000450c:	4150      	adcs	r0, r2
1000450e:	b2c0      	uxtb	r0, r0
10004510:	e7e2      	b.n	100044d8 <tu_edpt_validate+0x30>
10004512:	46c0      	nop			; (mov r8, r8)
10004514:	000003ff 	.word	0x000003ff
10004518:	fffffe00 	.word	0xfffffe00

1000451c <tu_edpt_bind_driver>:
1000451c:	188a      	adds	r2, r1, r2
1000451e:	b570      	push	{r4, r5, r6, lr}
10004520:	4291      	cmp	r1, r2
10004522:	d207      	bcs.n	10004534 <tu_edpt_bind_driver+0x18>
10004524:	267f      	movs	r6, #127	; 0x7f
10004526:	784c      	ldrb	r4, [r1, #1]
10004528:	2c05      	cmp	r4, #5
1000452a:	d004      	beq.n	10004536 <tu_edpt_bind_driver+0x1a>
1000452c:	780c      	ldrb	r4, [r1, #0]
1000452e:	1909      	adds	r1, r1, r4
10004530:	428a      	cmp	r2, r1
10004532:	d8f8      	bhi.n	10004526 <tu_edpt_bind_driver+0xa>
10004534:	bd70      	pop	{r4, r5, r6, pc}
10004536:	0034      	movs	r4, r6
10004538:	788d      	ldrb	r5, [r1, #2]
1000453a:	402c      	ands	r4, r5
1000453c:	0064      	lsls	r4, r4, #1
1000453e:	1904      	adds	r4, r0, r4
10004540:	09ed      	lsrs	r5, r5, #7
10004542:	5563      	strb	r3, [r4, r5]
10004544:	780c      	ldrb	r4, [r1, #0]
10004546:	1909      	adds	r1, r1, r4
10004548:	428a      	cmp	r2, r1
1000454a:	d8ec      	bhi.n	10004526 <tu_edpt_bind_driver+0xa>
1000454c:	e7f2      	b.n	10004534 <tu_edpt_bind_driver+0x18>
1000454e:	46c0      	nop			; (mov r8, r8)

10004550 <tu_edpt_stream_init>:
10004550:	b5f0      	push	{r4, r5, r6, r7, lr}
10004552:	46c6      	mov	lr, r8
10004554:	b500      	push	{lr}
10004556:	b082      	sub	sp, #8
10004558:	4690      	mov	r8, r2
1000455a:	aa08      	add	r2, sp, #32
1000455c:	ca20      	ldmia	r2!, {r5}
1000455e:	0004      	movs	r4, r0
10004560:	8816      	ldrh	r6, [r2, #0]
10004562:	aa0b      	add	r2, sp, #44	; 0x2c
10004564:	2001      	movs	r0, #1
10004566:	8817      	ldrh	r7, [r2, #0]
10004568:	000a      	movs	r2, r1
1000456a:	7821      	ldrb	r1, [r4, #0]
1000456c:	4002      	ands	r2, r0
1000456e:	4381      	bics	r1, r0
10004570:	0020      	movs	r0, r4
10004572:	4311      	orrs	r1, r2
10004574:	7021      	strb	r1, [r4, #0]
10004576:	9300      	str	r3, [sp, #0]
10004578:	3008      	adds	r0, #8
1000457a:	2301      	movs	r3, #1
1000457c:	0032      	movs	r2, r6
1000457e:	0029      	movs	r1, r5
10004580:	f000 f8e6 	bl	10004750 <tu_fifo_config>
10004584:	2d00      	cmp	r5, #0
10004586:	d001      	beq.n	1000458c <tu_edpt_stream_init+0x3c>
10004588:	2e00      	cmp	r6, #0
1000458a:	d107      	bne.n	1000459c <tu_edpt_stream_init+0x4c>
1000458c:	2001      	movs	r0, #1
1000458e:	9b0a      	ldr	r3, [sp, #40]	; 0x28
10004590:	8067      	strh	r7, [r4, #2]
10004592:	6063      	str	r3, [r4, #4]
10004594:	b002      	add	sp, #8
10004596:	bc04      	pop	{r2}
10004598:	4690      	mov	r8, r2
1000459a:	bdf0      	pop	{r4, r5, r6, r7, pc}
1000459c:	0025      	movs	r5, r4
1000459e:	351c      	adds	r5, #28
100045a0:	0028      	movs	r0, r5
100045a2:	f7fc fc95 	bl	10000ed0 <mutex_init>
100045a6:	4642      	mov	r2, r8
100045a8:	2300      	movs	r3, #0
100045aa:	2a00      	cmp	r2, #0
100045ac:	d001      	beq.n	100045b2 <tu_edpt_stream_init+0x62>
100045ae:	002b      	movs	r3, r5
100045b0:	2500      	movs	r5, #0
100045b2:	6163      	str	r3, [r4, #20]
100045b4:	61a5      	str	r5, [r4, #24]
100045b6:	e7e9      	b.n	1000458c <tu_edpt_stream_init+0x3c>

100045b8 <tu_edpt_stream_deinit>:
100045b8:	2001      	movs	r0, #1
100045ba:	4770      	bx	lr

100045bc <tu_edpt_stream_write_zlp_if_needed>:
100045bc:	b5f8      	push	{r3, r4, r5, r6, r7, lr}
100045be:	23e0      	movs	r3, #224	; 0xe0
100045c0:	0007      	movs	r7, r0
100045c2:	0008      	movs	r0, r1
100045c4:	780c      	ldrb	r4, [r1, #0]
100045c6:	005b      	lsls	r3, r3, #1
100045c8:	07a4      	lsls	r4, r4, #30
100045ca:	17e4      	asrs	r4, r4, #31
100045cc:	401c      	ands	r4, r3
100045ce:	3008      	adds	r0, #8
100045d0:	000d      	movs	r5, r1
100045d2:	0016      	movs	r6, r2
100045d4:	343f      	adds	r4, #63	; 0x3f
100045d6:	f000 f8f9 	bl	100047cc <tu_fifo_count>
100045da:	2800      	cmp	r0, #0
100045dc:	d107      	bne.n	100045ee <tu_edpt_stream_write_zlp_if_needed+0x32>
100045de:	2e00      	cmp	r6, #0
100045e0:	d005      	beq.n	100045ee <tu_edpt_stream_write_zlp_if_needed+0x32>
100045e2:	4234      	tst	r4, r6
100045e4:	d103      	bne.n	100045ee <tu_edpt_stream_write_zlp_if_needed+0x32>
100045e6:	2401      	movs	r4, #1
100045e8:	782b      	ldrb	r3, [r5, #0]
100045ea:	421c      	tst	r4, r3
100045ec:	d001      	beq.n	100045f2 <tu_edpt_stream_write_zlp_if_needed+0x36>
100045ee:	2000      	movs	r0, #0
100045f0:	bdf8      	pop	{r3, r4, r5, r6, r7, pc}
100045f2:	7869      	ldrb	r1, [r5, #1]
100045f4:	0038      	movs	r0, r7
100045f6:	f7ff f95d 	bl	100038b4 <usbd_edpt_claim>
100045fa:	2800      	cmp	r0, #0
100045fc:	d0f7      	beq.n	100045ee <tu_edpt_stream_write_zlp_if_needed+0x32>
100045fe:	782b      	ldrb	r3, [r5, #0]
10004600:	421c      	tst	r4, r3
10004602:	d1f4      	bne.n	100045ee <tu_edpt_stream_write_zlp_if_needed+0x32>
10004604:	7869      	ldrb	r1, [r5, #1]
10004606:	2300      	movs	r3, #0
10004608:	2200      	movs	r2, #0
1000460a:	0038      	movs	r0, r7
1000460c:	f7ff f97a 	bl	10003904 <usbd_edpt_xfer>
10004610:	e7ee      	b.n	100045f0 <tu_edpt_stream_write_zlp_if_needed+0x34>
10004612:	46c0      	nop			; (mov r8, r8)

10004614 <tu_edpt_stream_write_xfer>:
10004614:	b5f8      	push	{r3, r4, r5, r6, r7, lr}
10004616:	000d      	movs	r5, r1
10004618:	3508      	adds	r5, #8
1000461a:	0007      	movs	r7, r0
1000461c:	0028      	movs	r0, r5
1000461e:	000c      	movs	r4, r1
10004620:	f000 f8d4 	bl	100047cc <tu_fifo_count>
10004624:	2800      	cmp	r0, #0
10004626:	d003      	beq.n	10004630 <tu_edpt_stream_write_xfer+0x1c>
10004628:	2601      	movs	r6, #1
1000462a:	7823      	ldrb	r3, [r4, #0]
1000462c:	421e      	tst	r6, r3
1000462e:	d001      	beq.n	10004634 <tu_edpt_stream_write_xfer+0x20>
10004630:	2000      	movs	r0, #0
10004632:	bdf8      	pop	{r3, r4, r5, r6, r7, pc}
10004634:	7861      	ldrb	r1, [r4, #1]
10004636:	0038      	movs	r0, r7
10004638:	f7ff f93c 	bl	100038b4 <usbd_edpt_claim>
1000463c:	2800      	cmp	r0, #0
1000463e:	d0f7      	beq.n	10004630 <tu_edpt_stream_write_xfer+0x1c>
10004640:	0028      	movs	r0, r5
10004642:	8862      	ldrh	r2, [r4, #2]
10004644:	6861      	ldr	r1, [r4, #4]
10004646:	f000 f943 	bl	100048d0 <tu_fifo_read_n>
1000464a:	7823      	ldrb	r3, [r4, #0]
1000464c:	1e05      	subs	r5, r0, #0
1000464e:	d00b      	beq.n	10004668 <tu_edpt_stream_write_xfer+0x54>
10004650:	421e      	tst	r6, r3
10004652:	d1ed      	bne.n	10004630 <tu_edpt_stream_write_xfer+0x1c>
10004654:	0003      	movs	r3, r0
10004656:	6862      	ldr	r2, [r4, #4]
10004658:	7861      	ldrb	r1, [r4, #1]
1000465a:	0038      	movs	r0, r7
1000465c:	f7ff f952 	bl	10003904 <usbd_edpt_xfer>
10004660:	2800      	cmp	r0, #0
10004662:	d0e5      	beq.n	10004630 <tu_edpt_stream_write_xfer+0x1c>
10004664:	0028      	movs	r0, r5
10004666:	e7e4      	b.n	10004632 <tu_edpt_stream_write_xfer+0x1e>
10004668:	421e      	tst	r6, r3
1000466a:	d1e1      	bne.n	10004630 <tu_edpt_stream_write_xfer+0x1c>
1000466c:	7861      	ldrb	r1, [r4, #1]
1000466e:	0038      	movs	r0, r7
10004670:	f7ff f934 	bl	100038dc <usbd_edpt_release>
10004674:	e7dc      	b.n	10004630 <tu_edpt_stream_write_xfer+0x1c>
10004676:	46c0      	nop			; (mov r8, r8)

10004678 <tu_edpt_stream_read_xfer>:
10004678:	b5f8      	push	{r3, r4, r5, r6, r7, lr}
1000467a:	46ce      	mov	lr, r9
1000467c:	4647      	mov	r7, r8
1000467e:	b580      	push	{r7, lr}
10004680:	898a      	ldrh	r2, [r1, #12]
10004682:	0006      	movs	r6, r0
10004684:	000c      	movs	r4, r1
10004686:	780b      	ldrb	r3, [r1, #0]
10004688:	2a00      	cmp	r2, #0
1000468a:	d107      	bne.n	1000469c <tu_edpt_stream_read_xfer+0x24>
1000468c:	2501      	movs	r5, #1
1000468e:	421d      	tst	r5, r3
10004690:	d040      	beq.n	10004714 <tu_edpt_stream_read_xfer+0x9c>
10004692:	2000      	movs	r0, #0
10004694:	bc0c      	pop	{r2, r3}
10004696:	4690      	mov	r8, r2
10004698:	4699      	mov	r9, r3
1000469a:	bdf8      	pop	{r3, r4, r5, r6, r7, pc}
1000469c:	079b      	lsls	r3, r3, #30
1000469e:	d434      	bmi.n	1000470a <tu_edpt_stream_read_xfer+0x92>
100046a0:	2340      	movs	r3, #64	; 0x40
100046a2:	425b      	negs	r3, r3
100046a4:	4699      	mov	r9, r3
100046a6:	2540      	movs	r5, #64	; 0x40
100046a8:	0027      	movs	r7, r4
100046aa:	3708      	adds	r7, #8
100046ac:	0038      	movs	r0, r7
100046ae:	f000 f8a9 	bl	10004804 <tu_fifo_remaining>
100046b2:	42a8      	cmp	r0, r5
100046b4:	d3ed      	bcc.n	10004692 <tu_edpt_stream_read_xfer+0x1a>
100046b6:	2201      	movs	r2, #1
100046b8:	7823      	ldrb	r3, [r4, #0]
100046ba:	4690      	mov	r8, r2
100046bc:	421a      	tst	r2, r3
100046be:	d1e8      	bne.n	10004692 <tu_edpt_stream_read_xfer+0x1a>
100046c0:	7861      	ldrb	r1, [r4, #1]
100046c2:	0030      	movs	r0, r6
100046c4:	f7ff f8f6 	bl	100038b4 <usbd_edpt_claim>
100046c8:	2800      	cmp	r0, #0
100046ca:	d0e2      	beq.n	10004692 <tu_edpt_stream_read_xfer+0x1a>
100046cc:	0038      	movs	r0, r7
100046ce:	f000 f899 	bl	10004804 <tu_fifo_remaining>
100046d2:	7823      	ldrb	r3, [r4, #0]
100046d4:	4642      	mov	r2, r8
100046d6:	4285      	cmp	r5, r0
100046d8:	d831      	bhi.n	1000473e <tu_edpt_stream_read_xfer+0xc6>
100046da:	421a      	tst	r2, r3
100046dc:	d1d9      	bne.n	10004692 <tu_edpt_stream_read_xfer+0x1a>
100046de:	464b      	mov	r3, r9
100046e0:	4018      	ands	r0, r3
100046e2:	8863      	ldrh	r3, [r4, #2]
100046e4:	1c05      	adds	r5, r0, #0
100046e6:	b280      	uxth	r0, r0
100046e8:	4298      	cmp	r0, r3
100046ea:	d900      	bls.n	100046ee <tu_edpt_stream_read_xfer+0x76>
100046ec:	1c1d      	adds	r5, r3, #0
100046ee:	b2ad      	uxth	r5, r5
100046f0:	7861      	ldrb	r1, [r4, #1]
100046f2:	2200      	movs	r2, #0
100046f4:	2d00      	cmp	r5, #0
100046f6:	d000      	beq.n	100046fa <tu_edpt_stream_read_xfer+0x82>
100046f8:	6862      	ldr	r2, [r4, #4]
100046fa:	002b      	movs	r3, r5
100046fc:	0030      	movs	r0, r6
100046fe:	f7ff f901 	bl	10003904 <usbd_edpt_xfer>
10004702:	2800      	cmp	r0, #0
10004704:	d0c5      	beq.n	10004692 <tu_edpt_stream_read_xfer+0x1a>
10004706:	0028      	movs	r0, r5
10004708:	e7c4      	b.n	10004694 <tu_edpt_stream_read_xfer+0x1c>
1000470a:	2580      	movs	r5, #128	; 0x80
1000470c:	4b0f      	ldr	r3, [pc, #60]	; (1000474c <tu_edpt_stream_read_xfer+0xd4>)
1000470e:	00ad      	lsls	r5, r5, #2
10004710:	4699      	mov	r9, r3
10004712:	e7c9      	b.n	100046a8 <tu_edpt_stream_read_xfer+0x30>
10004714:	7849      	ldrb	r1, [r1, #1]
10004716:	f7ff f8cd 	bl	100038b4 <usbd_edpt_claim>
1000471a:	2800      	cmp	r0, #0
1000471c:	d0b9      	beq.n	10004692 <tu_edpt_stream_read_xfer+0x1a>
1000471e:	7823      	ldrb	r3, [r4, #0]
10004720:	421d      	tst	r5, r3
10004722:	d1b6      	bne.n	10004692 <tu_edpt_stream_read_xfer+0x1a>
10004724:	8863      	ldrh	r3, [r4, #2]
10004726:	7861      	ldrb	r1, [r4, #1]
10004728:	2200      	movs	r2, #0
1000472a:	2b00      	cmp	r3, #0
1000472c:	d000      	beq.n	10004730 <tu_edpt_stream_read_xfer+0xb8>
1000472e:	6862      	ldr	r2, [r4, #4]
10004730:	0030      	movs	r0, r6
10004732:	f7ff f8e7 	bl	10003904 <usbd_edpt_xfer>
10004736:	2800      	cmp	r0, #0
10004738:	d0ab      	beq.n	10004692 <tu_edpt_stream_read_xfer+0x1a>
1000473a:	8860      	ldrh	r0, [r4, #2]
1000473c:	e7aa      	b.n	10004694 <tu_edpt_stream_read_xfer+0x1c>
1000473e:	421a      	tst	r2, r3
10004740:	d1a7      	bne.n	10004692 <tu_edpt_stream_read_xfer+0x1a>
10004742:	7861      	ldrb	r1, [r4, #1]
10004744:	0030      	movs	r0, r6
10004746:	f7ff f8c9 	bl	100038dc <usbd_edpt_release>
1000474a:	e7a2      	b.n	10004692 <tu_edpt_stream_read_xfer+0x1a>
1000474c:	fffffe00 	.word	0xfffffe00

10004750 <tu_fifo_config>:
10004750:	b5f0      	push	{r4, r5, r6, r7, lr}
10004752:	46c6      	mov	lr, r8
10004754:	b500      	push	{lr}
10004756:	001d      	movs	r5, r3
10004758:	ab06      	add	r3, sp, #24
1000475a:	781e      	ldrb	r6, [r3, #0]
1000475c:	2380      	movs	r3, #128	; 0x80
1000475e:	0004      	movs	r4, r0
10004760:	4688      	mov	r8, r1
10004762:	0017      	movs	r7, r2
10004764:	021b      	lsls	r3, r3, #8
10004766:	429a      	cmp	r2, r3
10004768:	d82e      	bhi.n	100047c8 <tu_fifo_config+0x78>
1000476a:	68c0      	ldr	r0, [r0, #12]
1000476c:	2800      	cmp	r0, #0
1000476e:	d003      	beq.n	10004778 <tu_fifo_config+0x28>
10004770:	2101      	movs	r1, #1
10004772:	4249      	negs	r1, r1
10004774:	f000 facc 	bl	10004d10 <__mutex_enter_timeout_ms_veneer>
10004778:	6920      	ldr	r0, [r4, #16]
1000477a:	2800      	cmp	r0, #0
1000477c:	d003      	beq.n	10004786 <tu_fifo_config+0x36>
1000477e:	2101      	movs	r1, #1
10004780:	4249      	negs	r1, r1
10004782:	f000 fac5 	bl	10004d10 <__mutex_enter_timeout_ms_veneer>
10004786:	4643      	mov	r3, r8
10004788:	6023      	str	r3, [r4, #0]
1000478a:	88e3      	ldrh	r3, [r4, #6]
1000478c:	046d      	lsls	r5, r5, #17
1000478e:	0bdb      	lsrs	r3, r3, #15
10004790:	0c6d      	lsrs	r5, r5, #17
10004792:	03db      	lsls	r3, r3, #15
10004794:	432b      	orrs	r3, r5
10004796:	80e3      	strh	r3, [r4, #6]
10004798:	045b      	lsls	r3, r3, #17
1000479a:	01f6      	lsls	r6, r6, #7
1000479c:	0e5b      	lsrs	r3, r3, #25
1000479e:	4333      	orrs	r3, r6
100047a0:	71e3      	strb	r3, [r4, #7]
100047a2:	2300      	movs	r3, #0
100047a4:	68e0      	ldr	r0, [r4, #12]
100047a6:	8163      	strh	r3, [r4, #10]
100047a8:	80a7      	strh	r7, [r4, #4]
100047aa:	8123      	strh	r3, [r4, #8]
100047ac:	2800      	cmp	r0, #0
100047ae:	d001      	beq.n	100047b4 <tu_fifo_config+0x64>
100047b0:	f000 fa86 	bl	10004cc0 <__mutex_exit_veneer>
100047b4:	6920      	ldr	r0, [r4, #16]
100047b6:	2401      	movs	r4, #1
100047b8:	2800      	cmp	r0, #0
100047ba:	d001      	beq.n	100047c0 <tu_fifo_config+0x70>
100047bc:	f000 fa80 	bl	10004cc0 <__mutex_exit_veneer>
100047c0:	0020      	movs	r0, r4
100047c2:	bc04      	pop	{r2}
100047c4:	4690      	mov	r8, r2
100047c6:	bdf0      	pop	{r4, r5, r6, r7, pc}
100047c8:	2400      	movs	r4, #0
100047ca:	e7f9      	b.n	100047c0 <tu_fifo_config+0x70>

100047cc <tu_fifo_count>:
100047cc:	8903      	ldrh	r3, [r0, #8]
100047ce:	8942      	ldrh	r2, [r0, #10]
100047d0:	b29b      	uxth	r3, r3
100047d2:	b292      	uxth	r2, r2
100047d4:	8881      	ldrh	r1, [r0, #4]
100047d6:	4293      	cmp	r3, r2
100047d8:	d307      	bcc.n	100047ea <tu_fifo_count+0x1e>
100047da:	1a9b      	subs	r3, r3, r2
100047dc:	b29b      	uxth	r3, r3
100047de:	1c08      	adds	r0, r1, #0
100047e0:	4299      	cmp	r1, r3
100047e2:	d900      	bls.n	100047e6 <tu_fifo_count+0x1a>
100047e4:	1c18      	adds	r0, r3, #0
100047e6:	b280      	uxth	r0, r0
100047e8:	4770      	bx	lr
100047ea:	0048      	lsls	r0, r1, #1
100047ec:	1a82      	subs	r2, r0, r2
100047ee:	189b      	adds	r3, r3, r2
100047f0:	b29b      	uxth	r3, r3
100047f2:	e7f4      	b.n	100047de <tu_fifo_count+0x12>

100047f4 <tu_fifo_empty>:
100047f4:	8903      	ldrh	r3, [r0, #8]
100047f6:	8940      	ldrh	r0, [r0, #10]
100047f8:	1a18      	subs	r0, r3, r0
100047fa:	4243      	negs	r3, r0
100047fc:	4158      	adcs	r0, r3
100047fe:	b2c0      	uxtb	r0, r0
10004800:	4770      	bx	lr
10004802:	46c0      	nop			; (mov r8, r8)

10004804 <tu_fifo_remaining>:
10004804:	8903      	ldrh	r3, [r0, #8]
10004806:	8942      	ldrh	r2, [r0, #10]
10004808:	b29b      	uxth	r3, r3
1000480a:	b292      	uxth	r2, r2
1000480c:	8881      	ldrh	r1, [r0, #4]
1000480e:	4293      	cmp	r3, r2
10004810:	d307      	bcc.n	10004822 <tu_fifo_remaining+0x1e>
10004812:	1a9b      	subs	r3, r3, r2
10004814:	b29b      	uxth	r3, r3
10004816:	2000      	movs	r0, #0
10004818:	4299      	cmp	r1, r3
1000481a:	d901      	bls.n	10004820 <tu_fifo_remaining+0x1c>
1000481c:	1acb      	subs	r3, r1, r3
1000481e:	b298      	uxth	r0, r3
10004820:	4770      	bx	lr
10004822:	0048      	lsls	r0, r1, #1
10004824:	1a82      	subs	r2, r0, r2
10004826:	189b      	adds	r3, r3, r2
10004828:	b29b      	uxth	r3, r3
1000482a:	e7f4      	b.n	10004816 <tu_fifo_remaining+0x12>

1000482c <tu_fifo_read>:
1000482c:	b570      	push	{r4, r5, r6, lr}
1000482e:	0004      	movs	r4, r0
10004830:	6900      	ldr	r0, [r0, #16]
10004832:	000d      	movs	r5, r1
10004834:	2800      	cmp	r0, #0
10004836:	d003      	beq.n	10004840 <tu_fifo_read+0x14>
10004838:	2101      	movs	r1, #1
1000483a:	4249      	negs	r1, r1
1000483c:	f000 fa68 	bl	10004d10 <__mutex_enter_timeout_ms_veneer>
10004840:	8920      	ldrh	r0, [r4, #8]
10004842:	8961      	ldrh	r1, [r4, #10]
10004844:	b280      	uxth	r0, r0
10004846:	b289      	uxth	r1, r1
10004848:	88a3      	ldrh	r3, [r4, #4]
1000484a:	4288      	cmp	r0, r1
1000484c:	d230      	bcs.n	100048b0 <tu_fifo_read+0x84>
1000484e:	005a      	lsls	r2, r3, #1
10004850:	1a52      	subs	r2, r2, r1
10004852:	1882      	adds	r2, r0, r2
10004854:	b292      	uxth	r2, r2
10004856:	2a00      	cmp	r2, #0
10004858:	d02e      	beq.n	100048b8 <tu_fifo_read+0x8c>
1000485a:	4293      	cmp	r3, r2
1000485c:	d208      	bcs.n	10004870 <tu_fifo_read+0x44>
1000485e:	4298      	cmp	r0, r3
10004860:	d331      	bcc.n	100048c6 <tu_fifo_read+0x9a>
10004862:	1ac1      	subs	r1, r0, r3
10004864:	b289      	uxth	r1, r1
10004866:	8161      	strh	r1, [r4, #10]
10004868:	428b      	cmp	r3, r1
1000486a:	d803      	bhi.n	10004874 <tu_fifo_read+0x48>
1000486c:	1ac9      	subs	r1, r1, r3
1000486e:	b289      	uxth	r1, r1
10004870:	428b      	cmp	r3, r1
10004872:	d9fb      	bls.n	1000486c <tu_fifo_read+0x40>
10004874:	6823      	ldr	r3, [r4, #0]
10004876:	88e2      	ldrh	r2, [r4, #6]
10004878:	469c      	mov	ip, r3
1000487a:	0452      	lsls	r2, r2, #17
1000487c:	0c52      	lsrs	r2, r2, #17
1000487e:	4351      	muls	r1, r2
10004880:	0028      	movs	r0, r5
10004882:	4461      	add	r1, ip
10004884:	f7fd fbe8 	bl	10002058 <__wrap___aeabi_memcpy>
10004888:	8961      	ldrh	r1, [r4, #10]
1000488a:	88a3      	ldrh	r3, [r4, #4]
1000488c:	b289      	uxth	r1, r1
1000488e:	1c4a      	adds	r2, r1, #1
10004890:	b292      	uxth	r2, r2
10004892:	2501      	movs	r5, #1
10004894:	4291      	cmp	r1, r2
10004896:	d912      	bls.n	100048be <tu_fifo_read+0x92>
10004898:	2200      	movs	r2, #0
1000489a:	005b      	lsls	r3, r3, #1
1000489c:	1ad2      	subs	r2, r2, r3
1000489e:	b292      	uxth	r2, r2
100048a0:	6920      	ldr	r0, [r4, #16]
100048a2:	8162      	strh	r2, [r4, #10]
100048a4:	2800      	cmp	r0, #0
100048a6:	d001      	beq.n	100048ac <tu_fifo_read+0x80>
100048a8:	f000 fa0a 	bl	10004cc0 <__mutex_exit_veneer>
100048ac:	0028      	movs	r0, r5
100048ae:	bd70      	pop	{r4, r5, r6, pc}
100048b0:	1a42      	subs	r2, r0, r1
100048b2:	b292      	uxth	r2, r2
100048b4:	2a00      	cmp	r2, #0
100048b6:	d1d0      	bne.n	1000485a <tu_fifo_read+0x2e>
100048b8:	2500      	movs	r5, #0
100048ba:	8962      	ldrh	r2, [r4, #10]
100048bc:	b292      	uxth	r2, r2
100048be:	005b      	lsls	r3, r3, #1
100048c0:	429a      	cmp	r2, r3
100048c2:	dbed      	blt.n	100048a0 <tu_fifo_read+0x74>
100048c4:	e7ea      	b.n	1000489c <tu_fifo_read+0x70>
100048c6:	18c0      	adds	r0, r0, r3
100048c8:	b281      	uxth	r1, r0
100048ca:	8161      	strh	r1, [r4, #10]
100048cc:	e7cc      	b.n	10004868 <tu_fifo_read+0x3c>
100048ce:	46c0      	nop			; (mov r8, r8)

100048d0 <tu_fifo_read_n>:
100048d0:	b5f0      	push	{r4, r5, r6, r7, lr}
100048d2:	4646      	mov	r6, r8
100048d4:	464f      	mov	r7, r9
100048d6:	46d6      	mov	lr, sl
100048d8:	b5c0      	push	{r6, r7, lr}
100048da:	0006      	movs	r6, r0
100048dc:	6900      	ldr	r0, [r0, #16]
100048de:	4688      	mov	r8, r1
100048e0:	4691      	mov	r9, r2
100048e2:	2800      	cmp	r0, #0
100048e4:	d003      	beq.n	100048ee <tu_fifo_read_n+0x1e>
100048e6:	2101      	movs	r1, #1
100048e8:	4249      	negs	r1, r1
100048ea:	f000 fa11 	bl	10004d10 <__mutex_enter_timeout_ms_veneer>
100048ee:	8933      	ldrh	r3, [r6, #8]
100048f0:	8974      	ldrh	r4, [r6, #10]
100048f2:	b29b      	uxth	r3, r3
100048f4:	b2a4      	uxth	r4, r4
100048f6:	88b7      	ldrh	r7, [r6, #4]
100048f8:	42a3      	cmp	r3, r4
100048fa:	d24c      	bcs.n	10004996 <tu_fifo_read_n+0xc6>
100048fc:	007d      	lsls	r5, r7, #1
100048fe:	1b2d      	subs	r5, r5, r4
10004900:	195d      	adds	r5, r3, r5
10004902:	b2ad      	uxth	r5, r5
10004904:	2d00      	cmp	r5, #0
10004906:	d04a      	beq.n	1000499e <tu_fifo_read_n+0xce>
10004908:	42af      	cmp	r7, r5
1000490a:	d205      	bcs.n	10004918 <tu_fifo_read_n+0x48>
1000490c:	42bb      	cmp	r3, r7
1000490e:	d254      	bcs.n	100049ba <tu_fifo_read_n+0xea>
10004910:	19db      	adds	r3, r3, r7
10004912:	b29c      	uxth	r4, r3
10004914:	003d      	movs	r5, r7
10004916:	8174      	strh	r4, [r6, #10]
10004918:	464b      	mov	r3, r9
1000491a:	45a9      	cmp	r9, r5
1000491c:	d84b      	bhi.n	100049b6 <tu_fifo_read_n+0xe6>
1000491e:	b29d      	uxth	r5, r3
10004920:	42a7      	cmp	r7, r4
10004922:	d803      	bhi.n	1000492c <tu_fifo_read_n+0x5c>
10004924:	1be4      	subs	r4, r4, r7
10004926:	b2a4      	uxth	r4, r4
10004928:	42a7      	cmp	r7, r4
1000492a:	d9fb      	bls.n	10004924 <tu_fifo_read_n+0x54>
1000492c:	88f2      	ldrh	r2, [r6, #6]
1000492e:	1b38      	subs	r0, r7, r4
10004930:	0452      	lsls	r2, r2, #17
10004932:	0c53      	lsrs	r3, r2, #17
10004934:	0019      	movs	r1, r3
10004936:	4699      	mov	r9, r3
10004938:	6833      	ldr	r3, [r6, #0]
1000493a:	4361      	muls	r1, r4
1000493c:	469c      	mov	ip, r3
1000493e:	b280      	uxth	r0, r0
10004940:	4461      	add	r1, ip
10004942:	42a8      	cmp	r0, r5
10004944:	d231      	bcs.n	100049aa <tu_fifo_read_n+0xda>
10004946:	464b      	mov	r3, r9
10004948:	4358      	muls	r0, r3
1000494a:	b283      	uxth	r3, r0
1000494c:	001a      	movs	r2, r3
1000494e:	4640      	mov	r0, r8
10004950:	469a      	mov	sl, r3
10004952:	f7fd fb81 	bl	10002058 <__wrap___aeabi_memcpy>
10004956:	464b      	mov	r3, r9
10004958:	4640      	mov	r0, r8
1000495a:	1bef      	subs	r7, r5, r7
1000495c:	19e4      	adds	r4, r4, r7
1000495e:	435c      	muls	r4, r3
10004960:	4450      	add	r0, sl
10004962:	b2a2      	uxth	r2, r4
10004964:	6831      	ldr	r1, [r6, #0]
10004966:	f7fd fb77 	bl	10002058 <__wrap___aeabi_memcpy>
1000496a:	8972      	ldrh	r2, [r6, #10]
1000496c:	88b7      	ldrh	r7, [r6, #4]
1000496e:	b292      	uxth	r2, r2
10004970:	1953      	adds	r3, r2, r5
10004972:	b29b      	uxth	r3, r3
10004974:	0079      	lsls	r1, r7, #1
10004976:	429a      	cmp	r2, r3
10004978:	d913      	bls.n	100049a2 <tu_fifo_read_n+0xd2>
1000497a:	1a5b      	subs	r3, r3, r1
1000497c:	b29b      	uxth	r3, r3
1000497e:	6930      	ldr	r0, [r6, #16]
10004980:	8173      	strh	r3, [r6, #10]
10004982:	2800      	cmp	r0, #0
10004984:	d001      	beq.n	1000498a <tu_fifo_read_n+0xba>
10004986:	f000 f99b 	bl	10004cc0 <__mutex_exit_veneer>
1000498a:	0028      	movs	r0, r5
1000498c:	bc1c      	pop	{r2, r3, r4}
1000498e:	4690      	mov	r8, r2
10004990:	4699      	mov	r9, r3
10004992:	46a2      	mov	sl, r4
10004994:	bdf0      	pop	{r4, r5, r6, r7, pc}
10004996:	1b1d      	subs	r5, r3, r4
10004998:	b2ad      	uxth	r5, r5
1000499a:	2d00      	cmp	r5, #0
1000499c:	d1b4      	bne.n	10004908 <tu_fifo_read_n+0x38>
1000499e:	8973      	ldrh	r3, [r6, #10]
100049a0:	b29b      	uxth	r3, r3
100049a2:	0079      	lsls	r1, r7, #1
100049a4:	428b      	cmp	r3, r1
100049a6:	dbea      	blt.n	1000497e <tu_fifo_read_n+0xae>
100049a8:	e7e7      	b.n	1000497a <tu_fifo_read_n+0xaa>
100049aa:	464a      	mov	r2, r9
100049ac:	4640      	mov	r0, r8
100049ae:	436a      	muls	r2, r5
100049b0:	f7fd fb52 	bl	10002058 <__wrap___aeabi_memcpy>
100049b4:	e7d9      	b.n	1000496a <tu_fifo_read_n+0x9a>
100049b6:	1c2b      	adds	r3, r5, #0
100049b8:	e7b1      	b.n	1000491e <tu_fifo_read_n+0x4e>
100049ba:	1bdc      	subs	r4, r3, r7
100049bc:	b2a4      	uxth	r4, r4
100049be:	e7a9      	b.n	10004914 <tu_fifo_read_n+0x44>

100049c0 <tu_fifo_write>:
100049c0:	b5f8      	push	{r3, r4, r5, r6, r7, lr}
100049c2:	0004      	movs	r4, r0
100049c4:	68c0      	ldr	r0, [r0, #12]
100049c6:	000e      	movs	r6, r1
100049c8:	2800      	cmp	r0, #0
100049ca:	d003      	beq.n	100049d4 <tu_fifo_write+0x14>
100049cc:	2101      	movs	r1, #1
100049ce:	4249      	negs	r1, r1
100049d0:	f000 f99e 	bl	10004d10 <__mutex_enter_timeout_ms_veneer>
100049d4:	8925      	ldrh	r5, [r4, #8]
100049d6:	8922      	ldrh	r2, [r4, #8]
100049d8:	8961      	ldrh	r1, [r4, #10]
100049da:	b292      	uxth	r2, r2
100049dc:	b289      	uxth	r1, r1
100049de:	b2ad      	uxth	r5, r5
100049e0:	88a3      	ldrh	r3, [r4, #4]
100049e2:	428a      	cmp	r2, r1
100049e4:	d32c      	bcc.n	10004a40 <tu_fifo_write+0x80>
100049e6:	1a52      	subs	r2, r2, r1
100049e8:	b292      	uxth	r2, r2
100049ea:	4293      	cmp	r3, r2
100049ec:	d809      	bhi.n	10004a02 <tu_fifo_write+0x42>
100049ee:	79e7      	ldrb	r7, [r4, #7]
100049f0:	09ff      	lsrs	r7, r7, #7
100049f2:	d106      	bne.n	10004a02 <tu_fifo_write+0x42>
100049f4:	68e0      	ldr	r0, [r4, #12]
100049f6:	2800      	cmp	r0, #0
100049f8:	d001      	beq.n	100049fe <tu_fifo_write+0x3e>
100049fa:	f000 f961 	bl	10004cc0 <__mutex_exit_veneer>
100049fe:	0038      	movs	r0, r7
10004a00:	bdf8      	pop	{r3, r4, r5, r6, r7, pc}
10004a02:	0028      	movs	r0, r5
10004a04:	429d      	cmp	r5, r3
10004a06:	d303      	bcc.n	10004a10 <tu_fifo_write+0x50>
10004a08:	1ac0      	subs	r0, r0, r3
10004a0a:	b280      	uxth	r0, r0
10004a0c:	4298      	cmp	r0, r3
10004a0e:	d2fb      	bcs.n	10004a08 <tu_fifo_write+0x48>
10004a10:	6823      	ldr	r3, [r4, #0]
10004a12:	88e2      	ldrh	r2, [r4, #6]
10004a14:	469c      	mov	ip, r3
10004a16:	0452      	lsls	r2, r2, #17
10004a18:	0c52      	lsrs	r2, r2, #17
10004a1a:	4350      	muls	r0, r2
10004a1c:	0031      	movs	r1, r6
10004a1e:	4460      	add	r0, ip
10004a20:	f7fd fb1a 	bl	10002058 <__wrap___aeabi_memcpy>
10004a24:	88a2      	ldrh	r2, [r4, #4]
10004a26:	1c6b      	adds	r3, r5, #1
10004a28:	b29b      	uxth	r3, r3
10004a2a:	0052      	lsls	r2, r2, #1
10004a2c:	429d      	cmp	r5, r3
10004a2e:	d904      	bls.n	10004a3a <tu_fifo_write+0x7a>
10004a30:	1a9b      	subs	r3, r3, r2
10004a32:	b29b      	uxth	r3, r3
10004a34:	8123      	strh	r3, [r4, #8]
10004a36:	2701      	movs	r7, #1
10004a38:	e7dc      	b.n	100049f4 <tu_fifo_write+0x34>
10004a3a:	4293      	cmp	r3, r2
10004a3c:	dbfa      	blt.n	10004a34 <tu_fifo_write+0x74>
10004a3e:	e7f7      	b.n	10004a30 <tu_fifo_write+0x70>
10004a40:	0058      	lsls	r0, r3, #1
10004a42:	1a41      	subs	r1, r0, r1
10004a44:	1852      	adds	r2, r2, r1
10004a46:	b292      	uxth	r2, r2
10004a48:	e7cf      	b.n	100049ea <tu_fifo_write+0x2a>
10004a4a:	46c0      	nop			; (mov r8, r8)

10004a4c <tu_fifo_write_n>:
10004a4c:	b5f0      	push	{r4, r5, r6, r7, lr}
10004a4e:	46de      	mov	lr, fp
10004a50:	4645      	mov	r5, r8
10004a52:	4657      	mov	r7, sl
10004a54:	464e      	mov	r6, r9
10004a56:	b5e0      	push	{r5, r6, r7, lr}
10004a58:	468b      	mov	fp, r1
10004a5a:	b083      	sub	sp, #12
10004a5c:	0005      	movs	r5, r0
10004a5e:	1e14      	subs	r4, r2, #0
10004a60:	d06c      	beq.n	10004b3c <tu_fifo_write_n+0xf0>
10004a62:	68c0      	ldr	r0, [r0, #12]
10004a64:	2800      	cmp	r0, #0
10004a66:	d003      	beq.n	10004a70 <tu_fifo_write_n+0x24>
10004a68:	2101      	movs	r1, #1
10004a6a:	4249      	negs	r1, r1
10004a6c:	f000 f950 	bl	10004d10 <__mutex_enter_timeout_ms_veneer>
10004a70:	892f      	ldrh	r7, [r5, #8]
10004a72:	79ea      	ldrb	r2, [r5, #7]
10004a74:	896b      	ldrh	r3, [r5, #10]
10004a76:	b2bf      	uxth	r7, r7
10004a78:	b29b      	uxth	r3, r3
10004a7a:	88ae      	ldrh	r6, [r5, #4]
10004a7c:	09d2      	lsrs	r2, r2, #7
10004a7e:	d141      	bne.n	10004b04 <tu_fifo_write_n+0xb8>
10004a80:	429f      	cmp	r7, r3
10004a82:	d265      	bcs.n	10004b50 <tu_fifo_write_n+0x104>
10004a84:	0072      	lsls	r2, r6, #1
10004a86:	1ad3      	subs	r3, r2, r3
10004a88:	18fb      	adds	r3, r7, r3
10004a8a:	b29b      	uxth	r3, r3
10004a8c:	2200      	movs	r2, #0
10004a8e:	4690      	mov	r8, r2
10004a90:	42b3      	cmp	r3, r6
10004a92:	d231      	bcs.n	10004af8 <tu_fifo_write_n+0xac>
10004a94:	1af3      	subs	r3, r6, r3
10004a96:	1c1a      	adds	r2, r3, #0
10004a98:	b29b      	uxth	r3, r3
10004a9a:	42a3      	cmp	r3, r4
10004a9c:	d900      	bls.n	10004aa0 <tu_fifo_write_n+0x54>
10004a9e:	1c22      	adds	r2, r4, #0
10004aa0:	b293      	uxth	r3, r2
10004aa2:	4698      	mov	r8, r3
10004aa4:	88e9      	ldrh	r1, [r5, #6]
10004aa6:	4643      	mov	r3, r8
10004aa8:	18fb      	adds	r3, r7, r3
10004aaa:	b29b      	uxth	r3, r3
10004aac:	0449      	lsls	r1, r1, #17
10004aae:	4699      	mov	r9, r3
10004ab0:	0c4b      	lsrs	r3, r1, #17
10004ab2:	469a      	mov	sl, r3
10004ab4:	003c      	movs	r4, r7
10004ab6:	42be      	cmp	r6, r7
10004ab8:	d803      	bhi.n	10004ac2 <tu_fifo_write_n+0x76>
10004aba:	1ba4      	subs	r4, r4, r6
10004abc:	b2a4      	uxth	r4, r4
10004abe:	42b4      	cmp	r4, r6
10004ac0:	d2fb      	bcs.n	10004aba <tu_fifo_write_n+0x6e>
10004ac2:	4650      	mov	r0, sl
10004ac4:	682b      	ldr	r3, [r5, #0]
10004ac6:	4360      	muls	r0, r4
10004ac8:	469c      	mov	ip, r3
10004aca:	1b31      	subs	r1, r6, r4
10004acc:	b289      	uxth	r1, r1
10004ace:	4460      	add	r0, ip
10004ad0:	4541      	cmp	r1, r8
10004ad2:	d349      	bcc.n	10004b68 <tu_fifo_write_n+0x11c>
10004ad4:	4652      	mov	r2, sl
10004ad6:	4643      	mov	r3, r8
10004ad8:	4659      	mov	r1, fp
10004ada:	435a      	muls	r2, r3
10004adc:	f7fd fabc 	bl	10002058 <__wrap___aeabi_memcpy>
10004ae0:	88ab      	ldrh	r3, [r5, #4]
10004ae2:	005b      	lsls	r3, r3, #1
10004ae4:	45b9      	cmp	r9, r7
10004ae6:	d301      	bcc.n	10004aec <tu_fifo_write_n+0xa0>
10004ae8:	4599      	cmp	r9, r3
10004aea:	db03      	blt.n	10004af4 <tu_fifo_write_n+0xa8>
10004aec:	464a      	mov	r2, r9
10004aee:	1ad3      	subs	r3, r2, r3
10004af0:	b29b      	uxth	r3, r3
10004af2:	4699      	mov	r9, r3
10004af4:	464b      	mov	r3, r9
10004af6:	812b      	strh	r3, [r5, #8]
10004af8:	68e8      	ldr	r0, [r5, #12]
10004afa:	2800      	cmp	r0, #0
10004afc:	d020      	beq.n	10004b40 <tu_fifo_write_n+0xf4>
10004afe:	f000 f8df 	bl	10004cc0 <__mutex_exit_veneer>
10004b02:	e01d      	b.n	10004b40 <tu_fifo_write_n+0xf4>
10004b04:	88e9      	ldrh	r1, [r5, #6]
10004b06:	044a      	lsls	r2, r1, #17
10004b08:	0c52      	lsrs	r2, r2, #17
10004b0a:	4692      	mov	sl, r2
10004b0c:	42b4      	cmp	r4, r6
10004b0e:	d222      	bcs.n	10004b56 <tu_fifo_write_n+0x10a>
10004b10:	429f      	cmp	r7, r3
10004b12:	d33e      	bcc.n	10004b92 <tu_fifo_write_n+0x146>
10004b14:	1afa      	subs	r2, r7, r3
10004b16:	b292      	uxth	r2, r2
10004b18:	0071      	lsls	r1, r6, #1
10004b1a:	1912      	adds	r2, r2, r4
10004b1c:	428a      	cmp	r2, r1
10004b1e:	db08      	blt.n	10004b32 <tu_fifo_write_n+0xe6>
10004b20:	199a      	adds	r2, r3, r6
10004b22:	b292      	uxth	r2, r2
10004b24:	1b17      	subs	r7, r2, r4
10004b26:	b2bf      	uxth	r7, r7
10004b28:	4691      	mov	r9, r2
10004b2a:	42bb      	cmp	r3, r7
10004b2c:	d939      	bls.n	10004ba2 <tu_fifo_write_n+0x156>
10004b2e:	1a7f      	subs	r7, r7, r1
10004b30:	b2bf      	uxth	r7, r7
10004b32:	19e3      	adds	r3, r4, r7
10004b34:	b29b      	uxth	r3, r3
10004b36:	4699      	mov	r9, r3
10004b38:	46a0      	mov	r8, r4
10004b3a:	e7bb      	b.n	10004ab4 <tu_fifo_write_n+0x68>
10004b3c:	2300      	movs	r3, #0
10004b3e:	4698      	mov	r8, r3
10004b40:	4640      	mov	r0, r8
10004b42:	b003      	add	sp, #12
10004b44:	bc3c      	pop	{r2, r3, r4, r5}
10004b46:	4690      	mov	r8, r2
10004b48:	4699      	mov	r9, r3
10004b4a:	46a2      	mov	sl, r4
10004b4c:	46ab      	mov	fp, r5
10004b4e:	bdf0      	pop	{r4, r5, r6, r7, pc}
10004b50:	1afb      	subs	r3, r7, r3
10004b52:	b29b      	uxth	r3, r3
10004b54:	e79a      	b.n	10004a8c <tu_fifo_write_n+0x40>
10004b56:	4650      	mov	r0, sl
10004b58:	1ba2      	subs	r2, r4, r6
10004b5a:	4350      	muls	r0, r2
10004b5c:	4483      	add	fp, r0
10004b5e:	2e00      	cmp	r6, #0
10004b60:	d11c      	bne.n	10004b9c <tu_fifo_write_n+0x150>
10004b62:	2300      	movs	r3, #0
10004b64:	4698      	mov	r8, r3
10004b66:	e7c7      	b.n	10004af8 <tu_fifo_write_n+0xac>
10004b68:	4653      	mov	r3, sl
10004b6a:	4359      	muls	r1, r3
10004b6c:	b28b      	uxth	r3, r1
10004b6e:	001a      	movs	r2, r3
10004b70:	4659      	mov	r1, fp
10004b72:	9301      	str	r3, [sp, #4]
10004b74:	f7fd fa70 	bl	10002058 <__wrap___aeabi_memcpy>
10004b78:	4642      	mov	r2, r8
10004b7a:	4651      	mov	r1, sl
10004b7c:	1b92      	subs	r2, r2, r6
10004b7e:	18a2      	adds	r2, r4, r2
10004b80:	434a      	muls	r2, r1
10004b82:	9b01      	ldr	r3, [sp, #4]
10004b84:	b292      	uxth	r2, r2
10004b86:	445b      	add	r3, fp
10004b88:	0019      	movs	r1, r3
10004b8a:	6828      	ldr	r0, [r5, #0]
10004b8c:	f7fd fa64 	bl	10002058 <__wrap___aeabi_memcpy>
10004b90:	e7a6      	b.n	10004ae0 <tu_fifo_write_n+0x94>
10004b92:	0071      	lsls	r1, r6, #1
10004b94:	1aca      	subs	r2, r1, r3
10004b96:	18ba      	adds	r2, r7, r2
10004b98:	b292      	uxth	r2, r2
10004b9a:	e7be      	b.n	10004b1a <tu_fifo_write_n+0xce>
10004b9c:	001f      	movs	r7, r3
10004b9e:	46b0      	mov	r8, r6
10004ba0:	e781      	b.n	10004aa6 <tu_fifo_write_n+0x5a>
10004ba2:	46a0      	mov	r8, r4
10004ba4:	42b9      	cmp	r1, r7
10004ba6:	dd00      	ble.n	10004baa <tu_fifo_write_n+0x15e>
10004ba8:	e784      	b.n	10004ab4 <tu_fifo_write_n+0x68>
10004baa:	e7c0      	b.n	10004b2e <tu_fifo_write_n+0xe2>

10004bac <tu_fifo_clear>:
10004bac:	b510      	push	{r4, lr}
10004bae:	0004      	movs	r4, r0
10004bb0:	68c0      	ldr	r0, [r0, #12]
10004bb2:	2800      	cmp	r0, #0
10004bb4:	d003      	beq.n	10004bbe <tu_fifo_clear+0x12>
10004bb6:	2101      	movs	r1, #1
10004bb8:	4249      	negs	r1, r1
10004bba:	f000 f8a9 	bl	10004d10 <__mutex_enter_timeout_ms_veneer>
10004bbe:	6920      	ldr	r0, [r4, #16]
10004bc0:	2800      	cmp	r0, #0
10004bc2:	d003      	beq.n	10004bcc <tu_fifo_clear+0x20>
10004bc4:	2101      	movs	r1, #1
10004bc6:	4249      	negs	r1, r1
10004bc8:	f000 f8a2 	bl	10004d10 <__mutex_enter_timeout_ms_veneer>
10004bcc:	2300      	movs	r3, #0
10004bce:	68e0      	ldr	r0, [r4, #12]
10004bd0:	8163      	strh	r3, [r4, #10]
10004bd2:	8123      	strh	r3, [r4, #8]
10004bd4:	2800      	cmp	r0, #0
10004bd6:	d001      	beq.n	10004bdc <tu_fifo_clear+0x30>
10004bd8:	f000 f872 	bl	10004cc0 <__mutex_exit_veneer>
10004bdc:	6920      	ldr	r0, [r4, #16]
10004bde:	2800      	cmp	r0, #0
10004be0:	d001      	beq.n	10004be6 <tu_fifo_clear+0x3a>
10004be2:	f000 f86d 	bl	10004cc0 <__mutex_exit_veneer>
10004be6:	2001      	movs	r0, #1
10004be8:	bd10      	pop	{r4, pc}
10004bea:	46c0      	nop			; (mov r8, r8)

10004bec <tu_fifo_set_overwritable>:
10004bec:	b570      	push	{r4, r5, r6, lr}
10004bee:	0004      	movs	r4, r0
10004bf0:	68c0      	ldr	r0, [r0, #12]
10004bf2:	000d      	movs	r5, r1
10004bf4:	2800      	cmp	r0, #0
10004bf6:	d003      	beq.n	10004c00 <tu_fifo_set_overwritable+0x14>
10004bf8:	2101      	movs	r1, #1
10004bfa:	4249      	negs	r1, r1
10004bfc:	f000 f888 	bl	10004d10 <__mutex_enter_timeout_ms_veneer>
10004c00:	6920      	ldr	r0, [r4, #16]
10004c02:	2800      	cmp	r0, #0
10004c04:	d003      	beq.n	10004c0e <tu_fifo_set_overwritable+0x22>
10004c06:	2101      	movs	r1, #1
10004c08:	4249      	negs	r1, r1
10004c0a:	f000 f881 	bl	10004d10 <__mutex_enter_timeout_ms_veneer>
10004c0e:	217f      	movs	r1, #127	; 0x7f
10004c10:	79e3      	ldrb	r3, [r4, #7]
10004c12:	01ed      	lsls	r5, r5, #7
10004c14:	4019      	ands	r1, r3
10004c16:	68e0      	ldr	r0, [r4, #12]
10004c18:	4329      	orrs	r1, r5
10004c1a:	71e1      	strb	r1, [r4, #7]
10004c1c:	2800      	cmp	r0, #0
10004c1e:	d001      	beq.n	10004c24 <tu_fifo_set_overwritable+0x38>
10004c20:	f000 f84e 	bl	10004cc0 <__mutex_exit_veneer>
10004c24:	6920      	ldr	r0, [r4, #16]
10004c26:	2800      	cmp	r0, #0
10004c28:	d001      	beq.n	10004c2e <tu_fifo_set_overwritable+0x42>
10004c2a:	f000 f849 	bl	10004cc0 <__mutex_exit_veneer>
10004c2e:	2001      	movs	r0, #1
10004c30:	bd70      	pop	{r4, r5, r6, pc}
10004c32:	46c0      	nop			; (mov r8, r8)

10004c34 <strlen>:
10004c34:	b510      	push	{r4, lr}
10004c36:	0783      	lsls	r3, r0, #30
10004c38:	d027      	beq.n	10004c8a <strlen+0x56>
10004c3a:	7803      	ldrb	r3, [r0, #0]
10004c3c:	2b00      	cmp	r3, #0
10004c3e:	d026      	beq.n	10004c8e <strlen+0x5a>
10004c40:	0003      	movs	r3, r0
10004c42:	2103      	movs	r1, #3
10004c44:	e002      	b.n	10004c4c <strlen+0x18>
10004c46:	781a      	ldrb	r2, [r3, #0]
10004c48:	2a00      	cmp	r2, #0
10004c4a:	d01c      	beq.n	10004c86 <strlen+0x52>
10004c4c:	3301      	adds	r3, #1
10004c4e:	420b      	tst	r3, r1
10004c50:	d1f9      	bne.n	10004c46 <strlen+0x12>
10004c52:	6819      	ldr	r1, [r3, #0]
10004c54:	4a0f      	ldr	r2, [pc, #60]	; (10004c94 <strlen+0x60>)
10004c56:	4c10      	ldr	r4, [pc, #64]	; (10004c98 <strlen+0x64>)
10004c58:	188a      	adds	r2, r1, r2
10004c5a:	438a      	bics	r2, r1
10004c5c:	4222      	tst	r2, r4
10004c5e:	d10f      	bne.n	10004c80 <strlen+0x4c>
10004c60:	3304      	adds	r3, #4
10004c62:	6819      	ldr	r1, [r3, #0]
10004c64:	4a0b      	ldr	r2, [pc, #44]	; (10004c94 <strlen+0x60>)
10004c66:	188a      	adds	r2, r1, r2
10004c68:	438a      	bics	r2, r1
10004c6a:	4222      	tst	r2, r4
10004c6c:	d108      	bne.n	10004c80 <strlen+0x4c>
10004c6e:	3304      	adds	r3, #4
10004c70:	6819      	ldr	r1, [r3, #0]
10004c72:	4a08      	ldr	r2, [pc, #32]	; (10004c94 <strlen+0x60>)
10004c74:	188a      	adds	r2, r1, r2
10004c76:	438a      	bics	r2, r1
10004c78:	4222      	tst	r2, r4
10004c7a:	d0f1      	beq.n	10004c60 <strlen+0x2c>
10004c7c:	e000      	b.n	10004c80 <strlen+0x4c>
10004c7e:	3301      	adds	r3, #1
10004c80:	781a      	ldrb	r2, [r3, #0]
10004c82:	2a00      	cmp	r2, #0
10004c84:	d1fb      	bne.n	10004c7e <strlen+0x4a>
10004c86:	1a18      	subs	r0, r3, r0
10004c88:	bd10      	pop	{r4, pc}
10004c8a:	0003      	movs	r3, r0
10004c8c:	e7e1      	b.n	10004c52 <strlen+0x1e>
10004c8e:	2000      	movs	r0, #0
10004c90:	e7fa      	b.n	10004c88 <strlen+0x54>
10004c92:	46c0      	nop			; (mov r8, r8)
10004c94:	fefefeff 	.word	0xfefefeff
10004c98:	80808080 	.word	0x80808080

10004c9c <_fini>:
10004c9c:	b5f8      	push	{r3, r4, r5, r6, r7, lr}
10004c9e:	46c0      	nop			; (mov r8, r8)

10004ca0 <__e15_is_critical_frame_period_veneer>:
10004ca0:	b401      	push	{r0}
10004ca2:	4802      	ldr	r0, [pc, #8]	; (10004cac <__e15_is_critical_frame_period_veneer+0xc>)
10004ca4:	4684      	mov	ip, r0
10004ca6:	bc01      	pop	{r0}
10004ca8:	4760      	bx	ip
10004caa:	bf00      	nop
10004cac:	20000cc5 	.word	0x20000cc5

10004cb0 <__flash_do_cmd_veneer>:
10004cb0:	b401      	push	{r0}
10004cb2:	4802      	ldr	r0, [pc, #8]	; (10004cbc <__flash_do_cmd_veneer+0xc>)
10004cb4:	4684      	mov	ip, r0
10004cb6:	bc01      	pop	{r0}
10004cb8:	4760      	bx	ip
10004cba:	bf00      	nop
10004cbc:	20000339 	.word	0x20000339

10004cc0 <__mutex_exit_veneer>:
10004cc0:	b401      	push	{r0}
10004cc2:	4802      	ldr	r0, [pc, #8]	; (10004ccc <__mutex_exit_veneer+0xc>)
10004cc4:	4684      	mov	ip, r0
10004cc6:	bc01      	pop	{r0}
10004cc8:	4760      	bx	ip
10004cca:	bf00      	nop
10004ccc:	20000249 	.word	0x20000249

10004cd0 <__reset_non_control_endpoints_veneer>:
10004cd0:	b401      	push	{r0}
10004cd2:	4802      	ldr	r0, [pc, #8]	; (10004cdc <__reset_non_control_endpoints_veneer+0xc>)
10004cd4:	4684      	mov	ip, r0
10004cd6:	bc01      	pop	{r0}
10004cd8:	4760      	bx	ip
10004cda:	bf00      	nop
10004cdc:	200003fd 	.word	0x200003fd

10004ce0 <____aeabi_idiv0_veneer>:
10004ce0:	b401      	push	{r0}
10004ce2:	4802      	ldr	r0, [pc, #8]	; (10004cec <____aeabi_idiv0_veneer+0xc>)
10004ce4:	4684      	mov	ip, r0
10004ce6:	bc01      	pop	{r0}
10004ce8:	4760      	bx	ip
10004cea:	bf00      	nop
10004cec:	20000ff9 	.word	0x20000ff9

10004cf0 <__e15_is_bulkin_ep.isra.0_veneer>:
10004cf0:	b401      	push	{r0}
10004cf2:	4802      	ldr	r0, [pc, #8]	; (10004cfc <__e15_is_bulkin_ep.isra.0_veneer+0xc>)
10004cf4:	4684      	mov	ip, r0
10004cf6:	bc01      	pop	{r0}
10004cf8:	4760      	bx	ip
10004cfa:	bf00      	nop
10004cfc:	20000c9d 	.word	0x20000c9d

10004d00 <__mutex_try_enter_veneer>:
10004d00:	b401      	push	{r0}
10004d02:	4802      	ldr	r0, [pc, #8]	; (10004d0c <__mutex_try_enter_veneer+0xc>)
10004d04:	4684      	mov	ip, r0
10004d06:	bc01      	pop	{r0}
10004d08:	4760      	bx	ip
10004d0a:	bf00      	nop
10004d0c:	200000c1 	.word	0x200000c1

10004d10 <__mutex_enter_timeout_ms_veneer>:
10004d10:	b401      	push	{r0}
10004d12:	4802      	ldr	r0, [pc, #8]	; (10004d1c <__mutex_enter_timeout_ms_veneer+0xc>)
10004d14:	4684      	mov	ip, r0
10004d16:	bc01      	pop	{r0}
10004d18:	4760      	bx	ip
10004d1a:	bf00      	nop
10004d1c:	200001b9 	.word	0x200001b9

10004d20 <__mutex_try_enter_block_until_veneer>:
10004d20:	b401      	push	{r0}
10004d22:	4802      	ldr	r0, [pc, #8]	; (10004d2c <__mutex_try_enter_block_until_veneer+0xc>)
10004d24:	4684      	mov	ip, r0
10004d26:	bc01      	pop	{r0}
10004d28:	4760      	bx	ip
10004d2a:	bf00      	nop
10004d2c:	20000109 	.word	0x20000109

10004d30 <__hw_endpoint_start_next_buffer_veneer>:
10004d30:	b401      	push	{r0}
10004d32:	4802      	ldr	r0, [pc, #8]	; (10004d3c <__hw_endpoint_start_next_buffer_veneer+0xc>)
10004d34:	4684      	mov	ip, r0
10004d36:	bc01      	pop	{r0}
10004d38:	4760      	bx	ip
10004d3a:	bf00      	nop
10004d3c:	20000d59 	.word	0x20000d59

10004d40 <__hw_endpoint_reset_transfer_veneer>:
10004d40:	b401      	push	{r0}
10004d42:	4802      	ldr	r0, [pc, #8]	; (10004d4c <__hw_endpoint_reset_transfer_veneer+0xc>)
10004d44:	4684      	mov	ip, r0
10004d46:	bc01      	pop	{r0}
10004d48:	4760      	bx	ip
10004d4a:	bf00      	nop
10004d4c:	20000cfd 	.word	0x20000cfd

10004d50 <___hw_endpoint_buffer_control_update32_veneer>:
10004d50:	b401      	push	{r0}
10004d52:	4802      	ldr	r0, [pc, #8]	; (10004d5c <___hw_endpoint_buffer_control_update32_veneer+0xc>)
10004d54:	4684      	mov	ip, r0
10004d56:	bc01      	pop	{r0}
10004d58:	4760      	bx	ip
10004d5a:	bf00      	nop
10004d5c:	20000d09 	.word	0x20000d09

10004d60 <__pre_init_runtime_init_early_resets>:
10004d60:	10001c11                                ....

10004d64 <__pre_init_runtime_init_usb_power_down>:
10004d64:	10001c3d 10001e25 1000203d 10001e81     =...%...= ......
10004d74:	10001fa9                                ....

10004d78 <__pre_init_runtime_init_clocks>:
10004d78:	10001d4d                                M...

10004d7c <__pre_init_runtime_init_post_clock_resets>:
10004d7c:	10001c59                                Y...

10004d80 <__pre_init_runtime_init_rp2040_gpio_ie_disable>:
10004d80:	10001c79                                y...

10004d84 <__pre_init_runtime_init_spin_locks_reset>:
10004d84:	10001c8d                                ....

10004d88 <__pre_init_runtime_init_mutex>:
10004d88:	10000e69                                i...

10004d8c <__pre_init_runtime_init_install_ram_vector_table>:
10004d8c:	10001c95                                ....

10004d90 <__pre_init_runtime_init_default_alarm_pool>:
10004d90:	10001269                                i...

10004d94 <__pre_init_first_per_core_initializer>:
10004d94:	10001bd9                                ....

10004d98 <__pre_init_runtime_init_per_core_irq_priorities>:
10004d98:	10000915                                ....

10004d9c <__init_array_start>:
10004d9c:	1000295d 	.word	0x1000295d

10004da0 <__frame_dummy_init_array_entry>:
10004da0:	100002fd                                ....

Disassembly of section .data:

200000c0 <mutex_try_enter>:
200000c0:	0003      	movs	r3, r0
200000c2:	b510      	push	{r4, lr}
200000c4:	6800      	ldr	r0, [r0, #0]
200000c6:	f3ef 8410 	mrs	r4, PRIMASK
200000ca:	b672      	cpsid	i
200000cc:	6802      	ldr	r2, [r0, #0]
200000ce:	2a00      	cmp	r2, #0
200000d0:	d0fc      	beq.n	200000cc <mutex_try_enter+0xc>
200000d2:	f3bf 8f5f 	dmb	sy
200000d6:	2204      	movs	r2, #4
200000d8:	569a      	ldrsb	r2, [r3, r2]
200000da:	2a00      	cmp	r2, #0
200000dc:	db0b      	blt.n	200000f6 <mutex_try_enter+0x36>
200000de:	2900      	cmp	r1, #0
200000e0:	d00f      	beq.n	20000102 <mutex_try_enter+0x42>
200000e2:	2000      	movs	r0, #0
200000e4:	600a      	str	r2, [r1, #0]
200000e6:	681b      	ldr	r3, [r3, #0]
200000e8:	f3bf 8f5f 	dmb	sy
200000ec:	2200      	movs	r2, #0
200000ee:	601a      	str	r2, [r3, #0]
200000f0:	f384 8810 	msr	PRIMASK, r4
200000f4:	bd10      	pop	{r4, pc}
200000f6:	22d0      	movs	r2, #208	; 0xd0
200000f8:	0612      	lsls	r2, r2, #24
200000fa:	6812      	ldr	r2, [r2, #0]
200000fc:	2001      	movs	r0, #1
200000fe:	711a      	strb	r2, [r3, #4]
20000100:	e7f1      	b.n	200000e6 <mutex_try_enter+0x26>
20000102:	2000      	movs	r0, #0
20000104:	e7ef      	b.n	200000e6 <mutex_try_enter+0x26>
20000106:	46c0      	nop			; (mov r8, r8)

20000108 <mutex_try_enter_block_until>:
20000108:	b5f0      	push	{r4, r5, r6, r7, lr}
2000010a:	46c6      	mov	lr, r8
2000010c:	001f      	movs	r7, r3
2000010e:	b500      	push	{lr}
20000110:	0004      	movs	r4, r0
20000112:	0016      	movs	r6, r2
20000114:	6803      	ldr	r3, [r0, #0]
20000116:	f3ef 8210 	mrs	r2, PRIMASK
2000011a:	b672      	cpsid	i
2000011c:	6819      	ldr	r1, [r3, #0]
2000011e:	2900      	cmp	r1, #0
20000120:	d0fc      	beq.n	2000011c <mutex_try_enter_block_until+0x14>
20000122:	f3bf 8f5f 	dmb	sy
20000126:	2304      	movs	r3, #4
20000128:	56e3      	ldrsb	r3, [r4, r3]
2000012a:	2b00      	cmp	r3, #0
2000012c:	db36      	blt.n	2000019c <mutex_try_enter_block_until+0x94>
2000012e:	6821      	ldr	r1, [r4, #0]
20000130:	f3bf 8f5f 	dmb	sy
20000134:	2000      	movs	r0, #0
20000136:	6008      	str	r0, [r1, #0]
20000138:	f382 8810 	msr	PRIMASK, r2
2000013c:	22d0      	movs	r2, #208	; 0xd0
2000013e:	2500      	movs	r5, #0
20000140:	0612      	lsls	r2, r2, #24
20000142:	5755      	ldrsb	r5, [r2, r5]
20000144:	429d      	cmp	r5, r3
20000146:	d103      	bne.n	20000150 <mutex_try_enter_block_until+0x48>
20000148:	2000      	movs	r0, #0
2000014a:	bc04      	pop	{r2}
2000014c:	4690      	mov	r8, r2
2000014e:	bdf0      	pop	{r4, r5, r6, r7, pc}
20000150:	2300      	movs	r3, #0
20000152:	4698      	mov	r8, r3
20000154:	e00c      	b.n	20000170 <mutex_try_enter_block_until+0x68>
20000156:	6822      	ldr	r2, [r4, #0]
20000158:	f3bf 8f5f 	dmb	sy
2000015c:	4641      	mov	r1, r8
2000015e:	6011      	str	r1, [r2, #0]
20000160:	f383 8810 	msr	PRIMASK, r3
20000164:	0030      	movs	r0, r6
20000166:	0039      	movs	r1, r7
20000168:	f000 ff6a 	bl	20001040 <__best_effort_wfe_or_timeout_veneer>
2000016c:	2800      	cmp	r0, #0
2000016e:	d1eb      	bne.n	20000148 <mutex_try_enter_block_until+0x40>
20000170:	6822      	ldr	r2, [r4, #0]
20000172:	f3ef 8310 	mrs	r3, PRIMASK
20000176:	b672      	cpsid	i
20000178:	6811      	ldr	r1, [r2, #0]
2000017a:	2900      	cmp	r1, #0
2000017c:	d0fc      	beq.n	20000178 <mutex_try_enter_block_until+0x70>
2000017e:	f3bf 8f5f 	dmb	sy
20000182:	7922      	ldrb	r2, [r4, #4]
20000184:	2a7f      	cmp	r2, #127	; 0x7f
20000186:	d9e6      	bls.n	20000156 <mutex_try_enter_block_until+0x4e>
20000188:	7125      	strb	r5, [r4, #4]
2000018a:	6822      	ldr	r2, [r4, #0]
2000018c:	f3bf 8f5f 	dmb	sy
20000190:	2100      	movs	r1, #0
20000192:	6011      	str	r1, [r2, #0]
20000194:	f383 8810 	msr	PRIMASK, r3
20000198:	2001      	movs	r0, #1
2000019a:	e7d6      	b.n	2000014a <mutex_try_enter_block_until+0x42>
2000019c:	23d0      	movs	r3, #208	; 0xd0
2000019e:	061b      	lsls	r3, r3, #24
200001a0:	681b      	ldr	r3, [r3, #0]
200001a2:	7123      	strb	r3, [r4, #4]
200001a4:	6823      	ldr	r3, [r4, #0]
200001a6:	f3bf 8f5f 	dmb	sy
200001aa:	2100      	movs	r1, #0
200001ac:	6019      	str	r1, [r3, #0]
200001ae:	f382 8810 	msr	PRIMASK, r2
200001b2:	2001      	movs	r0, #1
200001b4:	e7c9      	b.n	2000014a <mutex_try_enter_block_until+0x42>
200001b6:	46c0      	nop			; (mov r8, r8)

200001b8 <mutex_enter_timeout_ms>:
200001b8:	b5f0      	push	{r4, r5, r6, r7, lr}
200001ba:	46c6      	mov	lr, r8
200001bc:	b500      	push	{lr}
200001be:	000f      	movs	r7, r1
200001c0:	0006      	movs	r6, r0
200001c2:	f000 ff1d 	bl	20001000 <__time_us_64_veneer>
200001c6:	22fa      	movs	r2, #250	; 0xfa
200001c8:	0004      	movs	r4, r0
200001ca:	000d      	movs	r5, r1
200001cc:	0092      	lsls	r2, r2, #2
200001ce:	2300      	movs	r3, #0
200001d0:	0038      	movs	r0, r7
200001d2:	2100      	movs	r1, #0
200001d4:	f000 ff44 	bl	20001060 <____wrap___aeabi_lmul_veneer>
200001d8:	1824      	adds	r4, r4, r0
200001da:	414d      	adcs	r5, r1
200001dc:	2d00      	cmp	r5, #0
200001de:	db2c      	blt.n	2000023a <mutex_enter_timeout_ms+0x82>
200001e0:	23d0      	movs	r3, #208	; 0xd0
200001e2:	061b      	lsls	r3, r3, #24
200001e4:	681b      	ldr	r3, [r3, #0]
200001e6:	2700      	movs	r7, #0
200001e8:	4698      	mov	r8, r3
200001ea:	e00b      	b.n	20000204 <mutex_enter_timeout_ms+0x4c>
200001ec:	6832      	ldr	r2, [r6, #0]
200001ee:	f3bf 8f5f 	dmb	sy
200001f2:	6017      	str	r7, [r2, #0]
200001f4:	f383 8810 	msr	PRIMASK, r3
200001f8:	0020      	movs	r0, r4
200001fa:	0029      	movs	r1, r5
200001fc:	f000 ff20 	bl	20001040 <__best_effort_wfe_or_timeout_veneer>
20000200:	2800      	cmp	r0, #0
20000202:	d118      	bne.n	20000236 <mutex_enter_timeout_ms+0x7e>
20000204:	6832      	ldr	r2, [r6, #0]
20000206:	f3ef 8310 	mrs	r3, PRIMASK
2000020a:	b672      	cpsid	i
2000020c:	6811      	ldr	r1, [r2, #0]
2000020e:	2900      	cmp	r1, #0
20000210:	d0fc      	beq.n	2000020c <mutex_enter_timeout_ms+0x54>
20000212:	f3bf 8f5f 	dmb	sy
20000216:	7932      	ldrb	r2, [r6, #4]
20000218:	2a7f      	cmp	r2, #127	; 0x7f
2000021a:	d9e7      	bls.n	200001ec <mutex_enter_timeout_ms+0x34>
2000021c:	4642      	mov	r2, r8
2000021e:	7132      	strb	r2, [r6, #4]
20000220:	6832      	ldr	r2, [r6, #0]
20000222:	f3bf 8f5f 	dmb	sy
20000226:	2100      	movs	r1, #0
20000228:	6011      	str	r1, [r2, #0]
2000022a:	f383 8810 	msr	PRIMASK, r3
2000022e:	2001      	movs	r0, #1
20000230:	bc04      	pop	{r2}
20000232:	4690      	mov	r8, r2
20000234:	bdf0      	pop	{r4, r5, r6, r7, pc}
20000236:	2000      	movs	r0, #0
20000238:	e7fa      	b.n	20000230 <mutex_enter_timeout_ms+0x78>
2000023a:	2401      	movs	r4, #1
2000023c:	4d01      	ldr	r5, [pc, #4]	; (20000244 <mutex_enter_timeout_ms+0x8c>)
2000023e:	4264      	negs	r4, r4
20000240:	e7ce      	b.n	200001e0 <mutex_enter_timeout_ms+0x28>
20000242:	46c0      	nop			; (mov r8, r8)
20000244:	7fffffff 	.word	0x7fffffff

20000248 <mutex_exit>:
20000248:	6802      	ldr	r2, [r0, #0]
2000024a:	f3ef 8110 	mrs	r1, PRIMASK
2000024e:	b672      	cpsid	i
20000250:	6813      	ldr	r3, [r2, #0]
20000252:	2b00      	cmp	r3, #0
20000254:	d0fc      	beq.n	20000250 <mutex_exit+0x8>
20000256:	f3bf 8f5f 	dmb	sy
2000025a:	23ff      	movs	r3, #255	; 0xff
2000025c:	7103      	strb	r3, [r0, #4]
2000025e:	6803      	ldr	r3, [r0, #0]
20000260:	f3bf 8f5f 	dmb	sy
20000264:	2200      	movs	r2, #0
20000266:	601a      	str	r2, [r3, #0]
20000268:	f381 8810 	msr	PRIMASK, r1
2000026c:	bf40      	sev
2000026e:	4770      	bx	lr

20000270 <flash_init_boot2_copyout>:
20000270:	b510      	push	{r4, lr}
20000272:	4c08      	ldr	r4, [pc, #32]	; (20000294 <flash_init_boot2_copyout+0x24>)
20000274:	7823      	ldrb	r3, [r4, #0]
20000276:	2b00      	cmp	r3, #0
20000278:	d10a      	bne.n	20000290 <flash_init_boot2_copyout+0x20>
2000027a:	2380      	movs	r3, #128	; 0x80
2000027c:	4806      	ldr	r0, [pc, #24]	; (20000298 <flash_init_boot2_copyout+0x28>)
2000027e:	4907      	ldr	r1, [pc, #28]	; (2000029c <flash_init_boot2_copyout+0x2c>)
20000280:	055b      	lsls	r3, r3, #21
20000282:	681a      	ldr	r2, [r3, #0]
20000284:	50c2      	str	r2, [r0, r3]
20000286:	3304      	adds	r3, #4
20000288:	428b      	cmp	r3, r1
2000028a:	d1fa      	bne.n	20000282 <flash_init_boot2_copyout+0x12>
2000028c:	2301      	movs	r3, #1
2000028e:	7023      	strb	r3, [r4, #0]
20000290:	bd10      	pop	{r4, pc}
20000292:	46c0      	nop			; (mov r8, r8)
20000294:	20001d9c 	.word	0x20001d9c
20000298:	100017cc 	.word	0x100017cc
2000029c:	10000100 	.word	0x10000100

200002a0 <flash_enable_xip_via_boot2>:
200002a0:	b510      	push	{r4, lr}
200002a2:	4b02      	ldr	r3, [pc, #8]	; (200002ac <flash_enable_xip_via_boot2+0xc>)
200002a4:	3301      	adds	r3, #1
200002a6:	4798      	blx	r3
200002a8:	bd10      	pop	{r4, pc}
200002aa:	46c0      	nop			; (mov r8, r8)
200002ac:	200017cc 	.word	0x200017cc

200002b0 <flash_save_hardware_state>:
200002b0:	4b07      	ldr	r3, [pc, #28]	; (200002d0 <flash_save_hardware_state+0x20>)
200002b2:	685b      	ldr	r3, [r3, #4]
200002b4:	6003      	str	r3, [r0, #0]
200002b6:	4b07      	ldr	r3, [pc, #28]	; (200002d4 <flash_save_hardware_state+0x24>)
200002b8:	685a      	ldr	r2, [r3, #4]
200002ba:	6042      	str	r2, [r0, #4]
200002bc:	689a      	ldr	r2, [r3, #8]
200002be:	6082      	str	r2, [r0, #8]
200002c0:	68da      	ldr	r2, [r3, #12]
200002c2:	60c2      	str	r2, [r0, #12]
200002c4:	691a      	ldr	r2, [r3, #16]
200002c6:	695b      	ldr	r3, [r3, #20]
200002c8:	6102      	str	r2, [r0, #16]
200002ca:	6143      	str	r3, [r0, #20]
200002cc:	4770      	bx	lr
200002ce:	46c0      	nop			; (mov r8, r8)
200002d0:	40020000 	.word	0x40020000
200002d4:	40020004 	.word	0x40020004

200002d8 <flash_restore_hardware_state>:
200002d8:	6802      	ldr	r2, [r0, #0]
200002da:	4b07      	ldr	r3, [pc, #28]	; (200002f8 <flash_restore_hardware_state+0x20>)
200002dc:	605a      	str	r2, [r3, #4]
200002de:	6842      	ldr	r2, [r0, #4]
200002e0:	4b06      	ldr	r3, [pc, #24]	; (200002fc <flash_restore_hardware_state+0x24>)
200002e2:	605a      	str	r2, [r3, #4]
200002e4:	6882      	ldr	r2, [r0, #8]
200002e6:	609a      	str	r2, [r3, #8]
200002e8:	68c2      	ldr	r2, [r0, #12]
200002ea:	60da      	str	r2, [r3, #12]
200002ec:	6902      	ldr	r2, [r0, #16]
200002ee:	611a      	str	r2, [r3, #16]
200002f0:	6942      	ldr	r2, [r0, #20]
200002f2:	615a      	str	r2, [r3, #20]
200002f4:	4770      	bx	lr
200002f6:	46c0      	nop			; (mov r8, r8)
200002f8:	40020000 	.word	0x40020000
200002fc:	40020004 	.word	0x40020004

20000300 <flash_cs_force.constprop.0>:
20000300:	4b05      	ldr	r3, [pc, #20]	; (20000318 <flash_cs_force.constprop.0+0x18>)
20000302:	681a      	ldr	r2, [r3, #0]
20000304:	2380      	movs	r3, #128	; 0x80
20000306:	009b      	lsls	r3, r3, #2
20000308:	4053      	eors	r3, r2
2000030a:	22c0      	movs	r2, #192	; 0xc0
2000030c:	0092      	lsls	r2, r2, #2
2000030e:	4013      	ands	r3, r2
20000310:	4a02      	ldr	r2, [pc, #8]	; (2000031c <flash_cs_force.constprop.0+0x1c>)
20000312:	6013      	str	r3, [r2, #0]
20000314:	4770      	bx	lr
20000316:	46c0      	nop			; (mov r8, r8)
20000318:	4001800c 	.word	0x4001800c
2000031c:	4001900c 	.word	0x4001900c

20000320 <flash_cs_force.constprop.1>:
20000320:	4b03      	ldr	r3, [pc, #12]	; (20000330 <flash_cs_force.constprop.1+0x10>)
20000322:	681a      	ldr	r2, [r3, #0]
20000324:	23c0      	movs	r3, #192	; 0xc0
20000326:	009b      	lsls	r3, r3, #2
20000328:	4393      	bics	r3, r2
2000032a:	4a02      	ldr	r2, [pc, #8]	; (20000334 <flash_cs_force.constprop.1+0x14>)
2000032c:	6013      	str	r3, [r2, #0]
2000032e:	4770      	bx	lr
20000330:	4001800c 	.word	0x4001800c
20000334:	4001900c 	.word	0x4001900c

20000338 <flash_do_cmd>:
20000338:	b5f0      	push	{r4, r5, r6, r7, lr}
2000033a:	46d6      	mov	lr, sl
2000033c:	464f      	mov	r7, r9
2000033e:	4646      	mov	r6, r8
20000340:	2314      	movs	r3, #20
20000342:	b5c0      	push	{r6, r7, lr}
20000344:	2718      	movs	r7, #24
20000346:	4698      	mov	r8, r3
20000348:	b086      	sub	sp, #24
2000034a:	4681      	mov	r9, r0
2000034c:	000d      	movs	r5, r1
2000034e:	8818      	ldrh	r0, [r3, #0]
20000350:	4927      	ldr	r1, [pc, #156]	; (200003f0 <flash_do_cmd+0xb8>)
20000352:	883b      	ldrh	r3, [r7, #0]
20000354:	0014      	movs	r4, r2
20000356:	4798      	blx	r3
20000358:	4643      	mov	r3, r8
2000035a:	4682      	mov	sl, r0
2000035c:	4925      	ldr	r1, [pc, #148]	; (200003f4 <flash_do_cmd+0xbc>)
2000035e:	8818      	ldrh	r0, [r3, #0]
20000360:	883b      	ldrh	r3, [r7, #0]
20000362:	4798      	blx	r3
20000364:	4643      	mov	r3, r8
20000366:	4924      	ldr	r1, [pc, #144]	; (200003f8 <flash_do_cmd+0xc0>)
20000368:	0006      	movs	r6, r0
2000036a:	8818      	ldrh	r0, [r3, #0]
2000036c:	883b      	ldrh	r3, [r7, #0]
2000036e:	4798      	blx	r3
20000370:	4680      	mov	r8, r0
20000372:	f7ff ff7d 	bl	20000270 <flash_init_boot2_copyout>
20000376:	4668      	mov	r0, sp
20000378:	f7ff ff9a 	bl	200002b0 <flash_save_hardware_state>
2000037c:	47d0      	blx	sl
2000037e:	47b0      	blx	r6
20000380:	f7ff ffbe 	bl	20000300 <flash_cs_force.constprop.0>
20000384:	2c00      	cmp	r4, #0
20000386:	d024      	beq.n	200003d2 <flash_do_cmd+0x9a>
20000388:	20c0      	movs	r0, #192	; 0xc0
2000038a:	0022      	movs	r2, r4
2000038c:	0540      	lsls	r0, r0, #21
2000038e:	2608      	movs	r6, #8
20000390:	3f16      	subs	r7, #22
20000392:	e011      	b.n	200003b8 <flash_do_cmd+0x80>
20000394:	464b      	mov	r3, r9
20000396:	781b      	ldrb	r3, [r3, #0]
20000398:	3c01      	subs	r4, #1
2000039a:	6603      	str	r3, [r0, #96]	; 0x60
2000039c:	2301      	movs	r3, #1
2000039e:	469c      	mov	ip, r3
200003a0:	44e1      	add	r9, ip
200003a2:	2900      	cmp	r1, #0
200003a4:	d005      	beq.n	200003b2 <flash_do_cmd+0x7a>
200003a6:	2a00      	cmp	r2, #0
200003a8:	d003      	beq.n	200003b2 <flash_do_cmd+0x7a>
200003aa:	6e03      	ldr	r3, [r0, #96]	; 0x60
200003ac:	3a01      	subs	r2, #1
200003ae:	702b      	strb	r3, [r5, #0]
200003b0:	3501      	adds	r5, #1
200003b2:	0013      	movs	r3, r2
200003b4:	4323      	orrs	r3, r4
200003b6:	d00c      	beq.n	200003d2 <flash_do_cmd+0x9a>
200003b8:	0031      	movs	r1, r6
200003ba:	6a83      	ldr	r3, [r0, #40]	; 0x28
200003bc:	4019      	ands	r1, r3
200003be:	421f      	tst	r7, r3
200003c0:	d0ef      	beq.n	200003a2 <flash_do_cmd+0x6a>
200003c2:	2c00      	cmp	r4, #0
200003c4:	d0ed      	beq.n	200003a2 <flash_do_cmd+0x6a>
200003c6:	1b13      	subs	r3, r2, r4
200003c8:	2b0d      	cmp	r3, #13
200003ca:	d9e3      	bls.n	20000394 <flash_do_cmd+0x5c>
200003cc:	2900      	cmp	r1, #0
200003ce:	d1ea      	bne.n	200003a6 <flash_do_cmd+0x6e>
200003d0:	e7f2      	b.n	200003b8 <flash_do_cmd+0x80>
200003d2:	f7ff ffa5 	bl	20000320 <flash_cs_force.constprop.1>
200003d6:	47c0      	blx	r8
200003d8:	f7ff ff62 	bl	200002a0 <flash_enable_xip_via_boot2>
200003dc:	4668      	mov	r0, sp
200003de:	f7ff ff7b 	bl	200002d8 <flash_restore_hardware_state>
200003e2:	b006      	add	sp, #24
200003e4:	bc1c      	pop	{r2, r3, r4}
200003e6:	4690      	mov	r8, r2
200003e8:	4699      	mov	r9, r3
200003ea:	46a2      	mov	sl, r4
200003ec:	bdf0      	pop	{r4, r5, r6, r7, pc}
200003ee:	46c0      	nop			; (mov r8, r8)
200003f0:	00004649 	.word	0x00004649
200003f4:	00005845 	.word	0x00005845
200003f8:	00004346 	.word	0x00004346

200003fc <reset_non_control_endpoints>:
200003fc:	2300      	movs	r3, #0
200003fe:	4a1c      	ldr	r2, [pc, #112]	; (20000470 <reset_non_control_endpoints+0x74>)
20000400:	b510      	push	{r4, lr}
20000402:	6093      	str	r3, [r2, #8]
20000404:	60d3      	str	r3, [r2, #12]
20000406:	4a1b      	ldr	r2, [pc, #108]	; (20000474 <reset_non_control_endpoints+0x78>)
20000408:	2100      	movs	r1, #0
2000040a:	6093      	str	r3, [r2, #8]
2000040c:	60d3      	str	r3, [r2, #12]
2000040e:	4a1a      	ldr	r2, [pc, #104]	; (20000478 <reset_non_control_endpoints+0x7c>)
20000410:	481a      	ldr	r0, [pc, #104]	; (2000047c <reset_non_control_endpoints+0x80>)
20000412:	6093      	str	r3, [r2, #8]
20000414:	60d3      	str	r3, [r2, #12]
20000416:	4a1a      	ldr	r2, [pc, #104]	; (20000480 <reset_non_control_endpoints+0x84>)
20000418:	6093      	str	r3, [r2, #8]
2000041a:	60d3      	str	r3, [r2, #12]
2000041c:	4a19      	ldr	r2, [pc, #100]	; (20000484 <reset_non_control_endpoints+0x88>)
2000041e:	6093      	str	r3, [r2, #8]
20000420:	60d3      	str	r3, [r2, #12]
20000422:	4a19      	ldr	r2, [pc, #100]	; (20000488 <reset_non_control_endpoints+0x8c>)
20000424:	6093      	str	r3, [r2, #8]
20000426:	60d3      	str	r3, [r2, #12]
20000428:	4a18      	ldr	r2, [pc, #96]	; (2000048c <reset_non_control_endpoints+0x90>)
2000042a:	6093      	str	r3, [r2, #8]
2000042c:	60d3      	str	r3, [r2, #12]
2000042e:	4a18      	ldr	r2, [pc, #96]	; (20000490 <reset_non_control_endpoints+0x94>)
20000430:	6093      	str	r3, [r2, #8]
20000432:	60d3      	str	r3, [r2, #12]
20000434:	4a17      	ldr	r2, [pc, #92]	; (20000494 <reset_non_control_endpoints+0x98>)
20000436:	6093      	str	r3, [r2, #8]
20000438:	60d3      	str	r3, [r2, #12]
2000043a:	4a17      	ldr	r2, [pc, #92]	; (20000498 <reset_non_control_endpoints+0x9c>)
2000043c:	6093      	str	r3, [r2, #8]
2000043e:	60d3      	str	r3, [r2, #12]
20000440:	4a16      	ldr	r2, [pc, #88]	; (2000049c <reset_non_control_endpoints+0xa0>)
20000442:	6093      	str	r3, [r2, #8]
20000444:	60d3      	str	r3, [r2, #12]
20000446:	4a16      	ldr	r2, [pc, #88]	; (200004a0 <reset_non_control_endpoints+0xa4>)
20000448:	6093      	str	r3, [r2, #8]
2000044a:	60d3      	str	r3, [r2, #12]
2000044c:	4a15      	ldr	r2, [pc, #84]	; (200004a4 <reset_non_control_endpoints+0xa8>)
2000044e:	6093      	str	r3, [r2, #8]
20000450:	60d3      	str	r3, [r2, #12]
20000452:	4a15      	ldr	r2, [pc, #84]	; (200004a8 <reset_non_control_endpoints+0xac>)
20000454:	6093      	str	r3, [r2, #8]
20000456:	60d3      	str	r3, [r2, #12]
20000458:	4a14      	ldr	r2, [pc, #80]	; (200004ac <reset_non_control_endpoints+0xb0>)
2000045a:	6093      	str	r3, [r2, #8]
2000045c:	60d3      	str	r3, [r2, #12]
2000045e:	22f0      	movs	r2, #240	; 0xf0
20000460:	0092      	lsls	r2, r2, #2
20000462:	f000 fddd 	bl	20001020 <____wrap_memset_veneer>
20000466:	4b12      	ldr	r3, [pc, #72]	; (200004b0 <reset_non_control_endpoints+0xb4>)
20000468:	4a12      	ldr	r2, [pc, #72]	; (200004b4 <reset_non_control_endpoints+0xb8>)
2000046a:	601a      	str	r2, [r3, #0]
2000046c:	bd10      	pop	{r4, pc}
2000046e:	46c0      	nop			; (mov r8, r8)
20000470:	50100000 	.word	0x50100000
20000474:	50100008 	.word	0x50100008
20000478:	50100010 	.word	0x50100010
2000047c:	20001984 	.word	0x20001984
20000480:	50100018 	.word	0x50100018
20000484:	50100020 	.word	0x50100020
20000488:	50100028 	.word	0x50100028
2000048c:	50100030 	.word	0x50100030
20000490:	50100038 	.word	0x50100038
20000494:	50100040 	.word	0x50100040
20000498:	50100048 	.word	0x50100048
2000049c:	50100050 	.word	0x50100050
200004a0:	50100058 	.word	0x50100058
200004a4:	50100060 	.word	0x50100060
200004a8:	50100068 	.word	0x50100068
200004ac:	50100070 	.word	0x50100070
200004b0:	20001d4c 	.word	0x20001d4c
200004b4:	50100180 	.word	0x50100180

200004b8 <hw_handle_buff_status>:
200004b8:	b5f0      	push	{r4, r5, r6, r7, lr}
200004ba:	464f      	mov	r7, r9
200004bc:	46d6      	mov	lr, sl
200004be:	4646      	mov	r6, r8
200004c0:	b5c0      	push	{r6, r7, lr}
200004c2:	4b20      	ldr	r3, [pc, #128]	; (20000544 <hw_handle_buff_status+0x8c>)
200004c4:	b084      	sub	sp, #16
200004c6:	6d9f      	ldr	r7, [r3, #88]	; 0x58
200004c8:	2f00      	cmp	r7, #0
200004ca:	d023      	beq.n	20000514 <hw_handle_buff_status+0x5c>
200004cc:	4b1e      	ldr	r3, [pc, #120]	; (20000548 <hw_handle_buff_status+0x90>)
200004ce:	2400      	movs	r4, #0
200004d0:	469a      	mov	sl, r3
200004d2:	2301      	movs	r3, #1
200004d4:	4699      	mov	r9, r3
200004d6:	4b1d      	ldr	r3, [pc, #116]	; (2000054c <hw_handle_buff_status+0x94>)
200004d8:	2601      	movs	r6, #1
200004da:	4698      	mov	r8, r3
200004dc:	e004      	b.n	200004e8 <hw_handle_buff_status+0x30>
200004de:	3401      	adds	r4, #1
200004e0:	0076      	lsls	r6, r6, #1
200004e2:	b2e4      	uxtb	r4, r4
200004e4:	2c20      	cmp	r4, #32
200004e6:	d015      	beq.n	20000514 <hw_handle_buff_status+0x5c>
200004e8:	423e      	tst	r6, r7
200004ea:	d0f8      	beq.n	200004de <hw_handle_buff_status+0x26>
200004ec:	4653      	mov	r3, sl
200004ee:	659e      	str	r6, [r3, #88]	; 0x58
200004f0:	464b      	mov	r3, r9
200004f2:	0865      	lsrs	r5, r4, #1
200004f4:	006d      	lsls	r5, r5, #1
200004f6:	43a3      	bics	r3, r4
200004f8:	18ed      	adds	r5, r5, r3
200004fa:	016d      	lsls	r5, r5, #5
200004fc:	4445      	add	r5, r8
200004fe:	0028      	movs	r0, r5
20000500:	f000 fc60 	bl	20000dc4 <hw_endpoint_xfer_continue>
20000504:	2800      	cmp	r0, #0
20000506:	d10b      	bne.n	20000520 <hw_handle_buff_status+0x68>
20000508:	3401      	adds	r4, #1
2000050a:	43b7      	bics	r7, r6
2000050c:	b2e4      	uxtb	r4, r4
2000050e:	0076      	lsls	r6, r6, #1
20000510:	2f00      	cmp	r7, #0
20000512:	d1e7      	bne.n	200004e4 <hw_handle_buff_status+0x2c>
20000514:	b004      	add	sp, #16
20000516:	bc1c      	pop	{r2, r3, r4}
20000518:	4690      	mov	r8, r2
2000051a:	4699      	mov	r9, r3
2000051c:	46a2      	mov	sl, r4
2000051e:	bdf0      	pop	{r4, r5, r6, r7, pc}
20000520:	8aeb      	ldrh	r3, [r5, #22]
20000522:	21e0      	movs	r1, #224	; 0xe0
20000524:	a801      	add	r0, sp, #4
20000526:	6083      	str	r3, [r0, #8]
20000528:	2300      	movs	r3, #0
2000052a:	78aa      	ldrb	r2, [r5, #2]
2000052c:	00c9      	lsls	r1, r1, #3
2000052e:	8001      	strh	r1, [r0, #0]
20000530:	2101      	movs	r1, #1
20000532:	7102      	strb	r2, [r0, #4]
20000534:	7143      	strb	r3, [r0, #5]
20000536:	f000 fc65 	bl	20000e04 <dcd_event_handler>
2000053a:	0028      	movs	r0, r5
2000053c:	f000 fbde 	bl	20000cfc <hw_endpoint_reset_transfer>
20000540:	e7e2      	b.n	20000508 <hw_handle_buff_status+0x50>
20000542:	46c0      	nop			; (mov r8, r8)
20000544:	50110000 	.word	0x50110000
20000548:	50113000 	.word	0x50113000
2000054c:	20001944 	.word	0x20001944

20000550 <dcd_rp2040_irq>:
20000550:	2398      	movs	r3, #152	; 0x98
20000552:	b5f0      	push	{r4, r5, r6, r7, lr}
20000554:	2580      	movs	r5, #128	; 0x80
20000556:	4ac5      	ldr	r2, [pc, #788]	; (2000086c <dcd_rp2040_irq+0x31c>)
20000558:	02ad      	lsls	r5, r5, #10
2000055a:	58d6      	ldr	r6, [r2, r3]
2000055c:	b085      	sub	sp, #20
2000055e:	4035      	ands	r5, r6
20000560:	2410      	movs	r4, #16
20000562:	2d00      	cmp	r5, #0
20000564:	d073      	beq.n	2000064e <dcd_rp2040_irq+0xfe>
20000566:	4bc2      	ldr	r3, [pc, #776]	; (20000870 <dcd_rp2040_irq+0x320>)
20000568:	4cc2      	ldr	r4, [pc, #776]	; (20000874 <dcd_rp2040_irq+0x324>)
2000056a:	6a9a      	ldr	r2, [r3, #40]	; 0x28
2000056c:	4bc2      	ldr	r3, [pc, #776]	; (20000878 <dcd_rp2040_irq+0x328>)
2000056e:	2500      	movs	r5, #0
20000570:	601a      	str	r2, [r3, #0]
20000572:	233b      	movs	r3, #59	; 0x3b
20000574:	5ce3      	ldrb	r3, [r4, r3]
20000576:	2b02      	cmp	r3, #2
20000578:	d100      	bne.n	2000057c <dcd_rp2040_irq+0x2c>
2000057a:	e11b      	b.n	200007b4 <dcd_rp2040_irq+0x264>
2000057c:	237b      	movs	r3, #123	; 0x7b
2000057e:	5ce3      	ldrb	r3, [r4, r3]
20000580:	2b02      	cmp	r3, #2
20000582:	d100      	bne.n	20000586 <dcd_rp2040_irq+0x36>
20000584:	e127      	b.n	200007d6 <dcd_rp2040_irq+0x286>
20000586:	23bb      	movs	r3, #187	; 0xbb
20000588:	5ce3      	ldrb	r3, [r4, r3]
2000058a:	2b02      	cmp	r3, #2
2000058c:	d100      	bne.n	20000590 <dcd_rp2040_irq+0x40>
2000058e:	e134      	b.n	200007fa <dcd_rp2040_irq+0x2aa>
20000590:	23fb      	movs	r3, #251	; 0xfb
20000592:	5ce3      	ldrb	r3, [r4, r3]
20000594:	2b02      	cmp	r3, #2
20000596:	d100      	bne.n	2000059a <dcd_rp2040_irq+0x4a>
20000598:	e141      	b.n	2000081e <dcd_rp2040_irq+0x2ce>
2000059a:	233c      	movs	r3, #60	; 0x3c
2000059c:	33ff      	adds	r3, #255	; 0xff
2000059e:	5ce3      	ldrb	r3, [r4, r3]
200005a0:	2b02      	cmp	r3, #2
200005a2:	d100      	bne.n	200005a6 <dcd_rp2040_irq+0x56>
200005a4:	e14d      	b.n	20000842 <dcd_rp2040_irq+0x2f2>
200005a6:	237c      	movs	r3, #124	; 0x7c
200005a8:	33ff      	adds	r3, #255	; 0xff
200005aa:	5ce3      	ldrb	r3, [r4, r3]
200005ac:	2b02      	cmp	r3, #2
200005ae:	d100      	bne.n	200005b2 <dcd_rp2040_irq+0x62>
200005b0:	e182      	b.n	200008b8 <dcd_rp2040_irq+0x368>
200005b2:	23bc      	movs	r3, #188	; 0xbc
200005b4:	33ff      	adds	r3, #255	; 0xff
200005b6:	5ce3      	ldrb	r3, [r4, r3]
200005b8:	2b02      	cmp	r3, #2
200005ba:	d100      	bne.n	200005be <dcd_rp2040_irq+0x6e>
200005bc:	e191      	b.n	200008e2 <dcd_rp2040_irq+0x392>
200005be:	23fc      	movs	r3, #252	; 0xfc
200005c0:	33ff      	adds	r3, #255	; 0xff
200005c2:	5ce3      	ldrb	r3, [r4, r3]
200005c4:	2b02      	cmp	r3, #2
200005c6:	d100      	bne.n	200005ca <dcd_rp2040_irq+0x7a>
200005c8:	e1a0      	b.n	2000090c <dcd_rp2040_irq+0x3bc>
200005ca:	4bac      	ldr	r3, [pc, #688]	; (2000087c <dcd_rp2040_irq+0x32c>)
200005cc:	5ce3      	ldrb	r3, [r4, r3]
200005ce:	2b02      	cmp	r3, #2
200005d0:	d100      	bne.n	200005d4 <dcd_rp2040_irq+0x84>
200005d2:	e1b0      	b.n	20000936 <dcd_rp2040_irq+0x3e6>
200005d4:	4baa      	ldr	r3, [pc, #680]	; (20000880 <dcd_rp2040_irq+0x330>)
200005d6:	5ce3      	ldrb	r3, [r4, r3]
200005d8:	2b02      	cmp	r3, #2
200005da:	d100      	bne.n	200005de <dcd_rp2040_irq+0x8e>
200005dc:	e1bf      	b.n	2000095e <dcd_rp2040_irq+0x40e>
200005de:	4ba9      	ldr	r3, [pc, #676]	; (20000884 <dcd_rp2040_irq+0x334>)
200005e0:	5ce3      	ldrb	r3, [r4, r3]
200005e2:	2b02      	cmp	r3, #2
200005e4:	d100      	bne.n	200005e8 <dcd_rp2040_irq+0x98>
200005e6:	e1ce      	b.n	20000986 <dcd_rp2040_irq+0x436>
200005e8:	4ba7      	ldr	r3, [pc, #668]	; (20000888 <dcd_rp2040_irq+0x338>)
200005ea:	5ce3      	ldrb	r3, [r4, r3]
200005ec:	2b02      	cmp	r3, #2
200005ee:	d100      	bne.n	200005f2 <dcd_rp2040_irq+0xa2>
200005f0:	e1dd      	b.n	200009ae <dcd_rp2040_irq+0x45e>
200005f2:	4ba6      	ldr	r3, [pc, #664]	; (2000088c <dcd_rp2040_irq+0x33c>)
200005f4:	5ce3      	ldrb	r3, [r4, r3]
200005f6:	2b02      	cmp	r3, #2
200005f8:	d100      	bne.n	200005fc <dcd_rp2040_irq+0xac>
200005fa:	e1ec      	b.n	200009d6 <dcd_rp2040_irq+0x486>
200005fc:	4ba4      	ldr	r3, [pc, #656]	; (20000890 <dcd_rp2040_irq+0x340>)
200005fe:	5ce3      	ldrb	r3, [r4, r3]
20000600:	2b02      	cmp	r3, #2
20000602:	d100      	bne.n	20000606 <dcd_rp2040_irq+0xb6>
20000604:	e0bc      	b.n	20000780 <dcd_rp2040_irq+0x230>
20000606:	4ba3      	ldr	r3, [pc, #652]	; (20000894 <dcd_rp2040_irq+0x344>)
20000608:	5ce3      	ldrb	r3, [r4, r3]
2000060a:	2b02      	cmp	r3, #2
2000060c:	d100      	bne.n	20000610 <dcd_rp2040_irq+0xc0>
2000060e:	e207      	b.n	20000a20 <dcd_rp2040_irq+0x4d0>
20000610:	4ba1      	ldr	r3, [pc, #644]	; (20000898 <dcd_rp2040_irq+0x348>)
20000612:	5ce3      	ldrb	r3, [r4, r3]
20000614:	2b02      	cmp	r3, #2
20000616:	d100      	bne.n	2000061a <dcd_rp2040_irq+0xca>
20000618:	e219      	b.n	20000a4e <dcd_rp2040_irq+0x4fe>
2000061a:	2d00      	cmp	r5, #0
2000061c:	d108      	bne.n	20000630 <dcd_rp2040_irq+0xe0>
2000061e:	4b9f      	ldr	r3, [pc, #636]	; (2000089c <dcd_rp2040_irq+0x34c>)
20000620:	781b      	ldrb	r3, [r3, #0]
20000622:	2b00      	cmp	r3, #0
20000624:	d104      	bne.n	20000630 <dcd_rp2040_irq+0xe0>
20000626:	2180      	movs	r1, #128	; 0x80
20000628:	4a9d      	ldr	r2, [pc, #628]	; (200008a0 <dcd_rp2040_irq+0x350>)
2000062a:	3390      	adds	r3, #144	; 0x90
2000062c:	0289      	lsls	r1, r1, #10
2000062e:	50d1      	str	r1, [r2, r3]
20000630:	22c0      	movs	r2, #192	; 0xc0
20000632:	4b8e      	ldr	r3, [pc, #568]	; (2000086c <dcd_rp2040_irq+0x31c>)
20000634:	a801      	add	r0, sp, #4
20000636:	6c9b      	ldr	r3, [r3, #72]	; 0x48
20000638:	0092      	lsls	r2, r2, #2
2000063a:	055b      	lsls	r3, r3, #21
2000063c:	0d5b      	lsrs	r3, r3, #21
2000063e:	8002      	strh	r2, [r0, #0]
20000640:	2101      	movs	r1, #1
20000642:	2580      	movs	r5, #128	; 0x80
20000644:	6043      	str	r3, [r0, #4]
20000646:	f000 fbdd 	bl	20000e04 <dcd_event_handler>
2000064a:	4c96      	ldr	r4, [pc, #600]	; (200008a4 <dcd_rp2040_irq+0x354>)
2000064c:	02ad      	lsls	r5, r5, #10
2000064e:	06f3      	lsls	r3, r6, #27
20000650:	d500      	bpl.n	20000654 <dcd_rp2040_irq+0x104>
20000652:	e091      	b.n	20000778 <dcd_rp2040_irq+0x228>
20000654:	2380      	movs	r3, #128	; 0x80
20000656:	025b      	lsls	r3, r3, #9
20000658:	421e      	tst	r6, r3
2000065a:	d032      	beq.n	200006c2 <dcd_rp2040_irq+0x172>
2000065c:	4c85      	ldr	r4, [pc, #532]	; (20000874 <dcd_rp2040_irq+0x324>)
2000065e:	431d      	orrs	r5, r3
20000660:	7ea3      	ldrb	r3, [r4, #26]
20000662:	2b00      	cmp	r3, #0
20000664:	d015      	beq.n	20000692 <dcd_rp2040_irq+0x142>
20000666:	f000 fce3 	bl	20001030 <__rp2040_chip_version_veneer>
2000066a:	2801      	cmp	r0, #1
2000066c:	d900      	bls.n	20000670 <dcd_rp2040_irq+0x120>
2000066e:	e1ce      	b.n	20000a0e <dcd_rp2040_irq+0x4be>
20000670:	22c0      	movs	r2, #192	; 0xc0
20000672:	2100      	movs	r1, #0
20000674:	0192      	lsls	r2, r2, #6
20000676:	0020      	movs	r0, r4
20000678:	f000 fb46 	bl	20000d08 <_hw_endpoint_buffer_control_update32>
2000067c:	0020      	movs	r0, r4
2000067e:	f000 fb3d 	bl	20000cfc <hw_endpoint_reset_transfer>
20000682:	f000 fcd5 	bl	20001030 <__rp2040_chip_version_veneer>
20000686:	2801      	cmp	r0, #1
20000688:	d903      	bls.n	20000692 <dcd_rp2040_irq+0x142>
2000068a:	2202      	movs	r2, #2
2000068c:	4b84      	ldr	r3, [pc, #528]	; (200008a0 <dcd_rp2040_irq+0x350>)
2000068e:	665a      	str	r2, [r3, #100]	; 0x64
20000690:	661a      	str	r2, [r3, #96]	; 0x60
20000692:	2701      	movs	r7, #1
20000694:	233a      	movs	r3, #58	; 0x3a
20000696:	70e7      	strb	r7, [r4, #3]
20000698:	5ce3      	ldrb	r3, [r4, r3]
2000069a:	2b00      	cmp	r3, #0
2000069c:	d122      	bne.n	200006e4 <dcd_rp2040_irq+0x194>
2000069e:	2323      	movs	r3, #35	; 0x23
200006a0:	2201      	movs	r2, #1
200006a2:	54e2      	strb	r2, [r4, r3]
200006a4:	23c0      	movs	r3, #192	; 0xc0
200006a6:	a801      	add	r0, sp, #4
200006a8:	00db      	lsls	r3, r3, #3
200006aa:	4a7f      	ldr	r2, [pc, #508]	; (200008a8 <dcd_rp2040_irq+0x358>)
200006ac:	8003      	strh	r3, [r0, #0]
200006ae:	ab02      	add	r3, sp, #8
200006b0:	ca12      	ldmia	r2!, {r1, r4}
200006b2:	c312      	stmia	r3!, {r1, r4}
200006b4:	2101      	movs	r1, #1
200006b6:	f000 fba5 	bl	20000e04 <dcd_event_handler>
200006ba:	2280      	movs	r2, #128	; 0x80
200006bc:	4b78      	ldr	r3, [pc, #480]	; (200008a0 <dcd_rp2040_irq+0x350>)
200006be:	0292      	lsls	r2, r2, #10
200006c0:	651a      	str	r2, [r3, #80]	; 0x50
200006c2:	2380      	movs	r3, #128	; 0x80
200006c4:	015b      	lsls	r3, r3, #5
200006c6:	421e      	tst	r6, r3
200006c8:	d124      	bne.n	20000714 <dcd_rp2040_irq+0x1c4>
200006ca:	2380      	movs	r3, #128	; 0x80
200006cc:	01db      	lsls	r3, r3, #7
200006ce:	421e      	tst	r6, r3
200006d0:	d136      	bne.n	20000740 <dcd_rp2040_irq+0x1f0>
200006d2:	2380      	movs	r3, #128	; 0x80
200006d4:	021b      	lsls	r3, r3, #8
200006d6:	421e      	tst	r6, r3
200006d8:	d141      	bne.n	2000075e <dcd_rp2040_irq+0x20e>
200006da:	42b5      	cmp	r5, r6
200006dc:	d000      	beq.n	200006e0 <dcd_rp2040_irq+0x190>
200006de:	e1d0      	b.n	20000a82 <dcd_rp2040_irq+0x532>
200006e0:	b005      	add	sp, #20
200006e2:	bdf0      	pop	{r4, r5, r6, r7, pc}
200006e4:	f000 fca4 	bl	20001030 <__rp2040_chip_version_veneer>
200006e8:	2801      	cmp	r0, #1
200006ea:	d900      	bls.n	200006ee <dcd_rp2040_irq+0x19e>
200006ec:	e187      	b.n	200009fe <dcd_rp2040_irq+0x4ae>
200006ee:	22c0      	movs	r2, #192	; 0xc0
200006f0:	4f6e      	ldr	r7, [pc, #440]	; (200008ac <dcd_rp2040_irq+0x35c>)
200006f2:	0192      	lsls	r2, r2, #6
200006f4:	2100      	movs	r1, #0
200006f6:	0038      	movs	r0, r7
200006f8:	f000 fb06 	bl	20000d08 <_hw_endpoint_buffer_control_update32>
200006fc:	0038      	movs	r0, r7
200006fe:	f000 fafd 	bl	20000cfc <hw_endpoint_reset_transfer>
20000702:	f000 fc95 	bl	20001030 <__rp2040_chip_version_veneer>
20000706:	2801      	cmp	r0, #1
20000708:	d9c9      	bls.n	2000069e <dcd_rp2040_irq+0x14e>
2000070a:	2201      	movs	r2, #1
2000070c:	4b64      	ldr	r3, [pc, #400]	; (200008a0 <dcd_rp2040_irq+0x350>)
2000070e:	665a      	str	r2, [r3, #100]	; 0x64
20000710:	661a      	str	r2, [r3, #96]	; 0x60
20000712:	e7c4      	b.n	2000069e <dcd_rp2040_irq+0x14e>
20000714:	2400      	movs	r4, #0
20000716:	431d      	orrs	r5, r3
20000718:	4b54      	ldr	r3, [pc, #336]	; (2000086c <dcd_rp2040_irq+0x31c>)
2000071a:	601c      	str	r4, [r3, #0]
2000071c:	f7ff fe6e 	bl	200003fc <reset_non_control_endpoints>
20000720:	2380      	movs	r3, #128	; 0x80
20000722:	a801      	add	r0, sp, #4
20000724:	005b      	lsls	r3, r3, #1
20000726:	8003      	strh	r3, [r0, #0]
20000728:	2101      	movs	r1, #1
2000072a:	7104      	strb	r4, [r0, #4]
2000072c:	f000 fb6a 	bl	20000e04 <dcd_event_handler>
20000730:	2280      	movs	r2, #128	; 0x80
20000732:	4b5b      	ldr	r3, [pc, #364]	; (200008a0 <dcd_rp2040_irq+0x350>)
20000734:	0312      	lsls	r2, r2, #12
20000736:	651a      	str	r2, [r3, #80]	; 0x50
20000738:	2380      	movs	r3, #128	; 0x80
2000073a:	01db      	lsls	r3, r3, #7
2000073c:	421e      	tst	r6, r3
2000073e:	d0c8      	beq.n	200006d2 <dcd_rp2040_irq+0x182>
20000740:	431d      	orrs	r5, r3
20000742:	2380      	movs	r3, #128	; 0x80
20000744:	a801      	add	r0, sp, #4
20000746:	00db      	lsls	r3, r3, #3
20000748:	8003      	strh	r3, [r0, #0]
2000074a:	2101      	movs	r1, #1
2000074c:	f000 fb5a 	bl	20000e04 <dcd_event_handler>
20000750:	2210      	movs	r2, #16
20000752:	4b53      	ldr	r3, [pc, #332]	; (200008a0 <dcd_rp2040_irq+0x350>)
20000754:	651a      	str	r2, [r3, #80]	; 0x50
20000756:	2380      	movs	r3, #128	; 0x80
20000758:	021b      	lsls	r3, r3, #8
2000075a:	421e      	tst	r6, r3
2000075c:	d0bd      	beq.n	200006da <dcd_rp2040_irq+0x18a>
2000075e:	431d      	orrs	r5, r3
20000760:	23a0      	movs	r3, #160	; 0xa0
20000762:	a801      	add	r0, sp, #4
20000764:	00db      	lsls	r3, r3, #3
20000766:	8003      	strh	r3, [r0, #0]
20000768:	2101      	movs	r1, #1
2000076a:	f000 fb4b 	bl	20000e04 <dcd_event_handler>
2000076e:	2280      	movs	r2, #128	; 0x80
20000770:	4b4b      	ldr	r3, [pc, #300]	; (200008a0 <dcd_rp2040_irq+0x350>)
20000772:	0112      	lsls	r2, r2, #4
20000774:	651a      	str	r2, [r3, #80]	; 0x50
20000776:	e7b0      	b.n	200006da <dcd_rp2040_irq+0x18a>
20000778:	f7ff fe9e 	bl	200004b8 <hw_handle_buff_status>
2000077c:	0025      	movs	r5, r4
2000077e:	e769      	b.n	20000654 <dcd_rp2040_irq+0x104>
20000780:	4b4b      	ldr	r3, [pc, #300]	; (200008b0 <dcd_rp2040_irq+0x360>)
20000782:	5ce7      	ldrb	r7, [r4, r3]
20000784:	2f00      	cmp	r7, #0
20000786:	d100      	bne.n	2000078a <dcd_rp2040_irq+0x23a>
20000788:	e73d      	b.n	20000606 <dcd_rp2040_irq+0xb6>
2000078a:	3302      	adds	r3, #2
2000078c:	5ce2      	ldrb	r2, [r4, r3]
2000078e:	2a00      	cmp	r2, #0
20000790:	d000      	beq.n	20000794 <dcd_rp2040_irq+0x244>
20000792:	e16e      	b.n	20000a72 <dcd_rp2040_irq+0x522>
20000794:	4b3f      	ldr	r3, [pc, #252]	; (20000894 <dcd_rp2040_irq+0x344>)
20000796:	5ce3      	ldrb	r3, [r4, r3]
20000798:	2b02      	cmp	r3, #2
2000079a:	d100      	bne.n	2000079e <dcd_rp2040_irq+0x24e>
2000079c:	e13f      	b.n	20000a1e <dcd_rp2040_irq+0x4ce>
2000079e:	4b3e      	ldr	r3, [pc, #248]	; (20000898 <dcd_rp2040_irq+0x348>)
200007a0:	5ce3      	ldrb	r3, [r4, r3]
200007a2:	2b02      	cmp	r3, #2
200007a4:	d000      	beq.n	200007a8 <dcd_rp2040_irq+0x258>
200007a6:	e743      	b.n	20000630 <dcd_rp2040_irq+0xe0>
200007a8:	4b42      	ldr	r3, [pc, #264]	; (200008b4 <dcd_rp2040_irq+0x364>)
200007aa:	5ce3      	ldrb	r3, [r4, r3]
200007ac:	2b00      	cmp	r3, #0
200007ae:	d100      	bne.n	200007b2 <dcd_rp2040_irq+0x262>
200007b0:	e73e      	b.n	20000630 <dcd_rp2040_irq+0xe0>
200007b2:	e151      	b.n	20000a58 <dcd_rp2040_irq+0x508>
200007b4:	3338      	adds	r3, #56	; 0x38
200007b6:	5ce5      	ldrb	r5, [r4, r3]
200007b8:	2d00      	cmp	r5, #0
200007ba:	d100      	bne.n	200007be <dcd_rp2040_irq+0x26e>
200007bc:	e6de      	b.n	2000057c <dcd_rp2040_irq+0x2c>
200007be:	3302      	adds	r3, #2
200007c0:	5ce2      	ldrb	r2, [r4, r3]
200007c2:	2a00      	cmp	r2, #0
200007c4:	d100      	bne.n	200007c8 <dcd_rp2040_irq+0x278>
200007c6:	e6d9      	b.n	2000057c <dcd_rp2040_irq+0x2c>
200007c8:	2200      	movs	r2, #0
200007ca:	0020      	movs	r0, r4
200007cc:	54e2      	strb	r2, [r4, r3]
200007ce:	3020      	adds	r0, #32
200007d0:	f000 fac2 	bl	20000d58 <hw_endpoint_start_next_buffer>
200007d4:	e6d2      	b.n	2000057c <dcd_rp2040_irq+0x2c>
200007d6:	3378      	adds	r3, #120	; 0x78
200007d8:	5ce3      	ldrb	r3, [r4, r3]
200007da:	2b00      	cmp	r3, #0
200007dc:	d100      	bne.n	200007e0 <dcd_rp2040_irq+0x290>
200007de:	e6d2      	b.n	20000586 <dcd_rp2040_irq+0x36>
200007e0:	227c      	movs	r2, #124	; 0x7c
200007e2:	5ca1      	ldrb	r1, [r4, r2]
200007e4:	001d      	movs	r5, r3
200007e6:	2900      	cmp	r1, #0
200007e8:	d100      	bne.n	200007ec <dcd_rp2040_irq+0x29c>
200007ea:	e6cc      	b.n	20000586 <dcd_rp2040_irq+0x36>
200007ec:	2300      	movs	r3, #0
200007ee:	0020      	movs	r0, r4
200007f0:	54a3      	strb	r3, [r4, r2]
200007f2:	3060      	adds	r0, #96	; 0x60
200007f4:	f000 fab0 	bl	20000d58 <hw_endpoint_start_next_buffer>
200007f8:	e6c5      	b.n	20000586 <dcd_rp2040_irq+0x36>
200007fa:	33b8      	adds	r3, #184	; 0xb8
200007fc:	5ce3      	ldrb	r3, [r4, r3]
200007fe:	2b00      	cmp	r3, #0
20000800:	d100      	bne.n	20000804 <dcd_rp2040_irq+0x2b4>
20000802:	e6c5      	b.n	20000590 <dcd_rp2040_irq+0x40>
20000804:	22bc      	movs	r2, #188	; 0xbc
20000806:	5ca1      	ldrb	r1, [r4, r2]
20000808:	001d      	movs	r5, r3
2000080a:	2900      	cmp	r1, #0
2000080c:	d100      	bne.n	20000810 <dcd_rp2040_irq+0x2c0>
2000080e:	e6bf      	b.n	20000590 <dcd_rp2040_irq+0x40>
20000810:	2300      	movs	r3, #0
20000812:	0020      	movs	r0, r4
20000814:	54a3      	strb	r3, [r4, r2]
20000816:	30a0      	adds	r0, #160	; 0xa0
20000818:	f000 fa9e 	bl	20000d58 <hw_endpoint_start_next_buffer>
2000081c:	e6b8      	b.n	20000590 <dcd_rp2040_irq+0x40>
2000081e:	33f8      	adds	r3, #248	; 0xf8
20000820:	5ce3      	ldrb	r3, [r4, r3]
20000822:	2b00      	cmp	r3, #0
20000824:	d100      	bne.n	20000828 <dcd_rp2040_irq+0x2d8>
20000826:	e6b8      	b.n	2000059a <dcd_rp2040_irq+0x4a>
20000828:	22fc      	movs	r2, #252	; 0xfc
2000082a:	5ca1      	ldrb	r1, [r4, r2]
2000082c:	001d      	movs	r5, r3
2000082e:	2900      	cmp	r1, #0
20000830:	d100      	bne.n	20000834 <dcd_rp2040_irq+0x2e4>
20000832:	e6b2      	b.n	2000059a <dcd_rp2040_irq+0x4a>
20000834:	2300      	movs	r3, #0
20000836:	0020      	movs	r0, r4
20000838:	54a3      	strb	r3, [r4, r2]
2000083a:	30e0      	adds	r0, #224	; 0xe0
2000083c:	f000 fa8c 	bl	20000d58 <hw_endpoint_start_next_buffer>
20000840:	e6ab      	b.n	2000059a <dcd_rp2040_irq+0x4a>
20000842:	3339      	adds	r3, #57	; 0x39
20000844:	33ff      	adds	r3, #255	; 0xff
20000846:	5ce3      	ldrb	r3, [r4, r3]
20000848:	2b00      	cmp	r3, #0
2000084a:	d100      	bne.n	2000084e <dcd_rp2040_irq+0x2fe>
2000084c:	e6ab      	b.n	200005a6 <dcd_rp2040_irq+0x56>
2000084e:	229e      	movs	r2, #158	; 0x9e
20000850:	0052      	lsls	r2, r2, #1
20000852:	5ca1      	ldrb	r1, [r4, r2]
20000854:	001d      	movs	r5, r3
20000856:	2900      	cmp	r1, #0
20000858:	d100      	bne.n	2000085c <dcd_rp2040_irq+0x30c>
2000085a:	e6a4      	b.n	200005a6 <dcd_rp2040_irq+0x56>
2000085c:	0020      	movs	r0, r4
2000085e:	2300      	movs	r3, #0
20000860:	3021      	adds	r0, #33	; 0x21
20000862:	54a3      	strb	r3, [r4, r2]
20000864:	30ff      	adds	r0, #255	; 0xff
20000866:	f000 fa77 	bl	20000d58 <hw_endpoint_start_next_buffer>
2000086a:	e69c      	b.n	200005a6 <dcd_rp2040_irq+0x56>
2000086c:	50110000 	.word	0x50110000
20000870:	40054000 	.word	0x40054000
20000874:	20001944 	.word	0x20001944
20000878:	2000193c 	.word	0x2000193c
2000087c:	0000023b 	.word	0x0000023b
20000880:	0000027b 	.word	0x0000027b
20000884:	000002bb 	.word	0x000002bb
20000888:	000002fb 	.word	0x000002fb
2000088c:	0000033b 	.word	0x0000033b
20000890:	0000037b 	.word	0x0000037b
20000894:	000003bb 	.word	0x000003bb
20000898:	000003fb 	.word	0x000003fb
2000089c:	20001d9a 	.word	0x20001d9a
200008a0:	50113000 	.word	0x50113000
200008a4:	00020010 	.word	0x00020010
200008a8:	50100000 	.word	0x50100000
200008ac:	20001964 	.word	0x20001964
200008b0:	0000037a 	.word	0x0000037a
200008b4:	000003fa 	.word	0x000003fa
200008b8:	3379      	adds	r3, #121	; 0x79
200008ba:	33ff      	adds	r3, #255	; 0xff
200008bc:	5ce3      	ldrb	r3, [r4, r3]
200008be:	2b00      	cmp	r3, #0
200008c0:	d100      	bne.n	200008c4 <dcd_rp2040_irq+0x374>
200008c2:	e676      	b.n	200005b2 <dcd_rp2040_irq+0x62>
200008c4:	22be      	movs	r2, #190	; 0xbe
200008c6:	0052      	lsls	r2, r2, #1
200008c8:	5ca1      	ldrb	r1, [r4, r2]
200008ca:	001d      	movs	r5, r3
200008cc:	2900      	cmp	r1, #0
200008ce:	d100      	bne.n	200008d2 <dcd_rp2040_irq+0x382>
200008d0:	e66f      	b.n	200005b2 <dcd_rp2040_irq+0x62>
200008d2:	0020      	movs	r0, r4
200008d4:	2300      	movs	r3, #0
200008d6:	3061      	adds	r0, #97	; 0x61
200008d8:	54a3      	strb	r3, [r4, r2]
200008da:	30ff      	adds	r0, #255	; 0xff
200008dc:	f000 fa3c 	bl	20000d58 <hw_endpoint_start_next_buffer>
200008e0:	e667      	b.n	200005b2 <dcd_rp2040_irq+0x62>
200008e2:	33b9      	adds	r3, #185	; 0xb9
200008e4:	33ff      	adds	r3, #255	; 0xff
200008e6:	5ce3      	ldrb	r3, [r4, r3]
200008e8:	2b00      	cmp	r3, #0
200008ea:	d100      	bne.n	200008ee <dcd_rp2040_irq+0x39e>
200008ec:	e667      	b.n	200005be <dcd_rp2040_irq+0x6e>
200008ee:	22de      	movs	r2, #222	; 0xde
200008f0:	0052      	lsls	r2, r2, #1
200008f2:	5ca1      	ldrb	r1, [r4, r2]
200008f4:	001d      	movs	r5, r3
200008f6:	2900      	cmp	r1, #0
200008f8:	d100      	bne.n	200008fc <dcd_rp2040_irq+0x3ac>
200008fa:	e660      	b.n	200005be <dcd_rp2040_irq+0x6e>
200008fc:	0020      	movs	r0, r4
200008fe:	2300      	movs	r3, #0
20000900:	30a1      	adds	r0, #161	; 0xa1
20000902:	54a3      	strb	r3, [r4, r2]
20000904:	30ff      	adds	r0, #255	; 0xff
20000906:	f000 fa27 	bl	20000d58 <hw_endpoint_start_next_buffer>
2000090a:	e658      	b.n	200005be <dcd_rp2040_irq+0x6e>
2000090c:	33f9      	adds	r3, #249	; 0xf9
2000090e:	33ff      	adds	r3, #255	; 0xff
20000910:	5ce3      	ldrb	r3, [r4, r3]
20000912:	2b00      	cmp	r3, #0
20000914:	d100      	bne.n	20000918 <dcd_rp2040_irq+0x3c8>
20000916:	e658      	b.n	200005ca <dcd_rp2040_irq+0x7a>
20000918:	22fe      	movs	r2, #254	; 0xfe
2000091a:	0052      	lsls	r2, r2, #1
2000091c:	5ca1      	ldrb	r1, [r4, r2]
2000091e:	001d      	movs	r5, r3
20000920:	2900      	cmp	r1, #0
20000922:	d100      	bne.n	20000926 <dcd_rp2040_irq+0x3d6>
20000924:	e651      	b.n	200005ca <dcd_rp2040_irq+0x7a>
20000926:	0020      	movs	r0, r4
20000928:	2300      	movs	r3, #0
2000092a:	30e1      	adds	r0, #225	; 0xe1
2000092c:	54a3      	strb	r3, [r4, r2]
2000092e:	30ff      	adds	r0, #255	; 0xff
20000930:	f000 fa12 	bl	20000d58 <hw_endpoint_start_next_buffer>
20000934:	e649      	b.n	200005ca <dcd_rp2040_irq+0x7a>
20000936:	4b55      	ldr	r3, [pc, #340]	; (20000a8c <dcd_rp2040_irq+0x53c>)
20000938:	5ce3      	ldrb	r3, [r4, r3]
2000093a:	2b00      	cmp	r3, #0
2000093c:	d100      	bne.n	20000940 <dcd_rp2040_irq+0x3f0>
2000093e:	e649      	b.n	200005d4 <dcd_rp2040_irq+0x84>
20000940:	228f      	movs	r2, #143	; 0x8f
20000942:	0092      	lsls	r2, r2, #2
20000944:	5ca1      	ldrb	r1, [r4, r2]
20000946:	001d      	movs	r5, r3
20000948:	2900      	cmp	r1, #0
2000094a:	d100      	bne.n	2000094e <dcd_rp2040_irq+0x3fe>
2000094c:	e642      	b.n	200005d4 <dcd_rp2040_irq+0x84>
2000094e:	2300      	movs	r3, #0
20000950:	54a3      	strb	r3, [r4, r2]
20000952:	2388      	movs	r3, #136	; 0x88
20000954:	009b      	lsls	r3, r3, #2
20000956:	18e0      	adds	r0, r4, r3
20000958:	f000 f9fe 	bl	20000d58 <hw_endpoint_start_next_buffer>
2000095c:	e63a      	b.n	200005d4 <dcd_rp2040_irq+0x84>
2000095e:	4b4c      	ldr	r3, [pc, #304]	; (20000a90 <dcd_rp2040_irq+0x540>)
20000960:	5ce3      	ldrb	r3, [r4, r3]
20000962:	2b00      	cmp	r3, #0
20000964:	d100      	bne.n	20000968 <dcd_rp2040_irq+0x418>
20000966:	e63a      	b.n	200005de <dcd_rp2040_irq+0x8e>
20000968:	229f      	movs	r2, #159	; 0x9f
2000096a:	0092      	lsls	r2, r2, #2
2000096c:	5ca1      	ldrb	r1, [r4, r2]
2000096e:	001d      	movs	r5, r3
20000970:	2900      	cmp	r1, #0
20000972:	d100      	bne.n	20000976 <dcd_rp2040_irq+0x426>
20000974:	e633      	b.n	200005de <dcd_rp2040_irq+0x8e>
20000976:	2300      	movs	r3, #0
20000978:	54a3      	strb	r3, [r4, r2]
2000097a:	2398      	movs	r3, #152	; 0x98
2000097c:	009b      	lsls	r3, r3, #2
2000097e:	18e0      	adds	r0, r4, r3
20000980:	f000 f9ea 	bl	20000d58 <hw_endpoint_start_next_buffer>
20000984:	e62b      	b.n	200005de <dcd_rp2040_irq+0x8e>
20000986:	4b43      	ldr	r3, [pc, #268]	; (20000a94 <dcd_rp2040_irq+0x544>)
20000988:	5ce3      	ldrb	r3, [r4, r3]
2000098a:	2b00      	cmp	r3, #0
2000098c:	d100      	bne.n	20000990 <dcd_rp2040_irq+0x440>
2000098e:	e62b      	b.n	200005e8 <dcd_rp2040_irq+0x98>
20000990:	22af      	movs	r2, #175	; 0xaf
20000992:	0092      	lsls	r2, r2, #2
20000994:	5ca1      	ldrb	r1, [r4, r2]
20000996:	001d      	movs	r5, r3
20000998:	2900      	cmp	r1, #0
2000099a:	d100      	bne.n	2000099e <dcd_rp2040_irq+0x44e>
2000099c:	e624      	b.n	200005e8 <dcd_rp2040_irq+0x98>
2000099e:	2300      	movs	r3, #0
200009a0:	54a3      	strb	r3, [r4, r2]
200009a2:	23a8      	movs	r3, #168	; 0xa8
200009a4:	009b      	lsls	r3, r3, #2
200009a6:	18e0      	adds	r0, r4, r3
200009a8:	f000 f9d6 	bl	20000d58 <hw_endpoint_start_next_buffer>
200009ac:	e61c      	b.n	200005e8 <dcd_rp2040_irq+0x98>
200009ae:	4b3a      	ldr	r3, [pc, #232]	; (20000a98 <dcd_rp2040_irq+0x548>)
200009b0:	5ce3      	ldrb	r3, [r4, r3]
200009b2:	2b00      	cmp	r3, #0
200009b4:	d100      	bne.n	200009b8 <dcd_rp2040_irq+0x468>
200009b6:	e61c      	b.n	200005f2 <dcd_rp2040_irq+0xa2>
200009b8:	22bf      	movs	r2, #191	; 0xbf
200009ba:	0092      	lsls	r2, r2, #2
200009bc:	5ca1      	ldrb	r1, [r4, r2]
200009be:	001d      	movs	r5, r3
200009c0:	2900      	cmp	r1, #0
200009c2:	d100      	bne.n	200009c6 <dcd_rp2040_irq+0x476>
200009c4:	e615      	b.n	200005f2 <dcd_rp2040_irq+0xa2>
200009c6:	2300      	movs	r3, #0
200009c8:	54a3      	strb	r3, [r4, r2]
200009ca:	23b8      	movs	r3, #184	; 0xb8
200009cc:	009b      	lsls	r3, r3, #2
200009ce:	18e0      	adds	r0, r4, r3
200009d0:	f000 f9c2 	bl	20000d58 <hw_endpoint_start_next_buffer>
200009d4:	e60d      	b.n	200005f2 <dcd_rp2040_irq+0xa2>
200009d6:	4b31      	ldr	r3, [pc, #196]	; (20000a9c <dcd_rp2040_irq+0x54c>)
200009d8:	5ce3      	ldrb	r3, [r4, r3]
200009da:	2b00      	cmp	r3, #0
200009dc:	d100      	bne.n	200009e0 <dcd_rp2040_irq+0x490>
200009de:	e60d      	b.n	200005fc <dcd_rp2040_irq+0xac>
200009e0:	22cf      	movs	r2, #207	; 0xcf
200009e2:	0092      	lsls	r2, r2, #2
200009e4:	5ca1      	ldrb	r1, [r4, r2]
200009e6:	001d      	movs	r5, r3
200009e8:	2900      	cmp	r1, #0
200009ea:	d100      	bne.n	200009ee <dcd_rp2040_irq+0x49e>
200009ec:	e606      	b.n	200005fc <dcd_rp2040_irq+0xac>
200009ee:	2300      	movs	r3, #0
200009f0:	54a3      	strb	r3, [r4, r2]
200009f2:	23c8      	movs	r3, #200	; 0xc8
200009f4:	009b      	lsls	r3, r3, #2
200009f6:	18e0      	adds	r0, r4, r3
200009f8:	f000 f9ae 	bl	20000d58 <hw_endpoint_start_next_buffer>
200009fc:	e5fe      	b.n	200005fc <dcd_rp2040_irq+0xac>
200009fe:	2201      	movs	r2, #1
20000a00:	4b27      	ldr	r3, [pc, #156]	; (20000aa0 <dcd_rp2040_irq+0x550>)
20000a02:	4928      	ldr	r1, [pc, #160]	; (20000aa4 <dcd_rp2040_irq+0x554>)
20000a04:	661f      	str	r7, [r3, #96]	; 0x60
20000a06:	6e4b      	ldr	r3, [r1, #100]	; 0x64
20000a08:	421a      	tst	r2, r3
20000a0a:	d0fc      	beq.n	20000a06 <dcd_rp2040_irq+0x4b6>
20000a0c:	e66f      	b.n	200006ee <dcd_rp2040_irq+0x19e>
20000a0e:	2202      	movs	r2, #2
20000a10:	4b23      	ldr	r3, [pc, #140]	; (20000aa0 <dcd_rp2040_irq+0x550>)
20000a12:	4924      	ldr	r1, [pc, #144]	; (20000aa4 <dcd_rp2040_irq+0x554>)
20000a14:	661a      	str	r2, [r3, #96]	; 0x60
20000a16:	6e4b      	ldr	r3, [r1, #100]	; 0x64
20000a18:	421a      	tst	r2, r3
20000a1a:	d0fc      	beq.n	20000a16 <dcd_rp2040_irq+0x4c6>
20000a1c:	e628      	b.n	20000670 <dcd_rp2040_irq+0x120>
20000a1e:	003d      	movs	r5, r7
20000a20:	4b21      	ldr	r3, [pc, #132]	; (20000aa8 <dcd_rp2040_irq+0x558>)
20000a22:	5ce3      	ldrb	r3, [r4, r3]
20000a24:	2b00      	cmp	r3, #0
20000a26:	d100      	bne.n	20000a2a <dcd_rp2040_irq+0x4da>
20000a28:	e5f2      	b.n	20000610 <dcd_rp2040_irq+0xc0>
20000a2a:	23ef      	movs	r3, #239	; 0xef
20000a2c:	009b      	lsls	r3, r3, #2
20000a2e:	5ce2      	ldrb	r2, [r4, r3]
20000a30:	2a00      	cmp	r2, #0
20000a32:	d100      	bne.n	20000a36 <dcd_rp2040_irq+0x4e6>
20000a34:	e6b3      	b.n	2000079e <dcd_rp2040_irq+0x24e>
20000a36:	2200      	movs	r2, #0
20000a38:	54e2      	strb	r2, [r4, r3]
20000a3a:	3b1c      	subs	r3, #28
20000a3c:	18e0      	adds	r0, r4, r3
20000a3e:	f000 f98b 	bl	20000d58 <hw_endpoint_start_next_buffer>
20000a42:	4b1a      	ldr	r3, [pc, #104]	; (20000aac <dcd_rp2040_irq+0x55c>)
20000a44:	5ce3      	ldrb	r3, [r4, r3]
20000a46:	2b02      	cmp	r3, #2
20000a48:	d000      	beq.n	20000a4c <dcd_rp2040_irq+0x4fc>
20000a4a:	e5f1      	b.n	20000630 <dcd_rp2040_irq+0xe0>
20000a4c:	e6ac      	b.n	200007a8 <dcd_rp2040_irq+0x258>
20000a4e:	4b18      	ldr	r3, [pc, #96]	; (20000ab0 <dcd_rp2040_irq+0x560>)
20000a50:	5ce3      	ldrb	r3, [r4, r3]
20000a52:	2b00      	cmp	r3, #0
20000a54:	d100      	bne.n	20000a58 <dcd_rp2040_irq+0x508>
20000a56:	e5e0      	b.n	2000061a <dcd_rp2040_irq+0xca>
20000a58:	23ff      	movs	r3, #255	; 0xff
20000a5a:	009b      	lsls	r3, r3, #2
20000a5c:	5ce2      	ldrb	r2, [r4, r3]
20000a5e:	2a00      	cmp	r2, #0
20000a60:	d100      	bne.n	20000a64 <dcd_rp2040_irq+0x514>
20000a62:	e5e5      	b.n	20000630 <dcd_rp2040_irq+0xe0>
20000a64:	2200      	movs	r2, #0
20000a66:	54e2      	strb	r2, [r4, r3]
20000a68:	3b1c      	subs	r3, #28
20000a6a:	18e0      	adds	r0, r4, r3
20000a6c:	f000 f974 	bl	20000d58 <hw_endpoint_start_next_buffer>
20000a70:	e5de      	b.n	20000630 <dcd_rp2040_irq+0xe0>
20000a72:	2200      	movs	r2, #0
20000a74:	54e2      	strb	r2, [r4, r3]
20000a76:	23d8      	movs	r3, #216	; 0xd8
20000a78:	009b      	lsls	r3, r3, #2
20000a7a:	18e0      	adds	r0, r4, r3
20000a7c:	f000 f96c 	bl	20000d58 <hw_endpoint_start_next_buffer>
20000a80:	e688      	b.n	20000794 <dcd_rp2040_irq+0x244>
20000a82:	0029      	movs	r1, r5
20000a84:	480b      	ldr	r0, [pc, #44]	; (20000ab4 <dcd_rp2040_irq+0x564>)
20000a86:	4071      	eors	r1, r6
20000a88:	f000 faf2 	bl	20001070 <__panic_veneer>
20000a8c:	0000023a 	.word	0x0000023a
20000a90:	0000027a 	.word	0x0000027a
20000a94:	000002ba 	.word	0x000002ba
20000a98:	000002fa 	.word	0x000002fa
20000a9c:	0000033a 	.word	0x0000033a
20000aa0:	50112000 	.word	0x50112000
20000aa4:	50110000 	.word	0x50110000
20000aa8:	000003ba 	.word	0x000003ba
20000aac:	000003fb 	.word	0x000003fb
20000ab0:	000003fa 	.word	0x000003fa
20000ab4:	10005078 	.word	0x10005078

20000ab8 <prepare_ep_buffer>:
20000ab8:	b5f0      	push	{r4, r5, r6, r7, lr}
20000aba:	46d6      	mov	lr, sl
20000abc:	464f      	mov	r7, r9
20000abe:	4646      	mov	r6, r8
20000ac0:	0003      	movs	r3, r0
20000ac2:	b5c0      	push	{r6, r7, lr}
20000ac4:	8b1c      	ldrh	r4, [r3, #24]
20000ac6:	8a80      	ldrh	r0, [r0, #20]
20000ac8:	468a      	mov	sl, r1
20000aca:	1c22      	adds	r2, r4, #0
20000acc:	4284      	cmp	r4, r0
20000ace:	d900      	bls.n	20000ad2 <prepare_ep_buffer+0x1a>
20000ad0:	1c02      	adds	r2, r0, #0
20000ad2:	2680      	movs	r6, #128	; 0x80
20000ad4:	b292      	uxth	r2, r2
20000ad6:	1a80      	subs	r0, r0, r2
20000ad8:	78dd      	ldrb	r5, [r3, #3]
20000ada:	b284      	uxth	r4, r0
20000adc:	00f6      	lsls	r6, r6, #3
20000ade:	829c      	strh	r4, [r3, #20]
20000ae0:	4316      	orrs	r6, r2
20000ae2:	2d00      	cmp	r5, #0
20000ae4:	d002      	beq.n	20000aec <prepare_ep_buffer+0x34>
20000ae6:	2690      	movs	r6, #144	; 0x90
20000ae8:	01b6      	lsls	r6, r6, #6
20000aea:	4316      	orrs	r6, r2
20000aec:	2701      	movs	r7, #1
20000aee:	407d      	eors	r5, r7
20000af0:	70dd      	strb	r5, [r3, #3]
20000af2:	785d      	ldrb	r5, [r3, #1]
20000af4:	0030      	movs	r0, r6
20000af6:	2d00      	cmp	r5, #0
20000af8:	d147      	bne.n	20000b8a <prepare_ep_buffer+0xd2>
20000afa:	4651      	mov	r1, sl
20000afc:	68d8      	ldr	r0, [r3, #12]
20000afe:	0189      	lsls	r1, r1, #6
20000b00:	4689      	mov	r9, r1
20000b02:	4684      	mov	ip, r0
20000b04:	1e51      	subs	r1, r2, #1
20000b06:	44cc      	add	ip, r9
20000b08:	691f      	ldr	r7, [r3, #16]
20000b0a:	4688      	mov	r8, r1
20000b0c:	2a00      	cmp	r2, #0
20000b0e:	d037      	beq.n	20000b80 <prepare_ep_buffer+0xc8>
20000b10:	464c      	mov	r4, r9
20000b12:	0029      	movs	r1, r5
20000b14:	3404      	adds	r4, #4
20000b16:	1900      	adds	r0, r0, r4
20000b18:	4287      	cmp	r7, r0
20000b1a:	4169      	adcs	r1, r5
20000b1c:	0008      	movs	r0, r1
20000b1e:	4661      	mov	r1, ip
20000b20:	1d3c      	adds	r4, r7, #4
20000b22:	42a1      	cmp	r1, r4
20000b24:	416d      	adcs	r5, r5
20000b26:	4305      	orrs	r5, r0
20000b28:	2008      	movs	r0, #8
20000b2a:	4540      	cmp	r0, r8
20000b2c:	4180      	sbcs	r0, r0
20000b2e:	4240      	negs	r0, r0
20000b30:	4228      	tst	r0, r5
20000b32:	d038      	beq.n	20000ba6 <prepare_ep_buffer+0xee>
20000b34:	4660      	mov	r0, ip
20000b36:	4338      	orrs	r0, r7
20000b38:	0781      	lsls	r1, r0, #30
20000b3a:	d134      	bne.n	20000ba6 <prepare_ep_buffer+0xee>
20000b3c:	1f15      	subs	r5, r2, #4
20000b3e:	08ad      	lsrs	r5, r5, #2
20000b40:	1c69      	adds	r1, r5, #1
20000b42:	4689      	mov	r9, r1
20000b44:	2000      	movs	r0, #0
20000b46:	2400      	movs	r4, #0
20000b48:	4661      	mov	r1, ip
20000b4a:	583d      	ldr	r5, [r7, r0]
20000b4c:	3401      	adds	r4, #1
20000b4e:	500d      	str	r5, [r1, r0]
20000b50:	3004      	adds	r0, #4
20000b52:	45a1      	cmp	r9, r4
20000b54:	d8f8      	bhi.n	20000b48 <prepare_ep_buffer+0x90>
20000b56:	4649      	mov	r1, r9
20000b58:	008d      	lsls	r5, r1, #2
20000b5a:	4661      	mov	r1, ip
20000b5c:	194c      	adds	r4, r1, r5
20000b5e:	4641      	mov	r1, r8
20000b60:	197f      	adds	r7, r7, r5
20000b62:	1b48      	subs	r0, r1, r5
20000b64:	42aa      	cmp	r2, r5
20000b66:	d009      	beq.n	20000b7c <prepare_ep_buffer+0xc4>
20000b68:	783d      	ldrb	r5, [r7, #0]
20000b6a:	7025      	strb	r5, [r4, #0]
20000b6c:	2800      	cmp	r0, #0
20000b6e:	d005      	beq.n	20000b7c <prepare_ep_buffer+0xc4>
20000b70:	787d      	ldrb	r5, [r7, #1]
20000b72:	7065      	strb	r5, [r4, #1]
20000b74:	2801      	cmp	r0, #1
20000b76:	d001      	beq.n	20000b7c <prepare_ep_buffer+0xc4>
20000b78:	78b8      	ldrb	r0, [r7, #2]
20000b7a:	70a0      	strb	r0, [r4, #2]
20000b7c:	691f      	ldr	r7, [r3, #16]
20000b7e:	8a9c      	ldrh	r4, [r3, #20]
20000b80:	2080      	movs	r0, #128	; 0x80
20000b82:	18ba      	adds	r2, r7, r2
20000b84:	0200      	lsls	r0, r0, #8
20000b86:	611a      	str	r2, [r3, #16]
20000b88:	4330      	orrs	r0, r6
20000b8a:	2c00      	cmp	r4, #0
20000b8c:	d102      	bne.n	20000b94 <prepare_ep_buffer+0xdc>
20000b8e:	2380      	movs	r3, #128	; 0x80
20000b90:	01db      	lsls	r3, r3, #7
20000b92:	4318      	orrs	r0, r3
20000b94:	4653      	mov	r3, sl
20000b96:	2b00      	cmp	r3, #0
20000b98:	d000      	beq.n	20000b9c <prepare_ep_buffer+0xe4>
20000b9a:	0400      	lsls	r0, r0, #16
20000b9c:	bc1c      	pop	{r2, r3, r4}
20000b9e:	4690      	mov	r8, r2
20000ba0:	4699      	mov	r9, r3
20000ba2:	46a2      	mov	sl, r4
20000ba4:	bdf0      	pop	{r4, r5, r6, r7, pc}
20000ba6:	2000      	movs	r0, #0
20000ba8:	4661      	mov	r1, ip
20000baa:	5c3c      	ldrb	r4, [r7, r0]
20000bac:	540c      	strb	r4, [r1, r0]
20000bae:	3001      	adds	r0, #1
20000bb0:	4282      	cmp	r2, r0
20000bb2:	d1f9      	bne.n	20000ba8 <prepare_ep_buffer+0xf0>
20000bb4:	e7e2      	b.n	20000b7c <prepare_ep_buffer+0xc4>
20000bb6:	46c0      	nop			; (mov r8, r8)

20000bb8 <sync_ep_buffer>:
20000bb8:	6883      	ldr	r3, [r0, #8]
20000bba:	b5f0      	push	{r4, r5, r6, r7, lr}
20000bbc:	0006      	movs	r6, r0
20000bbe:	6818      	ldr	r0, [r3, #0]
20000bc0:	2900      	cmp	r1, #0
20000bc2:	d000      	beq.n	20000bc6 <sync_ep_buffer+0xe>
20000bc4:	0c00      	lsrs	r0, r0, #16
20000bc6:	7873      	ldrb	r3, [r6, #1]
20000bc8:	0580      	lsls	r0, r0, #22
20000bca:	0d80      	lsrs	r0, r0, #22
20000bcc:	2b00      	cmp	r3, #0
20000bce:	d108      	bne.n	20000be2 <sync_ep_buffer+0x2a>
20000bd0:	8af3      	ldrh	r3, [r6, #22]
20000bd2:	18c3      	adds	r3, r0, r3
20000bd4:	82f3      	strh	r3, [r6, #22]
20000bd6:	8b33      	ldrh	r3, [r6, #24]
20000bd8:	4283      	cmp	r3, r0
20000bda:	d901      	bls.n	20000be0 <sync_ep_buffer+0x28>
20000bdc:	2300      	movs	r3, #0
20000bde:	82b3      	strh	r3, [r6, #20]
20000be0:	bdf0      	pop	{r4, r5, r6, r7, pc}
20000be2:	68f3      	ldr	r3, [r6, #12]
20000be4:	0189      	lsls	r1, r1, #6
20000be6:	1e44      	subs	r4, r0, #1
20000be8:	6932      	ldr	r2, [r6, #16]
20000bea:	185d      	adds	r5, r3, r1
20000bec:	46a4      	mov	ip, r4
20000bee:	2800      	cmp	r0, #0
20000bf0:	d032      	beq.n	20000c58 <sync_ep_buffer+0xa0>
20000bf2:	3104      	adds	r1, #4
20000bf4:	1859      	adds	r1, r3, r1
20000bf6:	2300      	movs	r3, #0
20000bf8:	001c      	movs	r4, r3
20000bfa:	428a      	cmp	r2, r1
20000bfc:	415c      	adcs	r4, r3
20000bfe:	0021      	movs	r1, r4
20000c00:	1d14      	adds	r4, r2, #4
20000c02:	42a5      	cmp	r5, r4
20000c04:	415b      	adcs	r3, r3
20000c06:	0014      	movs	r4, r2
20000c08:	430b      	orrs	r3, r1
20000c0a:	2103      	movs	r1, #3
20000c0c:	432c      	orrs	r4, r5
20000c0e:	4021      	ands	r1, r4
20000c10:	424c      	negs	r4, r1
20000c12:	4161      	adcs	r1, r4
20000c14:	4219      	tst	r1, r3
20000c16:	d025      	beq.n	20000c64 <sync_ep_buffer+0xac>
20000c18:	4663      	mov	r3, ip
20000c1a:	2b08      	cmp	r3, #8
20000c1c:	d922      	bls.n	20000c64 <sync_ep_buffer+0xac>
20000c1e:	2300      	movs	r3, #0
20000c20:	2100      	movs	r1, #0
20000c22:	1f04      	subs	r4, r0, #4
20000c24:	08a4      	lsrs	r4, r4, #2
20000c26:	3401      	adds	r4, #1
20000c28:	58ef      	ldr	r7, [r5, r3]
20000c2a:	3101      	adds	r1, #1
20000c2c:	50d7      	str	r7, [r2, r3]
20000c2e:	3304      	adds	r3, #4
20000c30:	428c      	cmp	r4, r1
20000c32:	d8f9      	bhi.n	20000c28 <sync_ep_buffer+0x70>
20000c34:	4663      	mov	r3, ip
20000c36:	00a4      	lsls	r4, r4, #2
20000c38:	192d      	adds	r5, r5, r4
20000c3a:	1912      	adds	r2, r2, r4
20000c3c:	1b1f      	subs	r7, r3, r4
20000c3e:	42a0      	cmp	r0, r4
20000c40:	d009      	beq.n	20000c56 <sync_ep_buffer+0x9e>
20000c42:	782b      	ldrb	r3, [r5, #0]
20000c44:	7013      	strb	r3, [r2, #0]
20000c46:	2f00      	cmp	r7, #0
20000c48:	d005      	beq.n	20000c56 <sync_ep_buffer+0x9e>
20000c4a:	786b      	ldrb	r3, [r5, #1]
20000c4c:	7053      	strb	r3, [r2, #1]
20000c4e:	2f01      	cmp	r7, #1
20000c50:	d001      	beq.n	20000c56 <sync_ep_buffer+0x9e>
20000c52:	78ab      	ldrb	r3, [r5, #2]
20000c54:	7093      	strb	r3, [r2, #2]
20000c56:	6932      	ldr	r2, [r6, #16]
20000c58:	8af3      	ldrh	r3, [r6, #22]
20000c5a:	1812      	adds	r2, r2, r0
20000c5c:	18c3      	adds	r3, r0, r3
20000c5e:	82f3      	strh	r3, [r6, #22]
20000c60:	6132      	str	r2, [r6, #16]
20000c62:	e7b8      	b.n	20000bd6 <sync_ep_buffer+0x1e>
20000c64:	2300      	movs	r3, #0
20000c66:	5ce9      	ldrb	r1, [r5, r3]
20000c68:	54d1      	strb	r1, [r2, r3]
20000c6a:	3301      	adds	r3, #1
20000c6c:	4298      	cmp	r0, r3
20000c6e:	d1fa      	bne.n	20000c66 <sync_ep_buffer+0xae>
20000c70:	6932      	ldr	r2, [r6, #16]
20000c72:	e7f1      	b.n	20000c58 <sync_ep_buffer+0xa0>

20000c74 <_hw_endpoint_xfer_sync>:
20000c74:	b510      	push	{r4, lr}
20000c76:	0004      	movs	r4, r0
20000c78:	6883      	ldr	r3, [r0, #8]
20000c7a:	2100      	movs	r1, #0
20000c7c:	681b      	ldr	r3, [r3, #0]
20000c7e:	f7ff ff9b 	bl	20000bb8 <sync_ep_buffer>
20000c82:	6863      	ldr	r3, [r4, #4]
20000c84:	681b      	ldr	r3, [r3, #0]
20000c86:	005b      	lsls	r3, r3, #1
20000c88:	d502      	bpl.n	20000c90 <_hw_endpoint_xfer_sync+0x1c>
20000c8a:	8b23      	ldrh	r3, [r4, #24]
20000c8c:	4283      	cmp	r3, r0
20000c8e:	d000      	beq.n	20000c92 <_hw_endpoint_xfer_sync+0x1e>
20000c90:	bd10      	pop	{r4, pc}
20000c92:	2101      	movs	r1, #1
20000c94:	0020      	movs	r0, r4
20000c96:	f7ff ff8f 	bl	20000bb8 <sync_ep_buffer>
20000c9a:	e7f9      	b.n	20000c90 <_hw_endpoint_xfer_sync+0x1c>

20000c9c <e15_is_bulkin_ep.isra.0>:
20000c9c:	4b08      	ldr	r3, [pc, #32]	; (20000cc0 <e15_is_bulkin_ep.isra.0+0x24>)
20000c9e:	6c1a      	ldr	r2, [r3, #64]	; 0x40
20000ca0:	2300      	movs	r3, #0
20000ca2:	0792      	lsls	r2, r2, #30
20000ca4:	d403      	bmi.n	20000cae <e15_is_bulkin_ep.isra.0+0x12>
20000ca6:	7802      	ldrb	r2, [r0, #0]
20000ca8:	09d2      	lsrs	r2, r2, #7
20000caa:	2a01      	cmp	r2, #1
20000cac:	d001      	beq.n	20000cb2 <e15_is_bulkin_ep.isra.0+0x16>
20000cae:	0018      	movs	r0, r3
20000cb0:	4770      	bx	lr
20000cb2:	780b      	ldrb	r3, [r1, #0]
20000cb4:	3b02      	subs	r3, #2
20000cb6:	4258      	negs	r0, r3
20000cb8:	4143      	adcs	r3, r0
20000cba:	b2db      	uxtb	r3, r3
20000cbc:	e7f7      	b.n	20000cae <e15_is_bulkin_ep.isra.0+0x12>
20000cbe:	46c0      	nop			; (mov r8, r8)
20000cc0:	50110000 	.word	0x50110000

20000cc4 <e15_is_critical_frame_period>:
20000cc4:	0001      	movs	r1, r0
20000cc6:	b510      	push	{r4, lr}
20000cc8:	311b      	adds	r1, #27
20000cca:	3002      	adds	r0, #2
20000ccc:	f7ff ffe6 	bl	20000c9c <e15_is_bulkin_ep.isra.0>
20000cd0:	2800      	cmp	r0, #0
20000cd2:	d00c      	beq.n	20000cee <e15_is_critical_frame_period+0x2a>
20000cd4:	4906      	ldr	r1, [pc, #24]	; (20000cf0 <e15_is_critical_frame_period+0x2c>)
20000cd6:	4b07      	ldr	r3, [pc, #28]	; (20000cf4 <e15_is_critical_frame_period+0x30>)
20000cd8:	468c      	mov	ip, r1
20000cda:	4a07      	ldr	r2, [pc, #28]	; (20000cf8 <e15_is_critical_frame_period+0x34>)
20000cdc:	6a9b      	ldr	r3, [r3, #40]	; 0x28
20000cde:	6812      	ldr	r2, [r2, #0]
20000ce0:	4463      	add	r3, ip
20000ce2:	1a9b      	subs	r3, r3, r2
20000ce4:	2000      	movs	r0, #0
20000ce6:	22c6      	movs	r2, #198	; 0xc6
20000ce8:	429a      	cmp	r2, r3
20000cea:	4140      	adcs	r0, r0
20000cec:	b2c0      	uxtb	r0, r0
20000cee:	bd10      	pop	{r4, pc}
20000cf0:	fffffce0 	.word	0xfffffce0
20000cf4:	40054000 	.word	0x40054000
20000cf8:	2000193c 	.word	0x2000193c

20000cfc <hw_endpoint_reset_transfer>:
20000cfc:	2300      	movs	r3, #0
20000cfe:	7683      	strb	r3, [r0, #26]
20000d00:	6143      	str	r3, [r0, #20]
20000d02:	6103      	str	r3, [r0, #16]
20000d04:	4770      	bx	lr
20000d06:	46c0      	nop			; (mov r8, r8)

20000d08 <_hw_endpoint_buffer_control_update32>:
20000d08:	b510      	push	{r4, lr}
20000d0a:	6883      	ldr	r3, [r0, #8]
20000d0c:	2900      	cmp	r1, #0
20000d0e:	d001      	beq.n	20000d14 <_hw_endpoint_buffer_control_update32+0xc>
20000d10:	681c      	ldr	r4, [r3, #0]
20000d12:	4021      	ands	r1, r4
20000d14:	2a00      	cmp	r2, #0
20000d16:	d012      	beq.n	20000d3e <_hw_endpoint_buffer_control_update32+0x36>
20000d18:	2480      	movs	r4, #128	; 0x80
20000d1a:	00e4      	lsls	r4, r4, #3
20000d1c:	4311      	orrs	r1, r2
20000d1e:	4222      	tst	r2, r4
20000d20:	d00d      	beq.n	20000d3e <_hw_endpoint_buffer_control_update32+0x36>
20000d22:	681a      	ldr	r2, [r3, #0]
20000d24:	4222      	tst	r2, r4
20000d26:	d10c      	bne.n	20000d42 <_hw_endpoint_buffer_control_update32+0x3a>
20000d28:	4a08      	ldr	r2, [pc, #32]	; (20000d4c <_hw_endpoint_buffer_control_update32+0x44>)
20000d2a:	400a      	ands	r2, r1
20000d2c:	601a      	str	r2, [r3, #0]
20000d2e:	4a08      	ldr	r2, [pc, #32]	; (20000d50 <_hw_endpoint_buffer_control_update32+0x48>)
20000d30:	6c12      	ldr	r2, [r2, #64]	; 0x40
20000d32:	0792      	lsls	r2, r2, #30
20000d34:	d403      	bmi.n	20000d3e <_hw_endpoint_buffer_control_update32+0x36>
20000d36:	230c      	movs	r3, #12
20000d38:	3b03      	subs	r3, #3
20000d3a:	d2fd      	bcs.n	20000d38 <_hw_endpoint_buffer_control_update32+0x30>
20000d3c:	6883      	ldr	r3, [r0, #8]
20000d3e:	6019      	str	r1, [r3, #0]
20000d40:	bd10      	pop	{r4, pc}
20000d42:	7881      	ldrb	r1, [r0, #2]
20000d44:	4803      	ldr	r0, [pc, #12]	; (20000d54 <_hw_endpoint_buffer_control_update32+0x4c>)
20000d46:	f000 f993 	bl	20001070 <__panic_veneer>
20000d4a:	46c0      	nop			; (mov r8, r8)
20000d4c:	fffffbff 	.word	0xfffffbff
20000d50:	50110000 	.word	0x50110000
20000d54:	1000508c 	.word	0x1000508c

20000d58 <hw_endpoint_start_next_buffer>:
20000d58:	6843      	ldr	r3, [r0, #4]
20000d5a:	b570      	push	{r4, r5, r6, lr}
20000d5c:	2100      	movs	r1, #0
20000d5e:	2580      	movs	r5, #128	; 0x80
20000d60:	681e      	ldr	r6, [r3, #0]
20000d62:	0004      	movs	r4, r0
20000d64:	f7ff fea8 	bl	20000ab8 <prepare_ep_buffer>
20000d68:	4b13      	ldr	r3, [pc, #76]	; (20000db8 <hw_endpoint_start_next_buffer+0x60>)
20000d6a:	016d      	lsls	r5, r5, #5
20000d6c:	6c1b      	ldr	r3, [r3, #64]	; 0x40
20000d6e:	4305      	orrs	r5, r0
20000d70:	079b      	lsls	r3, r3, #30
20000d72:	d50f      	bpl.n	20000d94 <hw_endpoint_start_next_buffer+0x3c>
20000d74:	78a3      	ldrb	r3, [r4, #2]
20000d76:	065b      	lsls	r3, r3, #25
20000d78:	d00f      	beq.n	20000d9a <hw_endpoint_start_next_buffer+0x42>
20000d7a:	4b10      	ldr	r3, [pc, #64]	; (20000dbc <hw_endpoint_start_next_buffer+0x64>)
20000d7c:	401e      	ands	r6, r3
20000d7e:	2380      	movs	r3, #128	; 0x80
20000d80:	059b      	lsls	r3, r3, #22
20000d82:	4333      	orrs	r3, r6
20000d84:	6862      	ldr	r2, [r4, #4]
20000d86:	2100      	movs	r1, #0
20000d88:	6013      	str	r3, [r2, #0]
20000d8a:	0020      	movs	r0, r4
20000d8c:	002a      	movs	r2, r5
20000d8e:	f7ff ffbb 	bl	20000d08 <_hw_endpoint_buffer_control_update32>
20000d92:	bd70      	pop	{r4, r5, r6, pc}
20000d94:	78a3      	ldrb	r3, [r4, #2]
20000d96:	09db      	lsrs	r3, r3, #7
20000d98:	d0ef      	beq.n	20000d7a <hw_endpoint_start_next_buffer+0x22>
20000d9a:	8aa3      	ldrh	r3, [r4, #20]
20000d9c:	2b00      	cmp	r3, #0
20000d9e:	d0ec      	beq.n	20000d7a <hw_endpoint_start_next_buffer+0x22>
20000da0:	2101      	movs	r1, #1
20000da2:	0020      	movs	r0, r4
20000da4:	f7ff fe88 	bl	20000ab8 <prepare_ep_buffer>
20000da8:	23a0      	movs	r3, #160	; 0xa0
20000daa:	4a05      	ldr	r2, [pc, #20]	; (20000dc0 <hw_endpoint_start_next_buffer+0x68>)
20000dac:	05db      	lsls	r3, r3, #23
20000dae:	4032      	ands	r2, r6
20000db0:	4305      	orrs	r5, r0
20000db2:	4313      	orrs	r3, r2
20000db4:	e7e6      	b.n	20000d84 <hw_endpoint_start_next_buffer+0x2c>
20000db6:	46c0      	nop			; (mov r8, r8)
20000db8:	50110000 	.word	0x50110000
20000dbc:	afffffff 	.word	0xafffffff
20000dc0:	dfffffff 	.word	0xdfffffff

20000dc4 <hw_endpoint_xfer_continue>:
20000dc4:	b570      	push	{r4, r5, r6, lr}
20000dc6:	7e85      	ldrb	r5, [r0, #26]
20000dc8:	0004      	movs	r4, r0
20000dca:	2d00      	cmp	r5, #0
20000dcc:	d013      	beq.n	20000df6 <hw_endpoint_xfer_continue+0x32>
20000dce:	f7ff ff51 	bl	20000c74 <_hw_endpoint_xfer_sync>
20000dd2:	8aa3      	ldrh	r3, [r4, #20]
20000dd4:	2b00      	cmp	r3, #0
20000dd6:	d101      	bne.n	20000ddc <hw_endpoint_xfer_continue+0x18>
20000dd8:	0028      	movs	r0, r5
20000dda:	bd70      	pop	{r4, r5, r6, pc}
20000ddc:	0020      	movs	r0, r4
20000dde:	f7ff ff71 	bl	20000cc4 <e15_is_critical_frame_period>
20000de2:	1e05      	subs	r5, r0, #0
20000de4:	d003      	beq.n	20000dee <hw_endpoint_xfer_continue+0x2a>
20000de6:	2301      	movs	r3, #1
20000de8:	2500      	movs	r5, #0
20000dea:	7723      	strb	r3, [r4, #28]
20000dec:	e7f4      	b.n	20000dd8 <hw_endpoint_xfer_continue+0x14>
20000dee:	0020      	movs	r0, r4
20000df0:	f7ff ffb2 	bl	20000d58 <hw_endpoint_start_next_buffer>
20000df4:	e7f0      	b.n	20000dd8 <hw_endpoint_xfer_continue+0x14>
20000df6:	7881      	ldrb	r1, [r0, #2]
20000df8:	4801      	ldr	r0, [pc, #4]	; (20000e00 <hw_endpoint_xfer_continue+0x3c>)
20000dfa:	f000 f939 	bl	20001070 <__panic_veneer>
20000dfe:	46c0      	nop			; (mov r8, r8)
20000e00:	100050ac 	.word	0x100050ac

20000e04 <dcd_event_handler>:
20000e04:	b5f0      	push	{r4, r5, r6, r7, lr}
20000e06:	46ce      	mov	lr, r9
20000e08:	4647      	mov	r7, r8
20000e0a:	b580      	push	{r7, lr}
20000e0c:	7843      	ldrb	r3, [r0, #1]
20000e0e:	b085      	sub	sp, #20
20000e10:	0005      	movs	r5, r0
20000e12:	000e      	movs	r6, r1
20000e14:	2b06      	cmp	r3, #6
20000e16:	d80b      	bhi.n	20000e30 <dcd_event_handler+0x2c>
20000e18:	4a70      	ldr	r2, [pc, #448]	; (20000fdc <dcd_event_handler+0x1d8>)
20000e1a:	009b      	lsls	r3, r3, #2
20000e1c:	58d3      	ldr	r3, [r2, r3]
20000e1e:	469f      	mov	pc, r3
20000e20:	4b6f      	ldr	r3, [pc, #444]	; (20000fe0 <dcd_event_handler+0x1dc>)
20000e22:	781a      	ldrb	r2, [r3, #0]
20000e24:	07d2      	lsls	r2, r2, #31
20000e26:	d51d      	bpl.n	20000e64 <dcd_event_handler+0x60>
20000e28:	2104      	movs	r1, #4
20000e2a:	781a      	ldrb	r2, [r3, #0]
20000e2c:	430a      	orrs	r2, r1
20000e2e:	701a      	strb	r2, [r3, #0]
20000e30:	4b6c      	ldr	r3, [pc, #432]	; (20000fe4 <dcd_event_handler+0x1e0>)
20000e32:	681c      	ldr	r4, [r3, #0]
20000e34:	6962      	ldr	r2, [r4, #20]
20000e36:	f3ef 8110 	mrs	r1, PRIMASK
20000e3a:	b672      	cpsid	i
20000e3c:	6813      	ldr	r3, [r2, #0]
20000e3e:	2b00      	cmp	r3, #0
20000e40:	d0fc      	beq.n	20000e3c <dcd_event_handler+0x38>
20000e42:	f3bf 8f5f 	dmb	sy
20000e46:	61a1      	str	r1, [r4, #24]
20000e48:	0020      	movs	r0, r4
20000e4a:	0029      	movs	r1, r5
20000e4c:	f000 f8e0 	bl	20001010 <__tu_fifo_write_veneer>
20000e50:	6962      	ldr	r2, [r4, #20]
20000e52:	69a3      	ldr	r3, [r4, #24]
20000e54:	f3bf 8f5f 	dmb	sy
20000e58:	2100      	movs	r1, #0
20000e5a:	6011      	str	r1, [r2, #0]
20000e5c:	f383 8810 	msr	PRIMASK, r3
20000e60:	2800      	cmp	r0, #0
20000e62:	d104      	bne.n	20000e6e <dcd_event_handler+0x6a>
20000e64:	b005      	add	sp, #20
20000e66:	bc0c      	pop	{r2, r3}
20000e68:	4690      	mov	r8, r2
20000e6a:	4699      	mov	r9, r3
20000e6c:	bdf0      	pop	{r4, r5, r6, r7, pc}
20000e6e:	7869      	ldrb	r1, [r5, #1]
20000e70:	7828      	ldrb	r0, [r5, #0]
20000e72:	0032      	movs	r2, r6
20000e74:	f000 f8ec 	bl	20001050 <__tud_event_hook_cb_veneer>
20000e78:	e7f4      	b.n	20000e64 <dcd_event_handler+0x60>
20000e7a:	4a5b      	ldr	r2, [pc, #364]	; (20000fe8 <dcd_event_handler+0x1e4>)
20000e7c:	7813      	ldrb	r3, [r2, #0]
20000e7e:	3301      	adds	r3, #1
20000e80:	b2db      	uxtb	r3, r3
20000e82:	7013      	strb	r3, [r2, #0]
20000e84:	e7d4      	b.n	20000e30 <dcd_event_handler+0x2c>
20000e86:	2101      	movs	r1, #1
20000e88:	4b55      	ldr	r3, [pc, #340]	; (20000fe0 <dcd_event_handler+0x1dc>)
20000e8a:	781a      	ldrb	r2, [r3, #0]
20000e8c:	438a      	bics	r2, r1
20000e8e:	701a      	strb	r2, [r3, #0]
20000e90:	781a      	ldrb	r2, [r3, #0]
20000e92:	3101      	adds	r1, #1
20000e94:	438a      	bics	r2, r1
20000e96:	701a      	strb	r2, [r3, #0]
20000e98:	2200      	movs	r2, #0
20000e9a:	705a      	strb	r2, [r3, #1]
20000e9c:	781a      	ldrb	r2, [r3, #0]
20000e9e:	3102      	adds	r1, #2
20000ea0:	438a      	bics	r2, r1
20000ea2:	701a      	strb	r2, [r3, #0]
20000ea4:	e7c4      	b.n	20000e30 <dcd_event_handler+0x2c>
20000ea6:	4951      	ldr	r1, [pc, #324]	; (20000fec <dcd_event_handler+0x1e8>)
20000ea8:	4f51      	ldr	r7, [pc, #324]	; (20000ff0 <dcd_event_handler+0x1ec>)
20000eaa:	4689      	mov	r9, r1
20000eac:	4951      	ldr	r1, [pc, #324]	; (20000ff4 <dcd_event_handler+0x1f0>)
20000eae:	783a      	ldrb	r2, [r7, #0]
20000eb0:	2400      	movs	r4, #0
20000eb2:	2300      	movs	r3, #0
20000eb4:	4688      	mov	r8, r1
20000eb6:	e00c      	b.n	20000ed2 <dcd_event_handler+0xce>
20000eb8:	4641      	mov	r1, r8
20000eba:	6809      	ldr	r1, [r1, #0]
20000ebc:	0163      	lsls	r3, r4, #5
20000ebe:	468c      	mov	ip, r1
20000ec0:	4463      	add	r3, ip
20000ec2:	2b00      	cmp	r3, #0
20000ec4:	d10a      	bne.n	20000edc <dcd_event_handler+0xd8>
20000ec6:	3401      	adds	r4, #1
20000ec8:	b2e4      	uxtb	r4, r4
20000eca:	1c51      	adds	r1, r2, #1
20000ecc:	0023      	movs	r3, r4
20000ece:	42a1      	cmp	r1, r4
20000ed0:	db11      	blt.n	20000ef6 <dcd_event_handler+0xf2>
20000ed2:	42a2      	cmp	r2, r4
20000ed4:	d8f0      	bhi.n	20000eb8 <dcd_event_handler+0xb4>
20000ed6:	1a9b      	subs	r3, r3, r2
20000ed8:	015b      	lsls	r3, r3, #5
20000eda:	444b      	add	r3, r9
20000edc:	69db      	ldr	r3, [r3, #28]
20000ede:	2b00      	cmp	r3, #0
20000ee0:	d0f1      	beq.n	20000ec6 <dcd_event_handler+0xc2>
20000ee2:	6869      	ldr	r1, [r5, #4]
20000ee4:	7828      	ldrb	r0, [r5, #0]
20000ee6:	4798      	blx	r3
20000ee8:	783a      	ldrb	r2, [r7, #0]
20000eea:	3401      	adds	r4, #1
20000eec:	b2e4      	uxtb	r4, r4
20000eee:	1c51      	adds	r1, r2, #1
20000ef0:	0023      	movs	r3, r4
20000ef2:	42a1      	cmp	r1, r4
20000ef4:	daed      	bge.n	20000ed2 <dcd_event_handler+0xce>
20000ef6:	4f3a      	ldr	r7, [pc, #232]	; (20000fe0 <dcd_event_handler+0x1dc>)
20000ef8:	783b      	ldrb	r3, [r7, #0]
20000efa:	075b      	lsls	r3, r3, #29
20000efc:	d52b      	bpl.n	20000f56 <dcd_event_handler+0x152>
20000efe:	2204      	movs	r2, #4
20000f00:	783b      	ldrb	r3, [r7, #0]
20000f02:	2100      	movs	r1, #0
20000f04:	4393      	bics	r3, r2
20000f06:	703b      	strb	r3, [r7, #0]
20000f08:	466b      	mov	r3, sp
20000f0a:	3206      	adds	r2, #6
20000f0c:	1d98      	adds	r0, r3, #6
20000f0e:	f000 f887 	bl	20001020 <____wrap_memset_veneer>
20000f12:	782b      	ldrb	r3, [r5, #0]
20000f14:	ac01      	add	r4, sp, #4
20000f16:	7023      	strb	r3, [r4, #0]
20000f18:	2305      	movs	r3, #5
20000f1a:	7063      	strb	r3, [r4, #1]
20000f1c:	4b31      	ldr	r3, [pc, #196]	; (20000fe4 <dcd_event_handler+0x1e0>)
20000f1e:	681b      	ldr	r3, [r3, #0]
20000f20:	4698      	mov	r8, r3
20000f22:	695a      	ldr	r2, [r3, #20]
20000f24:	f3ef 8110 	mrs	r1, PRIMASK
20000f28:	b672      	cpsid	i
20000f2a:	6813      	ldr	r3, [r2, #0]
20000f2c:	2b00      	cmp	r3, #0
20000f2e:	d0fc      	beq.n	20000f2a <dcd_event_handler+0x126>
20000f30:	f3bf 8f5f 	dmb	sy
20000f34:	4643      	mov	r3, r8
20000f36:	4640      	mov	r0, r8
20000f38:	6199      	str	r1, [r3, #24]
20000f3a:	0021      	movs	r1, r4
20000f3c:	f000 f868 	bl	20001010 <__tu_fifo_write_veneer>
20000f40:	4643      	mov	r3, r8
20000f42:	695a      	ldr	r2, [r3, #20]
20000f44:	699b      	ldr	r3, [r3, #24]
20000f46:	f3bf 8f5f 	dmb	sy
20000f4a:	2100      	movs	r1, #0
20000f4c:	6011      	str	r1, [r2, #0]
20000f4e:	f383 8810 	msr	PRIMASK, r3
20000f52:	2800      	cmp	r0, #0
20000f54:	d13b      	bne.n	20000fce <dcd_event_handler+0x1ca>
20000f56:	78fb      	ldrb	r3, [r7, #3]
20000f58:	07db      	lsls	r3, r3, #31
20000f5a:	d400      	bmi.n	20000f5e <dcd_event_handler+0x15a>
20000f5c:	e782      	b.n	20000e64 <dcd_event_handler+0x60>
20000f5e:	466b      	mov	r3, sp
20000f60:	220a      	movs	r2, #10
20000f62:	2100      	movs	r1, #0
20000f64:	1d98      	adds	r0, r3, #6
20000f66:	f000 f85b 	bl	20001020 <____wrap_memset_veneer>
20000f6a:	782b      	ldrb	r3, [r5, #0]
20000f6c:	ac01      	add	r4, sp, #4
20000f6e:	7023      	strb	r3, [r4, #0]
20000f70:	2303      	movs	r3, #3
20000f72:	7063      	strb	r3, [r4, #1]
20000f74:	686b      	ldr	r3, [r5, #4]
20000f76:	6063      	str	r3, [r4, #4]
20000f78:	4b1a      	ldr	r3, [pc, #104]	; (20000fe4 <dcd_event_handler+0x1e0>)
20000f7a:	681d      	ldr	r5, [r3, #0]
20000f7c:	696a      	ldr	r2, [r5, #20]
20000f7e:	f3ef 8110 	mrs	r1, PRIMASK
20000f82:	b672      	cpsid	i
20000f84:	6813      	ldr	r3, [r2, #0]
20000f86:	2b00      	cmp	r3, #0
20000f88:	d0fc      	beq.n	20000f84 <dcd_event_handler+0x180>
20000f8a:	f3bf 8f5f 	dmb	sy
20000f8e:	61a9      	str	r1, [r5, #24]
20000f90:	0028      	movs	r0, r5
20000f92:	0021      	movs	r1, r4
20000f94:	f000 f83c 	bl	20001010 <__tu_fifo_write_veneer>
20000f98:	696a      	ldr	r2, [r5, #20]
20000f9a:	69ab      	ldr	r3, [r5, #24]
20000f9c:	f3bf 8f5f 	dmb	sy
20000fa0:	2100      	movs	r1, #0
20000fa2:	6011      	str	r1, [r2, #0]
20000fa4:	f383 8810 	msr	PRIMASK, r3
20000fa8:	2800      	cmp	r0, #0
20000faa:	d100      	bne.n	20000fae <dcd_event_handler+0x1aa>
20000fac:	e75a      	b.n	20000e64 <dcd_event_handler+0x60>
20000fae:	7861      	ldrb	r1, [r4, #1]
20000fb0:	7820      	ldrb	r0, [r4, #0]
20000fb2:	0032      	movs	r2, r6
20000fb4:	f000 f84c 	bl	20001050 <__tud_event_hook_cb_veneer>
20000fb8:	e754      	b.n	20000e64 <dcd_event_handler+0x60>
20000fba:	4b09      	ldr	r3, [pc, #36]	; (20000fe0 <dcd_event_handler+0x1dc>)
20000fbc:	781a      	ldrb	r2, [r3, #0]
20000fbe:	07d2      	lsls	r2, r2, #31
20000fc0:	d400      	bmi.n	20000fc4 <dcd_event_handler+0x1c0>
20000fc2:	e74f      	b.n	20000e64 <dcd_event_handler+0x60>
20000fc4:	2104      	movs	r1, #4
20000fc6:	781a      	ldrb	r2, [r3, #0]
20000fc8:	438a      	bics	r2, r1
20000fca:	701a      	strb	r2, [r3, #0]
20000fcc:	e730      	b.n	20000e30 <dcd_event_handler+0x2c>
20000fce:	7861      	ldrb	r1, [r4, #1]
20000fd0:	7820      	ldrb	r0, [r4, #0]
20000fd2:	0032      	movs	r2, r6
20000fd4:	f000 f83c 	bl	20001050 <__tud_event_hook_cb_veneer>
20000fd8:	e7bd      	b.n	20000f56 <dcd_event_handler+0x152>
20000fda:	46c0      	nop			; (mov r8, r8)
20000fdc:	10005160 	.word	0x10005160
20000fe0:	200014a4 	.word	0x200014a4
20000fe4:	200014fc 	.word	0x200014fc
20000fe8:	20001d9b 	.word	0x20001d9b
20000fec:	1000517c 	.word	0x1000517c
20000ff0:	20001d99 	.word	0x20001d99
20000ff4:	200012f4 	.word	0x200012f4

20000ff8 <__aeabi_idiv0>:
20000ff8:	4770      	bx	lr
20000ffa:	46c0      	nop			; (mov r8, r8)
20000ffc:	0000      	movs	r0, r0
	...

20001000 <__time_us_64_veneer>:
20001000:	b401      	push	{r0}
20001002:	4802      	ldr	r0, [pc, #8]	; (2000100c <__time_us_64_veneer+0xc>)
20001004:	4684      	mov	ip, r0
20001006:	bc01      	pop	{r0}
20001008:	4760      	bx	ip
2000100a:	bf00      	nop
2000100c:	10001771 	.word	0x10001771

20001010 <__tu_fifo_write_veneer>:
20001010:	b401      	push	{r0}
20001012:	4802      	ldr	r0, [pc, #8]	; (2000101c <__tu_fifo_write_veneer+0xc>)
20001014:	4684      	mov	ip, r0
20001016:	bc01      	pop	{r0}
20001018:	4760      	bx	ip
2000101a:	bf00      	nop
2000101c:	100049c1 	.word	0x100049c1

20001020 <____wrap_memset_veneer>:
20001020:	b401      	push	{r0}
20001022:	4802      	ldr	r0, [pc, #8]	; (2000102c <____wrap_memset_veneer+0xc>)
20001024:	4684      	mov	ip, r0
20001026:	bc01      	pop	{r0}
20001028:	4760      	bx	ip
2000102a:	bf00      	nop
2000102c:	1000204d 	.word	0x1000204d

20001030 <__rp2040_chip_version_veneer>:
20001030:	b401      	push	{r0}
20001032:	4802      	ldr	r0, [pc, #8]	; (2000103c <__rp2040_chip_version_veneer+0xc>)
20001034:	4684      	mov	ip, r0
20001036:	bc01      	pop	{r0}
20001038:	4760      	bx	ip
2000103a:	bf00      	nop
2000103c:	100007a5 	.word	0x100007a5

20001040 <__best_effort_wfe_or_timeout_veneer>:
20001040:	b401      	push	{r0}
20001042:	4802      	ldr	r0, [pc, #8]	; (2000104c <__best_effort_wfe_or_timeout_veneer+0xc>)
20001044:	4684      	mov	ip, r0
20001046:	bc01      	pop	{r0}
20001048:	4760      	bx	ip
2000104a:	bf00      	nop
2000104c:	10001539 	.word	0x10001539

20001050 <__tud_event_hook_cb_veneer>:
20001050:	b401      	push	{r0}
20001052:	4802      	ldr	r0, [pc, #8]	; (2000105c <__tud_event_hook_cb_veneer+0xc>)
20001054:	4684      	mov	ip, r0
20001056:	bc01      	pop	{r0}
20001058:	4760      	bx	ip
2000105a:	bf00      	nop
2000105c:	10002e85 	.word	0x10002e85

20001060 <____wrap___aeabi_lmul_veneer>:
20001060:	b401      	push	{r0}
20001062:	4802      	ldr	r0, [pc, #8]	; (2000106c <____wrap___aeabi_lmul_veneer+0xc>)
20001064:	4684      	mov	ip, r0
20001066:	bc01      	pop	{r0}
20001068:	4760      	bx	ip
2000106a:	bf00      	nop
2000106c:	10001f75 	.word	0x10001f75

20001070 <__panic_veneer>:
20001070:	b401      	push	{r0}
20001072:	4802      	ldr	r0, [pc, #8]	; (2000107c <__panic_veneer+0xc>)
20001074:	4684      	mov	ip, r0
20001076:	bc01      	pop	{r0}
20001078:	4760      	bx	ip
2000107a:	bf00      	nop
2000107c:	100007b1 	.word	0x100007b1

20001080 <striped_spin_lock_num>:
20001080:	00000010                                ....

20001084 <irq_handler_chain_slots>:
20001084:	00000000 	.word	0x00000000
20001088:	00010000 	.word	0x00010000
	...
20001094:	00020000 	.word	0x00020000
	...
200010a0:	00030000 	.word	0x00030000
	...
200010ac:	00ff0000 	.word	0x00ff0000
200010b0:	00000000 	.word	0x00000000

200010b4 <irq_handler_chain_first_slot>:
200010b4:	b501      	push	{r0, lr}
200010b6:	6848      	ldr	r0, [r1, #4]
200010b8:	3101      	adds	r1, #1
200010ba:	468e      	mov	lr, r1
200010bc:	4700      	bx	r0

200010be <irq_handler_chain_remove_tail>:
200010be:	4670      	mov	r0, lr
200010c0:	3809      	subs	r0, #9
200010c2:	4901      	ldr	r1, [pc, #4]	; (200010c8 <irq_handler_chain_remove_tail+0xa>)
200010c4:	4788      	blx	r1
200010c6:	bd01      	pop	{r0, pc}
200010c8:	10000d7d 	.word	0x10000d7d

200010cc <default_alarm_pool>:
	...
200010e0:	20001150 00000000 00000000 00000000     P.. ............

200010f0 <aeabi_bits_funcs>:
200010f0:	00003350 	.word	0x00003350
200010f4:	0000334c 	.word	0x0000334c
200010f8:	00003354 	.word	0x00003354
200010fc:	00003352 	.word	0x00003352

20001100 <aeabi_bits_funcs_end>:
20001100:	0000534d 	.word	0x0000534d
20001104:	0000434d 	.word	0x0000434d
20001108:	00003453 	.word	0x00003453
2000110c:	00003443 	.word	0x00003443

20001110 <stdio_usb>:
20001110:	1000261d 100025cd 1000253d 100024b5     .&...%..=%...$..
20001120:	00000000 00000100                       ........

20001128 <_usbd_qdef>:
20001128:	20001fa4 000c0010 00000000 00000000     ... ............
	...

20001144 <_usbd_rhport>:
20001144:	000000ff                                ....

20001148 <print_mutex>:
	...
