
/home/student/CompTech/assignment-4/Task1/b/build/InputOutput.elf:     file format elf32-littlearm

Sections:
Idx Name          Size      VMA       LMA       File off  Algn
  0 .boot2        00000100  10000000  10000000  00001000  2**0
                  CONTENTS, ALLOC, LOAD, READONLY, CODE
  1 .text         00004f38  10000100  10000100  00001100  2**3
                  CONTENTS, ALLOC, LOAD, READONLY, CODE
  2 .rodata       000002d4  10005038  10005038  00006038  2**2
                  CONTENTS, ALLOC, LOAD, READONLY, DATA
  3 .binary_info  00000020  1000530c  1000530c  0000630c  2**2
                  CONTENTS, ALLOC, LOAD, DATA
  4 .ram_vector_table 000000c0  20000000  20000000  00007470  2**2
                  CONTENTS
  5 .data         000003b0  200000c0  1000532c  000070c0  2**4
                  CONTENTS, ALLOC, LOAD, READONLY, CODE
  6 .uninitialized_data 00000000  20000470  20000470  00007530  2**0
                  CONTENTS
  7 .scratch_x    00000000  20040000  20040000  00007530  2**0
                  CONTENTS
  8 .scratch_y    00000000  20041000  20041000  00007530  2**0
                  CONTENTS
  9 .bss          00000d88  20000470  20000470  00007470  2**3
                  ALLOC
 10 .heap         00000800  200011f8  200011f8  00007530  2**2
                  CONTENTS, READONLY
 11 .stack_dummy  00000800  20041000  20041000  00007d40  2**5
                  CONTENTS, READONLY
 12 .ARM.attributes 00000028  00000000  00000000  00008540  2**0
                  CONTENTS, READONLY
 13 .comment      0000009f  00000000  00000000  00008568  2**0
                  CONTENTS, READONLY
 14 .debug_line   00000222  00000000  00000000  00008607  2**0
                  CONTENTS, READONLY, DEBUGGING, OCTETS
 15 .debug_info   00000999  00000000  00000000  00008829  2**0
                  CONTENTS, READONLY, DEBUGGING, OCTETS
 16 .debug_abbrev 000001fc  00000000  00000000  000091c2  2**0
                  CONTENTS, READONLY, DEBUGGING, OCTETS
 17 .debug_aranges 00000040  00000000  00000000  000093c0  2**3
                  CONTENTS, READONLY, DEBUGGING, OCTETS
 18 .debug_str    00000613  00000000  00000000  00009400  2**0
                  CONTENTS, READONLY, DEBUGGING, OCTETS
 19 .debug_loc    000000a3  00000000  00000000  00009a13  2**0
                  CONTENTS, READONLY, DEBUGGING, OCTETS
 20 .debug_frame  00000028  00000000  00000000  00009ab8  2**2
                  CONTENTS, READONLY, DEBUGGING, OCTETS

/home/student/CompTech/assignment-4/Task1/b/build/InputOutput.elf:     file format elf32-littlearm


Disassembly of section .boot2:

10000000 <__boot2_start__>:
10000000:	4b32b500 	.word	0x4b32b500
10000004:	60582021 	.word	0x60582021
10000008:	21026898 	.word	0x21026898
1000000c:	60984388 	.word	0x60984388
10000010:	611860d8 	.word	0x611860d8
10000014:	4b2e6158 	.word	0x4b2e6158
10000018:	60992100 	.word	0x60992100
1000001c:	61592102 	.word	0x61592102
10000020:	22f02101 	.word	0x22f02101
10000024:	492b5099 	.word	0x492b5099
10000028:	21016019 	.word	0x21016019
1000002c:	20356099 	.word	0x20356099
10000030:	f844f000 	.word	0xf844f000
10000034:	42902202 	.word	0x42902202
10000038:	2106d014 	.word	0x2106d014
1000003c:	f0006619 	.word	0xf0006619
10000040:	6e19f834 	.word	0x6e19f834
10000044:	66192101 	.word	0x66192101
10000048:	66182000 	.word	0x66182000
1000004c:	f000661a 	.word	0xf000661a
10000050:	6e19f82c 	.word	0x6e19f82c
10000054:	6e196e19 	.word	0x6e196e19
10000058:	f0002005 	.word	0xf0002005
1000005c:	2101f82f 	.word	0x2101f82f
10000060:	d1f94208 	.word	0xd1f94208
10000064:	60992100 	.word	0x60992100
10000068:	6019491b 	.word	0x6019491b
1000006c:	60592100 	.word	0x60592100
10000070:	481b491a 	.word	0x481b491a
10000074:	21016001 	.word	0x21016001
10000078:	21eb6099 	.word	0x21eb6099
1000007c:	21a06619 	.word	0x21a06619
10000080:	f0006619 	.word	0xf0006619
10000084:	2100f812 	.word	0x2100f812
10000088:	49166099 	.word	0x49166099
1000008c:	60014814 	.word	0x60014814
10000090:	60992101 	.word	0x60992101
10000094:	2800bc01 	.word	0x2800bc01
10000098:	4700d000 	.word	0x4700d000
1000009c:	49134812 	.word	0x49134812
100000a0:	c8036008 	.word	0xc8036008
100000a4:	8808f380 	.word	0x8808f380
100000a8:	b5034708 	.word	0xb5034708
100000ac:	20046a99 	.word	0x20046a99
100000b0:	d0fb4201 	.word	0xd0fb4201
100000b4:	42012001 	.word	0x42012001
100000b8:	bd03d1f8 	.word	0xbd03d1f8
100000bc:	6618b502 	.word	0x6618b502
100000c0:	f7ff6618 	.word	0xf7ff6618
100000c4:	6e18fff2 	.word	0x6e18fff2
100000c8:	bd026e18 	.word	0xbd026e18
100000cc:	40020000 	.word	0x40020000
100000d0:	18000000 	.word	0x18000000
100000d4:	00070000 	.word	0x00070000
100000d8:	005f0300 	.word	0x005f0300
100000dc:	00002221 	.word	0x00002221
100000e0:	180000f4 	.word	0x180000f4
100000e4:	a0002022 	.word	0xa0002022
100000e8:	10000100 	.word	0x10000100
100000ec:	e000ed08 	.word	0xe000ed08
	...
100000fc:	7a4eb274 	.word	0x7a4eb274

Disassembly of section .text:

10000100 <__VECTOR_TABLE>:
10000100:	20042000 	.word	0x20042000
10000104:	100001f7 	.word	0x100001f7
10000108:	100001c3 	.word	0x100001c3
1000010c:	100001c5 	.word	0x100001c5
10000110:	100001c1 	.word	0x100001c1
10000114:	100001c1 	.word	0x100001c1
10000118:	100001c1 	.word	0x100001c1
1000011c:	100001c1 	.word	0x100001c1
10000120:	100001c1 	.word	0x100001c1
10000124:	100001c1 	.word	0x100001c1
10000128:	100001c1 	.word	0x100001c1
1000012c:	100001c7 	.word	0x100001c7
10000130:	100001c1 	.word	0x100001c1
10000134:	100001c1 	.word	0x100001c1
10000138:	100001c9 	.word	0x100001c9
1000013c:	100001cb 	.word	0x100001cb
10000140:	100001cd 	.word	0x100001cd
10000144:	100001cd 	.word	0x100001cd
10000148:	100001cd 	.word	0x100001cd
1000014c:	100001cd 	.word	0x100001cd
10000150:	100001cd 	.word	0x100001cd
10000154:	100001cd 	.word	0x100001cd
10000158:	100001cd 	.word	0x100001cd
1000015c:	100001cd 	.word	0x100001cd
10000160:	100001cd 	.word	0x100001cd
10000164:	100001cd 	.word	0x100001cd
10000168:	100001cd 	.word	0x100001cd
1000016c:	100001cd 	.word	0x100001cd
10000170:	100001cd 	.word	0x100001cd
10000174:	100001cd 	.word	0x100001cd
10000178:	100001cd 	.word	0x100001cd
1000017c:	100001cd 	.word	0x100001cd
10000180:	100001cd 	.word	0x100001cd
10000184:	100001cd 	.word	0x100001cd
10000188:	100001cd 	.word	0x100001cd
1000018c:	100001cd 	.word	0x100001cd
10000190:	100001cd 	.word	0x100001cd
10000194:	100001cd 	.word	0x100001cd
10000198:	100001cd 	.word	0x100001cd
1000019c:	100001cd 	.word	0x100001cd
100001a0:	100001cd 	.word	0x100001cd
100001a4:	100001cd 	.word	0x100001cd
100001a8:	100001cd 	.word	0x100001cd
100001ac:	100001cd 	.word	0x100001cd
100001b0:	100001cd 	.word	0x100001cd
100001b4:	100001cd 	.word	0x100001cd
100001b8:	100001cd 	.word	0x100001cd
100001bc:	100001cd 	.word	0x100001cd

100001c0 <isr_invalid>:
100001c0:	be00      	bkpt	0x0000

100001c2 <isr_nmi>:
100001c2:	be00      	bkpt	0x0000

100001c4 <isr_hardfault>:
100001c4:	be00      	bkpt	0x0000

100001c6 <isr_svcall>:
100001c6:	be00      	bkpt	0x0000

100001c8 <isr_pendsv>:
100001c8:	be00      	bkpt	0x0000

100001ca <isr_systick>:
100001ca:	be00      	bkpt	0x0000

100001cc <__unhandled_user_irq>:
100001cc:	f000 f84b 	bl	10000266 <__get_current_exception>
100001d0:	3810      	subs	r0, #16

100001d2 <unhandled_user_irq_num_in_r0>:
100001d2:	be00      	bkpt	0x0000

100001d4 <binary_info_header>:
100001d4:	7188ebf2 	.word	0x7188ebf2
100001d8:	1000530c 	.word	0x1000530c
100001dc:	1000532c 	.word	0x1000532c
100001e0:	10000234 	.word	0x10000234
100001e4:	e71aa390 	.word	0xe71aa390

100001e8 <_entry_point>:
100001e8:	2000      	movs	r0, #0
100001ea:	4921      	ldr	r1, [pc, #132]	; (10000270 <__get_current_exception+0xa>)
100001ec:	6008      	str	r0, [r1, #0]
100001ee:	c806      	ldmia	r0!, {r1, r2}
100001f0:	f381 8808 	msr	MSP, r1
100001f4:	4710      	bx	r2

100001f6 <_reset_handler>:
100001f6:	481f      	ldr	r0, [pc, #124]	; (10000274 <__get_current_exception+0xe>)
100001f8:	6800      	ldr	r0, [r0, #0]
100001fa:	2800      	cmp	r0, #0
100001fc:	d12f      	bne.n	1000025e <hold_non_core0_in_bootrom>
100001fe:	a40d      	add	r4, pc, #52	; (adr r4, 10000234 <data_cpy_table>)
10000200:	cc0e      	ldmia	r4!, {r1, r2, r3}
10000202:	2900      	cmp	r1, #0
10000204:	d002      	beq.n	1000020c <_reset_handler+0x16>
10000206:	f000 f812 	bl	1000022e <data_cpy>
1000020a:	e7f9      	b.n	10000200 <_reset_handler+0xa>
1000020c:	491a      	ldr	r1, [pc, #104]	; (10000278 <__get_current_exception+0x12>)
1000020e:	4a1b      	ldr	r2, [pc, #108]	; (1000027c <__get_current_exception+0x16>)
10000210:	2000      	movs	r0, #0
10000212:	e000      	b.n	10000216 <bss_fill_test>

10000214 <bss_fill_loop>:
10000214:	c101      	stmia	r1!, {r0}

10000216 <bss_fill_test>:
10000216:	4291      	cmp	r1, r2
10000218:	d1fc      	bne.n	10000214 <bss_fill_loop>

1000021a <platform_entry>:
1000021a:	4919      	ldr	r1, [pc, #100]	; (10000280 <__get_current_exception+0x1a>)
1000021c:	4788      	blx	r1
1000021e:	4919      	ldr	r1, [pc, #100]	; (10000284 <__get_current_exception+0x1e>)
10000220:	4788      	blx	r1
10000222:	4919      	ldr	r1, [pc, #100]	; (10000288 <__get_current_exception+0x22>)
10000224:	4788      	blx	r1
10000226:	be00      	bkpt	0x0000
10000228:	e7fd      	b.n	10000226 <platform_entry+0xc>

1000022a <data_cpy_loop>:
1000022a:	c901      	ldmia	r1!, {r0}
1000022c:	c201      	stmia	r2!, {r0}

1000022e <data_cpy>:
1000022e:	429a      	cmp	r2, r3
10000230:	d3fb      	bcc.n	1000022a <data_cpy_loop>
10000232:	4770      	bx	lr

10000234 <data_cpy_table>:
10000234:	1000532c 	.word	0x1000532c
10000238:	200000c0 	.word	0x200000c0
1000023c:	20000470 	.word	0x20000470
10000240:	100056dc 	.word	0x100056dc
10000244:	20040000 	.word	0x20040000
10000248:	20040000 	.word	0x20040000
1000024c:	100056dc 	.word	0x100056dc
10000250:	20041000 	.word	0x20041000
10000254:	20041000 	.word	0x20041000
10000258:	00000000 	.word	0x00000000
1000025c:	4770      	bx	lr

1000025e <hold_non_core0_in_bootrom>:
1000025e:	480b      	ldr	r0, [pc, #44]	; (1000028c <__get_current_exception+0x26>)
10000260:	f001 febe 	bl	10001fe0 <rom_func_lookup>
10000264:	4700      	bx	r0

10000266 <__get_current_exception>:
10000266:	f3ef 8005 	mrs	r0, IPSR
1000026a:	b2c0      	uxtb	r0, r0
1000026c:	4770      	bx	lr
1000026e:	0000      	.short	0x0000
10000270:	e000ed08 	.word	0xe000ed08
10000274:	d0000000 	.word	0xd0000000
10000278:	20000470 	.word	0x20000470
1000027c:	200011f8 	.word	0x200011f8
10000280:	10001a25 	.word	0x10001a25
10000284:	1000035d 	.word	0x1000035d
10000288:	10001b19 	.word	0x10001b19
1000028c:	00005657 	.word	0x00005657

10000290 <__bi_50>:
10000290:	50520006 5360b3ab 100050f0              ..RP..`S.P..

1000029c <__bi_38>:
1000029c:	50520006 02031c86 10005100              ..RP.....Q..

100002a8 <__bi_30>:
100002a8:	50520006 9da22254 1000510c              ..RPT"...Q..

100002b4 <__bi_22>:
100002b4:	50520005 68f465de 100056dc              ..RP.e.h.V..

100002c0 <_init>:
100002c0:	b5f8      	push	{r3, r4, r5, r6, r7, lr}
100002c2:	46c0      	nop			; (mov r8, r8)

100002c4 <deregister_tm_clones>:
100002c4:	4804      	ldr	r0, [pc, #16]	; (100002d8 <deregister_tm_clones+0x14>)
100002c6:	4b05      	ldr	r3, [pc, #20]	; (100002dc <deregister_tm_clones+0x18>)
100002c8:	b510      	push	{r4, lr}
100002ca:	4283      	cmp	r3, r0
100002cc:	d003      	beq.n	100002d6 <deregister_tm_clones+0x12>
100002ce:	4b04      	ldr	r3, [pc, #16]	; (100002e0 <deregister_tm_clones+0x1c>)
100002d0:	2b00      	cmp	r3, #0
100002d2:	d000      	beq.n	100002d6 <deregister_tm_clones+0x12>
100002d4:	4798      	blx	r3
100002d6:	bd10      	pop	{r4, pc}
100002d8:	20000470 	.word	0x20000470
100002dc:	20000470 	.word	0x20000470
100002e0:	00000000 	.word	0x00000000

100002e4 <register_tm_clones>:
100002e4:	4806      	ldr	r0, [pc, #24]	; (10000300 <register_tm_clones+0x1c>)
100002e6:	4907      	ldr	r1, [pc, #28]	; (10000304 <register_tm_clones+0x20>)
100002e8:	1a09      	subs	r1, r1, r0
100002ea:	1089      	asrs	r1, r1, #2
100002ec:	0fcb      	lsrs	r3, r1, #31
100002ee:	1859      	adds	r1, r3, r1
100002f0:	b510      	push	{r4, lr}
100002f2:	1049      	asrs	r1, r1, #1
100002f4:	d003      	beq.n	100002fe <register_tm_clones+0x1a>
100002f6:	4b04      	ldr	r3, [pc, #16]	; (10000308 <register_tm_clones+0x24>)
100002f8:	2b00      	cmp	r3, #0
100002fa:	d000      	beq.n	100002fe <register_tm_clones+0x1a>
100002fc:	4798      	blx	r3
100002fe:	bd10      	pop	{r4, pc}
10000300:	20000470 	.word	0x20000470
10000304:	20000470 	.word	0x20000470
10000308:	00000000 	.word	0x00000000

1000030c <__do_global_dtors_aux>:
1000030c:	b510      	push	{r4, lr}
1000030e:	4c07      	ldr	r4, [pc, #28]	; (1000032c <__do_global_dtors_aux+0x20>)
10000310:	7823      	ldrb	r3, [r4, #0]
10000312:	2b00      	cmp	r3, #0
10000314:	d109      	bne.n	1000032a <__do_global_dtors_aux+0x1e>
10000316:	f7ff ffd5 	bl	100002c4 <deregister_tm_clones>
1000031a:	4b05      	ldr	r3, [pc, #20]	; (10000330 <__do_global_dtors_aux+0x24>)
1000031c:	2b00      	cmp	r3, #0
1000031e:	d002      	beq.n	10000326 <__do_global_dtors_aux+0x1a>
10000320:	4804      	ldr	r0, [pc, #16]	; (10000334 <__do_global_dtors_aux+0x28>)
10000322:	e000      	b.n	10000326 <__do_global_dtors_aux+0x1a>
10000324:	bf00      	nop
10000326:	2301      	movs	r3, #1
10000328:	7023      	strb	r3, [r4, #0]
1000032a:	bd10      	pop	{r4, pc}
1000032c:	20000578 	.word	0x20000578
10000330:	00000000 	.word	0x00000000
10000334:	10005038 	.word	0x10005038

10000338 <frame_dummy>:
10000338:	4b05      	ldr	r3, [pc, #20]	; (10000350 <frame_dummy+0x18>)
1000033a:	b510      	push	{r4, lr}
1000033c:	2b00      	cmp	r3, #0
1000033e:	d003      	beq.n	10000348 <frame_dummy+0x10>
10000340:	4904      	ldr	r1, [pc, #16]	; (10000354 <frame_dummy+0x1c>)
10000342:	4805      	ldr	r0, [pc, #20]	; (10000358 <frame_dummy+0x20>)
10000344:	e000      	b.n	10000348 <frame_dummy+0x10>
10000346:	bf00      	nop
10000348:	f7ff ffcc 	bl	100002e4 <register_tm_clones>
1000034c:	bd10      	pop	{r4, pc}
1000034e:	46c0      	nop			; (mov r8, r8)
10000350:	00000000 	.word	0x00000000
10000354:	2000057c 	.word	0x2000057c
10000358:	10005038 	.word	0x10005038

1000035c <main>:
1000035c:	b570      	push	{r4, r5, r6, lr}
1000035e:	f002 f8e1 	bl	10002524 <stdio_init_all>
10000362:	24d0      	movs	r4, #208	; 0xd0
10000364:	2000      	movs	r0, #0
10000366:	f000 f847 	bl	100003f8 <gpio_init>
1000036a:	2301      	movs	r3, #1
1000036c:	0624      	lsls	r4, r4, #24
1000036e:	6263      	str	r3, [r4, #36]	; 0x24
10000370:	2001      	movs	r0, #1
10000372:	f000 f841 	bl	100003f8 <gpio_init>
10000376:	2302      	movs	r3, #2
10000378:	2200      	movs	r2, #0
1000037a:	62a3      	str	r3, [r4, #40]	; 0x28
1000037c:	2101      	movs	r1, #1
1000037e:	2001      	movs	r0, #1
10000380:	f000 f822 	bl	100003c8 <gpio_set_pulls>
10000384:	2002      	movs	r0, #2
10000386:	f000 f837 	bl	100003f8 <gpio_init>
1000038a:	2304      	movs	r3, #4
1000038c:	2200      	movs	r2, #0
1000038e:	62a3      	str	r3, [r4, #40]	; 0x28
10000390:	2101      	movs	r1, #1
10000392:	2002      	movs	r0, #2
10000394:	f000 f818 	bl	100003c8 <gpio_set_pulls>
10000398:	2002      	movs	r0, #2
1000039a:	2101      	movs	r1, #1
1000039c:	2204      	movs	r2, #4
1000039e:	4c07      	ldr	r4, [pc, #28]	; (100003bc <main+0x60>)
100003a0:	4e07      	ldr	r6, [pc, #28]	; (100003c0 <main+0x64>)
100003a2:	4d08      	ldr	r5, [pc, #32]	; (100003c4 <main+0x68>)
100003a4:	6823      	ldr	r3, [r4, #0]
100003a6:	4218      	tst	r0, r3
100003a8:	d100      	bne.n	100003ac <main+0x50>
100003aa:	6031      	str	r1, [r6, #0]
100003ac:	421a      	tst	r2, r3
100003ae:	d1f9      	bne.n	100003a4 <main+0x48>
100003b0:	6029      	str	r1, [r5, #0]
100003b2:	6823      	ldr	r3, [r4, #0]
100003b4:	4218      	tst	r0, r3
100003b6:	d1f9      	bne.n	100003ac <main+0x50>
100003b8:	e7f7      	b.n	100003aa <main+0x4e>
100003ba:	46c0      	nop			; (mov r8, r8)
100003bc:	d0000004 	.word	0xd0000004
100003c0:	d0000014 	.word	0xd0000014
100003c4:	d0000018 	.word	0xd0000018

100003c8 <gpio_set_pulls>:
100003c8:	4b0a      	ldr	r3, [pc, #40]	; (100003f4 <gpio_set_pulls+0x2c>)
100003ca:	0080      	lsls	r0, r0, #2
100003cc:	469c      	mov	ip, r3
100003ce:	2304      	movs	r3, #4
100003d0:	4460      	add	r0, ip
100003d2:	2900      	cmp	r1, #0
100003d4:	d001      	beq.n	100003da <gpio_set_pulls+0x12>
100003d6:	230c      	movs	r3, #12
100003d8:	2108      	movs	r1, #8
100003da:	2a00      	cmp	r2, #0
100003dc:	d100      	bne.n	100003e0 <gpio_set_pulls+0x18>
100003de:	000b      	movs	r3, r1
100003e0:	6802      	ldr	r2, [r0, #0]
100003e2:	4053      	eors	r3, r2
100003e4:	220c      	movs	r2, #12
100003e6:	401a      	ands	r2, r3
100003e8:	2380      	movs	r3, #128	; 0x80
100003ea:	015b      	lsls	r3, r3, #5
100003ec:	4318      	orrs	r0, r3
100003ee:	6002      	str	r2, [r0, #0]
100003f0:	4770      	bx	lr
100003f2:	46c0      	nop			; (mov r8, r8)
100003f4:	4001c004 	.word	0x4001c004

100003f8 <gpio_init>:
100003f8:	2301      	movs	r3, #1
100003fa:	22d0      	movs	r2, #208	; 0xd0
100003fc:	4083      	lsls	r3, r0
100003fe:	0612      	lsls	r2, r2, #24
10000400:	6293      	str	r3, [r2, #40]	; 0x28
10000402:	6193      	str	r3, [r2, #24]
10000404:	4a09      	ldr	r2, [pc, #36]	; (1000042c <gpio_init+0x34>)
10000406:	0083      	lsls	r3, r0, #2
10000408:	4694      	mov	ip, r2
1000040a:	2240      	movs	r2, #64	; 0x40
1000040c:	4463      	add	r3, ip
1000040e:	6819      	ldr	r1, [r3, #0]
10000410:	00c0      	lsls	r0, r0, #3
10000412:	404a      	eors	r2, r1
10000414:	21c0      	movs	r1, #192	; 0xc0
10000416:	4011      	ands	r1, r2
10000418:	2280      	movs	r2, #128	; 0x80
1000041a:	0152      	lsls	r2, r2, #5
1000041c:	4313      	orrs	r3, r2
1000041e:	6019      	str	r1, [r3, #0]
10000420:	4b03      	ldr	r3, [pc, #12]	; (10000430 <gpio_init+0x38>)
10000422:	469c      	mov	ip, r3
10000424:	2305      	movs	r3, #5
10000426:	4460      	add	r0, ip
10000428:	6043      	str	r3, [r0, #4]
1000042a:	4770      	bx	lr
1000042c:	4001c004 	.word	0x4001c004
10000430:	40014000 	.word	0x40014000

10000434 <hw_claim_or_assert>:
10000434:	b5f8      	push	{r3, r4, r5, r6, r7, lr}
10000436:	f3ef 8710 	mrs	r7, PRIMASK
1000043a:	b672      	cpsid	i
1000043c:	4e0d      	ldr	r6, [pc, #52]	; (10000474 <hw_claim_or_assert+0x40>)
1000043e:	6833      	ldr	r3, [r6, #0]
10000440:	2b00      	cmp	r3, #0
10000442:	d0fc      	beq.n	1000043e <hw_claim_or_assert+0xa>
10000444:	f3bf 8f5f 	dmb	sy
10000448:	2507      	movs	r5, #7
1000044a:	08cb      	lsrs	r3, r1, #3
1000044c:	18c0      	adds	r0, r0, r3
1000044e:	2301      	movs	r3, #1
10000450:	400d      	ands	r5, r1
10000452:	40ab      	lsls	r3, r5
10000454:	001d      	movs	r5, r3
10000456:	7804      	ldrb	r4, [r0, #0]
10000458:	4025      	ands	r5, r4
1000045a:	d107      	bne.n	1000046c <hw_claim_or_assert+0x38>
1000045c:	4323      	orrs	r3, r4
1000045e:	7003      	strb	r3, [r0, #0]
10000460:	f3bf 8f5f 	dmb	sy
10000464:	6035      	str	r5, [r6, #0]
10000466:	f387 8810 	msr	PRIMASK, r7
1000046a:	bdf8      	pop	{r3, r4, r5, r6, r7, pc}
1000046c:	0010      	movs	r0, r2
1000046e:	f001 fb55 	bl	10001b1c <panic>
10000472:	46c0      	nop			; (mov r8, r8)
10000474:	d000012c 	.word	0xd000012c

10000478 <hw_claim_unused_from_range>:
10000478:	b5f8      	push	{r3, r4, r5, r6, r7, lr}
1000047a:	46ce      	mov	lr, r9
1000047c:	4647      	mov	r7, r8
1000047e:	468c      	mov	ip, r1
10000480:	b580      	push	{r7, lr}
10000482:	f3ef 8810 	mrs	r8, PRIMASK
10000486:	b672      	cpsid	i
10000488:	4d21      	ldr	r5, [pc, #132]	; (10000510 <hw_claim_unused_from_range+0x98>)
1000048a:	682c      	ldr	r4, [r5, #0]
1000048c:	2c00      	cmp	r4, #0
1000048e:	d0fc      	beq.n	1000048a <hw_claim_unused_from_range+0x12>
10000490:	f3bf 8f5f 	dmb	sy
10000494:	429a      	cmp	r2, r3
10000496:	d82c      	bhi.n	100004f2 <hw_claim_unused_from_range+0x7a>
10000498:	2107      	movs	r1, #7
1000049a:	2501      	movs	r5, #1
1000049c:	4011      	ands	r1, r2
1000049e:	408d      	lsls	r5, r1
100004a0:	08d4      	lsrs	r4, r2, #3
100004a2:	1904      	adds	r4, r0, r4
100004a4:	7826      	ldrb	r6, [r4, #0]
100004a6:	4235      	tst	r5, r6
100004a8:	d01f      	beq.n	100004ea <hw_claim_unused_from_range+0x72>
100004aa:	2107      	movs	r1, #7
100004ac:	4689      	mov	r9, r1
100004ae:	3906      	subs	r1, #6
100004b0:	e009      	b.n	100004c6 <hw_claim_unused_from_range+0x4e>
100004b2:	464d      	mov	r5, r9
100004b4:	000f      	movs	r7, r1
100004b6:	4015      	ands	r5, r2
100004b8:	40af      	lsls	r7, r5
100004ba:	08d4      	lsrs	r4, r2, #3
100004bc:	1904      	adds	r4, r0, r4
100004be:	7826      	ldrb	r6, [r4, #0]
100004c0:	003d      	movs	r5, r7
100004c2:	4237      	tst	r7, r6
100004c4:	d011      	beq.n	100004ea <hw_claim_unused_from_range+0x72>
100004c6:	3201      	adds	r2, #1
100004c8:	4293      	cmp	r3, r2
100004ca:	d2f2      	bcs.n	100004b2 <hw_claim_unused_from_range+0x3a>
100004cc:	2001      	movs	r0, #1
100004ce:	4240      	negs	r0, r0
100004d0:	f3bf 8f5f 	dmb	sy
100004d4:	2200      	movs	r2, #0
100004d6:	4b0e      	ldr	r3, [pc, #56]	; (10000510 <hw_claim_unused_from_range+0x98>)
100004d8:	601a      	str	r2, [r3, #0]
100004da:	f388 8810 	msr	PRIMASK, r8
100004de:	2800      	cmp	r0, #0
100004e0:	db0f      	blt.n	10000502 <hw_claim_unused_from_range+0x8a>
100004e2:	bc0c      	pop	{r2, r3}
100004e4:	4690      	mov	r8, r2
100004e6:	4699      	mov	r9, r3
100004e8:	bdf8      	pop	{r3, r4, r5, r6, r7, pc}
100004ea:	4335      	orrs	r5, r6
100004ec:	7025      	strb	r5, [r4, #0]
100004ee:	0010      	movs	r0, r2
100004f0:	e7ee      	b.n	100004d0 <hw_claim_unused_from_range+0x58>
100004f2:	f3bf 8f5f 	dmb	sy
100004f6:	2300      	movs	r3, #0
100004f8:	602b      	str	r3, [r5, #0]
100004fa:	f388 8810 	msr	PRIMASK, r8
100004fe:	2001      	movs	r0, #1
10000500:	4240      	negs	r0, r0
10000502:	4663      	mov	r3, ip
10000504:	2b00      	cmp	r3, #0
10000506:	d0ec      	beq.n	100004e2 <hw_claim_unused_from_range+0x6a>
10000508:	9808      	ldr	r0, [sp, #32]
1000050a:	f001 fb07 	bl	10001b1c <panic>
1000050e:	46c0      	nop			; (mov r8, r8)
10000510:	d000012c 	.word	0xd000012c

10000514 <running_on_fpga>:
10000514:	4b02      	ldr	r3, [pc, #8]	; (10000520 <running_on_fpga+0xc>)
10000516:	6818      	ldr	r0, [r3, #0]
10000518:	0780      	lsls	r0, r0, #30
1000051a:	0fc0      	lsrs	r0, r0, #31
1000051c:	4770      	bx	lr
1000051e:	46c0      	nop			; (mov r8, r8)
10000520:	4006c000 	.word	0x4006c000

10000524 <spin_locks_reset>:
10000524:	2100      	movs	r1, #0
10000526:	4b04      	ldr	r3, [pc, #16]	; (10000538 <spin_locks_reset+0x14>)
10000528:	4a04      	ldr	r2, [pc, #16]	; (1000053c <spin_locks_reset+0x18>)
1000052a:	f3bf 8f5f 	dmb	sy
1000052e:	c302      	stmia	r3!, {r1}
10000530:	4293      	cmp	r3, r2
10000532:	d1fa      	bne.n	1000052a <spin_locks_reset+0x6>
10000534:	4770      	bx	lr
10000536:	46c0      	nop			; (mov r8, r8)
10000538:	d0000100 	.word	0xd0000100
1000053c:	d0000180 	.word	0xd0000180

10000540 <next_striped_spin_lock_num>:
10000540:	4a04      	ldr	r2, [pc, #16]	; (10000554 <next_striped_spin_lock_num+0x14>)
10000542:	7810      	ldrb	r0, [r2, #0]
10000544:	1c43      	adds	r3, r0, #1
10000546:	b2db      	uxtb	r3, r3
10000548:	2b17      	cmp	r3, #23
1000054a:	d900      	bls.n	1000054e <next_striped_spin_lock_num+0xe>
1000054c:	2310      	movs	r3, #16
1000054e:	7013      	strb	r3, [r2, #0]
10000550:	4770      	bx	lr
10000552:	46c0      	nop			; (mov r8, r8)
10000554:	20000370 	.word	0x20000370

10000558 <spin_lock_claim_unused>:
10000558:	b500      	push	{lr}
1000055a:	4b05      	ldr	r3, [pc, #20]	; (10000570 <spin_lock_claim_unused+0x18>)
1000055c:	b083      	sub	sp, #12
1000055e:	0001      	movs	r1, r0
10000560:	9300      	str	r3, [sp, #0]
10000562:	2218      	movs	r2, #24
10000564:	231f      	movs	r3, #31
10000566:	4803      	ldr	r0, [pc, #12]	; (10000574 <spin_lock_claim_unused+0x1c>)
10000568:	f7ff ff86 	bl	10000478 <hw_claim_unused_from_range>
1000056c:	b003      	add	sp, #12
1000056e:	bd00      	pop	{pc}
10000570:	10005038 	.word	0x10005038
10000574:	20000a38 	.word	0x20000a38

10000578 <irq_set_enabled>:
10000578:	2301      	movs	r3, #1
1000057a:	4083      	lsls	r3, r0
1000057c:	2900      	cmp	r1, #0
1000057e:	d004      	beq.n	1000058a <irq_set_enabled+0x12>
10000580:	4a03      	ldr	r2, [pc, #12]	; (10000590 <irq_set_enabled+0x18>)
10000582:	6013      	str	r3, [r2, #0]
10000584:	4a03      	ldr	r2, [pc, #12]	; (10000594 <irq_set_enabled+0x1c>)
10000586:	6013      	str	r3, [r2, #0]
10000588:	4770      	bx	lr
1000058a:	4a03      	ldr	r2, [pc, #12]	; (10000598 <irq_set_enabled+0x20>)
1000058c:	6013      	str	r3, [r2, #0]
1000058e:	e7fb      	b.n	10000588 <irq_set_enabled+0x10>
10000590:	e000e280 	.word	0xe000e280
10000594:	e000e100 	.word	0xe000e100
10000598:	e000e180 	.word	0xe000e180

1000059c <irq_set_pending>:
1000059c:	2301      	movs	r3, #1
1000059e:	4083      	lsls	r3, r0
100005a0:	4a01      	ldr	r2, [pc, #4]	; (100005a8 <irq_set_pending+0xc>)
100005a2:	6013      	str	r3, [r2, #0]
100005a4:	4770      	bx	lr
100005a6:	46c0      	nop			; (mov r8, r8)
100005a8:	e000e200 	.word	0xe000e200

100005ac <irq_has_shared_handler>:
100005ac:	4b08      	ldr	r3, [pc, #32]	; (100005d0 <irq_has_shared_handler+0x24>)
100005ae:	3010      	adds	r0, #16
100005b0:	689b      	ldr	r3, [r3, #8]
100005b2:	0080      	lsls	r0, r0, #2
100005b4:	58c3      	ldr	r3, [r0, r3]
100005b6:	2b00      	cmp	r3, #0
100005b8:	d007      	beq.n	100005ca <irq_has_shared_handler+0x1e>
100005ba:	4a06      	ldr	r2, [pc, #24]	; (100005d4 <irq_has_shared_handler+0x28>)
100005bc:	2000      	movs	r0, #0
100005be:	1a9b      	subs	r3, r3, r2
100005c0:	222f      	movs	r2, #47	; 0x2f
100005c2:	429a      	cmp	r2, r3
100005c4:	4140      	adcs	r0, r0
100005c6:	b2c0      	uxtb	r0, r0
100005c8:	4770      	bx	lr
100005ca:	2000      	movs	r0, #0
100005cc:	e7fc      	b.n	100005c8 <irq_has_shared_handler+0x1c>
100005ce:	46c0      	nop			; (mov r8, r8)
100005d0:	e000ed00 	.word	0xe000ed00
100005d4:	20000374 	.word	0x20000374

100005d8 <irq_get_vtable_handler>:
100005d8:	4b02      	ldr	r3, [pc, #8]	; (100005e4 <irq_get_vtable_handler+0xc>)
100005da:	3010      	adds	r0, #16
100005dc:	689b      	ldr	r3, [r3, #8]
100005de:	0080      	lsls	r0, r0, #2
100005e0:	58c0      	ldr	r0, [r0, r3]
100005e2:	4770      	bx	lr
100005e4:	e000ed00 	.word	0xe000ed00

100005e8 <irq_set_exclusive_handler>:
100005e8:	b570      	push	{r4, r5, r6, lr}
100005ea:	000d      	movs	r5, r1
100005ec:	f3ef 8610 	mrs	r6, PRIMASK
100005f0:	b672      	cpsid	i
100005f2:	4a0f      	ldr	r2, [pc, #60]	; (10000630 <irq_set_exclusive_handler+0x48>)
100005f4:	6813      	ldr	r3, [r2, #0]
100005f6:	2b00      	cmp	r3, #0
100005f8:	d0fc      	beq.n	100005f4 <irq_set_exclusive_handler+0xc>
100005fa:	f3bf 8f5f 	dmb	sy
100005fe:	4b0d      	ldr	r3, [pc, #52]	; (10000634 <irq_set_exclusive_handler+0x4c>)
10000600:	3010      	adds	r0, #16
10000602:	689b      	ldr	r3, [r3, #8]
10000604:	0084      	lsls	r4, r0, #2
10000606:	591b      	ldr	r3, [r3, r4]
10000608:	4a0b      	ldr	r2, [pc, #44]	; (10000638 <irq_set_exclusive_handler+0x50>)
1000060a:	4293      	cmp	r3, r2
1000060c:	d003      	beq.n	10000616 <irq_set_exclusive_handler+0x2e>
1000060e:	429d      	cmp	r5, r3
10000610:	d001      	beq.n	10000616 <irq_set_exclusive_handler+0x2e>
10000612:	f001 fa9b 	bl	10001b4c <hard_assertion_failure>
10000616:	4b07      	ldr	r3, [pc, #28]	; (10000634 <irq_set_exclusive_handler+0x4c>)
10000618:	689b      	ldr	r3, [r3, #8]
1000061a:	511d      	str	r5, [r3, r4]
1000061c:	f3bf 8f5f 	dmb	sy
10000620:	f3bf 8f5f 	dmb	sy
10000624:	2200      	movs	r2, #0
10000626:	4b02      	ldr	r3, [pc, #8]	; (10000630 <irq_set_exclusive_handler+0x48>)
10000628:	601a      	str	r2, [r3, #0]
1000062a:	f386 8810 	msr	PRIMASK, r6
1000062e:	bd70      	pop	{r4, r5, r6, pc}
10000630:	d0000124 	.word	0xd0000124
10000634:	e000ed00 	.word	0xe000ed00
10000638:	100001cd 	.word	0x100001cd

1000063c <irq_add_shared_handler>:
1000063c:	b5f8      	push	{r3, r4, r5, r6, r7, lr}
1000063e:	4657      	mov	r7, sl
10000640:	4645      	mov	r5, r8
10000642:	46de      	mov	lr, fp
10000644:	464e      	mov	r6, r9
10000646:	468a      	mov	sl, r1
10000648:	b5e0      	push	{r5, r6, r7, lr}
1000064a:	4690      	mov	r8, r2
1000064c:	0007      	movs	r7, r0
1000064e:	f3ef 8910 	mrs	r9, PRIMASK
10000652:	b672      	cpsid	i
10000654:	4a60      	ldr	r2, [pc, #384]	; (100007d8 <irq_add_shared_handler+0x19c>)
10000656:	6813      	ldr	r3, [r2, #0]
10000658:	2b00      	cmp	r3, #0
1000065a:	d0fc      	beq.n	10000656 <irq_add_shared_handler+0x1a>
1000065c:	f3bf 8f5f 	dmb	sy
10000660:	2000      	movs	r0, #0
10000662:	4b5e      	ldr	r3, [pc, #376]	; (100007dc <irq_add_shared_handler+0x1a0>)
10000664:	5618      	ldrsb	r0, [r3, r0]
10000666:	469b      	mov	fp, r3
10000668:	2800      	cmp	r0, #0
1000066a:	da00      	bge.n	1000066e <irq_add_shared_handler+0x32>
1000066c:	e0a2      	b.n	100007b4 <irq_add_shared_handler+0x178>
1000066e:	465a      	mov	r2, fp
10000670:	0044      	lsls	r4, r0, #1
10000672:	4d5b      	ldr	r5, [pc, #364]	; (100007e0 <irq_add_shared_handler+0x1a4>)
10000674:	1824      	adds	r4, r4, r0
10000676:	00a4      	lsls	r4, r4, #2
10000678:	192e      	adds	r6, r5, r4
1000067a:	79b3      	ldrb	r3, [r6, #6]
1000067c:	3710      	adds	r7, #16
1000067e:	7013      	strb	r3, [r2, #0]
10000680:	4b58      	ldr	r3, [pc, #352]	; (100007e4 <irq_add_shared_handler+0x1a8>)
10000682:	00ba      	lsls	r2, r7, #2
10000684:	689b      	ldr	r3, [r3, #8]
10000686:	4693      	mov	fp, r2
10000688:	5899      	ldr	r1, [r3, r2]
1000068a:	1b4b      	subs	r3, r1, r5
1000068c:	2b2f      	cmp	r3, #47	; 0x2f
1000068e:	d841      	bhi.n	10000714 <irq_add_shared_handler+0xd8>
10000690:	2301      	movs	r3, #1
10000692:	000a      	movs	r2, r1
10000694:	439a      	bics	r2, r3
10000696:	79d3      	ldrb	r3, [r2, #7]
10000698:	4694      	mov	ip, r2
1000069a:	4543      	cmp	r3, r8
1000069c:	d914      	bls.n	100006c8 <irq_add_shared_handler+0x8c>
1000069e:	2706      	movs	r7, #6
100006a0:	57d7      	ldrsb	r7, [r2, r7]
100006a2:	0013      	movs	r3, r2
100006a4:	2f00      	cmp	r7, #0
100006a6:	da06      	bge.n	100006b6 <irq_add_shared_handler+0x7a>
100006a8:	e08d      	b.n	100007c6 <irq_add_shared_handler+0x18a>
100006aa:	2706      	movs	r7, #6
100006ac:	57df      	ldrsb	r7, [r3, r7]
100006ae:	001a      	movs	r2, r3
100006b0:	2f00      	cmp	r7, #0
100006b2:	da00      	bge.n	100006b6 <irq_add_shared_handler+0x7a>
100006b4:	e087      	b.n	100007c6 <irq_add_shared_handler+0x18a>
100006b6:	007b      	lsls	r3, r7, #1
100006b8:	19db      	adds	r3, r3, r7
100006ba:	009b      	lsls	r3, r3, #2
100006bc:	18eb      	adds	r3, r5, r3
100006be:	79df      	ldrb	r7, [r3, #7]
100006c0:	4547      	cmp	r7, r8
100006c2:	d8f2      	bhi.n	100006aa <irq_add_shared_handler+0x6e>
100006c4:	2a00      	cmp	r2, #0
100006c6:	d151      	bne.n	1000076c <irq_add_shared_handler+0x130>
100006c8:	4a47      	ldr	r2, [pc, #284]	; (100007e8 <irq_add_shared_handler+0x1ac>)
100006ca:	4663      	mov	r3, ip
100006cc:	1b5b      	subs	r3, r3, r5
100006ce:	415b      	adcs	r3, r3
100006d0:	435a      	muls	r2, r3
100006d2:	0d12      	lsrs	r2, r2, #20
100006d4:	4b45      	ldr	r3, [pc, #276]	; (100007ec <irq_add_shared_handler+0x1b0>)
100006d6:	1ca1      	adds	r1, r4, #2
100006d8:	8033      	strh	r3, [r6, #0]
100006da:	4b45      	ldr	r3, [pc, #276]	; (100007f0 <irq_add_shared_handler+0x1b4>)
100006dc:	1869      	adds	r1, r5, r1
100006de:	3b04      	subs	r3, #4
100006e0:	1a5b      	subs	r3, r3, r1
100006e2:	051b      	lsls	r3, r3, #20
100006e4:	4943      	ldr	r1, [pc, #268]	; (100007f4 <irq_add_shared_handler+0x1b8>)
100006e6:	0d5b      	lsrs	r3, r3, #21
100006e8:	430b      	orrs	r3, r1
100006ea:	8073      	strh	r3, [r6, #2]
100006ec:	4663      	mov	r3, ip
100006ee:	3404      	adds	r4, #4
100006f0:	3b04      	subs	r3, #4
100006f2:	192d      	adds	r5, r5, r4
100006f4:	1b5d      	subs	r5, r3, r5
100006f6:	4643      	mov	r3, r8
100006f8:	052d      	lsls	r5, r5, #20
100006fa:	71f3      	strb	r3, [r6, #7]
100006fc:	0d6d      	lsrs	r5, r5, #21
100006fe:	4653      	mov	r3, sl
10000700:	4329      	orrs	r1, r5
10000702:	80b1      	strh	r1, [r6, #4]
10000704:	71b2      	strb	r2, [r6, #6]
10000706:	2101      	movs	r1, #1
10000708:	4662      	mov	r2, ip
1000070a:	60b3      	str	r3, [r6, #8]
1000070c:	4b3a      	ldr	r3, [pc, #232]	; (100007f8 <irq_add_shared_handler+0x1bc>)
1000070e:	4331      	orrs	r1, r6
10000710:	6013      	str	r3, [r2, #0]
10000712:	e018      	b.n	10000746 <irq_add_shared_handler+0x10a>
10000714:	4b39      	ldr	r3, [pc, #228]	; (100007fc <irq_add_shared_handler+0x1c0>)
10000716:	4299      	cmp	r1, r3
10000718:	d152      	bne.n	100007c0 <irq_add_shared_handler+0x184>
1000071a:	4b34      	ldr	r3, [pc, #208]	; (100007ec <irq_add_shared_handler+0x1b0>)
1000071c:	3402      	adds	r4, #2
1000071e:	8033      	strh	r3, [r6, #0]
10000720:	4b33      	ldr	r3, [pc, #204]	; (100007f0 <irq_add_shared_handler+0x1b4>)
10000722:	192d      	adds	r5, r5, r4
10000724:	3b04      	subs	r3, #4
10000726:	1b5d      	subs	r5, r3, r5
10000728:	052d      	lsls	r5, r5, #20
1000072a:	4b32      	ldr	r3, [pc, #200]	; (100007f4 <irq_add_shared_handler+0x1b8>)
1000072c:	0d6d      	lsrs	r5, r5, #21
1000072e:	431d      	orrs	r5, r3
10000730:	4b33      	ldr	r3, [pc, #204]	; (10000800 <irq_add_shared_handler+0x1c4>)
10000732:	2101      	movs	r1, #1
10000734:	80b3      	strh	r3, [r6, #4]
10000736:	23ff      	movs	r3, #255	; 0xff
10000738:	71b3      	strb	r3, [r6, #6]
1000073a:	4643      	mov	r3, r8
1000073c:	71f3      	strb	r3, [r6, #7]
1000073e:	4653      	mov	r3, sl
10000740:	8075      	strh	r5, [r6, #2]
10000742:	60b3      	str	r3, [r6, #8]
10000744:	4331      	orrs	r1, r6
10000746:	465a      	mov	r2, fp
10000748:	4b26      	ldr	r3, [pc, #152]	; (100007e4 <irq_add_shared_handler+0x1a8>)
1000074a:	689b      	ldr	r3, [r3, #8]
1000074c:	5099      	str	r1, [r3, r2]
1000074e:	f3bf 8f5f 	dmb	sy
10000752:	f3bf 8f5f 	dmb	sy
10000756:	2200      	movs	r2, #0
10000758:	4b1f      	ldr	r3, [pc, #124]	; (100007d8 <irq_add_shared_handler+0x19c>)
1000075a:	601a      	str	r2, [r3, #0]
1000075c:	f389 8810 	msr	PRIMASK, r9
10000760:	bc3c      	pop	{r2, r3, r4, r5}
10000762:	4690      	mov	r8, r2
10000764:	4699      	mov	r9, r3
10000766:	46a2      	mov	sl, r4
10000768:	46ab      	mov	fp, r5
1000076a:	bdf8      	pop	{r3, r4, r5, r6, r7, pc}
1000076c:	2706      	movs	r7, #6
1000076e:	57d7      	ldrsb	r7, [r2, r7]
10000770:	1d13      	adds	r3, r2, #4
10000772:	469c      	mov	ip, r3
10000774:	2f00      	cmp	r7, #0
10000776:	db2c      	blt.n	100007d2 <irq_add_shared_handler+0x196>
10000778:	3404      	adds	r4, #4
1000077a:	192d      	adds	r5, r5, r4
1000077c:	24e0      	movs	r4, #224	; 0xe0
1000077e:	8893      	ldrh	r3, [r2, #4]
10000780:	0224      	lsls	r4, r4, #8
10000782:	055b      	lsls	r3, r3, #21
10000784:	151b      	asrs	r3, r3, #20
10000786:	4463      	add	r3, ip
10000788:	1b5b      	subs	r3, r3, r5
1000078a:	051b      	lsls	r3, r3, #20
1000078c:	0d5b      	lsrs	r3, r3, #21
1000078e:	4323      	orrs	r3, r4
10000790:	4665      	mov	r5, ip
10000792:	1f34      	subs	r4, r6, #4
10000794:	1b64      	subs	r4, r4, r5
10000796:	0524      	lsls	r4, r4, #20
10000798:	4d16      	ldr	r5, [pc, #88]	; (100007f4 <irq_add_shared_handler+0x1b8>)
1000079a:	0d64      	lsrs	r4, r4, #21
1000079c:	432c      	orrs	r4, r5
1000079e:	8094      	strh	r4, [r2, #4]
100007a0:	7190      	strb	r0, [r2, #6]
100007a2:	80b3      	strh	r3, [r6, #4]
100007a4:	4643      	mov	r3, r8
100007a6:	71f3      	strb	r3, [r6, #7]
100007a8:	4653      	mov	r3, sl
100007aa:	4a13      	ldr	r2, [pc, #76]	; (100007f8 <irq_add_shared_handler+0x1bc>)
100007ac:	71b7      	strb	r7, [r6, #6]
100007ae:	6032      	str	r2, [r6, #0]
100007b0:	60b3      	str	r3, [r6, #8]
100007b2:	e7c8      	b.n	10000746 <irq_add_shared_handler+0x10a>
100007b4:	f001 f9ca 	bl	10001b4c <hard_assertion_failure>
100007b8:	465b      	mov	r3, fp
100007ba:	2000      	movs	r0, #0
100007bc:	5618      	ldrsb	r0, [r3, r0]
100007be:	e756      	b.n	1000066e <irq_add_shared_handler+0x32>
100007c0:	f001 f9c4 	bl	10001b4c <hard_assertion_failure>
100007c4:	e7a9      	b.n	1000071a <irq_add_shared_handler+0xde>
100007c6:	1d1a      	adds	r2, r3, #4
100007c8:	4694      	mov	ip, r2
100007ca:	001a      	movs	r2, r3
100007cc:	23bd      	movs	r3, #189	; 0xbd
100007ce:	021b      	lsls	r3, r3, #8
100007d0:	e7de      	b.n	10000790 <irq_add_shared_handler+0x154>
100007d2:	23bd      	movs	r3, #189	; 0xbd
100007d4:	021b      	lsls	r3, r3, #8
100007d6:	e7db      	b.n	10000790 <irq_add_shared_handler+0x154>
100007d8:	d0000124 	.word	0xd0000124
100007dc:	20000f32 	.word	0x20000f32
100007e0:	20000374 	.word	0x20000374
100007e4:	e000ed00 	.word	0xe000ed00
100007e8:	0000aaaa 	.word	0x0000aaaa
100007ec:	ffffa100 	.word	0xffffa100
100007f0:	200003a4 	.word	0x200003a4
100007f4:	ffffe000 	.word	0xffffe000
100007f8:	47804801 	.word	0x47804801
100007fc:	100001cd 	.word	0x100001cd
10000800:	ffffbd00 	.word	0xffffbd00

10000804 <irq_remove_handler>:
10000804:	b5f0      	push	{r4, r5, r6, r7, lr}
10000806:	4645      	mov	r5, r8
10000808:	46de      	mov	lr, fp
1000080a:	4657      	mov	r7, sl
1000080c:	464e      	mov	r6, r9
1000080e:	b5e0      	push	{r5, r6, r7, lr}
10000810:	000d      	movs	r5, r1
10000812:	b083      	sub	sp, #12
10000814:	f3ef 8a10 	mrs	sl, PRIMASK
10000818:	b672      	cpsid	i
1000081a:	4a5a      	ldr	r2, [pc, #360]	; (10000984 <irq_remove_handler+0x180>)
1000081c:	6813      	ldr	r3, [r2, #0]
1000081e:	2b00      	cmp	r3, #0
10000820:	d0fc      	beq.n	1000081c <irq_remove_handler+0x18>
10000822:	f3bf 8f5f 	dmb	sy
10000826:	2210      	movs	r2, #16
10000828:	4691      	mov	r9, r2
1000082a:	4481      	add	r9, r0
1000082c:	464a      	mov	r2, r9
1000082e:	4b56      	ldr	r3, [pc, #344]	; (10000988 <irq_remove_handler+0x184>)
10000830:	0096      	lsls	r6, r2, #2
10000832:	689b      	ldr	r3, [r3, #8]
10000834:	599c      	ldr	r4, [r3, r6]
10000836:	4b55      	ldr	r3, [pc, #340]	; (1000098c <irq_remove_handler+0x188>)
10000838:	4698      	mov	r8, r3
1000083a:	429c      	cmp	r4, r3
1000083c:	d005      	beq.n	1000084a <irq_remove_handler+0x46>
1000083e:	42ac      	cmp	r4, r5
10000840:	d016      	beq.n	10000870 <irq_remove_handler+0x6c>
10000842:	4f53      	ldr	r7, [pc, #332]	; (10000990 <irq_remove_handler+0x18c>)
10000844:	1be3      	subs	r3, r4, r7
10000846:	2b2f      	cmp	r3, #47	; 0x2f
10000848:	d914      	bls.n	10000874 <irq_remove_handler+0x70>
1000084a:	4b4f      	ldr	r3, [pc, #316]	; (10000988 <irq_remove_handler+0x184>)
1000084c:	689b      	ldr	r3, [r3, #8]
1000084e:	519c      	str	r4, [r3, r6]
10000850:	f3bf 8f5f 	dmb	sy
10000854:	f3bf 8f5f 	dmb	sy
10000858:	2200      	movs	r2, #0
1000085a:	4b4a      	ldr	r3, [pc, #296]	; (10000984 <irq_remove_handler+0x180>)
1000085c:	601a      	str	r2, [r3, #0]
1000085e:	f38a 8810 	msr	PRIMASK, sl
10000862:	b003      	add	sp, #12
10000864:	bc3c      	pop	{r2, r3, r4, r5}
10000866:	4690      	mov	r8, r2
10000868:	4699      	mov	r9, r3
1000086a:	46a2      	mov	sl, r4
1000086c:	46ab      	mov	fp, r5
1000086e:	bdf0      	pop	{r4, r5, r6, r7, pc}
10000870:	001c      	movs	r4, r3
10000872:	e7ea      	b.n	1000084a <irq_remove_handler+0x46>
10000874:	2301      	movs	r3, #1
10000876:	4083      	lsls	r3, r0
10000878:	469b      	mov	fp, r3
1000087a:	465a      	mov	r2, fp
1000087c:	4b45      	ldr	r3, [pc, #276]	; (10000994 <irq_remove_handler+0x190>)
1000087e:	681b      	ldr	r3, [r3, #0]
10000880:	401a      	ands	r2, r3
10000882:	9200      	str	r2, [sp, #0]
10000884:	465a      	mov	r2, fp
10000886:	4b44      	ldr	r3, [pc, #272]	; (10000998 <irq_remove_handler+0x194>)
10000888:	601a      	str	r2, [r3, #0]
1000088a:	f3bf 8f5f 	dmb	sy
1000088e:	f7ff fcea 	bl	10000266 <__get_current_exception>
10000892:	9001      	str	r0, [sp, #4]
10000894:	2800      	cmp	r0, #0
10000896:	d003      	beq.n	100008a0 <irq_remove_handler+0x9c>
10000898:	4581      	cmp	r9, r0
1000089a:	d001      	beq.n	100008a0 <irq_remove_handler+0x9c>
1000089c:	f001 f956 	bl	10001b4c <hard_assertion_failure>
100008a0:	2301      	movs	r3, #1
100008a2:	0022      	movs	r2, r4
100008a4:	2106      	movs	r1, #6
100008a6:	439a      	bics	r2, r3
100008a8:	6893      	ldr	r3, [r2, #8]
100008aa:	5651      	ldrsb	r1, [r2, r1]
100008ac:	429d      	cmp	r5, r3
100008ae:	d10a      	bne.n	100008c6 <irq_remove_handler+0xc2>
100008b0:	e052      	b.n	10000958 <irq_remove_handler+0x154>
100008b2:	004b      	lsls	r3, r1, #1
100008b4:	185b      	adds	r3, r3, r1
100008b6:	2106      	movs	r1, #6
100008b8:	009b      	lsls	r3, r3, #2
100008ba:	18fb      	adds	r3, r7, r3
100008bc:	6898      	ldr	r0, [r3, #8]
100008be:	5659      	ldrsb	r1, [r3, r1]
100008c0:	42a8      	cmp	r0, r5
100008c2:	d00f      	beq.n	100008e4 <irq_remove_handler+0xe0>
100008c4:	001a      	movs	r2, r3
100008c6:	2900      	cmp	r1, #0
100008c8:	daf3      	bge.n	100008b2 <irq_remove_handler+0xae>
100008ca:	9b00      	ldr	r3, [sp, #0]
100008cc:	2b00      	cmp	r3, #0
100008ce:	d005      	beq.n	100008dc <irq_remove_handler+0xd8>
100008d0:	465a      	mov	r2, fp
100008d2:	4b32      	ldr	r3, [pc, #200]	; (1000099c <irq_remove_handler+0x198>)
100008d4:	601a      	str	r2, [r3, #0]
100008d6:	4b2f      	ldr	r3, [pc, #188]	; (10000994 <irq_remove_handler+0x190>)
100008d8:	601a      	str	r2, [r3, #0]
100008da:	e7b6      	b.n	1000084a <irq_remove_handler+0x46>
100008dc:	465a      	mov	r2, fp
100008de:	4b2e      	ldr	r3, [pc, #184]	; (10000998 <irq_remove_handler+0x194>)
100008e0:	601a      	str	r2, [r3, #0]
100008e2:	e7b2      	b.n	1000084a <irq_remove_handler+0x46>
100008e4:	2900      	cmp	r1, #0
100008e6:	db21      	blt.n	1000092c <irq_remove_handler+0x128>
100008e8:	004a      	lsls	r2, r1, #1
100008ea:	1850      	adds	r0, r2, r1
100008ec:	0080      	lsls	r0, r0, #2
100008ee:	183d      	adds	r5, r7, r0
100008f0:	4680      	mov	r8, r0
100008f2:	68a8      	ldr	r0, [r5, #8]
100008f4:	6098      	str	r0, [r3, #8]
100008f6:	79e8      	ldrb	r0, [r5, #7]
100008f8:	71d8      	strb	r0, [r3, #7]
100008fa:	2006      	movs	r0, #6
100008fc:	5628      	ldrsb	r0, [r5, r0]
100008fe:	7198      	strb	r0, [r3, #6]
10000900:	2800      	cmp	r0, #0
10000902:	db26      	blt.n	10000952 <irq_remove_handler+0x14e>
10000904:	88ad      	ldrh	r5, [r5, #4]
10000906:	1af8      	subs	r0, r7, r3
10000908:	056d      	lsls	r5, r5, #21
1000090a:	152d      	asrs	r5, r5, #20
1000090c:	4445      	add	r5, r8
1000090e:	1940      	adds	r0, r0, r5
10000910:	25e0      	movs	r5, #224	; 0xe0
10000912:	0500      	lsls	r0, r0, #20
10000914:	0d40      	lsrs	r0, r0, #21
10000916:	022d      	lsls	r5, r5, #8
10000918:	4328      	orrs	r0, r5
1000091a:	8098      	strh	r0, [r3, #4]
1000091c:	1852      	adds	r2, r2, r1
1000091e:	4b20      	ldr	r3, [pc, #128]	; (100009a0 <irq_remove_handler+0x19c>)
10000920:	0092      	lsls	r2, r2, #2
10000922:	18bf      	adds	r7, r7, r2
10000924:	781a      	ldrb	r2, [r3, #0]
10000926:	7019      	strb	r1, [r3, #0]
10000928:	71ba      	strb	r2, [r7, #6]
1000092a:	e7ce      	b.n	100008ca <irq_remove_handler+0xc6>
1000092c:	9901      	ldr	r1, [sp, #4]
1000092e:	2900      	cmp	r1, #0
10000930:	d118      	bne.n	10000964 <irq_remove_handler+0x160>
10000932:	2a00      	cmp	r2, #0
10000934:	d023      	beq.n	1000097e <irq_remove_handler+0x17a>
10000936:	31ff      	adds	r1, #255	; 0xff
10000938:	7191      	strb	r1, [r2, #6]
1000093a:	491a      	ldr	r1, [pc, #104]	; (100009a4 <irq_remove_handler+0x1a0>)
1000093c:	8091      	strh	r1, [r2, #4]
1000093e:	4918      	ldr	r1, [pc, #96]	; (100009a0 <irq_remove_handler+0x19c>)
10000940:	780a      	ldrb	r2, [r1, #0]
10000942:	719a      	strb	r2, [r3, #6]
10000944:	4a18      	ldr	r2, [pc, #96]	; (100009a8 <irq_remove_handler+0x1a4>)
10000946:	1bdb      	subs	r3, r3, r7
10000948:	415b      	adcs	r3, r3
1000094a:	435a      	muls	r2, r3
1000094c:	0d12      	lsrs	r2, r2, #20
1000094e:	700a      	strb	r2, [r1, #0]
10000950:	e7bb      	b.n	100008ca <irq_remove_handler+0xc6>
10000952:	20bd      	movs	r0, #189	; 0xbd
10000954:	0200      	lsls	r0, r0, #8
10000956:	e7e0      	b.n	1000091a <irq_remove_handler+0x116>
10000958:	0013      	movs	r3, r2
1000095a:	2900      	cmp	r1, #0
1000095c:	dac4      	bge.n	100008e8 <irq_remove_handler+0xe4>
1000095e:	9a01      	ldr	r2, [sp, #4]
10000960:	2a00      	cmp	r2, #0
10000962:	d00c      	beq.n	1000097e <irq_remove_handler+0x17a>
10000964:	4a11      	ldr	r2, [pc, #68]	; (100009ac <irq_remove_handler+0x1a8>)
10000966:	4912      	ldr	r1, [pc, #72]	; (100009b0 <irq_remove_handler+0x1ac>)
10000968:	1ad2      	subs	r2, r2, r3
1000096a:	3a08      	subs	r2, #8
1000096c:	0250      	lsls	r0, r2, #9
1000096e:	0d40      	lsrs	r0, r0, #21
10000970:	4301      	orrs	r1, r0
10000972:	8099      	strh	r1, [r3, #4]
10000974:	490f      	ldr	r1, [pc, #60]	; (100009b4 <irq_remove_handler+0x1b0>)
10000976:	0852      	lsrs	r2, r2, #1
10000978:	430a      	orrs	r2, r1
1000097a:	80da      	strh	r2, [r3, #6]
1000097c:	e7a5      	b.n	100008ca <irq_remove_handler+0xc6>
1000097e:	4644      	mov	r4, r8
10000980:	e7dd      	b.n	1000093e <irq_remove_handler+0x13a>
10000982:	46c0      	nop			; (mov r8, r8)
10000984:	d0000124 	.word	0xd0000124
10000988:	e000ed00 	.word	0xe000ed00
1000098c:	100001cd 	.word	0x100001cd
10000990:	20000374 	.word	0x20000374
10000994:	e000e100 	.word	0xe000e100
10000998:	e000e180 	.word	0xe000e180
1000099c:	e000e280 	.word	0xe000e280
100009a0:	20000f32 	.word	0x20000f32
100009a4:	ffffbd00 	.word	0xffffbd00
100009a8:	0000aaaa 	.word	0x0000aaaa
100009ac:	200003ae 	.word	0x200003ae
100009b0:	fffff000 	.word	0xfffff000
100009b4:	fffff800 	.word	0xfffff800

100009b8 <irq_add_tail_to_free_list>:
100009b8:	b5f8      	push	{r3, r4, r5, r6, r7, lr}
100009ba:	2501      	movs	r5, #1
100009bc:	0004      	movs	r4, r0
100009be:	4305      	orrs	r5, r0
100009c0:	f7ff fc51 	bl	10000266 <__get_current_exception>
100009c4:	f3ef 8610 	mrs	r6, PRIMASK
100009c8:	b672      	cpsid	i
100009ca:	4a21      	ldr	r2, [pc, #132]	; (10000a50 <irq_add_tail_to_free_list+0x98>)
100009cc:	6813      	ldr	r3, [r2, #0]
100009ce:	2b00      	cmp	r3, #0
100009d0:	d0fc      	beq.n	100009cc <irq_add_tail_to_free_list+0x14>
100009d2:	f3bf 8f5f 	dmb	sy
100009d6:	4b1f      	ldr	r3, [pc, #124]	; (10000a54 <irq_add_tail_to_free_list+0x9c>)
100009d8:	4a1f      	ldr	r2, [pc, #124]	; (10000a58 <irq_add_tail_to_free_list+0xa0>)
100009da:	0021      	movs	r1, r4
100009dc:	1ac9      	subs	r1, r1, r3
100009de:	4149      	adcs	r1, r1
100009e0:	434a      	muls	r2, r1
100009e2:	0d12      	lsrs	r2, r2, #20
100009e4:	491d      	ldr	r1, [pc, #116]	; (10000a5c <irq_add_tail_to_free_list+0xa4>)
100009e6:	0080      	lsls	r0, r0, #2
100009e8:	688f      	ldr	r7, [r1, #8]
100009ea:	b252      	sxtb	r2, r2
100009ec:	583f      	ldr	r7, [r7, r0]
100009ee:	42af      	cmp	r7, r5
100009f0:	d01c      	beq.n	10000a2c <irq_add_tail_to_free_list+0x74>
100009f2:	2106      	movs	r1, #6
100009f4:	5659      	ldrsb	r1, [r3, r1]
100009f6:	4291      	cmp	r1, r2
100009f8:	d01c      	beq.n	10000a34 <irq_add_tail_to_free_list+0x7c>
100009fa:	2112      	movs	r1, #18
100009fc:	5659      	ldrsb	r1, [r3, r1]
100009fe:	4291      	cmp	r1, r2
10000a00:	d022      	beq.n	10000a48 <irq_add_tail_to_free_list+0x90>
10000a02:	211e      	movs	r1, #30
10000a04:	5659      	ldrsb	r1, [r3, r1]
10000a06:	4291      	cmp	r1, r2
10000a08:	d020      	beq.n	10000a4c <irq_add_tail_to_free_list+0x94>
10000a0a:	212a      	movs	r1, #42	; 0x2a
10000a0c:	5659      	ldrsb	r1, [r3, r1]
10000a0e:	2003      	movs	r0, #3
10000a10:	4291      	cmp	r1, r2
10000a12:	d010      	beq.n	10000a36 <irq_add_tail_to_free_list+0x7e>
10000a14:	4b12      	ldr	r3, [pc, #72]	; (10000a60 <irq_add_tail_to_free_list+0xa8>)
10000a16:	7819      	ldrb	r1, [r3, #0]
10000a18:	701a      	strb	r2, [r3, #0]
10000a1a:	71a1      	strb	r1, [r4, #6]
10000a1c:	f3bf 8f5f 	dmb	sy
10000a20:	2200      	movs	r2, #0
10000a22:	4b0b      	ldr	r3, [pc, #44]	; (10000a50 <irq_add_tail_to_free_list+0x98>)
10000a24:	601a      	str	r2, [r3, #0]
10000a26:	f386 8810 	msr	PRIMASK, r6
10000a2a:	bdf8      	pop	{r3, r4, r5, r6, r7, pc}
10000a2c:	688b      	ldr	r3, [r1, #8]
10000a2e:	490d      	ldr	r1, [pc, #52]	; (10000a64 <irq_add_tail_to_free_list+0xac>)
10000a30:	5019      	str	r1, [r3, r0]
10000a32:	e7ef      	b.n	10000a14 <irq_add_tail_to_free_list+0x5c>
10000a34:	2000      	movs	r0, #0
10000a36:	0041      	lsls	r1, r0, #1
10000a38:	1809      	adds	r1, r1, r0
10000a3a:	0089      	lsls	r1, r1, #2
10000a3c:	185b      	adds	r3, r3, r1
10000a3e:	21ff      	movs	r1, #255	; 0xff
10000a40:	7199      	strb	r1, [r3, #6]
10000a42:	4909      	ldr	r1, [pc, #36]	; (10000a68 <irq_add_tail_to_free_list+0xb0>)
10000a44:	8099      	strh	r1, [r3, #4]
10000a46:	e7e5      	b.n	10000a14 <irq_add_tail_to_free_list+0x5c>
10000a48:	2001      	movs	r0, #1
10000a4a:	e7f4      	b.n	10000a36 <irq_add_tail_to_free_list+0x7e>
10000a4c:	2002      	movs	r0, #2
10000a4e:	e7f2      	b.n	10000a36 <irq_add_tail_to_free_list+0x7e>
10000a50:	d0000124 	.word	0xd0000124
10000a54:	20000374 	.word	0x20000374
10000a58:	0000aaaa 	.word	0x0000aaaa
10000a5c:	e000ed00 	.word	0xe000ed00
10000a60:	20000f32 	.word	0x20000f32
10000a64:	100001cd 	.word	0x100001cd
10000a68:	ffffbd00 	.word	0xffffbd00

10000a6c <irq_init_priorities>:
10000a6c:	4b05      	ldr	r3, [pc, #20]	; (10000a84 <irq_init_priorities+0x18>)
10000a6e:	4a06      	ldr	r2, [pc, #24]	; (10000a88 <irq_init_priorities+0x1c>)
10000a70:	6013      	str	r3, [r2, #0]
10000a72:	4a06      	ldr	r2, [pc, #24]	; (10000a8c <irq_init_priorities+0x20>)
10000a74:	6013      	str	r3, [r2, #0]
10000a76:	6053      	str	r3, [r2, #4]
10000a78:	6093      	str	r3, [r2, #8]
10000a7a:	60d3      	str	r3, [r2, #12]
10000a7c:	6113      	str	r3, [r2, #16]
10000a7e:	6153      	str	r3, [r2, #20]
10000a80:	6193      	str	r3, [r2, #24]
10000a82:	4770      	bx	lr
10000a84:	80808080 	.word	0x80808080
10000a88:	e000e400 	.word	0xe000e400
10000a8c:	e000e404 	.word	0xe000e404

10000a90 <user_irq_claim_unused>:
10000a90:	23d0      	movs	r3, #208	; 0xd0
10000a92:	b500      	push	{lr}
10000a94:	061b      	lsls	r3, r3, #24
10000a96:	0001      	movs	r1, r0
10000a98:	6818      	ldr	r0, [r3, #0]
10000a9a:	4b07      	ldr	r3, [pc, #28]	; (10000ab8 <user_irq_claim_unused+0x28>)
10000a9c:	b083      	sub	sp, #12
10000a9e:	1818      	adds	r0, r3, r0
10000aa0:	4b06      	ldr	r3, [pc, #24]	; (10000abc <user_irq_claim_unused+0x2c>)
10000aa2:	2200      	movs	r2, #0
10000aa4:	9300      	str	r3, [sp, #0]
10000aa6:	2305      	movs	r3, #5
10000aa8:	f7ff fce6 	bl	10000478 <hw_claim_unused_from_range>
10000aac:	2800      	cmp	r0, #0
10000aae:	db01      	blt.n	10000ab4 <user_irq_claim_unused+0x24>
10000ab0:	231f      	movs	r3, #31
10000ab2:	1a18      	subs	r0, r3, r0
10000ab4:	b003      	add	sp, #12
10000ab6:	bd00      	pop	{pc}
10000ab8:	20000f2c 	.word	0x20000f2c
10000abc:	10005054 	.word	0x10005054

10000ac0 <lock_init>:
10000ac0:	4b02      	ldr	r3, [pc, #8]	; (10000acc <lock_init+0xc>)
10000ac2:	469c      	mov	ip, r3
10000ac4:	4461      	add	r1, ip
10000ac6:	0089      	lsls	r1, r1, #2
10000ac8:	6001      	str	r1, [r0, #0]
10000aca:	4770      	bx	lr
10000acc:	34000040 	.word	0x34000040

10000ad0 <timer_pool_entry_comparator>:
10000ad0:	6883      	ldr	r3, [r0, #8]
10000ad2:	480b      	ldr	r0, [pc, #44]	; (10000b00 <timer_pool_entry_comparator+0x30>)
10000ad4:	b510      	push	{r4, lr}
10000ad6:	4684      	mov	ip, r0
10000ad8:	4461      	add	r1, ip
10000ada:	4462      	add	r2, ip
10000adc:	0109      	lsls	r1, r1, #4
10000ade:	0112      	lsls	r2, r2, #4
10000ae0:	189a      	adds	r2, r3, r2
10000ae2:	1859      	adds	r1, r3, r1
10000ae4:	6854      	ldr	r4, [r2, #4]
10000ae6:	684b      	ldr	r3, [r1, #4]
10000ae8:	2001      	movs	r0, #1
10000aea:	429c      	cmp	r4, r3
10000aec:	d801      	bhi.n	10000af2 <timer_pool_entry_comparator+0x22>
10000aee:	d002      	beq.n	10000af6 <timer_pool_entry_comparator+0x26>
10000af0:	2000      	movs	r0, #0
10000af2:	b2c0      	uxtb	r0, r0
10000af4:	bd10      	pop	{r4, pc}
10000af6:	6812      	ldr	r2, [r2, #0]
10000af8:	680b      	ldr	r3, [r1, #0]
10000afa:	429a      	cmp	r2, r3
10000afc:	d8f9      	bhi.n	10000af2 <timer_pool_entry_comparator+0x22>
10000afe:	e7f7      	b.n	10000af0 <timer_pool_entry_comparator+0x20>
10000b00:	0fffffff 	.word	0x0fffffff

10000b04 <sleep_until_callback>:
10000b04:	4b0a      	ldr	r3, [pc, #40]	; (10000b30 <sleep_until_callback+0x2c>)
10000b06:	6819      	ldr	r1, [r3, #0]
10000b08:	f3ef 8010 	mrs	r0, PRIMASK
10000b0c:	b672      	cpsid	i
10000b0e:	680a      	ldr	r2, [r1, #0]
10000b10:	2a00      	cmp	r2, #0
10000b12:	d0fc      	beq.n	10000b0e <sleep_until_callback+0xa>
10000b14:	f3bf 8f5f 	dmb	sy
10000b18:	681b      	ldr	r3, [r3, #0]
10000b1a:	f3bf 8f5f 	dmb	sy
10000b1e:	2200      	movs	r2, #0
10000b20:	601a      	str	r2, [r3, #0]
10000b22:	f380 8810 	msr	PRIMASK, r0
10000b26:	bf40      	sev
10000b28:	2000      	movs	r0, #0
10000b2a:	2100      	movs	r1, #0
10000b2c:	4770      	bx	lr
10000b2e:	46c0      	nop			; (mov r8, r8)
10000b30:	20000efc 	.word	0x20000efc

10000b34 <add_alarm_under_lock>:
10000b34:	b5f8      	push	{r3, r4, r5, r6, r7, lr}
10000b36:	4645      	mov	r5, r8
10000b38:	4657      	mov	r7, sl
10000b3a:	464e      	mov	r6, r9
10000b3c:	46de      	mov	lr, fp
10000b3e:	b5e0      	push	{r5, r6, r7, lr}
10000b40:	0014      	movs	r4, r2
10000b42:	aa0d      	add	r2, sp, #52	; 0x34
10000b44:	7812      	ldrb	r2, [r2, #0]
10000b46:	001d      	movs	r5, r3
10000b48:	ab0c      	add	r3, sp, #48	; 0x30
10000b4a:	4692      	mov	sl, r2
10000b4c:	781b      	ldrb	r3, [r3, #0]
10000b4e:	6802      	ldr	r2, [r0, #0]
10000b50:	4681      	mov	r9, r0
10000b52:	4690      	mov	r8, r2
10000b54:	2b00      	cmp	r3, #0
10000b56:	d113      	bne.n	10000b80 <add_alarm_under_lock+0x4c>
10000b58:	7b97      	ldrb	r7, [r2, #14]
10000b5a:	2f00      	cmp	r7, #0
10000b5c:	d04a      	beq.n	10000bf4 <add_alarm_under_lock+0xc0>
10000b5e:	4640      	mov	r0, r8
10000b60:	007e      	lsls	r6, r7, #1
10000b62:	6812      	ldr	r2, [r2, #0]
10000b64:	19f6      	adds	r6, r6, r7
10000b66:	3e03      	subs	r6, #3
10000b68:	1992      	adds	r2, r2, r6
10000b6a:	7851      	ldrb	r1, [r2, #1]
10000b6c:	003b      	movs	r3, r7
10000b6e:	7381      	strb	r1, [r0, #14]
10000b70:	2900      	cmp	r1, #0
10000b72:	d100      	bne.n	10000b76 <add_alarm_under_lock+0x42>
10000b74:	73c1      	strb	r1, [r0, #15]
10000b76:	2100      	movs	r1, #0
10000b78:	7091      	strb	r1, [r2, #2]
10000b7a:	7051      	strb	r1, [r2, #1]
10000b7c:	7011      	strb	r1, [r2, #0]
10000b7e:	e003      	b.n	10000b88 <add_alarm_under_lock+0x54>
10000b80:	001f      	movs	r7, r3
10000b82:	005e      	lsls	r6, r3, #1
10000b84:	18f6      	adds	r6, r6, r3
10000b86:	3e03      	subs	r6, #3
10000b88:	4a2e      	ldr	r2, [pc, #184]	; (10000c44 <add_alarm_under_lock+0x110>)
10000b8a:	4694      	mov	ip, r2
10000b8c:	464a      	mov	r2, r9
10000b8e:	6892      	ldr	r2, [r2, #8]
10000b90:	4463      	add	r3, ip
10000b92:	4694      	mov	ip, r2
10000b94:	011b      	lsls	r3, r3, #4
10000b96:	9a0a      	ldr	r2, [sp, #40]	; 0x28
10000b98:	4463      	add	r3, ip
10000b9a:	609a      	str	r2, [r3, #8]
10000b9c:	9a0b      	ldr	r2, [sp, #44]	; 0x2c
10000b9e:	601c      	str	r4, [r3, #0]
10000ba0:	605d      	str	r5, [r3, #4]
10000ba2:	60da      	str	r2, [r3, #12]
10000ba4:	4643      	mov	r3, r8
10000ba6:	2200      	movs	r2, #0
10000ba8:	681b      	ldr	r3, [r3, #0]
10000baa:	199b      	adds	r3, r3, r6
10000bac:	709a      	strb	r2, [r3, #2]
10000bae:	705a      	strb	r2, [r3, #1]
10000bb0:	701a      	strb	r2, [r3, #0]
10000bb2:	4643      	mov	r3, r8
10000bb4:	7b5b      	ldrb	r3, [r3, #13]
10000bb6:	469b      	mov	fp, r3
10000bb8:	2b00      	cmp	r3, #0
10000bba:	d02b      	beq.n	10000c14 <add_alarm_under_lock+0xe0>
10000bbc:	4643      	mov	r3, r8
10000bbe:	003a      	movs	r2, r7
10000bc0:	6898      	ldr	r0, [r3, #8]
10000bc2:	4659      	mov	r1, fp
10000bc4:	685b      	ldr	r3, [r3, #4]
10000bc6:	4798      	blx	r3
10000bc8:	465b      	mov	r3, fp
10000bca:	4642      	mov	r2, r8
10000bcc:	005b      	lsls	r3, r3, #1
10000bce:	445b      	add	r3, fp
10000bd0:	3b03      	subs	r3, #3
10000bd2:	6812      	ldr	r2, [r2, #0]
10000bd4:	2800      	cmp	r0, #0
10000bd6:	d014      	beq.n	10000c02 <add_alarm_under_lock+0xce>
10000bd8:	18d3      	adds	r3, r2, r3
10000bda:	1996      	adds	r6, r2, r6
10000bdc:	465a      	mov	r2, fp
10000bde:	70b2      	strb	r2, [r6, #2]
10000be0:	781a      	ldrb	r2, [r3, #0]
10000be2:	2a00      	cmp	r2, #0
10000be4:	d000      	beq.n	10000be8 <add_alarm_under_lock+0xb4>
10000be6:	7072      	strb	r2, [r6, #1]
10000be8:	701f      	strb	r7, [r3, #0]
10000bea:	465a      	mov	r2, fp
10000bec:	4643      	mov	r3, r8
10000bee:	735a      	strb	r2, [r3, #13]
10000bf0:	45bb      	cmp	fp, r7
10000bf2:	d011      	beq.n	10000c18 <add_alarm_under_lock+0xe4>
10000bf4:	0038      	movs	r0, r7
10000bf6:	bc3c      	pop	{r2, r3, r4, r5}
10000bf8:	4690      	mov	r8, r2
10000bfa:	4699      	mov	r9, r3
10000bfc:	46a2      	mov	sl, r4
10000bfe:	46ab      	mov	fp, r5
10000c00:	bdf8      	pop	{r3, r4, r5, r6, r7, pc}
10000c02:	18d3      	adds	r3, r2, r3
10000c04:	1996      	adds	r6, r2, r6
10000c06:	709f      	strb	r7, [r3, #2]
10000c08:	7832      	ldrb	r2, [r6, #0]
10000c0a:	2a00      	cmp	r2, #0
10000c0c:	d000      	beq.n	10000c10 <add_alarm_under_lock+0xdc>
10000c0e:	705a      	strb	r2, [r3, #1]
10000c10:	465b      	mov	r3, fp
10000c12:	7033      	strb	r3, [r6, #0]
10000c14:	4643      	mov	r3, r8
10000c16:	735f      	strb	r7, [r3, #13]
10000c18:	464b      	mov	r3, r9
10000c1a:	0022      	movs	r2, r4
10000c1c:	7d18      	ldrb	r0, [r3, #20]
10000c1e:	002b      	movs	r3, r5
10000c20:	f000 fb18 	bl	10001254 <hardware_alarm_set_target>
10000c24:	1e04      	subs	r4, r0, #0
10000c26:	d007      	beq.n	10000c38 <add_alarm_under_lock+0x104>
10000c28:	4653      	mov	r3, sl
10000c2a:	2b00      	cmp	r3, #0
10000c2c:	d104      	bne.n	10000c38 <add_alarm_under_lock+0x104>
10000c2e:	464b      	mov	r3, r9
10000c30:	0039      	movs	r1, r7
10000c32:	6818      	ldr	r0, [r3, #0]
10000c34:	f000 fe8c 	bl	10001950 <ph_remove_and_free_node>
10000c38:	9b0e      	ldr	r3, [sp, #56]	; 0x38
10000c3a:	2b00      	cmp	r3, #0
10000c3c:	d0da      	beq.n	10000bf4 <add_alarm_under_lock+0xc0>
10000c3e:	701c      	strb	r4, [r3, #0]
10000c40:	e7d8      	b.n	10000bf4 <add_alarm_under_lock+0xc0>
10000c42:	46c0      	nop			; (mov r8, r8)
10000c44:	0fffffff 	.word	0x0fffffff

10000c48 <alarm_pool_alarm_callback>:
10000c48:	b5f0      	push	{r4, r5, r6, r7, lr}
10000c4a:	46de      	mov	lr, fp
10000c4c:	4657      	mov	r7, sl
10000c4e:	464e      	mov	r6, r9
10000c50:	4645      	mov	r5, r8
10000c52:	2300      	movs	r3, #0
10000c54:	b5e0      	push	{r5, r6, r7, lr}
10000c56:	b08d      	sub	sp, #52	; 0x34
10000c58:	930a      	str	r3, [sp, #40]	; 0x28
10000c5a:	4b6d      	ldr	r3, [pc, #436]	; (10000e10 <alarm_pool_alarm_callback+0x1c8>)
10000c5c:	0082      	lsls	r2, r0, #2
10000c5e:	58d4      	ldr	r4, [r2, r3]
10000c60:	2300      	movs	r3, #0
10000c62:	469b      	mov	fp, r3
10000c64:	900b      	str	r0, [sp, #44]	; 0x2c
10000c66:	f000 faa3 	bl	100011b0 <time_us_64>
10000c6a:	6862      	ldr	r2, [r4, #4]
10000c6c:	f3ef 8510 	mrs	r5, PRIMASK
10000c70:	b672      	cpsid	i
10000c72:	6813      	ldr	r3, [r2, #0]
10000c74:	2b00      	cmp	r3, #0
10000c76:	d0fc      	beq.n	10000c72 <alarm_pool_alarm_callback+0x2a>
10000c78:	f3bf 8f5f 	dmb	sy
10000c7c:	6823      	ldr	r3, [r4, #0]
10000c7e:	469c      	mov	ip, r3
10000c80:	7b5b      	ldrb	r3, [r3, #13]
10000c82:	4699      	mov	r9, r3
10000c84:	2b00      	cmp	r3, #0
10000c86:	d100      	bne.n	10000c8a <alarm_pool_alarm_callback+0x42>
10000c88:	e06b      	b.n	10000d62 <alarm_pool_alarm_callback+0x11a>
10000c8a:	68a2      	ldr	r2, [r4, #8]
10000c8c:	4b61      	ldr	r3, [pc, #388]	; (10000e14 <alarm_pool_alarm_callback+0x1cc>)
10000c8e:	4690      	mov	r8, r2
10000c90:	444b      	add	r3, r9
10000c92:	011b      	lsls	r3, r3, #4
10000c94:	4498      	add	r8, r3
10000c96:	4643      	mov	r3, r8
10000c98:	681e      	ldr	r6, [r3, #0]
10000c9a:	685f      	ldr	r7, [r3, #4]
10000c9c:	0032      	movs	r2, r6
10000c9e:	003b      	movs	r3, r7
10000ca0:	1a12      	subs	r2, r2, r0
10000ca2:	418b      	sbcs	r3, r1
10000ca4:	2b00      	cmp	r3, #0
10000ca6:	dd65      	ble.n	10000d74 <alarm_pool_alarm_callback+0x12c>
10000ca8:	003b      	movs	r3, r7
10000caa:	0032      	movs	r2, r6
10000cac:	980b      	ldr	r0, [sp, #44]	; 0x2c
10000cae:	f000 fad1 	bl	10001254 <hardware_alarm_set_target>
10000cb2:	2300      	movs	r3, #0
10000cb4:	2200      	movs	r2, #0
10000cb6:	9208      	str	r2, [sp, #32]
10000cb8:	9309      	str	r3, [sp, #36]	; 0x24
10000cba:	2300      	movs	r3, #0
10000cbc:	2700      	movs	r7, #0
10000cbe:	469a      	mov	sl, r3
10000cc0:	6863      	ldr	r3, [r4, #4]
10000cc2:	f3bf 8f5f 	dmb	sy
10000cc6:	465a      	mov	r2, fp
10000cc8:	601a      	str	r2, [r3, #0]
10000cca:	f385 8810 	msr	PRIMASK, r5
10000cce:	4653      	mov	r3, sl
10000cd0:	2b00      	cmp	r3, #0
10000cd2:	d108      	bne.n	10000ce6 <alarm_pool_alarm_callback+0x9e>
10000cd4:	2800      	cmp	r0, #0
10000cd6:	d1c6      	bne.n	10000c66 <alarm_pool_alarm_callback+0x1e>
10000cd8:	b00d      	add	sp, #52	; 0x34
10000cda:	bc3c      	pop	{r2, r3, r4, r5}
10000cdc:	4690      	mov	r8, r2
10000cde:	4699      	mov	r9, r3
10000ce0:	46a2      	mov	sl, r4
10000ce2:	46ab      	mov	fp, r5
10000ce4:	bdf0      	pop	{r4, r5, r6, r7, pc}
10000ce6:	9b0a      	ldr	r3, [sp, #40]	; 0x28
10000ce8:	0039      	movs	r1, r7
10000cea:	0218      	lsls	r0, r3, #8
10000cec:	464b      	mov	r3, r9
10000cee:	4318      	orrs	r0, r3
10000cf0:	47d0      	blx	sl
10000cf2:	6862      	ldr	r2, [r4, #4]
10000cf4:	9006      	str	r0, [sp, #24]
10000cf6:	9107      	str	r1, [sp, #28]
10000cf8:	f3ef 8810 	mrs	r8, PRIMASK
10000cfc:	b672      	cpsid	i
10000cfe:	4656      	mov	r6, sl
10000d00:	4645      	mov	r5, r8
10000d02:	6813      	ldr	r3, [r2, #0]
10000d04:	2b00      	cmp	r3, #0
10000d06:	d0fc      	beq.n	10000d02 <alarm_pool_alarm_callback+0xba>
10000d08:	46b2      	mov	sl, r6
10000d0a:	46a8      	mov	r8, r5
10000d0c:	f3bf 8f5f 	dmb	sy
10000d10:	9906      	ldr	r1, [sp, #24]
10000d12:	9a07      	ldr	r2, [sp, #28]
10000d14:	1e13      	subs	r3, r2, #0
10000d16:	db49      	blt.n	10000dac <alarm_pool_alarm_callback+0x164>
10000d18:	4319      	orrs	r1, r3
10000d1a:	d002      	beq.n	10000d22 <alarm_pool_alarm_callback+0xda>
10000d1c:	6923      	ldr	r3, [r4, #16]
10000d1e:	2b00      	cmp	r3, #0
10000d20:	d15f      	bne.n	10000de2 <alarm_pool_alarm_callback+0x19a>
10000d22:	6823      	ldr	r3, [r4, #0]
10000d24:	7bda      	ldrb	r2, [r3, #15]
10000d26:	2a00      	cmp	r2, #0
10000d28:	d007      	beq.n	10000d3a <alarm_pool_alarm_callback+0xf2>
10000d2a:	0051      	lsls	r1, r2, #1
10000d2c:	188a      	adds	r2, r1, r2
10000d2e:	6819      	ldr	r1, [r3, #0]
10000d30:	468c      	mov	ip, r1
10000d32:	4649      	mov	r1, r9
10000d34:	4462      	add	r2, ip
10000d36:	3a03      	subs	r2, #3
10000d38:	7051      	strb	r1, [r2, #1]
10000d3a:	464a      	mov	r2, r9
10000d3c:	73da      	strb	r2, [r3, #15]
10000d3e:	68e2      	ldr	r2, [r4, #12]
10000d40:	464b      	mov	r3, r9
10000d42:	4694      	mov	ip, r2
10000d44:	3b01      	subs	r3, #1
10000d46:	4463      	add	r3, ip
10000d48:	781a      	ldrb	r2, [r3, #0]
10000d4a:	3201      	adds	r2, #1
10000d4c:	701a      	strb	r2, [r3, #0]
10000d4e:	465b      	mov	r3, fp
10000d50:	6123      	str	r3, [r4, #16]
10000d52:	6863      	ldr	r3, [r4, #4]
10000d54:	f3bf 8f5f 	dmb	sy
10000d58:	465a      	mov	r2, fp
10000d5a:	601a      	str	r2, [r3, #0]
10000d5c:	f388 8810 	msr	PRIMASK, r8
10000d60:	e781      	b.n	10000c66 <alarm_pool_alarm_callback+0x1e>
10000d62:	2300      	movs	r3, #0
10000d64:	2200      	movs	r2, #0
10000d66:	9208      	str	r2, [sp, #32]
10000d68:	9309      	str	r3, [sp, #36]	; 0x24
10000d6a:	2300      	movs	r3, #0
10000d6c:	2700      	movs	r7, #0
10000d6e:	469a      	mov	sl, r3
10000d70:	2000      	movs	r0, #0
10000d72:	e7a5      	b.n	10000cc0 <alarm_pool_alarm_callback+0x78>
10000d74:	2b00      	cmp	r3, #0
10000d76:	d101      	bne.n	10000d7c <alarm_pool_alarm_callback+0x134>
10000d78:	2a00      	cmp	r2, #0
10000d7a:	d195      	bne.n	10000ca8 <alarm_pool_alarm_callback+0x60>
10000d7c:	2100      	movs	r1, #0
10000d7e:	4660      	mov	r0, ip
10000d80:	f000 fd08 	bl	10001794 <ph_remove_head>
10000d84:	4643      	mov	r3, r8
10000d86:	681a      	ldr	r2, [r3, #0]
10000d88:	685b      	ldr	r3, [r3, #4]
10000d8a:	9208      	str	r2, [sp, #32]
10000d8c:	9309      	str	r3, [sp, #36]	; 0x24
10000d8e:	4643      	mov	r3, r8
10000d90:	689b      	ldr	r3, [r3, #8]
10000d92:	469a      	mov	sl, r3
10000d94:	4643      	mov	r3, r8
10000d96:	68df      	ldr	r7, [r3, #12]
10000d98:	68e3      	ldr	r3, [r4, #12]
10000d9a:	444b      	add	r3, r9
10000d9c:	3b01      	subs	r3, #1
10000d9e:	781b      	ldrb	r3, [r3, #0]
10000da0:	930a      	str	r3, [sp, #40]	; 0x28
10000da2:	021b      	lsls	r3, r3, #8
10000da4:	4303      	orrs	r3, r0
10000da6:	6123      	str	r3, [r4, #16]
10000da8:	2000      	movs	r0, #0
10000daa:	e789      	b.n	10000cc0 <alarm_pool_alarm_callback+0x78>
10000dac:	6923      	ldr	r3, [r4, #16]
10000dae:	2b00      	cmp	r3, #0
10000db0:	d0b7      	beq.n	10000d22 <alarm_pool_alarm_callback+0xda>
10000db2:	9d08      	ldr	r5, [sp, #32]
10000db4:	9e09      	ldr	r6, [sp, #36]	; 0x24
10000db6:	1a6d      	subs	r5, r5, r1
10000db8:	4196      	sbcs	r6, r2
10000dba:	002a      	movs	r2, r5
10000dbc:	0033      	movs	r3, r6
10000dbe:	9d08      	ldr	r5, [sp, #32]
10000dc0:	9e09      	ldr	r6, [sp, #36]	; 0x24
10000dc2:	429e      	cmp	r6, r3
10000dc4:	d818      	bhi.n	10000df8 <alarm_pool_alarm_callback+0x1b0>
10000dc6:	d01b      	beq.n	10000e00 <alarm_pool_alarm_callback+0x1b8>
10000dc8:	4659      	mov	r1, fp
10000dca:	9104      	str	r1, [sp, #16]
10000dcc:	2101      	movs	r1, #1
10000dce:	9103      	str	r1, [sp, #12]
10000dd0:	4649      	mov	r1, r9
10000dd2:	9102      	str	r1, [sp, #8]
10000dd4:	4651      	mov	r1, sl
10000dd6:	9701      	str	r7, [sp, #4]
10000dd8:	9100      	str	r1, [sp, #0]
10000dda:	0020      	movs	r0, r4
10000ddc:	f7ff feaa 	bl	10000b34 <add_alarm_under_lock>
10000de0:	e7b5      	b.n	10000d4e <alarm_pool_alarm_callback+0x106>
10000de2:	f000 f9e5 	bl	100011b0 <time_us_64>
10000de6:	9a06      	ldr	r2, [sp, #24]
10000de8:	9b07      	ldr	r3, [sp, #28]
10000dea:	1812      	adds	r2, r2, r0
10000dec:	414b      	adcs	r3, r1
10000dee:	4299      	cmp	r1, r3
10000df0:	d802      	bhi.n	10000df8 <alarm_pool_alarm_callback+0x1b0>
10000df2:	d1e9      	bne.n	10000dc8 <alarm_pool_alarm_callback+0x180>
10000df4:	4290      	cmp	r0, r2
10000df6:	d9e7      	bls.n	10000dc8 <alarm_pool_alarm_callback+0x180>
10000df8:	2201      	movs	r2, #1
10000dfa:	4252      	negs	r2, r2
10000dfc:	17d3      	asrs	r3, r2, #31
10000dfe:	e7e3      	b.n	10000dc8 <alarm_pool_alarm_callback+0x180>
10000e00:	9908      	ldr	r1, [sp, #32]
10000e02:	4291      	cmp	r1, r2
10000e04:	d9e0      	bls.n	10000dc8 <alarm_pool_alarm_callback+0x180>
10000e06:	2201      	movs	r2, #1
10000e08:	4252      	negs	r2, r2
10000e0a:	17d3      	asrs	r3, r2, #31
10000e0c:	e7dc      	b.n	10000dc8 <alarm_pool_alarm_callback+0x180>
10000e0e:	46c0      	nop			; (mov r8, r8)
10000e10:	20000ee0 	.word	0x20000ee0
10000e14:	0fffffff 	.word	0x0fffffff

10000e18 <alarm_pool_init_default>:
10000e18:	b510      	push	{r4, lr}
10000e1a:	4c12      	ldr	r4, [pc, #72]	; (10000e64 <alarm_pool_init_default+0x4c>)
10000e1c:	6863      	ldr	r3, [r4, #4]
10000e1e:	2b00      	cmp	r3, #0
10000e20:	d004      	beq.n	10000e2c <alarm_pool_init_default+0x14>
10000e22:	210a      	movs	r1, #10
10000e24:	4810      	ldr	r0, [pc, #64]	; (10000e68 <alarm_pool_init_default+0x50>)
10000e26:	f7ff fe4b 	bl	10000ac0 <lock_init>
10000e2a:	bd10      	pop	{r4, pc}
10000e2c:	0023      	movs	r3, r4
10000e2e:	4a0f      	ldr	r2, [pc, #60]	; (10000e6c <alarm_pool_init_default+0x54>)
10000e30:	2110      	movs	r1, #16
10000e32:	6820      	ldr	r0, [r4, #0]
10000e34:	f000 fad0 	bl	100013d8 <ph_post_alloc_init>
10000e38:	2003      	movs	r0, #3
10000e3a:	f000 f9ad 	bl	10001198 <hardware_alarm_claim>
10000e3e:	2003      	movs	r0, #3
10000e40:	f000 fa7c 	bl	1000133c <hardware_alarm_cancel>
10000e44:	490a      	ldr	r1, [pc, #40]	; (10000e70 <alarm_pool_init_default+0x58>)
10000e46:	2003      	movs	r0, #3
10000e48:	f000 f9be 	bl	100011c8 <hardware_alarm_set_callback>
10000e4c:	f7ff fb78 	bl	10000540 <next_striped_spin_lock_num>
10000e50:	4b08      	ldr	r3, [pc, #32]	; (10000e74 <alarm_pool_init_default+0x5c>)
10000e52:	469c      	mov	ip, r3
10000e54:	2303      	movs	r3, #3
10000e56:	4460      	add	r0, ip
10000e58:	7523      	strb	r3, [r4, #20]
10000e5a:	4b07      	ldr	r3, [pc, #28]	; (10000e78 <alarm_pool_init_default+0x60>)
10000e5c:	0080      	lsls	r0, r0, #2
10000e5e:	6060      	str	r0, [r4, #4]
10000e60:	60dc      	str	r4, [r3, #12]
10000e62:	e7de      	b.n	10000e22 <alarm_pool_init_default+0xa>
10000e64:	200003bc 	.word	0x200003bc
10000e68:	20000efc 	.word	0x20000efc
10000e6c:	10000ad1 	.word	0x10000ad1
10000e70:	10000c49 	.word	0x10000c49
10000e74:	34000040 	.word	0x34000040
10000e78:	20000ee0 	.word	0x20000ee0

10000e7c <alarm_pool_get_default>:
10000e7c:	4800      	ldr	r0, [pc, #0]	; (10000e80 <alarm_pool_get_default+0x4>)
10000e7e:	4770      	bx	lr
10000e80:	200003bc 	.word	0x200003bc

10000e84 <alarm_pool_add_alarm_at>:
10000e84:	b5f0      	push	{r4, r5, r6, r7, lr}
10000e86:	4657      	mov	r7, sl
10000e88:	4645      	mov	r5, r8
10000e8a:	46de      	mov	lr, fp
10000e8c:	464e      	mov	r6, r9
10000e8e:	b5e0      	push	{r5, r6, r7, lr}
10000e90:	b085      	sub	sp, #20
10000e92:	9200      	str	r2, [sp, #0]
10000e94:	9301      	str	r3, [sp, #4]
10000e96:	ab10      	add	r3, sp, #64	; 0x40
10000e98:	781b      	ldrb	r3, [r3, #0]
10000e9a:	2700      	movs	r7, #0
10000e9c:	9303      	str	r3, [sp, #12]
10000e9e:	2300      	movs	r3, #0
10000ea0:	4680      	mov	r8, r0
10000ea2:	469a      	mov	sl, r3
10000ea4:	4643      	mov	r3, r8
10000ea6:	685a      	ldr	r2, [r3, #4]
10000ea8:	f3ef 8910 	mrs	r9, PRIMASK
10000eac:	b672      	cpsid	i
10000eae:	6813      	ldr	r3, [r2, #0]
10000eb0:	2b00      	cmp	r3, #0
10000eb2:	d0fc      	beq.n	10000eae <alarm_pool_add_alarm_at+0x2a>
10000eb4:	f3bf 8f5f 	dmb	sy
10000eb8:	4643      	mov	r3, r8
10000eba:	681d      	ldr	r5, [r3, #0]
10000ebc:	7bac      	ldrb	r4, [r5, #14]
10000ebe:	2c00      	cmp	r4, #0
10000ec0:	d04f      	beq.n	10000f62 <alarm_pool_add_alarm_at+0xde>
10000ec2:	0066      	lsls	r6, r4, #1
10000ec4:	1936      	adds	r6, r6, r4
10000ec6:	682b      	ldr	r3, [r5, #0]
10000ec8:	3e03      	subs	r6, #3
10000eca:	199b      	adds	r3, r3, r6
10000ecc:	785a      	ldrb	r2, [r3, #1]
10000ece:	73aa      	strb	r2, [r5, #14]
10000ed0:	2a00      	cmp	r2, #0
10000ed2:	d100      	bne.n	10000ed6 <alarm_pool_add_alarm_at+0x52>
10000ed4:	73ea      	strb	r2, [r5, #15]
10000ed6:	4642      	mov	r2, r8
10000ed8:	709f      	strb	r7, [r3, #2]
10000eda:	705f      	strb	r7, [r3, #1]
10000edc:	701f      	strb	r7, [r3, #0]
10000ede:	6892      	ldr	r2, [r2, #8]
10000ee0:	4b4e      	ldr	r3, [pc, #312]	; (1000101c <alarm_pool_add_alarm_at+0x198>)
10000ee2:	4694      	mov	ip, r2
10000ee4:	9900      	ldr	r1, [sp, #0]
10000ee6:	9a01      	ldr	r2, [sp, #4]
10000ee8:	18e3      	adds	r3, r4, r3
10000eea:	011b      	lsls	r3, r3, #4
10000eec:	4463      	add	r3, ip
10000eee:	6019      	str	r1, [r3, #0]
10000ef0:	605a      	str	r2, [r3, #4]
10000ef2:	9a0e      	ldr	r2, [sp, #56]	; 0x38
10000ef4:	609a      	str	r2, [r3, #8]
10000ef6:	9a0f      	ldr	r2, [sp, #60]	; 0x3c
10000ef8:	60da      	str	r2, [r3, #12]
10000efa:	682b      	ldr	r3, [r5, #0]
10000efc:	199b      	adds	r3, r3, r6
10000efe:	709f      	strb	r7, [r3, #2]
10000f00:	705f      	strb	r7, [r3, #1]
10000f02:	701f      	strb	r7, [r3, #0]
10000f04:	7b6b      	ldrb	r3, [r5, #13]
10000f06:	469b      	mov	fp, r3
10000f08:	2b00      	cmp	r3, #0
10000f0a:	d042      	beq.n	10000f92 <alarm_pool_add_alarm_at+0x10e>
10000f0c:	0022      	movs	r2, r4
10000f0e:	0019      	movs	r1, r3
10000f10:	68a8      	ldr	r0, [r5, #8]
10000f12:	686b      	ldr	r3, [r5, #4]
10000f14:	4798      	blx	r3
10000f16:	465b      	mov	r3, fp
10000f18:	005b      	lsls	r3, r3, #1
10000f1a:	445b      	add	r3, fp
10000f1c:	3b03      	subs	r3, #3
10000f1e:	682a      	ldr	r2, [r5, #0]
10000f20:	2800      	cmp	r0, #0
10000f22:	d02d      	beq.n	10000f80 <alarm_pool_add_alarm_at+0xfc>
10000f24:	18d3      	adds	r3, r2, r3
10000f26:	1996      	adds	r6, r2, r6
10000f28:	465a      	mov	r2, fp
10000f2a:	70b2      	strb	r2, [r6, #2]
10000f2c:	781a      	ldrb	r2, [r3, #0]
10000f2e:	2a00      	cmp	r2, #0
10000f30:	d000      	beq.n	10000f34 <alarm_pool_add_alarm_at+0xb0>
10000f32:	7072      	strb	r2, [r6, #1]
10000f34:	701c      	strb	r4, [r3, #0]
10000f36:	465b      	mov	r3, fp
10000f38:	736b      	strb	r3, [r5, #13]
10000f3a:	455c      	cmp	r4, fp
10000f3c:	d02a      	beq.n	10000f94 <alarm_pool_add_alarm_at+0x110>
10000f3e:	4643      	mov	r3, r8
10000f40:	68db      	ldr	r3, [r3, #12]
10000f42:	191b      	adds	r3, r3, r4
10000f44:	3b01      	subs	r3, #1
10000f46:	7818      	ldrb	r0, [r3, #0]
10000f48:	4643      	mov	r3, r8
10000f4a:	685b      	ldr	r3, [r3, #4]
10000f4c:	f3bf 8f5f 	dmb	sy
10000f50:	601f      	str	r7, [r3, #0]
10000f52:	f389 8810 	msr	PRIMASK, r9
10000f56:	4653      	mov	r3, sl
10000f58:	2b00      	cmp	r3, #0
10000f5a:	d12a      	bne.n	10000fb2 <alarm_pool_add_alarm_at+0x12e>
10000f5c:	0200      	lsls	r0, r0, #8
10000f5e:	4320      	orrs	r0, r4
10000f60:	e007      	b.n	10000f72 <alarm_pool_add_alarm_at+0xee>
10000f62:	685b      	ldr	r3, [r3, #4]
10000f64:	f3bf 8f5f 	dmb	sy
10000f68:	601c      	str	r4, [r3, #0]
10000f6a:	f389 8810 	msr	PRIMASK, r9
10000f6e:	2001      	movs	r0, #1
10000f70:	4240      	negs	r0, r0
10000f72:	b005      	add	sp, #20
10000f74:	bc3c      	pop	{r2, r3, r4, r5}
10000f76:	4690      	mov	r8, r2
10000f78:	4699      	mov	r9, r3
10000f7a:	46a2      	mov	sl, r4
10000f7c:	46ab      	mov	fp, r5
10000f7e:	bdf0      	pop	{r4, r5, r6, r7, pc}
10000f80:	18d3      	adds	r3, r2, r3
10000f82:	1996      	adds	r6, r2, r6
10000f84:	709c      	strb	r4, [r3, #2]
10000f86:	7832      	ldrb	r2, [r6, #0]
10000f88:	2a00      	cmp	r2, #0
10000f8a:	d000      	beq.n	10000f8e <alarm_pool_add_alarm_at+0x10a>
10000f8c:	705a      	strb	r2, [r3, #1]
10000f8e:	465b      	mov	r3, fp
10000f90:	7033      	strb	r3, [r6, #0]
10000f92:	736c      	strb	r4, [r5, #13]
10000f94:	4643      	mov	r3, r8
10000f96:	7d18      	ldrb	r0, [r3, #20]
10000f98:	9a00      	ldr	r2, [sp, #0]
10000f9a:	9b01      	ldr	r3, [sp, #4]
10000f9c:	f000 f95a 	bl	10001254 <hardware_alarm_set_target>
10000fa0:	4682      	mov	sl, r0
10000fa2:	2800      	cmp	r0, #0
10000fa4:	d0cb      	beq.n	10000f3e <alarm_pool_add_alarm_at+0xba>
10000fa6:	4643      	mov	r3, r8
10000fa8:	0021      	movs	r1, r4
10000faa:	6818      	ldr	r0, [r3, #0]
10000fac:	f000 fcd0 	bl	10001950 <ph_remove_and_free_node>
10000fb0:	e7c5      	b.n	10000f3e <alarm_pool_add_alarm_at+0xba>
10000fb2:	9b03      	ldr	r3, [sp, #12]
10000fb4:	2b00      	cmp	r3, #0
10000fb6:	d02f      	beq.n	10001018 <alarm_pool_add_alarm_at+0x194>
10000fb8:	9b0e      	ldr	r3, [sp, #56]	; 0x38
10000fba:	990f      	ldr	r1, [sp, #60]	; 0x3c
10000fbc:	2000      	movs	r0, #0
10000fbe:	4798      	blx	r3
10000fc0:	0003      	movs	r3, r0
10000fc2:	430b      	orrs	r3, r1
10000fc4:	d028      	beq.n	10001018 <alarm_pool_add_alarm_at+0x194>
10000fc6:	0004      	movs	r4, r0
10000fc8:	1e0d      	subs	r5, r1, #0
10000fca:	da0d      	bge.n	10000fe8 <alarm_pool_add_alarm_at+0x164>
10000fcc:	9800      	ldr	r0, [sp, #0]
10000fce:	9901      	ldr	r1, [sp, #4]
10000fd0:	0002      	movs	r2, r0
10000fd2:	000b      	movs	r3, r1
10000fd4:	1b12      	subs	r2, r2, r4
10000fd6:	41ab      	sbcs	r3, r5
10000fd8:	4299      	cmp	r1, r3
10000fda:	d813      	bhi.n	10001004 <alarm_pool_add_alarm_at+0x180>
10000fdc:	d018      	beq.n	10001010 <alarm_pool_add_alarm_at+0x18c>
10000fde:	9200      	str	r2, [sp, #0]
10000fe0:	9301      	str	r3, [sp, #4]
10000fe2:	9b03      	ldr	r3, [sp, #12]
10000fe4:	469a      	mov	sl, r3
10000fe6:	e75d      	b.n	10000ea4 <alarm_pool_add_alarm_at+0x20>
10000fe8:	f000 f8e2 	bl	100011b0 <time_us_64>
10000fec:	1824      	adds	r4, r4, r0
10000fee:	414d      	adcs	r5, r1
10000ff0:	0023      	movs	r3, r4
10000ff2:	002c      	movs	r4, r5
10000ff4:	9300      	str	r3, [sp, #0]
10000ff6:	9401      	str	r4, [sp, #4]
10000ff8:	42a9      	cmp	r1, r5
10000ffa:	d803      	bhi.n	10001004 <alarm_pool_add_alarm_at+0x180>
10000ffc:	d1f1      	bne.n	10000fe2 <alarm_pool_add_alarm_at+0x15e>
10000ffe:	9b00      	ldr	r3, [sp, #0]
10001000:	4298      	cmp	r0, r3
10001002:	d9ee      	bls.n	10000fe2 <alarm_pool_add_alarm_at+0x15e>
10001004:	2301      	movs	r3, #1
10001006:	425b      	negs	r3, r3
10001008:	17dc      	asrs	r4, r3, #31
1000100a:	9300      	str	r3, [sp, #0]
1000100c:	9401      	str	r4, [sp, #4]
1000100e:	e7e8      	b.n	10000fe2 <alarm_pool_add_alarm_at+0x15e>
10001010:	9900      	ldr	r1, [sp, #0]
10001012:	4291      	cmp	r1, r2
10001014:	d9e3      	bls.n	10000fde <alarm_pool_add_alarm_at+0x15a>
10001016:	e7f5      	b.n	10001004 <alarm_pool_add_alarm_at+0x180>
10001018:	2000      	movs	r0, #0
1000101a:	e7aa      	b.n	10000f72 <alarm_pool_add_alarm_at+0xee>
1000101c:	0fffffff 	.word	0x0fffffff

10001020 <alarm_pool_cancel_alarm>:
10001020:	b5f8      	push	{r3, r4, r5, r6, r7, lr}
10001022:	6842      	ldr	r2, [r0, #4]
10001024:	0004      	movs	r4, r0
10001026:	f3ef 8510 	mrs	r5, PRIMASK
1000102a:	b672      	cpsid	i
1000102c:	6813      	ldr	r3, [r2, #0]
1000102e:	2b00      	cmp	r3, #0
10001030:	d0fc      	beq.n	1000102c <alarm_pool_cancel_alarm+0xc>
10001032:	f3bf 8f5f 	dmb	sy
10001036:	23ff      	movs	r3, #255	; 0xff
10001038:	6820      	ldr	r0, [r4, #0]
1000103a:	b2ce      	uxtb	r6, r1
1000103c:	7b42      	ldrb	r2, [r0, #13]
1000103e:	400b      	ands	r3, r1
10001040:	42b2      	cmp	r2, r6
10001042:	d008      	beq.n	10001056 <alarm_pool_cancel_alarm+0x36>
10001044:	6807      	ldr	r7, [r0, #0]
10001046:	005a      	lsls	r2, r3, #1
10001048:	46bc      	mov	ip, r7
1000104a:	18d2      	adds	r2, r2, r3
1000104c:	4462      	add	r2, ip
1000104e:	3a03      	subs	r2, #3
10001050:	7892      	ldrb	r2, [r2, #2]
10001052:	2a00      	cmp	r2, #0
10001054:	d011      	beq.n	1000107a <alarm_pool_cancel_alarm+0x5a>
10001056:	68e2      	ldr	r2, [r4, #12]
10001058:	0a09      	lsrs	r1, r1, #8
1000105a:	4694      	mov	ip, r2
1000105c:	4463      	add	r3, ip
1000105e:	3b01      	subs	r3, #1
10001060:	781b      	ldrb	r3, [r3, #0]
10001062:	b2c9      	uxtb	r1, r1
10001064:	428b      	cmp	r3, r1
10001066:	d00e      	beq.n	10001086 <alarm_pool_cancel_alarm+0x66>
10001068:	2000      	movs	r0, #0
1000106a:	6863      	ldr	r3, [r4, #4]
1000106c:	f3bf 8f5f 	dmb	sy
10001070:	2200      	movs	r2, #0
10001072:	601a      	str	r2, [r3, #0]
10001074:	f385 8810 	msr	PRIMASK, r5
10001078:	bdf8      	pop	{r3, r4, r5, r6, r7, pc}
1000107a:	6923      	ldr	r3, [r4, #16]
1000107c:	428b      	cmp	r3, r1
1000107e:	d1f3      	bne.n	10001068 <alarm_pool_cancel_alarm+0x48>
10001080:	6122      	str	r2, [r4, #16]
10001082:	2000      	movs	r0, #0
10001084:	e7f1      	b.n	1000106a <alarm_pool_cancel_alarm+0x4a>
10001086:	0031      	movs	r1, r6
10001088:	f000 fc62 	bl	10001950 <ph_remove_and_free_node>
1000108c:	e7ed      	b.n	1000106a <alarm_pool_cancel_alarm+0x4a>
1000108e:	46c0      	nop			; (mov r8, r8)

10001090 <best_effort_wfe_or_timeout>:
10001090:	2300      	movs	r3, #0
10001092:	b570      	push	{r4, r5, r6, lr}
10001094:	b084      	sub	sp, #16
10001096:	4e11      	ldr	r6, [pc, #68]	; (100010dc <best_effort_wfe_or_timeout+0x4c>)
10001098:	9302      	str	r3, [sp, #8]
1000109a:	9301      	str	r3, [sp, #4]
1000109c:	4b10      	ldr	r3, [pc, #64]	; (100010e0 <best_effort_wfe_or_timeout+0x50>)
1000109e:	0005      	movs	r5, r0
100010a0:	9300      	str	r3, [sp, #0]
100010a2:	0002      	movs	r2, r0
100010a4:	000b      	movs	r3, r1
100010a6:	0030      	movs	r0, r6
100010a8:	000c      	movs	r4, r1
100010aa:	f7ff feeb 	bl	10000e84 <alarm_pool_add_alarm_at>
100010ae:	2800      	cmp	r0, #0
100010b0:	dd04      	ble.n	100010bc <best_effort_wfe_or_timeout+0x2c>
100010b2:	bf20      	wfe
100010b4:	0001      	movs	r1, r0
100010b6:	0030      	movs	r0, r6
100010b8:	f7ff ffb2 	bl	10001020 <alarm_pool_cancel_alarm>
100010bc:	4a09      	ldr	r2, [pc, #36]	; (100010e4 <best_effort_wfe_or_timeout+0x54>)
100010be:	2000      	movs	r0, #0
100010c0:	6a53      	ldr	r3, [r2, #36]	; 0x24
100010c2:	42a3      	cmp	r3, r4
100010c4:	d303      	bcc.n	100010ce <best_effort_wfe_or_timeout+0x3e>
100010c6:	6a92      	ldr	r2, [r2, #40]	; 0x28
100010c8:	3001      	adds	r0, #1
100010ca:	42aa      	cmp	r2, r5
100010cc:	d301      	bcc.n	100010d2 <best_effort_wfe_or_timeout+0x42>
100010ce:	b004      	add	sp, #16
100010d0:	bd70      	pop	{r4, r5, r6, pc}
100010d2:	1b1c      	subs	r4, r3, r4
100010d4:	1e60      	subs	r0, r4, #1
100010d6:	4184      	sbcs	r4, r0
100010d8:	b2e0      	uxtb	r0, r4
100010da:	e7f8      	b.n	100010ce <best_effort_wfe_or_timeout+0x3e>
100010dc:	200003bc 	.word	0x200003bc
100010e0:	10000b05 	.word	0x10000b05
100010e4:	40054000 	.word	0x40054000

100010e8 <hardware_alarm_irq_handler>:
100010e8:	b5f0      	push	{r4, r5, r6, r7, lr}
100010ea:	46c6      	mov	lr, r8
100010ec:	b500      	push	{lr}
100010ee:	f3ef 8305 	mrs	r3, IPSR
100010f2:	223f      	movs	r2, #63	; 0x3f
100010f4:	4013      	ands	r3, r2
100010f6:	0018      	movs	r0, r3
100010f8:	3810      	subs	r0, #16
100010fa:	f3ef 8710 	mrs	r7, PRIMASK
100010fe:	b672      	cpsid	i
10001100:	4d1f      	ldr	r5, [pc, #124]	; (10001180 <hardware_alarm_irq_handler+0x98>)
10001102:	682a      	ldr	r2, [r5, #0]
10001104:	2a00      	cmp	r2, #0
10001106:	d0fc      	beq.n	10001102 <hardware_alarm_irq_handler+0x1a>
10001108:	f3bf 8f5f 	dmb	sy
1000110c:	2201      	movs	r2, #1
1000110e:	0011      	movs	r1, r2
10001110:	4081      	lsls	r1, r0
10001112:	4688      	mov	r8, r1
10001114:	4644      	mov	r4, r8
10001116:	491b      	ldr	r1, [pc, #108]	; (10001184 <hardware_alarm_irq_handler+0x9c>)
10001118:	634c      	str	r4, [r1, #52]	; 0x34
1000111a:	4c1b      	ldr	r4, [pc, #108]	; (10001188 <hardware_alarm_irq_handler+0xa0>)
1000111c:	7826      	ldrb	r6, [r4, #0]
1000111e:	46a4      	mov	ip, r4
10001120:	0034      	movs	r4, r6
10001122:	40c4      	lsrs	r4, r0
10001124:	4022      	ands	r2, r4
10001126:	d015      	beq.n	10001154 <hardware_alarm_irq_handler+0x6c>
10001128:	6a4c      	ldr	r4, [r1, #36]	; 0x24
1000112a:	4918      	ldr	r1, [pc, #96]	; (1000118c <hardware_alarm_irq_handler+0xa4>)
1000112c:	0082      	lsls	r2, r0, #2
1000112e:	5851      	ldr	r1, [r2, r1]
10001130:	428c      	cmp	r4, r1
10001132:	d317      	bcc.n	10001164 <hardware_alarm_irq_handler+0x7c>
10001134:	4b16      	ldr	r3, [pc, #88]	; (10001190 <hardware_alarm_irq_handler+0xa8>)
10001136:	58d2      	ldr	r2, [r2, r3]
10001138:	4643      	mov	r3, r8
1000113a:	439e      	bics	r6, r3
1000113c:	4663      	mov	r3, ip
1000113e:	701e      	strb	r6, [r3, #0]
10001140:	f3bf 8f5f 	dmb	sy
10001144:	2300      	movs	r3, #0
10001146:	602b      	str	r3, [r5, #0]
10001148:	f387 8810 	msr	PRIMASK, r7
1000114c:	2a00      	cmp	r2, #0
1000114e:	d006      	beq.n	1000115e <hardware_alarm_irq_handler+0x76>
10001150:	4790      	blx	r2
10001152:	e004      	b.n	1000115e <hardware_alarm_irq_handler+0x76>
10001154:	f3bf 8f5f 	dmb	sy
10001158:	602a      	str	r2, [r5, #0]
1000115a:	f387 8810 	msr	PRIMASK, r7
1000115e:	bc04      	pop	{r2}
10001160:	4690      	mov	r8, r2
10001162:	bdf0      	pop	{r4, r5, r6, r7, pc}
10001164:	4a0b      	ldr	r2, [pc, #44]	; (10001194 <hardware_alarm_irq_handler+0xac>)
10001166:	009b      	lsls	r3, r3, #2
10001168:	4694      	mov	ip, r2
1000116a:	4463      	add	r3, ip
1000116c:	681a      	ldr	r2, [r3, #0]
1000116e:	601a      	str	r2, [r3, #0]
10001170:	f3bf 8f5f 	dmb	sy
10001174:	2300      	movs	r3, #0
10001176:	602b      	str	r3, [r5, #0]
10001178:	f387 8810 	msr	PRIMASK, r7
1000117c:	e7ef      	b.n	1000115e <hardware_alarm_irq_handler+0x76>
1000117e:	46c0      	nop			; (mov r8, r8)
10001180:	d0000128 	.word	0xd0000128
10001184:	40054000 	.word	0x40054000
10001188:	20000f35 	.word	0x20000f35
1000118c:	20000f08 	.word	0x20000f08
10001190:	20000928 	.word	0x20000928
10001194:	40053fd0 	.word	0x40053fd0

10001198 <hardware_alarm_claim>:
10001198:	b510      	push	{r4, lr}
1000119a:	0001      	movs	r1, r0
1000119c:	4a02      	ldr	r2, [pc, #8]	; (100011a8 <hardware_alarm_claim+0x10>)
1000119e:	4803      	ldr	r0, [pc, #12]	; (100011ac <hardware_alarm_claim+0x14>)
100011a0:	f7ff f948 	bl	10000434 <hw_claim_or_assert>
100011a4:	bd10      	pop	{r4, pc}
100011a6:	46c0      	nop			; (mov r8, r8)
100011a8:	10005070 	.word	0x10005070
100011ac:	20000f31 	.word	0x20000f31

100011b0 <time_us_64>:
100011b0:	4a04      	ldr	r2, [pc, #16]	; (100011c4 <time_us_64+0x14>)
100011b2:	6a51      	ldr	r1, [r2, #36]	; 0x24
100011b4:	e000      	b.n	100011b8 <time_us_64+0x8>
100011b6:	0019      	movs	r1, r3
100011b8:	6a90      	ldr	r0, [r2, #40]	; 0x28
100011ba:	6a53      	ldr	r3, [r2, #36]	; 0x24
100011bc:	4299      	cmp	r1, r3
100011be:	d1fa      	bne.n	100011b6 <time_us_64+0x6>
100011c0:	4770      	bx	lr
100011c2:	46c0      	nop			; (mov r8, r8)
100011c4:	40054000 	.word	0x40054000

100011c8 <hardware_alarm_set_callback>:
100011c8:	b570      	push	{r4, r5, r6, lr}
100011ca:	0004      	movs	r4, r0
100011cc:	000d      	movs	r5, r1
100011ce:	f3ef 8610 	mrs	r6, PRIMASK
100011d2:	b672      	cpsid	i
100011d4:	4a1a      	ldr	r2, [pc, #104]	; (10001240 <hardware_alarm_set_callback+0x78>)
100011d6:	6813      	ldr	r3, [r2, #0]
100011d8:	2b00      	cmp	r3, #0
100011da:	d0fc      	beq.n	100011d6 <hardware_alarm_set_callback+0xe>
100011dc:	f3bf 8f5f 	dmb	sy
100011e0:	2d00      	cmp	r5, #0
100011e2:	d01b      	beq.n	1000121c <hardware_alarm_set_callback+0x54>
100011e4:	0020      	movs	r0, r4
100011e6:	f7ff f9f7 	bl	100005d8 <irq_get_vtable_handler>
100011ea:	4916      	ldr	r1, [pc, #88]	; (10001244 <hardware_alarm_set_callback+0x7c>)
100011ec:	4288      	cmp	r0, r1
100011ee:	d00a      	beq.n	10001206 <hardware_alarm_set_callback+0x3e>
100011f0:	0020      	movs	r0, r4
100011f2:	f7ff f9f9 	bl	100005e8 <irq_set_exclusive_handler>
100011f6:	2101      	movs	r1, #1
100011f8:	0020      	movs	r0, r4
100011fa:	f7ff f9bd 	bl	10000578 <irq_set_enabled>
100011fe:	2301      	movs	r3, #1
10001200:	40a3      	lsls	r3, r4
10001202:	4a11      	ldr	r2, [pc, #68]	; (10001248 <hardware_alarm_set_callback+0x80>)
10001204:	6013      	str	r3, [r2, #0]
10001206:	4b11      	ldr	r3, [pc, #68]	; (1000124c <hardware_alarm_set_callback+0x84>)
10001208:	00a4      	lsls	r4, r4, #2
1000120a:	50e5      	str	r5, [r4, r3]
1000120c:	f3bf 8f5f 	dmb	sy
10001210:	2200      	movs	r2, #0
10001212:	4b0b      	ldr	r3, [pc, #44]	; (10001240 <hardware_alarm_set_callback+0x78>)
10001214:	601a      	str	r2, [r3, #0]
10001216:	f386 8810 	msr	PRIMASK, r6
1000121a:	bd70      	pop	{r4, r5, r6, pc}
1000121c:	4b0b      	ldr	r3, [pc, #44]	; (1000124c <hardware_alarm_set_callback+0x84>)
1000121e:	00a2      	lsls	r2, r4, #2
10001220:	50d5      	str	r5, [r2, r3]
10001222:	2201      	movs	r2, #1
10001224:	40a2      	lsls	r2, r4
10001226:	490a      	ldr	r1, [pc, #40]	; (10001250 <hardware_alarm_set_callback+0x88>)
10001228:	0020      	movs	r0, r4
1000122a:	780b      	ldrb	r3, [r1, #0]
1000122c:	4393      	bics	r3, r2
1000122e:	700b      	strb	r3, [r1, #0]
10001230:	4904      	ldr	r1, [pc, #16]	; (10001244 <hardware_alarm_set_callback+0x7c>)
10001232:	f7ff fae7 	bl	10000804 <irq_remove_handler>
10001236:	2100      	movs	r1, #0
10001238:	0020      	movs	r0, r4
1000123a:	f7ff f99d 	bl	10000578 <irq_set_enabled>
1000123e:	e7e5      	b.n	1000120c <hardware_alarm_set_callback+0x44>
10001240:	d0000128 	.word	0xd0000128
10001244:	100010e9 	.word	0x100010e9
10001248:	40056038 	.word	0x40056038
1000124c:	20000928 	.word	0x20000928
10001250:	20000f35 	.word	0x20000f35

10001254 <hardware_alarm_set_target>:
10001254:	b5f0      	push	{r4, r5, r6, r7, lr}
10001256:	46d6      	mov	lr, sl
10001258:	464f      	mov	r7, r9
1000125a:	4646      	mov	r6, r8
1000125c:	4c32      	ldr	r4, [pc, #200]	; (10001328 <hardware_alarm_set_target+0xd4>)
1000125e:	b5c0      	push	{r6, r7, lr}
10001260:	6a65      	ldr	r5, [r4, #36]	; 0x24
10001262:	e000      	b.n	10001266 <hardware_alarm_set_target+0x12>
10001264:	000d      	movs	r5, r1
10001266:	6aa6      	ldr	r6, [r4, #40]	; 0x28
10001268:	6a61      	ldr	r1, [r4, #36]	; 0x24
1000126a:	42a9      	cmp	r1, r5
1000126c:	d1fa      	bne.n	10001264 <hardware_alarm_set_target+0x10>
1000126e:	42ab      	cmp	r3, r5
10001270:	d809      	bhi.n	10001286 <hardware_alarm_set_target+0x32>
10001272:	d006      	beq.n	10001282 <hardware_alarm_set_target+0x2e>
10001274:	2401      	movs	r4, #1
10001276:	0020      	movs	r0, r4
10001278:	bc1c      	pop	{r2, r3, r4}
1000127a:	4690      	mov	r8, r2
1000127c:	4699      	mov	r9, r3
1000127e:	46a2      	mov	sl, r4
10001280:	bdf0      	pop	{r4, r5, r6, r7, pc}
10001282:	42b2      	cmp	r2, r6
10001284:	d9f6      	bls.n	10001274 <hardware_alarm_set_target+0x20>
10001286:	f3ef 8910 	mrs	r9, PRIMASK
1000128a:	b672      	cpsid	i
1000128c:	4c27      	ldr	r4, [pc, #156]	; (1000132c <hardware_alarm_set_target+0xd8>)
1000128e:	6821      	ldr	r1, [r4, #0]
10001290:	2900      	cmp	r1, #0
10001292:	d0fc      	beq.n	1000128e <hardware_alarm_set_target+0x3a>
10001294:	f3bf 8f5f 	dmb	sy
10001298:	2601      	movs	r6, #1
1000129a:	4925      	ldr	r1, [pc, #148]	; (10001330 <hardware_alarm_set_target+0xdc>)
1000129c:	4086      	lsls	r6, r0
1000129e:	468c      	mov	ip, r1
100012a0:	7809      	ldrb	r1, [r1, #0]
100012a2:	4d24      	ldr	r5, [pc, #144]	; (10001334 <hardware_alarm_set_target+0xe0>)
100012a4:	000f      	movs	r7, r1
100012a6:	4337      	orrs	r7, r6
100012a8:	4688      	mov	r8, r1
100012aa:	b2f9      	uxtb	r1, r7
100012ac:	468a      	mov	sl, r1
100012ae:	4661      	mov	r1, ip
100012b0:	4654      	mov	r4, sl
100012b2:	700c      	strb	r4, [r1, #0]
100012b4:	491c      	ldr	r1, [pc, #112]	; (10001328 <hardware_alarm_set_target+0xd4>)
100012b6:	1d04      	adds	r4, r0, #4
100012b8:	00a4      	lsls	r4, r4, #2
100012ba:	634e      	str	r6, [r1, #52]	; 0x34
100012bc:	5062      	str	r2, [r4, r1]
100012be:	0084      	lsls	r4, r0, #2
100012c0:	5163      	str	r3, [r4, r5]
100012c2:	6a0d      	ldr	r5, [r1, #32]
100012c4:	2400      	movs	r4, #0
100012c6:	4235      	tst	r5, r6
100012c8:	d01a      	beq.n	10001300 <hardware_alarm_set_target+0xac>
100012ca:	6a4d      	ldr	r5, [r1, #36]	; 0x24
100012cc:	e000      	b.n	100012d0 <hardware_alarm_set_target+0x7c>
100012ce:	0025      	movs	r5, r4
100012d0:	6a8f      	ldr	r7, [r1, #40]	; 0x28
100012d2:	6a4c      	ldr	r4, [r1, #36]	; 0x24
100012d4:	42ac      	cmp	r4, r5
100012d6:	d1fa      	bne.n	100012ce <hardware_alarm_set_target+0x7a>
100012d8:	42ab      	cmp	r3, r5
100012da:	d819      	bhi.n	10001310 <hardware_alarm_set_target+0xbc>
100012dc:	d101      	bne.n	100012e2 <hardware_alarm_set_target+0x8e>
100012de:	42ba      	cmp	r2, r7
100012e0:	d816      	bhi.n	10001310 <hardware_alarm_set_target+0xbc>
100012e2:	45c2      	cmp	sl, r8
100012e4:	d01d      	beq.n	10001322 <hardware_alarm_set_target+0xce>
100012e6:	4b10      	ldr	r3, [pc, #64]	; (10001328 <hardware_alarm_set_target+0xd4>)
100012e8:	4a13      	ldr	r2, [pc, #76]	; (10001338 <hardware_alarm_set_target+0xe4>)
100012ea:	621e      	str	r6, [r3, #32]
100012ec:	635e      	str	r6, [r3, #52]	; 0x34
100012ee:	231f      	movs	r3, #31
100012f0:	4018      	ands	r0, r3
100012f2:	3b1e      	subs	r3, #30
100012f4:	4083      	lsls	r3, r0
100012f6:	6013      	str	r3, [r2, #0]
100012f8:	4663      	mov	r3, ip
100012fa:	4642      	mov	r2, r8
100012fc:	2401      	movs	r4, #1
100012fe:	701a      	strb	r2, [r3, #0]
10001300:	f3bf 8f5f 	dmb	sy
10001304:	2200      	movs	r2, #0
10001306:	4b09      	ldr	r3, [pc, #36]	; (1000132c <hardware_alarm_set_target+0xd8>)
10001308:	601a      	str	r2, [r3, #0]
1000130a:	f389 8810 	msr	PRIMASK, r9
1000130e:	e7b2      	b.n	10001276 <hardware_alarm_set_target+0x22>
10001310:	2400      	movs	r4, #0
10001312:	f3bf 8f5f 	dmb	sy
10001316:	2200      	movs	r2, #0
10001318:	4b04      	ldr	r3, [pc, #16]	; (1000132c <hardware_alarm_set_target+0xd8>)
1000131a:	601a      	str	r2, [r3, #0]
1000131c:	f389 8810 	msr	PRIMASK, r9
10001320:	e7a9      	b.n	10001276 <hardware_alarm_set_target+0x22>
10001322:	2401      	movs	r4, #1
10001324:	e7ec      	b.n	10001300 <hardware_alarm_set_target+0xac>
10001326:	46c0      	nop			; (mov r8, r8)
10001328:	40054000 	.word	0x40054000
1000132c:	d0000128 	.word	0xd0000128
10001330:	20000f35 	.word	0x20000f35
10001334:	20000f08 	.word	0x20000f08
10001338:	e000e280 	.word	0xe000e280

1000133c <hardware_alarm_cancel>:
1000133c:	b510      	push	{r4, lr}
1000133e:	f3ef 8410 	mrs	r4, PRIMASK
10001342:	b672      	cpsid	i
10001344:	490a      	ldr	r1, [pc, #40]	; (10001370 <hardware_alarm_cancel+0x34>)
10001346:	680b      	ldr	r3, [r1, #0]
10001348:	2b00      	cmp	r3, #0
1000134a:	d0fc      	beq.n	10001346 <hardware_alarm_cancel+0xa>
1000134c:	f3bf 8f5f 	dmb	sy
10001350:	2301      	movs	r3, #1
10001352:	4083      	lsls	r3, r0
10001354:	4a07      	ldr	r2, [pc, #28]	; (10001374 <hardware_alarm_cancel+0x38>)
10001356:	4808      	ldr	r0, [pc, #32]	; (10001378 <hardware_alarm_cancel+0x3c>)
10001358:	6213      	str	r3, [r2, #32]
1000135a:	7802      	ldrb	r2, [r0, #0]
1000135c:	439a      	bics	r2, r3
1000135e:	7002      	strb	r2, [r0, #0]
10001360:	f3bf 8f5f 	dmb	sy
10001364:	2300      	movs	r3, #0
10001366:	600b      	str	r3, [r1, #0]
10001368:	f384 8810 	msr	PRIMASK, r4
1000136c:	bd10      	pop	{r4, pc}
1000136e:	46c0      	nop			; (mov r8, r8)
10001370:	d0000128 	.word	0xd0000128
10001374:	40054000 	.word	0x40054000
10001378:	20000f35 	.word	0x20000f35

1000137c <ph_merge_nodes>:
1000137c:	b570      	push	{r4, r5, r6, lr}
1000137e:	0006      	movs	r6, r0
10001380:	000d      	movs	r5, r1
10001382:	0014      	movs	r4, r2
10001384:	2900      	cmp	r1, #0
10001386:	d01e      	beq.n	100013c6 <ph_merge_nodes+0x4a>
10001388:	2a00      	cmp	r2, #0
1000138a:	d01e      	beq.n	100013ca <ph_merge_nodes+0x4e>
1000138c:	6873      	ldr	r3, [r6, #4]
1000138e:	6880      	ldr	r0, [r0, #8]
10001390:	4798      	blx	r3
10001392:	0063      	lsls	r3, r4, #1
10001394:	006a      	lsls	r2, r5, #1
10001396:	191b      	adds	r3, r3, r4
10001398:	1952      	adds	r2, r2, r5
1000139a:	3b03      	subs	r3, #3
1000139c:	3a03      	subs	r2, #3
1000139e:	6831      	ldr	r1, [r6, #0]
100013a0:	2800      	cmp	r0, #0
100013a2:	d008      	beq.n	100013b6 <ph_merge_nodes+0x3a>
100013a4:	18cb      	adds	r3, r1, r3
100013a6:	188a      	adds	r2, r1, r2
100013a8:	709d      	strb	r5, [r3, #2]
100013aa:	7811      	ldrb	r1, [r2, #0]
100013ac:	2900      	cmp	r1, #0
100013ae:	d10e      	bne.n	100013ce <ph_merge_nodes+0x52>
100013b0:	7014      	strb	r4, [r2, #0]
100013b2:	0028      	movs	r0, r5
100013b4:	e008      	b.n	100013c8 <ph_merge_nodes+0x4c>
100013b6:	188a      	adds	r2, r1, r2
100013b8:	18cb      	adds	r3, r1, r3
100013ba:	7094      	strb	r4, [r2, #2]
100013bc:	7819      	ldrb	r1, [r3, #0]
100013be:	2900      	cmp	r1, #0
100013c0:	d000      	beq.n	100013c4 <ph_merge_nodes+0x48>
100013c2:	7051      	strb	r1, [r2, #1]
100013c4:	701d      	strb	r5, [r3, #0]
100013c6:	0020      	movs	r0, r4
100013c8:	bd70      	pop	{r4, r5, r6, pc}
100013ca:	0008      	movs	r0, r1
100013cc:	e7fc      	b.n	100013c8 <ph_merge_nodes+0x4c>
100013ce:	7059      	strb	r1, [r3, #1]
100013d0:	0028      	movs	r0, r5
100013d2:	7014      	strb	r4, [r2, #0]
100013d4:	e7f8      	b.n	100013c8 <ph_merge_nodes+0x4c>
100013d6:	46c0      	nop			; (mov r8, r8)

100013d8 <ph_post_alloc_init>:
100013d8:	b5f0      	push	{r4, r5, r6, r7, lr}
100013da:	46de      	mov	lr, fp
100013dc:	4657      	mov	r7, sl
100013de:	464e      	mov	r6, r9
100013e0:	4645      	mov	r5, r8
100013e2:	b5e0      	push	{r5, r6, r7, lr}
100013e4:	6083      	str	r3, [r0, #8]
100013e6:	2300      	movs	r3, #0
100013e8:	b089      	sub	sp, #36	; 0x24
100013ea:	6042      	str	r2, [r0, #4]
100013ec:	6802      	ldr	r2, [r0, #0]
100013ee:	9106      	str	r1, [sp, #24]
100013f0:	7343      	strb	r3, [r0, #13]
100013f2:	b2c9      	uxtb	r1, r1
100013f4:	3301      	adds	r3, #1
100013f6:	9105      	str	r1, [sp, #20]
100013f8:	7301      	strb	r1, [r0, #12]
100013fa:	7383      	strb	r3, [r0, #14]
100013fc:	73c1      	strb	r1, [r0, #15]
100013fe:	9204      	str	r2, [sp, #16]
10001400:	2901      	cmp	r1, #1
10001402:	d800      	bhi.n	10001406 <ph_post_alloc_init+0x2e>
10001404:	e0a4      	b.n	10001550 <ph_post_alloc_init+0x178>
10001406:	000a      	movs	r2, r1
10001408:	1e4b      	subs	r3, r1, #1
1000140a:	b2d9      	uxtb	r1, r3
1000140c:	1e93      	subs	r3, r2, #2
1000140e:	9107      	str	r1, [sp, #28]
10001410:	2b07      	cmp	r3, #7
10001412:	d800      	bhi.n	10001416 <ph_post_alloc_init+0x3e>
10001414:	e0ae      	b.n	10001574 <ph_post_alloc_init+0x19c>
10001416:	2500      	movs	r5, #0
10001418:	08cb      	lsrs	r3, r1, #3
1000141a:	9303      	str	r3, [sp, #12]
1000141c:	9b04      	ldr	r3, [sp, #16]
1000141e:	4c56      	ldr	r4, [pc, #344]	; (10001578 <ph_post_alloc_init+0x1a0>)
10001420:	1c59      	adds	r1, r3, #1
10001422:	4b56      	ldr	r3, [pc, #344]	; (1000157c <ph_post_alloc_init+0x1a4>)
10001424:	4856      	ldr	r0, [pc, #344]	; (10001580 <ph_post_alloc_init+0x1a8>)
10001426:	469b      	mov	fp, r3
10001428:	4b56      	ldr	r3, [pc, #344]	; (10001584 <ph_post_alloc_init+0x1ac>)
1000142a:	469a      	mov	sl, r3
1000142c:	4b56      	ldr	r3, [pc, #344]	; (10001588 <ph_post_alloc_init+0x1b0>)
1000142e:	469c      	mov	ip, r3
10001430:	4b56      	ldr	r3, [pc, #344]	; (1000158c <ph_post_alloc_init+0x1b4>)
10001432:	9302      	str	r3, [sp, #8]
10001434:	4652      	mov	r2, sl
10001436:	4663      	mov	r3, ip
10001438:	465f      	mov	r7, fp
1000143a:	465e      	mov	r6, fp
1000143c:	4062      	eors	r2, r4
1000143e:	401a      	ands	r2, r3
10001440:	4b50      	ldr	r3, [pc, #320]	; (10001584 <ph_post_alloc_init+0x1ac>)
10001442:	4027      	ands	r7, r4
10001444:	18fb      	adds	r3, r7, r3
10001446:	405a      	eors	r2, r3
10001448:	4006      	ands	r6, r0
1000144a:	4653      	mov	r3, sl
1000144c:	9601      	str	r6, [sp, #4]
1000144e:	4666      	mov	r6, ip
10001450:	4043      	eors	r3, r0
10001452:	4033      	ands	r3, r6
10001454:	4e4b      	ldr	r6, [pc, #300]	; (10001584 <ph_post_alloc_init+0x1ac>)
10001456:	700a      	strb	r2, [r1, #0]
10001458:	46b0      	mov	r8, r6
1000145a:	9e01      	ldr	r6, [sp, #4]
1000145c:	3501      	adds	r5, #1
1000145e:	46b1      	mov	r9, r6
10001460:	44c8      	add	r8, r9
10001462:	4646      	mov	r6, r8
10001464:	4073      	eors	r3, r6
10001466:	0416      	lsls	r6, r2, #16
10001468:	0e36      	lsrs	r6, r6, #24
1000146a:	70ce      	strb	r6, [r1, #3]
1000146c:	0216      	lsls	r6, r2, #8
1000146e:	0e12      	lsrs	r2, r2, #24
10001470:	724a      	strb	r2, [r1, #9]
10001472:	041a      	lsls	r2, r3, #16
10001474:	0e12      	lsrs	r2, r2, #24
10001476:	730b      	strb	r3, [r1, #12]
10001478:	73ca      	strb	r2, [r1, #15]
1000147a:	021a      	lsls	r2, r3, #8
1000147c:	0e1b      	lsrs	r3, r3, #24
1000147e:	754b      	strb	r3, [r1, #21]
10001480:	9b02      	ldr	r3, [sp, #8]
10001482:	0e36      	lsrs	r6, r6, #24
10001484:	405c      	eors	r4, r3
10001486:	4663      	mov	r3, ip
10001488:	401c      	ands	r4, r3
1000148a:	4b40      	ldr	r3, [pc, #256]	; (1000158c <ph_post_alloc_init+0x1b4>)
1000148c:	0e12      	lsrs	r2, r2, #24
1000148e:	4698      	mov	r8, r3
10001490:	9b02      	ldr	r3, [sp, #8]
10001492:	4447      	add	r7, r8
10001494:	4058      	eors	r0, r3
10001496:	4663      	mov	r3, ip
10001498:	4018      	ands	r0, r3
1000149a:	464b      	mov	r3, r9
1000149c:	4443      	add	r3, r8
1000149e:	4058      	eors	r0, r3
100014a0:	9b03      	ldr	r3, [sp, #12]
100014a2:	b2ed      	uxtb	r5, r5
100014a4:	718e      	strb	r6, [r1, #6]
100014a6:	748a      	strb	r2, [r1, #18]
100014a8:	407c      	eors	r4, r7
100014aa:	3118      	adds	r1, #24
100014ac:	42ab      	cmp	r3, r5
100014ae:	d1c1      	bne.n	10001434 <ph_post_alloc_init+0x5c>
100014b0:	9907      	ldr	r1, [sp, #28]
100014b2:	2307      	movs	r3, #7
100014b4:	000a      	movs	r2, r1
100014b6:	439a      	bics	r2, r3
100014b8:	1c53      	adds	r3, r2, #1
100014ba:	b2db      	uxtb	r3, r3
100014bc:	4291      	cmp	r1, r2
100014be:	d047      	beq.n	10001550 <ph_post_alloc_init+0x178>
100014c0:	9c04      	ldr	r4, [sp, #16]
100014c2:	005a      	lsls	r2, r3, #1
100014c4:	46a4      	mov	ip, r4
100014c6:	18d2      	adds	r2, r2, r3
100014c8:	1c59      	adds	r1, r3, #1
100014ca:	4462      	add	r2, ip
100014cc:	9d05      	ldr	r5, [sp, #20]
100014ce:	b2c9      	uxtb	r1, r1
100014d0:	3a03      	subs	r2, #3
100014d2:	7051      	strb	r1, [r2, #1]
100014d4:	428d      	cmp	r5, r1
100014d6:	d93b      	bls.n	10001550 <ph_post_alloc_init+0x178>
100014d8:	004a      	lsls	r2, r1, #1
100014da:	1852      	adds	r2, r2, r1
100014dc:	1c98      	adds	r0, r3, #2
100014de:	4462      	add	r2, ip
100014e0:	b2c0      	uxtb	r0, r0
100014e2:	3a03      	subs	r2, #3
100014e4:	7050      	strb	r0, [r2, #1]
100014e6:	4285      	cmp	r5, r0
100014e8:	d932      	bls.n	10001550 <ph_post_alloc_init+0x178>
100014ea:	0042      	lsls	r2, r0, #1
100014ec:	1812      	adds	r2, r2, r0
100014ee:	1cd9      	adds	r1, r3, #3
100014f0:	4462      	add	r2, ip
100014f2:	b2c9      	uxtb	r1, r1
100014f4:	3a03      	subs	r2, #3
100014f6:	7051      	strb	r1, [r2, #1]
100014f8:	428d      	cmp	r5, r1
100014fa:	d929      	bls.n	10001550 <ph_post_alloc_init+0x178>
100014fc:	004a      	lsls	r2, r1, #1
100014fe:	1852      	adds	r2, r2, r1
10001500:	1d18      	adds	r0, r3, #4
10001502:	4462      	add	r2, ip
10001504:	b2c0      	uxtb	r0, r0
10001506:	3a03      	subs	r2, #3
10001508:	7050      	strb	r0, [r2, #1]
1000150a:	4285      	cmp	r5, r0
1000150c:	d920      	bls.n	10001550 <ph_post_alloc_init+0x178>
1000150e:	0042      	lsls	r2, r0, #1
10001510:	1812      	adds	r2, r2, r0
10001512:	1d59      	adds	r1, r3, #5
10001514:	4462      	add	r2, ip
10001516:	b2c9      	uxtb	r1, r1
10001518:	3a03      	subs	r2, #3
1000151a:	7051      	strb	r1, [r2, #1]
1000151c:	428d      	cmp	r5, r1
1000151e:	d917      	bls.n	10001550 <ph_post_alloc_init+0x178>
10001520:	004a      	lsls	r2, r1, #1
10001522:	1852      	adds	r2, r2, r1
10001524:	1d98      	adds	r0, r3, #6
10001526:	4462      	add	r2, ip
10001528:	b2c0      	uxtb	r0, r0
1000152a:	3a03      	subs	r2, #3
1000152c:	7050      	strb	r0, [r2, #1]
1000152e:	4285      	cmp	r5, r0
10001530:	d90e      	bls.n	10001550 <ph_post_alloc_init+0x178>
10001532:	0042      	lsls	r2, r0, #1
10001534:	1812      	adds	r2, r2, r0
10001536:	1dd9      	adds	r1, r3, #7
10001538:	4462      	add	r2, ip
1000153a:	b2c9      	uxtb	r1, r1
1000153c:	3a03      	subs	r2, #3
1000153e:	7051      	strb	r1, [r2, #1]
10001540:	428d      	cmp	r5, r1
10001542:	d905      	bls.n	10001550 <ph_post_alloc_init+0x178>
10001544:	004a      	lsls	r2, r1, #1
10001546:	1852      	adds	r2, r2, r1
10001548:	4462      	add	r2, ip
1000154a:	3a03      	subs	r2, #3
1000154c:	3308      	adds	r3, #8
1000154e:	7053      	strb	r3, [r2, #1]
10001550:	23ff      	movs	r3, #255	; 0xff
10001552:	9a06      	ldr	r2, [sp, #24]
10001554:	4013      	ands	r3, r2
10001556:	0059      	lsls	r1, r3, #1
10001558:	18c9      	adds	r1, r1, r3
1000155a:	9b04      	ldr	r3, [sp, #16]
1000155c:	469c      	mov	ip, r3
1000155e:	2300      	movs	r3, #0
10001560:	4461      	add	r1, ip
10001562:	3903      	subs	r1, #3
10001564:	704b      	strb	r3, [r1, #1]
10001566:	b009      	add	sp, #36	; 0x24
10001568:	bc3c      	pop	{r2, r3, r4, r5}
1000156a:	4690      	mov	r8, r2
1000156c:	4699      	mov	r9, r3
1000156e:	46a2      	mov	sl, r4
10001570:	46ab      	mov	fp, r5
10001572:	bdf0      	pop	{r4, r5, r6, r7, pc}
10001574:	2301      	movs	r3, #1
10001576:	e7a3      	b.n	100014c0 <ph_post_alloc_init+0xe8>
10001578:	04030201 	.word	0x04030201
1000157c:	7f7f7f7f 	.word	0x7f7f7f7f
10001580:	08070605 	.word	0x08070605
10001584:	01010101 	.word	0x01010101
10001588:	80808080 	.word	0x80808080
1000158c:	08080808 	.word	0x08080808

10001590 <ph_merge_two_pass>:
10001590:	b570      	push	{r4, r5, r6, lr}
10001592:	0004      	movs	r4, r0
10001594:	2900      	cmp	r1, #0
10001596:	d007      	beq.n	100015a8 <ph_merge_two_pass+0x18>
10001598:	004b      	lsls	r3, r1, #1
1000159a:	6800      	ldr	r0, [r0, #0]
1000159c:	185b      	adds	r3, r3, r1
1000159e:	3b03      	subs	r3, #3
100015a0:	18c3      	adds	r3, r0, r3
100015a2:	785a      	ldrb	r2, [r3, #1]
100015a4:	2a00      	cmp	r2, #0
100015a6:	d101      	bne.n	100015ac <ph_merge_two_pass+0x1c>
100015a8:	0008      	movs	r0, r1
100015aa:	bd70      	pop	{r4, r5, r6, pc}
100015ac:	0055      	lsls	r5, r2, #1
100015ae:	18ad      	adds	r5, r5, r2
100015b0:	3d03      	subs	r5, #3
100015b2:	1940      	adds	r0, r0, r5
100015b4:	2500      	movs	r5, #0
100015b6:	7846      	ldrb	r6, [r0, #1]
100015b8:	7045      	strb	r5, [r0, #1]
100015ba:	705d      	strb	r5, [r3, #1]
100015bc:	0020      	movs	r0, r4
100015be:	f7ff fedd 	bl	1000137c <ph_merge_nodes>
100015c2:	0031      	movs	r1, r6
100015c4:	0005      	movs	r5, r0
100015c6:	0020      	movs	r0, r4
100015c8:	f7ff ffe2 	bl	10001590 <ph_merge_two_pass>
100015cc:	0029      	movs	r1, r5
100015ce:	0002      	movs	r2, r0
100015d0:	0020      	movs	r0, r4
100015d2:	f7ff fed3 	bl	1000137c <ph_merge_nodes>
100015d6:	0001      	movs	r1, r0
100015d8:	e7e6      	b.n	100015a8 <ph_merge_two_pass+0x18>
100015da:	46c0      	nop			; (mov r8, r8)

100015dc <ph_remove_any_head>:
100015dc:	b5f0      	push	{r4, r5, r6, r7, lr}
100015de:	464e      	mov	r6, r9
100015e0:	4645      	mov	r5, r8
100015e2:	46de      	mov	lr, fp
100015e4:	4657      	mov	r7, sl
100015e6:	b5e0      	push	{r5, r6, r7, lr}
100015e8:	000e      	movs	r6, r1
100015ea:	0074      	lsls	r4, r6, #1
100015ec:	6801      	ldr	r1, [r0, #0]
100015ee:	19a4      	adds	r4, r4, r6
100015f0:	b085      	sub	sp, #20
100015f2:	3c03      	subs	r4, #3
100015f4:	9201      	str	r2, [sp, #4]
100015f6:	190a      	adds	r2, r1, r4
100015f8:	0005      	movs	r5, r0
100015fa:	7810      	ldrb	r0, [r2, #0]
100015fc:	2800      	cmp	r0, #0
100015fe:	d04c      	beq.n	1000169a <ph_remove_any_head+0xbe>
10001600:	0043      	lsls	r3, r0, #1
10001602:	181b      	adds	r3, r3, r0
10001604:	3b03      	subs	r3, #3
10001606:	18cb      	adds	r3, r1, r3
10001608:	785f      	ldrb	r7, [r3, #1]
1000160a:	46bc      	mov	ip, r7
1000160c:	2f00      	cmp	r7, #0
1000160e:	d116      	bne.n	1000163e <ph_remove_any_head+0x62>
10001610:	9c01      	ldr	r4, [sp, #4]
10001612:	2c00      	cmp	r4, #0
10001614:	d03e      	beq.n	10001694 <ph_remove_any_head+0xb8>
10001616:	7bec      	ldrb	r4, [r5, #15]
10001618:	2c00      	cmp	r4, #0
1000161a:	d004      	beq.n	10001626 <ph_remove_any_head+0x4a>
1000161c:	0063      	lsls	r3, r4, #1
1000161e:	191b      	adds	r3, r3, r4
10001620:	18cb      	adds	r3, r1, r3
10001622:	3b03      	subs	r3, #3
10001624:	705e      	strb	r6, [r3, #1]
10001626:	73ee      	strb	r6, [r5, #15]
10001628:	2800      	cmp	r0, #0
1000162a:	d12f      	bne.n	1000168c <ph_remove_any_head+0xb0>
1000162c:	2300      	movs	r3, #0
1000162e:	7053      	strb	r3, [r2, #1]
10001630:	b005      	add	sp, #20
10001632:	bc3c      	pop	{r2, r3, r4, r5}
10001634:	4690      	mov	r8, r2
10001636:	4699      	mov	r9, r3
10001638:	46a2      	mov	sl, r4
1000163a:	46ab      	mov	fp, r5
1000163c:	bdf0      	pop	{r4, r5, r6, r7, pc}
1000163e:	007a      	lsls	r2, r7, #1
10001640:	4462      	add	r2, ip
10001642:	3a03      	subs	r2, #3
10001644:	1889      	adds	r1, r1, r2
10001646:	784a      	ldrb	r2, [r1, #1]
10001648:	4693      	mov	fp, r2
1000164a:	2200      	movs	r2, #0
1000164c:	704a      	strb	r2, [r1, #1]
1000164e:	4690      	mov	r8, r2
10001650:	705a      	strb	r2, [r3, #1]
10001652:	0001      	movs	r1, r0
10001654:	003a      	movs	r2, r7
10001656:	0028      	movs	r0, r5
10001658:	f7ff fe90 	bl	1000137c <ph_merge_nodes>
1000165c:	465b      	mov	r3, fp
1000165e:	4681      	mov	r9, r0
10001660:	2b00      	cmp	r3, #0
10001662:	d007      	beq.n	10001674 <ph_remove_any_head+0x98>
10001664:	005b      	lsls	r3, r3, #1
10001666:	6829      	ldr	r1, [r5, #0]
10001668:	445b      	add	r3, fp
1000166a:	3b03      	subs	r3, #3
1000166c:	18cb      	adds	r3, r1, r3
1000166e:	785a      	ldrb	r2, [r3, #1]
10001670:	2a00      	cmp	r2, #0
10001672:	d116      	bne.n	100016a2 <ph_remove_any_head+0xc6>
10001674:	465a      	mov	r2, fp
10001676:	4649      	mov	r1, r9
10001678:	0028      	movs	r0, r5
1000167a:	f7ff fe7f 	bl	1000137c <ph_merge_nodes>
1000167e:	6829      	ldr	r1, [r5, #0]
10001680:	9b01      	ldr	r3, [sp, #4]
10001682:	190a      	adds	r2, r1, r4
10001684:	2b00      	cmp	r3, #0
10001686:	d1c6      	bne.n	10001616 <ph_remove_any_head+0x3a>
10001688:	2800      	cmp	r0, #0
1000168a:	d0cf      	beq.n	1000162c <ph_remove_any_head+0x50>
1000168c:	0043      	lsls	r3, r0, #1
1000168e:	181b      	adds	r3, r3, r0
10001690:	3b03      	subs	r3, #3
10001692:	18cb      	adds	r3, r1, r3
10001694:	2100      	movs	r1, #0
10001696:	7099      	strb	r1, [r3, #2]
10001698:	e7c8      	b.n	1000162c <ph_remove_any_head+0x50>
1000169a:	9b01      	ldr	r3, [sp, #4]
1000169c:	2b00      	cmp	r3, #0
1000169e:	d1ba      	bne.n	10001616 <ph_remove_any_head+0x3a>
100016a0:	e7c4      	b.n	1000162c <ph_remove_any_head+0x50>
100016a2:	0050      	lsls	r0, r2, #1
100016a4:	1880      	adds	r0, r0, r2
100016a6:	3803      	subs	r0, #3
100016a8:	1809      	adds	r1, r1, r0
100016aa:	7848      	ldrb	r0, [r1, #1]
100016ac:	4682      	mov	sl, r0
100016ae:	4640      	mov	r0, r8
100016b0:	7048      	strb	r0, [r1, #1]
100016b2:	7058      	strb	r0, [r3, #1]
100016b4:	4659      	mov	r1, fp
100016b6:	0028      	movs	r0, r5
100016b8:	f7ff fe60 	bl	1000137c <ph_merge_nodes>
100016bc:	4653      	mov	r3, sl
100016be:	4683      	mov	fp, r0
100016c0:	2b00      	cmp	r3, #0
100016c2:	d007      	beq.n	100016d4 <ph_remove_any_head+0xf8>
100016c4:	005b      	lsls	r3, r3, #1
100016c6:	6829      	ldr	r1, [r5, #0]
100016c8:	4453      	add	r3, sl
100016ca:	3b03      	subs	r3, #3
100016cc:	18cb      	adds	r3, r1, r3
100016ce:	785a      	ldrb	r2, [r3, #1]
100016d0:	2a00      	cmp	r2, #0
100016d2:	d106      	bne.n	100016e2 <ph_remove_any_head+0x106>
100016d4:	4659      	mov	r1, fp
100016d6:	4652      	mov	r2, sl
100016d8:	0028      	movs	r0, r5
100016da:	f7ff fe4f 	bl	1000137c <ph_merge_nodes>
100016de:	4683      	mov	fp, r0
100016e0:	e7c8      	b.n	10001674 <ph_remove_any_head+0x98>
100016e2:	0050      	lsls	r0, r2, #1
100016e4:	1880      	adds	r0, r0, r2
100016e6:	3803      	subs	r0, #3
100016e8:	1809      	adds	r1, r1, r0
100016ea:	4640      	mov	r0, r8
100016ec:	784f      	ldrb	r7, [r1, #1]
100016ee:	7048      	strb	r0, [r1, #1]
100016f0:	7058      	strb	r0, [r3, #1]
100016f2:	4651      	mov	r1, sl
100016f4:	0028      	movs	r0, r5
100016f6:	9702      	str	r7, [sp, #8]
100016f8:	f7ff fe40 	bl	1000137c <ph_merge_nodes>
100016fc:	4682      	mov	sl, r0
100016fe:	2f00      	cmp	r7, #0
10001700:	d008      	beq.n	10001714 <ph_remove_any_head+0x138>
10001702:	46bc      	mov	ip, r7
10001704:	007b      	lsls	r3, r7, #1
10001706:	6829      	ldr	r1, [r5, #0]
10001708:	4463      	add	r3, ip
1000170a:	3b03      	subs	r3, #3
1000170c:	18cb      	adds	r3, r1, r3
1000170e:	785a      	ldrb	r2, [r3, #1]
10001710:	2a00      	cmp	r2, #0
10001712:	d106      	bne.n	10001722 <ph_remove_any_head+0x146>
10001714:	4651      	mov	r1, sl
10001716:	9a02      	ldr	r2, [sp, #8]
10001718:	0028      	movs	r0, r5
1000171a:	f7ff fe2f 	bl	1000137c <ph_merge_nodes>
1000171e:	4682      	mov	sl, r0
10001720:	e7d8      	b.n	100016d4 <ph_remove_any_head+0xf8>
10001722:	0050      	lsls	r0, r2, #1
10001724:	1880      	adds	r0, r0, r2
10001726:	3803      	subs	r0, #3
10001728:	1809      	adds	r1, r1, r0
1000172a:	4640      	mov	r0, r8
1000172c:	784f      	ldrb	r7, [r1, #1]
1000172e:	7048      	strb	r0, [r1, #1]
10001730:	7058      	strb	r0, [r3, #1]
10001732:	9902      	ldr	r1, [sp, #8]
10001734:	0028      	movs	r0, r5
10001736:	9703      	str	r7, [sp, #12]
10001738:	f7ff fe20 	bl	1000137c <ph_merge_nodes>
1000173c:	4680      	mov	r8, r0
1000173e:	2f00      	cmp	r7, #0
10001740:	d008      	beq.n	10001754 <ph_remove_any_head+0x178>
10001742:	46bc      	mov	ip, r7
10001744:	007b      	lsls	r3, r7, #1
10001746:	6829      	ldr	r1, [r5, #0]
10001748:	4463      	add	r3, ip
1000174a:	3b03      	subs	r3, #3
1000174c:	18cb      	adds	r3, r1, r3
1000174e:	785a      	ldrb	r2, [r3, #1]
10001750:	2a00      	cmp	r2, #0
10001752:	d106      	bne.n	10001762 <ph_remove_any_head+0x186>
10001754:	9a03      	ldr	r2, [sp, #12]
10001756:	4641      	mov	r1, r8
10001758:	0028      	movs	r0, r5
1000175a:	f7ff fe0f 	bl	1000137c <ph_merge_nodes>
1000175e:	9002      	str	r0, [sp, #8]
10001760:	e7d8      	b.n	10001714 <ph_remove_any_head+0x138>
10001762:	2003      	movs	r0, #3
10001764:	4350      	muls	r0, r2
10001766:	3803      	subs	r0, #3
10001768:	1809      	adds	r1, r1, r0
1000176a:	2000      	movs	r0, #0
1000176c:	784f      	ldrb	r7, [r1, #1]
1000176e:	7048      	strb	r0, [r1, #1]
10001770:	7058      	strb	r0, [r3, #1]
10001772:	9903      	ldr	r1, [sp, #12]
10001774:	0028      	movs	r0, r5
10001776:	f7ff fe01 	bl	1000137c <ph_merge_nodes>
1000177a:	0039      	movs	r1, r7
1000177c:	9002      	str	r0, [sp, #8]
1000177e:	0028      	movs	r0, r5
10001780:	f7ff ff06 	bl	10001590 <ph_merge_two_pass>
10001784:	9902      	ldr	r1, [sp, #8]
10001786:	0002      	movs	r2, r0
10001788:	0028      	movs	r0, r5
1000178a:	f7ff fdf7 	bl	1000137c <ph_merge_nodes>
1000178e:	9003      	str	r0, [sp, #12]
10001790:	e7e0      	b.n	10001754 <ph_remove_any_head+0x178>
10001792:	46c0      	nop			; (mov r8, r8)

10001794 <ph_remove_head>:
10001794:	b5f0      	push	{r4, r5, r6, r7, lr}
10001796:	464e      	mov	r6, r9
10001798:	4645      	mov	r5, r8
1000179a:	46de      	mov	lr, fp
1000179c:	4657      	mov	r7, sl
1000179e:	b5e0      	push	{r5, r6, r7, lr}
100017a0:	7b46      	ldrb	r6, [r0, #13]
100017a2:	0005      	movs	r5, r0
100017a4:	0074      	lsls	r4, r6, #1
100017a6:	6800      	ldr	r0, [r0, #0]
100017a8:	19a4      	adds	r4, r4, r6
100017aa:	3c03      	subs	r4, #3
100017ac:	b085      	sub	sp, #20
100017ae:	1902      	adds	r2, r0, r4
100017b0:	9101      	str	r1, [sp, #4]
100017b2:	7811      	ldrb	r1, [r2, #0]
100017b4:	2900      	cmp	r1, #0
100017b6:	d04e      	beq.n	10001856 <ph_remove_head+0xc2>
100017b8:	004b      	lsls	r3, r1, #1
100017ba:	185b      	adds	r3, r3, r1
100017bc:	3b03      	subs	r3, #3
100017be:	18c3      	adds	r3, r0, r3
100017c0:	785f      	ldrb	r7, [r3, #1]
100017c2:	46bc      	mov	ip, r7
100017c4:	2f00      	cmp	r7, #0
100017c6:	d118      	bne.n	100017fa <ph_remove_head+0x66>
100017c8:	9c01      	ldr	r4, [sp, #4]
100017ca:	2c00      	cmp	r4, #0
100017cc:	d040      	beq.n	10001850 <ph_remove_head+0xbc>
100017ce:	7bec      	ldrb	r4, [r5, #15]
100017d0:	2c00      	cmp	r4, #0
100017d2:	d004      	beq.n	100017de <ph_remove_head+0x4a>
100017d4:	0063      	lsls	r3, r4, #1
100017d6:	191b      	adds	r3, r3, r4
100017d8:	18c3      	adds	r3, r0, r3
100017da:	3b03      	subs	r3, #3
100017dc:	705e      	strb	r6, [r3, #1]
100017de:	73ee      	strb	r6, [r5, #15]
100017e0:	2900      	cmp	r1, #0
100017e2:	d131      	bne.n	10001848 <ph_remove_head+0xb4>
100017e4:	2300      	movs	r3, #0
100017e6:	0030      	movs	r0, r6
100017e8:	7053      	strb	r3, [r2, #1]
100017ea:	7369      	strb	r1, [r5, #13]
100017ec:	b005      	add	sp, #20
100017ee:	bc3c      	pop	{r2, r3, r4, r5}
100017f0:	4690      	mov	r8, r2
100017f2:	4699      	mov	r9, r3
100017f4:	46a2      	mov	sl, r4
100017f6:	46ab      	mov	fp, r5
100017f8:	bdf0      	pop	{r4, r5, r6, r7, pc}
100017fa:	007a      	lsls	r2, r7, #1
100017fc:	4462      	add	r2, ip
100017fe:	3a03      	subs	r2, #3
10001800:	1880      	adds	r0, r0, r2
10001802:	7842      	ldrb	r2, [r0, #1]
10001804:	4693      	mov	fp, r2
10001806:	2200      	movs	r2, #0
10001808:	7042      	strb	r2, [r0, #1]
1000180a:	4690      	mov	r8, r2
1000180c:	705a      	strb	r2, [r3, #1]
1000180e:	0028      	movs	r0, r5
10001810:	003a      	movs	r2, r7
10001812:	f7ff fdb3 	bl	1000137c <ph_merge_nodes>
10001816:	465b      	mov	r3, fp
10001818:	4681      	mov	r9, r0
1000181a:	2b00      	cmp	r3, #0
1000181c:	d007      	beq.n	1000182e <ph_remove_head+0x9a>
1000181e:	005b      	lsls	r3, r3, #1
10001820:	6829      	ldr	r1, [r5, #0]
10001822:	445b      	add	r3, fp
10001824:	3b03      	subs	r3, #3
10001826:	18cb      	adds	r3, r1, r3
10001828:	785a      	ldrb	r2, [r3, #1]
1000182a:	2a00      	cmp	r2, #0
1000182c:	d117      	bne.n	1000185e <ph_remove_head+0xca>
1000182e:	465a      	mov	r2, fp
10001830:	4649      	mov	r1, r9
10001832:	0028      	movs	r0, r5
10001834:	f7ff fda2 	bl	1000137c <ph_merge_nodes>
10001838:	9b01      	ldr	r3, [sp, #4]
1000183a:	0001      	movs	r1, r0
1000183c:	6828      	ldr	r0, [r5, #0]
1000183e:	1902      	adds	r2, r0, r4
10001840:	2b00      	cmp	r3, #0
10001842:	d1c4      	bne.n	100017ce <ph_remove_head+0x3a>
10001844:	2900      	cmp	r1, #0
10001846:	d0cd      	beq.n	100017e4 <ph_remove_head+0x50>
10001848:	004b      	lsls	r3, r1, #1
1000184a:	185b      	adds	r3, r3, r1
1000184c:	3b03      	subs	r3, #3
1000184e:	18c3      	adds	r3, r0, r3
10001850:	2000      	movs	r0, #0
10001852:	7098      	strb	r0, [r3, #2]
10001854:	e7c6      	b.n	100017e4 <ph_remove_head+0x50>
10001856:	9b01      	ldr	r3, [sp, #4]
10001858:	2b00      	cmp	r3, #0
1000185a:	d1b8      	bne.n	100017ce <ph_remove_head+0x3a>
1000185c:	e7c2      	b.n	100017e4 <ph_remove_head+0x50>
1000185e:	0050      	lsls	r0, r2, #1
10001860:	1880      	adds	r0, r0, r2
10001862:	3803      	subs	r0, #3
10001864:	1809      	adds	r1, r1, r0
10001866:	7848      	ldrb	r0, [r1, #1]
10001868:	4682      	mov	sl, r0
1000186a:	4640      	mov	r0, r8
1000186c:	7048      	strb	r0, [r1, #1]
1000186e:	7058      	strb	r0, [r3, #1]
10001870:	4659      	mov	r1, fp
10001872:	0028      	movs	r0, r5
10001874:	f7ff fd82 	bl	1000137c <ph_merge_nodes>
10001878:	4653      	mov	r3, sl
1000187a:	4683      	mov	fp, r0
1000187c:	2b00      	cmp	r3, #0
1000187e:	d007      	beq.n	10001890 <ph_remove_head+0xfc>
10001880:	005b      	lsls	r3, r3, #1
10001882:	6829      	ldr	r1, [r5, #0]
10001884:	4453      	add	r3, sl
10001886:	3b03      	subs	r3, #3
10001888:	18cb      	adds	r3, r1, r3
1000188a:	785a      	ldrb	r2, [r3, #1]
1000188c:	2a00      	cmp	r2, #0
1000188e:	d106      	bne.n	1000189e <ph_remove_head+0x10a>
10001890:	4659      	mov	r1, fp
10001892:	4652      	mov	r2, sl
10001894:	0028      	movs	r0, r5
10001896:	f7ff fd71 	bl	1000137c <ph_merge_nodes>
1000189a:	4683      	mov	fp, r0
1000189c:	e7c7      	b.n	1000182e <ph_remove_head+0x9a>
1000189e:	0050      	lsls	r0, r2, #1
100018a0:	1880      	adds	r0, r0, r2
100018a2:	3803      	subs	r0, #3
100018a4:	1809      	adds	r1, r1, r0
100018a6:	4640      	mov	r0, r8
100018a8:	784f      	ldrb	r7, [r1, #1]
100018aa:	7048      	strb	r0, [r1, #1]
100018ac:	7058      	strb	r0, [r3, #1]
100018ae:	4651      	mov	r1, sl
100018b0:	0028      	movs	r0, r5
100018b2:	9702      	str	r7, [sp, #8]
100018b4:	f7ff fd62 	bl	1000137c <ph_merge_nodes>
100018b8:	4682      	mov	sl, r0
100018ba:	2f00      	cmp	r7, #0
100018bc:	d008      	beq.n	100018d0 <ph_remove_head+0x13c>
100018be:	46bc      	mov	ip, r7
100018c0:	007b      	lsls	r3, r7, #1
100018c2:	6829      	ldr	r1, [r5, #0]
100018c4:	4463      	add	r3, ip
100018c6:	3b03      	subs	r3, #3
100018c8:	18cb      	adds	r3, r1, r3
100018ca:	785a      	ldrb	r2, [r3, #1]
100018cc:	2a00      	cmp	r2, #0
100018ce:	d106      	bne.n	100018de <ph_remove_head+0x14a>
100018d0:	4651      	mov	r1, sl
100018d2:	9a02      	ldr	r2, [sp, #8]
100018d4:	0028      	movs	r0, r5
100018d6:	f7ff fd51 	bl	1000137c <ph_merge_nodes>
100018da:	4682      	mov	sl, r0
100018dc:	e7d8      	b.n	10001890 <ph_remove_head+0xfc>
100018de:	0050      	lsls	r0, r2, #1
100018e0:	1880      	adds	r0, r0, r2
100018e2:	3803      	subs	r0, #3
100018e4:	1809      	adds	r1, r1, r0
100018e6:	4640      	mov	r0, r8
100018e8:	784f      	ldrb	r7, [r1, #1]
100018ea:	7048      	strb	r0, [r1, #1]
100018ec:	7058      	strb	r0, [r3, #1]
100018ee:	9902      	ldr	r1, [sp, #8]
100018f0:	0028      	movs	r0, r5
100018f2:	9703      	str	r7, [sp, #12]
100018f4:	f7ff fd42 	bl	1000137c <ph_merge_nodes>
100018f8:	4680      	mov	r8, r0
100018fa:	2f00      	cmp	r7, #0
100018fc:	d008      	beq.n	10001910 <ph_remove_head+0x17c>
100018fe:	46bc      	mov	ip, r7
10001900:	007b      	lsls	r3, r7, #1
10001902:	6829      	ldr	r1, [r5, #0]
10001904:	4463      	add	r3, ip
10001906:	3b03      	subs	r3, #3
10001908:	18cb      	adds	r3, r1, r3
1000190a:	785a      	ldrb	r2, [r3, #1]
1000190c:	2a00      	cmp	r2, #0
1000190e:	d106      	bne.n	1000191e <ph_remove_head+0x18a>
10001910:	9a03      	ldr	r2, [sp, #12]
10001912:	4641      	mov	r1, r8
10001914:	0028      	movs	r0, r5
10001916:	f7ff fd31 	bl	1000137c <ph_merge_nodes>
1000191a:	9002      	str	r0, [sp, #8]
1000191c:	e7d8      	b.n	100018d0 <ph_remove_head+0x13c>
1000191e:	2003      	movs	r0, #3
10001920:	4350      	muls	r0, r2
10001922:	3803      	subs	r0, #3
10001924:	1809      	adds	r1, r1, r0
10001926:	2000      	movs	r0, #0
10001928:	784f      	ldrb	r7, [r1, #1]
1000192a:	7048      	strb	r0, [r1, #1]
1000192c:	7058      	strb	r0, [r3, #1]
1000192e:	9903      	ldr	r1, [sp, #12]
10001930:	0028      	movs	r0, r5
10001932:	f7ff fd23 	bl	1000137c <ph_merge_nodes>
10001936:	0039      	movs	r1, r7
10001938:	9002      	str	r0, [sp, #8]
1000193a:	0028      	movs	r0, r5
1000193c:	f7ff fe28 	bl	10001590 <ph_merge_two_pass>
10001940:	9902      	ldr	r1, [sp, #8]
10001942:	0002      	movs	r2, r0
10001944:	0028      	movs	r0, r5
10001946:	f7ff fd19 	bl	1000137c <ph_merge_nodes>
1000194a:	9003      	str	r0, [sp, #12]
1000194c:	e7e0      	b.n	10001910 <ph_remove_head+0x17c>
1000194e:	46c0      	nop			; (mov r8, r8)

10001950 <ph_remove_and_free_node>:
10001950:	b570      	push	{r4, r5, r6, lr}
10001952:	0004      	movs	r4, r0
10001954:	2900      	cmp	r1, #0
10001956:	d02c      	beq.n	100019b2 <ph_remove_and_free_node+0x62>
10001958:	7b43      	ldrb	r3, [r0, #13]
1000195a:	428b      	cmp	r3, r1
1000195c:	d02e      	beq.n	100019bc <ph_remove_and_free_node+0x6c>
1000195e:	6805      	ldr	r5, [r0, #0]
10001960:	0048      	lsls	r0, r1, #1
10001962:	1840      	adds	r0, r0, r1
10001964:	3803      	subs	r0, #3
10001966:	1828      	adds	r0, r5, r0
10001968:	7882      	ldrb	r2, [r0, #2]
1000196a:	2a00      	cmp	r2, #0
1000196c:	d021      	beq.n	100019b2 <ph_remove_and_free_node+0x62>
1000196e:	0053      	lsls	r3, r2, #1
10001970:	189b      	adds	r3, r3, r2
10001972:	3b03      	subs	r3, #3
10001974:	18eb      	adds	r3, r5, r3
10001976:	781a      	ldrb	r2, [r3, #0]
10001978:	428a      	cmp	r2, r1
1000197a:	d102      	bne.n	10001982 <ph_remove_and_free_node+0x32>
1000197c:	e01b      	b.n	100019b6 <ph_remove_and_free_node+0x66>
1000197e:	2a00      	cmp	r2, #0
10001980:	d008      	beq.n	10001994 <ph_remove_and_free_node+0x44>
10001982:	0053      	lsls	r3, r2, #1
10001984:	189b      	adds	r3, r3, r2
10001986:	3b03      	subs	r3, #3
10001988:	18eb      	adds	r3, r5, r3
1000198a:	785a      	ldrb	r2, [r3, #1]
1000198c:	428a      	cmp	r2, r1
1000198e:	d1f6      	bne.n	1000197e <ph_remove_and_free_node+0x2e>
10001990:	7842      	ldrb	r2, [r0, #1]
10001992:	705a      	strb	r2, [r3, #1]
10001994:	2300      	movs	r3, #0
10001996:	2201      	movs	r2, #1
10001998:	7083      	strb	r3, [r0, #2]
1000199a:	7043      	strb	r3, [r0, #1]
1000199c:	0020      	movs	r0, r4
1000199e:	f7ff fe1d 	bl	100015dc <ph_remove_any_head>
100019a2:	7b61      	ldrb	r1, [r4, #13]
100019a4:	0002      	movs	r2, r0
100019a6:	0020      	movs	r0, r4
100019a8:	f7ff fce8 	bl	1000137c <ph_merge_nodes>
100019ac:	7360      	strb	r0, [r4, #13]
100019ae:	2001      	movs	r0, #1
100019b0:	e000      	b.n	100019b4 <ph_remove_and_free_node+0x64>
100019b2:	2000      	movs	r0, #0
100019b4:	bd70      	pop	{r4, r5, r6, pc}
100019b6:	7842      	ldrb	r2, [r0, #1]
100019b8:	701a      	strb	r2, [r3, #0]
100019ba:	e7eb      	b.n	10001994 <ph_remove_and_free_node+0x44>
100019bc:	2201      	movs	r2, #1
100019be:	0019      	movs	r1, r3
100019c0:	f7ff fe0c 	bl	100015dc <ph_remove_any_head>
100019c4:	7360      	strb	r0, [r4, #13]
100019c6:	2001      	movs	r0, #1
100019c8:	e7f4      	b.n	100019b4 <ph_remove_and_free_node+0x64>
100019ca:	46c0      	nop			; (mov r8, r8)

100019cc <mutex_init>:
100019cc:	b510      	push	{r4, lr}
100019ce:	0004      	movs	r4, r0
100019d0:	f7fe fdb6 	bl	10000540 <next_striped_spin_lock_num>
100019d4:	0001      	movs	r1, r0
100019d6:	0020      	movs	r0, r4
100019d8:	f7ff f872 	bl	10000ac0 <lock_init>
100019dc:	23ff      	movs	r3, #255	; 0xff
100019de:	7123      	strb	r3, [r4, #4]
100019e0:	f3bf 8f5f 	dmb	sy
100019e4:	bd10      	pop	{r4, pc}
100019e6:	46c0      	nop			; (mov r8, r8)

100019e8 <recursive_mutex_init>:
100019e8:	b510      	push	{r4, lr}
100019ea:	0004      	movs	r4, r0
100019ec:	f7fe fda8 	bl	10000540 <next_striped_spin_lock_num>
100019f0:	0001      	movs	r1, r0
100019f2:	0020      	movs	r0, r4
100019f4:	f7ff f864 	bl	10000ac0 <lock_init>
100019f8:	23ff      	movs	r3, #255	; 0xff
100019fa:	80a3      	strh	r3, [r4, #4]
100019fc:	f3bf 8f5f 	dmb	sy
10001a00:	bd10      	pop	{r4, pc}
10001a02:	46c0      	nop			; (mov r8, r8)

10001a04 <critical_section_init>:
10001a04:	b510      	push	{r4, lr}
10001a06:	0004      	movs	r4, r0
10001a08:	2001      	movs	r0, #1
10001a0a:	f7fe fda5 	bl	10000558 <spin_lock_claim_unused>
10001a0e:	4b04      	ldr	r3, [pc, #16]	; (10001a20 <critical_section_init+0x1c>)
10001a10:	469c      	mov	ip, r3
10001a12:	4460      	add	r0, ip
10001a14:	0080      	lsls	r0, r0, #2
10001a16:	6020      	str	r0, [r4, #0]
10001a18:	f3bf 8f5f 	dmb	sy
10001a1c:	bd10      	pop	{r4, pc}
10001a1e:	46c0      	nop			; (mov r8, r8)
10001a20:	34000040 	.word	0x34000040

10001a24 <runtime_init>:
10001a24:	4b2d      	ldr	r3, [pc, #180]	; (10001adc <runtime_init+0xb8>)
10001a26:	4a2e      	ldr	r2, [pc, #184]	; (10001ae0 <runtime_init+0xbc>)
10001a28:	b570      	push	{r4, r5, r6, lr}
10001a2a:	601a      	str	r2, [r3, #0]
10001a2c:	4a2d      	ldr	r2, [pc, #180]	; (10001ae4 <runtime_init+0xc0>)
10001a2e:	4b2e      	ldr	r3, [pc, #184]	; (10001ae8 <runtime_init+0xc4>)
10001a30:	492e      	ldr	r1, [pc, #184]	; (10001aec <runtime_init+0xc8>)
10001a32:	601a      	str	r2, [r3, #0]
10001a34:	0010      	movs	r0, r2
10001a36:	688b      	ldr	r3, [r1, #8]
10001a38:	4398      	bics	r0, r3
10001a3a:	d1fb      	bne.n	10001a34 <runtime_init+0x10>
10001a3c:	4c2c      	ldr	r4, [pc, #176]	; (10001af0 <runtime_init+0xcc>)
10001a3e:	4b2d      	ldr	r3, [pc, #180]	; (10001af4 <runtime_init+0xd0>)
10001a40:	429c      	cmp	r4, r3
10001a42:	d209      	bcs.n	10001a58 <runtime_init+0x34>
10001a44:	3b01      	subs	r3, #1
10001a46:	1b1d      	subs	r5, r3, r4
10001a48:	08ad      	lsrs	r5, r5, #2
10001a4a:	3501      	adds	r5, #1
10001a4c:	00ad      	lsls	r5, r5, #2
10001a4e:	192d      	adds	r5, r5, r4
10001a50:	cc08      	ldmia	r4!, {r3}
10001a52:	4798      	blx	r3
10001a54:	42ac      	cmp	r4, r5
10001a56:	d1fb      	bne.n	10001a50 <runtime_init+0x2c>
10001a58:	f000 f87e 	bl	10001b58 <clocks_init>
10001a5c:	4a26      	ldr	r2, [pc, #152]	; (10001af8 <runtime_init+0xd4>)
10001a5e:	4b22      	ldr	r3, [pc, #136]	; (10001ae8 <runtime_init+0xc4>)
10001a60:	601a      	str	r2, [r3, #0]
10001a62:	4a22      	ldr	r2, [pc, #136]	; (10001aec <runtime_init+0xc8>)
10001a64:	6893      	ldr	r3, [r2, #8]
10001a66:	01db      	lsls	r3, r3, #7
10001a68:	3380      	adds	r3, #128	; 0x80
10001a6a:	d1fb      	bne.n	10001a64 <runtime_init+0x40>
10001a6c:	2240      	movs	r2, #64	; 0x40
10001a6e:	4b23      	ldr	r3, [pc, #140]	; (10001afc <runtime_init+0xd8>)
10001a70:	4d23      	ldr	r5, [pc, #140]	; (10001b00 <runtime_init+0xdc>)
10001a72:	4824      	ldr	r0, [pc, #144]	; (10001b04 <runtime_init+0xe0>)
10001a74:	679a      	str	r2, [r3, #120]	; 0x78
10001a76:	675a      	str	r2, [r3, #116]	; 0x74
10001a78:	671a      	str	r2, [r3, #112]	; 0x70
10001a7a:	66da      	str	r2, [r3, #108]	; 0x6c
10001a7c:	42a8      	cmp	r0, r5
10001a7e:	d305      	bcc.n	10001a8c <runtime_init+0x68>
10001a80:	e00e      	b.n	10001aa0 <runtime_init+0x7c>
10001a82:	f7ff ffb1 	bl	100019e8 <recursive_mutex_init>
10001a86:	0020      	movs	r0, r4
10001a88:	42ac      	cmp	r4, r5
10001a8a:	d209      	bcs.n	10001aa0 <runtime_init+0x7c>
10001a8c:	0004      	movs	r4, r0
10001a8e:	6803      	ldr	r3, [r0, #0]
10001a90:	3408      	adds	r4, #8
10001a92:	2b00      	cmp	r3, #0
10001a94:	d1f5      	bne.n	10001a82 <runtime_init+0x5e>
10001a96:	f7ff ff99 	bl	100019cc <mutex_init>
10001a9a:	0020      	movs	r0, r4
10001a9c:	42ac      	cmp	r4, r5
10001a9e:	d3f5      	bcc.n	10001a8c <runtime_init+0x68>
10001aa0:	4c19      	ldr	r4, [pc, #100]	; (10001b08 <runtime_init+0xe4>)
10001aa2:	4d1a      	ldr	r5, [pc, #104]	; (10001b0c <runtime_init+0xe8>)
10001aa4:	68a1      	ldr	r1, [r4, #8]
10001aa6:	22c0      	movs	r2, #192	; 0xc0
10001aa8:	0028      	movs	r0, r5
10001aaa:	f000 fbd3 	bl	10002254 <__wrap___aeabi_memcpy>
10001aae:	60a5      	str	r5, [r4, #8]
10001ab0:	f7fe fd38 	bl	10000524 <spin_locks_reset>
10001ab4:	f7fe ffda 	bl	10000a6c <irq_init_priorities>
10001ab8:	f7ff f9ae 	bl	10000e18 <alarm_pool_init_default>
10001abc:	4c14      	ldr	r4, [pc, #80]	; (10001b10 <runtime_init+0xec>)
10001abe:	4b15      	ldr	r3, [pc, #84]	; (10001b14 <runtime_init+0xf0>)
10001ac0:	429c      	cmp	r4, r3
10001ac2:	d209      	bcs.n	10001ad8 <runtime_init+0xb4>
10001ac4:	3b01      	subs	r3, #1
10001ac6:	1b1d      	subs	r5, r3, r4
10001ac8:	08ad      	lsrs	r5, r5, #2
10001aca:	3501      	adds	r5, #1
10001acc:	00ad      	lsls	r5, r5, #2
10001ace:	192d      	adds	r5, r5, r4
10001ad0:	cc08      	ldmia	r4!, {r3}
10001ad2:	4798      	blx	r3
10001ad4:	42a5      	cmp	r5, r4
10001ad6:	d1fb      	bne.n	10001ad0 <runtime_init+0xac>
10001ad8:	bd70      	pop	{r4, r5, r6, pc}
10001ada:	46c0      	nop			; (mov r8, r8)
10001adc:	4000e000 	.word	0x4000e000
10001ae0:	fefbcdbf 	.word	0xfefbcdbf
10001ae4:	003c7ffe 	.word	0x003c7ffe
10001ae8:	4000f000 	.word	0x4000f000
10001aec:	4000c000 	.word	0x4000c000
10001af0:	20000458 	.word	0x20000458
10001af4:	20000468 	.word	0x20000468
10001af8:	01ffffff 	.word	0x01ffffff
10001afc:	4001f000 	.word	0x4001f000
10001b00:	20000458 	.word	0x20000458
10001b04:	20000450 	.word	0x20000450
10001b08:	e000ed00 	.word	0xe000ed00
10001b0c:	20000000 	.word	0x20000000
10001b10:	20000468 	.word	0x20000468
10001b14:	20000470 	.word	0x20000470

10001b18 <exit>:
10001b18:	be00      	bkpt	0x0000
10001b1a:	e7fd      	b.n	10001b18 <exit>

10001b1c <panic>:
10001b1c:	b40f      	push	{r0, r1, r2, r3}
10001b1e:	b500      	push	{lr}
10001b20:	4808      	ldr	r0, [pc, #32]	; (10001b44 <panic+0x28>)
10001b22:	b083      	sub	sp, #12
10001b24:	f000 fcc8 	bl	100024b8 <__wrap_puts>
10001b28:	9b04      	ldr	r3, [sp, #16]
10001b2a:	2b00      	cmp	r3, #0
10001b2c:	d007      	beq.n	10001b3e <panic+0x22>
10001b2e:	a905      	add	r1, sp, #20
10001b30:	0018      	movs	r0, r3
10001b32:	9101      	str	r1, [sp, #4]
10001b34:	f000 fa34 	bl	10001fa0 <weak_raw_vprintf>
10001b38:	4803      	ldr	r0, [pc, #12]	; (10001b48 <panic+0x2c>)
10001b3a:	f000 fcbd 	bl	100024b8 <__wrap_puts>
10001b3e:	be00      	bkpt	0x0000
10001b40:	e7fd      	b.n	10001b3e <panic+0x22>
10001b42:	46c0      	nop			; (mov r8, r8)
10001b44:	100050a0 	.word	0x100050a0
10001b48:	100050b0 	.word	0x100050b0

10001b4c <hard_assertion_failure>:
10001b4c:	b510      	push	{r4, lr}
10001b4e:	4801      	ldr	r0, [pc, #4]	; (10001b54 <hard_assertion_failure+0x8>)
10001b50:	f7ff ffe4 	bl	10001b1c <panic>
10001b54:	10005094 	.word	0x10005094

10001b58 <clocks_init>:
10001b58:	b530      	push	{r4, r5, lr}
10001b5a:	200c      	movs	r0, #12
10001b5c:	b083      	sub	sp, #12
10001b5e:	f000 f9af 	bl	10001ec0 <watchdog_start_tick>
10001b62:	f7fe fcd7 	bl	10000514 <running_on_fpga>
10001b66:	2800      	cmp	r0, #0
10001b68:	d00e      	beq.n	10001b88 <clocks_init+0x30>
10001b6a:	4b94      	ldr	r3, [pc, #592]	; (10001dbc <clocks_init+0x264>)
10001b6c:	4a94      	ldr	r2, [pc, #592]	; (10001dc0 <clocks_init+0x268>)
10001b6e:	601a      	str	r2, [r3, #0]
10001b70:	605a      	str	r2, [r3, #4]
10001b72:	609a      	str	r2, [r3, #8]
10001b74:	60da      	str	r2, [r3, #12]
10001b76:	611a      	str	r2, [r3, #16]
10001b78:	615a      	str	r2, [r3, #20]
10001b7a:	619a      	str	r2, [r3, #24]
10001b7c:	61da      	str	r2, [r3, #28]
10001b7e:	621a      	str	r2, [r3, #32]
10001b80:	4a90      	ldr	r2, [pc, #576]	; (10001dc4 <clocks_init+0x26c>)
10001b82:	625a      	str	r2, [r3, #36]	; 0x24
10001b84:	b003      	add	sp, #12
10001b86:	bd30      	pop	{r4, r5, pc}
10001b88:	4c8f      	ldr	r4, [pc, #572]	; (10001dc8 <clocks_init+0x270>)
10001b8a:	67a0      	str	r0, [r4, #120]	; 0x78
10001b8c:	f000 f9ec 	bl	10001f68 <xosc_init>
10001b90:	2201      	movs	r2, #1
10001b92:	4b8e      	ldr	r3, [pc, #568]	; (10001dcc <clocks_init+0x274>)
10001b94:	601a      	str	r2, [r3, #0]
10001b96:	6c63      	ldr	r3, [r4, #68]	; 0x44
10001b98:	2b01      	cmp	r3, #1
10001b9a:	d1fc      	bne.n	10001b96 <clocks_init+0x3e>
10001b9c:	2203      	movs	r2, #3
10001b9e:	4b8c      	ldr	r3, [pc, #560]	; (10001dd0 <clocks_init+0x278>)
10001ba0:	601a      	str	r2, [r3, #0]
10001ba2:	4a89      	ldr	r2, [pc, #548]	; (10001dc8 <clocks_init+0x270>)
10001ba4:	6b93      	ldr	r3, [r2, #56]	; 0x38
10001ba6:	2b01      	cmp	r3, #1
10001ba8:	d1fc      	bne.n	10001ba4 <clocks_init+0x4c>
10001baa:	3301      	adds	r3, #1
10001bac:	9300      	str	r3, [sp, #0]
10001bae:	4a89      	ldr	r2, [pc, #548]	; (10001dd4 <clocks_init+0x27c>)
10001bb0:	3304      	adds	r3, #4
10001bb2:	2101      	movs	r1, #1
10001bb4:	4888      	ldr	r0, [pc, #544]	; (10001dd8 <clocks_init+0x280>)
10001bb6:	f000 f92f 	bl	10001e18 <pll_init>
10001bba:	2305      	movs	r3, #5
10001bbc:	4a87      	ldr	r2, [pc, #540]	; (10001ddc <clocks_init+0x284>)
10001bbe:	9300      	str	r3, [sp, #0]
10001bc0:	2101      	movs	r1, #1
10001bc2:	4887      	ldr	r0, [pc, #540]	; (10001de0 <clocks_init+0x288>)
10001bc4:	f000 f928 	bl	10001e18 <pll_init>
10001bc8:	4b86      	ldr	r3, [pc, #536]	; (10001de4 <clocks_init+0x28c>)
10001bca:	685a      	ldr	r2, [r3, #4]
10001bcc:	2aff      	cmp	r2, #255	; 0xff
10001bce:	d802      	bhi.n	10001bd6 <clocks_init+0x7e>
10001bd0:	2280      	movs	r2, #128	; 0x80
10001bd2:	0052      	lsls	r2, r2, #1
10001bd4:	605a      	str	r2, [r3, #4]
10001bd6:	2280      	movs	r2, #128	; 0x80
10001bd8:	4c78      	ldr	r4, [pc, #480]	; (10001dbc <clocks_init+0x264>)
10001bda:	4b7d      	ldr	r3, [pc, #500]	; (10001dd0 <clocks_init+0x278>)
10001bdc:	6921      	ldr	r1, [r4, #16]
10001bde:	0112      	lsls	r2, r2, #4
10001be0:	4d80      	ldr	r5, [pc, #512]	; (10001de4 <clocks_init+0x28c>)
10001be2:	601a      	str	r2, [r3, #0]
10001be4:	2900      	cmp	r1, #0
10001be6:	d005      	beq.n	10001bf4 <clocks_init+0x9c>
10001be8:	6960      	ldr	r0, [r4, #20]
10001bea:	f000 fa27 	bl	1000203c <__wrap___aeabi_uidiv>
10001bee:	3001      	adds	r0, #1
10001bf0:	3801      	subs	r0, #1
10001bf2:	d1fd      	bne.n	10001bf0 <clocks_init+0x98>
10001bf4:	21e0      	movs	r1, #224	; 0xe0
10001bf6:	4b7b      	ldr	r3, [pc, #492]	; (10001de4 <clocks_init+0x28c>)
10001bf8:	2002      	movs	r0, #2
10001bfa:	681a      	ldr	r2, [r3, #0]
10001bfc:	4011      	ands	r1, r2
10001bfe:	2280      	movs	r2, #128	; 0x80
10001c00:	0152      	lsls	r2, r2, #5
10001c02:	432a      	orrs	r2, r5
10001c04:	6011      	str	r1, [r2, #0]
10001c06:	6819      	ldr	r1, [r3, #0]
10001c08:	4048      	eors	r0, r1
10001c0a:	2103      	movs	r1, #3
10001c0c:	4001      	ands	r1, r0
10001c0e:	6011      	str	r1, [r2, #0]
10001c10:	2104      	movs	r1, #4
10001c12:	689a      	ldr	r2, [r3, #8]
10001c14:	4211      	tst	r1, r2
10001c16:	d0fc      	beq.n	10001c12 <clocks_init+0xba>
10001c18:	2280      	movs	r2, #128	; 0x80
10001c1a:	2180      	movs	r1, #128	; 0x80
10001c1c:	0192      	lsls	r2, r2, #6
10001c1e:	432a      	orrs	r2, r5
10001c20:	0109      	lsls	r1, r1, #4
10001c22:	6011      	str	r1, [r2, #0]
10001c24:	2280      	movs	r2, #128	; 0x80
10001c26:	0052      	lsls	r2, r2, #1
10001c28:	605a      	str	r2, [r3, #4]
10001c2a:	4b6f      	ldr	r3, [pc, #444]	; (10001de8 <clocks_init+0x290>)
10001c2c:	6123      	str	r3, [r4, #16]
10001c2e:	4b6f      	ldr	r3, [pc, #444]	; (10001dec <clocks_init+0x294>)
10001c30:	6859      	ldr	r1, [r3, #4]
10001c32:	29ff      	cmp	r1, #255	; 0xff
10001c34:	d800      	bhi.n	10001c38 <clocks_init+0xe0>
10001c36:	605a      	str	r2, [r3, #4]
10001c38:	2203      	movs	r2, #3
10001c3a:	486c      	ldr	r0, [pc, #432]	; (10001dec <clocks_init+0x294>)
10001c3c:	4b63      	ldr	r3, [pc, #396]	; (10001dcc <clocks_init+0x274>)
10001c3e:	2101      	movs	r1, #1
10001c40:	601a      	str	r2, [r3, #0]
10001c42:	0002      	movs	r2, r0
10001c44:	6893      	ldr	r3, [r2, #8]
10001c46:	4219      	tst	r1, r3
10001c48:	d0fc      	beq.n	10001c44 <clocks_init+0xec>
10001c4a:	25e0      	movs	r5, #224	; 0xe0
10001c4c:	6813      	ldr	r3, [r2, #0]
10001c4e:	401d      	ands	r5, r3
10001c50:	2380      	movs	r3, #128	; 0x80
10001c52:	015b      	lsls	r3, r3, #5
10001c54:	4303      	orrs	r3, r0
10001c56:	601d      	str	r5, [r3, #0]
10001c58:	6812      	ldr	r2, [r2, #0]
10001c5a:	404a      	eors	r2, r1
10001c5c:	2103      	movs	r1, #3
10001c5e:	4011      	ands	r1, r2
10001c60:	6019      	str	r1, [r3, #0]
10001c62:	2102      	movs	r1, #2
10001c64:	4a61      	ldr	r2, [pc, #388]	; (10001dec <clocks_init+0x294>)
10001c66:	6893      	ldr	r3, [r2, #8]
10001c68:	4219      	tst	r1, r3
10001c6a:	d0fc      	beq.n	10001c66 <clocks_init+0x10e>
10001c6c:	2380      	movs	r3, #128	; 0x80
10001c6e:	2180      	movs	r1, #128	; 0x80
10001c70:	019b      	lsls	r3, r3, #6
10001c72:	4303      	orrs	r3, r0
10001c74:	0109      	lsls	r1, r1, #4
10001c76:	6019      	str	r1, [r3, #0]
10001c78:	2180      	movs	r1, #128	; 0x80
10001c7a:	4b5d      	ldr	r3, [pc, #372]	; (10001df0 <clocks_init+0x298>)
10001c7c:	0049      	lsls	r1, r1, #1
10001c7e:	6051      	str	r1, [r2, #4]
10001c80:	6163      	str	r3, [r4, #20]
10001c82:	4b5c      	ldr	r3, [pc, #368]	; (10001df4 <clocks_init+0x29c>)
10001c84:	685a      	ldr	r2, [r3, #4]
10001c86:	2aff      	cmp	r2, #255	; 0xff
10001c88:	d800      	bhi.n	10001c8c <clocks_init+0x134>
10001c8a:	6059      	str	r1, [r3, #4]
10001c8c:	2280      	movs	r2, #128	; 0x80
10001c8e:	4b5a      	ldr	r3, [pc, #360]	; (10001df8 <clocks_init+0x2a0>)
10001c90:	69e1      	ldr	r1, [r4, #28]
10001c92:	0112      	lsls	r2, r2, #4
10001c94:	4d57      	ldr	r5, [pc, #348]	; (10001df4 <clocks_init+0x29c>)
10001c96:	601a      	str	r2, [r3, #0]
10001c98:	2900      	cmp	r1, #0
10001c9a:	d005      	beq.n	10001ca8 <clocks_init+0x150>
10001c9c:	6960      	ldr	r0, [r4, #20]
10001c9e:	f000 f9cd 	bl	1000203c <__wrap___aeabi_uidiv>
10001ca2:	3001      	adds	r0, #1
10001ca4:	3801      	subs	r0, #1
10001ca6:	d1fd      	bne.n	10001ca4 <clocks_init+0x14c>
10001ca8:	22e0      	movs	r2, #224	; 0xe0
10001caa:	4952      	ldr	r1, [pc, #328]	; (10001df4 <clocks_init+0x29c>)
10001cac:	680b      	ldr	r3, [r1, #0]
10001cae:	401a      	ands	r2, r3
10001cb0:	2380      	movs	r3, #128	; 0x80
10001cb2:	015b      	lsls	r3, r3, #5
10001cb4:	432b      	orrs	r3, r5
10001cb6:	601a      	str	r2, [r3, #0]
10001cb8:	2380      	movs	r3, #128	; 0x80
10001cba:	2280      	movs	r2, #128	; 0x80
10001cbc:	019b      	lsls	r3, r3, #6
10001cbe:	432b      	orrs	r3, r5
10001cc0:	0112      	lsls	r2, r2, #4
10001cc2:	601a      	str	r2, [r3, #0]
10001cc4:	2280      	movs	r2, #128	; 0x80
10001cc6:	4b3e      	ldr	r3, [pc, #248]	; (10001dc0 <clocks_init+0x268>)
10001cc8:	0052      	lsls	r2, r2, #1
10001cca:	604a      	str	r2, [r1, #4]
10001ccc:	61e3      	str	r3, [r4, #28]
10001cce:	4b4b      	ldr	r3, [pc, #300]	; (10001dfc <clocks_init+0x2a4>)
10001cd0:	6859      	ldr	r1, [r3, #4]
10001cd2:	29ff      	cmp	r1, #255	; 0xff
10001cd4:	d800      	bhi.n	10001cd8 <clocks_init+0x180>
10001cd6:	605a      	str	r2, [r3, #4]
10001cd8:	2280      	movs	r2, #128	; 0x80
10001cda:	4b49      	ldr	r3, [pc, #292]	; (10001e00 <clocks_init+0x2a8>)
10001cdc:	6a21      	ldr	r1, [r4, #32]
10001cde:	0112      	lsls	r2, r2, #4
10001ce0:	4d46      	ldr	r5, [pc, #280]	; (10001dfc <clocks_init+0x2a4>)
10001ce2:	601a      	str	r2, [r3, #0]
10001ce4:	2900      	cmp	r1, #0
10001ce6:	d005      	beq.n	10001cf4 <clocks_init+0x19c>
10001ce8:	6960      	ldr	r0, [r4, #20]
10001cea:	f000 f9a7 	bl	1000203c <__wrap___aeabi_uidiv>
10001cee:	3001      	adds	r0, #1
10001cf0:	3801      	subs	r0, #1
10001cf2:	d1fd      	bne.n	10001cf0 <clocks_init+0x198>
10001cf4:	22e0      	movs	r2, #224	; 0xe0
10001cf6:	4941      	ldr	r1, [pc, #260]	; (10001dfc <clocks_init+0x2a4>)
10001cf8:	680b      	ldr	r3, [r1, #0]
10001cfa:	401a      	ands	r2, r3
10001cfc:	2380      	movs	r3, #128	; 0x80
10001cfe:	015b      	lsls	r3, r3, #5
10001d00:	432b      	orrs	r3, r5
10001d02:	601a      	str	r2, [r3, #0]
10001d04:	2380      	movs	r3, #128	; 0x80
10001d06:	2280      	movs	r2, #128	; 0x80
10001d08:	019b      	lsls	r3, r3, #6
10001d0a:	432b      	orrs	r3, r5
10001d0c:	0112      	lsls	r2, r2, #4
10001d0e:	601a      	str	r2, [r3, #0]
10001d10:	2380      	movs	r3, #128	; 0x80
10001d12:	005b      	lsls	r3, r3, #1
10001d14:	604b      	str	r3, [r1, #4]
10001d16:	4b2a      	ldr	r3, [pc, #168]	; (10001dc0 <clocks_init+0x268>)
10001d18:	4a3a      	ldr	r2, [pc, #232]	; (10001e04 <clocks_init+0x2ac>)
10001d1a:	6223      	str	r3, [r4, #32]
10001d1c:	4b3a      	ldr	r3, [pc, #232]	; (10001e08 <clocks_init+0x2b0>)
10001d1e:	6859      	ldr	r1, [r3, #4]
10001d20:	4291      	cmp	r1, r2
10001d22:	d801      	bhi.n	10001d28 <clocks_init+0x1d0>
10001d24:	3201      	adds	r2, #1
10001d26:	605a      	str	r2, [r3, #4]
10001d28:	2280      	movs	r2, #128	; 0x80
10001d2a:	4b38      	ldr	r3, [pc, #224]	; (10001e0c <clocks_init+0x2b4>)
10001d2c:	6a61      	ldr	r1, [r4, #36]	; 0x24
10001d2e:	0112      	lsls	r2, r2, #4
10001d30:	4d35      	ldr	r5, [pc, #212]	; (10001e08 <clocks_init+0x2b0>)
10001d32:	601a      	str	r2, [r3, #0]
10001d34:	2900      	cmp	r1, #0
10001d36:	d005      	beq.n	10001d44 <clocks_init+0x1ec>
10001d38:	6960      	ldr	r0, [r4, #20]
10001d3a:	f000 f97f 	bl	1000203c <__wrap___aeabi_uidiv>
10001d3e:	3001      	adds	r0, #1
10001d40:	3801      	subs	r0, #1
10001d42:	d1fd      	bne.n	10001d40 <clocks_init+0x1e8>
10001d44:	22e0      	movs	r2, #224	; 0xe0
10001d46:	4930      	ldr	r1, [pc, #192]	; (10001e08 <clocks_init+0x2b0>)
10001d48:	680b      	ldr	r3, [r1, #0]
10001d4a:	401a      	ands	r2, r3
10001d4c:	2380      	movs	r3, #128	; 0x80
10001d4e:	015b      	lsls	r3, r3, #5
10001d50:	432b      	orrs	r3, r5
10001d52:	601a      	str	r2, [r3, #0]
10001d54:	2380      	movs	r3, #128	; 0x80
10001d56:	2280      	movs	r2, #128	; 0x80
10001d58:	019b      	lsls	r3, r3, #6
10001d5a:	432b      	orrs	r3, r5
10001d5c:	0112      	lsls	r2, r2, #4
10001d5e:	601a      	str	r2, [r3, #0]
10001d60:	2380      	movs	r3, #128	; 0x80
10001d62:	02db      	lsls	r3, r3, #11
10001d64:	604b      	str	r3, [r1, #4]
10001d66:	4b17      	ldr	r3, [pc, #92]	; (10001dc4 <clocks_init+0x26c>)
10001d68:	6263      	str	r3, [r4, #36]	; 0x24
10001d6a:	4b29      	ldr	r3, [pc, #164]	; (10001e10 <clocks_init+0x2b8>)
10001d6c:	685a      	ldr	r2, [r3, #4]
10001d6e:	2aff      	cmp	r2, #255	; 0xff
10001d70:	d802      	bhi.n	10001d78 <clocks_init+0x220>
10001d72:	2280      	movs	r2, #128	; 0x80
10001d74:	0052      	lsls	r2, r2, #1
10001d76:	605a      	str	r2, [r3, #4]
10001d78:	2280      	movs	r2, #128	; 0x80
10001d7a:	4b26      	ldr	r3, [pc, #152]	; (10001e14 <clocks_init+0x2bc>)
10001d7c:	69a1      	ldr	r1, [r4, #24]
10001d7e:	0112      	lsls	r2, r2, #4
10001d80:	4d23      	ldr	r5, [pc, #140]	; (10001e10 <clocks_init+0x2b8>)
10001d82:	601a      	str	r2, [r3, #0]
10001d84:	2900      	cmp	r1, #0
10001d86:	d005      	beq.n	10001d94 <clocks_init+0x23c>
10001d88:	6960      	ldr	r0, [r4, #20]
10001d8a:	f000 f957 	bl	1000203c <__wrap___aeabi_uidiv>
10001d8e:	3001      	adds	r0, #1
10001d90:	3801      	subs	r0, #1
10001d92:	d1fd      	bne.n	10001d90 <clocks_init+0x238>
10001d94:	22e0      	movs	r2, #224	; 0xe0
10001d96:	491e      	ldr	r1, [pc, #120]	; (10001e10 <clocks_init+0x2b8>)
10001d98:	680b      	ldr	r3, [r1, #0]
10001d9a:	401a      	ands	r2, r3
10001d9c:	2380      	movs	r3, #128	; 0x80
10001d9e:	015b      	lsls	r3, r3, #5
10001da0:	432b      	orrs	r3, r5
10001da2:	601a      	str	r2, [r3, #0]
10001da4:	2380      	movs	r3, #128	; 0x80
10001da6:	2280      	movs	r2, #128	; 0x80
10001da8:	019b      	lsls	r3, r3, #6
10001daa:	432b      	orrs	r3, r5
10001dac:	0112      	lsls	r2, r2, #4
10001dae:	601a      	str	r2, [r3, #0]
10001db0:	2380      	movs	r3, #128	; 0x80
10001db2:	005b      	lsls	r3, r3, #1
10001db4:	604b      	str	r3, [r1, #4]
10001db6:	4b0e      	ldr	r3, [pc, #56]	; (10001df0 <clocks_init+0x298>)
10001db8:	61a3      	str	r3, [r4, #24]
10001dba:	e6e3      	b.n	10001b84 <clocks_init+0x2c>
10001dbc:	20000a3c 	.word	0x20000a3c
10001dc0:	02dc6c00 	.word	0x02dc6c00
10001dc4:	0000b71b 	.word	0x0000b71b
10001dc8:	40008000 	.word	0x40008000
10001dcc:	4000b03c 	.word	0x4000b03c
10001dd0:	4000b030 	.word	0x4000b030
10001dd4:	59682f00 	.word	0x59682f00
10001dd8:	40028000 	.word	0x40028000
10001ddc:	47868c00 	.word	0x47868c00
10001de0:	4002c000 	.word	0x4002c000
10001de4:	40008030 	.word	0x40008030
10001de8:	00b71b00 	.word	0x00b71b00
10001dec:	4000803c 	.word	0x4000803c
10001df0:	07735940 	.word	0x07735940
10001df4:	40008054 	.word	0x40008054
10001df8:	4000b054 	.word	0x4000b054
10001dfc:	40008060 	.word	0x40008060
10001e00:	4000b060 	.word	0x4000b060
10001e04:	0003ffff 	.word	0x0003ffff
10001e08:	4000806c 	.word	0x4000806c
10001e0c:	4000b06c 	.word	0x4000b06c
10001e10:	40008048 	.word	0x40008048
10001e14:	4000b048 	.word	0x4000b048

10001e18 <pll_init>:
10001e18:	b5f8      	push	{r3, r4, r5, r6, r7, lr}
10001e1a:	0004      	movs	r4, r0
10001e1c:	200c      	movs	r0, #12
10001e1e:	001e      	movs	r6, r3
10001e20:	0017      	movs	r7, r2
10001e22:	000d      	movs	r5, r1
10001e24:	f000 f90a 	bl	1000203c <__wrap___aeabi_uidiv>
10001e28:	0142      	lsls	r2, r0, #5
10001e2a:	1a12      	subs	r2, r2, r0
10001e2c:	0191      	lsls	r1, r2, #6
10001e2e:	1a89      	subs	r1, r1, r2
10001e30:	00c9      	lsls	r1, r1, #3
10001e32:	1809      	adds	r1, r1, r0
10001e34:	0189      	lsls	r1, r1, #6
10001e36:	0038      	movs	r0, r7
10001e38:	f000 f900 	bl	1000203c <__wrap___aeabi_uidiv>
10001e3c:	9b06      	ldr	r3, [sp, #24]
10001e3e:	6822      	ldr	r2, [r4, #0]
10001e40:	0436      	lsls	r6, r6, #16
10001e42:	031b      	lsls	r3, r3, #12
10001e44:	4333      	orrs	r3, r6
10001e46:	2a00      	cmp	r2, #0
10001e48:	db21      	blt.n	10001e8e <pll_init+0x76>
10001e4a:	4a19      	ldr	r2, [pc, #100]	; (10001eb0 <pll_init+0x98>)
10001e4c:	4e19      	ldr	r6, [pc, #100]	; (10001eb4 <pll_init+0x9c>)
10001e4e:	18a2      	adds	r2, r4, r2
10001e50:	4251      	negs	r1, r2
10001e52:	414a      	adcs	r2, r1
10001e54:	2180      	movs	r1, #128	; 0x80
10001e56:	0149      	lsls	r1, r1, #5
10001e58:	468c      	mov	ip, r1
10001e5a:	4252      	negs	r2, r2
10001e5c:	400a      	ands	r2, r1
10001e5e:	4916      	ldr	r1, [pc, #88]	; (10001eb8 <pll_init+0xa0>)
10001e60:	4462      	add	r2, ip
10001e62:	600a      	str	r2, [r1, #0]
10001e64:	4915      	ldr	r1, [pc, #84]	; (10001ebc <pll_init+0xa4>)
10001e66:	600a      	str	r2, [r1, #0]
10001e68:	0017      	movs	r7, r2
10001e6a:	68b1      	ldr	r1, [r6, #8]
10001e6c:	438f      	bics	r7, r1
10001e6e:	d1fb      	bne.n	10001e68 <pll_init+0x50>
10001e70:	21c0      	movs	r1, #192	; 0xc0
10001e72:	1d22      	adds	r2, r4, #4
10001e74:	0189      	lsls	r1, r1, #6
10001e76:	4311      	orrs	r1, r2
10001e78:	2221      	movs	r2, #33	; 0x21
10001e7a:	6025      	str	r5, [r4, #0]
10001e7c:	60a0      	str	r0, [r4, #8]
10001e7e:	600a      	str	r2, [r1, #0]
10001e80:	6822      	ldr	r2, [r4, #0]
10001e82:	2a00      	cmp	r2, #0
10001e84:	dafc      	bge.n	10001e80 <pll_init+0x68>
10001e86:	60e3      	str	r3, [r4, #12]
10001e88:	2308      	movs	r3, #8
10001e8a:	600b      	str	r3, [r1, #0]
10001e8c:	bdf8      	pop	{r3, r4, r5, r6, r7, pc}
10001e8e:	223f      	movs	r2, #63	; 0x3f
10001e90:	6821      	ldr	r1, [r4, #0]
10001e92:	400a      	ands	r2, r1
10001e94:	42aa      	cmp	r2, r5
10001e96:	d1d8      	bne.n	10001e4a <pll_init+0x32>
10001e98:	68a2      	ldr	r2, [r4, #8]
10001e9a:	0512      	lsls	r2, r2, #20
10001e9c:	0d12      	lsrs	r2, r2, #20
10001e9e:	4282      	cmp	r2, r0
10001ea0:	d1d3      	bne.n	10001e4a <pll_init+0x32>
10001ea2:	21ee      	movs	r1, #238	; 0xee
10001ea4:	68e2      	ldr	r2, [r4, #12]
10001ea6:	02c9      	lsls	r1, r1, #11
10001ea8:	400a      	ands	r2, r1
10001eaa:	429a      	cmp	r2, r3
10001eac:	d1cd      	bne.n	10001e4a <pll_init+0x32>
10001eae:	e7ed      	b.n	10001e8c <pll_init+0x74>
10001eb0:	bffd4000 	.word	0xbffd4000
10001eb4:	4000c000 	.word	0x4000c000
10001eb8:	4000e000 	.word	0x4000e000
10001ebc:	4000f000 	.word	0x4000f000

10001ec0 <watchdog_start_tick>:
10001ec0:	2380      	movs	r3, #128	; 0x80
10001ec2:	4a02      	ldr	r2, [pc, #8]	; (10001ecc <watchdog_start_tick+0xc>)
10001ec4:	009b      	lsls	r3, r3, #2
10001ec6:	4303      	orrs	r3, r0
10001ec8:	62d3      	str	r3, [r2, #44]	; 0x2c
10001eca:	4770      	bx	lr
10001ecc:	40058000 	.word	0x40058000

10001ed0 <watchdog_reboot>:
10001ed0:	b510      	push	{r4, lr}
10001ed2:	2480      	movs	r4, #128	; 0x80
10001ed4:	4b1b      	ldr	r3, [pc, #108]	; (10001f44 <watchdog_reboot+0x74>)
10001ed6:	05e4      	lsls	r4, r4, #23
10001ed8:	601c      	str	r4, [r3, #0]
10001eda:	2800      	cmp	r0, #0
10001edc:	d02b      	beq.n	10001f36 <watchdog_reboot+0x66>
10001ede:	2301      	movs	r3, #1
10001ee0:	4c19      	ldr	r4, [pc, #100]	; (10001f48 <watchdog_reboot+0x78>)
10001ee2:	4318      	orrs	r0, r3
10001ee4:	4b19      	ldr	r3, [pc, #100]	; (10001f4c <watchdog_reboot+0x7c>)
10001ee6:	61dc      	str	r4, [r3, #28]
10001ee8:	4c19      	ldr	r4, [pc, #100]	; (10001f50 <watchdog_reboot+0x80>)
10001eea:	4044      	eors	r4, r0
10001eec:	621c      	str	r4, [r3, #32]
10001eee:	6259      	str	r1, [r3, #36]	; 0x24
10001ef0:	6298      	str	r0, [r3, #40]	; 0x28
10001ef2:	2180      	movs	r1, #128	; 0x80
10001ef4:	4b13      	ldr	r3, [pc, #76]	; (10001f44 <watchdog_reboot+0x74>)
10001ef6:	05c9      	lsls	r1, r1, #23
10001ef8:	6019      	str	r1, [r3, #0]
10001efa:	4816      	ldr	r0, [pc, #88]	; (10001f54 <watchdog_reboot+0x84>)
10001efc:	4916      	ldr	r1, [pc, #88]	; (10001f58 <watchdog_reboot+0x88>)
10001efe:	6008      	str	r0, [r1, #0]
10001f00:	21e0      	movs	r1, #224	; 0xe0
10001f02:	04c9      	lsls	r1, r1, #19
10001f04:	6019      	str	r1, [r3, #0]
10001f06:	2a00      	cmp	r2, #0
10001f08:	d104      	bne.n	10001f14 <watchdog_reboot+0x44>
10001f0a:	2280      	movs	r2, #128	; 0x80
10001f0c:	4b13      	ldr	r3, [pc, #76]	; (10001f5c <watchdog_reboot+0x8c>)
10001f0e:	0612      	lsls	r2, r2, #24
10001f10:	601a      	str	r2, [r3, #0]
10001f12:	bd10      	pop	{r4, pc}
10001f14:	0153      	lsls	r3, r2, #5
10001f16:	1a9b      	subs	r3, r3, r2
10001f18:	009b      	lsls	r3, r3, #2
10001f1a:	189a      	adds	r2, r3, r2
10001f1c:	4b10      	ldr	r3, [pc, #64]	; (10001f60 <watchdog_reboot+0x90>)
10001f1e:	0112      	lsls	r2, r2, #4
10001f20:	429a      	cmp	r2, r3
10001f22:	d80b      	bhi.n	10001f3c <watchdog_reboot+0x6c>
10001f24:	4b0f      	ldr	r3, [pc, #60]	; (10001f64 <watchdog_reboot+0x94>)
10001f26:	601a      	str	r2, [r3, #0]
10001f28:	4b08      	ldr	r3, [pc, #32]	; (10001f4c <watchdog_reboot+0x7c>)
10001f2a:	605a      	str	r2, [r3, #4]
10001f2c:	2280      	movs	r2, #128	; 0x80
10001f2e:	4b0b      	ldr	r3, [pc, #44]	; (10001f5c <watchdog_reboot+0x8c>)
10001f30:	05d2      	lsls	r2, r2, #23
10001f32:	601a      	str	r2, [r3, #0]
10001f34:	e7ed      	b.n	10001f12 <watchdog_reboot+0x42>
10001f36:	4b05      	ldr	r3, [pc, #20]	; (10001f4c <watchdog_reboot+0x7c>)
10001f38:	61d8      	str	r0, [r3, #28]
10001f3a:	e7da      	b.n	10001ef2 <watchdog_reboot+0x22>
10001f3c:	4a09      	ldr	r2, [pc, #36]	; (10001f64 <watchdog_reboot+0x94>)
10001f3e:	6013      	str	r3, [r2, #0]
10001f40:	001a      	movs	r2, r3
10001f42:	e7f1      	b.n	10001f28 <watchdog_reboot+0x58>
10001f44:	4005b000 	.word	0x4005b000
10001f48:	b007c0d3 	.word	0xb007c0d3
10001f4c:	40058000 	.word	0x40058000
10001f50:	4ff83f2d 	.word	0x4ff83f2d
10001f54:	0001fffc 	.word	0x0001fffc
10001f58:	40012008 	.word	0x40012008
10001f5c:	4005a000 	.word	0x4005a000
10001f60:	00ffffff 	.word	0x00ffffff
10001f64:	20000ed8 	.word	0x20000ed8

10001f68 <xosc_init>:
10001f68:	23aa      	movs	r3, #170	; 0xaa
10001f6a:	4a06      	ldr	r2, [pc, #24]	; (10001f84 <xosc_init+0x1c>)
10001f6c:	011b      	lsls	r3, r3, #4
10001f6e:	6013      	str	r3, [r2, #0]
10001f70:	232f      	movs	r3, #47	; 0x2f
10001f72:	4905      	ldr	r1, [pc, #20]	; (10001f88 <xosc_init+0x20>)
10001f74:	60d3      	str	r3, [r2, #12]
10001f76:	4b05      	ldr	r3, [pc, #20]	; (10001f8c <xosc_init+0x24>)
10001f78:	6019      	str	r1, [r3, #0]
10001f7a:	6853      	ldr	r3, [r2, #4]
10001f7c:	2b00      	cmp	r3, #0
10001f7e:	dafc      	bge.n	10001f7a <xosc_init+0x12>
10001f80:	4770      	bx	lr
10001f82:	46c0      	nop			; (mov r8, r8)
10001f84:	40024000 	.word	0x40024000
10001f88:	00fab000 	.word	0x00fab000
10001f8c:	40026000 	.word	0x40026000

10001f90 <_out_char>:
10001f90:	b510      	push	{r4, lr}
10001f92:	2800      	cmp	r0, #0
10001f94:	d100      	bne.n	10001f98 <_out_char+0x8>
10001f96:	bd10      	pop	{r4, pc}
10001f98:	f000 fa3c 	bl	10002414 <__wrap_putchar>
10001f9c:	e7fb      	b.n	10001f96 <_out_char+0x6>
10001f9e:	46c0      	nop			; (mov r8, r8)

10001fa0 <weak_raw_vprintf>:
10001fa0:	b510      	push	{r4, lr}
10001fa2:	4a09      	ldr	r2, [pc, #36]	; (10001fc8 <weak_raw_vprintf+0x28>)
10001fa4:	b084      	sub	sp, #16
10001fa6:	6814      	ldr	r4, [r2, #0]
10001fa8:	2c00      	cmp	r4, #0
10001faa:	d009      	beq.n	10001fc0 <weak_raw_vprintf+0x20>
10001fac:	2201      	movs	r2, #1
10001fae:	9100      	str	r1, [sp, #0]
10001fb0:	0003      	movs	r3, r0
10001fb2:	4252      	negs	r2, r2
10001fb4:	a903      	add	r1, sp, #12
10001fb6:	4805      	ldr	r0, [pc, #20]	; (10001fcc <weak_raw_vprintf+0x2c>)
10001fb8:	47a0      	blx	r4
10001fba:	2001      	movs	r0, #1
10001fbc:	b004      	add	sp, #16
10001fbe:	bd10      	pop	{r4, pc}
10001fc0:	f000 fa7a 	bl	100024b8 <__wrap_puts>
10001fc4:	2000      	movs	r0, #0
10001fc6:	e7f9      	b.n	10001fbc <weak_raw_vprintf+0x1c>
10001fc8:	20000ed4 	.word	0x20000ed4
10001fcc:	10001f91 	.word	0x10001f91

10001fd0 <__aeabi_bits_init>:
10001fd0:	4801      	ldr	r0, [pc, #4]	; (10001fd8 <__aeabi_bits_init+0x8>)
10001fd2:	2104      	movs	r1, #4
10001fd4:	4b01      	ldr	r3, [pc, #4]	; (10001fdc <__aeabi_bits_init+0xc>)
10001fd6:	4718      	bx	r3
10001fd8:	200003f0 	.word	0x200003f0
10001fdc:	10002001 	.word	0x10002001

10001fe0 <rom_func_lookup>:
10001fe0:	2314      	movs	r3, #20
10001fe2:	b510      	push	{r4, lr}
10001fe4:	0001      	movs	r1, r0
10001fe6:	8818      	ldrh	r0, [r3, #0]
10001fe8:	3304      	adds	r3, #4
10001fea:	881b      	ldrh	r3, [r3, #0]
10001fec:	4798      	blx	r3
10001fee:	bd10      	pop	{r4, pc}

10001ff0 <rom_data_lookup>:
10001ff0:	2316      	movs	r3, #22
10001ff2:	b510      	push	{r4, lr}
10001ff4:	0001      	movs	r1, r0
10001ff6:	8818      	ldrh	r0, [r3, #0]
10001ff8:	3302      	adds	r3, #2
10001ffa:	881b      	ldrh	r3, [r3, #0]
10001ffc:	4798      	blx	r3
10001ffe:	bd10      	pop	{r4, pc}

10002000 <rom_funcs_lookup>:
10002000:	b5f0      	push	{r4, r5, r6, r7, lr}
10002002:	46c6      	mov	lr, r8
10002004:	b500      	push	{lr}
10002006:	2900      	cmp	r1, #0
10002008:	d016      	beq.n	10002038 <rom_funcs_lookup+0x38>
1000200a:	2314      	movs	r3, #20
1000200c:	0004      	movs	r4, r0
1000200e:	2501      	movs	r5, #1
10002010:	4698      	mov	r8, r3
10002012:	2718      	movs	r7, #24
10002014:	0089      	lsls	r1, r1, #2
10002016:	1846      	adds	r6, r0, r1
10002018:	4643      	mov	r3, r8
1000201a:	6821      	ldr	r1, [r4, #0]
1000201c:	8818      	ldrh	r0, [r3, #0]
1000201e:	883b      	ldrh	r3, [r7, #0]
10002020:	4798      	blx	r3
10002022:	c401      	stmia	r4!, {r0}
10002024:	1e43      	subs	r3, r0, #1
10002026:	4198      	sbcs	r0, r3
10002028:	4240      	negs	r0, r0
1000202a:	4005      	ands	r5, r0
1000202c:	42a6      	cmp	r6, r4
1000202e:	d1f3      	bne.n	10002018 <rom_funcs_lookup+0x18>
10002030:	0028      	movs	r0, r5
10002032:	bc04      	pop	{r2}
10002034:	4690      	mov	r8, r2
10002036:	bdf0      	pop	{r4, r5, r6, r7, pc}
10002038:	2501      	movs	r5, #1
1000203a:	e7f9      	b.n	10002030 <rom_funcs_lookup+0x30>

1000203c <__wrap___aeabi_uidiv>:
1000203c:	4a11      	ldr	r2, [pc, #68]	; (10002084 <divmod_u32u32_savestate+0x18>)
1000203e:	6f93      	ldr	r3, [r2, #120]	; 0x78
10002040:	089b      	lsrs	r3, r3, #2
10002042:	d213      	bcs.n	1000206c <divmod_u32u32_savestate>

10002044 <divmod_u32u32_unsafe>:
10002044:	6610      	str	r0, [r2, #96]	; 0x60
10002046:	6651      	str	r1, [r2, #100]	; 0x64
10002048:	2900      	cmp	r1, #0
1000204a:	d005      	beq.n	10002058 <divmod_u32u32_unsafe+0x14>
1000204c:	e7ff      	b.n	1000204e <divmod_u32u32_unsafe+0xa>
1000204e:	e7ff      	b.n	10002050 <divmod_u32u32_unsafe+0xc>
10002050:	e7ff      	b.n	10002052 <divmod_u32u32_unsafe+0xe>
10002052:	6f51      	ldr	r1, [r2, #116]	; 0x74
10002054:	6f10      	ldr	r0, [r2, #112]	; 0x70
10002056:	4770      	bx	lr
10002058:	b504      	push	{r2, lr}
1000205a:	2800      	cmp	r0, #0
1000205c:	d001      	beq.n	10002062 <divmod_u32u32_unsafe+0x1e>
1000205e:	2000      	movs	r0, #0
10002060:	43c0      	mvns	r0, r0
10002062:	f002 ffc9 	bl	10004ff8 <____aeabi_idiv0_veneer>
10002066:	2100      	movs	r1, #0
10002068:	bd04      	pop	{r2, pc}
1000206a:	46c0      	nop			; (mov r8, r8)

1000206c <divmod_u32u32_savestate>:
1000206c:	b5f0      	push	{r4, r5, r6, r7, lr}
1000206e:	6e14      	ldr	r4, [r2, #96]	; 0x60
10002070:	6e55      	ldr	r5, [r2, #100]	; 0x64
10002072:	6f57      	ldr	r7, [r2, #116]	; 0x74
10002074:	6f16      	ldr	r6, [r2, #112]	; 0x70
10002076:	f7ff ffe5 	bl	10002044 <divmod_u32u32_unsafe>
1000207a:	6614      	str	r4, [r2, #96]	; 0x60
1000207c:	6655      	str	r5, [r2, #100]	; 0x64
1000207e:	6757      	str	r7, [r2, #116]	; 0x74
10002080:	6716      	str	r6, [r2, #112]	; 0x70
10002082:	bdf0      	pop	{r4, r5, r6, r7, pc}
10002084:	d0000000 	.word	0xd0000000

10002088 <__aeabi_double_init>:
10002088:	2313      	movs	r3, #19
1000208a:	b570      	push	{r4, r5, r6, lr}
1000208c:	781d      	ldrb	r5, [r3, #0]
1000208e:	2d01      	cmp	r5, #1
10002090:	d015      	beq.n	100020be <__aeabi_double_init+0x36>
10002092:	dd10      	ble.n	100020b6 <__aeabi_double_init+0x2e>
10002094:	4826      	ldr	r0, [pc, #152]	; (10002130 <__aeabi_double_init+0xa8>)
10002096:	f7ff ffab 	bl	10001ff0 <rom_data_lookup>
1000209a:	4c26      	ldr	r4, [pc, #152]	; (10002134 <__aeabi_double_init+0xac>)
1000209c:	0001      	movs	r1, r0
1000209e:	2280      	movs	r2, #128	; 0x80
100020a0:	0020      	movs	r0, r4
100020a2:	f000 f8d7 	bl	10002254 <__wrap___aeabi_memcpy>
100020a6:	2d02      	cmp	r5, #2
100020a8:	d006      	beq.n	100020b8 <__aeabi_double_init+0x30>
100020aa:	4823      	ldr	r0, [pc, #140]	; (10002138 <__aeabi_double_init+0xb0>)
100020ac:	f7ff ff98 	bl	10001fe0 <rom_func_lookup>
100020b0:	4b22      	ldr	r3, [pc, #136]	; (1000213c <__aeabi_double_init+0xb4>)
100020b2:	6018      	str	r0, [r3, #0]
100020b4:	bd70      	pop	{r4, r5, r6, pc}
100020b6:	4c1f      	ldr	r4, [pc, #124]	; (10002134 <__aeabi_double_init+0xac>)
100020b8:	4a21      	ldr	r2, [pc, #132]	; (10002140 <__aeabi_double_init+0xb8>)
100020ba:	64a2      	str	r2, [r4, #72]	; 0x48
100020bc:	e7f5      	b.n	100020aa <__aeabi_double_init+0x22>
100020be:	4c1d      	ldr	r4, [pc, #116]	; (10002134 <__aeabi_double_init+0xac>)
100020c0:	4a1f      	ldr	r2, [pc, #124]	; (10002140 <__aeabi_double_init+0xb8>)
100020c2:	08a3      	lsrs	r3, r4, #2
100020c4:	425b      	negs	r3, r3
100020c6:	401d      	ands	r5, r3
100020c8:	d02f      	beq.n	1000212a <__aeabi_double_init+0xa2>
100020ca:	002b      	movs	r3, r5
100020cc:	6022      	str	r2, [r4, #0]
100020ce:	2020      	movs	r0, #32
100020d0:	00a9      	lsls	r1, r5, #2
100020d2:	1861      	adds	r1, r4, r1
100020d4:	1b45      	subs	r5, r0, r5
100020d6:	600a      	str	r2, [r1, #0]
100020d8:	604a      	str	r2, [r1, #4]
100020da:	608a      	str	r2, [r1, #8]
100020dc:	60ca      	str	r2, [r1, #12]
100020de:	610a      	str	r2, [r1, #16]
100020e0:	614a      	str	r2, [r1, #20]
100020e2:	618a      	str	r2, [r1, #24]
100020e4:	61ca      	str	r2, [r1, #28]
100020e6:	620a      	str	r2, [r1, #32]
100020e8:	624a      	str	r2, [r1, #36]	; 0x24
100020ea:	628a      	str	r2, [r1, #40]	; 0x28
100020ec:	62ca      	str	r2, [r1, #44]	; 0x2c
100020ee:	630a      	str	r2, [r1, #48]	; 0x30
100020f0:	634a      	str	r2, [r1, #52]	; 0x34
100020f2:	638a      	str	r2, [r1, #56]	; 0x38
100020f4:	63ca      	str	r2, [r1, #60]	; 0x3c
100020f6:	640a      	str	r2, [r1, #64]	; 0x40
100020f8:	644a      	str	r2, [r1, #68]	; 0x44
100020fa:	648a      	str	r2, [r1, #72]	; 0x48
100020fc:	64ca      	str	r2, [r1, #76]	; 0x4c
100020fe:	650a      	str	r2, [r1, #80]	; 0x50
10002100:	654a      	str	r2, [r1, #84]	; 0x54
10002102:	658a      	str	r2, [r1, #88]	; 0x58
10002104:	65ca      	str	r2, [r1, #92]	; 0x5c
10002106:	660a      	str	r2, [r1, #96]	; 0x60
10002108:	664a      	str	r2, [r1, #100]	; 0x64
1000210a:	668a      	str	r2, [r1, #104]	; 0x68
1000210c:	66ca      	str	r2, [r1, #108]	; 0x6c
1000210e:	670a      	str	r2, [r1, #112]	; 0x70
10002110:	674a      	str	r2, [r1, #116]	; 0x74
10002112:	086d      	lsrs	r5, r5, #1
10002114:	2d10      	cmp	r5, #16
10002116:	d103      	bne.n	10002120 <__aeabi_double_init+0x98>
10002118:	678a      	str	r2, [r1, #120]	; 0x78
1000211a:	67ca      	str	r2, [r1, #124]	; 0x7c
1000211c:	64a2      	str	r2, [r4, #72]	; 0x48
1000211e:	e7c4      	b.n	100020aa <__aeabi_double_init+0x22>
10002120:	331e      	adds	r3, #30
10002122:	009b      	lsls	r3, r3, #2
10002124:	50e2      	str	r2, [r4, r3]
10002126:	64a2      	str	r2, [r4, #72]	; 0x48
10002128:	e7bf      	b.n	100020aa <__aeabi_double_init+0x22>
1000212a:	2300      	movs	r3, #0
1000212c:	e7cf      	b.n	100020ce <__aeabi_double_init+0x46>
1000212e:	46c0      	nop			; (mov r8, r8)
10002130:	00004453 	.word	0x00004453
10002134:	20000f38 	.word	0x20000f38
10002138:	0000334c 	.word	0x0000334c
1000213c:	20000ef8 	.word	0x20000ef8
10002140:	10002145 	.word	0x10002145

10002144 <double_table_shim_on_use_helper>:
10002144:	b507      	push	{r0, r1, r2, lr}
10002146:	4660      	mov	r0, ip
10002148:	8801      	ldrh	r1, [r0, #0]
1000214a:	0a0a      	lsrs	r2, r1, #8
1000214c:	3002      	adds	r0, #2
1000214e:	2adf      	cmp	r2, #223	; 0xdf
10002150:	d1fa      	bne.n	10002148 <double_table_shim_on_use_helper+0x4>
10002152:	b2c9      	uxtb	r1, r1
10002154:	0882      	lsrs	r2, r0, #2
10002156:	d304      	bcc.n	10002162 <double_table_shim_on_use_helper+0x1e>
10002158:	8802      	ldrh	r2, [r0, #0]
1000215a:	8840      	ldrh	r0, [r0, #2]
1000215c:	0400      	lsls	r0, r0, #16
1000215e:	4310      	orrs	r0, r2
10002160:	e000      	b.n	10002164 <double_table_shim_on_use_helper+0x20>
10002162:	6800      	ldr	r0, [r0, #0]
10002164:	4a01      	ldr	r2, [pc, #4]	; (1000216c <double_table_shim_on_use_helper+0x28>)
10002166:	5050      	str	r0, [r2, r1]
10002168:	9003      	str	r0, [sp, #12]
1000216a:	bd07      	pop	{r0, r1, r2, pc}
1000216c:	20000f38 	.word	0x20000f38

10002170 <__wrap___aeabi_lmul>:
10002170:	4351      	muls	r1, r2
10002172:	4343      	muls	r3, r0
10002174:	18c9      	adds	r1, r1, r3
10002176:	468c      	mov	ip, r1
10002178:	0c11      	lsrs	r1, r2, #16
1000217a:	b283      	uxth	r3, r0
1000217c:	434b      	muls	r3, r1
1000217e:	b410      	push	{r4}
10002180:	0c04      	lsrs	r4, r0, #16
10002182:	4361      	muls	r1, r4
10002184:	b292      	uxth	r2, r2
10002186:	b280      	uxth	r0, r0
10002188:	4350      	muls	r0, r2
1000218a:	4362      	muls	r2, r4
1000218c:	041c      	lsls	r4, r3, #16
1000218e:	0c1b      	lsrs	r3, r3, #16
10002190:	1900      	adds	r0, r0, r4
10002192:	bc10      	pop	{r4}
10002194:	4159      	adcs	r1, r3
10002196:	0413      	lsls	r3, r2, #16
10002198:	0c12      	lsrs	r2, r2, #16
1000219a:	18c0      	adds	r0, r0, r3
1000219c:	4151      	adcs	r1, r2
1000219e:	4461      	add	r1, ip
100021a0:	4770      	bx	lr
	...

100021a4 <__aeabi_float_init>:
100021a4:	2313      	movs	r3, #19
100021a6:	b510      	push	{r4, lr}
100021a8:	781c      	ldrb	r4, [r3, #0]
100021aa:	4813      	ldr	r0, [pc, #76]	; (100021f8 <__aeabi_float_init+0x54>)
100021ac:	f7ff ff20 	bl	10001ff0 <rom_data_lookup>
100021b0:	2c01      	cmp	r4, #1
100021b2:	d00b      	beq.n	100021cc <__aeabi_float_init+0x28>
100021b4:	dd04      	ble.n	100021c0 <__aeabi_float_init+0x1c>
100021b6:	0001      	movs	r1, r0
100021b8:	2280      	movs	r2, #128	; 0x80
100021ba:	4810      	ldr	r0, [pc, #64]	; (100021fc <__aeabi_float_init+0x58>)
100021bc:	f000 f84a 	bl	10002254 <__wrap___aeabi_memcpy>
100021c0:	480f      	ldr	r0, [pc, #60]	; (10002200 <__aeabi_float_init+0x5c>)
100021c2:	f7ff ff0d 	bl	10001fe0 <rom_func_lookup>
100021c6:	4b0f      	ldr	r3, [pc, #60]	; (10002204 <__aeabi_float_init+0x60>)
100021c8:	6018      	str	r0, [r3, #0]
100021ca:	bd10      	pop	{r4, pc}
100021cc:	4c0b      	ldr	r4, [pc, #44]	; (100021fc <__aeabi_float_init+0x58>)
100021ce:	0001      	movs	r1, r0
100021d0:	2254      	movs	r2, #84	; 0x54
100021d2:	0020      	movs	r0, r4
100021d4:	f000 f83e 	bl	10002254 <__wrap___aeabi_memcpy>
100021d8:	4b0b      	ldr	r3, [pc, #44]	; (10002208 <__aeabi_float_init+0x64>)
100021da:	6563      	str	r3, [r4, #84]	; 0x54
100021dc:	65a3      	str	r3, [r4, #88]	; 0x58
100021de:	65e3      	str	r3, [r4, #92]	; 0x5c
100021e0:	6623      	str	r3, [r4, #96]	; 0x60
100021e2:	6663      	str	r3, [r4, #100]	; 0x64
100021e4:	66a3      	str	r3, [r4, #104]	; 0x68
100021e6:	66e3      	str	r3, [r4, #108]	; 0x6c
100021e8:	6723      	str	r3, [r4, #112]	; 0x70
100021ea:	6763      	str	r3, [r4, #116]	; 0x74
100021ec:	67a3      	str	r3, [r4, #120]	; 0x78
100021ee:	67e3      	str	r3, [r4, #124]	; 0x7c
100021f0:	6223      	str	r3, [r4, #32]
100021f2:	61e3      	str	r3, [r4, #28]
100021f4:	e7e4      	b.n	100021c0 <__aeabi_float_init+0x1c>
100021f6:	46c0      	nop			; (mov r8, r8)
100021f8:	00004653 	.word	0x00004653
100021fc:	20001038 	.word	0x20001038
10002200:	0000334c 	.word	0x0000334c
10002204:	20000ef8 	.word	0x20000ef8
10002208:	1000220d 	.word	0x1000220d

1000220c <float_table_shim_on_use_helper>:
1000220c:	b507      	push	{r0, r1, r2, lr}
1000220e:	4660      	mov	r0, ip
10002210:	8801      	ldrh	r1, [r0, #0]
10002212:	0a0a      	lsrs	r2, r1, #8
10002214:	3002      	adds	r0, #2
10002216:	2adf      	cmp	r2, #223	; 0xdf
10002218:	d1fa      	bne.n	10002210 <float_table_shim_on_use_helper+0x4>
1000221a:	b2c9      	uxtb	r1, r1
1000221c:	0882      	lsrs	r2, r0, #2
1000221e:	d304      	bcc.n	1000222a <float_table_shim_on_use_helper+0x1e>
10002220:	8802      	ldrh	r2, [r0, #0]
10002222:	8840      	ldrh	r0, [r0, #2]
10002224:	0400      	lsls	r0, r0, #16
10002226:	4310      	orrs	r0, r2
10002228:	e000      	b.n	1000222c <float_table_shim_on_use_helper+0x20>
1000222a:	6800      	ldr	r0, [r0, #0]
1000222c:	4a01      	ldr	r2, [pc, #4]	; (10002234 <float_table_shim_on_use_helper+0x28>)
1000222e:	5050      	str	r0, [r2, r1]
10002230:	9003      	str	r0, [sp, #12]
10002232:	bd07      	pop	{r0, r1, r2, pc}
10002234:	20001038 	.word	0x20001038

10002238 <__aeabi_mem_init>:
10002238:	4801      	ldr	r0, [pc, #4]	; (10002240 <__aeabi_mem_init+0x8>)
1000223a:	2104      	movs	r1, #4
1000223c:	4b01      	ldr	r3, [pc, #4]	; (10002244 <__aeabi_mem_init+0xc>)
1000223e:	4718      	bx	r3
10002240:	20000400 	.word	0x20000400
10002244:	10002001 	.word	0x10002001

10002248 <__wrap_memset>:
10002248:	4b01      	ldr	r3, [pc, #4]	; (10002250 <__wrap_memset+0x8>)
1000224a:	681b      	ldr	r3, [r3, #0]
1000224c:	4718      	bx	r3
1000224e:	0000      	.short	0x0000
10002250:	20000400 	.word	0x20000400

10002254 <__wrap___aeabi_memcpy>:
10002254:	4b01      	ldr	r3, [pc, #4]	; (1000225c <__wrap___aeabi_memcpy+0x8>)
10002256:	685b      	ldr	r3, [r3, #4]
10002258:	4718      	bx	r3
1000225a:	0000      	.short	0x0000
1000225c:	20000400 	.word	0x20000400

10002260 <stdio_out_chars_no_crlf>:
10002260:	0003      	movs	r3, r0
10002262:	b510      	push	{r4, lr}
10002264:	0008      	movs	r0, r1
10002266:	681b      	ldr	r3, [r3, #0]
10002268:	0011      	movs	r1, r2
1000226a:	4798      	blx	r3
1000226c:	bd10      	pop	{r4, pc}
1000226e:	46c0      	nop			; (mov r8, r8)

10002270 <stdio_out_chars_crlf>:
10002270:	b5f8      	push	{r3, r4, r5, r6, r7, lr}
10002272:	4647      	mov	r7, r8
10002274:	46ce      	mov	lr, r9
10002276:	b580      	push	{r7, lr}
10002278:	7c43      	ldrb	r3, [r0, #17]
1000227a:	4680      	mov	r8, r0
1000227c:	000c      	movs	r4, r1
1000227e:	0015      	movs	r5, r2
10002280:	2b00      	cmp	r3, #0
10002282:	d043      	beq.n	1000230c <stdio_out_chars_crlf+0x9c>
10002284:	2a00      	cmp	r2, #0
10002286:	dd34      	ble.n	100022f2 <stdio_out_chars_crlf+0x82>
10002288:	780a      	ldrb	r2, [r1, #0]
1000228a:	7c03      	ldrb	r3, [r0, #16]
1000228c:	2000      	movs	r0, #0
1000228e:	2a0a      	cmp	r2, #10
10002290:	d033      	beq.n	100022fa <stdio_out_chars_crlf+0x8a>
10002292:	2d01      	cmp	r5, #1
10002294:	d01e      	beq.n	100022d4 <stdio_out_chars_crlf+0x64>
10002296:	4b20      	ldr	r3, [pc, #128]	; (10002318 <stdio_out_chars_crlf+0xa8>)
10002298:	2101      	movs	r1, #1
1000229a:	1e67      	subs	r7, r4, #1
1000229c:	4699      	mov	r9, r3
1000229e:	e002      	b.n	100022a6 <stdio_out_chars_crlf+0x36>
100022a0:	0031      	movs	r1, r6
100022a2:	42b5      	cmp	r5, r6
100022a4:	d016      	beq.n	100022d4 <stdio_out_chars_crlf+0x64>
100022a6:	5c63      	ldrb	r3, [r4, r1]
100022a8:	5c7a      	ldrb	r2, [r7, r1]
100022aa:	1c4e      	adds	r6, r1, #1
100022ac:	2b0a      	cmp	r3, #10
100022ae:	d1f7      	bne.n	100022a0 <stdio_out_chars_crlf+0x30>
100022b0:	2a0d      	cmp	r2, #13
100022b2:	d0f5      	beq.n	100022a0 <stdio_out_chars_crlf+0x30>
100022b4:	4643      	mov	r3, r8
100022b6:	681b      	ldr	r3, [r3, #0]
100022b8:	4288      	cmp	r0, r1
100022ba:	da04      	bge.n	100022c6 <stdio_out_chars_crlf+0x56>
100022bc:	1a09      	subs	r1, r1, r0
100022be:	1820      	adds	r0, r4, r0
100022c0:	4798      	blx	r3
100022c2:	4643      	mov	r3, r8
100022c4:	681b      	ldr	r3, [r3, #0]
100022c6:	2102      	movs	r1, #2
100022c8:	4648      	mov	r0, r9
100022ca:	4798      	blx	r3
100022cc:	0030      	movs	r0, r6
100022ce:	0031      	movs	r1, r6
100022d0:	42b5      	cmp	r5, r6
100022d2:	d1e8      	bne.n	100022a6 <stdio_out_chars_crlf+0x36>
100022d4:	4285      	cmp	r5, r0
100022d6:	dd04      	ble.n	100022e2 <stdio_out_chars_crlf+0x72>
100022d8:	4643      	mov	r3, r8
100022da:	1a29      	subs	r1, r5, r0
100022dc:	681b      	ldr	r3, [r3, #0]
100022de:	1820      	adds	r0, r4, r0
100022e0:	4798      	blx	r3
100022e2:	1964      	adds	r4, r4, r5
100022e4:	3c01      	subs	r4, #1
100022e6:	7823      	ldrb	r3, [r4, #0]
100022e8:	3b0d      	subs	r3, #13
100022ea:	425a      	negs	r2, r3
100022ec:	4153      	adcs	r3, r2
100022ee:	4642      	mov	r2, r8
100022f0:	7413      	strb	r3, [r2, #16]
100022f2:	bc0c      	pop	{r2, r3}
100022f4:	4690      	mov	r8, r2
100022f6:	4699      	mov	r9, r3
100022f8:	bdf8      	pop	{r3, r4, r5, r6, r7, pc}
100022fa:	2b00      	cmp	r3, #0
100022fc:	d1c9      	bne.n	10002292 <stdio_out_chars_crlf+0x22>
100022fe:	4643      	mov	r3, r8
10002300:	4805      	ldr	r0, [pc, #20]	; (10002318 <stdio_out_chars_crlf+0xa8>)
10002302:	2102      	movs	r1, #2
10002304:	681b      	ldr	r3, [r3, #0]
10002306:	4798      	blx	r3
10002308:	2001      	movs	r0, #1
1000230a:	e7c2      	b.n	10002292 <stdio_out_chars_crlf+0x22>
1000230c:	6803      	ldr	r3, [r0, #0]
1000230e:	0011      	movs	r1, r2
10002310:	0020      	movs	r0, r4
10002312:	4798      	blx	r3
10002314:	e7ed      	b.n	100022f2 <stdio_out_chars_crlf+0x82>
10002316:	46c0      	nop			; (mov r8, r8)
10002318:	10005118 	.word	0x10005118

1000231c <stdio_put_string>:
1000231c:	b5f0      	push	{r4, r5, r6, r7, lr}
1000231e:	46de      	mov	lr, fp
10002320:	4657      	mov	r7, sl
10002322:	464e      	mov	r6, r9
10002324:	4645      	mov	r5, r8
10002326:	b5e0      	push	{r5, r6, r7, lr}
10002328:	001e      	movs	r6, r3
1000232a:	23d0      	movs	r3, #208	; 0xd0
1000232c:	061b      	lsls	r3, r3, #24
1000232e:	b083      	sub	sp, #12
10002330:	681c      	ldr	r4, [r3, #0]
10002332:	4b33      	ldr	r3, [pc, #204]	; (10002400 <stdio_put_string+0xe4>)
10002334:	af01      	add	r7, sp, #4
10002336:	4680      	mov	r8, r0
10002338:	000d      	movs	r5, r1
1000233a:	0018      	movs	r0, r3
1000233c:	0039      	movs	r1, r7
1000233e:	4691      	mov	r9, r2
10002340:	469b      	mov	fp, r3
10002342:	f002 fe61 	bl	10005008 <__mutex_try_enter_veneer>
10002346:	4682      	mov	sl, r0
10002348:	2800      	cmp	r0, #0
1000234a:	d108      	bne.n	1000235e <stdio_put_string+0x42>
1000234c:	9b01      	ldr	r3, [sp, #4]
1000234e:	b264      	sxtb	r4, r4
10002350:	429c      	cmp	r4, r3
10002352:	d004      	beq.n	1000235e <stdio_put_string+0x42>
10002354:	4658      	mov	r0, fp
10002356:	f002 fe67 	bl	10005028 <__mutex_enter_blocking_veneer>
1000235a:	2301      	movs	r3, #1
1000235c:	469a      	mov	sl, r3
1000235e:	1c6b      	adds	r3, r5, #1
10002360:	d103      	bne.n	1000236a <stdio_put_string+0x4e>
10002362:	4640      	mov	r0, r8
10002364:	f002 fe00 	bl	10004f68 <strlen>
10002368:	0005      	movs	r5, r0
1000236a:	2e00      	cmp	r6, #0
1000236c:	d128      	bne.n	100023c0 <stdio_put_string+0xa4>
1000236e:	4e25      	ldr	r6, [pc, #148]	; (10002404 <stdio_put_string+0xe8>)
10002370:	4b25      	ldr	r3, [pc, #148]	; (10002408 <stdio_put_string+0xec>)
10002372:	681c      	ldr	r4, [r3, #0]
10002374:	2c00      	cmp	r4, #0
10002376:	d016      	beq.n	100023a6 <stdio_put_string+0x8a>
10002378:	464b      	mov	r3, r9
1000237a:	2b00      	cmp	r3, #0
1000237c:	d122      	bne.n	100023c4 <stdio_put_string+0xa8>
1000237e:	4f23      	ldr	r7, [pc, #140]	; (1000240c <stdio_put_string+0xf0>)
10002380:	e002      	b.n	10002388 <stdio_put_string+0x6c>
10002382:	68e4      	ldr	r4, [r4, #12]
10002384:	2c00      	cmp	r4, #0
10002386:	d00e      	beq.n	100023a6 <stdio_put_string+0x8a>
10002388:	6823      	ldr	r3, [r4, #0]
1000238a:	2b00      	cmp	r3, #0
1000238c:	d0f9      	beq.n	10002382 <stdio_put_string+0x66>
1000238e:	683b      	ldr	r3, [r7, #0]
10002390:	2b00      	cmp	r3, #0
10002392:	d001      	beq.n	10002398 <stdio_put_string+0x7c>
10002394:	42a3      	cmp	r3, r4
10002396:	d1f4      	bne.n	10002382 <stdio_put_string+0x66>
10002398:	0020      	movs	r0, r4
1000239a:	002a      	movs	r2, r5
1000239c:	4641      	mov	r1, r8
1000239e:	47b0      	blx	r6
100023a0:	68e4      	ldr	r4, [r4, #12]
100023a2:	2c00      	cmp	r4, #0
100023a4:	d1f0      	bne.n	10002388 <stdio_put_string+0x6c>
100023a6:	4653      	mov	r3, sl
100023a8:	2b00      	cmp	r3, #0
100023aa:	d125      	bne.n	100023f8 <stdio_put_string+0xdc>
100023ac:	1e68      	subs	r0, r5, #1
100023ae:	4185      	sbcs	r5, r0
100023b0:	b2e8      	uxtb	r0, r5
100023b2:	b003      	add	sp, #12
100023b4:	bc3c      	pop	{r2, r3, r4, r5}
100023b6:	4690      	mov	r8, r2
100023b8:	4699      	mov	r9, r3
100023ba:	46a2      	mov	sl, r4
100023bc:	46ab      	mov	fp, r5
100023be:	bdf0      	pop	{r4, r5, r6, r7, pc}
100023c0:	4e13      	ldr	r6, [pc, #76]	; (10002410 <stdio_put_string+0xf4>)
100023c2:	e7d5      	b.n	10002370 <stdio_put_string+0x54>
100023c4:	4b11      	ldr	r3, [pc, #68]	; (1000240c <stdio_put_string+0xf0>)
100023c6:	4699      	mov	r9, r3
100023c8:	e002      	b.n	100023d0 <stdio_put_string+0xb4>
100023ca:	68e4      	ldr	r4, [r4, #12]
100023cc:	2c00      	cmp	r4, #0
100023ce:	d0ea      	beq.n	100023a6 <stdio_put_string+0x8a>
100023d0:	6823      	ldr	r3, [r4, #0]
100023d2:	2b00      	cmp	r3, #0
100023d4:	d0f9      	beq.n	100023ca <stdio_put_string+0xae>
100023d6:	464b      	mov	r3, r9
100023d8:	681b      	ldr	r3, [r3, #0]
100023da:	2b00      	cmp	r3, #0
100023dc:	d001      	beq.n	100023e2 <stdio_put_string+0xc6>
100023de:	42a3      	cmp	r3, r4
100023e0:	d1f3      	bne.n	100023ca <stdio_put_string+0xae>
100023e2:	002a      	movs	r2, r5
100023e4:	4641      	mov	r1, r8
100023e6:	0020      	movs	r0, r4
100023e8:	47b0      	blx	r6
100023ea:	230a      	movs	r3, #10
100023ec:	2201      	movs	r2, #1
100023ee:	0039      	movs	r1, r7
100023f0:	0020      	movs	r0, r4
100023f2:	703b      	strb	r3, [r7, #0]
100023f4:	47b0      	blx	r6
100023f6:	e7e8      	b.n	100023ca <stdio_put_string+0xae>
100023f8:	4658      	mov	r0, fp
100023fa:	f002 fdf5 	bl	10004fe8 <__mutex_exit_veneer>
100023fe:	e7d5      	b.n	100023ac <stdio_put_string+0x90>
10002400:	20000450 	.word	0x20000450
10002404:	10002271 	.word	0x10002271
10002408:	20000acc 	.word	0x20000acc
1000240c:	20000ad0 	.word	0x20000ad0
10002410:	10002261 	.word	0x10002261

10002414 <__wrap_putchar>:
10002414:	b5f0      	push	{r4, r5, r6, r7, lr}
10002416:	4647      	mov	r7, r8
10002418:	46ce      	mov	lr, r9
1000241a:	b580      	push	{r7, lr}
1000241c:	b083      	sub	sp, #12
1000241e:	466b      	mov	r3, sp
10002420:	1cdf      	adds	r7, r3, #3
10002422:	23d0      	movs	r3, #208	; 0xd0
10002424:	7038      	strb	r0, [r7, #0]
10002426:	061b      	lsls	r3, r3, #24
10002428:	681c      	ldr	r4, [r3, #0]
1000242a:	4b20      	ldr	r3, [pc, #128]	; (100024ac <__wrap_putchar+0x98>)
1000242c:	0006      	movs	r6, r0
1000242e:	a901      	add	r1, sp, #4
10002430:	0018      	movs	r0, r3
10002432:	4698      	mov	r8, r3
10002434:	f002 fde8 	bl	10005008 <__mutex_try_enter_veneer>
10002438:	1e05      	subs	r5, r0, #0
1000243a:	d022      	beq.n	10002482 <__wrap_putchar+0x6e>
1000243c:	4b1c      	ldr	r3, [pc, #112]	; (100024b0 <__wrap_putchar+0x9c>)
1000243e:	681c      	ldr	r4, [r3, #0]
10002440:	2c00      	cmp	r4, #0
10002442:	d02a      	beq.n	1000249a <__wrap_putchar+0x86>
10002444:	4b1b      	ldr	r3, [pc, #108]	; (100024b4 <__wrap_putchar+0xa0>)
10002446:	4699      	mov	r9, r3
10002448:	e002      	b.n	10002450 <__wrap_putchar+0x3c>
1000244a:	68e4      	ldr	r4, [r4, #12]
1000244c:	2c00      	cmp	r4, #0
1000244e:	d010      	beq.n	10002472 <__wrap_putchar+0x5e>
10002450:	6823      	ldr	r3, [r4, #0]
10002452:	2b00      	cmp	r3, #0
10002454:	d0f9      	beq.n	1000244a <__wrap_putchar+0x36>
10002456:	464b      	mov	r3, r9
10002458:	681b      	ldr	r3, [r3, #0]
1000245a:	2b00      	cmp	r3, #0
1000245c:	d001      	beq.n	10002462 <__wrap_putchar+0x4e>
1000245e:	42a3      	cmp	r3, r4
10002460:	d1f3      	bne.n	1000244a <__wrap_putchar+0x36>
10002462:	0020      	movs	r0, r4
10002464:	2201      	movs	r2, #1
10002466:	0039      	movs	r1, r7
10002468:	f7ff ff02 	bl	10002270 <stdio_out_chars_crlf>
1000246c:	68e4      	ldr	r4, [r4, #12]
1000246e:	2c00      	cmp	r4, #0
10002470:	d1ee      	bne.n	10002450 <__wrap_putchar+0x3c>
10002472:	2d00      	cmp	r5, #0
10002474:	d111      	bne.n	1000249a <__wrap_putchar+0x86>
10002476:	0030      	movs	r0, r6
10002478:	b003      	add	sp, #12
1000247a:	bc0c      	pop	{r2, r3}
1000247c:	4690      	mov	r8, r2
1000247e:	4699      	mov	r9, r3
10002480:	bdf0      	pop	{r4, r5, r6, r7, pc}
10002482:	9b01      	ldr	r3, [sp, #4]
10002484:	b264      	sxtb	r4, r4
10002486:	429c      	cmp	r4, r3
10002488:	d00b      	beq.n	100024a2 <__wrap_putchar+0x8e>
1000248a:	4640      	mov	r0, r8
1000248c:	f002 fdcc 	bl	10005028 <__mutex_enter_blocking_veneer>
10002490:	4b07      	ldr	r3, [pc, #28]	; (100024b0 <__wrap_putchar+0x9c>)
10002492:	2501      	movs	r5, #1
10002494:	681c      	ldr	r4, [r3, #0]
10002496:	2c00      	cmp	r4, #0
10002498:	d1d4      	bne.n	10002444 <__wrap_putchar+0x30>
1000249a:	4640      	mov	r0, r8
1000249c:	f002 fda4 	bl	10004fe8 <__mutex_exit_veneer>
100024a0:	e7e9      	b.n	10002476 <__wrap_putchar+0x62>
100024a2:	4b03      	ldr	r3, [pc, #12]	; (100024b0 <__wrap_putchar+0x9c>)
100024a4:	681c      	ldr	r4, [r3, #0]
100024a6:	2c00      	cmp	r4, #0
100024a8:	d1cc      	bne.n	10002444 <__wrap_putchar+0x30>
100024aa:	e7e4      	b.n	10002476 <__wrap_putchar+0x62>
100024ac:	20000450 	.word	0x20000450
100024b0:	20000acc 	.word	0x20000acc
100024b4:	20000ad0 	.word	0x20000ad0

100024b8 <__wrap_puts>:
100024b8:	b570      	push	{r4, r5, r6, lr}
100024ba:	0004      	movs	r4, r0
100024bc:	f002 fd54 	bl	10004f68 <strlen>
100024c0:	2300      	movs	r3, #0
100024c2:	0001      	movs	r1, r0
100024c4:	0005      	movs	r5, r0
100024c6:	2201      	movs	r2, #1
100024c8:	0020      	movs	r0, r4
100024ca:	f7ff ff27 	bl	1000231c <stdio_put_string>
100024ce:	4b08      	ldr	r3, [pc, #32]	; (100024f0 <__wrap_puts+0x38>)
100024d0:	681c      	ldr	r4, [r3, #0]
100024d2:	2c00      	cmp	r4, #0
100024d4:	d006      	beq.n	100024e4 <__wrap_puts+0x2c>
100024d6:	6863      	ldr	r3, [r4, #4]
100024d8:	2b00      	cmp	r3, #0
100024da:	d005      	beq.n	100024e8 <__wrap_puts+0x30>
100024dc:	4798      	blx	r3
100024de:	68e4      	ldr	r4, [r4, #12]
100024e0:	2c00      	cmp	r4, #0
100024e2:	d1f8      	bne.n	100024d6 <__wrap_puts+0x1e>
100024e4:	0028      	movs	r0, r5
100024e6:	bd70      	pop	{r4, r5, r6, pc}
100024e8:	68e4      	ldr	r4, [r4, #12]
100024ea:	2c00      	cmp	r4, #0
100024ec:	d1f3      	bne.n	100024d6 <__wrap_puts+0x1e>
100024ee:	e7f9      	b.n	100024e4 <__wrap_puts+0x2c>
100024f0:	20000acc 	.word	0x20000acc

100024f4 <stdio_set_driver_enabled>:
100024f4:	4a0a      	ldr	r2, [pc, #40]	; (10002520 <stdio_set_driver_enabled+0x2c>)
100024f6:	6813      	ldr	r3, [r2, #0]
100024f8:	2b00      	cmp	r3, #0
100024fa:	d105      	bne.n	10002508 <stdio_set_driver_enabled+0x14>
100024fc:	e00c      	b.n	10002518 <stdio_set_driver_enabled+0x24>
100024fe:	001a      	movs	r2, r3
10002500:	68db      	ldr	r3, [r3, #12]
10002502:	320c      	adds	r2, #12
10002504:	2b00      	cmp	r3, #0
10002506:	d007      	beq.n	10002518 <stdio_set_driver_enabled+0x24>
10002508:	4298      	cmp	r0, r3
1000250a:	d1f8      	bne.n	100024fe <stdio_set_driver_enabled+0xa>
1000250c:	2900      	cmp	r1, #0
1000250e:	d102      	bne.n	10002516 <stdio_set_driver_enabled+0x22>
10002510:	68c3      	ldr	r3, [r0, #12]
10002512:	6013      	str	r3, [r2, #0]
10002514:	60c1      	str	r1, [r0, #12]
10002516:	4770      	bx	lr
10002518:	2900      	cmp	r1, #0
1000251a:	d0fc      	beq.n	10002516 <stdio_set_driver_enabled+0x22>
1000251c:	6010      	str	r0, [r2, #0]
1000251e:	e7fa      	b.n	10002516 <stdio_set_driver_enabled+0x22>
10002520:	20000acc 	.word	0x20000acc

10002524 <stdio_init_all>:
10002524:	b510      	push	{r4, lr}
10002526:	f000 f943 	bl	100027b0 <stdio_usb_init>
1000252a:	bd10      	pop	{r4, pc}

1000252c <resetd_init>:
1000252c:	4770      	bx	lr
1000252e:	46c0      	nop			; (mov r8, r8)

10002530 <resetd_reset>:
10002530:	2200      	movs	r2, #0
10002532:	4b01      	ldr	r3, [pc, #4]	; (10002538 <resetd_reset+0x8>)
10002534:	701a      	strb	r2, [r3, #0]
10002536:	4770      	bx	lr
10002538:	20000f33 	.word	0x20000f33

1000253c <resetd_open>:
1000253c:	794b      	ldrb	r3, [r1, #5]
1000253e:	2000      	movs	r0, #0
10002540:	2bff      	cmp	r3, #255	; 0xff
10002542:	d10b      	bne.n	1000255c <resetd_open+0x20>
10002544:	798b      	ldrb	r3, [r1, #6]
10002546:	2b00      	cmp	r3, #0
10002548:	d108      	bne.n	1000255c <resetd_open+0x20>
1000254a:	79cb      	ldrb	r3, [r1, #7]
1000254c:	2b01      	cmp	r3, #1
1000254e:	d105      	bne.n	1000255c <resetd_open+0x20>
10002550:	2a08      	cmp	r2, #8
10002552:	d903      	bls.n	1000255c <resetd_open+0x20>
10002554:	788a      	ldrb	r2, [r1, #2]
10002556:	4b02      	ldr	r3, [pc, #8]	; (10002560 <resetd_open+0x24>)
10002558:	3009      	adds	r0, #9
1000255a:	701a      	strb	r2, [r3, #0]
1000255c:	4770      	bx	lr
1000255e:	46c0      	nop			; (mov r8, r8)
10002560:	20000f33 	.word	0x20000f33

10002564 <resetd_xfer_cb>:
10002564:	2001      	movs	r0, #1
10002566:	4770      	bx	lr

10002568 <resetd_control_xfer_cb>:
10002568:	b570      	push	{r4, r5, r6, lr}
1000256a:	2900      	cmp	r1, #0
1000256c:	d115      	bne.n	1000259a <resetd_control_xfer_cb+0x32>
1000256e:	4915      	ldr	r1, [pc, #84]	; (100025c4 <resetd_control_xfer_cb+0x5c>)
10002570:	7953      	ldrb	r3, [r2, #5]
10002572:	7910      	ldrb	r0, [r2, #4]
10002574:	7809      	ldrb	r1, [r1, #0]
10002576:	021b      	lsls	r3, r3, #8
10002578:	4303      	orrs	r3, r0
1000257a:	2000      	movs	r0, #0
1000257c:	4299      	cmp	r1, r3
1000257e:	d000      	beq.n	10002582 <resetd_control_xfer_cb+0x1a>
10002580:	bd70      	pop	{r4, r5, r6, pc}
10002582:	7853      	ldrb	r3, [r2, #1]
10002584:	2b01      	cmp	r3, #1
10002586:	d00a      	beq.n	1000259e <resetd_control_xfer_cb+0x36>
10002588:	2b02      	cmp	r3, #2
1000258a:	d1f9      	bne.n	10002580 <resetd_control_xfer_cb+0x18>
1000258c:	2000      	movs	r0, #0
1000258e:	2264      	movs	r2, #100	; 0x64
10002590:	2100      	movs	r1, #0
10002592:	f7ff fc9d 	bl	10001ed0 <watchdog_reboot>
10002596:	2001      	movs	r0, #1
10002598:	e7f2      	b.n	10002580 <resetd_control_xfer_cb+0x18>
1000259a:	2001      	movs	r0, #1
1000259c:	e7f0      	b.n	10002580 <resetd_control_xfer_cb+0x18>
1000259e:	78d4      	ldrb	r4, [r2, #3]
100025a0:	7891      	ldrb	r1, [r2, #2]
100025a2:	0224      	lsls	r4, r4, #8
100025a4:	430c      	orrs	r4, r1
100025a6:	0005      	movs	r5, r0
100025a8:	05e2      	lsls	r2, r4, #23
100025aa:	d502      	bpl.n	100025b2 <resetd_control_xfer_cb+0x4a>
100025ac:	0a62      	lsrs	r2, r4, #9
100025ae:	4093      	lsls	r3, r2
100025b0:	001d      	movs	r5, r3
100025b2:	4805      	ldr	r0, [pc, #20]	; (100025c8 <resetd_control_xfer_cb+0x60>)
100025b4:	f7ff fd14 	bl	10001fe0 <rom_func_lookup>
100025b8:	217f      	movs	r1, #127	; 0x7f
100025ba:	0003      	movs	r3, r0
100025bc:	4021      	ands	r1, r4
100025be:	0028      	movs	r0, r5
100025c0:	4798      	blx	r3
100025c2:	46c0      	nop			; (mov r8, r8)
100025c4:	20000f33 	.word	0x20000f33
100025c8:	00004255 	.word	0x00004255

100025cc <usbd_app_driver_get_cb>:
100025cc:	2301      	movs	r3, #1
100025ce:	7003      	strb	r3, [r0, #0]
100025d0:	4800      	ldr	r0, [pc, #0]	; (100025d4 <usbd_app_driver_get_cb+0x8>)
100025d2:	4770      	bx	lr
100025d4:	1000511c 	.word	0x1000511c

100025d8 <tud_cdc_line_coding_cb>:
100025d8:	784a      	ldrb	r2, [r1, #1]
100025da:	780b      	ldrb	r3, [r1, #0]
100025dc:	0212      	lsls	r2, r2, #8
100025de:	431a      	orrs	r2, r3
100025e0:	788b      	ldrb	r3, [r1, #2]
100025e2:	b510      	push	{r4, lr}
100025e4:	041b      	lsls	r3, r3, #16
100025e6:	431a      	orrs	r2, r3
100025e8:	78cb      	ldrb	r3, [r1, #3]
100025ea:	061b      	lsls	r3, r3, #24
100025ec:	4313      	orrs	r3, r2
100025ee:	2296      	movs	r2, #150	; 0x96
100025f0:	00d2      	lsls	r2, r2, #3
100025f2:	4293      	cmp	r3, r2
100025f4:	d000      	beq.n	100025f8 <tud_cdc_line_coding_cb+0x20>
100025f6:	bd10      	pop	{r4, pc}
100025f8:	4803      	ldr	r0, [pc, #12]	; (10002608 <tud_cdc_line_coding_cb+0x30>)
100025fa:	f7ff fcf1 	bl	10001fe0 <rom_func_lookup>
100025fe:	2100      	movs	r1, #0
10002600:	0003      	movs	r3, r0
10002602:	0008      	movs	r0, r1
10002604:	4798      	blx	r3
10002606:	46c0      	nop			; (mov r8, r8)
10002608:	00004255 	.word	0x00004255

1000260c <stdio_usb_in_chars>:
1000260c:	b570      	push	{r4, r5, r6, lr}
1000260e:	4c18      	ldr	r4, [pc, #96]	; (10002670 <stdio_usb_in_chars+0x64>)
10002610:	b082      	sub	sp, #8
10002612:	0005      	movs	r5, r0
10002614:	000e      	movs	r6, r1
10002616:	0020      	movs	r0, r4
10002618:	a901      	add	r1, sp, #4
1000261a:	f002 fcf5 	bl	10005008 <__mutex_try_enter_veneer>
1000261e:	2800      	cmp	r0, #0
10002620:	d108      	bne.n	10002634 <stdio_usb_in_chars+0x28>
10002622:	23d0      	movs	r3, #208	; 0xd0
10002624:	061b      	lsls	r3, r3, #24
10002626:	681b      	ldr	r3, [r3, #0]
10002628:	9a01      	ldr	r2, [sp, #4]
1000262a:	429a      	cmp	r2, r3
1000262c:	d01c      	beq.n	10002668 <stdio_usb_in_chars+0x5c>
1000262e:	0020      	movs	r0, r4
10002630:	f002 fcfa 	bl	10005028 <__mutex_enter_blocking_veneer>
10002634:	2000      	movs	r0, #0
10002636:	f001 fe3d 	bl	100042b4 <tud_cdc_n_connected>
1000263a:	2800      	cmp	r0, #0
1000263c:	d107      	bne.n	1000264e <stdio_usb_in_chars+0x42>
1000263e:	2503      	movs	r5, #3
10002640:	426d      	negs	r5, r5
10002642:	0020      	movs	r0, r4
10002644:	f002 fcd0 	bl	10004fe8 <__mutex_exit_veneer>
10002648:	0028      	movs	r0, r5
1000264a:	b002      	add	sp, #8
1000264c:	bd70      	pop	{r4, r5, r6, pc}
1000264e:	2000      	movs	r0, #0
10002650:	f001 fe48 	bl	100042e4 <tud_cdc_n_available>
10002654:	2800      	cmp	r0, #0
10002656:	d0f2      	beq.n	1000263e <stdio_usb_in_chars+0x32>
10002658:	0029      	movs	r1, r5
1000265a:	0032      	movs	r2, r6
1000265c:	2000      	movs	r0, #0
1000265e:	f001 fe4d 	bl	100042fc <tud_cdc_n_read>
10002662:	1e05      	subs	r5, r0, #0
10002664:	d0eb      	beq.n	1000263e <stdio_usb_in_chars+0x32>
10002666:	e7ec      	b.n	10002642 <stdio_usb_in_chars+0x36>
10002668:	2503      	movs	r5, #3
1000266a:	426d      	negs	r5, r5
1000266c:	e7ec      	b.n	10002648 <stdio_usb_in_chars+0x3c>
1000266e:	46c0      	nop			; (mov r8, r8)
10002670:	20000f00 	.word	0x20000f00

10002674 <stdio_usb_out_chars>:
10002674:	b5f0      	push	{r4, r5, r6, r7, lr}
10002676:	464f      	mov	r7, r9
10002678:	4646      	mov	r6, r8
1000267a:	46d6      	mov	lr, sl
1000267c:	b5c0      	push	{r6, r7, lr}
1000267e:	4b36      	ldr	r3, [pc, #216]	; (10002758 <stdio_usb_out_chars+0xe4>)
10002680:	b082      	sub	sp, #8
10002682:	0007      	movs	r7, r0
10002684:	000e      	movs	r6, r1
10002686:	0018      	movs	r0, r3
10002688:	a901      	add	r1, sp, #4
1000268a:	4699      	mov	r9, r3
1000268c:	f002 fcbc 	bl	10005008 <__mutex_try_enter_veneer>
10002690:	2800      	cmp	r0, #0
10002692:	d108      	bne.n	100026a6 <stdio_usb_out_chars+0x32>
10002694:	23d0      	movs	r3, #208	; 0xd0
10002696:	061b      	lsls	r3, r3, #24
10002698:	681b      	ldr	r3, [r3, #0]
1000269a:	9a01      	ldr	r2, [sp, #4]
1000269c:	429a      	cmp	r2, r3
1000269e:	d041      	beq.n	10002724 <stdio_usb_out_chars+0xb0>
100026a0:	4648      	mov	r0, r9
100026a2:	f002 fcc1 	bl	10005028 <__mutex_enter_blocking_veneer>
100026a6:	2000      	movs	r0, #0
100026a8:	f001 fe04 	bl	100042b4 <tud_cdc_n_connected>
100026ac:	2800      	cmp	r0, #0
100026ae:	d031      	beq.n	10002714 <stdio_usb_out_chars+0xa0>
100026b0:	2400      	movs	r4, #0
100026b2:	2e00      	cmp	r6, #0
100026b4:	dd33      	ble.n	1000271e <stdio_usb_out_chars+0xaa>
100026b6:	4b29      	ldr	r3, [pc, #164]	; (1000275c <stdio_usb_out_chars+0xe8>)
100026b8:	4698      	mov	r8, r3
100026ba:	469a      	mov	sl, r3
100026bc:	e012      	b.n	100026e4 <stdio_usb_out_chars+0x70>
100026be:	2800      	cmp	r0, #0
100026c0:	d147      	bne.n	10002752 <stdio_usb_out_chars+0xde>
100026c2:	f000 fe5b 	bl	1000337c <tud_task>
100026c6:	2000      	movs	r0, #0
100026c8:	f001 fe50 	bl	1000436c <tud_cdc_n_write_flush>
100026cc:	2000      	movs	r0, #0
100026ce:	f001 fdf1 	bl	100042b4 <tud_cdc_n_connected>
100026d2:	2800      	cmp	r0, #0
100026d4:	d023      	beq.n	1000271e <stdio_usb_out_chars+0xaa>
100026d6:	2000      	movs	r0, #0
100026d8:	f001 fe9e 	bl	10004418 <tud_cdc_n_write_available>
100026dc:	2800      	cmp	r0, #0
100026de:	d027      	beq.n	10002730 <stdio_usb_out_chars+0xbc>
100026e0:	42b4      	cmp	r4, r6
100026e2:	da1c      	bge.n	1000271e <stdio_usb_out_chars+0xaa>
100026e4:	2000      	movs	r0, #0
100026e6:	1b35      	subs	r5, r6, r4
100026e8:	f001 fe96 	bl	10004418 <tud_cdc_n_write_available>
100026ec:	4285      	cmp	r5, r0
100026ee:	dce6      	bgt.n	100026be <stdio_usb_out_chars+0x4a>
100026f0:	1939      	adds	r1, r7, r4
100026f2:	002a      	movs	r2, r5
100026f4:	2000      	movs	r0, #0
100026f6:	f001 fe75 	bl	100043e4 <tud_cdc_n_write>
100026fa:	0005      	movs	r5, r0
100026fc:	f000 fe3e 	bl	1000337c <tud_task>
10002700:	2000      	movs	r0, #0
10002702:	f001 fe33 	bl	1000436c <tud_cdc_n_write_flush>
10002706:	f7fe fd53 	bl	100011b0 <time_us_64>
1000270a:	4643      	mov	r3, r8
1000270c:	1964      	adds	r4, r4, r5
1000270e:	6018      	str	r0, [r3, #0]
10002710:	6059      	str	r1, [r3, #4]
10002712:	e7e5      	b.n	100026e0 <stdio_usb_out_chars+0x6c>
10002714:	2000      	movs	r0, #0
10002716:	2100      	movs	r1, #0
10002718:	4b10      	ldr	r3, [pc, #64]	; (1000275c <stdio_usb_out_chars+0xe8>)
1000271a:	6018      	str	r0, [r3, #0]
1000271c:	6059      	str	r1, [r3, #4]
1000271e:	4648      	mov	r0, r9
10002720:	f002 fc62 	bl	10004fe8 <__mutex_exit_veneer>
10002724:	b002      	add	sp, #8
10002726:	bc1c      	pop	{r2, r3, r4}
10002728:	4690      	mov	r8, r2
1000272a:	4699      	mov	r9, r3
1000272c:	46a2      	mov	sl, r4
1000272e:	bdf0      	pop	{r4, r5, r6, r7, pc}
10002730:	f7fe fd3e 	bl	100011b0 <time_us_64>
10002734:	4653      	mov	r3, sl
10002736:	000d      	movs	r5, r1
10002738:	681a      	ldr	r2, [r3, #0]
1000273a:	685b      	ldr	r3, [r3, #4]
1000273c:	2100      	movs	r1, #0
1000273e:	4684      	mov	ip, r0
10002740:	4807      	ldr	r0, [pc, #28]	; (10002760 <stdio_usb_out_chars+0xec>)
10002742:	1812      	adds	r2, r2, r0
10002744:	414b      	adcs	r3, r1
10002746:	429d      	cmp	r5, r3
10002748:	d8e9      	bhi.n	1000271e <stdio_usb_out_chars+0xaa>
1000274a:	d1c9      	bne.n	100026e0 <stdio_usb_out_chars+0x6c>
1000274c:	4594      	cmp	ip, r2
1000274e:	d9c7      	bls.n	100026e0 <stdio_usb_out_chars+0x6c>
10002750:	e7e5      	b.n	1000271e <stdio_usb_out_chars+0xaa>
10002752:	0005      	movs	r5, r0
10002754:	e7cc      	b.n	100026f0 <stdio_usb_out_chars+0x7c>
10002756:	46c0      	nop			; (mov r8, r8)
10002758:	20000f00 	.word	0x20000f00
1000275c:	20000570 	.word	0x20000570
10002760:	0007a120 	.word	0x0007a120

10002764 <timer_task>:
10002764:	b510      	push	{r4, lr}
10002766:	4b04      	ldr	r3, [pc, #16]	; (10002778 <timer_task+0x14>)
10002768:	7818      	ldrb	r0, [r3, #0]
1000276a:	f7fd ff17 	bl	1000059c <irq_set_pending>
1000276e:	20fa      	movs	r0, #250	; 0xfa
10002770:	2100      	movs	r1, #0
10002772:	0080      	lsls	r0, r0, #2
10002774:	bd10      	pop	{r4, pc}
10002776:	46c0      	nop			; (mov r8, r8)
10002778:	20000f34 	.word	0x20000f34

1000277c <usb_irq>:
1000277c:	b510      	push	{r4, lr}
1000277e:	4b02      	ldr	r3, [pc, #8]	; (10002788 <usb_irq+0xc>)
10002780:	7818      	ldrb	r0, [r3, #0]
10002782:	f7fd ff0b 	bl	1000059c <irq_set_pending>
10002786:	bd10      	pop	{r4, pc}
10002788:	20000f34 	.word	0x20000f34

1000278c <low_priority_worker_irq>:
1000278c:	b510      	push	{r4, lr}
1000278e:	4c07      	ldr	r4, [pc, #28]	; (100027ac <low_priority_worker_irq+0x20>)
10002790:	2100      	movs	r1, #0
10002792:	0020      	movs	r0, r4
10002794:	f002 fc38 	bl	10005008 <__mutex_try_enter_veneer>
10002798:	2800      	cmp	r0, #0
1000279a:	d100      	bne.n	1000279e <low_priority_worker_irq+0x12>
1000279c:	bd10      	pop	{r4, pc}
1000279e:	f000 fded 	bl	1000337c <tud_task>
100027a2:	0020      	movs	r0, r4
100027a4:	f002 fc20 	bl	10004fe8 <__mutex_exit_veneer>
100027a8:	e7f8      	b.n	1000279c <low_priority_worker_irq+0x10>
100027aa:	46c0      	nop			; (mov r8, r8)
100027ac:	20000f00 	.word	0x20000f00

100027b0 <stdio_usb_init>:
100027b0:	b530      	push	{r4, r5, lr}
100027b2:	4b23      	ldr	r3, [pc, #140]	; (10002840 <stdio_usb_init+0x90>)
100027b4:	b085      	sub	sp, #20
100027b6:	781b      	ldrb	r3, [r3, #0]
100027b8:	f002 f83c 	bl	10004834 <tusb_init>
100027bc:	4821      	ldr	r0, [pc, #132]	; (10002844 <stdio_usb_init+0x94>)
100027be:	f7ff f905 	bl	100019cc <mutex_init>
100027c2:	2001      	movs	r0, #1
100027c4:	f7fe f964 	bl	10000a90 <user_irq_claim_unused>
100027c8:	23ff      	movs	r3, #255	; 0xff
100027ca:	4c1f      	ldr	r4, [pc, #124]	; (10002848 <stdio_usb_init+0x98>)
100027cc:	491f      	ldr	r1, [pc, #124]	; (1000284c <stdio_usb_init+0x9c>)
100027ce:	7020      	strb	r0, [r4, #0]
100027d0:	4018      	ands	r0, r3
100027d2:	f7fd ff09 	bl	100005e8 <irq_set_exclusive_handler>
100027d6:	7820      	ldrb	r0, [r4, #0]
100027d8:	2101      	movs	r1, #1
100027da:	f7fd fecd 	bl	10000578 <irq_set_enabled>
100027de:	2005      	movs	r0, #5
100027e0:	f7fd fee4 	bl	100005ac <irq_has_shared_handler>
100027e4:	1e04      	subs	r4, r0, #0
100027e6:	d00c      	beq.n	10002802 <stdio_usb_init+0x52>
100027e8:	2200      	movs	r2, #0
100027ea:	4919      	ldr	r1, [pc, #100]	; (10002850 <stdio_usb_init+0xa0>)
100027ec:	2005      	movs	r0, #5
100027ee:	f7fd ff25 	bl	1000063c <irq_add_shared_handler>
100027f2:	2101      	movs	r1, #1
100027f4:	4817      	ldr	r0, [pc, #92]	; (10002854 <stdio_usb_init+0xa4>)
100027f6:	f7ff fe7d 	bl	100024f4 <stdio_set_driver_enabled>
100027fa:	2401      	movs	r4, #1
100027fc:	0020      	movs	r0, r4
100027fe:	b005      	add	sp, #20
10002800:	bd30      	pop	{r4, r5, pc}
10002802:	f7fe fb3b 	bl	10000e7c <alarm_pool_get_default>
10002806:	0005      	movs	r5, r0
10002808:	f7fe fcd2 	bl	100011b0 <time_us_64>
1000280c:	22fa      	movs	r2, #250	; 0xfa
1000280e:	2300      	movs	r3, #0
10002810:	0092      	lsls	r2, r2, #2
10002812:	1812      	adds	r2, r2, r0
10002814:	414b      	adcs	r3, r1
10002816:	4299      	cmp	r1, r3
10002818:	d80e      	bhi.n	10002838 <stdio_usb_init+0x88>
1000281a:	d00b      	beq.n	10002834 <stdio_usb_init+0x84>
1000281c:	2101      	movs	r1, #1
1000281e:	9102      	str	r1, [sp, #8]
10002820:	2100      	movs	r1, #0
10002822:	9101      	str	r1, [sp, #4]
10002824:	490c      	ldr	r1, [pc, #48]	; (10002858 <stdio_usb_init+0xa8>)
10002826:	0028      	movs	r0, r5
10002828:	9100      	str	r1, [sp, #0]
1000282a:	f7fe fb2b 	bl	10000e84 <alarm_pool_add_alarm_at>
1000282e:	2800      	cmp	r0, #0
10002830:	d0e4      	beq.n	100027fc <stdio_usb_init+0x4c>
10002832:	e7de      	b.n	100027f2 <stdio_usb_init+0x42>
10002834:	4290      	cmp	r0, r2
10002836:	d9f1      	bls.n	1000281c <stdio_usb_init+0x6c>
10002838:	2201      	movs	r2, #1
1000283a:	4252      	negs	r2, r2
1000283c:	17d3      	asrs	r3, r2, #31
1000283e:	e7ed      	b.n	1000281c <stdio_usb_init+0x6c>
10002840:	10005328 	.word	0x10005328
10002844:	20000f00 	.word	0x20000f00
10002848:	20000f34 	.word	0x20000f34
1000284c:	1000278d 	.word	0x1000278d
10002850:	1000277d 	.word	0x1000277d
10002854:	20000410 	.word	0x20000410
10002858:	10002765 	.word	0x10002765

1000285c <tud_descriptor_device_cb>:
1000285c:	4800      	ldr	r0, [pc, #0]	; (10002860 <tud_descriptor_device_cb+0x4>)
1000285e:	4770      	bx	lr
10002860:	100051d4 	.word	0x100051d4

10002864 <tud_descriptor_configuration_cb>:
10002864:	4800      	ldr	r0, [pc, #0]	; (10002868 <tud_descriptor_configuration_cb+0x4>)
10002866:	4770      	bx	lr
10002868:	10005180 	.word	0x10005180

1000286c <tud_descriptor_string_cb>:
1000286c:	b570      	push	{r4, r5, r6, lr}
1000286e:	0004      	movs	r4, r0
10002870:	4816      	ldr	r0, [pc, #88]	; (100028cc <tud_descriptor_string_cb+0x60>)
10002872:	7803      	ldrb	r3, [r0, #0]
10002874:	2b00      	cmp	r3, #0
10002876:	d020      	beq.n	100028ba <tud_descriptor_string_cb+0x4e>
10002878:	2c00      	cmp	r4, #0
1000287a:	d018      	beq.n	100028ae <tud_descriptor_string_cb+0x42>
1000287c:	2c05      	cmp	r4, #5
1000287e:	d823      	bhi.n	100028c8 <tud_descriptor_string_cb+0x5c>
10002880:	4b13      	ldr	r3, [pc, #76]	; (100028d0 <tud_descriptor_string_cb+0x64>)
10002882:	4814      	ldr	r0, [pc, #80]	; (100028d4 <tud_descriptor_string_cb+0x68>)
10002884:	00a4      	lsls	r4, r4, #2
10002886:	58e5      	ldr	r5, [r4, r3]
10002888:	1c81      	adds	r1, r0, #2
1000288a:	2300      	movs	r3, #0
1000288c:	e004      	b.n	10002898 <tud_descriptor_string_cb+0x2c>
1000288e:	3301      	adds	r3, #1
10002890:	800a      	strh	r2, [r1, #0]
10002892:	3102      	adds	r1, #2
10002894:	2b13      	cmp	r3, #19
10002896:	d014      	beq.n	100028c2 <tud_descriptor_string_cb+0x56>
10002898:	5cea      	ldrb	r2, [r5, r3]
1000289a:	b2dc      	uxtb	r4, r3
1000289c:	2a00      	cmp	r2, #0
1000289e:	d1f6      	bne.n	1000288e <tud_descriptor_string_cb+0x22>
100028a0:	23c0      	movs	r3, #192	; 0xc0
100028a2:	3401      	adds	r4, #1
100028a4:	0064      	lsls	r4, r4, #1
100028a6:	009b      	lsls	r3, r3, #2
100028a8:	431c      	orrs	r4, r3
100028aa:	8004      	strh	r4, [r0, #0]
100028ac:	bd70      	pop	{r4, r5, r6, pc}
100028ae:	24c1      	movs	r4, #193	; 0xc1
100028b0:	4808      	ldr	r0, [pc, #32]	; (100028d4 <tud_descriptor_string_cb+0x68>)
100028b2:	4b09      	ldr	r3, [pc, #36]	; (100028d8 <tud_descriptor_string_cb+0x6c>)
100028b4:	00a4      	lsls	r4, r4, #2
100028b6:	8043      	strh	r3, [r0, #2]
100028b8:	e7f7      	b.n	100028aa <tud_descriptor_string_cb+0x3e>
100028ba:	2111      	movs	r1, #17
100028bc:	f002 fa50 	bl	10004d60 <pico_get_unique_board_id_string>
100028c0:	e7da      	b.n	10002878 <tud_descriptor_string_cb+0xc>
100028c2:	24ca      	movs	r4, #202	; 0xca
100028c4:	00a4      	lsls	r4, r4, #2
100028c6:	e7f0      	b.n	100028aa <tud_descriptor_string_cb+0x3e>
100028c8:	2000      	movs	r0, #0
100028ca:	e7ef      	b.n	100028ac <tud_descriptor_string_cb+0x40>
100028cc:	20000f18 	.word	0x20000f18
100028d0:	100051e8 	.word	0x100051e8
100028d4:	20000aa4 	.word	0x20000aa4
100028d8:	00000409 	.word	0x00000409

100028dc <dcd_rp2040_irq>:
100028dc:	b5f0      	push	{r4, r5, r6, r7, lr}
100028de:	2398      	movs	r3, #152	; 0x98
100028e0:	4657      	mov	r7, sl
100028e2:	4645      	mov	r5, r8
100028e4:	46de      	mov	lr, fp
100028e6:	464e      	mov	r6, r9
100028e8:	4a6c      	ldr	r2, [pc, #432]	; (10002a9c <dcd_rp2040_irq+0x1c0>)
100028ea:	b5e0      	push	{r5, r6, r7, lr}
100028ec:	58d7      	ldr	r7, [r2, r3]
100028ee:	2580      	movs	r5, #128	; 0x80
100028f0:	003c      	movs	r4, r7
100028f2:	026d      	lsls	r5, r5, #9
100028f4:	3b88      	subs	r3, #136	; 0x88
100028f6:	b083      	sub	sp, #12
100028f8:	402c      	ands	r4, r5
100028fa:	469a      	mov	sl, r3
100028fc:	d00f      	beq.n	1000291e <dcd_rp2040_irq+0x42>
100028fe:	2201      	movs	r2, #1
10002900:	2123      	movs	r1, #35	; 0x23
10002902:	4b67      	ldr	r3, [pc, #412]	; (10002aa0 <dcd_rp2040_irq+0x1c4>)
10002904:	2000      	movs	r0, #0
10002906:	545a      	strb	r2, [r3, r1]
10002908:	70da      	strb	r2, [r3, #3]
1000290a:	4966      	ldr	r1, [pc, #408]	; (10002aa4 <dcd_rp2040_irq+0x1c8>)
1000290c:	f001 fa88 	bl	10003e20 <dcd_event_setup_received>
10002910:	2280      	movs	r2, #128	; 0x80
10002912:	4b65      	ldr	r3, [pc, #404]	; (10002aa8 <dcd_rp2040_irq+0x1cc>)
10002914:	0292      	lsls	r2, r2, #10
10002916:	651a      	str	r2, [r3, #80]	; 0x50
10002918:	4b64      	ldr	r3, [pc, #400]	; (10002aac <dcd_rp2040_irq+0x1d0>)
1000291a:	002c      	movs	r4, r5
1000291c:	469a      	mov	sl, r3
1000291e:	06fb      	lsls	r3, r7, #27
10002920:	d417      	bmi.n	10002952 <dcd_rp2040_irq+0x76>
10002922:	2380      	movs	r3, #128	; 0x80
10002924:	015b      	lsls	r3, r3, #5
10002926:	421f      	tst	r7, r3
10002928:	d145      	bne.n	100029b6 <dcd_rp2040_irq+0xda>
1000292a:	2380      	movs	r3, #128	; 0x80
1000292c:	01db      	lsls	r3, r3, #7
1000292e:	421f      	tst	r7, r3
10002930:	d000      	beq.n	10002934 <dcd_rp2040_irq+0x58>
10002932:	e088      	b.n	10002a46 <dcd_rp2040_irq+0x16a>
10002934:	2380      	movs	r3, #128	; 0x80
10002936:	021b      	lsls	r3, r3, #8
10002938:	421f      	tst	r7, r3
1000293a:	d000      	beq.n	1000293e <dcd_rp2040_irq+0x62>
1000293c:	e091      	b.n	10002a62 <dcd_rp2040_irq+0x186>
1000293e:	42bc      	cmp	r4, r7
10002940:	d000      	beq.n	10002944 <dcd_rp2040_irq+0x68>
10002942:	e0a5      	b.n	10002a90 <dcd_rp2040_irq+0x1b4>
10002944:	b003      	add	sp, #12
10002946:	bc3c      	pop	{r2, r3, r4, r5}
10002948:	4690      	mov	r8, r2
1000294a:	4699      	mov	r9, r3
1000294c:	46a2      	mov	sl, r4
1000294e:	46ab      	mov	fp, r5
10002950:	bdf0      	pop	{r4, r5, r6, r7, pc}
10002952:	4b52      	ldr	r3, [pc, #328]	; (10002a9c <dcd_rp2040_irq+0x1c0>)
10002954:	6d9b      	ldr	r3, [r3, #88]	; 0x58
10002956:	4698      	mov	r8, r3
10002958:	2b00      	cmp	r3, #0
1000295a:	d027      	beq.n	100029ac <dcd_rp2040_irq+0xd0>
1000295c:	4b52      	ldr	r3, [pc, #328]	; (10002aa8 <dcd_rp2040_irq+0x1cc>)
1000295e:	2500      	movs	r5, #0
10002960:	469b      	mov	fp, r3
10002962:	2301      	movs	r3, #1
10002964:	4699      	mov	r9, r3
10002966:	4643      	mov	r3, r8
10002968:	2601      	movs	r6, #1
1000296a:	46b8      	mov	r8, r7
1000296c:	001f      	movs	r7, r3
1000296e:	e004      	b.n	1000297a <dcd_rp2040_irq+0x9e>
10002970:	3501      	adds	r5, #1
10002972:	0076      	lsls	r6, r6, #1
10002974:	b2ed      	uxtb	r5, r5
10002976:	2d20      	cmp	r5, #32
10002978:	d017      	beq.n	100029aa <dcd_rp2040_irq+0xce>
1000297a:	4237      	tst	r7, r6
1000297c:	d0f8      	beq.n	10002970 <dcd_rp2040_irq+0x94>
1000297e:	465b      	mov	r3, fp
10002980:	659e      	str	r6, [r3, #88]	; 0x58
10002982:	464b      	mov	r3, r9
10002984:	086c      	lsrs	r4, r5, #1
10002986:	43ab      	bics	r3, r5
10002988:	0064      	lsls	r4, r4, #1
1000298a:	18e4      	adds	r4, r4, r3
1000298c:	4b44      	ldr	r3, [pc, #272]	; (10002aa0 <dcd_rp2040_irq+0x1c4>)
1000298e:	0164      	lsls	r4, r4, #5
10002990:	469c      	mov	ip, r3
10002992:	4464      	add	r4, ip
10002994:	0020      	movs	r0, r4
10002996:	f000 fb81 	bl	1000309c <hw_endpoint_xfer_continue>
1000299a:	2800      	cmp	r0, #0
1000299c:	d16c      	bne.n	10002a78 <dcd_rp2040_irq+0x19c>
1000299e:	3501      	adds	r5, #1
100029a0:	43b7      	bics	r7, r6
100029a2:	b2ed      	uxtb	r5, r5
100029a4:	0076      	lsls	r6, r6, #1
100029a6:	2f00      	cmp	r7, #0
100029a8:	d1e5      	bne.n	10002976 <dcd_rp2040_irq+0x9a>
100029aa:	4647      	mov	r7, r8
100029ac:	2380      	movs	r3, #128	; 0x80
100029ae:	015b      	lsls	r3, r3, #5
100029b0:	4654      	mov	r4, sl
100029b2:	421f      	tst	r7, r3
100029b4:	d0b9      	beq.n	1000292a <dcd_rp2040_irq+0x4e>
100029b6:	431c      	orrs	r4, r3
100029b8:	2300      	movs	r3, #0
100029ba:	4a38      	ldr	r2, [pc, #224]	; (10002a9c <dcd_rp2040_irq+0x1c0>)
100029bc:	2100      	movs	r1, #0
100029be:	6013      	str	r3, [r2, #0]
100029c0:	4a38      	ldr	r2, [pc, #224]	; (10002aa4 <dcd_rp2040_irq+0x1c8>)
100029c2:	483b      	ldr	r0, [pc, #236]	; (10002ab0 <dcd_rp2040_irq+0x1d4>)
100029c4:	6093      	str	r3, [r2, #8]
100029c6:	60d3      	str	r3, [r2, #12]
100029c8:	4a3a      	ldr	r2, [pc, #232]	; (10002ab4 <dcd_rp2040_irq+0x1d8>)
100029ca:	6093      	str	r3, [r2, #8]
100029cc:	60d3      	str	r3, [r2, #12]
100029ce:	4a3a      	ldr	r2, [pc, #232]	; (10002ab8 <dcd_rp2040_irq+0x1dc>)
100029d0:	6093      	str	r3, [r2, #8]
100029d2:	60d3      	str	r3, [r2, #12]
100029d4:	4a39      	ldr	r2, [pc, #228]	; (10002abc <dcd_rp2040_irq+0x1e0>)
100029d6:	6093      	str	r3, [r2, #8]
100029d8:	60d3      	str	r3, [r2, #12]
100029da:	4a39      	ldr	r2, [pc, #228]	; (10002ac0 <dcd_rp2040_irq+0x1e4>)
100029dc:	6093      	str	r3, [r2, #8]
100029de:	60d3      	str	r3, [r2, #12]
100029e0:	4a38      	ldr	r2, [pc, #224]	; (10002ac4 <dcd_rp2040_irq+0x1e8>)
100029e2:	6093      	str	r3, [r2, #8]
100029e4:	60d3      	str	r3, [r2, #12]
100029e6:	4a38      	ldr	r2, [pc, #224]	; (10002ac8 <dcd_rp2040_irq+0x1ec>)
100029e8:	6093      	str	r3, [r2, #8]
100029ea:	60d3      	str	r3, [r2, #12]
100029ec:	4a37      	ldr	r2, [pc, #220]	; (10002acc <dcd_rp2040_irq+0x1f0>)
100029ee:	6093      	str	r3, [r2, #8]
100029f0:	60d3      	str	r3, [r2, #12]
100029f2:	4a37      	ldr	r2, [pc, #220]	; (10002ad0 <dcd_rp2040_irq+0x1f4>)
100029f4:	6093      	str	r3, [r2, #8]
100029f6:	60d3      	str	r3, [r2, #12]
100029f8:	4a36      	ldr	r2, [pc, #216]	; (10002ad4 <dcd_rp2040_irq+0x1f8>)
100029fa:	6093      	str	r3, [r2, #8]
100029fc:	60d3      	str	r3, [r2, #12]
100029fe:	4a36      	ldr	r2, [pc, #216]	; (10002ad8 <dcd_rp2040_irq+0x1fc>)
10002a00:	6093      	str	r3, [r2, #8]
10002a02:	60d3      	str	r3, [r2, #12]
10002a04:	4a35      	ldr	r2, [pc, #212]	; (10002adc <dcd_rp2040_irq+0x200>)
10002a06:	6093      	str	r3, [r2, #8]
10002a08:	60d3      	str	r3, [r2, #12]
10002a0a:	4a35      	ldr	r2, [pc, #212]	; (10002ae0 <dcd_rp2040_irq+0x204>)
10002a0c:	6093      	str	r3, [r2, #8]
10002a0e:	60d3      	str	r3, [r2, #12]
10002a10:	4a34      	ldr	r2, [pc, #208]	; (10002ae4 <dcd_rp2040_irq+0x208>)
10002a12:	6093      	str	r3, [r2, #8]
10002a14:	60d3      	str	r3, [r2, #12]
10002a16:	4a34      	ldr	r2, [pc, #208]	; (10002ae8 <dcd_rp2040_irq+0x20c>)
10002a18:	6093      	str	r3, [r2, #8]
10002a1a:	60d3      	str	r3, [r2, #12]
10002a1c:	22f0      	movs	r2, #240	; 0xf0
10002a1e:	0092      	lsls	r2, r2, #2
10002a20:	f7ff fc12 	bl	10002248 <__wrap_memset>
10002a24:	4b31      	ldr	r3, [pc, #196]	; (10002aec <dcd_rp2040_irq+0x210>)
10002a26:	4a32      	ldr	r2, [pc, #200]	; (10002af0 <dcd_rp2040_irq+0x214>)
10002a28:	2100      	movs	r1, #0
10002a2a:	601a      	str	r2, [r3, #0]
10002a2c:	2000      	movs	r0, #0
10002a2e:	2201      	movs	r2, #1
10002a30:	f001 f9ca 	bl	10003dc8 <dcd_event_bus_reset>
10002a34:	2280      	movs	r2, #128	; 0x80
10002a36:	4b1c      	ldr	r3, [pc, #112]	; (10002aa8 <dcd_rp2040_irq+0x1cc>)
10002a38:	0312      	lsls	r2, r2, #12
10002a3a:	651a      	str	r2, [r3, #80]	; 0x50
10002a3c:	2380      	movs	r3, #128	; 0x80
10002a3e:	01db      	lsls	r3, r3, #7
10002a40:	421f      	tst	r7, r3
10002a42:	d100      	bne.n	10002a46 <dcd_rp2040_irq+0x16a>
10002a44:	e776      	b.n	10002934 <dcd_rp2040_irq+0x58>
10002a46:	2201      	movs	r2, #1
10002a48:	2104      	movs	r1, #4
10002a4a:	2000      	movs	r0, #0
10002a4c:	431c      	orrs	r4, r3
10002a4e:	f001 f929 	bl	10003ca4 <dcd_event_bus_signal>
10002a52:	2210      	movs	r2, #16
10002a54:	4b14      	ldr	r3, [pc, #80]	; (10002aa8 <dcd_rp2040_irq+0x1cc>)
10002a56:	651a      	str	r2, [r3, #80]	; 0x50
10002a58:	2380      	movs	r3, #128	; 0x80
10002a5a:	021b      	lsls	r3, r3, #8
10002a5c:	421f      	tst	r7, r3
10002a5e:	d100      	bne.n	10002a62 <dcd_rp2040_irq+0x186>
10002a60:	e76d      	b.n	1000293e <dcd_rp2040_irq+0x62>
10002a62:	2201      	movs	r2, #1
10002a64:	2105      	movs	r1, #5
10002a66:	2000      	movs	r0, #0
10002a68:	431c      	orrs	r4, r3
10002a6a:	f001 f91b 	bl	10003ca4 <dcd_event_bus_signal>
10002a6e:	2280      	movs	r2, #128	; 0x80
10002a70:	4b0d      	ldr	r3, [pc, #52]	; (10002aa8 <dcd_rp2040_irq+0x1cc>)
10002a72:	0112      	lsls	r2, r2, #4
10002a74:	651a      	str	r2, [r3, #80]	; 0x50
10002a76:	e762      	b.n	1000293e <dcd_rp2040_irq+0x62>
10002a78:	464b      	mov	r3, r9
10002a7a:	8aa2      	ldrh	r2, [r4, #20]
10002a7c:	78a1      	ldrb	r1, [r4, #2]
10002a7e:	2000      	movs	r0, #0
10002a80:	9300      	str	r3, [sp, #0]
10002a82:	2300      	movs	r3, #0
10002a84:	f001 f9f4 	bl	10003e70 <dcd_event_xfer_complete>
10002a88:	0020      	movs	r0, r4
10002a8a:	f000 fa45 	bl	10002f18 <hw_endpoint_reset_transfer>
10002a8e:	e786      	b.n	1000299e <dcd_rp2040_irq+0xc2>
10002a90:	0021      	movs	r1, r4
10002a92:	4818      	ldr	r0, [pc, #96]	; (10002af4 <dcd_rp2040_irq+0x218>)
10002a94:	4079      	eors	r1, r7
10002a96:	f7ff f841 	bl	10001b1c <panic>
10002a9a:	46c0      	nop			; (mov r8, r8)
10002a9c:	50110000 	.word	0x50110000
10002aa0:	20000ad4 	.word	0x20000ad4
10002aa4:	50100000 	.word	0x50100000
10002aa8:	50113000 	.word	0x50113000
10002aac:	00010010 	.word	0x00010010
10002ab0:	20000b14 	.word	0x20000b14
10002ab4:	50100008 	.word	0x50100008
10002ab8:	50100010 	.word	0x50100010
10002abc:	50100018 	.word	0x50100018
10002ac0:	50100020 	.word	0x50100020
10002ac4:	50100028 	.word	0x50100028
10002ac8:	50100030 	.word	0x50100030
10002acc:	50100038 	.word	0x50100038
10002ad0:	50100040 	.word	0x50100040
10002ad4:	50100048 	.word	0x50100048
10002ad8:	50100050 	.word	0x50100050
10002adc:	50100058 	.word	0x50100058
10002ae0:	50100060 	.word	0x50100060
10002ae4:	50100068 	.word	0x50100068
10002ae8:	50100070 	.word	0x50100070
10002aec:	20000edc 	.word	0x20000edc
10002af0:	50100180 	.word	0x50100180
10002af4:	10005200 	.word	0x10005200

10002af8 <dcd_int_enable>:
10002af8:	b510      	push	{r4, lr}
10002afa:	2101      	movs	r1, #1
10002afc:	2005      	movs	r0, #5
10002afe:	f7fd fd3b 	bl	10000578 <irq_set_enabled>
10002b02:	bd10      	pop	{r4, pc}

10002b04 <dcd_set_address>:
10002b04:	b510      	push	{r4, lr}
10002b06:	2200      	movs	r2, #0
10002b08:	2100      	movs	r1, #0
10002b0a:	4802      	ldr	r0, [pc, #8]	; (10002b14 <dcd_set_address+0x10>)
10002b0c:	f000 fa2a 	bl	10002f64 <hw_endpoint_xfer_start>
10002b10:	bd10      	pop	{r4, pc}
10002b12:	46c0      	nop			; (mov r8, r8)
10002b14:	20000af4 	.word	0x20000af4

10002b18 <dcd_connect>:
10002b18:	2280      	movs	r2, #128	; 0x80
10002b1a:	4b02      	ldr	r3, [pc, #8]	; (10002b24 <dcd_connect+0xc>)
10002b1c:	0252      	lsls	r2, r2, #9
10002b1e:	64da      	str	r2, [r3, #76]	; 0x4c
10002b20:	4770      	bx	lr
10002b22:	46c0      	nop			; (mov r8, r8)
10002b24:	50112000 	.word	0x50112000

10002b28 <dcd_init>:
10002b28:	b5f0      	push	{r4, r5, r6, r7, lr}
10002b2a:	46c6      	mov	lr, r8
10002b2c:	b500      	push	{lr}
10002b2e:	0007      	movs	r7, r0
10002b30:	f000 f9cc 	bl	10002ecc <rp2040_usb_init>
10002b34:	230c      	movs	r3, #12
10002b36:	4d35      	ldr	r5, [pc, #212]	; (10002c0c <dcd_init+0xe4>)
10002b38:	4935      	ldr	r1, [pc, #212]	; (10002c10 <dcd_init+0xe8>)
10002b3a:	67ab      	str	r3, [r5, #120]	; 0x78
10002b3c:	2005      	movs	r0, #5
10002b3e:	f7fd fd53 	bl	100005e8 <irq_set_exclusive_handler>
10002b42:	2340      	movs	r3, #64	; 0x40
10002b44:	4698      	mov	r8, r3
10002b46:	4c33      	ldr	r4, [pc, #204]	; (10002c14 <dcd_init+0xec>)
10002b48:	2240      	movs	r2, #64	; 0x40
10002b4a:	2100      	movs	r1, #0
10002b4c:	0020      	movs	r0, r4
10002b4e:	f7ff fb7b 	bl	10002248 <__wrap_memset>
10002b52:	4643      	mov	r3, r8
10002b54:	2601      	movs	r6, #1
10002b56:	83a3      	strh	r3, [r4, #28]
10002b58:	2121      	movs	r1, #33	; 0x21
10002b5a:	2300      	movs	r3, #0
10002b5c:	4a2e      	ldr	r2, [pc, #184]	; (10002c18 <dcd_init+0xf0>)
10002b5e:	7066      	strb	r6, [r4, #1]
10002b60:	60a2      	str	r2, [r4, #8]
10002b62:	6013      	str	r3, [r2, #0]
10002b64:	5463      	strb	r3, [r4, r1]
10002b66:	315f      	adds	r1, #95	; 0x5f
10002b68:	8461      	strh	r1, [r4, #34]	; 0x22
10002b6a:	4641      	mov	r1, r8
10002b6c:	87a1      	strh	r1, [r4, #60]	; 0x3c
10002b6e:	3902      	subs	r1, #2
10002b70:	5463      	strb	r3, [r4, r1]
10002b72:	4a2a      	ldr	r2, [pc, #168]	; (10002c1c <dcd_init+0xf4>)
10002b74:	492a      	ldr	r1, [pc, #168]	; (10002c20 <dcd_init+0xf8>)
10002b76:	6063      	str	r3, [r4, #4]
10002b78:	60e2      	str	r2, [r4, #12]
10002b7a:	62a1      	str	r1, [r4, #40]	; 0x28
10002b7c:	600b      	str	r3, [r1, #0]
10002b7e:	62e2      	str	r2, [r4, #44]	; 0x2c
10002b80:	4a28      	ldr	r2, [pc, #160]	; (10002c24 <dcd_init+0xfc>)
10002b82:	6263      	str	r3, [r4, #36]	; 0x24
10002b84:	6093      	str	r3, [r2, #8]
10002b86:	60d3      	str	r3, [r2, #12]
10002b88:	4a27      	ldr	r2, [pc, #156]	; (10002c28 <dcd_init+0x100>)
10002b8a:	0020      	movs	r0, r4
10002b8c:	6093      	str	r3, [r2, #8]
10002b8e:	60d3      	str	r3, [r2, #12]
10002b90:	4a26      	ldr	r2, [pc, #152]	; (10002c2c <dcd_init+0x104>)
10002b92:	2100      	movs	r1, #0
10002b94:	6093      	str	r3, [r2, #8]
10002b96:	60d3      	str	r3, [r2, #12]
10002b98:	4a25      	ldr	r2, [pc, #148]	; (10002c30 <dcd_init+0x108>)
10002b9a:	3040      	adds	r0, #64	; 0x40
10002b9c:	6093      	str	r3, [r2, #8]
10002b9e:	60d3      	str	r3, [r2, #12]
10002ba0:	4a24      	ldr	r2, [pc, #144]	; (10002c34 <dcd_init+0x10c>)
10002ba2:	6093      	str	r3, [r2, #8]
10002ba4:	60d3      	str	r3, [r2, #12]
10002ba6:	4a24      	ldr	r2, [pc, #144]	; (10002c38 <dcd_init+0x110>)
10002ba8:	6093      	str	r3, [r2, #8]
10002baa:	60d3      	str	r3, [r2, #12]
10002bac:	4a23      	ldr	r2, [pc, #140]	; (10002c3c <dcd_init+0x114>)
10002bae:	6093      	str	r3, [r2, #8]
10002bb0:	60d3      	str	r3, [r2, #12]
10002bb2:	4a23      	ldr	r2, [pc, #140]	; (10002c40 <dcd_init+0x118>)
10002bb4:	6093      	str	r3, [r2, #8]
10002bb6:	60d3      	str	r3, [r2, #12]
10002bb8:	4a22      	ldr	r2, [pc, #136]	; (10002c44 <dcd_init+0x11c>)
10002bba:	6093      	str	r3, [r2, #8]
10002bbc:	60d3      	str	r3, [r2, #12]
10002bbe:	4a22      	ldr	r2, [pc, #136]	; (10002c48 <dcd_init+0x120>)
10002bc0:	6093      	str	r3, [r2, #8]
10002bc2:	60d3      	str	r3, [r2, #12]
10002bc4:	4a21      	ldr	r2, [pc, #132]	; (10002c4c <dcd_init+0x124>)
10002bc6:	6093      	str	r3, [r2, #8]
10002bc8:	60d3      	str	r3, [r2, #12]
10002bca:	4a21      	ldr	r2, [pc, #132]	; (10002c50 <dcd_init+0x128>)
10002bcc:	6093      	str	r3, [r2, #8]
10002bce:	60d3      	str	r3, [r2, #12]
10002bd0:	4a20      	ldr	r2, [pc, #128]	; (10002c54 <dcd_init+0x12c>)
10002bd2:	6093      	str	r3, [r2, #8]
10002bd4:	60d3      	str	r3, [r2, #12]
10002bd6:	4a20      	ldr	r2, [pc, #128]	; (10002c58 <dcd_init+0x130>)
10002bd8:	6093      	str	r3, [r2, #8]
10002bda:	60d3      	str	r3, [r2, #12]
10002bdc:	4a1f      	ldr	r2, [pc, #124]	; (10002c5c <dcd_init+0x134>)
10002bde:	6093      	str	r3, [r2, #8]
10002be0:	60d3      	str	r3, [r2, #12]
10002be2:	22f0      	movs	r2, #240	; 0xf0
10002be4:	0092      	lsls	r2, r2, #2
10002be6:	f7ff fb2f 	bl	10002248 <__wrap_memset>
10002bea:	4b1d      	ldr	r3, [pc, #116]	; (10002c60 <dcd_init+0x138>)
10002bec:	4a1d      	ldr	r2, [pc, #116]	; (10002c64 <dcd_init+0x13c>)
10002bee:	0038      	movs	r0, r7
10002bf0:	601a      	str	r2, [r3, #0]
10002bf2:	2380      	movs	r3, #128	; 0x80
10002bf4:	059b      	lsls	r3, r3, #22
10002bf6:	642e      	str	r6, [r5, #64]	; 0x40
10002bf8:	64eb      	str	r3, [r5, #76]	; 0x4c
10002bfa:	2390      	movs	r3, #144	; 0x90
10002bfc:	4a1a      	ldr	r2, [pc, #104]	; (10002c68 <dcd_init+0x140>)
10002bfe:	50ea      	str	r2, [r5, r3]
10002c00:	f7ff ff8a 	bl	10002b18 <dcd_connect>
10002c04:	bc04      	pop	{r2}
10002c06:	4690      	mov	r8, r2
10002c08:	bdf0      	pop	{r4, r5, r6, r7, pc}
10002c0a:	46c0      	nop			; (mov r8, r8)
10002c0c:	50110000 	.word	0x50110000
10002c10:	100028dd 	.word	0x100028dd
10002c14:	20000ad4 	.word	0x20000ad4
10002c18:	50100084 	.word	0x50100084
10002c1c:	50100100 	.word	0x50100100
10002c20:	50100080 	.word	0x50100080
10002c24:	50100000 	.word	0x50100000
10002c28:	50100008 	.word	0x50100008
10002c2c:	50100010 	.word	0x50100010
10002c30:	50100018 	.word	0x50100018
10002c34:	50100020 	.word	0x50100020
10002c38:	50100028 	.word	0x50100028
10002c3c:	50100030 	.word	0x50100030
10002c40:	50100038 	.word	0x50100038
10002c44:	50100040 	.word	0x50100040
10002c48:	50100048 	.word	0x50100048
10002c4c:	50100050 	.word	0x50100050
10002c50:	50100058 	.word	0x50100058
10002c54:	50100060 	.word	0x50100060
10002c58:	50100068 	.word	0x50100068
10002c5c:	50100070 	.word	0x50100070
10002c60:	20000edc 	.word	0x20000edc
10002c64:	50100180 	.word	0x50100180
10002c68:	0001d010 	.word	0x0001d010

10002c6c <dcd_edpt0_status_complete>:
10002c6c:	780b      	ldrb	r3, [r1, #0]
10002c6e:	065b      	lsls	r3, r3, #25
10002c70:	d102      	bne.n	10002c78 <dcd_edpt0_status_complete+0xc>
10002c72:	784b      	ldrb	r3, [r1, #1]
10002c74:	2b05      	cmp	r3, #5
10002c76:	d000      	beq.n	10002c7a <dcd_edpt0_status_complete+0xe>
10002c78:	4770      	bx	lr
10002c7a:	788a      	ldrb	r2, [r1, #2]
10002c7c:	4b01      	ldr	r3, [pc, #4]	; (10002c84 <dcd_edpt0_status_complete+0x18>)
10002c7e:	601a      	str	r2, [r3, #0]
10002c80:	e7fa      	b.n	10002c78 <dcd_edpt0_status_complete+0xc>
10002c82:	46c0      	nop			; (mov r8, r8)
10002c84:	50110000 	.word	0x50110000

10002c88 <dcd_edpt_open>:
10002c88:	b5f0      	push	{r4, r5, r6, r7, lr}
10002c8a:	46c6      	mov	lr, r8
10002c8c:	2307      	movs	r3, #7
10002c8e:	b500      	push	{lr}
10002c90:	7948      	ldrb	r0, [r1, #5]
10002c92:	788f      	ldrb	r7, [r1, #2]
10002c94:	790a      	ldrb	r2, [r1, #4]
10002c96:	4003      	ands	r3, r0
10002c98:	78c8      	ldrb	r0, [r1, #3]
10002c9a:	217f      	movs	r1, #127	; 0x7f
10002c9c:	0780      	lsls	r0, r0, #30
10002c9e:	4039      	ands	r1, r7
10002ca0:	0f80      	lsrs	r0, r0, #30
10002ca2:	021b      	lsls	r3, r3, #8
10002ca4:	09fc      	lsrs	r4, r7, #7
10002ca6:	4313      	orrs	r3, r2
10002ca8:	004e      	lsls	r6, r1, #1
10002caa:	b2c2      	uxtb	r2, r0
10002cac:	4694      	mov	ip, r2
10002cae:	4d28      	ldr	r5, [pc, #160]	; (10002d50 <dcd_edpt_open+0xc8>)
10002cb0:	1932      	adds	r2, r6, r4
10002cb2:	0152      	lsls	r2, r2, #5
10002cb4:	18aa      	adds	r2, r5, r2
10002cb6:	7097      	strb	r7, [r2, #2]
10002cb8:	2701      	movs	r7, #1
10002cba:	4067      	eors	r7, r4
10002cbc:	7057      	strb	r7, [r2, #1]
10002cbe:	2700      	movs	r7, #0
10002cc0:	8393      	strh	r3, [r2, #28]
10002cc2:	70d7      	strb	r7, [r2, #3]
10002cc4:	7790      	strb	r0, [r2, #30]
10002cc6:	00ca      	lsls	r2, r1, #3
10002cc8:	2c01      	cmp	r4, #1
10002cca:	d027      	beq.n	10002d1c <dcd_edpt_open+0x94>
10002ccc:	4821      	ldr	r0, [pc, #132]	; (10002d54 <dcd_edpt_open+0xcc>)
10002cce:	4680      	mov	r8, r0
10002cd0:	0188      	lsls	r0, r1, #6
10002cd2:	4442      	add	r2, r8
10002cd4:	1828      	adds	r0, r5, r0
10002cd6:	6082      	str	r2, [r0, #8]
10002cd8:	6017      	str	r7, [r2, #0]
10002cda:	2900      	cmp	r1, #0
10002cdc:	d027      	beq.n	10002d2e <dcd_edpt_open+0xa6>
10002cde:	4a1e      	ldr	r2, [pc, #120]	; (10002d58 <dcd_edpt_open+0xd0>)
10002ce0:	00c9      	lsls	r1, r1, #3
10002ce2:	4690      	mov	r8, r2
10002ce4:	4441      	add	r1, r8
10002ce6:	6041      	str	r1, [r0, #4]
10002ce8:	223f      	movs	r2, #63	; 0x3f
10002cea:	333f      	adds	r3, #63	; 0x3f
10002cec:	4393      	bics	r3, r2
10002cee:	4662      	mov	r2, ip
10002cf0:	2a02      	cmp	r2, #2
10002cf2:	d100      	bne.n	10002cf6 <dcd_edpt_open+0x6e>
10002cf4:	005b      	lsls	r3, r3, #1
10002cf6:	4919      	ldr	r1, [pc, #100]	; (10002d5c <dcd_edpt_open+0xd4>)
10002cf8:	1936      	adds	r6, r6, r4
10002cfa:	680a      	ldr	r2, [r1, #0]
10002cfc:	0176      	lsls	r6, r6, #5
10002cfe:	18d3      	adds	r3, r2, r3
10002d00:	600b      	str	r3, [r1, #0]
10002d02:	4b17      	ldr	r3, [pc, #92]	; (10002d60 <dcd_edpt_open+0xd8>)
10002d04:	19ad      	adds	r5, r5, r6
10002d06:	60ea      	str	r2, [r5, #12]
10002d08:	4053      	eors	r3, r2
10002d0a:	4662      	mov	r2, ip
10002d0c:	0692      	lsls	r2, r2, #26
10002d0e:	4313      	orrs	r3, r2
10002d10:	2280      	movs	r2, #128	; 0x80
10002d12:	0612      	lsls	r2, r2, #24
10002d14:	4313      	orrs	r3, r2
10002d16:	686a      	ldr	r2, [r5, #4]
10002d18:	6013      	str	r3, [r2, #0]
10002d1a:	e00e      	b.n	10002d3a <dcd_edpt_open+0xb2>
10002d1c:	4811      	ldr	r0, [pc, #68]	; (10002d64 <dcd_edpt_open+0xdc>)
10002d1e:	4680      	mov	r8, r0
10002d20:	0188      	lsls	r0, r1, #6
10002d22:	4442      	add	r2, r8
10002d24:	1828      	adds	r0, r5, r0
10002d26:	6282      	str	r2, [r0, #40]	; 0x28
10002d28:	6017      	str	r7, [r2, #0]
10002d2a:	2900      	cmp	r1, #0
10002d2c:	d109      	bne.n	10002d42 <dcd_edpt_open+0xba>
10002d2e:	2300      	movs	r3, #0
10002d30:	0164      	lsls	r4, r4, #5
10002d32:	192d      	adds	r5, r5, r4
10002d34:	606b      	str	r3, [r5, #4]
10002d36:	4b0c      	ldr	r3, [pc, #48]	; (10002d68 <dcd_edpt_open+0xe0>)
10002d38:	60eb      	str	r3, [r5, #12]
10002d3a:	2001      	movs	r0, #1
10002d3c:	bc04      	pop	{r2}
10002d3e:	4690      	mov	r8, r2
10002d40:	bdf0      	pop	{r4, r5, r6, r7, pc}
10002d42:	4a07      	ldr	r2, [pc, #28]	; (10002d60 <dcd_edpt_open+0xd8>)
10002d44:	00c9      	lsls	r1, r1, #3
10002d46:	4690      	mov	r8, r2
10002d48:	4441      	add	r1, r8
10002d4a:	6241      	str	r1, [r0, #36]	; 0x24
10002d4c:	e7cc      	b.n	10002ce8 <dcd_edpt_open+0x60>
10002d4e:	46c0      	nop			; (mov r8, r8)
10002d50:	20000ad4 	.word	0x20000ad4
10002d54:	50100084 	.word	0x50100084
10002d58:	50100004 	.word	0x50100004
10002d5c:	20000edc 	.word	0x20000edc
10002d60:	50100000 	.word	0x50100000
10002d64:	50100080 	.word	0x50100080
10002d68:	50100100 	.word	0x50100100

10002d6c <dcd_edpt_close_all>:
10002d6c:	2300      	movs	r3, #0
10002d6e:	4a1c      	ldr	r2, [pc, #112]	; (10002de0 <dcd_edpt_close_all+0x74>)
10002d70:	b510      	push	{r4, lr}
10002d72:	6093      	str	r3, [r2, #8]
10002d74:	60d3      	str	r3, [r2, #12]
10002d76:	4a1b      	ldr	r2, [pc, #108]	; (10002de4 <dcd_edpt_close_all+0x78>)
10002d78:	2100      	movs	r1, #0
10002d7a:	6093      	str	r3, [r2, #8]
10002d7c:	60d3      	str	r3, [r2, #12]
10002d7e:	4a1a      	ldr	r2, [pc, #104]	; (10002de8 <dcd_edpt_close_all+0x7c>)
10002d80:	481a      	ldr	r0, [pc, #104]	; (10002dec <dcd_edpt_close_all+0x80>)
10002d82:	6093      	str	r3, [r2, #8]
10002d84:	60d3      	str	r3, [r2, #12]
10002d86:	4a1a      	ldr	r2, [pc, #104]	; (10002df0 <dcd_edpt_close_all+0x84>)
10002d88:	6093      	str	r3, [r2, #8]
10002d8a:	60d3      	str	r3, [r2, #12]
10002d8c:	4a19      	ldr	r2, [pc, #100]	; (10002df4 <dcd_edpt_close_all+0x88>)
10002d8e:	6093      	str	r3, [r2, #8]
10002d90:	60d3      	str	r3, [r2, #12]
10002d92:	4a19      	ldr	r2, [pc, #100]	; (10002df8 <dcd_edpt_close_all+0x8c>)
10002d94:	6093      	str	r3, [r2, #8]
10002d96:	60d3      	str	r3, [r2, #12]
10002d98:	4a18      	ldr	r2, [pc, #96]	; (10002dfc <dcd_edpt_close_all+0x90>)
10002d9a:	6093      	str	r3, [r2, #8]
10002d9c:	60d3      	str	r3, [r2, #12]
10002d9e:	4a18      	ldr	r2, [pc, #96]	; (10002e00 <dcd_edpt_close_all+0x94>)
10002da0:	6093      	str	r3, [r2, #8]
10002da2:	60d3      	str	r3, [r2, #12]
10002da4:	4a17      	ldr	r2, [pc, #92]	; (10002e04 <dcd_edpt_close_all+0x98>)
10002da6:	6093      	str	r3, [r2, #8]
10002da8:	60d3      	str	r3, [r2, #12]
10002daa:	4a17      	ldr	r2, [pc, #92]	; (10002e08 <dcd_edpt_close_all+0x9c>)
10002dac:	6093      	str	r3, [r2, #8]
10002dae:	60d3      	str	r3, [r2, #12]
10002db0:	4a16      	ldr	r2, [pc, #88]	; (10002e0c <dcd_edpt_close_all+0xa0>)
10002db2:	6093      	str	r3, [r2, #8]
10002db4:	60d3      	str	r3, [r2, #12]
10002db6:	4a16      	ldr	r2, [pc, #88]	; (10002e10 <dcd_edpt_close_all+0xa4>)
10002db8:	6093      	str	r3, [r2, #8]
10002dba:	60d3      	str	r3, [r2, #12]
10002dbc:	4a15      	ldr	r2, [pc, #84]	; (10002e14 <dcd_edpt_close_all+0xa8>)
10002dbe:	6093      	str	r3, [r2, #8]
10002dc0:	60d3      	str	r3, [r2, #12]
10002dc2:	4a15      	ldr	r2, [pc, #84]	; (10002e18 <dcd_edpt_close_all+0xac>)
10002dc4:	6093      	str	r3, [r2, #8]
10002dc6:	60d3      	str	r3, [r2, #12]
10002dc8:	4a14      	ldr	r2, [pc, #80]	; (10002e1c <dcd_edpt_close_all+0xb0>)
10002dca:	6093      	str	r3, [r2, #8]
10002dcc:	60d3      	str	r3, [r2, #12]
10002dce:	22f0      	movs	r2, #240	; 0xf0
10002dd0:	0092      	lsls	r2, r2, #2
10002dd2:	f7ff fa39 	bl	10002248 <__wrap_memset>
10002dd6:	4b12      	ldr	r3, [pc, #72]	; (10002e20 <dcd_edpt_close_all+0xb4>)
10002dd8:	4a12      	ldr	r2, [pc, #72]	; (10002e24 <dcd_edpt_close_all+0xb8>)
10002dda:	601a      	str	r2, [r3, #0]
10002ddc:	bd10      	pop	{r4, pc}
10002dde:	46c0      	nop			; (mov r8, r8)
10002de0:	50100000 	.word	0x50100000
10002de4:	50100008 	.word	0x50100008
10002de8:	50100010 	.word	0x50100010
10002dec:	20000b14 	.word	0x20000b14
10002df0:	50100018 	.word	0x50100018
10002df4:	50100020 	.word	0x50100020
10002df8:	50100028 	.word	0x50100028
10002dfc:	50100030 	.word	0x50100030
10002e00:	50100038 	.word	0x50100038
10002e04:	50100040 	.word	0x50100040
10002e08:	50100048 	.word	0x50100048
10002e0c:	50100050 	.word	0x50100050
10002e10:	50100058 	.word	0x50100058
10002e14:	50100060 	.word	0x50100060
10002e18:	50100068 	.word	0x50100068
10002e1c:	50100070 	.word	0x50100070
10002e20:	20000edc 	.word	0x20000edc
10002e24:	50100180 	.word	0x50100180

10002e28 <dcd_edpt_xfer>:
10002e28:	207f      	movs	r0, #127	; 0x7f
10002e2a:	b520      	push	{r5, lr}
10002e2c:	0015      	movs	r5, r2
10002e2e:	4008      	ands	r0, r1
10002e30:	0040      	lsls	r0, r0, #1
10002e32:	09c9      	lsrs	r1, r1, #7
10002e34:	1840      	adds	r0, r0, r1
10002e36:	4904      	ldr	r1, [pc, #16]	; (10002e48 <dcd_edpt_xfer+0x20>)
10002e38:	0140      	lsls	r0, r0, #5
10002e3a:	1840      	adds	r0, r0, r1
10002e3c:	001a      	movs	r2, r3
10002e3e:	0029      	movs	r1, r5
10002e40:	f000 f890 	bl	10002f64 <hw_endpoint_xfer_start>
10002e44:	2001      	movs	r0, #1
10002e46:	bd20      	pop	{r5, pc}
10002e48:	20000ad4 	.word	0x20000ad4

10002e4c <dcd_edpt_stall>:
10002e4c:	237f      	movs	r3, #127	; 0x7f
10002e4e:	b510      	push	{r4, lr}
10002e50:	400b      	ands	r3, r1
10002e52:	09c9      	lsrs	r1, r1, #7
10002e54:	2b00      	cmp	r3, #0
10002e56:	d103      	bne.n	10002e60 <dcd_edpt_stall+0x14>
10002e58:	2202      	movs	r2, #2
10002e5a:	4807      	ldr	r0, [pc, #28]	; (10002e78 <dcd_edpt_stall+0x2c>)
10002e5c:	1a52      	subs	r2, r2, r1
10002e5e:	6682      	str	r2, [r0, #104]	; 0x68
10002e60:	2280      	movs	r2, #128	; 0x80
10002e62:	0058      	lsls	r0, r3, #1
10002e64:	1840      	adds	r0, r0, r1
10002e66:	4b05      	ldr	r3, [pc, #20]	; (10002e7c <dcd_edpt_stall+0x30>)
10002e68:	0140      	lsls	r0, r0, #5
10002e6a:	18c0      	adds	r0, r0, r3
10002e6c:	0112      	lsls	r2, r2, #4
10002e6e:	2100      	movs	r1, #0
10002e70:	f000 f858 	bl	10002f24 <_hw_endpoint_buffer_control_update32>
10002e74:	bd10      	pop	{r4, pc}
10002e76:	46c0      	nop			; (mov r8, r8)
10002e78:	50112000 	.word	0x50112000
10002e7c:	20000ad4 	.word	0x20000ad4

10002e80 <dcd_edpt_clear_stall>:
10002e80:	237f      	movs	r3, #127	; 0x7f
10002e82:	b510      	push	{r4, lr}
10002e84:	400b      	ands	r3, r1
10002e86:	d100      	bne.n	10002e8a <dcd_edpt_clear_stall+0xa>
10002e88:	bd10      	pop	{r4, pc}
10002e8a:	09c9      	lsrs	r1, r1, #7
10002e8c:	0058      	lsls	r0, r3, #1
10002e8e:	1840      	adds	r0, r0, r1
10002e90:	4b04      	ldr	r3, [pc, #16]	; (10002ea4 <dcd_edpt_clear_stall+0x24>)
10002e92:	0140      	lsls	r0, r0, #5
10002e94:	1818      	adds	r0, r3, r0
10002e96:	2300      	movs	r3, #0
10002e98:	2200      	movs	r2, #0
10002e9a:	70c3      	strb	r3, [r0, #3]
10002e9c:	4902      	ldr	r1, [pc, #8]	; (10002ea8 <dcd_edpt_clear_stall+0x28>)
10002e9e:	f000 f841 	bl	10002f24 <_hw_endpoint_buffer_control_update32>
10002ea2:	e7f1      	b.n	10002e88 <dcd_edpt_clear_stall+0x8>
10002ea4:	20000ad4 	.word	0x20000ad4
10002ea8:	fffff7ff 	.word	0xfffff7ff

10002eac <_hw_endpoint_buffer_control_update32.part.2>:
10002eac:	217f      	movs	r1, #127	; 0x7f
10002eae:	b510      	push	{r4, lr}
10002eb0:	7880      	ldrb	r0, [r0, #2]
10002eb2:	4a04      	ldr	r2, [pc, #16]	; (10002ec4 <_hw_endpoint_buffer_control_update32.part.2+0x18>)
10002eb4:	09c3      	lsrs	r3, r0, #7
10002eb6:	009b      	lsls	r3, r3, #2
10002eb8:	4001      	ands	r1, r0
10002eba:	589a      	ldr	r2, [r3, r2]
10002ebc:	4802      	ldr	r0, [pc, #8]	; (10002ec8 <_hw_endpoint_buffer_control_update32.part.2+0x1c>)
10002ebe:	f7fe fe2d 	bl	10001b1c <panic>
10002ec2:	46c0      	nop			; (mov r8, r8)
10002ec4:	20000424 	.word	0x20000424
10002ec8:	10005214 	.word	0x10005214

10002ecc <rp2040_usb_init>:
10002ecc:	2280      	movs	r2, #128	; 0x80
10002ece:	4b0d      	ldr	r3, [pc, #52]	; (10002f04 <rp2040_usb_init+0x38>)
10002ed0:	0452      	lsls	r2, r2, #17
10002ed2:	b510      	push	{r4, lr}
10002ed4:	601a      	str	r2, [r3, #0]
10002ed6:	4b0c      	ldr	r3, [pc, #48]	; (10002f08 <rp2040_usb_init+0x3c>)
10002ed8:	490c      	ldr	r1, [pc, #48]	; (10002f0c <rp2040_usb_init+0x40>)
10002eda:	601a      	str	r2, [r3, #0]
10002edc:	0010      	movs	r0, r2
10002ede:	688b      	ldr	r3, [r1, #8]
10002ee0:	4398      	bics	r0, r3
10002ee2:	d1fb      	bne.n	10002edc <rp2040_usb_init+0x10>
10002ee4:	4c0a      	ldr	r4, [pc, #40]	; (10002f10 <rp2040_usb_init+0x44>)
10002ee6:	229c      	movs	r2, #156	; 0x9c
10002ee8:	2100      	movs	r1, #0
10002eea:	0020      	movs	r0, r4
10002eec:	f7ff f9ac 	bl	10002248 <__wrap_memset>
10002ef0:	2280      	movs	r2, #128	; 0x80
10002ef2:	2100      	movs	r1, #0
10002ef4:	0152      	lsls	r2, r2, #5
10002ef6:	4807      	ldr	r0, [pc, #28]	; (10002f14 <rp2040_usb_init+0x48>)
10002ef8:	f7ff f9a6 	bl	10002248 <__wrap_memset>
10002efc:	2309      	movs	r3, #9
10002efe:	6763      	str	r3, [r4, #116]	; 0x74
10002f00:	bd10      	pop	{r4, pc}
10002f02:	46c0      	nop			; (mov r8, r8)
10002f04:	4000e000 	.word	0x4000e000
10002f08:	4000f000 	.word	0x4000f000
10002f0c:	4000c000 	.word	0x4000c000
10002f10:	50110000 	.word	0x50110000
10002f14:	50100000 	.word	0x50100000

10002f18 <hw_endpoint_reset_transfer>:
10002f18:	2300      	movs	r3, #0
10002f1a:	7403      	strb	r3, [r0, #16]
10002f1c:	8243      	strh	r3, [r0, #18]
10002f1e:	8283      	strh	r3, [r0, #20]
10002f20:	6183      	str	r3, [r0, #24]
10002f22:	4770      	bx	lr

10002f24 <_hw_endpoint_buffer_control_update32>:
10002f24:	b510      	push	{r4, lr}
10002f26:	6883      	ldr	r3, [r0, #8]
10002f28:	2900      	cmp	r1, #0
10002f2a:	d001      	beq.n	10002f30 <_hw_endpoint_buffer_control_update32+0xc>
10002f2c:	681c      	ldr	r4, [r3, #0]
10002f2e:	4021      	ands	r1, r4
10002f30:	2a00      	cmp	r2, #0
10002f32:	d011      	beq.n	10002f58 <_hw_endpoint_buffer_control_update32+0x34>
10002f34:	2480      	movs	r4, #128	; 0x80
10002f36:	00e4      	lsls	r4, r4, #3
10002f38:	4311      	orrs	r1, r2
10002f3a:	4222      	tst	r2, r4
10002f3c:	d00c      	beq.n	10002f58 <_hw_endpoint_buffer_control_update32+0x34>
10002f3e:	681a      	ldr	r2, [r3, #0]
10002f40:	4222      	tst	r2, r4
10002f42:	d10b      	bne.n	10002f5c <_hw_endpoint_buffer_control_update32+0x38>
10002f44:	4a06      	ldr	r2, [pc, #24]	; (10002f60 <_hw_endpoint_buffer_control_update32+0x3c>)
10002f46:	400a      	ands	r2, r1
10002f48:	601a      	str	r2, [r3, #0]
10002f4a:	e7ff      	b.n	10002f4c <_hw_endpoint_buffer_control_update32+0x28>
10002f4c:	e7ff      	b.n	10002f4e <_hw_endpoint_buffer_control_update32+0x2a>
10002f4e:	e7ff      	b.n	10002f50 <_hw_endpoint_buffer_control_update32+0x2c>
10002f50:	e7ff      	b.n	10002f52 <_hw_endpoint_buffer_control_update32+0x2e>
10002f52:	e7ff      	b.n	10002f54 <_hw_endpoint_buffer_control_update32+0x30>
10002f54:	e7ff      	b.n	10002f56 <_hw_endpoint_buffer_control_update32+0x32>
10002f56:	6883      	ldr	r3, [r0, #8]
10002f58:	6019      	str	r1, [r3, #0]
10002f5a:	bd10      	pop	{r4, pc}
10002f5c:	f7ff ffa6 	bl	10002eac <_hw_endpoint_buffer_control_update32.part.2>
10002f60:	fffffbff 	.word	0xfffffbff

10002f64 <hw_endpoint_xfer_start>:
10002f64:	b5f0      	push	{r4, r5, r6, r7, lr}
10002f66:	46c6      	mov	lr, r8
10002f68:	2300      	movs	r3, #0
10002f6a:	b500      	push	{lr}
10002f6c:	8283      	strh	r3, [r0, #20]
10002f6e:	3301      	adds	r3, #1
10002f70:	7403      	strb	r3, [r0, #16]
10002f72:	6843      	ldr	r3, [r0, #4]
10002f74:	0004      	movs	r4, r0
10002f76:	681e      	ldr	r6, [r3, #0]
10002f78:	8b83      	ldrh	r3, [r0, #28]
10002f7a:	6181      	str	r1, [r0, #24]
10002f7c:	1c1f      	adds	r7, r3, #0
10002f7e:	4293      	cmp	r3, r2
10002f80:	d900      	bls.n	10002f84 <hw_endpoint_xfer_start+0x20>
10002f82:	1c17      	adds	r7, r2, #0
10002f84:	2580      	movs	r5, #128	; 0x80
10002f86:	b2bf      	uxth	r7, r7
10002f88:	1bd2      	subs	r2, r2, r7
10002f8a:	78e3      	ldrb	r3, [r4, #3]
10002f8c:	b292      	uxth	r2, r2
10002f8e:	00ed      	lsls	r5, r5, #3
10002f90:	8262      	strh	r2, [r4, #18]
10002f92:	433d      	orrs	r5, r7
10002f94:	2b00      	cmp	r3, #0
10002f96:	d002      	beq.n	10002f9e <hw_endpoint_xfer_start+0x3a>
10002f98:	2590      	movs	r5, #144	; 0x90
10002f9a:	01ad      	lsls	r5, r5, #6
10002f9c:	433d      	orrs	r5, r7
10002f9e:	2001      	movs	r0, #1
10002fa0:	4043      	eors	r3, r0
10002fa2:	70e3      	strb	r3, [r4, #3]
10002fa4:	7863      	ldrb	r3, [r4, #1]
10002fa6:	2b00      	cmp	r3, #0
10002fa8:	d02a      	beq.n	10003000 <hw_endpoint_xfer_start+0x9c>
10002faa:	2a00      	cmp	r2, #0
10002fac:	d022      	beq.n	10002ff4 <hw_endpoint_xfer_start+0x90>
10002fae:	2380      	movs	r3, #128	; 0x80
10002fb0:	015b      	lsls	r3, r3, #5
10002fb2:	431d      	orrs	r5, r3
10002fb4:	4b35      	ldr	r3, [pc, #212]	; (1000308c <hw_endpoint_xfer_start+0x128>)
10002fb6:	6c1b      	ldr	r3, [r3, #64]	; 0x40
10002fb8:	079b      	lsls	r3, r3, #30
10002fba:	d42e      	bmi.n	1000301a <hw_endpoint_xfer_start+0xb6>
10002fbc:	78a3      	ldrb	r3, [r4, #2]
10002fbe:	09db      	lsrs	r3, r3, #7
10002fc0:	d12b      	bne.n	1000301a <hw_endpoint_xfer_start+0xb6>
10002fc2:	4b33      	ldr	r3, [pc, #204]	; (10003090 <hw_endpoint_xfer_start+0x12c>)
10002fc4:	4033      	ands	r3, r6
10002fc6:	2680      	movs	r6, #128	; 0x80
10002fc8:	05b6      	lsls	r6, r6, #22
10002fca:	431e      	orrs	r6, r3
10002fcc:	6863      	ldr	r3, [r4, #4]
10002fce:	68a2      	ldr	r2, [r4, #8]
10002fd0:	601e      	str	r6, [r3, #0]
10002fd2:	6813      	ldr	r3, [r2, #0]
10002fd4:	055b      	lsls	r3, r3, #21
10002fd6:	d455      	bmi.n	10003084 <hw_endpoint_xfer_start+0x120>
10002fd8:	4b2e      	ldr	r3, [pc, #184]	; (10003094 <hw_endpoint_xfer_start+0x130>)
10002fda:	402b      	ands	r3, r5
10002fdc:	6013      	str	r3, [r2, #0]
10002fde:	e7ff      	b.n	10002fe0 <hw_endpoint_xfer_start+0x7c>
10002fe0:	e7ff      	b.n	10002fe2 <hw_endpoint_xfer_start+0x7e>
10002fe2:	e7ff      	b.n	10002fe4 <hw_endpoint_xfer_start+0x80>
10002fe4:	e7ff      	b.n	10002fe6 <hw_endpoint_xfer_start+0x82>
10002fe6:	e7ff      	b.n	10002fe8 <hw_endpoint_xfer_start+0x84>
10002fe8:	e7ff      	b.n	10002fea <hw_endpoint_xfer_start+0x86>
10002fea:	68a3      	ldr	r3, [r4, #8]
10002fec:	601d      	str	r5, [r3, #0]
10002fee:	bc04      	pop	{r2}
10002ff0:	4690      	mov	r8, r2
10002ff2:	bdf0      	pop	{r4, r5, r6, r7, pc}
10002ff4:	23a0      	movs	r3, #160	; 0xa0
10002ff6:	01db      	lsls	r3, r3, #7
10002ff8:	431d      	orrs	r5, r3
10002ffa:	4b24      	ldr	r3, [pc, #144]	; (1000308c <hw_endpoint_xfer_start+0x128>)
10002ffc:	6c1b      	ldr	r3, [r3, #64]	; 0x40
10002ffe:	e7e0      	b.n	10002fc2 <hw_endpoint_xfer_start+0x5e>
10003000:	003a      	movs	r2, r7
10003002:	68e0      	ldr	r0, [r4, #12]
10003004:	f7ff f926 	bl	10002254 <__wrap___aeabi_memcpy>
10003008:	69a3      	ldr	r3, [r4, #24]
1000300a:	8a62      	ldrh	r2, [r4, #18]
1000300c:	469c      	mov	ip, r3
1000300e:	2380      	movs	r3, #128	; 0x80
10003010:	4467      	add	r7, ip
10003012:	021b      	lsls	r3, r3, #8
10003014:	61a7      	str	r7, [r4, #24]
10003016:	431d      	orrs	r5, r3
10003018:	e7c7      	b.n	10002faa <hw_endpoint_xfer_start+0x46>
1000301a:	8ba3      	ldrh	r3, [r4, #28]
1000301c:	1c19      	adds	r1, r3, #0
1000301e:	4293      	cmp	r3, r2
10003020:	d900      	bls.n	10003024 <hw_endpoint_xfer_start+0xc0>
10003022:	1c11      	adds	r1, r2, #0
10003024:	2780      	movs	r7, #128	; 0x80
10003026:	b28b      	uxth	r3, r1
10003028:	00ff      	lsls	r7, r7, #3
1000302a:	1ad2      	subs	r2, r2, r3
1000302c:	4698      	mov	r8, r3
1000302e:	431f      	orrs	r7, r3
10003030:	78e3      	ldrb	r3, [r4, #3]
10003032:	b292      	uxth	r2, r2
10003034:	8262      	strh	r2, [r4, #18]
10003036:	2b00      	cmp	r3, #0
10003038:	d003      	beq.n	10003042 <hw_endpoint_xfer_start+0xde>
1000303a:	2790      	movs	r7, #144	; 0x90
1000303c:	4641      	mov	r1, r8
1000303e:	01bf      	lsls	r7, r7, #6
10003040:	430f      	orrs	r7, r1
10003042:	2101      	movs	r1, #1
10003044:	404b      	eors	r3, r1
10003046:	70e3      	strb	r3, [r4, #3]
10003048:	7863      	ldrb	r3, [r4, #1]
1000304a:	2b00      	cmp	r3, #0
1000304c:	d00c      	beq.n	10003068 <hw_endpoint_xfer_start+0x104>
1000304e:	2a00      	cmp	r2, #0
10003050:	d102      	bne.n	10003058 <hw_endpoint_xfer_start+0xf4>
10003052:	2380      	movs	r3, #128	; 0x80
10003054:	01db      	lsls	r3, r3, #7
10003056:	431f      	orrs	r7, r3
10003058:	4b0f      	ldr	r3, [pc, #60]	; (10003098 <hw_endpoint_xfer_start+0x134>)
1000305a:	043f      	lsls	r7, r7, #16
1000305c:	4033      	ands	r3, r6
1000305e:	26a0      	movs	r6, #160	; 0xa0
10003060:	05f6      	lsls	r6, r6, #23
10003062:	433d      	orrs	r5, r7
10003064:	431e      	orrs	r6, r3
10003066:	e7b1      	b.n	10002fcc <hw_endpoint_xfer_start+0x68>
10003068:	68e0      	ldr	r0, [r4, #12]
1000306a:	4642      	mov	r2, r8
1000306c:	3040      	adds	r0, #64	; 0x40
1000306e:	69a1      	ldr	r1, [r4, #24]
10003070:	f7ff f8f0 	bl	10002254 <__wrap___aeabi_memcpy>
10003074:	69a3      	ldr	r3, [r4, #24]
10003076:	8a62      	ldrh	r2, [r4, #18]
10003078:	4443      	add	r3, r8
1000307a:	61a3      	str	r3, [r4, #24]
1000307c:	2380      	movs	r3, #128	; 0x80
1000307e:	021b      	lsls	r3, r3, #8
10003080:	431f      	orrs	r7, r3
10003082:	e7e4      	b.n	1000304e <hw_endpoint_xfer_start+0xea>
10003084:	0020      	movs	r0, r4
10003086:	f7ff ff11 	bl	10002eac <_hw_endpoint_buffer_control_update32.part.2>
1000308a:	46c0      	nop			; (mov r8, r8)
1000308c:	50110000 	.word	0x50110000
10003090:	afffffff 	.word	0xafffffff
10003094:	fffffbff 	.word	0xfffffbff
10003098:	dfffffff 	.word	0xdfffffff

1000309c <hw_endpoint_xfer_continue>:
1000309c:	b5f0      	push	{r4, r5, r6, r7, lr}
1000309e:	46c6      	mov	lr, r8
100030a0:	b500      	push	{lr}
100030a2:	7c06      	ldrb	r6, [r0, #16]
100030a4:	0004      	movs	r4, r0
100030a6:	2e00      	cmp	r6, #0
100030a8:	d100      	bne.n	100030ac <hw_endpoint_xfer_continue+0x10>
100030aa:	e0d1      	b.n	10003250 <hw_endpoint_xfer_continue+0x1b4>
100030ac:	6883      	ldr	r3, [r0, #8]
100030ae:	681a      	ldr	r2, [r3, #0]
100030b0:	681d      	ldr	r5, [r3, #0]
100030b2:	7843      	ldrb	r3, [r0, #1]
100030b4:	05ad      	lsls	r5, r5, #22
100030b6:	0dad      	lsrs	r5, r5, #22
100030b8:	2b00      	cmp	r3, #0
100030ba:	d150      	bne.n	1000315e <hw_endpoint_xfer_continue+0xc2>
100030bc:	8a83      	ldrh	r3, [r0, #20]
100030be:	18eb      	adds	r3, r5, r3
100030c0:	b29b      	uxth	r3, r3
100030c2:	8283      	strh	r3, [r0, #20]
100030c4:	8ba1      	ldrh	r1, [r4, #28]
100030c6:	6862      	ldr	r2, [r4, #4]
100030c8:	428d      	cmp	r5, r1
100030ca:	d206      	bcs.n	100030da <hw_endpoint_xfer_continue+0x3e>
100030cc:	2300      	movs	r3, #0
100030ce:	8263      	strh	r3, [r4, #18]
100030d0:	6813      	ldr	r3, [r2, #0]
100030d2:	0030      	movs	r0, r6
100030d4:	bc04      	pop	{r2}
100030d6:	4690      	mov	r8, r2
100030d8:	bdf0      	pop	{r4, r5, r6, r7, pc}
100030da:	6812      	ldr	r2, [r2, #0]
100030dc:	0052      	lsls	r2, r2, #1
100030de:	d502      	bpl.n	100030e6 <hw_endpoint_xfer_continue+0x4a>
100030e0:	428d      	cmp	r5, r1
100030e2:	d100      	bne.n	100030e6 <hw_endpoint_xfer_continue+0x4a>
100030e4:	e074      	b.n	100031d0 <hw_endpoint_xfer_continue+0x134>
100030e6:	8a63      	ldrh	r3, [r4, #18]
100030e8:	2b00      	cmp	r3, #0
100030ea:	d0f2      	beq.n	100030d2 <hw_endpoint_xfer_continue+0x36>
100030ec:	6862      	ldr	r2, [r4, #4]
100030ee:	1c1f      	adds	r7, r3, #0
100030f0:	6816      	ldr	r6, [r2, #0]
100030f2:	428b      	cmp	r3, r1
100030f4:	d900      	bls.n	100030f8 <hw_endpoint_xfer_continue+0x5c>
100030f6:	1c0f      	adds	r7, r1, #0
100030f8:	2580      	movs	r5, #128	; 0x80
100030fa:	b2bf      	uxth	r7, r7
100030fc:	1bdb      	subs	r3, r3, r7
100030fe:	78e2      	ldrb	r2, [r4, #3]
10003100:	b29b      	uxth	r3, r3
10003102:	00ed      	lsls	r5, r5, #3
10003104:	8263      	strh	r3, [r4, #18]
10003106:	433d      	orrs	r5, r7
10003108:	2a00      	cmp	r2, #0
1000310a:	d002      	beq.n	10003112 <hw_endpoint_xfer_continue+0x76>
1000310c:	2590      	movs	r5, #144	; 0x90
1000310e:	01ad      	lsls	r5, r5, #6
10003110:	433d      	orrs	r5, r7
10003112:	2101      	movs	r1, #1
10003114:	404a      	eors	r2, r1
10003116:	70e2      	strb	r2, [r4, #3]
10003118:	7862      	ldrb	r2, [r4, #1]
1000311a:	2a00      	cmp	r2, #0
1000311c:	d067      	beq.n	100031ee <hw_endpoint_xfer_continue+0x152>
1000311e:	2b00      	cmp	r3, #0
10003120:	d12a      	bne.n	10003178 <hw_endpoint_xfer_continue+0xdc>
10003122:	23a0      	movs	r3, #160	; 0xa0
10003124:	01db      	lsls	r3, r3, #7
10003126:	431d      	orrs	r5, r3
10003128:	4b4e      	ldr	r3, [pc, #312]	; (10003264 <hw_endpoint_xfer_continue+0x1c8>)
1000312a:	6c1b      	ldr	r3, [r3, #64]	; 0x40
1000312c:	4b4e      	ldr	r3, [pc, #312]	; (10003268 <hw_endpoint_xfer_continue+0x1cc>)
1000312e:	4033      	ands	r3, r6
10003130:	2680      	movs	r6, #128	; 0x80
10003132:	05b6      	lsls	r6, r6, #22
10003134:	431e      	orrs	r6, r3
10003136:	6863      	ldr	r3, [r4, #4]
10003138:	68a2      	ldr	r2, [r4, #8]
1000313a:	601e      	str	r6, [r3, #0]
1000313c:	6813      	ldr	r3, [r2, #0]
1000313e:	055b      	lsls	r3, r3, #21
10003140:	d500      	bpl.n	10003144 <hw_endpoint_xfer_continue+0xa8>
10003142:	e08c      	b.n	1000325e <hw_endpoint_xfer_continue+0x1c2>
10003144:	4b49      	ldr	r3, [pc, #292]	; (1000326c <hw_endpoint_xfer_continue+0x1d0>)
10003146:	402b      	ands	r3, r5
10003148:	6013      	str	r3, [r2, #0]
1000314a:	e7ff      	b.n	1000314c <hw_endpoint_xfer_continue+0xb0>
1000314c:	e7ff      	b.n	1000314e <hw_endpoint_xfer_continue+0xb2>
1000314e:	e7ff      	b.n	10003150 <hw_endpoint_xfer_continue+0xb4>
10003150:	e7ff      	b.n	10003152 <hw_endpoint_xfer_continue+0xb6>
10003152:	e7ff      	b.n	10003154 <hw_endpoint_xfer_continue+0xb8>
10003154:	e7ff      	b.n	10003156 <hw_endpoint_xfer_continue+0xba>
10003156:	68a3      	ldr	r3, [r4, #8]
10003158:	2600      	movs	r6, #0
1000315a:	601d      	str	r5, [r3, #0]
1000315c:	e7b9      	b.n	100030d2 <hw_endpoint_xfer_continue+0x36>
1000315e:	002a      	movs	r2, r5
10003160:	68c1      	ldr	r1, [r0, #12]
10003162:	6980      	ldr	r0, [r0, #24]
10003164:	f7ff f876 	bl	10002254 <__wrap___aeabi_memcpy>
10003168:	8aa3      	ldrh	r3, [r4, #20]
1000316a:	69a2      	ldr	r2, [r4, #24]
1000316c:	18eb      	adds	r3, r5, r3
1000316e:	b29b      	uxth	r3, r3
10003170:	1952      	adds	r2, r2, r5
10003172:	82a3      	strh	r3, [r4, #20]
10003174:	61a2      	str	r2, [r4, #24]
10003176:	e7a5      	b.n	100030c4 <hw_endpoint_xfer_continue+0x28>
10003178:	2280      	movs	r2, #128	; 0x80
1000317a:	0152      	lsls	r2, r2, #5
1000317c:	4315      	orrs	r5, r2
1000317e:	4a39      	ldr	r2, [pc, #228]	; (10003264 <hw_endpoint_xfer_continue+0x1c8>)
10003180:	6c12      	ldr	r2, [r2, #64]	; 0x40
10003182:	0792      	lsls	r2, r2, #30
10003184:	d402      	bmi.n	1000318c <hw_endpoint_xfer_continue+0xf0>
10003186:	78a2      	ldrb	r2, [r4, #2]
10003188:	09d2      	lsrs	r2, r2, #7
1000318a:	d0cf      	beq.n	1000312c <hw_endpoint_xfer_continue+0x90>
1000318c:	8ba2      	ldrh	r2, [r4, #28]
1000318e:	1c11      	adds	r1, r2, #0
10003190:	429a      	cmp	r2, r3
10003192:	d83f      	bhi.n	10003214 <hw_endpoint_xfer_continue+0x178>
10003194:	2780      	movs	r7, #128	; 0x80
10003196:	b28a      	uxth	r2, r1
10003198:	00ff      	lsls	r7, r7, #3
1000319a:	1a9b      	subs	r3, r3, r2
1000319c:	4690      	mov	r8, r2
1000319e:	4317      	orrs	r7, r2
100031a0:	78e2      	ldrb	r2, [r4, #3]
100031a2:	b29b      	uxth	r3, r3
100031a4:	8263      	strh	r3, [r4, #18]
100031a6:	2a00      	cmp	r2, #0
100031a8:	d12f      	bne.n	1000320a <hw_endpoint_xfer_continue+0x16e>
100031aa:	2101      	movs	r1, #1
100031ac:	404a      	eors	r2, r1
100031ae:	70e2      	strb	r2, [r4, #3]
100031b0:	7862      	ldrb	r2, [r4, #1]
100031b2:	2a00      	cmp	r2, #0
100031b4:	d03e      	beq.n	10003234 <hw_endpoint_xfer_continue+0x198>
100031b6:	2b00      	cmp	r3, #0
100031b8:	d102      	bne.n	100031c0 <hw_endpoint_xfer_continue+0x124>
100031ba:	2380      	movs	r3, #128	; 0x80
100031bc:	01db      	lsls	r3, r3, #7
100031be:	431f      	orrs	r7, r3
100031c0:	4b2b      	ldr	r3, [pc, #172]	; (10003270 <hw_endpoint_xfer_continue+0x1d4>)
100031c2:	043f      	lsls	r7, r7, #16
100031c4:	4033      	ands	r3, r6
100031c6:	26a0      	movs	r6, #160	; 0xa0
100031c8:	05f6      	lsls	r6, r6, #23
100031ca:	433d      	orrs	r5, r7
100031cc:	431e      	orrs	r6, r3
100031ce:	e7b2      	b.n	10003136 <hw_endpoint_xfer_continue+0x9a>
100031d0:	68a2      	ldr	r2, [r4, #8]
100031d2:	6815      	ldr	r5, [r2, #0]
100031d4:	7862      	ldrb	r2, [r4, #1]
100031d6:	01ad      	lsls	r5, r5, #6
100031d8:	0dad      	lsrs	r5, r5, #22
100031da:	2a00      	cmp	r2, #0
100031dc:	d11c      	bne.n	10003218 <hw_endpoint_xfer_continue+0x17c>
100031de:	18eb      	adds	r3, r5, r3
100031e0:	82a3      	strh	r3, [r4, #20]
100031e2:	428d      	cmp	r5, r1
100031e4:	d300      	bcc.n	100031e8 <hw_endpoint_xfer_continue+0x14c>
100031e6:	e77e      	b.n	100030e6 <hw_endpoint_xfer_continue+0x4a>
100031e8:	2300      	movs	r3, #0
100031ea:	8263      	strh	r3, [r4, #18]
100031ec:	e771      	b.n	100030d2 <hw_endpoint_xfer_continue+0x36>
100031ee:	003a      	movs	r2, r7
100031f0:	69a1      	ldr	r1, [r4, #24]
100031f2:	68e0      	ldr	r0, [r4, #12]
100031f4:	f7ff f82e 	bl	10002254 <__wrap___aeabi_memcpy>
100031f8:	69a3      	ldr	r3, [r4, #24]
100031fa:	469c      	mov	ip, r3
100031fc:	2380      	movs	r3, #128	; 0x80
100031fe:	4467      	add	r7, ip
10003200:	021b      	lsls	r3, r3, #8
10003202:	431d      	orrs	r5, r3
10003204:	61a7      	str	r7, [r4, #24]
10003206:	8a63      	ldrh	r3, [r4, #18]
10003208:	e789      	b.n	1000311e <hw_endpoint_xfer_continue+0x82>
1000320a:	2790      	movs	r7, #144	; 0x90
1000320c:	4641      	mov	r1, r8
1000320e:	01bf      	lsls	r7, r7, #6
10003210:	430f      	orrs	r7, r1
10003212:	e7ca      	b.n	100031aa <hw_endpoint_xfer_continue+0x10e>
10003214:	1c19      	adds	r1, r3, #0
10003216:	e7bd      	b.n	10003194 <hw_endpoint_xfer_continue+0xf8>
10003218:	68e1      	ldr	r1, [r4, #12]
1000321a:	002a      	movs	r2, r5
1000321c:	3140      	adds	r1, #64	; 0x40
1000321e:	69a0      	ldr	r0, [r4, #24]
10003220:	f7ff f818 	bl	10002254 <__wrap___aeabi_memcpy>
10003224:	8aa3      	ldrh	r3, [r4, #20]
10003226:	8ba1      	ldrh	r1, [r4, #28]
10003228:	18eb      	adds	r3, r5, r3
1000322a:	82a3      	strh	r3, [r4, #20]
1000322c:	69a3      	ldr	r3, [r4, #24]
1000322e:	195b      	adds	r3, r3, r5
10003230:	61a3      	str	r3, [r4, #24]
10003232:	e7d6      	b.n	100031e2 <hw_endpoint_xfer_continue+0x146>
10003234:	68e0      	ldr	r0, [r4, #12]
10003236:	4642      	mov	r2, r8
10003238:	3040      	adds	r0, #64	; 0x40
1000323a:	69a1      	ldr	r1, [r4, #24]
1000323c:	f7ff f80a 	bl	10002254 <__wrap___aeabi_memcpy>
10003240:	69a3      	ldr	r3, [r4, #24]
10003242:	4443      	add	r3, r8
10003244:	61a3      	str	r3, [r4, #24]
10003246:	2380      	movs	r3, #128	; 0x80
10003248:	021b      	lsls	r3, r3, #8
1000324a:	431f      	orrs	r7, r3
1000324c:	8a63      	ldrh	r3, [r4, #18]
1000324e:	e7b2      	b.n	100031b6 <hw_endpoint_xfer_continue+0x11a>
10003250:	237f      	movs	r3, #127	; 0x7f
10003252:	7881      	ldrb	r1, [r0, #2]
10003254:	4a07      	ldr	r2, [pc, #28]	; (10003274 <hw_endpoint_xfer_continue+0x1d8>)
10003256:	4019      	ands	r1, r3
10003258:	4807      	ldr	r0, [pc, #28]	; (10003278 <hw_endpoint_xfer_continue+0x1dc>)
1000325a:	f7fe fc5f 	bl	10001b1c <panic>
1000325e:	0020      	movs	r0, r4
10003260:	f7ff fe24 	bl	10002eac <_hw_endpoint_buffer_control_update32.part.2>
10003264:	50110000 	.word	0x50110000
10003268:	afffffff 	.word	0xafffffff
1000326c:	fffffbff 	.word	0xfffffbff
10003270:	dfffffff 	.word	0xdfffffff
10003274:	20000424 	.word	0x20000424
10003278:	10005234 	.word	0x10005234

1000327c <tud_mounted>:
1000327c:	4b02      	ldr	r3, [pc, #8]	; (10003288 <tud_mounted+0xc>)
1000327e:	7858      	ldrb	r0, [r3, #1]
10003280:	1e43      	subs	r3, r0, #1
10003282:	4198      	sbcs	r0, r3
10003284:	b2c0      	uxtb	r0, r0
10003286:	4770      	bx	lr
10003288:	200008cc 	.word	0x200008cc

1000328c <tud_suspended>:
1000328c:	4b02      	ldr	r3, [pc, #8]	; (10003298 <tud_suspended+0xc>)
1000328e:	7818      	ldrb	r0, [r3, #0]
10003290:	0740      	lsls	r0, r0, #29
10003292:	0fc0      	lsrs	r0, r0, #31
10003294:	4770      	bx	lr
10003296:	46c0      	nop			; (mov r8, r8)
10003298:	200008cc 	.word	0x200008cc

1000329c <tud_inited>:
1000329c:	4b01      	ldr	r3, [pc, #4]	; (100032a4 <tud_inited+0x8>)
1000329e:	7818      	ldrb	r0, [r3, #0]
100032a0:	4770      	bx	lr
100032a2:	46c0      	nop			; (mov r8, r8)
100032a4:	20000f2f 	.word	0x20000f2f

100032a8 <tud_init>:
100032a8:	b5f8      	push	{r3, r4, r5, r6, r7, lr}
100032aa:	4647      	mov	r7, r8
100032ac:	46ce      	mov	lr, r9
100032ae:	4e29      	ldr	r6, [pc, #164]	; (10003354 <tud_init+0xac>)
100032b0:	b580      	push	{r7, lr}
100032b2:	7833      	ldrb	r3, [r6, #0]
100032b4:	4680      	mov	r8, r0
100032b6:	2b00      	cmp	r3, #0
100032b8:	d004      	beq.n	100032c4 <tud_init+0x1c>
100032ba:	2001      	movs	r0, #1
100032bc:	bc0c      	pop	{r2, r3}
100032be:	4690      	mov	r8, r2
100032c0:	4699      	mov	r9, r3
100032c2:	bdf8      	pop	{r3, r4, r5, r6, r7, pc}
100032c4:	2253      	movs	r2, #83	; 0x53
100032c6:	2100      	movs	r1, #0
100032c8:	4823      	ldr	r0, [pc, #140]	; (10003358 <tud_init+0xb0>)
100032ca:	f7fe ffbd 	bl	10002248 <__wrap_memset>
100032ce:	4c23      	ldr	r4, [pc, #140]	; (1000335c <tud_init+0xb4>)
100032d0:	0020      	movs	r0, r4
100032d2:	f7fe fb7b 	bl	100019cc <mutex_init>
100032d6:	4b22      	ldr	r3, [pc, #136]	; (10003360 <tud_init+0xb8>)
100032d8:	601c      	str	r4, [r3, #0]
100032da:	4c22      	ldr	r4, [pc, #136]	; (10003364 <tud_init+0xbc>)
100032dc:	0020      	movs	r0, r4
100032de:	301c      	adds	r0, #28
100032e0:	f7fe fb90 	bl	10001a04 <critical_section_init>
100032e4:	0020      	movs	r0, r4
100032e6:	f001 fcef 	bl	10004cc8 <tu_fifo_clear>
100032ea:	4b1f      	ldr	r3, [pc, #124]	; (10003368 <tud_init+0xc0>)
100032ec:	4f1f      	ldr	r7, [pc, #124]	; (1000336c <tud_init+0xc4>)
100032ee:	601c      	str	r4, [r3, #0]
100032f0:	4d1f      	ldr	r5, [pc, #124]	; (10003370 <tud_init+0xc8>)
100032f2:	2f00      	cmp	r7, #0
100032f4:	d004      	beq.n	10003300 <tud_init+0x58>
100032f6:	0028      	movs	r0, r5
100032f8:	f7ff f968 	bl	100025cc <usbd_app_driver_get_cb>
100032fc:	4b1d      	ldr	r3, [pc, #116]	; (10003374 <tud_init+0xcc>)
100032fe:	6018      	str	r0, [r3, #0]
10003300:	782b      	ldrb	r3, [r5, #0]
10003302:	2400      	movs	r4, #0
10003304:	2f00      	cmp	r7, #0
10003306:	d01c      	beq.n	10003342 <tud_init+0x9a>
10003308:	4a1a      	ldr	r2, [pc, #104]	; (10003374 <tud_init+0xcc>)
1000330a:	4f1b      	ldr	r7, [pc, #108]	; (10003378 <tud_init+0xd0>)
1000330c:	4691      	mov	r9, r2
1000330e:	429c      	cmp	r4, r3
10003310:	d310      	bcc.n	10003334 <tud_init+0x8c>
10003312:	d11b      	bne.n	1000334c <tud_init+0xa4>
10003314:	003b      	movs	r3, r7
10003316:	4798      	blx	r3
10003318:	3401      	adds	r4, #1
1000331a:	782b      	ldrb	r3, [r5, #0]
1000331c:	b2e4      	uxtb	r4, r4
1000331e:	42a3      	cmp	r3, r4
10003320:	d2f5      	bcs.n	1000330e <tud_init+0x66>
10003322:	4640      	mov	r0, r8
10003324:	f7ff fc00 	bl	10002b28 <dcd_init>
10003328:	4640      	mov	r0, r8
1000332a:	f7ff fbe5 	bl	10002af8 <dcd_int_enable>
1000332e:	2301      	movs	r3, #1
10003330:	7033      	strb	r3, [r6, #0]
10003332:	e7c2      	b.n	100032ba <tud_init+0x12>
10003334:	464a      	mov	r2, r9
10003336:	0063      	lsls	r3, r4, #1
10003338:	191b      	adds	r3, r3, r4
1000333a:	6812      	ldr	r2, [r2, #0]
1000333c:	00db      	lsls	r3, r3, #3
1000333e:	589b      	ldr	r3, [r3, r2]
10003340:	e7e9      	b.n	10003316 <tud_init+0x6e>
10003342:	f001 f875 	bl	10004430 <cdcd_init>
10003346:	782b      	ldrb	r3, [r5, #0]
10003348:	2b00      	cmp	r3, #0
1000334a:	d0ea      	beq.n	10003322 <tud_init+0x7a>
1000334c:	2300      	movs	r3, #0
1000334e:	681b      	ldr	r3, [r3, #0]
10003350:	deff      	udf	#255	; 0xff
10003352:	46c0      	nop			; (mov r8, r8)
10003354:	20000f2f 	.word	0x20000f2f
10003358:	200008cc 	.word	0x200008cc
1000335c:	20000884 	.word	0x20000884
10003360:	20000920 	.word	0x20000920
10003364:	2000042c 	.word	0x2000042c
10003368:	20000924 	.word	0x20000924
1000336c:	100025cd 	.word	0x100025cd
10003370:	20000f2e 	.word	0x20000f2e
10003374:	20000594 	.word	0x20000594
10003378:	10004431 	.word	0x10004431

1000337c <tud_task>:
1000337c:	b5f0      	push	{r4, r5, r6, r7, lr}
1000337e:	46de      	mov	lr, fp
10003380:	4657      	mov	r7, sl
10003382:	464e      	mov	r6, r9
10003384:	4645      	mov	r5, r8
10003386:	b5e0      	push	{r5, r6, r7, lr}
10003388:	b08b      	sub	sp, #44	; 0x2c
1000338a:	f001 fa59 	bl	10004840 <tusb_inited>
1000338e:	2800      	cmp	r0, #0
10003390:	d100      	bne.n	10003394 <tud_task+0x18>
10003392:	e18d      	b.n	100036b0 <tud_task+0x334>
10003394:	4bca      	ldr	r3, [pc, #808]	; (100036c0 <tud_task+0x344>)
10003396:	4ecb      	ldr	r6, [pc, #812]	; (100036c4 <tud_task+0x348>)
10003398:	469b      	mov	fp, r3
1000339a:	ac07      	add	r4, sp, #28
1000339c:	6835      	ldr	r5, [r6, #0]
1000339e:	69ea      	ldr	r2, [r5, #28]
100033a0:	f3ef 8310 	mrs	r3, PRIMASK
100033a4:	b672      	cpsid	i
100033a6:	6811      	ldr	r1, [r2, #0]
100033a8:	2900      	cmp	r1, #0
100033aa:	d0fc      	beq.n	100033a6 <tud_task+0x2a>
100033ac:	f3bf 8f5f 	dmb	sy
100033b0:	622b      	str	r3, [r5, #32]
100033b2:	0021      	movs	r1, r4
100033b4:	0028      	movs	r0, r5
100033b6:	f001 fafd 	bl	100049b4 <tu_fifo_read>
100033ba:	69ea      	ldr	r2, [r5, #28]
100033bc:	6a2b      	ldr	r3, [r5, #32]
100033be:	f3bf 8f5f 	dmb	sy
100033c2:	2100      	movs	r1, #0
100033c4:	6011      	str	r1, [r2, #0]
100033c6:	f383 8810 	msr	PRIMASK, r3
100033ca:	2800      	cmp	r0, #0
100033cc:	d100      	bne.n	100033d0 <tud_task+0x54>
100033ce:	e16f      	b.n	100036b0 <tud_task+0x334>
100033d0:	7863      	ldrb	r3, [r4, #1]
100033d2:	2b08      	cmp	r3, #8
100033d4:	d8e2      	bhi.n	1000339c <tud_task+0x20>
100033d6:	465a      	mov	r2, fp
100033d8:	009b      	lsls	r3, r3, #2
100033da:	58d3      	ldr	r3, [r2, r3]
100033dc:	469f      	mov	pc, r3
100033de:	6863      	ldr	r3, [r4, #4]
100033e0:	2b00      	cmp	r3, #0
100033e2:	d0db      	beq.n	1000339c <tud_task+0x20>
100033e4:	68a0      	ldr	r0, [r4, #8]
100033e6:	4798      	blx	r3
100033e8:	e7d8      	b.n	1000339c <tud_task+0x20>
100033ea:	227f      	movs	r2, #127	; 0x7f
100033ec:	7921      	ldrb	r1, [r4, #4]
100033ee:	4bb6      	ldr	r3, [pc, #728]	; (100036c8 <tud_task+0x34c>)
100033f0:	400a      	ands	r2, r1
100033f2:	0055      	lsls	r5, r2, #1
100033f4:	09c8      	lsrs	r0, r1, #7
100033f6:	195b      	adds	r3, r3, r5
100033f8:	181b      	adds	r3, r3, r0
100033fa:	0018      	movs	r0, r3
100033fc:	2701      	movs	r7, #1
100033fe:	3030      	adds	r0, #48	; 0x30
10003400:	78c5      	ldrb	r5, [r0, #3]
10003402:	43bd      	bics	r5, r7
10003404:	70c5      	strb	r5, [r0, #3]
10003406:	78c5      	ldrb	r5, [r0, #3]
10003408:	3703      	adds	r7, #3
1000340a:	43bd      	bics	r5, r7
1000340c:	70c5      	strb	r5, [r0, #3]
1000340e:	2a00      	cmp	r2, #0
10003410:	d100      	bne.n	10003414 <tud_task+0x98>
10003412:	e187      	b.n	10003724 <tud_task+0x3a8>
10003414:	4aad      	ldr	r2, [pc, #692]	; (100036cc <tud_task+0x350>)
10003416:	7cdb      	ldrb	r3, [r3, #19]
10003418:	2a00      	cmp	r2, #0
1000341a:	d006      	beq.n	1000342a <tud_task+0xae>
1000341c:	4aac      	ldr	r2, [pc, #688]	; (100036d0 <tud_task+0x354>)
1000341e:	7812      	ldrb	r2, [r2, #0]
10003420:	4293      	cmp	r3, r2
10003422:	d200      	bcs.n	10003426 <tud_task+0xaa>
10003424:	e1b5      	b.n	10003792 <tud_task+0x416>
10003426:	1a9b      	subs	r3, r3, r2
10003428:	b2db      	uxtb	r3, r3
1000342a:	2b00      	cmp	r3, #0
1000342c:	d000      	beq.n	10003430 <tud_task+0xb4>
1000342e:	e13f      	b.n	100036b0 <tud_task+0x334>
10003430:	4da8      	ldr	r5, [pc, #672]	; (100036d4 <tud_task+0x358>)
10003432:	7962      	ldrb	r2, [r4, #5]
10003434:	7820      	ldrb	r0, [r4, #0]
10003436:	68a3      	ldr	r3, [r4, #8]
10003438:	47a8      	blx	r5
1000343a:	e7af      	b.n	1000339c <tud_task+0x20>
1000343c:	2201      	movs	r2, #1
1000343e:	4da2      	ldr	r5, [pc, #648]	; (100036c8 <tud_task+0x34c>)
10003440:	2101      	movs	r1, #1
10003442:	782b      	ldrb	r3, [r5, #0]
10003444:	2004      	movs	r0, #4
10003446:	4313      	orrs	r3, r2
10003448:	702b      	strb	r3, [r5, #0]
1000344a:	2333      	movs	r3, #51	; 0x33
1000344c:	5cea      	ldrb	r2, [r5, r3]
1000344e:	438a      	bics	r2, r1
10003450:	54ea      	strb	r2, [r5, r3]
10003452:	5cea      	ldrb	r2, [r5, r3]
10003454:	4382      	bics	r2, r0
10003456:	54ea      	strb	r2, [r5, r3]
10003458:	3301      	adds	r3, #1
1000345a:	5cea      	ldrb	r2, [r5, r3]
1000345c:	438a      	bics	r2, r1
1000345e:	54ea      	strb	r2, [r5, r3]
10003460:	5cea      	ldrb	r2, [r5, r3]
10003462:	4382      	bics	r2, r0
10003464:	54ea      	strb	r2, [r5, r3]
10003466:	7823      	ldrb	r3, [r4, #0]
10003468:	2000      	movs	r0, #0
1000346a:	469a      	mov	sl, r3
1000346c:	f000 fe90 	bl	10004190 <usbd_control_set_complete_callback>
10003470:	2260      	movs	r2, #96	; 0x60
10003472:	7923      	ldrb	r3, [r4, #4]
10003474:	401a      	ands	r2, r3
10003476:	2a60      	cmp	r2, #96	; 0x60
10003478:	d100      	bne.n	1000347c <tud_task+0x100>
1000347a:	e14a      	b.n	10003712 <tud_task+0x396>
1000347c:	2a40      	cmp	r2, #64	; 0x40
1000347e:	d100      	bne.n	10003482 <tud_task+0x106>
10003480:	e16e      	b.n	10003760 <tud_task+0x3e4>
10003482:	06db      	lsls	r3, r3, #27
10003484:	0edb      	lsrs	r3, r3, #27
10003486:	b2d9      	uxtb	r1, r3
10003488:	2901      	cmp	r1, #1
1000348a:	d100      	bne.n	1000348e <tud_task+0x112>
1000348c:	e18c      	b.n	100037a8 <tud_task+0x42c>
1000348e:	b25b      	sxtb	r3, r3
10003490:	2b00      	cmp	r3, #0
10003492:	d100      	bne.n	10003496 <tud_task+0x11a>
10003494:	e172      	b.n	1000377c <tud_task+0x400>
10003496:	2902      	cmp	r1, #2
10003498:	d000      	beq.n	1000349c <tud_task+0x120>
1000349a:	e13a      	b.n	10003712 <tud_task+0x396>
1000349c:	2370      	movs	r3, #112	; 0x70
1000349e:	7a21      	ldrb	r1, [r4, #8]
100034a0:	420b      	tst	r3, r1
100034a2:	d000      	beq.n	100034a6 <tud_task+0x12a>
100034a4:	e135      	b.n	10003712 <tud_task+0x396>
100034a6:	09c8      	lsrs	r0, r1, #7
100034a8:	4684      	mov	ip, r0
100034aa:	330f      	adds	r3, #15
100034ac:	400b      	ands	r3, r1
100034ae:	005b      	lsls	r3, r3, #1
100034b0:	18e8      	adds	r0, r5, r3
100034b2:	4f86      	ldr	r7, [pc, #536]	; (100036cc <tud_task+0x350>)
100034b4:	4460      	add	r0, ip
100034b6:	7cc0      	ldrb	r0, [r0, #19]
100034b8:	2f00      	cmp	r7, #0
100034ba:	d006      	beq.n	100034ca <tud_task+0x14e>
100034bc:	4f84      	ldr	r7, [pc, #528]	; (100036d0 <tud_task+0x354>)
100034be:	783f      	ldrb	r7, [r7, #0]
100034c0:	42b8      	cmp	r0, r7
100034c2:	d200      	bcs.n	100034c6 <tud_task+0x14a>
100034c4:	e1c0      	b.n	10003848 <tud_task+0x4cc>
100034c6:	1bc0      	subs	r0, r0, r7
100034c8:	b2c0      	uxtb	r0, r0
100034ca:	2800      	cmp	r0, #0
100034cc:	d000      	beq.n	100034d0 <tud_task+0x154>
100034ce:	e1b6      	b.n	1000383e <tud_task+0x4c2>
100034d0:	2a00      	cmp	r2, #0
100034d2:	d000      	beq.n	100034d6 <tud_task+0x15a>
100034d4:	e27b      	b.n	100039ce <tud_task+0x652>
100034d6:	4f80      	ldr	r7, [pc, #512]	; (100036d8 <tud_task+0x35c>)
100034d8:	7962      	ldrb	r2, [r4, #5]
100034da:	4690      	mov	r8, r2
100034dc:	2a01      	cmp	r2, #1
100034de:	d005      	beq.n	100034ec <tud_task+0x170>
100034e0:	2a00      	cmp	r2, #0
100034e2:	d100      	bne.n	100034e6 <tud_task+0x16a>
100034e4:	e276      	b.n	100039d4 <tud_task+0x658>
100034e6:	2a03      	cmp	r2, #3
100034e8:	d000      	beq.n	100034ec <tud_task+0x170>
100034ea:	e112      	b.n	10003712 <tud_task+0x396>
100034ec:	88e2      	ldrh	r2, [r4, #6]
100034ee:	2a00      	cmp	r2, #0
100034f0:	d10d      	bne.n	1000350e <tud_task+0x192>
100034f2:	4642      	mov	r2, r8
100034f4:	18eb      	adds	r3, r5, r3
100034f6:	4463      	add	r3, ip
100034f8:	2a01      	cmp	r2, #1
100034fa:	d100      	bne.n	100034fe <tud_task+0x182>
100034fc:	e27e      	b.n	100039fc <tud_task+0x680>
100034fe:	2230      	movs	r2, #48	; 0x30
10003500:	4690      	mov	r8, r2
10003502:	4498      	add	r8, r3
10003504:	4643      	mov	r3, r8
10003506:	78db      	ldrb	r3, [r3, #3]
10003508:	079b      	lsls	r3, r3, #30
1000350a:	d400      	bmi.n	1000350e <tud_task+0x192>
1000350c:	e28d      	b.n	10003a2a <tud_task+0x6ae>
1000350e:	2f00      	cmp	r7, #0
10003510:	d100      	bne.n	10003514 <tud_task+0x198>
10003512:	e743      	b.n	1000339c <tud_task+0x20>
10003514:	68f8      	ldr	r0, [r7, #12]
10003516:	f000 fe3b 	bl	10004190 <usbd_control_set_complete_callback>
1000351a:	68fb      	ldr	r3, [r7, #12]
1000351c:	aa08      	add	r2, sp, #32
1000351e:	2100      	movs	r1, #0
10003520:	4650      	mov	r0, sl
10003522:	4798      	blx	r3
10003524:	2000      	movs	r0, #0
10003526:	f000 fe33 	bl	10004190 <usbd_control_set_complete_callback>
1000352a:	2334      	movs	r3, #52	; 0x34
1000352c:	5ceb      	ldrb	r3, [r5, r3]
1000352e:	07db      	lsls	r3, r3, #31
10003530:	d500      	bpl.n	10003534 <tud_task+0x1b8>
10003532:	e733      	b.n	1000339c <tud_task+0x20>
10003534:	e162      	b.n	100037fc <tud_task+0x480>
10003536:	4b64      	ldr	r3, [pc, #400]	; (100036c8 <tud_task+0x34c>)
10003538:	781b      	ldrb	r3, [r3, #0]
1000353a:	07db      	lsls	r3, r3, #31
1000353c:	d400      	bmi.n	10003540 <tud_task+0x1c4>
1000353e:	e72d      	b.n	1000339c <tud_task+0x20>
10003540:	4b66      	ldr	r3, [pc, #408]	; (100036dc <tud_task+0x360>)
10003542:	2b00      	cmp	r3, #0
10003544:	d100      	bne.n	10003548 <tud_task+0x1cc>
10003546:	e729      	b.n	1000339c <tud_task+0x20>
10003548:	e000      	b.n	1000354c <tud_task+0x1d0>
1000354a:	bf00      	nop
1000354c:	e726      	b.n	1000339c <tud_task+0x20>
1000354e:	4b5e      	ldr	r3, [pc, #376]	; (100036c8 <tud_task+0x34c>)
10003550:	781a      	ldrb	r2, [r3, #0]
10003552:	07d2      	lsls	r2, r2, #31
10003554:	d400      	bmi.n	10003558 <tud_task+0x1dc>
10003556:	e721      	b.n	1000339c <tud_task+0x20>
10003558:	4a61      	ldr	r2, [pc, #388]	; (100036e0 <tud_task+0x364>)
1000355a:	2a00      	cmp	r2, #0
1000355c:	d100      	bne.n	10003560 <tud_task+0x1e4>
1000355e:	e71d      	b.n	1000339c <tud_task+0x20>
10003560:	7818      	ldrb	r0, [r3, #0]
10003562:	0700      	lsls	r0, r0, #28
10003564:	0fc0      	lsrs	r0, r0, #31
10003566:	e000      	b.n	1000356a <tud_task+0x1ee>
10003568:	bf00      	nop
1000356a:	e717      	b.n	1000339c <tud_task+0x20>
1000356c:	4f58      	ldr	r7, [pc, #352]	; (100036d0 <tud_task+0x354>)
1000356e:	4a57      	ldr	r2, [pc, #348]	; (100036cc <tud_task+0x350>)
10003570:	783b      	ldrb	r3, [r7, #0]
10003572:	2500      	movs	r5, #0
10003574:	2a00      	cmp	r2, #0
10003576:	d100      	bne.n	1000357a <tud_task+0x1fe>
10003578:	e0e4      	b.n	10003744 <tud_task+0x3c8>
1000357a:	4a5a      	ldr	r2, [pc, #360]	; (100036e4 <tud_task+0x368>)
1000357c:	4690      	mov	r8, r2
1000357e:	429d      	cmp	r5, r3
10003580:	d308      	bcc.n	10003594 <tud_task+0x218>
10003582:	429d      	cmp	r5, r3
10003584:	d000      	beq.n	10003588 <tud_task+0x20c>
10003586:	e0e0      	b.n	1000374a <tud_task+0x3ce>
10003588:	3501      	adds	r5, #1
1000358a:	b2ed      	uxtb	r5, r5
1000358c:	429d      	cmp	r5, r3
1000358e:	d900      	bls.n	10003592 <tud_task+0x216>
10003590:	e704      	b.n	1000339c <tud_task+0x20>
10003592:	d2f6      	bcs.n	10003582 <tud_task+0x206>
10003594:	4641      	mov	r1, r8
10003596:	6809      	ldr	r1, [r1, #0]
10003598:	006a      	lsls	r2, r5, #1
1000359a:	468c      	mov	ip, r1
1000359c:	1952      	adds	r2, r2, r5
1000359e:	00d2      	lsls	r2, r2, #3
100035a0:	4462      	add	r2, ip
100035a2:	6952      	ldr	r2, [r2, #20]
100035a4:	2a00      	cmp	r2, #0
100035a6:	d0ef      	beq.n	10003588 <tud_task+0x20c>
100035a8:	7820      	ldrb	r0, [r4, #0]
100035aa:	4790      	blx	r2
100035ac:	3501      	adds	r5, #1
100035ae:	783b      	ldrb	r3, [r7, #0]
100035b0:	b2ed      	uxtb	r5, r5
100035b2:	429d      	cmp	r5, r3
100035b4:	d9e3      	bls.n	1000357e <tud_task+0x202>
100035b6:	e6f1      	b.n	1000339c <tud_task+0x20>
100035b8:	7823      	ldrb	r3, [r4, #0]
100035ba:	4f45      	ldr	r7, [pc, #276]	; (100036d0 <tud_task+0x354>)
100035bc:	4a43      	ldr	r2, [pc, #268]	; (100036cc <tud_task+0x350>)
100035be:	4698      	mov	r8, r3
100035c0:	2500      	movs	r5, #0
100035c2:	783b      	ldrb	r3, [r7, #0]
100035c4:	2a00      	cmp	r2, #0
100035c6:	d100      	bne.n	100035ca <tud_task+0x24e>
100035c8:	e0c2      	b.n	10003750 <tud_task+0x3d4>
100035ca:	4a47      	ldr	r2, [pc, #284]	; (100036e8 <tud_task+0x36c>)
100035cc:	4691      	mov	r9, r2
100035ce:	4a45      	ldr	r2, [pc, #276]	; (100036e4 <tud_task+0x368>)
100035d0:	4692      	mov	sl, r2
100035d2:	003a      	movs	r2, r7
100035d4:	4647      	mov	r7, r8
100035d6:	4690      	mov	r8, r2
100035d8:	42ab      	cmp	r3, r5
100035da:	d860      	bhi.n	1000369e <tud_task+0x322>
100035dc:	d000      	beq.n	100035e0 <tud_task+0x264>
100035de:	e0ae      	b.n	1000373e <tud_task+0x3c2>
100035e0:	464b      	mov	r3, r9
100035e2:	0038      	movs	r0, r7
100035e4:	4798      	blx	r3
100035e6:	4643      	mov	r3, r8
100035e8:	3501      	adds	r5, #1
100035ea:	781b      	ldrb	r3, [r3, #0]
100035ec:	b2ed      	uxtb	r5, r5
100035ee:	42ab      	cmp	r3, r5
100035f0:	d2f2      	bcs.n	100035d8 <tud_task+0x25c>
100035f2:	4d35      	ldr	r5, [pc, #212]	; (100036c8 <tud_task+0x34c>)
100035f4:	2253      	movs	r2, #83	; 0x53
100035f6:	2100      	movs	r1, #0
100035f8:	0028      	movs	r0, r5
100035fa:	f7fe fe25 	bl	10002248 <__wrap_memset>
100035fe:	2210      	movs	r2, #16
10003600:	21ff      	movs	r1, #255	; 0xff
10003602:	1ce8      	adds	r0, r5, #3
10003604:	f7fe fe20 	bl	10002248 <__wrap_memset>
10003608:	0028      	movs	r0, r5
1000360a:	2220      	movs	r2, #32
1000360c:	21ff      	movs	r1, #255	; 0xff
1000360e:	3013      	adds	r0, #19
10003610:	f7fe fe1a 	bl	10002248 <__wrap_memset>
10003614:	f000 fdb2 	bl	1000417c <usbd_control_reset>
10003618:	4b34      	ldr	r3, [pc, #208]	; (100036ec <tud_task+0x370>)
1000361a:	2b00      	cmp	r3, #0
1000361c:	d100      	bne.n	10003620 <tud_task+0x2a4>
1000361e:	e6bd      	b.n	1000339c <tud_task+0x20>
10003620:	e000      	b.n	10003624 <tud_task+0x2a8>
10003622:	bf00      	nop
10003624:	e6ba      	b.n	1000339c <tud_task+0x20>
10003626:	7823      	ldrb	r3, [r4, #0]
10003628:	4f29      	ldr	r7, [pc, #164]	; (100036d0 <tud_task+0x354>)
1000362a:	4a28      	ldr	r2, [pc, #160]	; (100036cc <tud_task+0x350>)
1000362c:	4698      	mov	r8, r3
1000362e:	2500      	movs	r5, #0
10003630:	783b      	ldrb	r3, [r7, #0]
10003632:	2a00      	cmp	r2, #0
10003634:	d100      	bne.n	10003638 <tud_task+0x2bc>
10003636:	e07b      	b.n	10003730 <tud_task+0x3b4>
10003638:	4a2b      	ldr	r2, [pc, #172]	; (100036e8 <tud_task+0x36c>)
1000363a:	4691      	mov	r9, r2
1000363c:	4a29      	ldr	r2, [pc, #164]	; (100036e4 <tud_task+0x368>)
1000363e:	4692      	mov	sl, r2
10003640:	003a      	movs	r2, r7
10003642:	4647      	mov	r7, r8
10003644:	4690      	mov	r8, r2
10003646:	429d      	cmp	r5, r3
10003648:	d320      	bcc.n	1000368c <tud_task+0x310>
1000364a:	d000      	beq.n	1000364e <tud_task+0x2d2>
1000364c:	e077      	b.n	1000373e <tud_task+0x3c2>
1000364e:	464b      	mov	r3, r9
10003650:	0038      	movs	r0, r7
10003652:	4798      	blx	r3
10003654:	4643      	mov	r3, r8
10003656:	3501      	adds	r5, #1
10003658:	781b      	ldrb	r3, [r3, #0]
1000365a:	b2ed      	uxtb	r5, r5
1000365c:	42ab      	cmp	r3, r5
1000365e:	d2f2      	bcs.n	10003646 <tud_task+0x2ca>
10003660:	4d19      	ldr	r5, [pc, #100]	; (100036c8 <tud_task+0x34c>)
10003662:	2253      	movs	r2, #83	; 0x53
10003664:	2100      	movs	r1, #0
10003666:	0028      	movs	r0, r5
10003668:	f7fe fdee 	bl	10002248 <__wrap_memset>
1000366c:	2210      	movs	r2, #16
1000366e:	21ff      	movs	r1, #255	; 0xff
10003670:	1ce8      	adds	r0, r5, #3
10003672:	f7fe fde9 	bl	10002248 <__wrap_memset>
10003676:	0028      	movs	r0, r5
10003678:	2220      	movs	r2, #32
1000367a:	21ff      	movs	r1, #255	; 0xff
1000367c:	3013      	adds	r0, #19
1000367e:	f7fe fde3 	bl	10002248 <__wrap_memset>
10003682:	f000 fd7b 	bl	1000417c <usbd_control_reset>
10003686:	7923      	ldrb	r3, [r4, #4]
10003688:	70ab      	strb	r3, [r5, #2]
1000368a:	e687      	b.n	1000339c <tud_task+0x20>
1000368c:	4652      	mov	r2, sl
1000368e:	6812      	ldr	r2, [r2, #0]
10003690:	006b      	lsls	r3, r5, #1
10003692:	4694      	mov	ip, r2
10003694:	195b      	adds	r3, r3, r5
10003696:	00db      	lsls	r3, r3, #3
10003698:	4463      	add	r3, ip
1000369a:	685b      	ldr	r3, [r3, #4]
1000369c:	e7d8      	b.n	10003650 <tud_task+0x2d4>
1000369e:	4652      	mov	r2, sl
100036a0:	6812      	ldr	r2, [r2, #0]
100036a2:	006b      	lsls	r3, r5, #1
100036a4:	4694      	mov	ip, r2
100036a6:	195b      	adds	r3, r3, r5
100036a8:	00db      	lsls	r3, r3, #3
100036aa:	4463      	add	r3, ip
100036ac:	685b      	ldr	r3, [r3, #4]
100036ae:	e798      	b.n	100035e2 <tud_task+0x266>
100036b0:	b00b      	add	sp, #44	; 0x2c
100036b2:	bc3c      	pop	{r2, r3, r4, r5}
100036b4:	4690      	mov	r8, r2
100036b6:	4699      	mov	r9, r3
100036b8:	46a2      	mov	sl, r4
100036ba:	46ab      	mov	fp, r5
100036bc:	bdf0      	pop	{r4, r5, r6, r7, pc}
100036be:	46c0      	nop			; (mov r8, r8)
100036c0:	10005268 	.word	0x10005268
100036c4:	20000924 	.word	0x20000924
100036c8:	200008cc 	.word	0x200008cc
100036cc:	100025cd 	.word	0x100025cd
100036d0:	20000f2e 	.word	0x20000f2e
100036d4:	10004699 	.word	0x10004699
100036d8:	100052f4 	.word	0x100052f4
	...
100036e4:	20000594 	.word	0x20000594
100036e8:	100044ad 	.word	0x100044ad
100036ec:	00000000 	.word	0x00000000
100036f0:	9f02      	ldr	r7, [sp, #8]
100036f2:	4641      	mov	r1, r8
100036f4:	003a      	movs	r2, r7
100036f6:	4648      	mov	r0, r9
100036f8:	f000 feee 	bl	100044d8 <cdcd_open>
100036fc:	4684      	mov	ip, r0
100036fe:	2808      	cmp	r0, #8
10003700:	d902      	bls.n	10003708 <tud_task+0x38c>
10003702:	42b8      	cmp	r0, r7
10003704:	d800      	bhi.n	10003708 <tud_task+0x38c>
10003706:	e2b1      	b.n	10003c6c <tud_task+0x8f0>
10003708:	4bcf      	ldr	r3, [pc, #828]	; (10003a48 <tud_task+0x6cc>)
1000370a:	781b      	ldrb	r3, [r3, #0]
1000370c:	2b00      	cmp	r3, #0
1000370e:	d000      	beq.n	10003712 <tud_task+0x396>
10003710:	e2b6      	b.n	10003c80 <tud_task+0x904>
10003712:	7820      	ldrb	r0, [r4, #0]
10003714:	2100      	movs	r1, #0
10003716:	f7ff fb99 	bl	10002e4c <dcd_edpt_stall>
1000371a:	7820      	ldrb	r0, [r4, #0]
1000371c:	2180      	movs	r1, #128	; 0x80
1000371e:	f7ff fb95 	bl	10002e4c <dcd_edpt_stall>
10003722:	e63b      	b.n	1000339c <tud_task+0x20>
10003724:	7962      	ldrb	r2, [r4, #5]
10003726:	7820      	ldrb	r0, [r4, #0]
10003728:	68a3      	ldr	r3, [r4, #8]
1000372a:	f000 fd45 	bl	100041b8 <usbd_control_xfer_cb>
1000372e:	e635      	b.n	1000339c <tud_task+0x20>
10003730:	4640      	mov	r0, r8
10003732:	f000 febb 	bl	100044ac <cdcd_reset>
10003736:	783b      	ldrb	r3, [r7, #0]
10003738:	2b00      	cmp	r3, #0
1000373a:	d100      	bne.n	1000373e <tud_task+0x3c2>
1000373c:	e790      	b.n	10003660 <tud_task+0x2e4>
1000373e:	2300      	movs	r3, #0
10003740:	685b      	ldr	r3, [r3, #4]
10003742:	deff      	udf	#255	; 0xff
10003744:	2b00      	cmp	r3, #0
10003746:	d100      	bne.n	1000374a <tud_task+0x3ce>
10003748:	e628      	b.n	1000339c <tud_task+0x20>
1000374a:	2300      	movs	r3, #0
1000374c:	695b      	ldr	r3, [r3, #20]
1000374e:	deff      	udf	#255	; 0xff
10003750:	4640      	mov	r0, r8
10003752:	f000 feab 	bl	100044ac <cdcd_reset>
10003756:	783b      	ldrb	r3, [r7, #0]
10003758:	2b00      	cmp	r3, #0
1000375a:	d100      	bne.n	1000375e <tud_task+0x3e2>
1000375c:	e749      	b.n	100035f2 <tud_task+0x276>
1000375e:	e7ee      	b.n	1000373e <tud_task+0x3c2>
10003760:	48ba      	ldr	r0, [pc, #744]	; (10003a4c <tud_task+0x6d0>)
10003762:	2800      	cmp	r0, #0
10003764:	d0d5      	beq.n	10003712 <tud_task+0x396>
10003766:	f000 fd13 	bl	10004190 <usbd_control_set_complete_callback>
1000376a:	aa08      	add	r2, sp, #32
1000376c:	2100      	movs	r1, #0
1000376e:	4650      	mov	r0, sl
10003770:	e000      	b.n	10003774 <tud_task+0x3f8>
10003772:	bf00      	nop
10003774:	2800      	cmp	r0, #0
10003776:	d000      	beq.n	1000377a <tud_task+0x3fe>
10003778:	e610      	b.n	1000339c <tud_task+0x20>
1000377a:	e7ca      	b.n	10003712 <tud_task+0x396>
1000377c:	2a20      	cmp	r2, #32
1000377e:	d042      	beq.n	10003806 <tud_task+0x48a>
10003780:	2a00      	cmp	r2, #0
10003782:	d1c6      	bne.n	10003712 <tud_task+0x396>
10003784:	7963      	ldrb	r3, [r4, #5]
10003786:	2b09      	cmp	r3, #9
10003788:	d8c3      	bhi.n	10003712 <tud_task+0x396>
1000378a:	4ab1      	ldr	r2, [pc, #708]	; (10003a50 <tud_task+0x6d4>)
1000378c:	009b      	lsls	r3, r3, #2
1000378e:	58d3      	ldr	r3, [r2, r3]
10003790:	469f      	mov	pc, r3
10003792:	005a      	lsls	r2, r3, #1
10003794:	18d3      	adds	r3, r2, r3
10003796:	4aaf      	ldr	r2, [pc, #700]	; (10003a54 <tud_task+0x6d8>)
10003798:	00db      	lsls	r3, r3, #3
1000379a:	6812      	ldr	r2, [r2, #0]
1000379c:	18d3      	adds	r3, r2, r3
1000379e:	2b00      	cmp	r3, #0
100037a0:	d100      	bne.n	100037a4 <tud_task+0x428>
100037a2:	e785      	b.n	100036b0 <tud_task+0x334>
100037a4:	691d      	ldr	r5, [r3, #16]
100037a6:	e644      	b.n	10003432 <tud_task+0xb6>
100037a8:	7a23      	ldrb	r3, [r4, #8]
100037aa:	2b0f      	cmp	r3, #15
100037ac:	d8b1      	bhi.n	10003712 <tud_task+0x396>
100037ae:	4aaa      	ldr	r2, [pc, #680]	; (10003a58 <tud_task+0x6dc>)
100037b0:	18ed      	adds	r5, r5, r3
100037b2:	78eb      	ldrb	r3, [r5, #3]
100037b4:	2a00      	cmp	r2, #0
100037b6:	d005      	beq.n	100037c4 <tud_task+0x448>
100037b8:	4aa3      	ldr	r2, [pc, #652]	; (10003a48 <tud_task+0x6cc>)
100037ba:	7812      	ldrb	r2, [r2, #0]
100037bc:	4293      	cmp	r3, r2
100037be:	d358      	bcc.n	10003872 <tud_task+0x4f6>
100037c0:	1a9b      	subs	r3, r3, r2
100037c2:	b2db      	uxtb	r3, r3
100037c4:	2b00      	cmp	r3, #0
100037c6:	d1a4      	bne.n	10003712 <tud_task+0x396>
100037c8:	48a4      	ldr	r0, [pc, #656]	; (10003a5c <tud_task+0x6e0>)
100037ca:	4da5      	ldr	r5, [pc, #660]	; (10003a60 <tud_task+0x6e4>)
100037cc:	f000 fce0 	bl	10004190 <usbd_control_set_complete_callback>
100037d0:	68eb      	ldr	r3, [r5, #12]
100037d2:	aa08      	add	r2, sp, #32
100037d4:	2100      	movs	r1, #0
100037d6:	4650      	mov	r0, sl
100037d8:	4798      	blx	r3
100037da:	2800      	cmp	r0, #0
100037dc:	d000      	beq.n	100037e0 <tud_task+0x464>
100037de:	e5dd      	b.n	1000339c <tud_task+0x20>
100037e0:	2560      	movs	r5, #96	; 0x60
100037e2:	7923      	ldrb	r3, [r4, #4]
100037e4:	401d      	ands	r5, r3
100037e6:	d194      	bne.n	10003712 <tud_task+0x396>
100037e8:	7963      	ldrb	r3, [r4, #5]
100037ea:	3b0a      	subs	r3, #10
100037ec:	2b01      	cmp	r3, #1
100037ee:	d890      	bhi.n	10003712 <tud_task+0x396>
100037f0:	f000 fcce 	bl	10004190 <usbd_control_set_complete_callback>
100037f4:	7963      	ldrb	r3, [r4, #5]
100037f6:	2b0a      	cmp	r3, #10
100037f8:	d100      	bne.n	100037fc <tud_task+0x480>
100037fa:	e13b      	b.n	10003a74 <tud_task+0x6f8>
100037fc:	a908      	add	r1, sp, #32
100037fe:	4650      	mov	r0, sl
10003800:	f000 fc4a 	bl	10004098 <tud_control_status>
10003804:	e5ca      	b.n	1000339c <tud_task+0x20>
10003806:	7a23      	ldrb	r3, [r4, #8]
10003808:	2b0f      	cmp	r3, #15
1000380a:	d882      	bhi.n	10003712 <tud_task+0x396>
1000380c:	4a92      	ldr	r2, [pc, #584]	; (10003a58 <tud_task+0x6dc>)
1000380e:	18ed      	adds	r5, r5, r3
10003810:	78eb      	ldrb	r3, [r5, #3]
10003812:	2a00      	cmp	r2, #0
10003814:	d006      	beq.n	10003824 <tud_task+0x4a8>
10003816:	4a8c      	ldr	r2, [pc, #560]	; (10003a48 <tud_task+0x6cc>)
10003818:	7812      	ldrb	r2, [r2, #0]
1000381a:	4293      	cmp	r3, r2
1000381c:	d200      	bcs.n	10003820 <tud_task+0x4a4>
1000381e:	e0e2      	b.n	100039e6 <tud_task+0x66a>
10003820:	1a9b      	subs	r3, r3, r2
10003822:	b2db      	uxtb	r3, r3
10003824:	2b00      	cmp	r3, #0
10003826:	d000      	beq.n	1000382a <tud_task+0x4ae>
10003828:	e773      	b.n	10003712 <tud_task+0x396>
1000382a:	488c      	ldr	r0, [pc, #560]	; (10003a5c <tud_task+0x6e0>)
1000382c:	4d8c      	ldr	r5, [pc, #560]	; (10003a60 <tud_task+0x6e4>)
1000382e:	f000 fcaf 	bl	10004190 <usbd_control_set_complete_callback>
10003832:	68eb      	ldr	r3, [r5, #12]
10003834:	aa08      	add	r2, sp, #32
10003836:	2100      	movs	r1, #0
10003838:	4650      	mov	r0, sl
1000383a:	4798      	blx	r3
1000383c:	e79a      	b.n	10003774 <tud_task+0x3f8>
1000383e:	2700      	movs	r7, #0
10003840:	2a00      	cmp	r2, #0
10003842:	d100      	bne.n	10003846 <tud_task+0x4ca>
10003844:	e648      	b.n	100034d8 <tud_task+0x15c>
10003846:	e764      	b.n	10003712 <tud_task+0x396>
10003848:	0047      	lsls	r7, r0, #1
1000384a:	1838      	adds	r0, r7, r0
1000384c:	4f81      	ldr	r7, [pc, #516]	; (10003a54 <tud_task+0x6d8>)
1000384e:	00c0      	lsls	r0, r0, #3
10003850:	683f      	ldr	r7, [r7, #0]
10003852:	183f      	adds	r7, r7, r0
10003854:	2a00      	cmp	r2, #0
10003856:	d100      	bne.n	1000385a <tud_task+0x4de>
10003858:	e63e      	b.n	100034d8 <tud_task+0x15c>
1000385a:	2f00      	cmp	r7, #0
1000385c:	d100      	bne.n	10003860 <tud_task+0x4e4>
1000385e:	e758      	b.n	10003712 <tud_task+0x396>
10003860:	68f8      	ldr	r0, [r7, #12]
10003862:	f000 fc95 	bl	10004190 <usbd_control_set_complete_callback>
10003866:	68fb      	ldr	r3, [r7, #12]
10003868:	aa08      	add	r2, sp, #32
1000386a:	2100      	movs	r1, #0
1000386c:	4650      	mov	r0, sl
1000386e:	4798      	blx	r3
10003870:	e780      	b.n	10003774 <tud_task+0x3f8>
10003872:	4a78      	ldr	r2, [pc, #480]	; (10003a54 <tud_task+0x6d8>)
10003874:	005d      	lsls	r5, r3, #1
10003876:	18eb      	adds	r3, r5, r3
10003878:	6815      	ldr	r5, [r2, #0]
1000387a:	00db      	lsls	r3, r3, #3
1000387c:	18ed      	adds	r5, r5, r3
1000387e:	2d00      	cmp	r5, #0
10003880:	d100      	bne.n	10003884 <tud_task+0x508>
10003882:	e746      	b.n	10003712 <tud_task+0x396>
10003884:	68e8      	ldr	r0, [r5, #12]
10003886:	e7a1      	b.n	100037cc <tud_task+0x450>
10003888:	79a3      	ldrb	r3, [r4, #6]
1000388a:	9301      	str	r3, [sp, #4]
1000388c:	001a      	movs	r2, r3
1000388e:	786b      	ldrb	r3, [r5, #1]
10003890:	429a      	cmp	r2, r3
10003892:	d007      	beq.n	100038a4 <tud_task+0x528>
10003894:	786b      	ldrb	r3, [r5, #1]
10003896:	2b00      	cmp	r3, #0
10003898:	d000      	beq.n	1000389c <tud_task+0x520>
1000389a:	e162      	b.n	10003b62 <tud_task+0x7e6>
1000389c:	9b01      	ldr	r3, [sp, #4]
1000389e:	2b00      	cmp	r3, #0
100038a0:	d000      	beq.n	100038a4 <tud_task+0x528>
100038a2:	e0f0      	b.n	10003a86 <tud_task+0x70a>
100038a4:	9b01      	ldr	r3, [sp, #4]
100038a6:	a908      	add	r1, sp, #32
100038a8:	4650      	mov	r0, sl
100038aa:	706b      	strb	r3, [r5, #1]
100038ac:	f000 fbf4 	bl	10004098 <tud_control_status>
100038b0:	e574      	b.n	1000339c <tud_task+0x20>
100038b2:	a808      	add	r0, sp, #32
100038b4:	f000 fc72 	bl	1000419c <usbd_control_set_request>
100038b8:	79a1      	ldrb	r1, [r4, #6]
100038ba:	4650      	mov	r0, sl
100038bc:	f7ff f922 	bl	10002b04 <dcd_set_address>
100038c0:	2202      	movs	r2, #2
100038c2:	782b      	ldrb	r3, [r5, #0]
100038c4:	4313      	orrs	r3, r2
100038c6:	702b      	strb	r3, [r5, #0]
100038c8:	e568      	b.n	1000339c <tud_task+0x20>
100038ca:	88e3      	ldrh	r3, [r4, #6]
100038cc:	2b01      	cmp	r3, #1
100038ce:	d000      	beq.n	100038d2 <tud_task+0x556>
100038d0:	e71f      	b.n	10003712 <tud_task+0x396>
100038d2:	2208      	movs	r2, #8
100038d4:	782b      	ldrb	r3, [r5, #0]
100038d6:	a908      	add	r1, sp, #32
100038d8:	4313      	orrs	r3, r2
100038da:	4650      	mov	r0, sl
100038dc:	702b      	strb	r3, [r5, #0]
100038de:	f000 fbdb 	bl	10004098 <tud_control_status>
100038e2:	e55b      	b.n	1000339c <tud_task+0x20>
100038e4:	88e3      	ldrh	r3, [r4, #6]
100038e6:	2b01      	cmp	r3, #1
100038e8:	d000      	beq.n	100038ec <tud_task+0x570>
100038ea:	e712      	b.n	10003712 <tud_task+0x396>
100038ec:	2208      	movs	r2, #8
100038ee:	782b      	ldrb	r3, [r5, #0]
100038f0:	a908      	add	r1, sp, #32
100038f2:	4393      	bics	r3, r2
100038f4:	4650      	mov	r0, sl
100038f6:	702b      	strb	r3, [r5, #0]
100038f8:	f000 fbce 	bl	10004098 <tud_control_status>
100038fc:	e54e      	b.n	1000339c <tud_task+0x20>
100038fe:	2002      	movs	r0, #2
10003900:	7829      	ldrb	r1, [r5, #0]
10003902:	ab06      	add	r3, sp, #24
10003904:	1c9a      	adds	r2, r3, #2
10003906:	068b      	lsls	r3, r1, #26
10003908:	0889      	lsrs	r1, r1, #2
1000390a:	0fdb      	lsrs	r3, r3, #31
1000390c:	4001      	ands	r1, r0
1000390e:	430b      	orrs	r3, r1
10003910:	8013      	strh	r3, [r2, #0]
10003912:	a908      	add	r1, sp, #32
10003914:	2302      	movs	r3, #2
10003916:	4650      	mov	r0, sl
10003918:	f000 fbd6 	bl	100040c8 <tud_control_xfer>
1000391c:	e53e      	b.n	1000339c <tud_task+0x20>
1000391e:	786b      	ldrb	r3, [r5, #1]
10003920:	aa06      	add	r2, sp, #24
10003922:	3202      	adds	r2, #2
10003924:	7013      	strb	r3, [r2, #0]
10003926:	a908      	add	r1, sp, #32
10003928:	2301      	movs	r3, #1
1000392a:	4650      	mov	r0, sl
1000392c:	f000 fbcc 	bl	100040c8 <tud_control_xfer>
10003930:	e534      	b.n	1000339c <tud_task+0x20>
10003932:	88e0      	ldrh	r0, [r4, #6]
10003934:	0a03      	lsrs	r3, r0, #8
10003936:	b2c0      	uxtb	r0, r0
10003938:	2b0f      	cmp	r3, #15
1000393a:	d900      	bls.n	1000393e <tud_task+0x5c2>
1000393c:	e6e9      	b.n	10003712 <tud_task+0x396>
1000393e:	4949      	ldr	r1, [pc, #292]	; (10003a64 <tud_task+0x6e8>)
10003940:	009a      	lsls	r2, r3, #2
10003942:	588a      	ldr	r2, [r1, r2]
10003944:	4697      	mov	pc, r2
10003946:	4b48      	ldr	r3, [pc, #288]	; (10003a68 <tud_task+0x6ec>)
10003948:	2b00      	cmp	r3, #0
1000394a:	d100      	bne.n	1000394e <tud_task+0x5d2>
1000394c:	e6e1      	b.n	10003712 <tud_task+0x396>
1000394e:	e000      	b.n	10003952 <tud_task+0x5d6>
10003950:	bf00      	nop
10003952:	78c3      	ldrb	r3, [r0, #3]
10003954:	7881      	ldrb	r1, [r0, #2]
10003956:	021b      	lsls	r3, r3, #8
10003958:	0002      	movs	r2, r0
1000395a:	430b      	orrs	r3, r1
1000395c:	4650      	mov	r0, sl
1000395e:	a908      	add	r1, sp, #32
10003960:	f000 fbb2 	bl	100040c8 <tud_control_xfer>
10003964:	e706      	b.n	10003774 <tud_task+0x3f8>
10003966:	4b41      	ldr	r3, [pc, #260]	; (10003a6c <tud_task+0x6f0>)
10003968:	2b00      	cmp	r3, #0
1000396a:	d100      	bne.n	1000396e <tud_task+0x5f2>
1000396c:	e6d1      	b.n	10003712 <tud_task+0x396>
1000396e:	e000      	b.n	10003972 <tud_task+0x5f6>
10003970:	bf00      	nop
10003972:	1e02      	subs	r2, r0, #0
10003974:	d100      	bne.n	10003978 <tud_task+0x5fc>
10003976:	e6cc      	b.n	10003712 <tud_task+0x396>
10003978:	7813      	ldrb	r3, [r2, #0]
1000397a:	a908      	add	r1, sp, #32
1000397c:	4650      	mov	r0, sl
1000397e:	f000 fba3 	bl	100040c8 <tud_control_xfer>
10003982:	e6f7      	b.n	10003774 <tud_task+0x3f8>
10003984:	8921      	ldrh	r1, [r4, #8]
10003986:	f7fe ff71 	bl	1000286c <tud_descriptor_string_cb>
1000398a:	1e02      	subs	r2, r0, #0
1000398c:	d1f4      	bne.n	10003978 <tud_task+0x5fc>
1000398e:	e6c0      	b.n	10003712 <tud_task+0x396>
10003990:	2b02      	cmp	r3, #2
10003992:	d100      	bne.n	10003996 <tud_task+0x61a>
10003994:	e171      	b.n	10003c7a <tud_task+0x8fe>
10003996:	4b36      	ldr	r3, [pc, #216]	; (10003a70 <tud_task+0x6f4>)
10003998:	2b00      	cmp	r3, #0
1000399a:	d100      	bne.n	1000399e <tud_task+0x622>
1000399c:	e6b9      	b.n	10003712 <tud_task+0x396>
1000399e:	e000      	b.n	100039a2 <tud_task+0x626>
100039a0:	bf00      	nop
100039a2:	2800      	cmp	r0, #0
100039a4:	d100      	bne.n	100039a8 <tud_task+0x62c>
100039a6:	e6b4      	b.n	10003712 <tud_task+0x396>
100039a8:	78c3      	ldrb	r3, [r0, #3]
100039aa:	7882      	ldrb	r2, [r0, #2]
100039ac:	021b      	lsls	r3, r3, #8
100039ae:	4313      	orrs	r3, r2
100039b0:	a908      	add	r1, sp, #32
100039b2:	0002      	movs	r2, r0
100039b4:	4650      	mov	r0, sl
100039b6:	f000 fb87 	bl	100040c8 <tud_control_xfer>
100039ba:	e6db      	b.n	10003774 <tud_task+0x3f8>
100039bc:	f7fe ff4e 	bl	1000285c <tud_descriptor_device_cb>
100039c0:	2312      	movs	r3, #18
100039c2:	0002      	movs	r2, r0
100039c4:	a908      	add	r1, sp, #32
100039c6:	4650      	mov	r0, sl
100039c8:	f000 fb7e 	bl	100040c8 <tud_control_xfer>
100039cc:	e6d2      	b.n	10003774 <tud_task+0x3f8>
100039ce:	4823      	ldr	r0, [pc, #140]	; (10003a5c <tud_task+0x6e0>)
100039d0:	4f23      	ldr	r7, [pc, #140]	; (10003a60 <tud_task+0x6e4>)
100039d2:	e746      	b.n	10003862 <tud_task+0x4e6>
100039d4:	18eb      	adds	r3, r5, r3
100039d6:	4463      	add	r3, ip
100039d8:	3330      	adds	r3, #48	; 0x30
100039da:	78db      	ldrb	r3, [r3, #3]
100039dc:	aa06      	add	r2, sp, #24
100039de:	079b      	lsls	r3, r3, #30
100039e0:	0fdb      	lsrs	r3, r3, #31
100039e2:	3202      	adds	r2, #2
100039e4:	e794      	b.n	10003910 <tud_task+0x594>
100039e6:	4a1b      	ldr	r2, [pc, #108]	; (10003a54 <tud_task+0x6d8>)
100039e8:	005d      	lsls	r5, r3, #1
100039ea:	18eb      	adds	r3, r5, r3
100039ec:	6815      	ldr	r5, [r2, #0]
100039ee:	00db      	lsls	r3, r3, #3
100039f0:	18ed      	adds	r5, r5, r3
100039f2:	2d00      	cmp	r5, #0
100039f4:	d100      	bne.n	100039f8 <tud_task+0x67c>
100039f6:	e68c      	b.n	10003712 <tud_task+0x396>
100039f8:	68e8      	ldr	r0, [r5, #12]
100039fa:	e718      	b.n	1000382e <tud_task+0x4b2>
100039fc:	322f      	adds	r2, #47	; 0x2f
100039fe:	4691      	mov	r9, r2
10003a00:	4499      	add	r9, r3
10003a02:	464b      	mov	r3, r9
10003a04:	78db      	ldrb	r3, [r3, #3]
10003a06:	079b      	lsls	r3, r3, #30
10003a08:	d400      	bmi.n	10003a0c <tud_task+0x690>
10003a0a:	e580      	b.n	1000350e <tud_task+0x192>
10003a0c:	4650      	mov	r0, sl
10003a0e:	f7ff fa37 	bl	10002e80 <dcd_edpt_clear_stall>
10003a12:	464b      	mov	r3, r9
10003a14:	2202      	movs	r2, #2
10003a16:	78db      	ldrb	r3, [r3, #3]
10003a18:	4393      	bics	r3, r2
10003a1a:	464a      	mov	r2, r9
10003a1c:	70d3      	strb	r3, [r2, #3]
10003a1e:	78d3      	ldrb	r3, [r2, #3]
10003a20:	4642      	mov	r2, r8
10003a22:	4393      	bics	r3, r2
10003a24:	464a      	mov	r2, r9
10003a26:	70d3      	strb	r3, [r2, #3]
10003a28:	e571      	b.n	1000350e <tud_task+0x192>
10003a2a:	4650      	mov	r0, sl
10003a2c:	f7ff fa0e 	bl	10002e4c <dcd_edpt_stall>
10003a30:	4643      	mov	r3, r8
10003a32:	2202      	movs	r2, #2
10003a34:	78db      	ldrb	r3, [r3, #3]
10003a36:	4313      	orrs	r3, r2
10003a38:	4642      	mov	r2, r8
10003a3a:	70d3      	strb	r3, [r2, #3]
10003a3c:	78d3      	ldrb	r3, [r2, #3]
10003a3e:	2201      	movs	r2, #1
10003a40:	4313      	orrs	r3, r2
10003a42:	4642      	mov	r2, r8
10003a44:	70d3      	strb	r3, [r2, #3]
10003a46:	e562      	b.n	1000350e <tud_task+0x192>
10003a48:	20000f2e 	.word	0x20000f2e
10003a4c:	00000000 	.word	0x00000000
10003a50:	1000528c 	.word	0x1000528c
10003a54:	20000594 	.word	0x20000594
10003a58:	100025cd 	.word	0x100025cd
10003a5c:	100045bd 	.word	0x100045bd
10003a60:	100052f4 	.word	0x100052f4
10003a64:	100052b4 	.word	0x100052b4
	...
10003a74:	ab06      	add	r3, sp, #24
10003a76:	1c9a      	adds	r2, r3, #2
10003a78:	a908      	add	r1, sp, #32
10003a7a:	2301      	movs	r3, #1
10003a7c:	4650      	mov	r0, sl
10003a7e:	7015      	strb	r5, [r2, #0]
10003a80:	f000 fb22 	bl	100040c8 <tud_control_xfer>
10003a84:	e48a      	b.n	1000339c <tud_task+0x20>
10003a86:	1e58      	subs	r0, r3, #1
10003a88:	b2c0      	uxtb	r0, r0
10003a8a:	f7fe feeb 	bl	10002864 <tud_descriptor_configuration_cb>
10003a8e:	2800      	cmp	r0, #0
10003a90:	d100      	bne.n	10003a94 <tud_task+0x718>
10003a92:	e63e      	b.n	10003712 <tud_task+0x396>
10003a94:	7843      	ldrb	r3, [r0, #1]
10003a96:	9304      	str	r3, [sp, #16]
10003a98:	2b02      	cmp	r3, #2
10003a9a:	d000      	beq.n	10003a9e <tud_task+0x722>
10003a9c:	e639      	b.n	10003712 <tud_task+0x396>
10003a9e:	2701      	movs	r7, #1
10003aa0:	79c3      	ldrb	r3, [r0, #7]
10003aa2:	115a      	asrs	r2, r3, #5
10003aa4:	403a      	ands	r2, r7
10003aa6:	0112      	lsls	r2, r2, #4
10003aa8:	4691      	mov	r9, r2
10003aaa:	782a      	ldrb	r2, [r5, #0]
10003aac:	119b      	asrs	r3, r3, #6
10003aae:	4690      	mov	r8, r2
10003ab0:	2210      	movs	r2, #16
10003ab2:	4641      	mov	r1, r8
10003ab4:	4391      	bics	r1, r2
10003ab6:	000a      	movs	r2, r1
10003ab8:	4649      	mov	r1, r9
10003aba:	430a      	orrs	r2, r1
10003abc:	2120      	movs	r1, #32
10003abe:	403b      	ands	r3, r7
10003ac0:	438a      	bics	r2, r1
10003ac2:	015b      	lsls	r3, r3, #5
10003ac4:	4313      	orrs	r3, r2
10003ac6:	702b      	strb	r3, [r5, #0]
10003ac8:	2309      	movs	r3, #9
10003aca:	4698      	mov	r8, r3
10003acc:	78c3      	ldrb	r3, [r0, #3]
10003ace:	7882      	ldrb	r2, [r0, #2]
10003ad0:	021b      	lsls	r3, r3, #8
10003ad2:	4313      	orrs	r3, r2
10003ad4:	18c3      	adds	r3, r0, r3
10003ad6:	4480      	add	r8, r0
10003ad8:	9303      	str	r3, [sp, #12]
10003ada:	4598      	cmp	r8, r3
10003adc:	d300      	bcc.n	10003ae0 <tud_task+0x764>
10003ade:	e0be      	b.n	10003c5e <tud_task+0x8e2>
10003ae0:	46d1      	mov	r9, sl
10003ae2:	4643      	mov	r3, r8
10003ae4:	2201      	movs	r2, #1
10003ae6:	785b      	ldrb	r3, [r3, #1]
10003ae8:	9200      	str	r2, [sp, #0]
10003aea:	2b0b      	cmp	r3, #11
10003aec:	d107      	bne.n	10003afe <tud_task+0x782>
10003aee:	4643      	mov	r3, r8
10003af0:	78db      	ldrb	r3, [r3, #3]
10003af2:	9300      	str	r3, [sp, #0]
10003af4:	4643      	mov	r3, r8
10003af6:	781b      	ldrb	r3, [r3, #0]
10003af8:	4498      	add	r8, r3
10003afa:	4643      	mov	r3, r8
10003afc:	785b      	ldrb	r3, [r3, #1]
10003afe:	2b04      	cmp	r3, #4
10003b00:	d000      	beq.n	10003b04 <tud_task+0x788>
10003b02:	e606      	b.n	10003712 <tud_task+0x396>
10003b04:	4642      	mov	r2, r8
10003b06:	9b03      	ldr	r3, [sp, #12]
10003b08:	2700      	movs	r7, #0
10003b0a:	1a9b      	subs	r3, r3, r2
10003b0c:	b29b      	uxth	r3, r3
10003b0e:	9302      	str	r3, [sp, #8]
10003b10:	4a5d      	ldr	r2, [pc, #372]	; (10003c88 <tud_task+0x90c>)
10003b12:	4b5e      	ldr	r3, [pc, #376]	; (10003c8c <tud_task+0x910>)
10003b14:	781b      	ldrb	r3, [r3, #0]
10003b16:	2a00      	cmp	r2, #0
10003b18:	d116      	bne.n	10003b48 <tud_task+0x7cc>
10003b1a:	e5e9      	b.n	100036f0 <tud_task+0x374>
10003b1c:	42bb      	cmp	r3, r7
10003b1e:	d000      	beq.n	10003b22 <tud_task+0x7a6>
10003b20:	e0ae      	b.n	10003c80 <tud_task+0x904>
10003b22:	4a5b      	ldr	r2, [pc, #364]	; (10003c90 <tud_task+0x914>)
10003b24:	4b5b      	ldr	r3, [pc, #364]	; (10003c94 <tud_task+0x918>)
10003b26:	4692      	mov	sl, r2
10003b28:	9a02      	ldr	r2, [sp, #8]
10003b2a:	4641      	mov	r1, r8
10003b2c:	4648      	mov	r0, r9
10003b2e:	4798      	blx	r3
10003b30:	2808      	cmp	r0, #8
10003b32:	d902      	bls.n	10003b3a <tud_task+0x7be>
10003b34:	9b02      	ldr	r3, [sp, #8]
10003b36:	4283      	cmp	r3, r0
10003b38:	d253      	bcs.n	10003be2 <tud_task+0x866>
10003b3a:	4b54      	ldr	r3, [pc, #336]	; (10003c8c <tud_task+0x910>)
10003b3c:	3701      	adds	r7, #1
10003b3e:	781b      	ldrb	r3, [r3, #0]
10003b40:	b2ff      	uxtb	r7, r7
10003b42:	42bb      	cmp	r3, r7
10003b44:	d200      	bcs.n	10003b48 <tud_task+0x7cc>
10003b46:	e5e4      	b.n	10003712 <tud_task+0x396>
10003b48:	42bb      	cmp	r3, r7
10003b4a:	d9e7      	bls.n	10003b1c <tud_task+0x7a0>
10003b4c:	4a52      	ldr	r2, [pc, #328]	; (10003c98 <tud_task+0x91c>)
10003b4e:	007b      	lsls	r3, r7, #1
10003b50:	6812      	ldr	r2, [r2, #0]
10003b52:	19db      	adds	r3, r3, r7
10003b54:	4692      	mov	sl, r2
10003b56:	00db      	lsls	r3, r3, #3
10003b58:	449a      	add	sl, r3
10003b5a:	4653      	mov	r3, sl
10003b5c:	9205      	str	r2, [sp, #20]
10003b5e:	689b      	ldr	r3, [r3, #8]
10003b60:	e7e2      	b.n	10003b28 <tud_task+0x7ac>
10003b62:	4650      	mov	r0, sl
10003b64:	f7ff f902 	bl	10002d6c <dcd_edpt_close_all>
10003b68:	78ab      	ldrb	r3, [r5, #2]
10003b6a:	4f48      	ldr	r7, [pc, #288]	; (10003c8c <tud_task+0x910>)
10003b6c:	4a46      	ldr	r2, [pc, #280]	; (10003c88 <tud_task+0x90c>)
10003b6e:	9300      	str	r3, [sp, #0]
10003b70:	2100      	movs	r1, #0
10003b72:	783b      	ldrb	r3, [r7, #0]
10003b74:	2a00      	cmp	r2, #0
10003b76:	d02d      	beq.n	10003bd4 <tud_task+0x858>
10003b78:	4a47      	ldr	r2, [pc, #284]	; (10003c98 <tud_task+0x91c>)
10003b7a:	4691      	mov	r9, r2
10003b7c:	003a      	movs	r2, r7
10003b7e:	000f      	movs	r7, r1
10003b80:	4690      	mov	r8, r2
10003b82:	42bb      	cmp	r3, r7
10003b84:	d81d      	bhi.n	10003bc2 <tud_task+0x846>
10003b86:	d000      	beq.n	10003b8a <tud_task+0x80e>
10003b88:	e5d9      	b.n	1000373e <tud_task+0x3c2>
10003b8a:	4b44      	ldr	r3, [pc, #272]	; (10003c9c <tud_task+0x920>)
10003b8c:	4650      	mov	r0, sl
10003b8e:	4798      	blx	r3
10003b90:	4643      	mov	r3, r8
10003b92:	3701      	adds	r7, #1
10003b94:	781b      	ldrb	r3, [r3, #0]
10003b96:	b2ff      	uxtb	r7, r7
10003b98:	42bb      	cmp	r3, r7
10003b9a:	d2f2      	bcs.n	10003b82 <tud_task+0x806>
10003b9c:	2253      	movs	r2, #83	; 0x53
10003b9e:	2100      	movs	r1, #0
10003ba0:	0028      	movs	r0, r5
10003ba2:	f7fe fb51 	bl	10002248 <__wrap_memset>
10003ba6:	2210      	movs	r2, #16
10003ba8:	21ff      	movs	r1, #255	; 0xff
10003baa:	1ce8      	adds	r0, r5, #3
10003bac:	f7fe fb4c 	bl	10002248 <__wrap_memset>
10003bb0:	0028      	movs	r0, r5
10003bb2:	2220      	movs	r2, #32
10003bb4:	3013      	adds	r0, #19
10003bb6:	21ff      	movs	r1, #255	; 0xff
10003bb8:	f7fe fb46 	bl	10002248 <__wrap_memset>
10003bbc:	9b00      	ldr	r3, [sp, #0]
10003bbe:	70ab      	strb	r3, [r5, #2]
10003bc0:	e66c      	b.n	1000389c <tud_task+0x520>
10003bc2:	464a      	mov	r2, r9
10003bc4:	6812      	ldr	r2, [r2, #0]
10003bc6:	007b      	lsls	r3, r7, #1
10003bc8:	4694      	mov	ip, r2
10003bca:	19db      	adds	r3, r3, r7
10003bcc:	00db      	lsls	r3, r3, #3
10003bce:	4463      	add	r3, ip
10003bd0:	685b      	ldr	r3, [r3, #4]
10003bd2:	e7db      	b.n	10003b8c <tud_task+0x810>
10003bd4:	4650      	mov	r0, sl
10003bd6:	f000 fc69 	bl	100044ac <cdcd_reset>
10003bda:	783b      	ldrb	r3, [r7, #0]
10003bdc:	2b00      	cmp	r3, #0
10003bde:	d0dd      	beq.n	10003b9c <tud_task+0x820>
10003be0:	e5ad      	b.n	1000373e <tud_task+0x3c2>
10003be2:	4684      	mov	ip, r0
10003be4:	9b00      	ldr	r3, [sp, #0]
10003be6:	2b01      	cmp	r3, #1
10003be8:	d019      	beq.n	10003c1e <tud_task+0x8a2>
10003bea:	9b00      	ldr	r3, [sp, #0]
10003bec:	2b00      	cmp	r3, #0
10003bee:	d023      	beq.n	10003c38 <tud_task+0x8bc>
10003bf0:	4643      	mov	r3, r8
10003bf2:	7899      	ldrb	r1, [r3, #2]
10003bf4:	186a      	adds	r2, r5, r1
10003bf6:	78d2      	ldrb	r2, [r2, #3]
10003bf8:	000b      	movs	r3, r1
10003bfa:	2aff      	cmp	r2, #255	; 0xff
10003bfc:	d000      	beq.n	10003c00 <tud_task+0x884>
10003bfe:	e588      	b.n	10003712 <tud_task+0x396>
10003c00:	2200      	movs	r2, #0
10003c02:	18eb      	adds	r3, r5, r3
10003c04:	70df      	strb	r7, [r3, #3]
10003c06:	3201      	adds	r2, #1
10003c08:	9b00      	ldr	r3, [sp, #0]
10003c0a:	b2d2      	uxtb	r2, r2
10003c0c:	429a      	cmp	r2, r3
10003c0e:	d213      	bcs.n	10003c38 <tud_task+0x8bc>
10003c10:	1853      	adds	r3, r2, r1
10003c12:	b2db      	uxtb	r3, r3
10003c14:	18e8      	adds	r0, r5, r3
10003c16:	78c0      	ldrb	r0, [r0, #3]
10003c18:	28ff      	cmp	r0, #255	; 0xff
10003c1a:	d0f2      	beq.n	10003c02 <tud_task+0x886>
10003c1c:	e579      	b.n	10003712 <tud_task+0x396>
10003c1e:	4652      	mov	r2, sl
10003c20:	4b1c      	ldr	r3, [pc, #112]	; (10003c94 <tud_task+0x918>)
10003c22:	6892      	ldr	r2, [r2, #8]
10003c24:	429a      	cmp	r2, r3
10003c26:	d025      	beq.n	10003c74 <tud_task+0x8f8>
10003c28:	4643      	mov	r3, r8
10003c2a:	789b      	ldrb	r3, [r3, #2]
10003c2c:	18eb      	adds	r3, r5, r3
10003c2e:	78da      	ldrb	r2, [r3, #3]
10003c30:	2aff      	cmp	r2, #255	; 0xff
10003c32:	d000      	beq.n	10003c36 <tud_task+0x8ba>
10003c34:	e56d      	b.n	10003712 <tud_task+0x396>
10003c36:	70df      	strb	r7, [r3, #3]
10003c38:	0028      	movs	r0, r5
10003c3a:	46e2      	mov	sl, ip
10003c3c:	003b      	movs	r3, r7
10003c3e:	4641      	mov	r1, r8
10003c40:	3013      	adds	r0, #19
10003c42:	4662      	mov	r2, ip
10003c44:	f000 fe3a 	bl	100048bc <tu_edpt_bind_driver>
10003c48:	4b10      	ldr	r3, [pc, #64]	; (10003c8c <tud_task+0x910>)
10003c4a:	44d0      	add	r8, sl
10003c4c:	781b      	ldrb	r3, [r3, #0]
10003c4e:	42bb      	cmp	r3, r7
10003c50:	d200      	bcs.n	10003c54 <tud_task+0x8d8>
10003c52:	e55e      	b.n	10003712 <tud_task+0x396>
10003c54:	9b03      	ldr	r3, [sp, #12]
10003c56:	4543      	cmp	r3, r8
10003c58:	d900      	bls.n	10003c5c <tud_task+0x8e0>
10003c5a:	e742      	b.n	10003ae2 <tud_task+0x766>
10003c5c:	46ca      	mov	sl, r9
10003c5e:	4b10      	ldr	r3, [pc, #64]	; (10003ca0 <tud_task+0x924>)
10003c60:	2b00      	cmp	r3, #0
10003c62:	d100      	bne.n	10003c66 <tud_task+0x8ea>
10003c64:	e61e      	b.n	100038a4 <tud_task+0x528>
10003c66:	e000      	b.n	10003c6a <tud_task+0x8ee>
10003c68:	bf00      	nop
10003c6a:	e61b      	b.n	100038a4 <tud_task+0x528>
10003c6c:	4b08      	ldr	r3, [pc, #32]	; (10003c90 <tud_task+0x914>)
10003c6e:	4f06      	ldr	r7, [pc, #24]	; (10003c88 <tud_task+0x90c>)
10003c70:	469a      	mov	sl, r3
10003c72:	e7b7      	b.n	10003be4 <tud_task+0x868>
10003c74:	9b04      	ldr	r3, [sp, #16]
10003c76:	9300      	str	r3, [sp, #0]
10003c78:	e7ba      	b.n	10003bf0 <tud_task+0x874>
10003c7a:	f7fe fdf3 	bl	10002864 <tud_descriptor_configuration_cb>
10003c7e:	e690      	b.n	100039a2 <tud_task+0x626>
10003c80:	2300      	movs	r3, #0
10003c82:	689b      	ldr	r3, [r3, #8]
10003c84:	deff      	udf	#255	; 0xff
10003c86:	46c0      	nop			; (mov r8, r8)
10003c88:	100025cd 	.word	0x100025cd
10003c8c:	20000f2e 	.word	0x20000f2e
10003c90:	100052f4 	.word	0x100052f4
10003c94:	100044d9 	.word	0x100044d9
10003c98:	20000594 	.word	0x20000594
10003c9c:	100044ad 	.word	0x100044ad
10003ca0:	00000000 	.word	0x00000000

10003ca4 <dcd_event_bus_signal>:
10003ca4:	b570      	push	{r4, r5, r6, lr}
10003ca6:	b086      	sub	sp, #24
10003ca8:	466b      	mov	r3, sp
10003caa:	0005      	movs	r5, r0
10003cac:	000c      	movs	r4, r1
10003cae:	1c98      	adds	r0, r3, #2
10003cb0:	220a      	movs	r2, #10
10003cb2:	2100      	movs	r1, #0
10003cb4:	f7fe fac8 	bl	10002248 <__wrap_memset>
10003cb8:	466b      	mov	r3, sp
10003cba:	701d      	strb	r5, [r3, #0]
10003cbc:	705c      	strb	r4, [r3, #1]
10003cbe:	2c03      	cmp	r4, #3
10003cc0:	d04f      	beq.n	10003d62 <dcd_event_bus_signal+0xbe>
10003cc2:	d909      	bls.n	10003cd8 <dcd_event_bus_signal+0x34>
10003cc4:	2c04      	cmp	r4, #4
10003cc6:	d03a      	beq.n	10003d3e <dcd_event_bus_signal+0x9a>
10003cc8:	2c05      	cmp	r4, #5
10003cca:	d12e      	bne.n	10003d2a <dcd_event_bus_signal+0x86>
10003ccc:	4b3c      	ldr	r3, [pc, #240]	; (10003dc0 <dcd_event_bus_signal+0x11c>)
10003cce:	781a      	ldrb	r2, [r3, #0]
10003cd0:	07d2      	lsls	r2, r2, #31
10003cd2:	d466      	bmi.n	10003da2 <dcd_event_bus_signal+0xfe>
10003cd4:	b006      	add	sp, #24
10003cd6:	bd70      	pop	{r4, r5, r6, pc}
10003cd8:	2c02      	cmp	r4, #2
10003cda:	d126      	bne.n	10003d2a <dcd_event_bus_signal+0x86>
10003cdc:	2101      	movs	r1, #1
10003cde:	4b38      	ldr	r3, [pc, #224]	; (10003dc0 <dcd_event_bus_signal+0x11c>)
10003ce0:	781a      	ldrb	r2, [r3, #0]
10003ce2:	438a      	bics	r2, r1
10003ce4:	701a      	strb	r2, [r3, #0]
10003ce6:	781a      	ldrb	r2, [r3, #0]
10003ce8:	3103      	adds	r1, #3
10003cea:	43a2      	bics	r2, r4
10003cec:	701a      	strb	r2, [r3, #0]
10003cee:	2200      	movs	r2, #0
10003cf0:	705a      	strb	r2, [r3, #1]
10003cf2:	781a      	ldrb	r2, [r3, #0]
10003cf4:	438a      	bics	r2, r1
10003cf6:	701a      	strb	r2, [r3, #0]
10003cf8:	4b32      	ldr	r3, [pc, #200]	; (10003dc4 <dcd_event_bus_signal+0x120>)
10003cfa:	681c      	ldr	r4, [r3, #0]
10003cfc:	69e2      	ldr	r2, [r4, #28]
10003cfe:	f3ef 8110 	mrs	r1, PRIMASK
10003d02:	b672      	cpsid	i
10003d04:	6813      	ldr	r3, [r2, #0]
10003d06:	2b00      	cmp	r3, #0
10003d08:	d0fc      	beq.n	10003d04 <dcd_event_bus_signal+0x60>
10003d0a:	f3bf 8f5f 	dmb	sy
10003d0e:	6221      	str	r1, [r4, #32]
10003d10:	4669      	mov	r1, sp
10003d12:	0020      	movs	r0, r4
10003d14:	f000 ff1a 	bl	10004b4c <tu_fifo_write>
10003d18:	69e2      	ldr	r2, [r4, #28]
10003d1a:	6a23      	ldr	r3, [r4, #32]
10003d1c:	f3bf 8f5f 	dmb	sy
10003d20:	2100      	movs	r1, #0
10003d22:	6011      	str	r1, [r2, #0]
10003d24:	f383 8810 	msr	PRIMASK, r3
10003d28:	e7d4      	b.n	10003cd4 <dcd_event_bus_signal+0x30>
10003d2a:	4b26      	ldr	r3, [pc, #152]	; (10003dc4 <dcd_event_bus_signal+0x120>)
10003d2c:	681c      	ldr	r4, [r3, #0]
10003d2e:	69e2      	ldr	r2, [r4, #28]
10003d30:	f3ef 8110 	mrs	r1, PRIMASK
10003d34:	b672      	cpsid	i
10003d36:	6813      	ldr	r3, [r2, #0]
10003d38:	2b00      	cmp	r3, #0
10003d3a:	d1e6      	bne.n	10003d0a <dcd_event_bus_signal+0x66>
10003d3c:	e7fb      	b.n	10003d36 <dcd_event_bus_signal+0x92>
10003d3e:	4b20      	ldr	r3, [pc, #128]	; (10003dc0 <dcd_event_bus_signal+0x11c>)
10003d40:	781a      	ldrb	r2, [r3, #0]
10003d42:	07d2      	lsls	r2, r2, #31
10003d44:	d5c6      	bpl.n	10003cd4 <dcd_event_bus_signal+0x30>
10003d46:	2104      	movs	r1, #4
10003d48:	781a      	ldrb	r2, [r3, #0]
10003d4a:	430a      	orrs	r2, r1
10003d4c:	701a      	strb	r2, [r3, #0]
10003d4e:	4b1d      	ldr	r3, [pc, #116]	; (10003dc4 <dcd_event_bus_signal+0x120>)
10003d50:	681c      	ldr	r4, [r3, #0]
10003d52:	69e2      	ldr	r2, [r4, #28]
10003d54:	f3ef 8110 	mrs	r1, PRIMASK
10003d58:	b672      	cpsid	i
10003d5a:	6813      	ldr	r3, [r2, #0]
10003d5c:	2b00      	cmp	r3, #0
10003d5e:	d1d4      	bne.n	10003d0a <dcd_event_bus_signal+0x66>
10003d60:	e7fb      	b.n	10003d5a <dcd_event_bus_signal+0xb6>
10003d62:	4b17      	ldr	r3, [pc, #92]	; (10003dc0 <dcd_event_bus_signal+0x11c>)
10003d64:	781a      	ldrb	r2, [r3, #0]
10003d66:	0752      	lsls	r2, r2, #29
10003d68:	d5b4      	bpl.n	10003cd4 <dcd_event_bus_signal+0x30>
10003d6a:	2104      	movs	r1, #4
10003d6c:	200e      	movs	r0, #14
10003d6e:	781a      	ldrb	r2, [r3, #0]
10003d70:	4468      	add	r0, sp
10003d72:	438a      	bics	r2, r1
10003d74:	701a      	strb	r2, [r3, #0]
10003d76:	2100      	movs	r1, #0
10003d78:	220a      	movs	r2, #10
10003d7a:	f7fe fa65 	bl	10002248 <__wrap_memset>
10003d7e:	2305      	movs	r3, #5
10003d80:	ae03      	add	r6, sp, #12
10003d82:	7073      	strb	r3, [r6, #1]
10003d84:	4b0f      	ldr	r3, [pc, #60]	; (10003dc4 <dcd_event_bus_signal+0x120>)
10003d86:	7035      	strb	r5, [r6, #0]
10003d88:	681c      	ldr	r4, [r3, #0]
10003d8a:	69e2      	ldr	r2, [r4, #28]
10003d8c:	f3ef 8110 	mrs	r1, PRIMASK
10003d90:	b672      	cpsid	i
10003d92:	6813      	ldr	r3, [r2, #0]
10003d94:	2b00      	cmp	r3, #0
10003d96:	d0fc      	beq.n	10003d92 <dcd_event_bus_signal+0xee>
10003d98:	f3bf 8f5f 	dmb	sy
10003d9c:	6221      	str	r1, [r4, #32]
10003d9e:	0031      	movs	r1, r6
10003da0:	e7b7      	b.n	10003d12 <dcd_event_bus_signal+0x6e>
10003da2:	2104      	movs	r1, #4
10003da4:	781a      	ldrb	r2, [r3, #0]
10003da6:	438a      	bics	r2, r1
10003da8:	701a      	strb	r2, [r3, #0]
10003daa:	4b06      	ldr	r3, [pc, #24]	; (10003dc4 <dcd_event_bus_signal+0x120>)
10003dac:	681c      	ldr	r4, [r3, #0]
10003dae:	69e2      	ldr	r2, [r4, #28]
10003db0:	f3ef 8110 	mrs	r1, PRIMASK
10003db4:	b672      	cpsid	i
10003db6:	6813      	ldr	r3, [r2, #0]
10003db8:	2b00      	cmp	r3, #0
10003dba:	d1a6      	bne.n	10003d0a <dcd_event_bus_signal+0x66>
10003dbc:	e7fb      	b.n	10003db6 <dcd_event_bus_signal+0x112>
10003dbe:	46c0      	nop			; (mov r8, r8)
10003dc0:	200008cc 	.word	0x200008cc
10003dc4:	20000924 	.word	0x20000924

10003dc8 <dcd_event_bus_reset>:
10003dc8:	b570      	push	{r4, r5, r6, lr}
10003dca:	b084      	sub	sp, #16
10003dcc:	466b      	mov	r3, sp
10003dce:	0006      	movs	r6, r0
10003dd0:	000d      	movs	r5, r1
10003dd2:	220a      	movs	r2, #10
10003dd4:	2100      	movs	r1, #0
10003dd6:	1d98      	adds	r0, r3, #6
10003dd8:	f7fe fa36 	bl	10002248 <__wrap_memset>
10003ddc:	2301      	movs	r3, #1
10003dde:	ac01      	add	r4, sp, #4
10003de0:	7063      	strb	r3, [r4, #1]
10003de2:	4b0e      	ldr	r3, [pc, #56]	; (10003e1c <dcd_event_bus_reset+0x54>)
10003de4:	7125      	strb	r5, [r4, #4]
10003de6:	681d      	ldr	r5, [r3, #0]
10003de8:	7026      	strb	r6, [r4, #0]
10003dea:	69ea      	ldr	r2, [r5, #28]
10003dec:	f3ef 8310 	mrs	r3, PRIMASK
10003df0:	b672      	cpsid	i
10003df2:	6811      	ldr	r1, [r2, #0]
10003df4:	2900      	cmp	r1, #0
10003df6:	d0fc      	beq.n	10003df2 <dcd_event_bus_reset+0x2a>
10003df8:	f3bf 8f5f 	dmb	sy
10003dfc:	622b      	str	r3, [r5, #32]
10003dfe:	0021      	movs	r1, r4
10003e00:	0028      	movs	r0, r5
10003e02:	f000 fea3 	bl	10004b4c <tu_fifo_write>
10003e06:	69ea      	ldr	r2, [r5, #28]
10003e08:	6a2b      	ldr	r3, [r5, #32]
10003e0a:	f3bf 8f5f 	dmb	sy
10003e0e:	2100      	movs	r1, #0
10003e10:	6011      	str	r1, [r2, #0]
10003e12:	f383 8810 	msr	PRIMASK, r3
10003e16:	b004      	add	sp, #16
10003e18:	bd70      	pop	{r4, r5, r6, pc}
10003e1a:	46c0      	nop			; (mov r8, r8)
10003e1c:	20000924 	.word	0x20000924

10003e20 <dcd_event_setup_received>:
10003e20:	2300      	movs	r3, #0
10003e22:	b530      	push	{r4, r5, lr}
10003e24:	b085      	sub	sp, #20
10003e26:	ad01      	add	r5, sp, #4
10003e28:	806b      	strh	r3, [r5, #2]
10003e2a:	7028      	strb	r0, [r5, #0]
10003e2c:	3306      	adds	r3, #6
10003e2e:	2208      	movs	r2, #8
10003e30:	a802      	add	r0, sp, #8
10003e32:	706b      	strb	r3, [r5, #1]
10003e34:	f7fe fa0e 	bl	10002254 <__wrap___aeabi_memcpy>
10003e38:	4b0c      	ldr	r3, [pc, #48]	; (10003e6c <dcd_event_setup_received+0x4c>)
10003e3a:	681c      	ldr	r4, [r3, #0]
10003e3c:	69e2      	ldr	r2, [r4, #28]
10003e3e:	f3ef 8310 	mrs	r3, PRIMASK
10003e42:	b672      	cpsid	i
10003e44:	6811      	ldr	r1, [r2, #0]
10003e46:	2900      	cmp	r1, #0
10003e48:	d0fc      	beq.n	10003e44 <dcd_event_setup_received+0x24>
10003e4a:	f3bf 8f5f 	dmb	sy
10003e4e:	6223      	str	r3, [r4, #32]
10003e50:	0029      	movs	r1, r5
10003e52:	0020      	movs	r0, r4
10003e54:	f000 fe7a 	bl	10004b4c <tu_fifo_write>
10003e58:	69e2      	ldr	r2, [r4, #28]
10003e5a:	6a23      	ldr	r3, [r4, #32]
10003e5c:	f3bf 8f5f 	dmb	sy
10003e60:	2100      	movs	r1, #0
10003e62:	6011      	str	r1, [r2, #0]
10003e64:	f383 8810 	msr	PRIMASK, r3
10003e68:	b005      	add	sp, #20
10003e6a:	bd30      	pop	{r4, r5, pc}
10003e6c:	20000924 	.word	0x20000924

10003e70 <dcd_event_xfer_complete>:
10003e70:	b5f0      	push	{r4, r5, r6, r7, lr}
10003e72:	46c6      	mov	lr, r8
10003e74:	b500      	push	{lr}
10003e76:	b084      	sub	sp, #16
10003e78:	001d      	movs	r5, r3
10003e7a:	466b      	mov	r3, sp
10003e7c:	4680      	mov	r8, r0
10003e7e:	000f      	movs	r7, r1
10003e80:	0016      	movs	r6, r2
10003e82:	2100      	movs	r1, #0
10003e84:	2206      	movs	r2, #6
10003e86:	1d98      	adds	r0, r3, #6
10003e88:	f7fe f9de 	bl	10002248 <__wrap_memset>
10003e8c:	4643      	mov	r3, r8
10003e8e:	ac01      	add	r4, sp, #4
10003e90:	7023      	strb	r3, [r4, #0]
10003e92:	2307      	movs	r3, #7
10003e94:	7063      	strb	r3, [r4, #1]
10003e96:	4b0f      	ldr	r3, [pc, #60]	; (10003ed4 <dcd_event_xfer_complete+0x64>)
10003e98:	7165      	strb	r5, [r4, #5]
10003e9a:	681d      	ldr	r5, [r3, #0]
10003e9c:	7127      	strb	r7, [r4, #4]
10003e9e:	60a6      	str	r6, [r4, #8]
10003ea0:	69ea      	ldr	r2, [r5, #28]
10003ea2:	f3ef 8310 	mrs	r3, PRIMASK
10003ea6:	b672      	cpsid	i
10003ea8:	6811      	ldr	r1, [r2, #0]
10003eaa:	2900      	cmp	r1, #0
10003eac:	d0fc      	beq.n	10003ea8 <dcd_event_xfer_complete+0x38>
10003eae:	f3bf 8f5f 	dmb	sy
10003eb2:	622b      	str	r3, [r5, #32]
10003eb4:	0021      	movs	r1, r4
10003eb6:	0028      	movs	r0, r5
10003eb8:	f000 fe48 	bl	10004b4c <tu_fifo_write>
10003ebc:	69ea      	ldr	r2, [r5, #28]
10003ebe:	6a2b      	ldr	r3, [r5, #32]
10003ec0:	f3bf 8f5f 	dmb	sy
10003ec4:	2100      	movs	r1, #0
10003ec6:	6011      	str	r1, [r2, #0]
10003ec8:	f383 8810 	msr	PRIMASK, r3
10003ecc:	b004      	add	sp, #16
10003ece:	bc04      	pop	{r2}
10003ed0:	4690      	mov	r8, r2
10003ed2:	bdf0      	pop	{r4, r5, r6, r7, pc}
10003ed4:	20000924 	.word	0x20000924

10003ed8 <usbd_open_edpt_pair>:
10003ed8:	b5f0      	push	{r4, r5, r6, r7, lr}
10003eda:	4646      	mov	r6, r8
10003edc:	46d6      	mov	lr, sl
10003ede:	464f      	mov	r7, r9
10003ee0:	4680      	mov	r8, r0
10003ee2:	b5c0      	push	{r6, r7, lr}
10003ee4:	000c      	movs	r4, r1
10003ee6:	0015      	movs	r5, r2
10003ee8:	001e      	movs	r6, r3
10003eea:	2a00      	cmp	r2, #0
10003eec:	d03e      	beq.n	10003f6c <usbd_open_edpt_pair+0x94>
10003eee:	784b      	ldrb	r3, [r1, #1]
10003ef0:	2b05      	cmp	r3, #5
10003ef2:	d108      	bne.n	10003f06 <usbd_open_edpt_pair+0x2e>
10003ef4:	78cb      	ldrb	r3, [r1, #3]
10003ef6:	079b      	lsls	r3, r3, #30
10003ef8:	0f9b      	lsrs	r3, r3, #30
10003efa:	42b3      	cmp	r3, r6
10003efc:	d103      	bne.n	10003f06 <usbd_open_edpt_pair+0x2e>
10003efe:	2270      	movs	r2, #112	; 0x70
10003f00:	788b      	ldrb	r3, [r1, #2]
10003f02:	421a      	tst	r2, r3
10003f04:	d005      	beq.n	10003f12 <usbd_open_edpt_pair+0x3a>
10003f06:	2000      	movs	r0, #0
10003f08:	bc1c      	pop	{r2, r3, r4}
10003f0a:	4690      	mov	r8, r2
10003f0c:	4699      	mov	r9, r3
10003f0e:	46a2      	mov	sl, r4
10003f10:	bdf0      	pop	{r4, r5, r6, r7, pc}
10003f12:	4b17      	ldr	r3, [pc, #92]	; (10003f70 <usbd_open_edpt_pair+0x98>)
10003f14:	2700      	movs	r7, #0
10003f16:	4699      	mov	r9, r3
10003f18:	2370      	movs	r3, #112	; 0x70
10003f1a:	469a      	mov	sl, r3
10003f1c:	464b      	mov	r3, r9
10003f1e:	0020      	movs	r0, r4
10003f20:	7899      	ldrb	r1, [r3, #2]
10003f22:	f000 fc91 	bl	10004848 <tu_edpt_validate>
10003f26:	2800      	cmp	r0, #0
10003f28:	d0ed      	beq.n	10003f06 <usbd_open_edpt_pair+0x2e>
10003f2a:	0021      	movs	r1, r4
10003f2c:	4640      	mov	r0, r8
10003f2e:	f7fe feab 	bl	10002c88 <dcd_edpt_open>
10003f32:	2800      	cmp	r0, #0
10003f34:	d0e7      	beq.n	10003f06 <usbd_open_edpt_pair+0x2e>
10003f36:	78a3      	ldrb	r3, [r4, #2]
10003f38:	09da      	lsrs	r2, r3, #7
10003f3a:	2a01      	cmp	r2, #1
10003f3c:	d013      	beq.n	10003f66 <usbd_open_edpt_pair+0x8e>
10003f3e:	9a08      	ldr	r2, [sp, #32]
10003f40:	7013      	strb	r3, [r2, #0]
10003f42:	7823      	ldrb	r3, [r4, #0]
10003f44:	3701      	adds	r7, #1
10003f46:	18e4      	adds	r4, r4, r3
10003f48:	42af      	cmp	r7, r5
10003f4a:	da0f      	bge.n	10003f6c <usbd_open_edpt_pair+0x94>
10003f4c:	7863      	ldrb	r3, [r4, #1]
10003f4e:	2b05      	cmp	r3, #5
10003f50:	d1d9      	bne.n	10003f06 <usbd_open_edpt_pair+0x2e>
10003f52:	78e3      	ldrb	r3, [r4, #3]
10003f54:	079b      	lsls	r3, r3, #30
10003f56:	0f9b      	lsrs	r3, r3, #30
10003f58:	42b3      	cmp	r3, r6
10003f5a:	d1d4      	bne.n	10003f06 <usbd_open_edpt_pair+0x2e>
10003f5c:	4652      	mov	r2, sl
10003f5e:	78a3      	ldrb	r3, [r4, #2]
10003f60:	421a      	tst	r2, r3
10003f62:	d1d0      	bne.n	10003f06 <usbd_open_edpt_pair+0x2e>
10003f64:	e7da      	b.n	10003f1c <usbd_open_edpt_pair+0x44>
10003f66:	9a09      	ldr	r2, [sp, #36]	; 0x24
10003f68:	7013      	strb	r3, [r2, #0]
10003f6a:	e7ea      	b.n	10003f42 <usbd_open_edpt_pair+0x6a>
10003f6c:	2001      	movs	r0, #1
10003f6e:	e7cb      	b.n	10003f08 <usbd_open_edpt_pair+0x30>
10003f70:	200008cc 	.word	0x200008cc

10003f74 <usbd_edpt_open>:
10003f74:	2270      	movs	r2, #112	; 0x70
10003f76:	b570      	push	{r4, r5, r6, lr}
10003f78:	788b      	ldrb	r3, [r1, #2]
10003f7a:	0005      	movs	r5, r0
10003f7c:	000c      	movs	r4, r1
10003f7e:	421a      	tst	r2, r3
10003f80:	d001      	beq.n	10003f86 <usbd_edpt_open+0x12>
10003f82:	2000      	movs	r0, #0
10003f84:	bd70      	pop	{r4, r5, r6, pc}
10003f86:	4b06      	ldr	r3, [pc, #24]	; (10003fa0 <usbd_edpt_open+0x2c>)
10003f88:	0020      	movs	r0, r4
10003f8a:	7899      	ldrb	r1, [r3, #2]
10003f8c:	f000 fc5c 	bl	10004848 <tu_edpt_validate>
10003f90:	2800      	cmp	r0, #0
10003f92:	d0f6      	beq.n	10003f82 <usbd_edpt_open+0xe>
10003f94:	0021      	movs	r1, r4
10003f96:	0028      	movs	r0, r5
10003f98:	f7fe fe76 	bl	10002c88 <dcd_edpt_open>
10003f9c:	e7f2      	b.n	10003f84 <usbd_edpt_open+0x10>
10003f9e:	46c0      	nop			; (mov r8, r8)
10003fa0:	200008cc 	.word	0x200008cc

10003fa4 <usbd_edpt_claim>:
10003fa4:	237f      	movs	r3, #127	; 0x7f
10003fa6:	b570      	push	{r4, r5, r6, lr}
10003fa8:	400b      	ands	r3, r1
10003faa:	4d14      	ldr	r5, [pc, #80]	; (10003ffc <usbd_edpt_claim+0x58>)
10003fac:	005b      	lsls	r3, r3, #1
10003fae:	09c9      	lsrs	r1, r1, #7
10003fb0:	18ed      	adds	r5, r5, r3
10003fb2:	186d      	adds	r5, r5, r1
10003fb4:	3530      	adds	r5, #48	; 0x30
10003fb6:	78ec      	ldrb	r4, [r5, #3]
10003fb8:	07e4      	lsls	r4, r4, #31
10003fba:	0fe4      	lsrs	r4, r4, #31
10003fbc:	d117      	bne.n	10003fee <usbd_edpt_claim+0x4a>
10003fbe:	78eb      	ldrb	r3, [r5, #3]
10003fc0:	075b      	lsls	r3, r3, #29
10003fc2:	d501      	bpl.n	10003fc8 <usbd_edpt_claim+0x24>
10003fc4:	0020      	movs	r0, r4
10003fc6:	bd70      	pop	{r4, r5, r6, pc}
10003fc8:	2101      	movs	r1, #1
10003fca:	4e0d      	ldr	r6, [pc, #52]	; (10004000 <usbd_edpt_claim+0x5c>)
10003fcc:	4249      	negs	r1, r1
10003fce:	6830      	ldr	r0, [r6, #0]
10003fd0:	f001 f822 	bl	10005018 <__mutex_enter_timeout_ms_veneer>
10003fd4:	78ec      	ldrb	r4, [r5, #3]
10003fd6:	07e4      	lsls	r4, r4, #31
10003fd8:	0fe4      	lsrs	r4, r4, #31
10003fda:	d10a      	bne.n	10003ff2 <usbd_edpt_claim+0x4e>
10003fdc:	78eb      	ldrb	r3, [r5, #3]
10003fde:	075b      	lsls	r3, r3, #29
10003fe0:	d408      	bmi.n	10003ff4 <usbd_edpt_claim+0x50>
10003fe2:	2204      	movs	r2, #4
10003fe4:	78eb      	ldrb	r3, [r5, #3]
10003fe6:	2401      	movs	r4, #1
10003fe8:	4313      	orrs	r3, r2
10003fea:	70eb      	strb	r3, [r5, #3]
10003fec:	e002      	b.n	10003ff4 <usbd_edpt_claim+0x50>
10003fee:	2400      	movs	r4, #0
10003ff0:	e7e8      	b.n	10003fc4 <usbd_edpt_claim+0x20>
10003ff2:	2400      	movs	r4, #0
10003ff4:	6830      	ldr	r0, [r6, #0]
10003ff6:	f000 fff7 	bl	10004fe8 <__mutex_exit_veneer>
10003ffa:	e7e3      	b.n	10003fc4 <usbd_edpt_claim+0x20>
10003ffc:	200008cc 	.word	0x200008cc
10004000:	20000920 	.word	0x20000920

10004004 <usbd_edpt_release>:
10004004:	b570      	push	{r4, r5, r6, lr}
10004006:	000d      	movs	r5, r1
10004008:	2101      	movs	r1, #1
1000400a:	4c0f      	ldr	r4, [pc, #60]	; (10004048 <usbd_edpt_release+0x44>)
1000400c:	4249      	negs	r1, r1
1000400e:	6820      	ldr	r0, [r4, #0]
10004010:	f001 f802 	bl	10005018 <__mutex_enter_timeout_ms_veneer>
10004014:	217f      	movs	r1, #127	; 0x7f
10004016:	4029      	ands	r1, r5
10004018:	004b      	lsls	r3, r1, #1
1000401a:	490c      	ldr	r1, [pc, #48]	; (1000404c <usbd_edpt_release+0x48>)
1000401c:	09ed      	lsrs	r5, r5, #7
1000401e:	18c9      	adds	r1, r1, r3
10004020:	1949      	adds	r1, r1, r5
10004022:	3130      	adds	r1, #48	; 0x30
10004024:	78cb      	ldrb	r3, [r1, #3]
10004026:	2500      	movs	r5, #0
10004028:	07db      	lsls	r3, r3, #31
1000402a:	d407      	bmi.n	1000403c <usbd_edpt_release+0x38>
1000402c:	78cd      	ldrb	r5, [r1, #3]
1000402e:	076d      	lsls	r5, r5, #29
10004030:	0fed      	lsrs	r5, r5, #31
10004032:	d003      	beq.n	1000403c <usbd_edpt_release+0x38>
10004034:	2204      	movs	r2, #4
10004036:	78cb      	ldrb	r3, [r1, #3]
10004038:	4393      	bics	r3, r2
1000403a:	70cb      	strb	r3, [r1, #3]
1000403c:	6820      	ldr	r0, [r4, #0]
1000403e:	f000 ffd3 	bl	10004fe8 <__mutex_exit_veneer>
10004042:	0028      	movs	r0, r5
10004044:	bd70      	pop	{r4, r5, r6, pc}
10004046:	46c0      	nop			; (mov r8, r8)
10004048:	20000920 	.word	0x20000920
1000404c:	200008cc 	.word	0x200008cc

10004050 <usbd_edpt_xfer>:
10004050:	b570      	push	{r4, r5, r6, lr}
10004052:	247f      	movs	r4, #127	; 0x7f
10004054:	400c      	ands	r4, r1
10004056:	0065      	lsls	r5, r4, #1
10004058:	4c0e      	ldr	r4, [pc, #56]	; (10004094 <usbd_edpt_xfer+0x44>)
1000405a:	0006      	movs	r6, r0
1000405c:	1964      	adds	r4, r4, r5
1000405e:	09c8      	lsrs	r0, r1, #7
10004060:	1824      	adds	r4, r4, r0
10004062:	3430      	adds	r4, #48	; 0x30
10004064:	78e5      	ldrb	r5, [r4, #3]
10004066:	2000      	movs	r0, #0
10004068:	07ed      	lsls	r5, r5, #31
1000406a:	d500      	bpl.n	1000406e <usbd_edpt_xfer+0x1e>
1000406c:	bd70      	pop	{r4, r5, r6, pc}
1000406e:	2501      	movs	r5, #1
10004070:	78e0      	ldrb	r0, [r4, #3]
10004072:	4328      	orrs	r0, r5
10004074:	70e0      	strb	r0, [r4, #3]
10004076:	0030      	movs	r0, r6
10004078:	f7fe fed6 	bl	10002e28 <dcd_edpt_xfer>
1000407c:	2800      	cmp	r0, #0
1000407e:	d1f5      	bne.n	1000406c <usbd_edpt_xfer+0x1c>
10004080:	2201      	movs	r2, #1
10004082:	78e3      	ldrb	r3, [r4, #3]
10004084:	4393      	bics	r3, r2
10004086:	70e3      	strb	r3, [r4, #3]
10004088:	78e3      	ldrb	r3, [r4, #3]
1000408a:	3203      	adds	r2, #3
1000408c:	4393      	bics	r3, r2
1000408e:	70e3      	strb	r3, [r4, #3]
10004090:	e7ec      	b.n	1000406c <usbd_edpt_xfer+0x1c>
10004092:	46c0      	nop			; (mov r8, r8)
10004094:	200008cc 	.word	0x200008cc

10004098 <tud_control_status>:
10004098:	b570      	push	{r4, r5, r6, lr}
1000409a:	4c0a      	ldr	r4, [pc, #40]	; (100040c4 <tud_control_status+0x2c>)
1000409c:	0006      	movs	r6, r0
1000409e:	2208      	movs	r2, #8
100040a0:	0020      	movs	r0, r4
100040a2:	000d      	movs	r5, r1
100040a4:	f7fe f8d6 	bl	10002254 <__wrap___aeabi_memcpy>
100040a8:	2100      	movs	r1, #0
100040aa:	5669      	ldrsb	r1, [r5, r1]
100040ac:	2300      	movs	r3, #0
100040ae:	43c9      	mvns	r1, r1
100040b0:	0fc9      	lsrs	r1, r1, #31
100040b2:	0030      	movs	r0, r6
100040b4:	60e3      	str	r3, [r4, #12]
100040b6:	01c9      	lsls	r1, r1, #7
100040b8:	2200      	movs	r2, #0
100040ba:	60a3      	str	r3, [r4, #8]
100040bc:	f7ff ffc8 	bl	10004050 <usbd_edpt_xfer>
100040c0:	bd70      	pop	{r4, r5, r6, pc}
100040c2:	46c0      	nop			; (mov r8, r8)
100040c4:	20000870 	.word	0x20000870

100040c8 <tud_control_xfer>:
100040c8:	b5f0      	push	{r4, r5, r6, r7, lr}
100040ca:	46c6      	mov	lr, r8
100040cc:	4690      	mov	r8, r2
100040ce:	4c29      	ldr	r4, [pc, #164]	; (10004174 <tud_control_xfer+0xac>)
100040d0:	2208      	movs	r2, #8
100040d2:	b500      	push	{lr}
100040d4:	0006      	movs	r6, r0
100040d6:	0020      	movs	r0, r4
100040d8:	000d      	movs	r5, r1
100040da:	001f      	movs	r7, r3
100040dc:	f7fe f8ba 	bl	10002254 <__wrap___aeabi_memcpy>
100040e0:	4643      	mov	r3, r8
100040e2:	60a3      	str	r3, [r4, #8]
100040e4:	2300      	movs	r3, #0
100040e6:	81e3      	strh	r3, [r4, #14]
100040e8:	79eb      	ldrb	r3, [r5, #7]
100040ea:	79aa      	ldrb	r2, [r5, #6]
100040ec:	021b      	lsls	r3, r3, #8
100040ee:	4313      	orrs	r3, r2
100040f0:	1c1a      	adds	r2, r3, #0
100040f2:	42bb      	cmp	r3, r7
100040f4:	d900      	bls.n	100040f8 <tud_control_xfer+0x30>
100040f6:	1c3a      	adds	r2, r7, #0
100040f8:	b297      	uxth	r7, r2
100040fa:	81a2      	strh	r2, [r4, #12]
100040fc:	2b00      	cmp	r3, #0
100040fe:	d012      	beq.n	10004126 <tud_control_xfer+0x5e>
10004100:	2f00      	cmp	r7, #0
10004102:	d01d      	beq.n	10004140 <tud_control_xfer+0x78>
10004104:	4643      	mov	r3, r8
10004106:	2b00      	cmp	r3, #0
10004108:	d031      	beq.n	1000416e <tud_control_xfer+0xa6>
1000410a:	1c3b      	adds	r3, r7, #0
1000410c:	2f40      	cmp	r7, #64	; 0x40
1000410e:	d81d      	bhi.n	1000414c <tud_control_xfer+0x84>
10004110:	b29f      	uxth	r7, r3
10004112:	7823      	ldrb	r3, [r4, #0]
10004114:	2b7f      	cmp	r3, #127	; 0x7f
10004116:	d81e      	bhi.n	10004156 <tud_control_xfer+0x8e>
10004118:	2100      	movs	r1, #0
1000411a:	4a17      	ldr	r2, [pc, #92]	; (10004178 <tud_control_xfer+0xb0>)
1000411c:	003b      	movs	r3, r7
1000411e:	0030      	movs	r0, r6
10004120:	f7ff ff96 	bl	10004050 <usbd_edpt_xfer>
10004124:	e009      	b.n	1000413a <tud_control_xfer+0x72>
10004126:	2100      	movs	r1, #0
10004128:	5669      	ldrsb	r1, [r5, r1]
1000412a:	2300      	movs	r3, #0
1000412c:	43c9      	mvns	r1, r1
1000412e:	0fc9      	lsrs	r1, r1, #31
10004130:	01c9      	lsls	r1, r1, #7
10004132:	2200      	movs	r2, #0
10004134:	0030      	movs	r0, r6
10004136:	f7ff ff8b 	bl	10004050 <usbd_edpt_xfer>
1000413a:	bc04      	pop	{r2}
1000413c:	4690      	mov	r8, r2
1000413e:	bdf0      	pop	{r4, r5, r6, r7, pc}
10004140:	7823      	ldrb	r3, [r4, #0]
10004142:	2b7f      	cmp	r3, #127	; 0x7f
10004144:	d910      	bls.n	10004168 <tud_control_xfer+0xa0>
10004146:	2180      	movs	r1, #128	; 0x80
10004148:	2200      	movs	r2, #0
1000414a:	e7e7      	b.n	1000411c <tud_control_xfer+0x54>
1000414c:	2340      	movs	r3, #64	; 0x40
1000414e:	b29f      	uxth	r7, r3
10004150:	7823      	ldrb	r3, [r4, #0]
10004152:	2b7f      	cmp	r3, #127	; 0x7f
10004154:	d9e0      	bls.n	10004118 <tud_control_xfer+0x50>
10004156:	4c08      	ldr	r4, [pc, #32]	; (10004178 <tud_control_xfer+0xb0>)
10004158:	003a      	movs	r2, r7
1000415a:	4641      	mov	r1, r8
1000415c:	0020      	movs	r0, r4
1000415e:	f7fe f879 	bl	10002254 <__wrap___aeabi_memcpy>
10004162:	2180      	movs	r1, #128	; 0x80
10004164:	0022      	movs	r2, r4
10004166:	e7d9      	b.n	1000411c <tud_control_xfer+0x54>
10004168:	2100      	movs	r1, #0
1000416a:	2200      	movs	r2, #0
1000416c:	e7d6      	b.n	1000411c <tud_control_xfer+0x54>
1000416e:	2000      	movs	r0, #0
10004170:	e7e3      	b.n	1000413a <tud_control_xfer+0x72>
10004172:	46c0      	nop			; (mov r8, r8)
10004174:	20000870 	.word	0x20000870
10004178:	2000088c 	.word	0x2000088c

1000417c <usbd_control_reset>:
1000417c:	b510      	push	{r4, lr}
1000417e:	2214      	movs	r2, #20
10004180:	2100      	movs	r1, #0
10004182:	4802      	ldr	r0, [pc, #8]	; (1000418c <usbd_control_reset+0x10>)
10004184:	f7fe f860 	bl	10002248 <__wrap_memset>
10004188:	bd10      	pop	{r4, pc}
1000418a:	46c0      	nop			; (mov r8, r8)
1000418c:	20000870 	.word	0x20000870

10004190 <usbd_control_set_complete_callback>:
10004190:	4b01      	ldr	r3, [pc, #4]	; (10004198 <usbd_control_set_complete_callback+0x8>)
10004192:	6118      	str	r0, [r3, #16]
10004194:	4770      	bx	lr
10004196:	46c0      	nop			; (mov r8, r8)
10004198:	20000870 	.word	0x20000870

1000419c <usbd_control_set_request>:
1000419c:	b510      	push	{r4, lr}
1000419e:	4c05      	ldr	r4, [pc, #20]	; (100041b4 <usbd_control_set_request+0x18>)
100041a0:	0001      	movs	r1, r0
100041a2:	2208      	movs	r2, #8
100041a4:	0020      	movs	r0, r4
100041a6:	f7fe f855 	bl	10002254 <__wrap___aeabi_memcpy>
100041aa:	2300      	movs	r3, #0
100041ac:	60a3      	str	r3, [r4, #8]
100041ae:	60e3      	str	r3, [r4, #12]
100041b0:	bd10      	pop	{r4, pc}
100041b2:	46c0      	nop			; (mov r8, r8)
100041b4:	20000870 	.word	0x20000870

100041b8 <usbd_control_xfer_cb>:
100041b8:	b5f8      	push	{r3, r4, r5, r6, r7, lr}
100041ba:	4c3b      	ldr	r4, [pc, #236]	; (100042a8 <usbd_control_xfer_cb+0xf0>)
100041bc:	001d      	movs	r5, r3
100041be:	7823      	ldrb	r3, [r4, #0]
100041c0:	0006      	movs	r6, r0
100041c2:	09da      	lsrs	r2, r3, #7
100041c4:	09c9      	lsrs	r1, r1, #7
100041c6:	428a      	cmp	r2, r1
100041c8:	d013      	beq.n	100041f2 <usbd_control_xfer_cb+0x3a>
100041ca:	2000      	movs	r0, #0
100041cc:	2d00      	cmp	r5, #0
100041ce:	d000      	beq.n	100041d2 <usbd_control_xfer_cb+0x1a>
100041d0:	bdf8      	pop	{r3, r4, r5, r6, r7, pc}
100041d2:	4b36      	ldr	r3, [pc, #216]	; (100042ac <usbd_control_xfer_cb+0xf4>)
100041d4:	2b00      	cmp	r3, #0
100041d6:	d003      	beq.n	100041e0 <usbd_control_xfer_cb+0x28>
100041d8:	0021      	movs	r1, r4
100041da:	0030      	movs	r0, r6
100041dc:	f7fe fd46 	bl	10002c6c <dcd_edpt0_status_complete>
100041e0:	6923      	ldr	r3, [r4, #16]
100041e2:	2b00      	cmp	r3, #0
100041e4:	d043      	beq.n	1000426e <usbd_control_xfer_cb+0xb6>
100041e6:	0022      	movs	r2, r4
100041e8:	2102      	movs	r1, #2
100041ea:	0030      	movs	r0, r6
100041ec:	4798      	blx	r3
100041ee:	2001      	movs	r0, #1
100041f0:	e7ee      	b.n	100041d0 <usbd_control_xfer_cb+0x18>
100041f2:	68a0      	ldr	r0, [r4, #8]
100041f4:	2b7f      	cmp	r3, #127	; 0x7f
100041f6:	d806      	bhi.n	10004206 <usbd_control_xfer_cb+0x4e>
100041f8:	2800      	cmp	r0, #0
100041fa:	d036      	beq.n	1000426a <usbd_control_xfer_cb+0xb2>
100041fc:	002a      	movs	r2, r5
100041fe:	492c      	ldr	r1, [pc, #176]	; (100042b0 <usbd_control_xfer_cb+0xf8>)
10004200:	f7fe f828 	bl	10002254 <__wrap___aeabi_memcpy>
10004204:	68a0      	ldr	r0, [r4, #8]
10004206:	89e2      	ldrh	r2, [r4, #14]
10004208:	88e3      	ldrh	r3, [r4, #6]
1000420a:	1952      	adds	r2, r2, r5
1000420c:	b292      	uxth	r2, r2
1000420e:	1940      	adds	r0, r0, r5
10004210:	81e2      	strh	r2, [r4, #14]
10004212:	60a0      	str	r0, [r4, #8]
10004214:	4293      	cmp	r3, r2
10004216:	d014      	beq.n	10004242 <usbd_control_xfer_cb+0x8a>
10004218:	2d3f      	cmp	r5, #63	; 0x3f
1000421a:	d912      	bls.n	10004242 <usbd_control_xfer_cb+0x8a>
1000421c:	89a5      	ldrh	r5, [r4, #12]
1000421e:	1aa9      	subs	r1, r5, r2
10004220:	1c0f      	adds	r7, r1, #0
10004222:	b289      	uxth	r1, r1
10004224:	2940      	cmp	r1, #64	; 0x40
10004226:	d82e      	bhi.n	10004286 <usbd_control_xfer_cb+0xce>
10004228:	7823      	ldrb	r3, [r4, #0]
1000422a:	b2bf      	uxth	r7, r7
1000422c:	2b7f      	cmp	r3, #127	; 0x7f
1000422e:	d82c      	bhi.n	1000428a <usbd_control_xfer_cb+0xd2>
10004230:	2100      	movs	r1, #0
10004232:	42aa      	cmp	r2, r5
10004234:	d035      	beq.n	100042a2 <usbd_control_xfer_cb+0xea>
10004236:	4a1e      	ldr	r2, [pc, #120]	; (100042b0 <usbd_control_xfer_cb+0xf8>)
10004238:	003b      	movs	r3, r7
1000423a:	0030      	movs	r0, r6
1000423c:	f7ff ff08 	bl	10004050 <usbd_edpt_xfer>
10004240:	e7c6      	b.n	100041d0 <usbd_control_xfer_cb+0x18>
10004242:	6923      	ldr	r3, [r4, #16]
10004244:	2b00      	cmp	r3, #0
10004246:	d005      	beq.n	10004254 <usbd_control_xfer_cb+0x9c>
10004248:	0022      	movs	r2, r4
1000424a:	2101      	movs	r1, #1
1000424c:	0030      	movs	r0, r6
1000424e:	4798      	blx	r3
10004250:	2800      	cmp	r0, #0
10004252:	d00e      	beq.n	10004272 <usbd_control_xfer_cb+0xba>
10004254:	2100      	movs	r1, #0
10004256:	5661      	ldrsb	r1, [r4, r1]
10004258:	2300      	movs	r3, #0
1000425a:	43c9      	mvns	r1, r1
1000425c:	0fc9      	lsrs	r1, r1, #31
1000425e:	01c9      	lsls	r1, r1, #7
10004260:	2200      	movs	r2, #0
10004262:	0030      	movs	r0, r6
10004264:	f7ff fef4 	bl	10004050 <usbd_edpt_xfer>
10004268:	e7b2      	b.n	100041d0 <usbd_control_xfer_cb+0x18>
1000426a:	2000      	movs	r0, #0
1000426c:	e7b0      	b.n	100041d0 <usbd_control_xfer_cb+0x18>
1000426e:	2001      	movs	r0, #1
10004270:	e7ae      	b.n	100041d0 <usbd_control_xfer_cb+0x18>
10004272:	2100      	movs	r1, #0
10004274:	0030      	movs	r0, r6
10004276:	f7fe fde9 	bl	10002e4c <dcd_edpt_stall>
1000427a:	0030      	movs	r0, r6
1000427c:	2180      	movs	r1, #128	; 0x80
1000427e:	f7fe fde5 	bl	10002e4c <dcd_edpt_stall>
10004282:	2001      	movs	r0, #1
10004284:	e7a4      	b.n	100041d0 <usbd_control_xfer_cb+0x18>
10004286:	2740      	movs	r7, #64	; 0x40
10004288:	e7ce      	b.n	10004228 <usbd_control_xfer_cb+0x70>
1000428a:	2180      	movs	r1, #128	; 0x80
1000428c:	42aa      	cmp	r2, r5
1000428e:	d008      	beq.n	100042a2 <usbd_control_xfer_cb+0xea>
10004290:	4c07      	ldr	r4, [pc, #28]	; (100042b0 <usbd_control_xfer_cb+0xf8>)
10004292:	0001      	movs	r1, r0
10004294:	003a      	movs	r2, r7
10004296:	0020      	movs	r0, r4
10004298:	f7fd ffdc 	bl	10002254 <__wrap___aeabi_memcpy>
1000429c:	2180      	movs	r1, #128	; 0x80
1000429e:	0022      	movs	r2, r4
100042a0:	e7ca      	b.n	10004238 <usbd_control_xfer_cb+0x80>
100042a2:	2200      	movs	r2, #0
100042a4:	e7c8      	b.n	10004238 <usbd_control_xfer_cb+0x80>
100042a6:	46c0      	nop			; (mov r8, r8)
100042a8:	20000870 	.word	0x20000870
100042ac:	10002c6d 	.word	0x10002c6d
100042b0:	2000088c 	.word	0x2000088c

100042b4 <tud_cdc_n_connected>:
100042b4:	b510      	push	{r4, lr}
100042b6:	0004      	movs	r4, r0
100042b8:	f7fe ffe0 	bl	1000327c <tud_mounted>
100042bc:	2800      	cmp	r0, #0
100042be:	d101      	bne.n	100042c4 <tud_cdc_n_connected+0x10>
100042c0:	2000      	movs	r0, #0
100042c2:	bd10      	pop	{r4, pc}
100042c4:	f7fe ffe2 	bl	1000328c <tud_suspended>
100042c8:	2800      	cmp	r0, #0
100042ca:	d1f9      	bne.n	100042c0 <tud_cdc_n_connected+0xc>
100042cc:	20b6      	movs	r0, #182	; 0xb6
100042ce:	0080      	lsls	r0, r0, #2
100042d0:	4344      	muls	r4, r0
100042d2:	4803      	ldr	r0, [pc, #12]	; (100042e0 <tud_cdc_n_connected+0x2c>)
100042d4:	1900      	adds	r0, r0, r4
100042d6:	7903      	ldrb	r3, [r0, #4]
100042d8:	2001      	movs	r0, #1
100042da:	4018      	ands	r0, r3
100042dc:	e7f1      	b.n	100042c2 <tud_cdc_n_connected+0xe>
100042de:	46c0      	nop			; (mov r8, r8)
100042e0:	20000598 	.word	0x20000598

100042e4 <tud_cdc_n_available>:
100042e4:	23b6      	movs	r3, #182	; 0xb6
100042e6:	009b      	lsls	r3, r3, #2
100042e8:	4358      	muls	r0, r3
100042ea:	b510      	push	{r4, lr}
100042ec:	4b02      	ldr	r3, [pc, #8]	; (100042f8 <tud_cdc_n_available+0x14>)
100042ee:	3010      	adds	r0, #16
100042f0:	18c0      	adds	r0, r0, r3
100042f2:	f000 fb35 	bl	10004960 <tu_fifo_count>
100042f6:	bd10      	pop	{r4, pc}
100042f8:	20000598 	.word	0x20000598

100042fc <tud_cdc_n_read>:
100042fc:	b5f0      	push	{r4, r5, r6, r7, lr}
100042fe:	25b6      	movs	r5, #182	; 0xb6
10004300:	00ad      	lsls	r5, r5, #2
10004302:	4345      	muls	r5, r0
10004304:	002c      	movs	r4, r5
10004306:	46c6      	mov	lr, r8
10004308:	4e17      	ldr	r6, [pc, #92]	; (10004368 <tud_cdc_n_read+0x6c>)
1000430a:	3410      	adds	r4, #16
1000430c:	19a4      	adds	r4, r4, r6
1000430e:	b500      	push	{lr}
10004310:	b292      	uxth	r2, r2
10004312:	0020      	movs	r0, r4
10004314:	f000 fb9e 	bl	10004a54 <tu_fifo_read_n>
10004318:	0007      	movs	r7, r0
1000431a:	0020      	movs	r0, r4
1000431c:	f000 fb3a 	bl	10004994 <tu_fifo_remaining>
10004320:	283f      	cmp	r0, #63	; 0x3f
10004322:	d803      	bhi.n	1000432c <tud_cdc_n_read+0x30>
10004324:	0038      	movs	r0, r7
10004326:	bc04      	pop	{r2}
10004328:	4690      	mov	r8, r2
1000432a:	bdf0      	pop	{r4, r5, r6, r7, pc}
1000432c:	1973      	adds	r3, r6, r5
1000432e:	78d9      	ldrb	r1, [r3, #3]
10004330:	2000      	movs	r0, #0
10004332:	4698      	mov	r8, r3
10004334:	f7ff fe36 	bl	10003fa4 <usbd_edpt_claim>
10004338:	2800      	cmp	r0, #0
1000433a:	d0f3      	beq.n	10004324 <tud_cdc_n_read+0x28>
1000433c:	0020      	movs	r0, r4
1000433e:	f000 fb29 	bl	10004994 <tu_fifo_remaining>
10004342:	283f      	cmp	r0, #63	; 0x3f
10004344:	d90a      	bls.n	1000435c <tud_cdc_n_read+0x60>
10004346:	2396      	movs	r3, #150	; 0x96
10004348:	009b      	lsls	r3, r3, #2
1000434a:	18ea      	adds	r2, r5, r3
1000434c:	4643      	mov	r3, r8
1000434e:	1992      	adds	r2, r2, r6
10004350:	78d9      	ldrb	r1, [r3, #3]
10004352:	2000      	movs	r0, #0
10004354:	2340      	movs	r3, #64	; 0x40
10004356:	f7ff fe7b 	bl	10004050 <usbd_edpt_xfer>
1000435a:	e7e3      	b.n	10004324 <tud_cdc_n_read+0x28>
1000435c:	4643      	mov	r3, r8
1000435e:	2000      	movs	r0, #0
10004360:	78d9      	ldrb	r1, [r3, #3]
10004362:	f7ff fe4f 	bl	10004004 <usbd_edpt_release>
10004366:	e7dd      	b.n	10004324 <tud_cdc_n_read+0x28>
10004368:	20000598 	.word	0x20000598

1000436c <tud_cdc_n_write_flush>:
1000436c:	b5f8      	push	{r3, r4, r5, r6, r7, lr}
1000436e:	0005      	movs	r5, r0
10004370:	f7fe ff84 	bl	1000327c <tud_mounted>
10004374:	2800      	cmp	r0, #0
10004376:	d101      	bne.n	1000437c <tud_cdc_n_write_flush+0x10>
10004378:	2000      	movs	r0, #0
1000437a:	bdf8      	pop	{r3, r4, r5, r6, r7, pc}
1000437c:	f7fe ff86 	bl	1000328c <tud_suspended>
10004380:	2800      	cmp	r0, #0
10004382:	d1f9      	bne.n	10004378 <tud_cdc_n_write_flush+0xc>
10004384:	24b6      	movs	r4, #182	; 0xb6
10004386:	00a4      	lsls	r4, r4, #2
10004388:	436c      	muls	r4, r5
1000438a:	0025      	movs	r5, r4
1000438c:	4e14      	ldr	r6, [pc, #80]	; (100043e0 <tud_cdc_n_write_flush+0x74>)
1000438e:	352c      	adds	r5, #44	; 0x2c
10004390:	19ad      	adds	r5, r5, r6
10004392:	0028      	movs	r0, r5
10004394:	f000 fae4 	bl	10004960 <tu_fifo_count>
10004398:	2800      	cmp	r0, #0
1000439a:	d0ed      	beq.n	10004378 <tud_cdc_n_write_flush+0xc>
1000439c:	1937      	adds	r7, r6, r4
1000439e:	78b9      	ldrb	r1, [r7, #2]
100043a0:	2000      	movs	r0, #0
100043a2:	f7ff fdff 	bl	10003fa4 <usbd_edpt_claim>
100043a6:	2800      	cmp	r0, #0
100043a8:	d0e6      	beq.n	10004378 <tud_cdc_n_write_flush+0xc>
100043aa:	23a6      	movs	r3, #166	; 0xa6
100043ac:	009b      	lsls	r3, r3, #2
100043ae:	469c      	mov	ip, r3
100043b0:	4464      	add	r4, ip
100043b2:	19a4      	adds	r4, r4, r6
100043b4:	0021      	movs	r1, r4
100043b6:	0028      	movs	r0, r5
100043b8:	2240      	movs	r2, #64	; 0x40
100043ba:	f000 fb4b 	bl	10004a54 <tu_fifo_read_n>
100043be:	78b9      	ldrb	r1, [r7, #2]
100043c0:	1e05      	subs	r5, r0, #0
100043c2:	d008      	beq.n	100043d6 <tud_cdc_n_write_flush+0x6a>
100043c4:	0003      	movs	r3, r0
100043c6:	0022      	movs	r2, r4
100043c8:	2000      	movs	r0, #0
100043ca:	f7ff fe41 	bl	10004050 <usbd_edpt_xfer>
100043ce:	2800      	cmp	r0, #0
100043d0:	d0d2      	beq.n	10004378 <tud_cdc_n_write_flush+0xc>
100043d2:	0028      	movs	r0, r5
100043d4:	e7d1      	b.n	1000437a <tud_cdc_n_write_flush+0xe>
100043d6:	2000      	movs	r0, #0
100043d8:	f7ff fe14 	bl	10004004 <usbd_edpt_release>
100043dc:	e7cc      	b.n	10004378 <tud_cdc_n_write_flush+0xc>
100043de:	46c0      	nop			; (mov r8, r8)
100043e0:	20000598 	.word	0x20000598

100043e4 <tud_cdc_n_write>:
100043e4:	b570      	push	{r4, r5, r6, lr}
100043e6:	24b6      	movs	r4, #182	; 0xb6
100043e8:	00a4      	lsls	r4, r4, #2
100043ea:	4344      	muls	r4, r0
100043ec:	4b09      	ldr	r3, [pc, #36]	; (10004414 <tud_cdc_n_write+0x30>)
100043ee:	342c      	adds	r4, #44	; 0x2c
100043f0:	18e4      	adds	r4, r4, r3
100043f2:	0005      	movs	r5, r0
100043f4:	b292      	uxth	r2, r2
100043f6:	0020      	movs	r0, r4
100043f8:	f000 fbe8 	bl	10004bcc <tu_fifo_write_n>
100043fc:	0006      	movs	r6, r0
100043fe:	0020      	movs	r0, r4
10004400:	f000 faae 	bl	10004960 <tu_fifo_count>
10004404:	283f      	cmp	r0, #63	; 0x3f
10004406:	d801      	bhi.n	1000440c <tud_cdc_n_write+0x28>
10004408:	0030      	movs	r0, r6
1000440a:	bd70      	pop	{r4, r5, r6, pc}
1000440c:	0028      	movs	r0, r5
1000440e:	f7ff ffad 	bl	1000436c <tud_cdc_n_write_flush>
10004412:	e7f9      	b.n	10004408 <tud_cdc_n_write+0x24>
10004414:	20000598 	.word	0x20000598

10004418 <tud_cdc_n_write_available>:
10004418:	23b6      	movs	r3, #182	; 0xb6
1000441a:	009b      	lsls	r3, r3, #2
1000441c:	4358      	muls	r0, r3
1000441e:	b510      	push	{r4, lr}
10004420:	4b02      	ldr	r3, [pc, #8]	; (1000442c <tud_cdc_n_write_available+0x14>)
10004422:	302c      	adds	r0, #44	; 0x2c
10004424:	18c0      	adds	r0, r0, r3
10004426:	f000 fab5 	bl	10004994 <tu_fifo_remaining>
1000442a:	bd10      	pop	{r4, pc}
1000442c:	20000598 	.word	0x20000598

10004430 <cdcd_init>:
10004430:	22b6      	movs	r2, #182	; 0xb6
10004432:	b5f0      	push	{r4, r5, r6, r7, lr}
10004434:	4c1b      	ldr	r4, [pc, #108]	; (100044a4 <cdcd_init+0x74>)
10004436:	b083      	sub	sp, #12
10004438:	0092      	lsls	r2, r2, #2
1000443a:	2100      	movs	r1, #0
1000443c:	0020      	movs	r0, r4
1000443e:	f7fd ff03 	bl	10002248 <__wrap_memset>
10004442:	23ff      	movs	r3, #255	; 0xff
10004444:	7163      	strb	r3, [r4, #5]
10004446:	4b18      	ldr	r3, [pc, #96]	; (100044a8 <cdcd_init+0x78>)
10004448:	2680      	movs	r6, #128	; 0x80
1000444a:	2500      	movs	r5, #0
1000444c:	80e3      	strh	r3, [r4, #6]
1000444e:	2701      	movs	r7, #1
10004450:	2308      	movs	r3, #8
10004452:	0021      	movs	r1, r4
10004454:	0020      	movs	r0, r4
10004456:	0076      	lsls	r6, r6, #1
10004458:	7323      	strb	r3, [r4, #12]
1000445a:	8127      	strh	r7, [r4, #8]
1000445c:	0032      	movs	r2, r6
1000445e:	3148      	adds	r1, #72	; 0x48
10004460:	9500      	str	r5, [sp, #0]
10004462:	3b07      	subs	r3, #7
10004464:	3010      	adds	r0, #16
10004466:	f000 fa3f 	bl	100048e8 <tu_fifo_config>
1000446a:	0021      	movs	r1, r4
1000446c:	0020      	movs	r0, r4
1000446e:	3149      	adds	r1, #73	; 0x49
10004470:	0032      	movs	r2, r6
10004472:	31ff      	adds	r1, #255	; 0xff
10004474:	9700      	str	r7, [sp, #0]
10004476:	2301      	movs	r3, #1
10004478:	302c      	adds	r0, #44	; 0x2c
1000447a:	f000 fa35 	bl	100048e8 <tu_fifo_config>
1000447e:	2392      	movs	r3, #146	; 0x92
10004480:	009b      	lsls	r3, r3, #2
10004482:	18e6      	adds	r6, r4, r3
10004484:	0030      	movs	r0, r6
10004486:	f7fd faa1 	bl	100019cc <mutex_init>
1000448a:	2394      	movs	r3, #148	; 0x94
1000448c:	009b      	lsls	r3, r3, #2
1000448e:	62a6      	str	r6, [r4, #40]	; 0x28
10004490:	18e6      	adds	r6, r4, r3
10004492:	6265      	str	r5, [r4, #36]	; 0x24
10004494:	0030      	movs	r0, r6
10004496:	f7fd fa99 	bl	100019cc <mutex_init>
1000449a:	6426      	str	r6, [r4, #64]	; 0x40
1000449c:	6465      	str	r5, [r4, #68]	; 0x44
1000449e:	b003      	add	sp, #12
100044a0:	bdf0      	pop	{r4, r5, r6, r7, pc}
100044a2:	46c0      	nop			; (mov r8, r8)
100044a4:	20000598 	.word	0x20000598
100044a8:	ffffc200 	.word	0xffffc200

100044ac <cdcd_reset>:
100044ac:	b510      	push	{r4, lr}
100044ae:	4c09      	ldr	r4, [pc, #36]	; (100044d4 <cdcd_reset+0x28>)
100044b0:	2205      	movs	r2, #5
100044b2:	2100      	movs	r1, #0
100044b4:	0020      	movs	r0, r4
100044b6:	f7fd fec7 	bl	10002248 <__wrap_memset>
100044ba:	0020      	movs	r0, r4
100044bc:	342c      	adds	r4, #44	; 0x2c
100044be:	3010      	adds	r0, #16
100044c0:	f000 fc02 	bl	10004cc8 <tu_fifo_clear>
100044c4:	0020      	movs	r0, r4
100044c6:	f000 fbff 	bl	10004cc8 <tu_fifo_clear>
100044ca:	2101      	movs	r1, #1
100044cc:	0020      	movs	r0, r4
100044ce:	f000 fc21 	bl	10004d14 <tu_fifo_set_overwritable>
100044d2:	bd10      	pop	{r4, pc}
100044d4:	20000598 	.word	0x20000598

100044d8 <cdcd_open>:
100044d8:	b5f0      	push	{r4, r5, r6, r7, lr}
100044da:	794b      	ldrb	r3, [r1, #5]
100044dc:	b083      	sub	sp, #12
100044de:	0006      	movs	r6, r0
100044e0:	2b02      	cmp	r3, #2
100044e2:	d102      	bne.n	100044ea <cdcd_open+0x12>
100044e4:	798b      	ldrb	r3, [r1, #6]
100044e6:	2b02      	cmp	r3, #2
100044e8:	d003      	beq.n	100044f2 <cdcd_open+0x1a>
100044ea:	2400      	movs	r4, #0
100044ec:	0020      	movs	r0, r4
100044ee:	b003      	add	sp, #12
100044f0:	bdf0      	pop	{r4, r5, r6, r7, pc}
100044f2:	4f2f      	ldr	r7, [pc, #188]	; (100045b0 <cdcd_open+0xd8>)
100044f4:	78bb      	ldrb	r3, [r7, #2]
100044f6:	2b00      	cmp	r3, #0
100044f8:	d1f7      	bne.n	100044ea <cdcd_open+0x12>
100044fa:	788b      	ldrb	r3, [r1, #2]
100044fc:	2409      	movs	r4, #9
100044fe:	703b      	strb	r3, [r7, #0]
10004500:	780d      	ldrb	r5, [r1, #0]
10004502:	194d      	adds	r5, r1, r5
10004504:	786b      	ldrb	r3, [r5, #1]
10004506:	2b24      	cmp	r3, #36	; 0x24
10004508:	d10b      	bne.n	10004522 <cdcd_open+0x4a>
1000450a:	2a08      	cmp	r2, #8
1000450c:	d802      	bhi.n	10004514 <cdcd_open+0x3c>
1000450e:	e00f      	b.n	10004530 <cdcd_open+0x58>
10004510:	42a2      	cmp	r2, r4
10004512:	d30d      	bcc.n	10004530 <cdcd_open+0x58>
10004514:	782b      	ldrb	r3, [r5, #0]
10004516:	18ed      	adds	r5, r5, r3
10004518:	18e4      	adds	r4, r4, r3
1000451a:	786b      	ldrb	r3, [r5, #1]
1000451c:	b2a4      	uxth	r4, r4
1000451e:	2b24      	cmp	r3, #36	; 0x24
10004520:	d0f6      	beq.n	10004510 <cdcd_open+0x38>
10004522:	2b05      	cmp	r3, #5
10004524:	d020      	beq.n	10004568 <cdcd_open+0x90>
10004526:	2b04      	cmp	r3, #4
10004528:	d102      	bne.n	10004530 <cdcd_open+0x58>
1000452a:	796b      	ldrb	r3, [r5, #5]
1000452c:	2b0a      	cmp	r3, #10
1000452e:	d02e      	beq.n	1000458e <cdcd_open+0xb6>
10004530:	4d20      	ldr	r5, [pc, #128]	; (100045b4 <cdcd_open+0xdc>)
10004532:	0028      	movs	r0, r5
10004534:	f000 fa2e 	bl	10004994 <tu_fifo_remaining>
10004538:	283f      	cmp	r0, #63	; 0x3f
1000453a:	d9d7      	bls.n	100044ec <cdcd_open+0x14>
1000453c:	002e      	movs	r6, r5
1000453e:	3e10      	subs	r6, #16
10004540:	78f1      	ldrb	r1, [r6, #3]
10004542:	2000      	movs	r0, #0
10004544:	f7ff fd2e 	bl	10003fa4 <usbd_edpt_claim>
10004548:	2800      	cmp	r0, #0
1000454a:	d0cf      	beq.n	100044ec <cdcd_open+0x14>
1000454c:	0028      	movs	r0, r5
1000454e:	f000 fa21 	bl	10004994 <tu_fifo_remaining>
10004552:	283f      	cmp	r0, #63	; 0x3f
10004554:	d916      	bls.n	10004584 <cdcd_open+0xac>
10004556:	2392      	movs	r3, #146	; 0x92
10004558:	009b      	lsls	r3, r3, #2
1000455a:	18ea      	adds	r2, r5, r3
1000455c:	78f1      	ldrb	r1, [r6, #3]
1000455e:	2340      	movs	r3, #64	; 0x40
10004560:	2000      	movs	r0, #0
10004562:	f7ff fd75 	bl	10004050 <usbd_edpt_xfer>
10004566:	e7c1      	b.n	100044ec <cdcd_open+0x14>
10004568:	0029      	movs	r1, r5
1000456a:	0030      	movs	r0, r6
1000456c:	f7ff fd02 	bl	10003f74 <usbd_edpt_open>
10004570:	2800      	cmp	r0, #0
10004572:	d0ba      	beq.n	100044ea <cdcd_open+0x12>
10004574:	78ab      	ldrb	r3, [r5, #2]
10004576:	707b      	strb	r3, [r7, #1]
10004578:	782b      	ldrb	r3, [r5, #0]
1000457a:	18e4      	adds	r4, r4, r3
1000457c:	18ed      	adds	r5, r5, r3
1000457e:	b2a4      	uxth	r4, r4
10004580:	786b      	ldrb	r3, [r5, #1]
10004582:	e7d0      	b.n	10004526 <cdcd_open+0x4e>
10004584:	78f1      	ldrb	r1, [r6, #3]
10004586:	2000      	movs	r0, #0
10004588:	f7ff fd3c 	bl	10004004 <usbd_edpt_release>
1000458c:	e7ae      	b.n	100044ec <cdcd_open+0x14>
1000458e:	4b0a      	ldr	r3, [pc, #40]	; (100045b8 <cdcd_open+0xe0>)
10004590:	782f      	ldrb	r7, [r5, #0]
10004592:	9301      	str	r3, [sp, #4]
10004594:	3301      	adds	r3, #1
10004596:	9300      	str	r3, [sp, #0]
10004598:	19e9      	adds	r1, r5, r7
1000459a:	2302      	movs	r3, #2
1000459c:	2202      	movs	r2, #2
1000459e:	0030      	movs	r0, r6
100045a0:	f7ff fc9a 	bl	10003ed8 <usbd_open_edpt_pair>
100045a4:	2800      	cmp	r0, #0
100045a6:	d0a0      	beq.n	100044ea <cdcd_open+0x12>
100045a8:	340e      	adds	r4, #14
100045aa:	19e4      	adds	r4, r4, r7
100045ac:	b2a4      	uxth	r4, r4
100045ae:	e7bf      	b.n	10004530 <cdcd_open+0x58>
100045b0:	20000598 	.word	0x20000598
100045b4:	200005a8 	.word	0x200005a8
100045b8:	2000059a 	.word	0x2000059a

100045bc <cdcd_control_xfer_cb>:
100045bc:	b5f8      	push	{r3, r4, r5, r6, r7, lr}
100045be:	2360      	movs	r3, #96	; 0x60
100045c0:	0014      	movs	r4, r2
100045c2:	7812      	ldrb	r2, [r2, #0]
100045c4:	4013      	ands	r3, r2
100045c6:	2200      	movs	r2, #0
100045c8:	2b20      	cmp	r3, #32
100045ca:	d114      	bne.n	100045f6 <cdcd_control_xfer_cb+0x3a>
100045cc:	4d2d      	ldr	r5, [pc, #180]	; (10004684 <cdcd_control_xfer_cb+0xc8>)
100045ce:	7963      	ldrb	r3, [r4, #5]
100045d0:	7927      	ldrb	r7, [r4, #4]
100045d2:	782e      	ldrb	r6, [r5, #0]
100045d4:	021b      	lsls	r3, r3, #8
100045d6:	433b      	orrs	r3, r7
100045d8:	429e      	cmp	r6, r3
100045da:	d10c      	bne.n	100045f6 <cdcd_control_xfer_cb+0x3a>
100045dc:	7863      	ldrb	r3, [r4, #1]
100045de:	2b21      	cmp	r3, #33	; 0x21
100045e0:	d036      	beq.n	10004650 <cdcd_control_xfer_cb+0x94>
100045e2:	d90a      	bls.n	100045fa <cdcd_control_xfer_cb+0x3e>
100045e4:	2b22      	cmp	r3, #34	; 0x22
100045e6:	d017      	beq.n	10004618 <cdcd_control_xfer_cb+0x5c>
100045e8:	2b23      	cmp	r3, #35	; 0x23
100045ea:	d104      	bne.n	100045f6 <cdcd_control_xfer_cb+0x3a>
100045ec:	2900      	cmp	r1, #0
100045ee:	d044      	beq.n	1000467a <cdcd_control_xfer_cb+0xbe>
100045f0:	2902      	cmp	r1, #2
100045f2:	d036      	beq.n	10004662 <cdcd_control_xfer_cb+0xa6>
100045f4:	2201      	movs	r2, #1
100045f6:	0010      	movs	r0, r2
100045f8:	bdf8      	pop	{r3, r4, r5, r6, r7, pc}
100045fa:	2b20      	cmp	r3, #32
100045fc:	d1fb      	bne.n	100045f6 <cdcd_control_xfer_cb+0x3a>
100045fe:	2900      	cmp	r1, #0
10004600:	d028      	beq.n	10004654 <cdcd_control_xfer_cb+0x98>
10004602:	2902      	cmp	r1, #2
10004604:	d1f6      	bne.n	100045f4 <cdcd_control_xfer_cb+0x38>
10004606:	4b20      	ldr	r3, [pc, #128]	; (10004688 <cdcd_control_xfer_cb+0xcc>)
10004608:	2b00      	cmp	r3, #0
1000460a:	d0f3      	beq.n	100045f4 <cdcd_control_xfer_cb+0x38>
1000460c:	1da9      	adds	r1, r5, #6
1000460e:	2000      	movs	r0, #0
10004610:	f7fd ffe2 	bl	100025d8 <tud_cdc_line_coding_cb>
10004614:	2201      	movs	r2, #1
10004616:	e7ee      	b.n	100045f6 <cdcd_control_xfer_cb+0x3a>
10004618:	2900      	cmp	r1, #0
1000461a:	d02e      	beq.n	1000467a <cdcd_control_xfer_cb+0xbe>
1000461c:	2902      	cmp	r1, #2
1000461e:	d1e9      	bne.n	100045f4 <cdcd_control_xfer_cb+0x38>
10004620:	2601      	movs	r6, #1
10004622:	78a1      	ldrb	r1, [r4, #2]
10004624:	78e4      	ldrb	r4, [r4, #3]
10004626:	0028      	movs	r0, r5
10004628:	0224      	lsls	r4, r4, #8
1000462a:	430c      	orrs	r4, r1
1000462c:	0031      	movs	r1, r6
1000462e:	712c      	strb	r4, [r5, #4]
10004630:	43a1      	bics	r1, r4
10004632:	302c      	adds	r0, #44	; 0x2c
10004634:	f000 fb6e 	bl	10004d14 <tu_fifo_set_overwritable>
10004638:	4b14      	ldr	r3, [pc, #80]	; (1000468c <cdcd_control_xfer_cb+0xd0>)
1000463a:	2b00      	cmp	r3, #0
1000463c:	d0da      	beq.n	100045f4 <cdcd_control_xfer_cb+0x38>
1000463e:	0031      	movs	r1, r6
10004640:	0862      	lsrs	r2, r4, #1
10004642:	4032      	ands	r2, r6
10004644:	4021      	ands	r1, r4
10004646:	2000      	movs	r0, #0
10004648:	e000      	b.n	1000464c <cdcd_control_xfer_cb+0x90>
1000464a:	bf00      	nop
1000464c:	2201      	movs	r2, #1
1000464e:	e7d2      	b.n	100045f6 <cdcd_control_xfer_cb+0x3a>
10004650:	2900      	cmp	r1, #0
10004652:	d1cf      	bne.n	100045f4 <cdcd_control_xfer_cb+0x38>
10004654:	4a0e      	ldr	r2, [pc, #56]	; (10004690 <cdcd_control_xfer_cb+0xd4>)
10004656:	2307      	movs	r3, #7
10004658:	0021      	movs	r1, r4
1000465a:	f7ff fd35 	bl	100040c8 <tud_control_xfer>
1000465e:	2201      	movs	r2, #1
10004660:	e7c9      	b.n	100045f6 <cdcd_control_xfer_cb+0x3a>
10004662:	4b0c      	ldr	r3, [pc, #48]	; (10004694 <cdcd_control_xfer_cb+0xd8>)
10004664:	2b00      	cmp	r3, #0
10004666:	d0c5      	beq.n	100045f4 <cdcd_control_xfer_cb+0x38>
10004668:	78e1      	ldrb	r1, [r4, #3]
1000466a:	78a3      	ldrb	r3, [r4, #2]
1000466c:	0209      	lsls	r1, r1, #8
1000466e:	4319      	orrs	r1, r3
10004670:	2000      	movs	r0, #0
10004672:	e000      	b.n	10004676 <cdcd_control_xfer_cb+0xba>
10004674:	bf00      	nop
10004676:	2201      	movs	r2, #1
10004678:	e7bd      	b.n	100045f6 <cdcd_control_xfer_cb+0x3a>
1000467a:	0021      	movs	r1, r4
1000467c:	f7ff fd0c 	bl	10004098 <tud_control_status>
10004680:	2201      	movs	r2, #1
10004682:	e7b8      	b.n	100045f6 <cdcd_control_xfer_cb+0x3a>
10004684:	20000598 	.word	0x20000598
10004688:	100025d9 	.word	0x100025d9
1000468c:	00000000 	.word	0x00000000
10004690:	2000059e 	.word	0x2000059e
10004694:	00000000 	.word	0x00000000

10004698 <cdcd_xfer_cb>:
10004698:	b5f8      	push	{r3, r4, r5, r6, r7, lr}
1000469a:	4657      	mov	r7, sl
1000469c:	464e      	mov	r6, r9
1000469e:	4645      	mov	r5, r8
100046a0:	46de      	mov	lr, fp
100046a2:	b5e0      	push	{r5, r6, r7, lr}
100046a4:	4c5e      	ldr	r4, [pc, #376]	; (10004820 <cdcd_xfer_cb+0x188>)
100046a6:	001f      	movs	r7, r3
100046a8:	78e3      	ldrb	r3, [r4, #3]
100046aa:	4681      	mov	r9, r0
100046ac:	000d      	movs	r5, r1
100046ae:	428b      	cmp	r3, r1
100046b0:	d165      	bne.n	1000477e <cdcd_xfer_cb+0xe6>
100046b2:	2396      	movs	r3, #150	; 0x96
100046b4:	009b      	lsls	r3, r3, #2
100046b6:	18e6      	adds	r6, r4, r3
100046b8:	2310      	movs	r3, #16
100046ba:	4698      	mov	r8, r3
100046bc:	44a0      	add	r8, r4
100046be:	b2ba      	uxth	r2, r7
100046c0:	0031      	movs	r1, r6
100046c2:	4640      	mov	r0, r8
100046c4:	f000 fa82 	bl	10004bcc <tu_fifo_write_n>
100046c8:	4b56      	ldr	r3, [pc, #344]	; (10004824 <cdcd_xfer_cb+0x18c>)
100046ca:	2b00      	cmp	r3, #0
100046cc:	d019      	beq.n	10004702 <cdcd_xfer_cb+0x6a>
100046ce:	7963      	ldrb	r3, [r4, #5]
100046d0:	2bff      	cmp	r3, #255	; 0xff
100046d2:	d016      	beq.n	10004702 <cdcd_xfer_cb+0x6a>
100046d4:	2f00      	cmp	r7, #0
100046d6:	d014      	beq.n	10004702 <cdcd_xfer_cb+0x6a>
100046d8:	19f2      	adds	r2, r6, r7
100046da:	4692      	mov	sl, r2
100046dc:	46a3      	mov	fp, r4
100046de:	e003      	b.n	100046e8 <cdcd_xfer_cb+0x50>
100046e0:	3601      	adds	r6, #1
100046e2:	45b2      	cmp	sl, r6
100046e4:	d00d      	beq.n	10004702 <cdcd_xfer_cb+0x6a>
100046e6:	7963      	ldrb	r3, [r4, #5]
100046e8:	7832      	ldrb	r2, [r6, #0]
100046ea:	429a      	cmp	r2, r3
100046ec:	d1f8      	bne.n	100046e0 <cdcd_xfer_cb+0x48>
100046ee:	4640      	mov	r0, r8
100046f0:	f000 f948 	bl	10004984 <tu_fifo_empty>
100046f4:	2800      	cmp	r0, #0
100046f6:	d1f3      	bne.n	100046e0 <cdcd_xfer_cb+0x48>
100046f8:	465b      	mov	r3, fp
100046fa:	7959      	ldrb	r1, [r3, #5]
100046fc:	e000      	b.n	10004700 <cdcd_xfer_cb+0x68>
100046fe:	bf00      	nop
10004700:	e7ee      	b.n	100046e0 <cdcd_xfer_cb+0x48>
10004702:	4b49      	ldr	r3, [pc, #292]	; (10004828 <cdcd_xfer_cb+0x190>)
10004704:	2b00      	cmp	r3, #0
10004706:	d005      	beq.n	10004714 <cdcd_xfer_cb+0x7c>
10004708:	4640      	mov	r0, r8
1000470a:	f000 f93b 	bl	10004984 <tu_fifo_empty>
1000470e:	2800      	cmp	r0, #0
10004710:	d100      	bne.n	10004714 <cdcd_xfer_cb+0x7c>
10004712:	e077      	b.n	10004804 <cdcd_xfer_cb+0x16c>
10004714:	4640      	mov	r0, r8
10004716:	f000 f93d 	bl	10004994 <tu_fifo_remaining>
1000471a:	283f      	cmp	r0, #63	; 0x3f
1000471c:	d859      	bhi.n	100047d2 <cdcd_xfer_cb+0x13a>
1000471e:	4642      	mov	r2, r8
10004720:	3a10      	subs	r2, #16
10004722:	7893      	ldrb	r3, [r2, #2]
10004724:	42ab      	cmp	r3, r5
10004726:	d007      	beq.n	10004738 <cdcd_xfer_cb+0xa0>
10004728:	2401      	movs	r4, #1
1000472a:	0020      	movs	r0, r4
1000472c:	bc3c      	pop	{r2, r3, r4, r5}
1000472e:	4690      	mov	r8, r2
10004730:	4699      	mov	r9, r3
10004732:	46a2      	mov	sl, r4
10004734:	46ab      	mov	fp, r5
10004736:	bdf8      	pop	{r3, r4, r5, r6, r7, pc}
10004738:	4b3c      	ldr	r3, [pc, #240]	; (1000482c <cdcd_xfer_cb+0x194>)
1000473a:	2b00      	cmp	r3, #0
1000473c:	d002      	beq.n	10004744 <cdcd_xfer_cb+0xac>
1000473e:	2000      	movs	r0, #0
10004740:	e000      	b.n	10004744 <cdcd_xfer_cb+0xac>
10004742:	bf00      	nop
10004744:	f7fe fd9a 	bl	1000327c <tud_mounted>
10004748:	2800      	cmp	r0, #0
1000474a:	d11d      	bne.n	10004788 <cdcd_xfer_cb+0xf0>
1000474c:	4c38      	ldr	r4, [pc, #224]	; (10004830 <cdcd_xfer_cb+0x198>)
1000474e:	0020      	movs	r0, r4
10004750:	f000 f906 	bl	10004960 <tu_fifo_count>
10004754:	2800      	cmp	r0, #0
10004756:	d1e7      	bne.n	10004728 <cdcd_xfer_cb+0x90>
10004758:	2f00      	cmp	r7, #0
1000475a:	d0e5      	beq.n	10004728 <cdcd_xfer_cb+0x90>
1000475c:	06bb      	lsls	r3, r7, #26
1000475e:	d1e3      	bne.n	10004728 <cdcd_xfer_cb+0x90>
10004760:	3c2c      	subs	r4, #44	; 0x2c
10004762:	78a1      	ldrb	r1, [r4, #2]
10004764:	4648      	mov	r0, r9
10004766:	f7ff fc1d 	bl	10003fa4 <usbd_edpt_claim>
1000476a:	0025      	movs	r5, r4
1000476c:	1e04      	subs	r4, r0, #0
1000476e:	d0db      	beq.n	10004728 <cdcd_xfer_cb+0x90>
10004770:	78a9      	ldrb	r1, [r5, #2]
10004772:	2300      	movs	r3, #0
10004774:	2200      	movs	r2, #0
10004776:	4648      	mov	r0, r9
10004778:	f7ff fc6a 	bl	10004050 <usbd_edpt_xfer>
1000477c:	e7d5      	b.n	1000472a <cdcd_xfer_cb+0x92>
1000477e:	78a3      	ldrb	r3, [r4, #2]
10004780:	428b      	cmp	r3, r1
10004782:	d0d9      	beq.n	10004738 <cdcd_xfer_cb+0xa0>
10004784:	2400      	movs	r4, #0
10004786:	e7d0      	b.n	1000472a <cdcd_xfer_cb+0x92>
10004788:	f7fe fd80 	bl	1000328c <tud_suspended>
1000478c:	4c28      	ldr	r4, [pc, #160]	; (10004830 <cdcd_xfer_cb+0x198>)
1000478e:	2800      	cmp	r0, #0
10004790:	d1dd      	bne.n	1000474e <cdcd_xfer_cb+0xb6>
10004792:	0020      	movs	r0, r4
10004794:	f000 f8e4 	bl	10004960 <tu_fifo_count>
10004798:	2800      	cmp	r0, #0
1000479a:	d0d8      	beq.n	1000474e <cdcd_xfer_cb+0xb6>
1000479c:	0025      	movs	r5, r4
1000479e:	3d2c      	subs	r5, #44	; 0x2c
100047a0:	78a9      	ldrb	r1, [r5, #2]
100047a2:	2000      	movs	r0, #0
100047a4:	f7ff fbfe 	bl	10003fa4 <usbd_edpt_claim>
100047a8:	2800      	cmp	r0, #0
100047aa:	d0d0      	beq.n	1000474e <cdcd_xfer_cb+0xb6>
100047ac:	239b      	movs	r3, #155	; 0x9b
100047ae:	009b      	lsls	r3, r3, #2
100047b0:	18e6      	adds	r6, r4, r3
100047b2:	0031      	movs	r1, r6
100047b4:	2240      	movs	r2, #64	; 0x40
100047b6:	0020      	movs	r0, r4
100047b8:	f000 f94c 	bl	10004a54 <tu_fifo_read_n>
100047bc:	78a9      	ldrb	r1, [r5, #2]
100047be:	2800      	cmp	r0, #0
100047c0:	d029      	beq.n	10004816 <cdcd_xfer_cb+0x17e>
100047c2:	0003      	movs	r3, r0
100047c4:	0032      	movs	r2, r6
100047c6:	2000      	movs	r0, #0
100047c8:	f7ff fc42 	bl	10004050 <usbd_edpt_xfer>
100047cc:	2800      	cmp	r0, #0
100047ce:	d1ab      	bne.n	10004728 <cdcd_xfer_cb+0x90>
100047d0:	e7bd      	b.n	1000474e <cdcd_xfer_cb+0xb6>
100047d2:	4644      	mov	r4, r8
100047d4:	3c10      	subs	r4, #16
100047d6:	78e1      	ldrb	r1, [r4, #3]
100047d8:	2000      	movs	r0, #0
100047da:	f7ff fbe3 	bl	10003fa4 <usbd_edpt_claim>
100047de:	2800      	cmp	r0, #0
100047e0:	d101      	bne.n	100047e6 <cdcd_xfer_cb+0x14e>
100047e2:	78a3      	ldrb	r3, [r4, #2]
100047e4:	e79e      	b.n	10004724 <cdcd_xfer_cb+0x8c>
100047e6:	4640      	mov	r0, r8
100047e8:	f000 f8d4 	bl	10004994 <tu_fifo_remaining>
100047ec:	283f      	cmp	r0, #63	; 0x3f
100047ee:	d90c      	bls.n	1000480a <cdcd_xfer_cb+0x172>
100047f0:	2292      	movs	r2, #146	; 0x92
100047f2:	0092      	lsls	r2, r2, #2
100047f4:	2340      	movs	r3, #64	; 0x40
100047f6:	4442      	add	r2, r8
100047f8:	78e1      	ldrb	r1, [r4, #3]
100047fa:	2000      	movs	r0, #0
100047fc:	f7ff fc28 	bl	10004050 <usbd_edpt_xfer>
10004800:	78a3      	ldrb	r3, [r4, #2]
10004802:	e78f      	b.n	10004724 <cdcd_xfer_cb+0x8c>
10004804:	e000      	b.n	10004808 <cdcd_xfer_cb+0x170>
10004806:	bf00      	nop
10004808:	e784      	b.n	10004714 <cdcd_xfer_cb+0x7c>
1000480a:	78e1      	ldrb	r1, [r4, #3]
1000480c:	2000      	movs	r0, #0
1000480e:	f7ff fbf9 	bl	10004004 <usbd_edpt_release>
10004812:	78a3      	ldrb	r3, [r4, #2]
10004814:	e786      	b.n	10004724 <cdcd_xfer_cb+0x8c>
10004816:	2000      	movs	r0, #0
10004818:	f7ff fbf4 	bl	10004004 <usbd_edpt_release>
1000481c:	e797      	b.n	1000474e <cdcd_xfer_cb+0xb6>
1000481e:	46c0      	nop			; (mov r8, r8)
10004820:	20000598 	.word	0x20000598
	...
10004830:	200005c4 	.word	0x200005c4

10004834 <tusb_init>:
10004834:	b510      	push	{r4, lr}
10004836:	2000      	movs	r0, #0
10004838:	f7fe fd36 	bl	100032a8 <tud_init>
1000483c:	bd10      	pop	{r4, pc}
1000483e:	46c0      	nop			; (mov r8, r8)

10004840 <tusb_inited>:
10004840:	b510      	push	{r4, lr}
10004842:	f7fe fd2b 	bl	1000329c <tud_inited>
10004846:	bd10      	pop	{r4, pc}

10004848 <tu_edpt_validate>:
10004848:	2307      	movs	r3, #7
1000484a:	b510      	push	{r4, lr}
1000484c:	7944      	ldrb	r4, [r0, #5]
1000484e:	7902      	ldrb	r2, [r0, #4]
10004850:	4023      	ands	r3, r4
10004852:	021b      	lsls	r3, r3, #8
10004854:	431a      	orrs	r2, r3
10004856:	78c3      	ldrb	r3, [r0, #3]
10004858:	079b      	lsls	r3, r3, #30
1000485a:	0f9b      	lsrs	r3, r3, #30
1000485c:	2b02      	cmp	r3, #2
1000485e:	d00d      	beq.n	1000487c <tu_edpt_validate+0x34>
10004860:	d814      	bhi.n	1000488c <tu_edpt_validate+0x44>
10004862:	2000      	movs	r0, #0
10004864:	2b01      	cmp	r3, #1
10004866:	d108      	bne.n	1000487a <tu_edpt_validate+0x32>
10004868:	3902      	subs	r1, #2
1000486a:	424b      	negs	r3, r1
1000486c:	4159      	adcs	r1, r3
1000486e:	4b11      	ldr	r3, [pc, #68]	; (100048b4 <tu_edpt_validate+0x6c>)
10004870:	469c      	mov	ip, r3
10004872:	4461      	add	r1, ip
10004874:	4291      	cmp	r1, r2
10004876:	4140      	adcs	r0, r0
10004878:	b2c0      	uxtb	r0, r0
1000487a:	bd10      	pop	{r4, pc}
1000487c:	2902      	cmp	r1, #2
1000487e:	d012      	beq.n	100048a6 <tu_edpt_validate+0x5e>
10004880:	2000      	movs	r0, #0
10004882:	2340      	movs	r3, #64	; 0x40
10004884:	4293      	cmp	r3, r2
10004886:	4140      	adcs	r0, r0
10004888:	b2c0      	uxtb	r0, r0
1000488a:	e7f6      	b.n	1000487a <tu_edpt_validate+0x32>
1000488c:	3902      	subs	r1, #2
1000488e:	424b      	negs	r3, r1
10004890:	4159      	adcs	r1, r3
10004892:	23f0      	movs	r3, #240	; 0xf0
10004894:	2000      	movs	r0, #0
10004896:	4249      	negs	r1, r1
10004898:	009b      	lsls	r3, r3, #2
1000489a:	4019      	ands	r1, r3
1000489c:	3140      	adds	r1, #64	; 0x40
1000489e:	4291      	cmp	r1, r2
100048a0:	4140      	adcs	r0, r0
100048a2:	b2c0      	uxtb	r0, r0
100048a4:	e7e9      	b.n	1000487a <tu_edpt_validate+0x32>
100048a6:	4b04      	ldr	r3, [pc, #16]	; (100048b8 <tu_edpt_validate+0x70>)
100048a8:	469c      	mov	ip, r3
100048aa:	4462      	add	r2, ip
100048ac:	4250      	negs	r0, r2
100048ae:	4150      	adcs	r0, r2
100048b0:	b2c0      	uxtb	r0, r0
100048b2:	e7e2      	b.n	1000487a <tu_edpt_validate+0x32>
100048b4:	000003ff 	.word	0x000003ff
100048b8:	fffffe00 	.word	0xfffffe00

100048bc <tu_edpt_bind_driver>:
100048bc:	b5f0      	push	{r4, r5, r6, r7, lr}
100048be:	2a00      	cmp	r2, #0
100048c0:	d011      	beq.n	100048e6 <tu_edpt_bind_driver+0x2a>
100048c2:	2400      	movs	r4, #0
100048c4:	277f      	movs	r7, #127	; 0x7f
100048c6:	784d      	ldrb	r5, [r1, #1]
100048c8:	2d05      	cmp	r5, #5
100048ca:	d106      	bne.n	100048da <tu_edpt_bind_driver+0x1e>
100048cc:	003d      	movs	r5, r7
100048ce:	788e      	ldrb	r6, [r1, #2]
100048d0:	4035      	ands	r5, r6
100048d2:	006d      	lsls	r5, r5, #1
100048d4:	09f6      	lsrs	r6, r6, #7
100048d6:	1945      	adds	r5, r0, r5
100048d8:	55ab      	strb	r3, [r5, r6]
100048da:	780d      	ldrb	r5, [r1, #0]
100048dc:	1964      	adds	r4, r4, r5
100048de:	b2a4      	uxth	r4, r4
100048e0:	1949      	adds	r1, r1, r5
100048e2:	42a2      	cmp	r2, r4
100048e4:	d8ef      	bhi.n	100048c6 <tu_edpt_bind_driver+0xa>
100048e6:	bdf0      	pop	{r4, r5, r6, r7, pc}

100048e8 <tu_fifo_config>:
100048e8:	b5f0      	push	{r4, r5, r6, r7, lr}
100048ea:	46c6      	mov	lr, r8
100048ec:	b500      	push	{lr}
100048ee:	001e      	movs	r6, r3
100048f0:	ab06      	add	r3, sp, #24
100048f2:	781b      	ldrb	r3, [r3, #0]
100048f4:	0004      	movs	r4, r0
100048f6:	4698      	mov	r8, r3
100048f8:	2380      	movs	r3, #128	; 0x80
100048fa:	000f      	movs	r7, r1
100048fc:	0015      	movs	r5, r2
100048fe:	021b      	lsls	r3, r3, #8
10004900:	429a      	cmp	r2, r3
10004902:	d82a      	bhi.n	1000495a <tu_fifo_config+0x72>
10004904:	6940      	ldr	r0, [r0, #20]
10004906:	2800      	cmp	r0, #0
10004908:	d003      	beq.n	10004912 <tu_fifo_config+0x2a>
1000490a:	2101      	movs	r1, #1
1000490c:	4249      	negs	r1, r1
1000490e:	f000 fb83 	bl	10005018 <__mutex_enter_timeout_ms_veneer>
10004912:	69a0      	ldr	r0, [r4, #24]
10004914:	2800      	cmp	r0, #0
10004916:	d003      	beq.n	10004920 <tu_fifo_config+0x38>
10004918:	2101      	movs	r1, #1
1000491a:	4249      	negs	r1, r1
1000491c:	f000 fb7c 	bl	10005018 <__mutex_enter_timeout_ms_veneer>
10004920:	4643      	mov	r3, r8
10004922:	80a5      	strh	r5, [r4, #4]
10004924:	006d      	lsls	r5, r5, #1
10004926:	b2ad      	uxth	r5, r5
10004928:	7223      	strb	r3, [r4, #8]
1000492a:	1e6b      	subs	r3, r5, #1
1000492c:	81a3      	strh	r3, [r4, #12]
1000492e:	2300      	movs	r3, #0
10004930:	6960      	ldr	r0, [r4, #20]
10004932:	426d      	negs	r5, r5
10004934:	81e3      	strh	r3, [r4, #14]
10004936:	6027      	str	r7, [r4, #0]
10004938:	80e6      	strh	r6, [r4, #6]
1000493a:	8165      	strh	r5, [r4, #10]
1000493c:	8223      	strh	r3, [r4, #16]
1000493e:	2800      	cmp	r0, #0
10004940:	d001      	beq.n	10004946 <tu_fifo_config+0x5e>
10004942:	f000 fb51 	bl	10004fe8 <__mutex_exit_veneer>
10004946:	69a0      	ldr	r0, [r4, #24]
10004948:	2401      	movs	r4, #1
1000494a:	2800      	cmp	r0, #0
1000494c:	d001      	beq.n	10004952 <tu_fifo_config+0x6a>
1000494e:	f000 fb4b 	bl	10004fe8 <__mutex_exit_veneer>
10004952:	0020      	movs	r0, r4
10004954:	bc04      	pop	{r2}
10004956:	4690      	mov	r8, r2
10004958:	bdf0      	pop	{r4, r5, r6, r7, pc}
1000495a:	2400      	movs	r4, #0
1000495c:	e7f9      	b.n	10004952 <tu_fifo_config+0x6a>
1000495e:	46c0      	nop			; (mov r8, r8)

10004960 <tu_fifo_count>:
10004960:	89c1      	ldrh	r1, [r0, #14]
10004962:	8a02      	ldrh	r2, [r0, #16]
10004964:	b289      	uxth	r1, r1
10004966:	b292      	uxth	r2, r2
10004968:	1a8b      	subs	r3, r1, r2
1000496a:	b29b      	uxth	r3, r3
1000496c:	4291      	cmp	r1, r2
1000496e:	d202      	bcs.n	10004976 <tu_fifo_count+0x16>
10004970:	8942      	ldrh	r2, [r0, #10]
10004972:	1a9b      	subs	r3, r3, r2
10004974:	b29b      	uxth	r3, r3
10004976:	8882      	ldrh	r2, [r0, #4]
10004978:	1c10      	adds	r0, r2, #0
1000497a:	429a      	cmp	r2, r3
1000497c:	d900      	bls.n	10004980 <tu_fifo_count+0x20>
1000497e:	1c18      	adds	r0, r3, #0
10004980:	b280      	uxth	r0, r0
10004982:	4770      	bx	lr

10004984 <tu_fifo_empty>:
10004984:	89c3      	ldrh	r3, [r0, #14]
10004986:	8a00      	ldrh	r0, [r0, #16]
10004988:	1a18      	subs	r0, r3, r0
1000498a:	4243      	negs	r3, r0
1000498c:	4158      	adcs	r0, r3
1000498e:	b2c0      	uxtb	r0, r0
10004990:	4770      	bx	lr
10004992:	46c0      	nop			; (mov r8, r8)

10004994 <tu_fifo_remaining>:
10004994:	b510      	push	{r4, lr}
10004996:	89c4      	ldrh	r4, [r0, #14]
10004998:	8a01      	ldrh	r1, [r0, #16]
1000499a:	b2a4      	uxth	r4, r4
1000499c:	b289      	uxth	r1, r1
1000499e:	1a62      	subs	r2, r4, r1
100049a0:	8883      	ldrh	r3, [r0, #4]
100049a2:	b292      	uxth	r2, r2
100049a4:	428c      	cmp	r4, r1
100049a6:	d202      	bcs.n	100049ae <tu_fifo_remaining+0x1a>
100049a8:	8940      	ldrh	r0, [r0, #10]
100049aa:	1a12      	subs	r2, r2, r0
100049ac:	b292      	uxth	r2, r2
100049ae:	1a98      	subs	r0, r3, r2
100049b0:	b280      	uxth	r0, r0
100049b2:	bd10      	pop	{r4, pc}

100049b4 <tu_fifo_read>:
100049b4:	b570      	push	{r4, r5, r6, lr}
100049b6:	0004      	movs	r4, r0
100049b8:	6980      	ldr	r0, [r0, #24]
100049ba:	000d      	movs	r5, r1
100049bc:	2800      	cmp	r0, #0
100049be:	d003      	beq.n	100049c8 <tu_fifo_read+0x14>
100049c0:	2101      	movs	r1, #1
100049c2:	4249      	negs	r1, r1
100049c4:	f000 fb28 	bl	10005018 <__mutex_enter_timeout_ms_veneer>
100049c8:	89e2      	ldrh	r2, [r4, #14]
100049ca:	8a21      	ldrh	r1, [r4, #16]
100049cc:	b292      	uxth	r2, r2
100049ce:	b289      	uxth	r1, r1
100049d0:	1a53      	subs	r3, r2, r1
100049d2:	b29b      	uxth	r3, r3
100049d4:	428a      	cmp	r2, r1
100049d6:	d202      	bcs.n	100049de <tu_fifo_read+0x2a>
100049d8:	8960      	ldrh	r0, [r4, #10]
100049da:	1a1b      	subs	r3, r3, r0
100049dc:	b29b      	uxth	r3, r3
100049de:	88a0      	ldrh	r0, [r4, #4]
100049e0:	4298      	cmp	r0, r3
100049e2:	d321      	bcc.n	10004a28 <tu_fifo_read+0x74>
100049e4:	2b00      	cmp	r3, #0
100049e6:	d102      	bne.n	100049ee <tu_fifo_read+0x3a>
100049e8:	e027      	b.n	10004a3a <tu_fifo_read+0x86>
100049ea:	1a09      	subs	r1, r1, r0
100049ec:	b289      	uxth	r1, r1
100049ee:	4288      	cmp	r0, r1
100049f0:	d9fb      	bls.n	100049ea <tu_fifo_read+0x36>
100049f2:	6823      	ldr	r3, [r4, #0]
100049f4:	88e2      	ldrh	r2, [r4, #6]
100049f6:	469c      	mov	ip, r3
100049f8:	4351      	muls	r1, r2
100049fa:	0028      	movs	r0, r5
100049fc:	4461      	add	r1, ip
100049fe:	f7fd fc29 	bl	10002254 <__wrap___aeabi_memcpy>
10004a02:	8a22      	ldrh	r2, [r4, #16]
10004a04:	2501      	movs	r5, #1
10004a06:	b292      	uxth	r2, r2
10004a08:	1c53      	adds	r3, r2, #1
10004a0a:	b29b      	uxth	r3, r3
10004a0c:	429a      	cmp	r2, r3
10004a0e:	d917      	bls.n	10004a40 <tu_fifo_read+0x8c>
10004a10:	2300      	movs	r3, #0
10004a12:	8962      	ldrh	r2, [r4, #10]
10004a14:	189b      	adds	r3, r3, r2
10004a16:	b29b      	uxth	r3, r3
10004a18:	69a0      	ldr	r0, [r4, #24]
10004a1a:	8223      	strh	r3, [r4, #16]
10004a1c:	2800      	cmp	r0, #0
10004a1e:	d001      	beq.n	10004a24 <tu_fifo_read+0x70>
10004a20:	f000 fae2 	bl	10004fe8 <__mutex_exit_veneer>
10004a24:	0028      	movs	r0, r5
10004a26:	bd70      	pop	{r4, r5, r6, pc}
10004a28:	4282      	cmp	r2, r0
10004a2a:	d20d      	bcs.n	10004a48 <tu_fifo_read+0x94>
10004a2c:	8963      	ldrh	r3, [r4, #10]
10004a2e:	18c3      	adds	r3, r0, r3
10004a30:	1ad3      	subs	r3, r2, r3
10004a32:	b29b      	uxth	r3, r3
10004a34:	8223      	strh	r3, [r4, #16]
10004a36:	1e03      	subs	r3, r0, #0
10004a38:	d1d9      	bne.n	100049ee <tu_fifo_read+0x3a>
10004a3a:	2500      	movs	r5, #0
10004a3c:	8a23      	ldrh	r3, [r4, #16]
10004a3e:	b29b      	uxth	r3, r3
10004a40:	89a2      	ldrh	r2, [r4, #12]
10004a42:	429a      	cmp	r2, r3
10004a44:	d2e8      	bcs.n	10004a18 <tu_fifo_read+0x64>
10004a46:	e7e4      	b.n	10004a12 <tu_fifo_read+0x5e>
10004a48:	1a13      	subs	r3, r2, r0
10004a4a:	89a6      	ldrh	r6, [r4, #12]
10004a4c:	b29b      	uxth	r3, r3
10004a4e:	429e      	cmp	r6, r3
10004a50:	d2f0      	bcs.n	10004a34 <tu_fifo_read+0x80>
10004a52:	e7eb      	b.n	10004a2c <tu_fifo_read+0x78>

10004a54 <tu_fifo_read_n>:
10004a54:	b5f0      	push	{r4, r5, r6, r7, lr}
10004a56:	464f      	mov	r7, r9
10004a58:	4646      	mov	r6, r8
10004a5a:	46d6      	mov	lr, sl
10004a5c:	0005      	movs	r5, r0
10004a5e:	6980      	ldr	r0, [r0, #24]
10004a60:	b5c0      	push	{r6, r7, lr}
10004a62:	4689      	mov	r9, r1
10004a64:	4690      	mov	r8, r2
10004a66:	2800      	cmp	r0, #0
10004a68:	d003      	beq.n	10004a72 <tu_fifo_read_n+0x1e>
10004a6a:	2101      	movs	r1, #1
10004a6c:	4249      	negs	r1, r1
10004a6e:	f000 fad3 	bl	10005018 <__mutex_enter_timeout_ms_veneer>
10004a72:	89eb      	ldrh	r3, [r5, #14]
10004a74:	8a2c      	ldrh	r4, [r5, #16]
10004a76:	b29b      	uxth	r3, r3
10004a78:	b2a4      	uxth	r4, r4
10004a7a:	1b1e      	subs	r6, r3, r4
10004a7c:	b2b6      	uxth	r6, r6
10004a7e:	42a3      	cmp	r3, r4
10004a80:	d202      	bcs.n	10004a88 <tu_fifo_read_n+0x34>
10004a82:	896a      	ldrh	r2, [r5, #10]
10004a84:	1ab6      	subs	r6, r6, r2
10004a86:	b2b6      	uxth	r6, r6
10004a88:	88af      	ldrh	r7, [r5, #4]
10004a8a:	42b7      	cmp	r7, r6
10004a8c:	d33d      	bcc.n	10004b0a <tu_fifo_read_n+0xb6>
10004a8e:	2e00      	cmp	r6, #0
10004a90:	d047      	beq.n	10004b22 <tu_fifo_read_n+0xce>
10004a92:	4643      	mov	r3, r8
10004a94:	45b0      	cmp	r8, r6
10004a96:	d850      	bhi.n	10004b3a <tu_fifo_read_n+0xe6>
10004a98:	b29e      	uxth	r6, r3
10004a9a:	42a7      	cmp	r7, r4
10004a9c:	d803      	bhi.n	10004aa6 <tu_fifo_read_n+0x52>
10004a9e:	1be4      	subs	r4, r4, r7
10004aa0:	b2a4      	uxth	r4, r4
10004aa2:	42a7      	cmp	r7, r4
10004aa4:	d9fb      	bls.n	10004a9e <tu_fifo_read_n+0x4a>
10004aa6:	88eb      	ldrh	r3, [r5, #6]
10004aa8:	1b38      	subs	r0, r7, r4
10004aaa:	0019      	movs	r1, r3
10004aac:	4698      	mov	r8, r3
10004aae:	682b      	ldr	r3, [r5, #0]
10004ab0:	4361      	muls	r1, r4
10004ab2:	469c      	mov	ip, r3
10004ab4:	b280      	uxth	r0, r0
10004ab6:	4461      	add	r1, ip
10004ab8:	42b0      	cmp	r0, r6
10004aba:	d238      	bcs.n	10004b2e <tu_fifo_read_n+0xda>
10004abc:	4643      	mov	r3, r8
10004abe:	4358      	muls	r0, r3
10004ac0:	b283      	uxth	r3, r0
10004ac2:	001a      	movs	r2, r3
10004ac4:	4648      	mov	r0, r9
10004ac6:	469a      	mov	sl, r3
10004ac8:	f7fd fbc4 	bl	10002254 <__wrap___aeabi_memcpy>
10004acc:	4643      	mov	r3, r8
10004ace:	4648      	mov	r0, r9
10004ad0:	1bf7      	subs	r7, r6, r7
10004ad2:	19e4      	adds	r4, r4, r7
10004ad4:	435c      	muls	r4, r3
10004ad6:	4450      	add	r0, sl
10004ad8:	b2a2      	uxth	r2, r4
10004ada:	6829      	ldr	r1, [r5, #0]
10004adc:	f7fd fbba 	bl	10002254 <__wrap___aeabi_memcpy>
10004ae0:	8a2a      	ldrh	r2, [r5, #16]
10004ae2:	b292      	uxth	r2, r2
10004ae4:	1993      	adds	r3, r2, r6
10004ae6:	b29b      	uxth	r3, r3
10004ae8:	429a      	cmp	r2, r3
10004aea:	d91c      	bls.n	10004b26 <tu_fifo_read_n+0xd2>
10004aec:	896a      	ldrh	r2, [r5, #10]
10004aee:	189b      	adds	r3, r3, r2
10004af0:	b29b      	uxth	r3, r3
10004af2:	69a8      	ldr	r0, [r5, #24]
10004af4:	822b      	strh	r3, [r5, #16]
10004af6:	2800      	cmp	r0, #0
10004af8:	d001      	beq.n	10004afe <tu_fifo_read_n+0xaa>
10004afa:	f000 fa75 	bl	10004fe8 <__mutex_exit_veneer>
10004afe:	0030      	movs	r0, r6
10004b00:	bc1c      	pop	{r2, r3, r4}
10004b02:	4690      	mov	r8, r2
10004b04:	4699      	mov	r9, r3
10004b06:	46a2      	mov	sl, r4
10004b08:	bdf0      	pop	{r4, r5, r6, r7, pc}
10004b0a:	42bb      	cmp	r3, r7
10004b0c:	d217      	bcs.n	10004b3e <tu_fifo_read_n+0xea>
10004b0e:	896a      	ldrh	r2, [r5, #10]
10004b10:	18ba      	adds	r2, r7, r2
10004b12:	1a9a      	subs	r2, r3, r2
10004b14:	b292      	uxth	r2, r2
10004b16:	822a      	strh	r2, [r5, #16]
10004b18:	8a2c      	ldrh	r4, [r5, #16]
10004b1a:	003e      	movs	r6, r7
10004b1c:	b2a4      	uxth	r4, r4
10004b1e:	2e00      	cmp	r6, #0
10004b20:	d1b7      	bne.n	10004a92 <tu_fifo_read_n+0x3e>
10004b22:	8a2b      	ldrh	r3, [r5, #16]
10004b24:	b29b      	uxth	r3, r3
10004b26:	89aa      	ldrh	r2, [r5, #12]
10004b28:	429a      	cmp	r2, r3
10004b2a:	d2e2      	bcs.n	10004af2 <tu_fifo_read_n+0x9e>
10004b2c:	e7de      	b.n	10004aec <tu_fifo_read_n+0x98>
10004b2e:	4642      	mov	r2, r8
10004b30:	4648      	mov	r0, r9
10004b32:	4372      	muls	r2, r6
10004b34:	f7fd fb8e 	bl	10002254 <__wrap___aeabi_memcpy>
10004b38:	e7d2      	b.n	10004ae0 <tu_fifo_read_n+0x8c>
10004b3a:	1c33      	adds	r3, r6, #0
10004b3c:	e7ac      	b.n	10004a98 <tu_fifo_read_n+0x44>
10004b3e:	1bda      	subs	r2, r3, r7
10004b40:	89a9      	ldrh	r1, [r5, #12]
10004b42:	b292      	uxth	r2, r2
10004b44:	4291      	cmp	r1, r2
10004b46:	d2e6      	bcs.n	10004b16 <tu_fifo_read_n+0xc2>
10004b48:	e7e1      	b.n	10004b0e <tu_fifo_read_n+0xba>
10004b4a:	46c0      	nop			; (mov r8, r8)

10004b4c <tu_fifo_write>:
10004b4c:	b5f8      	push	{r3, r4, r5, r6, r7, lr}
10004b4e:	0004      	movs	r4, r0
10004b50:	6940      	ldr	r0, [r0, #20]
10004b52:	000e      	movs	r6, r1
10004b54:	2800      	cmp	r0, #0
10004b56:	d003      	beq.n	10004b60 <tu_fifo_write+0x14>
10004b58:	2101      	movs	r1, #1
10004b5a:	4249      	negs	r1, r1
10004b5c:	f000 fa5c 	bl	10005018 <__mutex_enter_timeout_ms_veneer>
10004b60:	89e5      	ldrh	r5, [r4, #14]
10004b62:	8a23      	ldrh	r3, [r4, #16]
10004b64:	b2ad      	uxth	r5, r5
10004b66:	b29b      	uxth	r3, r3
10004b68:	1aea      	subs	r2, r5, r3
10004b6a:	b292      	uxth	r2, r2
10004b6c:	42ab      	cmp	r3, r5
10004b6e:	d902      	bls.n	10004b76 <tu_fifo_write+0x2a>
10004b70:	8963      	ldrh	r3, [r4, #10]
10004b72:	1ad2      	subs	r2, r2, r3
10004b74:	b292      	uxth	r2, r2
10004b76:	88a3      	ldrh	r3, [r4, #4]
10004b78:	4293      	cmp	r3, r2
10004b7a:	d022      	beq.n	10004bc2 <tu_fifo_write+0x76>
10004b7c:	0028      	movs	r0, r5
10004b7e:	429d      	cmp	r5, r3
10004b80:	d303      	bcc.n	10004b8a <tu_fifo_write+0x3e>
10004b82:	1ac0      	subs	r0, r0, r3
10004b84:	b280      	uxth	r0, r0
10004b86:	4283      	cmp	r3, r0
10004b88:	d9fb      	bls.n	10004b82 <tu_fifo_write+0x36>
10004b8a:	6823      	ldr	r3, [r4, #0]
10004b8c:	88e2      	ldrh	r2, [r4, #6]
10004b8e:	469c      	mov	ip, r3
10004b90:	4350      	muls	r0, r2
10004b92:	0031      	movs	r1, r6
10004b94:	4460      	add	r0, ip
10004b96:	f7fd fb5d 	bl	10002254 <__wrap___aeabi_memcpy>
10004b9a:	1c6b      	adds	r3, r5, #1
10004b9c:	b29b      	uxth	r3, r3
10004b9e:	429d      	cmp	r5, r3
10004ba0:	d90b      	bls.n	10004bba <tu_fifo_write+0x6e>
10004ba2:	8962      	ldrh	r2, [r4, #10]
10004ba4:	189b      	adds	r3, r3, r2
10004ba6:	b29b      	uxth	r3, r3
10004ba8:	6960      	ldr	r0, [r4, #20]
10004baa:	81e3      	strh	r3, [r4, #14]
10004bac:	2701      	movs	r7, #1
10004bae:	2800      	cmp	r0, #0
10004bb0:	d001      	beq.n	10004bb6 <tu_fifo_write+0x6a>
10004bb2:	f000 fa19 	bl	10004fe8 <__mutex_exit_veneer>
10004bb6:	0038      	movs	r0, r7
10004bb8:	bdf8      	pop	{r3, r4, r5, r6, r7, pc}
10004bba:	89a2      	ldrh	r2, [r4, #12]
10004bbc:	429a      	cmp	r2, r3
10004bbe:	d2f3      	bcs.n	10004ba8 <tu_fifo_write+0x5c>
10004bc0:	e7ef      	b.n	10004ba2 <tu_fifo_write+0x56>
10004bc2:	7a27      	ldrb	r7, [r4, #8]
10004bc4:	2f00      	cmp	r7, #0
10004bc6:	d1d9      	bne.n	10004b7c <tu_fifo_write+0x30>
10004bc8:	e7f5      	b.n	10004bb6 <tu_fifo_write+0x6a>
10004bca:	46c0      	nop			; (mov r8, r8)

10004bcc <tu_fifo_write_n>:
10004bcc:	b5f8      	push	{r3, r4, r5, r6, r7, lr}
10004bce:	464e      	mov	r6, r9
10004bd0:	4645      	mov	r5, r8
10004bd2:	46de      	mov	lr, fp
10004bd4:	4657      	mov	r7, sl
10004bd6:	4689      	mov	r9, r1
10004bd8:	b5e0      	push	{r5, r6, r7, lr}
10004bda:	0005      	movs	r5, r0
10004bdc:	1e16      	subs	r6, r2, #0
10004bde:	d058      	beq.n	10004c92 <tu_fifo_write_n+0xc6>
10004be0:	6940      	ldr	r0, [r0, #20]
10004be2:	2800      	cmp	r0, #0
10004be4:	d003      	beq.n	10004bee <tu_fifo_write_n+0x22>
10004be6:	2101      	movs	r1, #1
10004be8:	4249      	negs	r1, r1
10004bea:	f000 fa15 	bl	10005018 <__mutex_enter_timeout_ms_veneer>
10004bee:	88ea      	ldrh	r2, [r5, #6]
10004bf0:	89ef      	ldrh	r7, [r5, #14]
10004bf2:	4690      	mov	r8, r2
10004bf4:	8a29      	ldrh	r1, [r5, #16]
10004bf6:	7a2a      	ldrb	r2, [r5, #8]
10004bf8:	b2bf      	uxth	r7, r7
10004bfa:	b289      	uxth	r1, r1
10004bfc:	88ab      	ldrh	r3, [r5, #4]
10004bfe:	2a00      	cmp	r2, #0
10004c00:	d138      	bne.n	10004c74 <tu_fifo_write_n+0xa8>
10004c02:	1a7a      	subs	r2, r7, r1
10004c04:	b292      	uxth	r2, r2
10004c06:	428f      	cmp	r7, r1
10004c08:	d202      	bcs.n	10004c10 <tu_fifo_write_n+0x44>
10004c0a:	8969      	ldrh	r1, [r5, #10]
10004c0c:	1a52      	subs	r2, r2, r1
10004c0e:	b292      	uxth	r2, r2
10004c10:	1a9a      	subs	r2, r3, r2
10004c12:	1c11      	adds	r1, r2, #0
10004c14:	b292      	uxth	r2, r2
10004c16:	42b2      	cmp	r2, r6
10004c18:	d84f      	bhi.n	10004cba <tu_fifo_write_n+0xee>
10004c1a:	b28e      	uxth	r6, r1
10004c1c:	1af4      	subs	r4, r6, r3
10004c1e:	b2a2      	uxth	r2, r4
10004c20:	4692      	mov	sl, r2
10004c22:	003c      	movs	r4, r7
10004c24:	429f      	cmp	r7, r3
10004c26:	d303      	bcc.n	10004c30 <tu_fifo_write_n+0x64>
10004c28:	1ae4      	subs	r4, r4, r3
10004c2a:	b2a4      	uxth	r4, r4
10004c2c:	429c      	cmp	r4, r3
10004c2e:	d2fb      	bcs.n	10004c28 <tu_fifo_write_n+0x5c>
10004c30:	4640      	mov	r0, r8
10004c32:	682a      	ldr	r2, [r5, #0]
10004c34:	4360      	muls	r0, r4
10004c36:	4694      	mov	ip, r2
10004c38:	1b1b      	subs	r3, r3, r4
10004c3a:	b29b      	uxth	r3, r3
10004c3c:	4460      	add	r0, ip
10004c3e:	4642      	mov	r2, r8
10004c40:	429e      	cmp	r6, r3
10004c42:	d828      	bhi.n	10004c96 <tu_fifo_write_n+0xca>
10004c44:	4372      	muls	r2, r6
10004c46:	4649      	mov	r1, r9
10004c48:	f7fd fb04 	bl	10002254 <__wrap___aeabi_memcpy>
10004c4c:	19f3      	adds	r3, r6, r7
10004c4e:	b29b      	uxth	r3, r3
10004c50:	429f      	cmp	r7, r3
10004c52:	d81a      	bhi.n	10004c8a <tu_fifo_write_n+0xbe>
10004c54:	89aa      	ldrh	r2, [r5, #12]
10004c56:	429a      	cmp	r2, r3
10004c58:	d317      	bcc.n	10004c8a <tu_fifo_write_n+0xbe>
10004c5a:	6968      	ldr	r0, [r5, #20]
10004c5c:	81eb      	strh	r3, [r5, #14]
10004c5e:	2800      	cmp	r0, #0
10004c60:	d001      	beq.n	10004c66 <tu_fifo_write_n+0x9a>
10004c62:	f000 f9c1 	bl	10004fe8 <__mutex_exit_veneer>
10004c66:	0030      	movs	r0, r6
10004c68:	bc3c      	pop	{r2, r3, r4, r5}
10004c6a:	4690      	mov	r8, r2
10004c6c:	4699      	mov	r9, r3
10004c6e:	46a2      	mov	sl, r4
10004c70:	46ab      	mov	fp, r5
10004c72:	bdf8      	pop	{r3, r4, r5, r6, r7, pc}
10004c74:	429e      	cmp	r6, r3
10004c76:	d322      	bcc.n	10004cbe <tu_fifo_write_n+0xf2>
10004c78:	4642      	mov	r2, r8
10004c7a:	1af6      	subs	r6, r6, r3
10004c7c:	4356      	muls	r6, r2
10004c7e:	2200      	movs	r2, #0
10004c80:	44b1      	add	r9, r6
10004c82:	000f      	movs	r7, r1
10004c84:	001e      	movs	r6, r3
10004c86:	4692      	mov	sl, r2
10004c88:	e7cb      	b.n	10004c22 <tu_fifo_write_n+0x56>
10004c8a:	896a      	ldrh	r2, [r5, #10]
10004c8c:	189b      	adds	r3, r3, r2
10004c8e:	b29b      	uxth	r3, r3
10004c90:	e7e3      	b.n	10004c5a <tu_fifo_write_n+0x8e>
10004c92:	2600      	movs	r6, #0
10004c94:	e7e7      	b.n	10004c66 <tu_fifo_write_n+0x9a>
10004c96:	4353      	muls	r3, r2
10004c98:	b29b      	uxth	r3, r3
10004c9a:	001a      	movs	r2, r3
10004c9c:	4649      	mov	r1, r9
10004c9e:	469b      	mov	fp, r3
10004ca0:	f7fd fad8 	bl	10002254 <__wrap___aeabi_memcpy>
10004ca4:	0022      	movs	r2, r4
10004ca6:	4643      	mov	r3, r8
10004ca8:	4649      	mov	r1, r9
10004caa:	4452      	add	r2, sl
10004cac:	435a      	muls	r2, r3
10004cae:	4459      	add	r1, fp
10004cb0:	b292      	uxth	r2, r2
10004cb2:	6828      	ldr	r0, [r5, #0]
10004cb4:	f7fd face 	bl	10002254 <__wrap___aeabi_memcpy>
10004cb8:	e7c8      	b.n	10004c4c <tu_fifo_write_n+0x80>
10004cba:	1c31      	adds	r1, r6, #0
10004cbc:	e7ad      	b.n	10004c1a <tu_fifo_write_n+0x4e>
10004cbe:	1af4      	subs	r4, r6, r3
10004cc0:	b2a2      	uxth	r2, r4
10004cc2:	4692      	mov	sl, r2
10004cc4:	e7ad      	b.n	10004c22 <tu_fifo_write_n+0x56>
10004cc6:	46c0      	nop			; (mov r8, r8)

10004cc8 <tu_fifo_clear>:
10004cc8:	b510      	push	{r4, lr}
10004cca:	0004      	movs	r4, r0
10004ccc:	6940      	ldr	r0, [r0, #20]
10004cce:	2800      	cmp	r0, #0
10004cd0:	d003      	beq.n	10004cda <tu_fifo_clear+0x12>
10004cd2:	2101      	movs	r1, #1
10004cd4:	4249      	negs	r1, r1
10004cd6:	f000 f99f 	bl	10005018 <__mutex_enter_timeout_ms_veneer>
10004cda:	69a0      	ldr	r0, [r4, #24]
10004cdc:	2800      	cmp	r0, #0
10004cde:	d003      	beq.n	10004ce8 <tu_fifo_clear+0x20>
10004ce0:	2101      	movs	r1, #1
10004ce2:	4249      	negs	r1, r1
10004ce4:	f000 f998 	bl	10005018 <__mutex_enter_timeout_ms_veneer>
10004ce8:	2300      	movs	r3, #0
10004cea:	81e3      	strh	r3, [r4, #14]
10004cec:	8223      	strh	r3, [r4, #16]
10004cee:	88a3      	ldrh	r3, [r4, #4]
10004cf0:	6960      	ldr	r0, [r4, #20]
10004cf2:	005b      	lsls	r3, r3, #1
10004cf4:	b29b      	uxth	r3, r3
10004cf6:	1e5a      	subs	r2, r3, #1
10004cf8:	425b      	negs	r3, r3
10004cfa:	81a2      	strh	r2, [r4, #12]
10004cfc:	8163      	strh	r3, [r4, #10]
10004cfe:	2800      	cmp	r0, #0
10004d00:	d001      	beq.n	10004d06 <tu_fifo_clear+0x3e>
10004d02:	f000 f971 	bl	10004fe8 <__mutex_exit_veneer>
10004d06:	69a0      	ldr	r0, [r4, #24]
10004d08:	2800      	cmp	r0, #0
10004d0a:	d001      	beq.n	10004d10 <tu_fifo_clear+0x48>
10004d0c:	f000 f96c 	bl	10004fe8 <__mutex_exit_veneer>
10004d10:	2001      	movs	r0, #1
10004d12:	bd10      	pop	{r4, pc}

10004d14 <tu_fifo_set_overwritable>:
10004d14:	b570      	push	{r4, r5, r6, lr}
10004d16:	0004      	movs	r4, r0
10004d18:	6940      	ldr	r0, [r0, #20]
10004d1a:	000d      	movs	r5, r1
10004d1c:	2800      	cmp	r0, #0
10004d1e:	d003      	beq.n	10004d28 <tu_fifo_set_overwritable+0x14>
10004d20:	2101      	movs	r1, #1
10004d22:	4249      	negs	r1, r1
10004d24:	f000 f978 	bl	10005018 <__mutex_enter_timeout_ms_veneer>
10004d28:	69a0      	ldr	r0, [r4, #24]
10004d2a:	2800      	cmp	r0, #0
10004d2c:	d003      	beq.n	10004d36 <tu_fifo_set_overwritable+0x22>
10004d2e:	2101      	movs	r1, #1
10004d30:	4249      	negs	r1, r1
10004d32:	f000 f971 	bl	10005018 <__mutex_enter_timeout_ms_veneer>
10004d36:	6960      	ldr	r0, [r4, #20]
10004d38:	7225      	strb	r5, [r4, #8]
10004d3a:	2800      	cmp	r0, #0
10004d3c:	d001      	beq.n	10004d42 <tu_fifo_set_overwritable+0x2e>
10004d3e:	f000 f953 	bl	10004fe8 <__mutex_exit_veneer>
10004d42:	69a0      	ldr	r0, [r4, #24]
10004d44:	2800      	cmp	r0, #0
10004d46:	d001      	beq.n	10004d4c <tu_fifo_set_overwritable+0x38>
10004d48:	f000 f94e 	bl	10004fe8 <__mutex_exit_veneer>
10004d4c:	2001      	movs	r0, #1
10004d4e:	bd70      	pop	{r4, r5, r6, pc}

10004d50 <_retrieve_unique_id_on_boot>:
10004d50:	b510      	push	{r4, lr}
10004d52:	4802      	ldr	r0, [pc, #8]	; (10004d5c <_retrieve_unique_id_on_boot+0xc>)
10004d54:	f000 f8ea 	bl	10004f2c <flash_get_unique_id>
10004d58:	bd10      	pop	{r4, pc}
10004d5a:	46c0      	nop			; (mov r8, r8)
10004d5c:	20000ef0 	.word	0x20000ef0

10004d60 <pico_get_unique_board_id_string>:
10004d60:	3901      	subs	r1, #1
10004d62:	b530      	push	{r4, r5, lr}
10004d64:	2900      	cmp	r1, #0
10004d66:	d100      	bne.n	10004d6a <pico_get_unique_board_id_string+0xa>
10004d68:	e0b8      	b.n	10004edc <pico_get_unique_board_id_string+0x17c>
10004d6a:	4b6f      	ldr	r3, [pc, #444]	; (10004f28 <pico_get_unique_board_id_string+0x1c8>)
10004d6c:	781a      	ldrb	r2, [r3, #0]
10004d6e:	1112      	asrs	r2, r2, #4
10004d70:	b2d5      	uxtb	r5, r2
10004d72:	002c      	movs	r4, r5
10004d74:	3430      	adds	r4, #48	; 0x30
10004d76:	2a09      	cmp	r2, #9
10004d78:	dd00      	ble.n	10004d7c <pico_get_unique_board_id_string+0x1c>
10004d7a:	e0b2      	b.n	10004ee2 <pico_get_unique_board_id_string+0x182>
10004d7c:	7004      	strb	r4, [r0, #0]
10004d7e:	2901      	cmp	r1, #1
10004d80:	d100      	bne.n	10004d84 <pico_get_unique_board_id_string+0x24>
10004d82:	e0ce      	b.n	10004f22 <pico_get_unique_board_id_string+0x1c2>
10004d84:	220f      	movs	r2, #15
10004d86:	781c      	ldrb	r4, [r3, #0]
10004d88:	4022      	ands	r2, r4
10004d8a:	0014      	movs	r4, r2
10004d8c:	3430      	adds	r4, #48	; 0x30
10004d8e:	2a09      	cmp	r2, #9
10004d90:	d900      	bls.n	10004d94 <pico_get_unique_board_id_string+0x34>
10004d92:	e0a8      	b.n	10004ee6 <pico_get_unique_board_id_string+0x186>
10004d94:	7044      	strb	r4, [r0, #1]
10004d96:	2902      	cmp	r1, #2
10004d98:	d100      	bne.n	10004d9c <pico_get_unique_board_id_string+0x3c>
10004d9a:	e0c2      	b.n	10004f22 <pico_get_unique_board_id_string+0x1c2>
10004d9c:	785a      	ldrb	r2, [r3, #1]
10004d9e:	1112      	asrs	r2, r2, #4
10004da0:	b2d5      	uxtb	r5, r2
10004da2:	002c      	movs	r4, r5
10004da4:	3430      	adds	r4, #48	; 0x30
10004da6:	2a09      	cmp	r2, #9
10004da8:	dd00      	ble.n	10004dac <pico_get_unique_board_id_string+0x4c>
10004daa:	e09f      	b.n	10004eec <pico_get_unique_board_id_string+0x18c>
10004dac:	7084      	strb	r4, [r0, #2]
10004dae:	2903      	cmp	r1, #3
10004db0:	d100      	bne.n	10004db4 <pico_get_unique_board_id_string+0x54>
10004db2:	e0b6      	b.n	10004f22 <pico_get_unique_board_id_string+0x1c2>
10004db4:	220f      	movs	r2, #15
10004db6:	785c      	ldrb	r4, [r3, #1]
10004db8:	4022      	ands	r2, r4
10004dba:	0014      	movs	r4, r2
10004dbc:	3430      	adds	r4, #48	; 0x30
10004dbe:	2a09      	cmp	r2, #9
10004dc0:	d900      	bls.n	10004dc4 <pico_get_unique_board_id_string+0x64>
10004dc2:	e095      	b.n	10004ef0 <pico_get_unique_board_id_string+0x190>
10004dc4:	70c4      	strb	r4, [r0, #3]
10004dc6:	2904      	cmp	r1, #4
10004dc8:	d100      	bne.n	10004dcc <pico_get_unique_board_id_string+0x6c>
10004dca:	e0aa      	b.n	10004f22 <pico_get_unique_board_id_string+0x1c2>
10004dcc:	789a      	ldrb	r2, [r3, #2]
10004dce:	1112      	asrs	r2, r2, #4
10004dd0:	b2d5      	uxtb	r5, r2
10004dd2:	002c      	movs	r4, r5
10004dd4:	3430      	adds	r4, #48	; 0x30
10004dd6:	2a09      	cmp	r2, #9
10004dd8:	dd00      	ble.n	10004ddc <pico_get_unique_board_id_string+0x7c>
10004dda:	e08c      	b.n	10004ef6 <pico_get_unique_board_id_string+0x196>
10004ddc:	7104      	strb	r4, [r0, #4]
10004dde:	2905      	cmp	r1, #5
10004de0:	d100      	bne.n	10004de4 <pico_get_unique_board_id_string+0x84>
10004de2:	e09e      	b.n	10004f22 <pico_get_unique_board_id_string+0x1c2>
10004de4:	220f      	movs	r2, #15
10004de6:	789c      	ldrb	r4, [r3, #2]
10004de8:	4022      	ands	r2, r4
10004dea:	0014      	movs	r4, r2
10004dec:	3430      	adds	r4, #48	; 0x30
10004dee:	2a09      	cmp	r2, #9
10004df0:	d900      	bls.n	10004df4 <pico_get_unique_board_id_string+0x94>
10004df2:	e082      	b.n	10004efa <pico_get_unique_board_id_string+0x19a>
10004df4:	7144      	strb	r4, [r0, #5]
10004df6:	2906      	cmp	r1, #6
10004df8:	d100      	bne.n	10004dfc <pico_get_unique_board_id_string+0x9c>
10004dfa:	e092      	b.n	10004f22 <pico_get_unique_board_id_string+0x1c2>
10004dfc:	78da      	ldrb	r2, [r3, #3]
10004dfe:	1112      	asrs	r2, r2, #4
10004e00:	b2d5      	uxtb	r5, r2
10004e02:	002c      	movs	r4, r5
10004e04:	3430      	adds	r4, #48	; 0x30
10004e06:	2a09      	cmp	r2, #9
10004e08:	dd00      	ble.n	10004e0c <pico_get_unique_board_id_string+0xac>
10004e0a:	e079      	b.n	10004f00 <pico_get_unique_board_id_string+0x1a0>
10004e0c:	7184      	strb	r4, [r0, #6]
10004e0e:	2907      	cmp	r1, #7
10004e10:	d100      	bne.n	10004e14 <pico_get_unique_board_id_string+0xb4>
10004e12:	e086      	b.n	10004f22 <pico_get_unique_board_id_string+0x1c2>
10004e14:	220f      	movs	r2, #15
10004e16:	78dc      	ldrb	r4, [r3, #3]
10004e18:	4022      	ands	r2, r4
10004e1a:	0014      	movs	r4, r2
10004e1c:	3430      	adds	r4, #48	; 0x30
10004e1e:	2a09      	cmp	r2, #9
10004e20:	d900      	bls.n	10004e24 <pico_get_unique_board_id_string+0xc4>
10004e22:	e06f      	b.n	10004f04 <pico_get_unique_board_id_string+0x1a4>
10004e24:	71c4      	strb	r4, [r0, #7]
10004e26:	2908      	cmp	r1, #8
10004e28:	d100      	bne.n	10004e2c <pico_get_unique_board_id_string+0xcc>
10004e2a:	e07a      	b.n	10004f22 <pico_get_unique_board_id_string+0x1c2>
10004e2c:	791a      	ldrb	r2, [r3, #4]
10004e2e:	1112      	asrs	r2, r2, #4
10004e30:	b2d5      	uxtb	r5, r2
10004e32:	002c      	movs	r4, r5
10004e34:	3430      	adds	r4, #48	; 0x30
10004e36:	2a09      	cmp	r2, #9
10004e38:	dc67      	bgt.n	10004f0a <pico_get_unique_board_id_string+0x1aa>
10004e3a:	7204      	strb	r4, [r0, #8]
10004e3c:	2909      	cmp	r1, #9
10004e3e:	d100      	bne.n	10004e42 <pico_get_unique_board_id_string+0xe2>
10004e40:	e06f      	b.n	10004f22 <pico_get_unique_board_id_string+0x1c2>
10004e42:	220f      	movs	r2, #15
10004e44:	791c      	ldrb	r4, [r3, #4]
10004e46:	4022      	ands	r2, r4
10004e48:	0014      	movs	r4, r2
10004e4a:	3430      	adds	r4, #48	; 0x30
10004e4c:	2a09      	cmp	r2, #9
10004e4e:	d85e      	bhi.n	10004f0e <pico_get_unique_board_id_string+0x1ae>
10004e50:	7244      	strb	r4, [r0, #9]
10004e52:	290a      	cmp	r1, #10
10004e54:	d065      	beq.n	10004f22 <pico_get_unique_board_id_string+0x1c2>
10004e56:	795a      	ldrb	r2, [r3, #5]
10004e58:	1112      	asrs	r2, r2, #4
10004e5a:	b2d5      	uxtb	r5, r2
10004e5c:	002c      	movs	r4, r5
10004e5e:	3430      	adds	r4, #48	; 0x30
10004e60:	2a09      	cmp	r2, #9
10004e62:	dc57      	bgt.n	10004f14 <pico_get_unique_board_id_string+0x1b4>
10004e64:	7284      	strb	r4, [r0, #10]
10004e66:	290b      	cmp	r1, #11
10004e68:	d05b      	beq.n	10004f22 <pico_get_unique_board_id_string+0x1c2>
10004e6a:	220f      	movs	r2, #15
10004e6c:	795c      	ldrb	r4, [r3, #5]
10004e6e:	4022      	ands	r2, r4
10004e70:	0014      	movs	r4, r2
10004e72:	3430      	adds	r4, #48	; 0x30
10004e74:	2a09      	cmp	r2, #9
10004e76:	d84f      	bhi.n	10004f18 <pico_get_unique_board_id_string+0x1b8>
10004e78:	72c4      	strb	r4, [r0, #11]
10004e7a:	290c      	cmp	r1, #12
10004e7c:	d051      	beq.n	10004f22 <pico_get_unique_board_id_string+0x1c2>
10004e7e:	799a      	ldrb	r2, [r3, #6]
10004e80:	1112      	asrs	r2, r2, #4
10004e82:	b2d5      	uxtb	r5, r2
10004e84:	002c      	movs	r4, r5
10004e86:	3430      	adds	r4, #48	; 0x30
10004e88:	2a09      	cmp	r2, #9
10004e8a:	dd00      	ble.n	10004e8e <pico_get_unique_board_id_string+0x12e>
10004e8c:	3407      	adds	r4, #7
10004e8e:	7304      	strb	r4, [r0, #12]
10004e90:	290d      	cmp	r1, #13
10004e92:	d046      	beq.n	10004f22 <pico_get_unique_board_id_string+0x1c2>
10004e94:	220f      	movs	r2, #15
10004e96:	799c      	ldrb	r4, [r3, #6]
10004e98:	4022      	ands	r2, r4
10004e9a:	0014      	movs	r4, r2
10004e9c:	3430      	adds	r4, #48	; 0x30
10004e9e:	2a09      	cmp	r2, #9
10004ea0:	d901      	bls.n	10004ea6 <pico_get_unique_board_id_string+0x146>
10004ea2:	3237      	adds	r2, #55	; 0x37
10004ea4:	0014      	movs	r4, r2
10004ea6:	7344      	strb	r4, [r0, #13]
10004ea8:	290e      	cmp	r1, #14
10004eaa:	d03a      	beq.n	10004f22 <pico_get_unique_board_id_string+0x1c2>
10004eac:	79da      	ldrb	r2, [r3, #7]
10004eae:	1112      	asrs	r2, r2, #4
10004eb0:	b2d5      	uxtb	r5, r2
10004eb2:	002c      	movs	r4, r5
10004eb4:	3430      	adds	r4, #48	; 0x30
10004eb6:	2a09      	cmp	r2, #9
10004eb8:	dd00      	ble.n	10004ebc <pico_get_unique_board_id_string+0x15c>
10004eba:	3407      	adds	r4, #7
10004ebc:	7384      	strb	r4, [r0, #14]
10004ebe:	290f      	cmp	r1, #15
10004ec0:	d02f      	beq.n	10004f22 <pico_get_unique_board_id_string+0x1c2>
10004ec2:	79da      	ldrb	r2, [r3, #7]
10004ec4:	230f      	movs	r3, #15
10004ec6:	4013      	ands	r3, r2
10004ec8:	001a      	movs	r2, r3
10004eca:	3237      	adds	r2, #55	; 0x37
10004ecc:	2b09      	cmp	r3, #9
10004ece:	d801      	bhi.n	10004ed4 <pico_get_unique_board_id_string+0x174>
10004ed0:	3330      	adds	r3, #48	; 0x30
10004ed2:	001a      	movs	r2, r3
10004ed4:	73c2      	strb	r2, [r0, #15]
10004ed6:	2910      	cmp	r1, #16
10004ed8:	d023      	beq.n	10004f22 <pico_get_unique_board_id_string+0x1c2>
10004eda:	3010      	adds	r0, #16
10004edc:	2300      	movs	r3, #0
10004ede:	7003      	strb	r3, [r0, #0]
10004ee0:	bd30      	pop	{r4, r5, pc}
10004ee2:	3407      	adds	r4, #7
10004ee4:	e74a      	b.n	10004d7c <pico_get_unique_board_id_string+0x1c>
10004ee6:	3237      	adds	r2, #55	; 0x37
10004ee8:	0014      	movs	r4, r2
10004eea:	e753      	b.n	10004d94 <pico_get_unique_board_id_string+0x34>
10004eec:	3407      	adds	r4, #7
10004eee:	e75d      	b.n	10004dac <pico_get_unique_board_id_string+0x4c>
10004ef0:	3237      	adds	r2, #55	; 0x37
10004ef2:	0014      	movs	r4, r2
10004ef4:	e766      	b.n	10004dc4 <pico_get_unique_board_id_string+0x64>
10004ef6:	3407      	adds	r4, #7
10004ef8:	e770      	b.n	10004ddc <pico_get_unique_board_id_string+0x7c>
10004efa:	3237      	adds	r2, #55	; 0x37
10004efc:	0014      	movs	r4, r2
10004efe:	e779      	b.n	10004df4 <pico_get_unique_board_id_string+0x94>
10004f00:	3407      	adds	r4, #7
10004f02:	e783      	b.n	10004e0c <pico_get_unique_board_id_string+0xac>
10004f04:	3237      	adds	r2, #55	; 0x37
10004f06:	0014      	movs	r4, r2
10004f08:	e78c      	b.n	10004e24 <pico_get_unique_board_id_string+0xc4>
10004f0a:	3407      	adds	r4, #7
10004f0c:	e795      	b.n	10004e3a <pico_get_unique_board_id_string+0xda>
10004f0e:	3237      	adds	r2, #55	; 0x37
10004f10:	0014      	movs	r4, r2
10004f12:	e79d      	b.n	10004e50 <pico_get_unique_board_id_string+0xf0>
10004f14:	3407      	adds	r4, #7
10004f16:	e7a5      	b.n	10004e64 <pico_get_unique_board_id_string+0x104>
10004f18:	3237      	adds	r2, #55	; 0x37
10004f1a:	0014      	movs	r4, r2
10004f1c:	72c4      	strb	r4, [r0, #11]
10004f1e:	290c      	cmp	r1, #12
10004f20:	d1ad      	bne.n	10004e7e <pico_get_unique_board_id_string+0x11e>
10004f22:	1840      	adds	r0, r0, r1
10004f24:	e7da      	b.n	10004edc <pico_get_unique_board_id_string+0x17c>
10004f26:	46c0      	nop			; (mov r8, r8)
10004f28:	20000ef0 	.word	0x20000ef0

10004f2c <flash_get_unique_id>:
10004f2c:	b510      	push	{r4, lr}
10004f2e:	b088      	sub	sp, #32
10004f30:	0004      	movs	r4, r0
10004f32:	220d      	movs	r2, #13
10004f34:	2100      	movs	r1, #0
10004f36:	4668      	mov	r0, sp
10004f38:	f7fd f986 	bl	10002248 <__wrap_memset>
10004f3c:	220d      	movs	r2, #13
10004f3e:	2100      	movs	r1, #0
10004f40:	a804      	add	r0, sp, #16
10004f42:	f7fd f981 	bl	10002248 <__wrap_memset>
10004f46:	234b      	movs	r3, #75	; 0x4b
10004f48:	466a      	mov	r2, sp
10004f4a:	a904      	add	r1, sp, #16
10004f4c:	7013      	strb	r3, [r2, #0]
10004f4e:	4668      	mov	r0, sp
10004f50:	220d      	movs	r2, #13
10004f52:	f000 f841 	bl	10004fd8 <__flash_do_cmd_veneer>
10004f56:	2115      	movs	r1, #21
10004f58:	2208      	movs	r2, #8
10004f5a:	4469      	add	r1, sp
10004f5c:	0020      	movs	r0, r4
10004f5e:	f7fd f979 	bl	10002254 <__wrap___aeabi_memcpy>
10004f62:	b008      	add	sp, #32
10004f64:	bd10      	pop	{r4, pc}
10004f66:	46c0      	nop			; (mov r8, r8)

10004f68 <strlen>:
10004f68:	b510      	push	{r4, lr}
10004f6a:	0783      	lsls	r3, r0, #30
10004f6c:	d027      	beq.n	10004fbe <strlen+0x56>
10004f6e:	7803      	ldrb	r3, [r0, #0]
10004f70:	2b00      	cmp	r3, #0
10004f72:	d026      	beq.n	10004fc2 <strlen+0x5a>
10004f74:	0003      	movs	r3, r0
10004f76:	2103      	movs	r1, #3
10004f78:	e002      	b.n	10004f80 <strlen+0x18>
10004f7a:	781a      	ldrb	r2, [r3, #0]
10004f7c:	2a00      	cmp	r2, #0
10004f7e:	d01c      	beq.n	10004fba <strlen+0x52>
10004f80:	3301      	adds	r3, #1
10004f82:	420b      	tst	r3, r1
10004f84:	d1f9      	bne.n	10004f7a <strlen+0x12>
10004f86:	6819      	ldr	r1, [r3, #0]
10004f88:	4a0f      	ldr	r2, [pc, #60]	; (10004fc8 <strlen+0x60>)
10004f8a:	4c10      	ldr	r4, [pc, #64]	; (10004fcc <strlen+0x64>)
10004f8c:	188a      	adds	r2, r1, r2
10004f8e:	438a      	bics	r2, r1
10004f90:	4222      	tst	r2, r4
10004f92:	d10f      	bne.n	10004fb4 <strlen+0x4c>
10004f94:	3304      	adds	r3, #4
10004f96:	6819      	ldr	r1, [r3, #0]
10004f98:	4a0b      	ldr	r2, [pc, #44]	; (10004fc8 <strlen+0x60>)
10004f9a:	188a      	adds	r2, r1, r2
10004f9c:	438a      	bics	r2, r1
10004f9e:	4222      	tst	r2, r4
10004fa0:	d108      	bne.n	10004fb4 <strlen+0x4c>
10004fa2:	3304      	adds	r3, #4
10004fa4:	6819      	ldr	r1, [r3, #0]
10004fa6:	4a08      	ldr	r2, [pc, #32]	; (10004fc8 <strlen+0x60>)
10004fa8:	188a      	adds	r2, r1, r2
10004faa:	438a      	bics	r2, r1
10004fac:	4222      	tst	r2, r4
10004fae:	d0f1      	beq.n	10004f94 <strlen+0x2c>
10004fb0:	e000      	b.n	10004fb4 <strlen+0x4c>
10004fb2:	3301      	adds	r3, #1
10004fb4:	781a      	ldrb	r2, [r3, #0]
10004fb6:	2a00      	cmp	r2, #0
10004fb8:	d1fb      	bne.n	10004fb2 <strlen+0x4a>
10004fba:	1a18      	subs	r0, r3, r0
10004fbc:	bd10      	pop	{r4, pc}
10004fbe:	0003      	movs	r3, r0
10004fc0:	e7e1      	b.n	10004f86 <strlen+0x1e>
10004fc2:	2000      	movs	r0, #0
10004fc4:	e7fa      	b.n	10004fbc <strlen+0x54>
10004fc6:	46c0      	nop			; (mov r8, r8)
10004fc8:	fefefeff 	.word	0xfefefeff
10004fcc:	80808080 	.word	0x80808080

10004fd0 <_fini>:
10004fd0:	b5f8      	push	{r3, r4, r5, r6, r7, lr}
10004fd2:	46c0      	nop			; (mov r8, r8)
10004fd4:	0000      	movs	r0, r0
	...

10004fd8 <__flash_do_cmd_veneer>:
10004fd8:	b401      	push	{r0}
10004fda:	4802      	ldr	r0, [pc, #8]	; (10004fe4 <__flash_do_cmd_veneer+0xc>)
10004fdc:	4684      	mov	ip, r0
10004fde:	bc01      	pop	{r0}
10004fe0:	4760      	bx	ip
10004fe2:	bf00      	nop
10004fe4:	20000289 	.word	0x20000289

10004fe8 <__mutex_exit_veneer>:
10004fe8:	b401      	push	{r0}
10004fea:	4802      	ldr	r0, [pc, #8]	; (10004ff4 <__mutex_exit_veneer+0xc>)
10004fec:	4684      	mov	ip, r0
10004fee:	bc01      	pop	{r0}
10004ff0:	4760      	bx	ip
10004ff2:	bf00      	nop
10004ff4:	200001e9 	.word	0x200001e9

10004ff8 <____aeabi_idiv0_veneer>:
10004ff8:	b401      	push	{r0}
10004ffa:	4802      	ldr	r0, [pc, #8]	; (10005004 <____aeabi_idiv0_veneer+0xc>)
10004ffc:	4684      	mov	ip, r0
10004ffe:	bc01      	pop	{r0}
10005000:	4760      	bx	ip
10005002:	bf00      	nop
10005004:	2000033d 	.word	0x2000033d

10005008 <__mutex_try_enter_veneer>:
10005008:	b401      	push	{r0}
1000500a:	4802      	ldr	r0, [pc, #8]	; (10005014 <__mutex_try_enter_veneer+0xc>)
1000500c:	4684      	mov	ip, r0
1000500e:	bc01      	pop	{r0}
10005010:	4760      	bx	ip
10005012:	bf00      	nop
10005014:	20000109 	.word	0x20000109

10005018 <__mutex_enter_timeout_ms_veneer>:
10005018:	b401      	push	{r0}
1000501a:	4802      	ldr	r0, [pc, #8]	; (10005024 <__mutex_enter_timeout_ms_veneer+0xc>)
1000501c:	4684      	mov	ip, r0
1000501e:	bc01      	pop	{r0}
10005020:	4760      	bx	ip
10005022:	bf00      	nop
10005024:	20000151 	.word	0x20000151

10005028 <__mutex_enter_blocking_veneer>:
10005028:	b401      	push	{r0}
1000502a:	4802      	ldr	r0, [pc, #8]	; (10005034 <__mutex_enter_blocking_veneer+0xc>)
1000502c:	4684      	mov	ip, r0
1000502e:	bc01      	pop	{r0}
10005030:	4760      	bx	ip
10005032:	bf00      	nop
10005034:	200000c1 	.word	0x200000c1

Disassembly of section .data:

200000c0 <mutex_enter_blocking>:
200000c0:	23d0      	movs	r3, #208	; 0xd0
200000c2:	b530      	push	{r4, r5, lr}
200000c4:	2500      	movs	r5, #0
200000c6:	061b      	lsls	r3, r3, #24
200000c8:	575d      	ldrsb	r5, [r3, r5]
200000ca:	2400      	movs	r4, #0
200000cc:	e006      	b.n	200000dc <mutex_enter_blocking+0x1c>
200000ce:	6803      	ldr	r3, [r0, #0]
200000d0:	f3bf 8f5f 	dmb	sy
200000d4:	601c      	str	r4, [r3, #0]
200000d6:	f381 8810 	msr	PRIMASK, r1
200000da:	bf20      	wfe
200000dc:	6802      	ldr	r2, [r0, #0]
200000de:	f3ef 8110 	mrs	r1, PRIMASK
200000e2:	b672      	cpsid	i
200000e4:	6813      	ldr	r3, [r2, #0]
200000e6:	2b00      	cmp	r3, #0
200000e8:	d0fc      	beq.n	200000e4 <mutex_enter_blocking+0x24>
200000ea:	f3bf 8f5f 	dmb	sy
200000ee:	7903      	ldrb	r3, [r0, #4]
200000f0:	2b7f      	cmp	r3, #127	; 0x7f
200000f2:	d9ec      	bls.n	200000ce <mutex_enter_blocking+0xe>
200000f4:	7105      	strb	r5, [r0, #4]
200000f6:	6803      	ldr	r3, [r0, #0]
200000f8:	f3bf 8f5f 	dmb	sy
200000fc:	2200      	movs	r2, #0
200000fe:	601a      	str	r2, [r3, #0]
20000100:	f381 8810 	msr	PRIMASK, r1
20000104:	bd30      	pop	{r4, r5, pc}
20000106:	46c0      	nop			; (mov r8, r8)

20000108 <mutex_try_enter>:
20000108:	0003      	movs	r3, r0
2000010a:	b510      	push	{r4, lr}
2000010c:	6800      	ldr	r0, [r0, #0]
2000010e:	f3ef 8410 	mrs	r4, PRIMASK
20000112:	b672      	cpsid	i
20000114:	6802      	ldr	r2, [r0, #0]
20000116:	2a00      	cmp	r2, #0
20000118:	d0fc      	beq.n	20000114 <mutex_try_enter+0xc>
2000011a:	f3bf 8f5f 	dmb	sy
2000011e:	2204      	movs	r2, #4
20000120:	569a      	ldrsb	r2, [r3, r2]
20000122:	2a00      	cmp	r2, #0
20000124:	db0b      	blt.n	2000013e <mutex_try_enter+0x36>
20000126:	2900      	cmp	r1, #0
20000128:	d00f      	beq.n	2000014a <mutex_try_enter+0x42>
2000012a:	2000      	movs	r0, #0
2000012c:	600a      	str	r2, [r1, #0]
2000012e:	681b      	ldr	r3, [r3, #0]
20000130:	f3bf 8f5f 	dmb	sy
20000134:	2200      	movs	r2, #0
20000136:	601a      	str	r2, [r3, #0]
20000138:	f384 8810 	msr	PRIMASK, r4
2000013c:	bd10      	pop	{r4, pc}
2000013e:	22d0      	movs	r2, #208	; 0xd0
20000140:	0612      	lsls	r2, r2, #24
20000142:	6812      	ldr	r2, [r2, #0]
20000144:	2001      	movs	r0, #1
20000146:	711a      	strb	r2, [r3, #4]
20000148:	e7f1      	b.n	2000012e <mutex_try_enter+0x26>
2000014a:	2000      	movs	r0, #0
2000014c:	e7ef      	b.n	2000012e <mutex_try_enter+0x26>
2000014e:	46c0      	nop			; (mov r8, r8)

20000150 <mutex_enter_timeout_ms>:
20000150:	b5f0      	push	{r4, r5, r6, r7, lr}
20000152:	46c6      	mov	lr, r8
20000154:	b500      	push	{lr}
20000156:	000c      	movs	r4, r1
20000158:	4680      	mov	r8, r0
2000015a:	f000 f8f1 	bl	20000340 <__time_us_64_veneer>
2000015e:	22fa      	movs	r2, #250	; 0xfa
20000160:	0006      	movs	r6, r0
20000162:	000f      	movs	r7, r1
20000164:	0020      	movs	r0, r4
20000166:	0092      	lsls	r2, r2, #2
20000168:	2300      	movs	r3, #0
2000016a:	2100      	movs	r1, #0
2000016c:	f000 f8f0 	bl	20000350 <____wrap___aeabi_lmul_veneer>
20000170:	1980      	adds	r0, r0, r6
20000172:	4179      	adcs	r1, r7
20000174:	0004      	movs	r4, r0
20000176:	000d      	movs	r5, r1
20000178:	428f      	cmp	r7, r1
2000017a:	d82f      	bhi.n	200001dc <mutex_enter_timeout_ms+0x8c>
2000017c:	d02c      	beq.n	200001d8 <mutex_enter_timeout_ms+0x88>
2000017e:	23d0      	movs	r3, #208	; 0xd0
20000180:	061b      	lsls	r3, r3, #24
20000182:	681f      	ldr	r7, [r3, #0]
20000184:	2600      	movs	r6, #0
20000186:	e00c      	b.n	200001a2 <mutex_enter_timeout_ms+0x52>
20000188:	4642      	mov	r2, r8
2000018a:	6812      	ldr	r2, [r2, #0]
2000018c:	f3bf 8f5f 	dmb	sy
20000190:	6016      	str	r6, [r2, #0]
20000192:	f383 8810 	msr	PRIMASK, r3
20000196:	0020      	movs	r0, r4
20000198:	0029      	movs	r1, r5
2000019a:	f000 f8e1 	bl	20000360 <__best_effort_wfe_or_timeout_veneer>
2000019e:	2800      	cmp	r0, #0
200001a0:	d120      	bne.n	200001e4 <mutex_enter_timeout_ms+0x94>
200001a2:	4643      	mov	r3, r8
200001a4:	681a      	ldr	r2, [r3, #0]
200001a6:	f3ef 8310 	mrs	r3, PRIMASK
200001aa:	b672      	cpsid	i
200001ac:	6811      	ldr	r1, [r2, #0]
200001ae:	2900      	cmp	r1, #0
200001b0:	d0fc      	beq.n	200001ac <mutex_enter_timeout_ms+0x5c>
200001b2:	f3bf 8f5f 	dmb	sy
200001b6:	4642      	mov	r2, r8
200001b8:	7912      	ldrb	r2, [r2, #4]
200001ba:	2a7f      	cmp	r2, #127	; 0x7f
200001bc:	d9e4      	bls.n	20000188 <mutex_enter_timeout_ms+0x38>
200001be:	4642      	mov	r2, r8
200001c0:	7117      	strb	r7, [r2, #4]
200001c2:	6812      	ldr	r2, [r2, #0]
200001c4:	f3bf 8f5f 	dmb	sy
200001c8:	2100      	movs	r1, #0
200001ca:	6011      	str	r1, [r2, #0]
200001cc:	f383 8810 	msr	PRIMASK, r3
200001d0:	2001      	movs	r0, #1
200001d2:	bc04      	pop	{r2}
200001d4:	4690      	mov	r8, r2
200001d6:	bdf0      	pop	{r4, r5, r6, r7, pc}
200001d8:	4286      	cmp	r6, r0
200001da:	d9d0      	bls.n	2000017e <mutex_enter_timeout_ms+0x2e>
200001dc:	2401      	movs	r4, #1
200001de:	4264      	negs	r4, r4
200001e0:	17e5      	asrs	r5, r4, #31
200001e2:	e7cc      	b.n	2000017e <mutex_enter_timeout_ms+0x2e>
200001e4:	2000      	movs	r0, #0
200001e6:	e7f4      	b.n	200001d2 <mutex_enter_timeout_ms+0x82>

200001e8 <mutex_exit>:
200001e8:	6802      	ldr	r2, [r0, #0]
200001ea:	f3ef 8110 	mrs	r1, PRIMASK
200001ee:	b672      	cpsid	i
200001f0:	6813      	ldr	r3, [r2, #0]
200001f2:	2b00      	cmp	r3, #0
200001f4:	d0fc      	beq.n	200001f0 <mutex_exit+0x8>
200001f6:	f3bf 8f5f 	dmb	sy
200001fa:	23ff      	movs	r3, #255	; 0xff
200001fc:	7103      	strb	r3, [r0, #4]
200001fe:	6803      	ldr	r3, [r0, #0]
20000200:	f3bf 8f5f 	dmb	sy
20000204:	2200      	movs	r2, #0
20000206:	601a      	str	r2, [r3, #0]
20000208:	f381 8810 	msr	PRIMASK, r1
2000020c:	bf40      	sev
2000020e:	4770      	bx	lr

20000210 <flash_init_boot2_copyout>:
20000210:	4808      	ldr	r0, [pc, #32]	; (20000234 <flash_init_boot2_copyout+0x24>)
20000212:	b510      	push	{r4, lr}
20000214:	7803      	ldrb	r3, [r0, #0]
20000216:	2b00      	cmp	r3, #0
20000218:	d10a      	bne.n	20000230 <flash_init_boot2_copyout+0x20>
2000021a:	2380      	movs	r3, #128	; 0x80
2000021c:	4906      	ldr	r1, [pc, #24]	; (20000238 <flash_init_boot2_copyout+0x28>)
2000021e:	4a07      	ldr	r2, [pc, #28]	; (2000023c <flash_init_boot2_copyout+0x2c>)
20000220:	055b      	lsls	r3, r3, #21
20000222:	681c      	ldr	r4, [r3, #0]
20000224:	50cc      	str	r4, [r1, r3]
20000226:	3304      	adds	r3, #4
20000228:	4293      	cmp	r3, r2
2000022a:	d1fa      	bne.n	20000222 <flash_init_boot2_copyout+0x12>
2000022c:	2301      	movs	r3, #1
2000022e:	7003      	strb	r3, [r0, #0]
20000230:	bd10      	pop	{r4, pc}
20000232:	46c0      	nop			; (mov r8, r8)
20000234:	20000f30 	.word	0x20000f30
20000238:	10000938 	.word	0x10000938
2000023c:	10000100 	.word	0x10000100

20000240 <flash_enable_xip_via_boot2>:
20000240:	b510      	push	{r4, lr}
20000242:	4b02      	ldr	r3, [pc, #8]	; (2000024c <flash_enable_xip_via_boot2+0xc>)
20000244:	3301      	adds	r3, #1
20000246:	4798      	blx	r3
20000248:	bd10      	pop	{r4, pc}
2000024a:	46c0      	nop			; (mov r8, r8)
2000024c:	20000938 	.word	0x20000938

20000250 <flash_cs_force.constprop.0>:
20000250:	4b05      	ldr	r3, [pc, #20]	; (20000268 <flash_cs_force.constprop.0+0x18>)
20000252:	681a      	ldr	r2, [r3, #0]
20000254:	2380      	movs	r3, #128	; 0x80
20000256:	009b      	lsls	r3, r3, #2
20000258:	4053      	eors	r3, r2
2000025a:	22c0      	movs	r2, #192	; 0xc0
2000025c:	0092      	lsls	r2, r2, #2
2000025e:	4013      	ands	r3, r2
20000260:	4a02      	ldr	r2, [pc, #8]	; (2000026c <flash_cs_force.constprop.0+0x1c>)
20000262:	6013      	str	r3, [r2, #0]
20000264:	4770      	bx	lr
20000266:	46c0      	nop			; (mov r8, r8)
20000268:	4001800c 	.word	0x4001800c
2000026c:	4001900c 	.word	0x4001900c

20000270 <flash_cs_force.constprop.1>:
20000270:	4b03      	ldr	r3, [pc, #12]	; (20000280 <flash_cs_force.constprop.1+0x10>)
20000272:	681a      	ldr	r2, [r3, #0]
20000274:	23c0      	movs	r3, #192	; 0xc0
20000276:	009b      	lsls	r3, r3, #2
20000278:	4393      	bics	r3, r2
2000027a:	4a02      	ldr	r2, [pc, #8]	; (20000284 <flash_cs_force.constprop.1+0x14>)
2000027c:	6013      	str	r3, [r2, #0]
2000027e:	4770      	bx	lr
20000280:	4001800c 	.word	0x4001800c
20000284:	4001900c 	.word	0x4001900c

20000288 <flash_do_cmd>:
20000288:	b5f0      	push	{r4, r5, r6, r7, lr}
2000028a:	46d6      	mov	lr, sl
2000028c:	464f      	mov	r7, r9
2000028e:	4646      	mov	r6, r8
20000290:	2314      	movs	r3, #20
20000292:	b5c0      	push	{r6, r7, lr}
20000294:	2718      	movs	r7, #24
20000296:	4698      	mov	r8, r3
20000298:	4681      	mov	r9, r0
2000029a:	000d      	movs	r5, r1
2000029c:	8818      	ldrh	r0, [r3, #0]
2000029e:	4924      	ldr	r1, [pc, #144]	; (20000330 <flash_do_cmd+0xa8>)
200002a0:	883b      	ldrh	r3, [r7, #0]
200002a2:	0014      	movs	r4, r2
200002a4:	4798      	blx	r3
200002a6:	4643      	mov	r3, r8
200002a8:	4682      	mov	sl, r0
200002aa:	4922      	ldr	r1, [pc, #136]	; (20000334 <flash_do_cmd+0xac>)
200002ac:	8818      	ldrh	r0, [r3, #0]
200002ae:	883b      	ldrh	r3, [r7, #0]
200002b0:	4798      	blx	r3
200002b2:	4643      	mov	r3, r8
200002b4:	4920      	ldr	r1, [pc, #128]	; (20000338 <flash_do_cmd+0xb0>)
200002b6:	0006      	movs	r6, r0
200002b8:	8818      	ldrh	r0, [r3, #0]
200002ba:	883b      	ldrh	r3, [r7, #0]
200002bc:	4798      	blx	r3
200002be:	4680      	mov	r8, r0
200002c0:	f7ff ffa6 	bl	20000210 <flash_init_boot2_copyout>
200002c4:	47d0      	blx	sl
200002c6:	47b0      	blx	r6
200002c8:	f7ff ffc2 	bl	20000250 <flash_cs_force.constprop.0>
200002cc:	2c00      	cmp	r4, #0
200002ce:	d024      	beq.n	2000031a <flash_do_cmd+0x92>
200002d0:	20c0      	movs	r0, #192	; 0xc0
200002d2:	0022      	movs	r2, r4
200002d4:	0540      	lsls	r0, r0, #21
200002d6:	2608      	movs	r6, #8
200002d8:	3f16      	subs	r7, #22
200002da:	e011      	b.n	20000300 <flash_do_cmd+0x78>
200002dc:	464b      	mov	r3, r9
200002de:	781b      	ldrb	r3, [r3, #0]
200002e0:	3c01      	subs	r4, #1
200002e2:	6603      	str	r3, [r0, #96]	; 0x60
200002e4:	2301      	movs	r3, #1
200002e6:	469c      	mov	ip, r3
200002e8:	44e1      	add	r9, ip
200002ea:	2900      	cmp	r1, #0
200002ec:	d005      	beq.n	200002fa <flash_do_cmd+0x72>
200002ee:	2a00      	cmp	r2, #0
200002f0:	d003      	beq.n	200002fa <flash_do_cmd+0x72>
200002f2:	6e03      	ldr	r3, [r0, #96]	; 0x60
200002f4:	3a01      	subs	r2, #1
200002f6:	702b      	strb	r3, [r5, #0]
200002f8:	3501      	adds	r5, #1
200002fa:	0013      	movs	r3, r2
200002fc:	4323      	orrs	r3, r4
200002fe:	d00c      	beq.n	2000031a <flash_do_cmd+0x92>
20000300:	0031      	movs	r1, r6
20000302:	6a83      	ldr	r3, [r0, #40]	; 0x28
20000304:	4019      	ands	r1, r3
20000306:	421f      	tst	r7, r3
20000308:	d0ef      	beq.n	200002ea <flash_do_cmd+0x62>
2000030a:	2c00      	cmp	r4, #0
2000030c:	d0ed      	beq.n	200002ea <flash_do_cmd+0x62>
2000030e:	1b13      	subs	r3, r2, r4
20000310:	2b0d      	cmp	r3, #13
20000312:	d9e3      	bls.n	200002dc <flash_do_cmd+0x54>
20000314:	2900      	cmp	r1, #0
20000316:	d1ea      	bne.n	200002ee <flash_do_cmd+0x66>
20000318:	e7f2      	b.n	20000300 <flash_do_cmd+0x78>
2000031a:	f7ff ffa9 	bl	20000270 <flash_cs_force.constprop.1>
2000031e:	47c0      	blx	r8
20000320:	f7ff ff8e 	bl	20000240 <flash_enable_xip_via_boot2>
20000324:	bc1c      	pop	{r2, r3, r4}
20000326:	4690      	mov	r8, r2
20000328:	4699      	mov	r9, r3
2000032a:	46a2      	mov	sl, r4
2000032c:	bdf0      	pop	{r4, r5, r6, r7, pc}
2000032e:	46c0      	nop			; (mov r8, r8)
20000330:	00004649 	.word	0x00004649
20000334:	00005845 	.word	0x00005845
20000338:	00004346 	.word	0x00004346

2000033c <__aeabi_idiv0>:
2000033c:	4770      	bx	lr
2000033e:	46c0      	nop			; (mov r8, r8)

20000340 <__time_us_64_veneer>:
20000340:	b401      	push	{r0}
20000342:	4802      	ldr	r0, [pc, #8]	; (2000034c <__time_us_64_veneer+0xc>)
20000344:	4684      	mov	ip, r0
20000346:	bc01      	pop	{r0}
20000348:	4760      	bx	ip
2000034a:	bf00      	nop
2000034c:	100011b1 	.word	0x100011b1

20000350 <____wrap___aeabi_lmul_veneer>:
20000350:	b401      	push	{r0}
20000352:	4802      	ldr	r0, [pc, #8]	; (2000035c <____wrap___aeabi_lmul_veneer+0xc>)
20000354:	4684      	mov	ip, r0
20000356:	bc01      	pop	{r0}
20000358:	4760      	bx	ip
2000035a:	bf00      	nop
2000035c:	10002171 	.word	0x10002171

20000360 <__best_effort_wfe_or_timeout_veneer>:
20000360:	b401      	push	{r0}
20000362:	4802      	ldr	r0, [pc, #8]	; (2000036c <__best_effort_wfe_or_timeout_veneer+0xc>)
20000364:	4684      	mov	ip, r0
20000366:	bc01      	pop	{r0}
20000368:	4760      	bx	ip
2000036a:	bf00      	nop
2000036c:	10001091 	.word	0x10001091

20000370 <striped_spin_lock_num>:
20000370:	00000010                                ....

20000374 <irq_handler_chain_slots>:
20000374:	00000000 	.word	0x00000000
20000378:	00010000 	.word	0x00010000
	...
20000384:	00020000 	.word	0x00020000
	...
20000390:	00030000 	.word	0x00030000
	...
2000039c:	00ff0000 	.word	0x00ff0000
200003a0:	00000000 	.word	0x00000000

200003a4 <irq_handler_chain_first_slot>:
200003a4:	b500      	push	{lr}
200003a6:	6848      	ldr	r0, [r1, #4]
200003a8:	3101      	adds	r1, #1
200003aa:	468e      	mov	lr, r1
200003ac:	4700      	bx	r0

200003ae <irq_handler_chain_remove_tail>:
200003ae:	4670      	mov	r0, lr
200003b0:	3809      	subs	r0, #9
200003b2:	4901      	ldr	r1, [pc, #4]	; (200003b8 <irq_handler_chain_remove_tail+0xa>)
200003b4:	4788      	blx	r1
200003b6:	bd00      	pop	{pc}
200003b8:	100009b9 	.word	0x100009b9

200003bc <default_alarm_pool>:
200003bc:	200003d4 00000000 20000470 20000a64     ... ....p.. d.. 
	...

200003d4 <default_alarm_pool_heap>:
200003d4:	20000a74 00000000 00000000 00000010     t.. ............
	...

200003f0 <aeabi_bits_funcs>:
200003f0:	00003350 	.word	0x00003350
200003f4:	0000334c 	.word	0x0000334c
200003f8:	00003354 	.word	0x00003354
200003fc:	00003352 	.word	0x00003352

20000400 <aeabi_bits_funcs_end>:
20000400:	0000534d 	.word	0x0000534d
20000404:	0000434d 	.word	0x0000434d
20000408:	00003453 	.word	0x00003453
2000040c:	00003443 	.word	0x00003443

20000410 <stdio_usb>:
20000410:	10002675 00000000 1000260d 00000000     u&.......&......
20000420:	00000100                                ....

20000424 <ep_dir_string>:
20000424:	10005260 10005264                       `R..dR..

2000042c <_usbd_qdef>:
2000042c:	20001138 000c0010 ffe00000 0000001f     8.. ............
	...

20000450 <print_mutex>:
	...

20000458 <__mutex_array_end>:
20000458:	10002239 	.word	0x10002239
2000045c:	10001fd1 	.word	0x10001fd1
20000460:	10002089 	.word	0x10002089
20000464:	100021a5 	.word	0x100021a5

20000468 <__frame_dummy_init_array_entry>:
20000468:	10000339 10004d51                       9...QM..
