
/home/student/CompTech/assignment-4/Task1/a/build/InputOutput.elf:     file format elf32-littlearm

Sections:
Idx Name          Size      VMA       LMA       File off  Algn
  0 .boot2        00000100  10000000  10000000  00001000  2**0
                  CONTENTS, ALLOC, LOAD, READONLY, CODE
  1 .text         00004f30  10000100  10000100  00001100  2**3
                  CONTENTS, ALLOC, LOAD, READONLY, CODE
  2 .rodata       000002d4  10005030  10005030  00006030  2**2
                  CONTENTS, ALLOC, LOAD, READONLY, DATA
  3 .binary_info  00000020  10005304  10005304  00006304  2**2
                  CONTENTS, ALLOC, LOAD, DATA
  4 .ram_vector_table 000000c0  20000000  20000000  00007470  2**2
                  CONTENTS
  5 .data         000003b0  200000c0  10005324  000070c0  2**4
                  CONTENTS, ALLOC, LOAD, READONLY, CODE
  6 .uninitialized_data 00000000  20000470  20000470  00007530  2**0
                  CONTENTS
  7 .scratch_x    00000000  20040000  20040000  00007530  2**0
                  CONTENTS
  8 .scratch_y    00000000  20041000  20041000  00007530  2**0
                  CONTENTS
  9 .bss          00000d88  20000470  20000470  00007470  2**3
                  ALLOC
 10 .heap         00000800  200011f8  200011f8  00007530  2**2
                  CONTENTS, READONLY
 11 .stack_dummy  00000800  20041000  20041000  00007d40  2**5
                  CONTENTS, READONLY
 12 .ARM.attributes 00000028  00000000  00000000  00008540  2**0
                  CONTENTS, READONLY
 13 .comment      0000009f  00000000  00000000  00008568  2**0
                  CONTENTS, READONLY
 14 .debug_line   00000222  00000000  00000000  00008607  2**0
                  CONTENTS, READONLY, DEBUGGING, OCTETS
 15 .debug_info   00000999  00000000  00000000  00008829  2**0
                  CONTENTS, READONLY, DEBUGGING, OCTETS
 16 .debug_abbrev 000001fc  00000000  00000000  000091c2  2**0
                  CONTENTS, READONLY, DEBUGGING, OCTETS
 17 .debug_aranges 00000040  00000000  00000000  000093c0  2**3
                  CONTENTS, READONLY, DEBUGGING, OCTETS
 18 .debug_str    00000613  00000000  00000000  00009400  2**0
                  CONTENTS, READONLY, DEBUGGING, OCTETS
 19 .debug_loc    000000a3  00000000  00000000  00009a13  2**0
                  CONTENTS, READONLY, DEBUGGING, OCTETS
 20 .debug_frame  00000028  00000000  00000000  00009ab8  2**2
                  CONTENTS, READONLY, DEBUGGING, OCTETS

/home/student/CompTech/assignment-4/Task1/a/build/InputOutput.elf:     file format elf32-littlearm


Disassembly of section .boot2:

10000000 <__boot2_start__>:
10000000:	4b32b500 	.word	0x4b32b500
10000004:	60582021 	.word	0x60582021
10000008:	21026898 	.word	0x21026898
1000000c:	60984388 	.word	0x60984388
10000010:	611860d8 	.word	0x611860d8
10000014:	4b2e6158 	.word	0x4b2e6158
10000018:	60992100 	.word	0x60992100
1000001c:	61592102 	.word	0x61592102
10000020:	22f02101 	.word	0x22f02101
10000024:	492b5099 	.word	0x492b5099
10000028:	21016019 	.word	0x21016019
1000002c:	20356099 	.word	0x20356099
10000030:	f844f000 	.word	0xf844f000
10000034:	42902202 	.word	0x42902202
10000038:	2106d014 	.word	0x2106d014
1000003c:	f0006619 	.word	0xf0006619
10000040:	6e19f834 	.word	0x6e19f834
10000044:	66192101 	.word	0x66192101
10000048:	66182000 	.word	0x66182000
1000004c:	f000661a 	.word	0xf000661a
10000050:	6e19f82c 	.word	0x6e19f82c
10000054:	6e196e19 	.word	0x6e196e19
10000058:	f0002005 	.word	0xf0002005
1000005c:	2101f82f 	.word	0x2101f82f
10000060:	d1f94208 	.word	0xd1f94208
10000064:	60992100 	.word	0x60992100
10000068:	6019491b 	.word	0x6019491b
1000006c:	60592100 	.word	0x60592100
10000070:	481b491a 	.word	0x481b491a
10000074:	21016001 	.word	0x21016001
10000078:	21eb6099 	.word	0x21eb6099
1000007c:	21a06619 	.word	0x21a06619
10000080:	f0006619 	.word	0xf0006619
10000084:	2100f812 	.word	0x2100f812
10000088:	49166099 	.word	0x49166099
1000008c:	60014814 	.word	0x60014814
10000090:	60992101 	.word	0x60992101
10000094:	2800bc01 	.word	0x2800bc01
10000098:	4700d000 	.word	0x4700d000
1000009c:	49134812 	.word	0x49134812
100000a0:	c8036008 	.word	0xc8036008
100000a4:	8808f380 	.word	0x8808f380
100000a8:	b5034708 	.word	0xb5034708
100000ac:	20046a99 	.word	0x20046a99
100000b0:	d0fb4201 	.word	0xd0fb4201
100000b4:	42012001 	.word	0x42012001
100000b8:	bd03d1f8 	.word	0xbd03d1f8
100000bc:	6618b502 	.word	0x6618b502
100000c0:	f7ff6618 	.word	0xf7ff6618
100000c4:	6e18fff2 	.word	0x6e18fff2
100000c8:	bd026e18 	.word	0xbd026e18
100000cc:	40020000 	.word	0x40020000
100000d0:	18000000 	.word	0x18000000
100000d4:	00070000 	.word	0x00070000
100000d8:	005f0300 	.word	0x005f0300
100000dc:	00002221 	.word	0x00002221
100000e0:	180000f4 	.word	0x180000f4
100000e4:	a0002022 	.word	0xa0002022
100000e8:	10000100 	.word	0x10000100
100000ec:	e000ed08 	.word	0xe000ed08
	...
100000fc:	7a4eb274 	.word	0x7a4eb274

Disassembly of section .text:

10000100 <__VECTOR_TABLE>:
10000100:	20042000 	.word	0x20042000
10000104:	100001f7 	.word	0x100001f7
10000108:	100001c3 	.word	0x100001c3
1000010c:	100001c5 	.word	0x100001c5
10000110:	100001c1 	.word	0x100001c1
10000114:	100001c1 	.word	0x100001c1
10000118:	100001c1 	.word	0x100001c1
1000011c:	100001c1 	.word	0x100001c1
10000120:	100001c1 	.word	0x100001c1
10000124:	100001c1 	.word	0x100001c1
10000128:	100001c1 	.word	0x100001c1
1000012c:	100001c7 	.word	0x100001c7
10000130:	100001c1 	.word	0x100001c1
10000134:	100001c1 	.word	0x100001c1
10000138:	100001c9 	.word	0x100001c9
1000013c:	100001cb 	.word	0x100001cb
10000140:	100001cd 	.word	0x100001cd
10000144:	100001cd 	.word	0x100001cd
10000148:	100001cd 	.word	0x100001cd
1000014c:	100001cd 	.word	0x100001cd
10000150:	100001cd 	.word	0x100001cd
10000154:	100001cd 	.word	0x100001cd
10000158:	100001cd 	.word	0x100001cd
1000015c:	100001cd 	.word	0x100001cd
10000160:	100001cd 	.word	0x100001cd
10000164:	100001cd 	.word	0x100001cd
10000168:	100001cd 	.word	0x100001cd
1000016c:	100001cd 	.word	0x100001cd
10000170:	100001cd 	.word	0x100001cd
10000174:	100001cd 	.word	0x100001cd
10000178:	100001cd 	.word	0x100001cd
1000017c:	100001cd 	.word	0x100001cd
10000180:	100001cd 	.word	0x100001cd
10000184:	100001cd 	.word	0x100001cd
10000188:	100001cd 	.word	0x100001cd
1000018c:	100001cd 	.word	0x100001cd
10000190:	100001cd 	.word	0x100001cd
10000194:	100001cd 	.word	0x100001cd
10000198:	100001cd 	.word	0x100001cd
1000019c:	100001cd 	.word	0x100001cd
100001a0:	100001cd 	.word	0x100001cd
100001a4:	100001cd 	.word	0x100001cd
100001a8:	100001cd 	.word	0x100001cd
100001ac:	100001cd 	.word	0x100001cd
100001b0:	100001cd 	.word	0x100001cd
100001b4:	100001cd 	.word	0x100001cd
100001b8:	100001cd 	.word	0x100001cd
100001bc:	100001cd 	.word	0x100001cd

100001c0 <isr_invalid>:
100001c0:	be00      	bkpt	0x0000

100001c2 <isr_nmi>:
100001c2:	be00      	bkpt	0x0000

100001c4 <isr_hardfault>:
100001c4:	be00      	bkpt	0x0000

100001c6 <isr_svcall>:
100001c6:	be00      	bkpt	0x0000

100001c8 <isr_pendsv>:
100001c8:	be00      	bkpt	0x0000

100001ca <isr_systick>:
100001ca:	be00      	bkpt	0x0000

100001cc <__unhandled_user_irq>:
100001cc:	f000 f84b 	bl	10000266 <__get_current_exception>
100001d0:	3810      	subs	r0, #16

100001d2 <unhandled_user_irq_num_in_r0>:
100001d2:	be00      	bkpt	0x0000

100001d4 <binary_info_header>:
100001d4:	7188ebf2 	.word	0x7188ebf2
100001d8:	10005304 	.word	0x10005304
100001dc:	10005324 	.word	0x10005324
100001e0:	10000234 	.word	0x10000234
100001e4:	e71aa390 	.word	0xe71aa390

100001e8 <_entry_point>:
100001e8:	2000      	movs	r0, #0
100001ea:	4921      	ldr	r1, [pc, #132]	; (10000270 <__get_current_exception+0xa>)
100001ec:	6008      	str	r0, [r1, #0]
100001ee:	c806      	ldmia	r0!, {r1, r2}
100001f0:	f381 8808 	msr	MSP, r1
100001f4:	4710      	bx	r2

100001f6 <_reset_handler>:
100001f6:	481f      	ldr	r0, [pc, #124]	; (10000274 <__get_current_exception+0xe>)
100001f8:	6800      	ldr	r0, [r0, #0]
100001fa:	2800      	cmp	r0, #0
100001fc:	d12f      	bne.n	1000025e <hold_non_core0_in_bootrom>
100001fe:	a40d      	add	r4, pc, #52	; (adr r4, 10000234 <data_cpy_table>)
10000200:	cc0e      	ldmia	r4!, {r1, r2, r3}
10000202:	2900      	cmp	r1, #0
10000204:	d002      	beq.n	1000020c <_reset_handler+0x16>
10000206:	f000 f812 	bl	1000022e <data_cpy>
1000020a:	e7f9      	b.n	10000200 <_reset_handler+0xa>
1000020c:	491a      	ldr	r1, [pc, #104]	; (10000278 <__get_current_exception+0x12>)
1000020e:	4a1b      	ldr	r2, [pc, #108]	; (1000027c <__get_current_exception+0x16>)
10000210:	2000      	movs	r0, #0
10000212:	e000      	b.n	10000216 <bss_fill_test>

10000214 <bss_fill_loop>:
10000214:	c101      	stmia	r1!, {r0}

10000216 <bss_fill_test>:
10000216:	4291      	cmp	r1, r2
10000218:	d1fc      	bne.n	10000214 <bss_fill_loop>

1000021a <platform_entry>:
1000021a:	4919      	ldr	r1, [pc, #100]	; (10000280 <__get_current_exception+0x1a>)
1000021c:	4788      	blx	r1
1000021e:	4919      	ldr	r1, [pc, #100]	; (10000284 <__get_current_exception+0x1e>)
10000220:	4788      	blx	r1
10000222:	4919      	ldr	r1, [pc, #100]	; (10000288 <__get_current_exception+0x22>)
10000224:	4788      	blx	r1
10000226:	be00      	bkpt	0x0000
10000228:	e7fd      	b.n	10000226 <platform_entry+0xc>

1000022a <data_cpy_loop>:
1000022a:	c901      	ldmia	r1!, {r0}
1000022c:	c201      	stmia	r2!, {r0}

1000022e <data_cpy>:
1000022e:	429a      	cmp	r2, r3
10000230:	d3fb      	bcc.n	1000022a <data_cpy_loop>
10000232:	4770      	bx	lr

10000234 <data_cpy_table>:
10000234:	10005324 	.word	0x10005324
10000238:	200000c0 	.word	0x200000c0
1000023c:	20000470 	.word	0x20000470
10000240:	100056d4 	.word	0x100056d4
10000244:	20040000 	.word	0x20040000
10000248:	20040000 	.word	0x20040000
1000024c:	100056d4 	.word	0x100056d4
10000250:	20041000 	.word	0x20041000
10000254:	20041000 	.word	0x20041000
10000258:	00000000 	.word	0x00000000
1000025c:	4770      	bx	lr

1000025e <hold_non_core0_in_bootrom>:
1000025e:	480b      	ldr	r0, [pc, #44]	; (1000028c <__get_current_exception+0x26>)
10000260:	f001 feba 	bl	10001fd8 <rom_func_lookup>
10000264:	4700      	bx	r0

10000266 <__get_current_exception>:
10000266:	f3ef 8005 	mrs	r0, IPSR
1000026a:	b2c0      	uxtb	r0, r0
1000026c:	4770      	bx	lr
1000026e:	0000      	.short	0x0000
10000270:	e000ed08 	.word	0xe000ed08
10000274:	d0000000 	.word	0xd0000000
10000278:	20000470 	.word	0x20000470
1000027c:	200011f8 	.word	0x200011f8
10000280:	10001a1d 	.word	0x10001a1d
10000284:	1000035d 	.word	0x1000035d
10000288:	10001b11 	.word	0x10001b11
1000028c:	00005657 	.word	0x00005657

10000290 <__bi_50>:
10000290:	50520006 5360b3ab 100050e8              ..RP..`S.P..

1000029c <__bi_38>:
1000029c:	50520006 02031c86 100050f8              ..RP.....P..

100002a8 <__bi_30>:
100002a8:	50520006 9da22254 10005104              ..RPT"...Q..

100002b4 <__bi_22>:
100002b4:	50520005 68f465de 100056d4              ..RP.e.h.V..

100002c0 <_init>:
100002c0:	b5f8      	push	{r3, r4, r5, r6, r7, lr}
100002c2:	46c0      	nop			; (mov r8, r8)

100002c4 <deregister_tm_clones>:
100002c4:	4804      	ldr	r0, [pc, #16]	; (100002d8 <deregister_tm_clones+0x14>)
100002c6:	4b05      	ldr	r3, [pc, #20]	; (100002dc <deregister_tm_clones+0x18>)
100002c8:	b510      	push	{r4, lr}
100002ca:	4283      	cmp	r3, r0
100002cc:	d003      	beq.n	100002d6 <deregister_tm_clones+0x12>
100002ce:	4b04      	ldr	r3, [pc, #16]	; (100002e0 <deregister_tm_clones+0x1c>)
100002d0:	2b00      	cmp	r3, #0
100002d2:	d000      	beq.n	100002d6 <deregister_tm_clones+0x12>
100002d4:	4798      	blx	r3
100002d6:	bd10      	pop	{r4, pc}
100002d8:	20000470 	.word	0x20000470
100002dc:	20000470 	.word	0x20000470
100002e0:	00000000 	.word	0x00000000

100002e4 <register_tm_clones>:
100002e4:	4806      	ldr	r0, [pc, #24]	; (10000300 <register_tm_clones+0x1c>)
100002e6:	4907      	ldr	r1, [pc, #28]	; (10000304 <register_tm_clones+0x20>)
100002e8:	1a09      	subs	r1, r1, r0
100002ea:	1089      	asrs	r1, r1, #2
100002ec:	0fcb      	lsrs	r3, r1, #31
100002ee:	1859      	adds	r1, r3, r1
100002f0:	b510      	push	{r4, lr}
100002f2:	1049      	asrs	r1, r1, #1
100002f4:	d003      	beq.n	100002fe <register_tm_clones+0x1a>
100002f6:	4b04      	ldr	r3, [pc, #16]	; (10000308 <register_tm_clones+0x24>)
100002f8:	2b00      	cmp	r3, #0
100002fa:	d000      	beq.n	100002fe <register_tm_clones+0x1a>
100002fc:	4798      	blx	r3
100002fe:	bd10      	pop	{r4, pc}
10000300:	20000470 	.word	0x20000470
10000304:	20000470 	.word	0x20000470
10000308:	00000000 	.word	0x00000000

1000030c <__do_global_dtors_aux>:
1000030c:	b510      	push	{r4, lr}
1000030e:	4c07      	ldr	r4, [pc, #28]	; (1000032c <__do_global_dtors_aux+0x20>)
10000310:	7823      	ldrb	r3, [r4, #0]
10000312:	2b00      	cmp	r3, #0
10000314:	d109      	bne.n	1000032a <__do_global_dtors_aux+0x1e>
10000316:	f7ff ffd5 	bl	100002c4 <deregister_tm_clones>
1000031a:	4b05      	ldr	r3, [pc, #20]	; (10000330 <__do_global_dtors_aux+0x24>)
1000031c:	2b00      	cmp	r3, #0
1000031e:	d002      	beq.n	10000326 <__do_global_dtors_aux+0x1a>
10000320:	4804      	ldr	r0, [pc, #16]	; (10000334 <__do_global_dtors_aux+0x28>)
10000322:	e000      	b.n	10000326 <__do_global_dtors_aux+0x1a>
10000324:	bf00      	nop
10000326:	2301      	movs	r3, #1
10000328:	7023      	strb	r3, [r4, #0]
1000032a:	bd10      	pop	{r4, pc}
1000032c:	20000578 	.word	0x20000578
10000330:	00000000 	.word	0x00000000
10000334:	10005030 	.word	0x10005030

10000338 <frame_dummy>:
10000338:	4b05      	ldr	r3, [pc, #20]	; (10000350 <frame_dummy+0x18>)
1000033a:	b510      	push	{r4, lr}
1000033c:	2b00      	cmp	r3, #0
1000033e:	d003      	beq.n	10000348 <frame_dummy+0x10>
10000340:	4904      	ldr	r1, [pc, #16]	; (10000354 <frame_dummy+0x1c>)
10000342:	4805      	ldr	r0, [pc, #20]	; (10000358 <frame_dummy+0x20>)
10000344:	e000      	b.n	10000348 <frame_dummy+0x10>
10000346:	bf00      	nop
10000348:	f7ff ffcc 	bl	100002e4 <register_tm_clones>
1000034c:	bd10      	pop	{r4, pc}
1000034e:	46c0      	nop			; (mov r8, r8)
10000350:	00000000 	.word	0x00000000
10000354:	2000057c 	.word	0x2000057c
10000358:	10005030 	.word	0x10005030

1000035c <main>:
1000035c:	b510      	push	{r4, lr}
1000035e:	f002 f8dd 	bl	1000251c <stdio_init_all>
10000362:	24d0      	movs	r4, #208	; 0xd0
10000364:	2000      	movs	r0, #0
10000366:	f000 f843 	bl	100003f0 <gpio_init>
1000036a:	2301      	movs	r3, #1
1000036c:	0624      	lsls	r4, r4, #24
1000036e:	6263      	str	r3, [r4, #36]	; 0x24
10000370:	2001      	movs	r0, #1
10000372:	f000 f83d 	bl	100003f0 <gpio_init>
10000376:	2302      	movs	r3, #2
10000378:	2200      	movs	r2, #0
1000037a:	62a3      	str	r3, [r4, #40]	; 0x28
1000037c:	2101      	movs	r1, #1
1000037e:	2001      	movs	r0, #1
10000380:	f000 f81e 	bl	100003c0 <gpio_set_pulls>
10000384:	2002      	movs	r0, #2
10000386:	f000 f833 	bl	100003f0 <gpio_init>
1000038a:	2304      	movs	r3, #4
1000038c:	2101      	movs	r1, #1
1000038e:	62a3      	str	r3, [r4, #40]	; 0x28
10000390:	2002      	movs	r0, #2
10000392:	2200      	movs	r2, #0
10000394:	f000 f814 	bl	100003c0 <gpio_set_pulls>
10000398:	0023      	movs	r3, r4
1000039a:	2004      	movs	r0, #4
1000039c:	2402      	movs	r4, #2
1000039e:	2101      	movs	r1, #1
100003a0:	685a      	ldr	r2, [r3, #4]
100003a2:	4214      	tst	r4, r2
100003a4:	d107      	bne.n	100003b6 <main+0x5a>
100003a6:	6159      	str	r1, [r3, #20]
100003a8:	685a      	ldr	r2, [r3, #4]
100003aa:	4210      	tst	r0, r2
100003ac:	d1f8      	bne.n	100003a0 <main+0x44>
100003ae:	6199      	str	r1, [r3, #24]
100003b0:	685a      	ldr	r2, [r3, #4]
100003b2:	4214      	tst	r4, r2
100003b4:	d0f7      	beq.n	100003a6 <main+0x4a>
100003b6:	685a      	ldr	r2, [r3, #4]
100003b8:	4210      	tst	r0, r2
100003ba:	d1f1      	bne.n	100003a0 <main+0x44>
100003bc:	6199      	str	r1, [r3, #24]
100003be:	e7f7      	b.n	100003b0 <main+0x54>

100003c0 <gpio_set_pulls>:
100003c0:	4b0a      	ldr	r3, [pc, #40]	; (100003ec <gpio_set_pulls+0x2c>)
100003c2:	0080      	lsls	r0, r0, #2
100003c4:	469c      	mov	ip, r3
100003c6:	2304      	movs	r3, #4
100003c8:	4460      	add	r0, ip
100003ca:	2900      	cmp	r1, #0
100003cc:	d001      	beq.n	100003d2 <gpio_set_pulls+0x12>
100003ce:	230c      	movs	r3, #12
100003d0:	2108      	movs	r1, #8
100003d2:	2a00      	cmp	r2, #0
100003d4:	d100      	bne.n	100003d8 <gpio_set_pulls+0x18>
100003d6:	000b      	movs	r3, r1
100003d8:	6802      	ldr	r2, [r0, #0]
100003da:	4053      	eors	r3, r2
100003dc:	220c      	movs	r2, #12
100003de:	401a      	ands	r2, r3
100003e0:	2380      	movs	r3, #128	; 0x80
100003e2:	015b      	lsls	r3, r3, #5
100003e4:	4318      	orrs	r0, r3
100003e6:	6002      	str	r2, [r0, #0]
100003e8:	4770      	bx	lr
100003ea:	46c0      	nop			; (mov r8, r8)
100003ec:	4001c004 	.word	0x4001c004

100003f0 <gpio_init>:
100003f0:	2301      	movs	r3, #1
100003f2:	22d0      	movs	r2, #208	; 0xd0
100003f4:	4083      	lsls	r3, r0
100003f6:	0612      	lsls	r2, r2, #24
100003f8:	6293      	str	r3, [r2, #40]	; 0x28
100003fa:	6193      	str	r3, [r2, #24]
100003fc:	4a09      	ldr	r2, [pc, #36]	; (10000424 <gpio_init+0x34>)
100003fe:	0083      	lsls	r3, r0, #2
10000400:	4694      	mov	ip, r2
10000402:	2240      	movs	r2, #64	; 0x40
10000404:	4463      	add	r3, ip
10000406:	6819      	ldr	r1, [r3, #0]
10000408:	00c0      	lsls	r0, r0, #3
1000040a:	404a      	eors	r2, r1
1000040c:	21c0      	movs	r1, #192	; 0xc0
1000040e:	4011      	ands	r1, r2
10000410:	2280      	movs	r2, #128	; 0x80
10000412:	0152      	lsls	r2, r2, #5
10000414:	4313      	orrs	r3, r2
10000416:	6019      	str	r1, [r3, #0]
10000418:	4b03      	ldr	r3, [pc, #12]	; (10000428 <gpio_init+0x38>)
1000041a:	469c      	mov	ip, r3
1000041c:	2305      	movs	r3, #5
1000041e:	4460      	add	r0, ip
10000420:	6043      	str	r3, [r0, #4]
10000422:	4770      	bx	lr
10000424:	4001c004 	.word	0x4001c004
10000428:	40014000 	.word	0x40014000

1000042c <hw_claim_or_assert>:
1000042c:	b5f8      	push	{r3, r4, r5, r6, r7, lr}
1000042e:	f3ef 8710 	mrs	r7, PRIMASK
10000432:	b672      	cpsid	i
10000434:	4e0d      	ldr	r6, [pc, #52]	; (1000046c <hw_claim_or_assert+0x40>)
10000436:	6833      	ldr	r3, [r6, #0]
10000438:	2b00      	cmp	r3, #0
1000043a:	d0fc      	beq.n	10000436 <hw_claim_or_assert+0xa>
1000043c:	f3bf 8f5f 	dmb	sy
10000440:	2507      	movs	r5, #7
10000442:	08cb      	lsrs	r3, r1, #3
10000444:	18c0      	adds	r0, r0, r3
10000446:	2301      	movs	r3, #1
10000448:	400d      	ands	r5, r1
1000044a:	40ab      	lsls	r3, r5
1000044c:	001d      	movs	r5, r3
1000044e:	7804      	ldrb	r4, [r0, #0]
10000450:	4025      	ands	r5, r4
10000452:	d107      	bne.n	10000464 <hw_claim_or_assert+0x38>
10000454:	4323      	orrs	r3, r4
10000456:	7003      	strb	r3, [r0, #0]
10000458:	f3bf 8f5f 	dmb	sy
1000045c:	6035      	str	r5, [r6, #0]
1000045e:	f387 8810 	msr	PRIMASK, r7
10000462:	bdf8      	pop	{r3, r4, r5, r6, r7, pc}
10000464:	0010      	movs	r0, r2
10000466:	f001 fb55 	bl	10001b14 <panic>
1000046a:	46c0      	nop			; (mov r8, r8)
1000046c:	d000012c 	.word	0xd000012c

10000470 <hw_claim_unused_from_range>:
10000470:	b5f8      	push	{r3, r4, r5, r6, r7, lr}
10000472:	46ce      	mov	lr, r9
10000474:	4647      	mov	r7, r8
10000476:	468c      	mov	ip, r1
10000478:	b580      	push	{r7, lr}
1000047a:	f3ef 8810 	mrs	r8, PRIMASK
1000047e:	b672      	cpsid	i
10000480:	4d21      	ldr	r5, [pc, #132]	; (10000508 <hw_claim_unused_from_range+0x98>)
10000482:	682c      	ldr	r4, [r5, #0]
10000484:	2c00      	cmp	r4, #0
10000486:	d0fc      	beq.n	10000482 <hw_claim_unused_from_range+0x12>
10000488:	f3bf 8f5f 	dmb	sy
1000048c:	429a      	cmp	r2, r3
1000048e:	d82c      	bhi.n	100004ea <hw_claim_unused_from_range+0x7a>
10000490:	2107      	movs	r1, #7
10000492:	2501      	movs	r5, #1
10000494:	4011      	ands	r1, r2
10000496:	408d      	lsls	r5, r1
10000498:	08d4      	lsrs	r4, r2, #3
1000049a:	1904      	adds	r4, r0, r4
1000049c:	7826      	ldrb	r6, [r4, #0]
1000049e:	4235      	tst	r5, r6
100004a0:	d01f      	beq.n	100004e2 <hw_claim_unused_from_range+0x72>
100004a2:	2107      	movs	r1, #7
100004a4:	4689      	mov	r9, r1
100004a6:	3906      	subs	r1, #6
100004a8:	e009      	b.n	100004be <hw_claim_unused_from_range+0x4e>
100004aa:	464d      	mov	r5, r9
100004ac:	000f      	movs	r7, r1
100004ae:	4015      	ands	r5, r2
100004b0:	40af      	lsls	r7, r5
100004b2:	08d4      	lsrs	r4, r2, #3
100004b4:	1904      	adds	r4, r0, r4
100004b6:	7826      	ldrb	r6, [r4, #0]
100004b8:	003d      	movs	r5, r7
100004ba:	4237      	tst	r7, r6
100004bc:	d011      	beq.n	100004e2 <hw_claim_unused_from_range+0x72>
100004be:	3201      	adds	r2, #1
100004c0:	4293      	cmp	r3, r2
100004c2:	d2f2      	bcs.n	100004aa <hw_claim_unused_from_range+0x3a>
100004c4:	2001      	movs	r0, #1
100004c6:	4240      	negs	r0, r0
100004c8:	f3bf 8f5f 	dmb	sy
100004cc:	2200      	movs	r2, #0
100004ce:	4b0e      	ldr	r3, [pc, #56]	; (10000508 <hw_claim_unused_from_range+0x98>)
100004d0:	601a      	str	r2, [r3, #0]
100004d2:	f388 8810 	msr	PRIMASK, r8
100004d6:	2800      	cmp	r0, #0
100004d8:	db0f      	blt.n	100004fa <hw_claim_unused_from_range+0x8a>
100004da:	bc0c      	pop	{r2, r3}
100004dc:	4690      	mov	r8, r2
100004de:	4699      	mov	r9, r3
100004e0:	bdf8      	pop	{r3, r4, r5, r6, r7, pc}
100004e2:	4335      	orrs	r5, r6
100004e4:	7025      	strb	r5, [r4, #0]
100004e6:	0010      	movs	r0, r2
100004e8:	e7ee      	b.n	100004c8 <hw_claim_unused_from_range+0x58>
100004ea:	f3bf 8f5f 	dmb	sy
100004ee:	2300      	movs	r3, #0
100004f0:	602b      	str	r3, [r5, #0]
100004f2:	f388 8810 	msr	PRIMASK, r8
100004f6:	2001      	movs	r0, #1
100004f8:	4240      	negs	r0, r0
100004fa:	4663      	mov	r3, ip
100004fc:	2b00      	cmp	r3, #0
100004fe:	d0ec      	beq.n	100004da <hw_claim_unused_from_range+0x6a>
10000500:	9808      	ldr	r0, [sp, #32]
10000502:	f001 fb07 	bl	10001b14 <panic>
10000506:	46c0      	nop			; (mov r8, r8)
10000508:	d000012c 	.word	0xd000012c

1000050c <running_on_fpga>:
1000050c:	4b02      	ldr	r3, [pc, #8]	; (10000518 <running_on_fpga+0xc>)
1000050e:	6818      	ldr	r0, [r3, #0]
10000510:	0780      	lsls	r0, r0, #30
10000512:	0fc0      	lsrs	r0, r0, #31
10000514:	4770      	bx	lr
10000516:	46c0      	nop			; (mov r8, r8)
10000518:	4006c000 	.word	0x4006c000

1000051c <spin_locks_reset>:
1000051c:	2100      	movs	r1, #0
1000051e:	4b04      	ldr	r3, [pc, #16]	; (10000530 <spin_locks_reset+0x14>)
10000520:	4a04      	ldr	r2, [pc, #16]	; (10000534 <spin_locks_reset+0x18>)
10000522:	f3bf 8f5f 	dmb	sy
10000526:	c302      	stmia	r3!, {r1}
10000528:	4293      	cmp	r3, r2
1000052a:	d1fa      	bne.n	10000522 <spin_locks_reset+0x6>
1000052c:	4770      	bx	lr
1000052e:	46c0      	nop			; (mov r8, r8)
10000530:	d0000100 	.word	0xd0000100
10000534:	d0000180 	.word	0xd0000180

10000538 <next_striped_spin_lock_num>:
10000538:	4a04      	ldr	r2, [pc, #16]	; (1000054c <next_striped_spin_lock_num+0x14>)
1000053a:	7810      	ldrb	r0, [r2, #0]
1000053c:	1c43      	adds	r3, r0, #1
1000053e:	b2db      	uxtb	r3, r3
10000540:	2b17      	cmp	r3, #23
10000542:	d900      	bls.n	10000546 <next_striped_spin_lock_num+0xe>
10000544:	2310      	movs	r3, #16
10000546:	7013      	strb	r3, [r2, #0]
10000548:	4770      	bx	lr
1000054a:	46c0      	nop			; (mov r8, r8)
1000054c:	20000370 	.word	0x20000370

10000550 <spin_lock_claim_unused>:
10000550:	b500      	push	{lr}
10000552:	4b05      	ldr	r3, [pc, #20]	; (10000568 <spin_lock_claim_unused+0x18>)
10000554:	b083      	sub	sp, #12
10000556:	0001      	movs	r1, r0
10000558:	9300      	str	r3, [sp, #0]
1000055a:	2218      	movs	r2, #24
1000055c:	231f      	movs	r3, #31
1000055e:	4803      	ldr	r0, [pc, #12]	; (1000056c <spin_lock_claim_unused+0x1c>)
10000560:	f7ff ff86 	bl	10000470 <hw_claim_unused_from_range>
10000564:	b003      	add	sp, #12
10000566:	bd00      	pop	{pc}
10000568:	10005030 	.word	0x10005030
1000056c:	20000a38 	.word	0x20000a38

10000570 <irq_set_enabled>:
10000570:	2301      	movs	r3, #1
10000572:	4083      	lsls	r3, r0
10000574:	2900      	cmp	r1, #0
10000576:	d004      	beq.n	10000582 <irq_set_enabled+0x12>
10000578:	4a03      	ldr	r2, [pc, #12]	; (10000588 <irq_set_enabled+0x18>)
1000057a:	6013      	str	r3, [r2, #0]
1000057c:	4a03      	ldr	r2, [pc, #12]	; (1000058c <irq_set_enabled+0x1c>)
1000057e:	6013      	str	r3, [r2, #0]
10000580:	4770      	bx	lr
10000582:	4a03      	ldr	r2, [pc, #12]	; (10000590 <irq_set_enabled+0x20>)
10000584:	6013      	str	r3, [r2, #0]
10000586:	e7fb      	b.n	10000580 <irq_set_enabled+0x10>
10000588:	e000e280 	.word	0xe000e280
1000058c:	e000e100 	.word	0xe000e100
10000590:	e000e180 	.word	0xe000e180

10000594 <irq_set_pending>:
10000594:	2301      	movs	r3, #1
10000596:	4083      	lsls	r3, r0
10000598:	4a01      	ldr	r2, [pc, #4]	; (100005a0 <irq_set_pending+0xc>)
1000059a:	6013      	str	r3, [r2, #0]
1000059c:	4770      	bx	lr
1000059e:	46c0      	nop			; (mov r8, r8)
100005a0:	e000e200 	.word	0xe000e200

100005a4 <irq_has_shared_handler>:
100005a4:	4b08      	ldr	r3, [pc, #32]	; (100005c8 <irq_has_shared_handler+0x24>)
100005a6:	3010      	adds	r0, #16
100005a8:	689b      	ldr	r3, [r3, #8]
100005aa:	0080      	lsls	r0, r0, #2
100005ac:	58c3      	ldr	r3, [r0, r3]
100005ae:	2b00      	cmp	r3, #0
100005b0:	d007      	beq.n	100005c2 <irq_has_shared_handler+0x1e>
100005b2:	4a06      	ldr	r2, [pc, #24]	; (100005cc <irq_has_shared_handler+0x28>)
100005b4:	2000      	movs	r0, #0
100005b6:	1a9b      	subs	r3, r3, r2
100005b8:	222f      	movs	r2, #47	; 0x2f
100005ba:	429a      	cmp	r2, r3
100005bc:	4140      	adcs	r0, r0
100005be:	b2c0      	uxtb	r0, r0
100005c0:	4770      	bx	lr
100005c2:	2000      	movs	r0, #0
100005c4:	e7fc      	b.n	100005c0 <irq_has_shared_handler+0x1c>
100005c6:	46c0      	nop			; (mov r8, r8)
100005c8:	e000ed00 	.word	0xe000ed00
100005cc:	20000374 	.word	0x20000374

100005d0 <irq_get_vtable_handler>:
100005d0:	4b02      	ldr	r3, [pc, #8]	; (100005dc <irq_get_vtable_handler+0xc>)
100005d2:	3010      	adds	r0, #16
100005d4:	689b      	ldr	r3, [r3, #8]
100005d6:	0080      	lsls	r0, r0, #2
100005d8:	58c0      	ldr	r0, [r0, r3]
100005da:	4770      	bx	lr
100005dc:	e000ed00 	.word	0xe000ed00

100005e0 <irq_set_exclusive_handler>:
100005e0:	b570      	push	{r4, r5, r6, lr}
100005e2:	000d      	movs	r5, r1
100005e4:	f3ef 8610 	mrs	r6, PRIMASK
100005e8:	b672      	cpsid	i
100005ea:	4a0f      	ldr	r2, [pc, #60]	; (10000628 <irq_set_exclusive_handler+0x48>)
100005ec:	6813      	ldr	r3, [r2, #0]
100005ee:	2b00      	cmp	r3, #0
100005f0:	d0fc      	beq.n	100005ec <irq_set_exclusive_handler+0xc>
100005f2:	f3bf 8f5f 	dmb	sy
100005f6:	4b0d      	ldr	r3, [pc, #52]	; (1000062c <irq_set_exclusive_handler+0x4c>)
100005f8:	3010      	adds	r0, #16
100005fa:	689b      	ldr	r3, [r3, #8]
100005fc:	0084      	lsls	r4, r0, #2
100005fe:	591b      	ldr	r3, [r3, r4]
10000600:	4a0b      	ldr	r2, [pc, #44]	; (10000630 <irq_set_exclusive_handler+0x50>)
10000602:	4293      	cmp	r3, r2
10000604:	d003      	beq.n	1000060e <irq_set_exclusive_handler+0x2e>
10000606:	429d      	cmp	r5, r3
10000608:	d001      	beq.n	1000060e <irq_set_exclusive_handler+0x2e>
1000060a:	f001 fa9b 	bl	10001b44 <hard_assertion_failure>
1000060e:	4b07      	ldr	r3, [pc, #28]	; (1000062c <irq_set_exclusive_handler+0x4c>)
10000610:	689b      	ldr	r3, [r3, #8]
10000612:	511d      	str	r5, [r3, r4]
10000614:	f3bf 8f5f 	dmb	sy
10000618:	f3bf 8f5f 	dmb	sy
1000061c:	2200      	movs	r2, #0
1000061e:	4b02      	ldr	r3, [pc, #8]	; (10000628 <irq_set_exclusive_handler+0x48>)
10000620:	601a      	str	r2, [r3, #0]
10000622:	f386 8810 	msr	PRIMASK, r6
10000626:	bd70      	pop	{r4, r5, r6, pc}
10000628:	d0000124 	.word	0xd0000124
1000062c:	e000ed00 	.word	0xe000ed00
10000630:	100001cd 	.word	0x100001cd

10000634 <irq_add_shared_handler>:
10000634:	b5f8      	push	{r3, r4, r5, r6, r7, lr}
10000636:	4657      	mov	r7, sl
10000638:	4645      	mov	r5, r8
1000063a:	46de      	mov	lr, fp
1000063c:	464e      	mov	r6, r9
1000063e:	468a      	mov	sl, r1
10000640:	b5e0      	push	{r5, r6, r7, lr}
10000642:	4690      	mov	r8, r2
10000644:	0007      	movs	r7, r0
10000646:	f3ef 8910 	mrs	r9, PRIMASK
1000064a:	b672      	cpsid	i
1000064c:	4a60      	ldr	r2, [pc, #384]	; (100007d0 <irq_add_shared_handler+0x19c>)
1000064e:	6813      	ldr	r3, [r2, #0]
10000650:	2b00      	cmp	r3, #0
10000652:	d0fc      	beq.n	1000064e <irq_add_shared_handler+0x1a>
10000654:	f3bf 8f5f 	dmb	sy
10000658:	2000      	movs	r0, #0
1000065a:	4b5e      	ldr	r3, [pc, #376]	; (100007d4 <irq_add_shared_handler+0x1a0>)
1000065c:	5618      	ldrsb	r0, [r3, r0]
1000065e:	469b      	mov	fp, r3
10000660:	2800      	cmp	r0, #0
10000662:	da00      	bge.n	10000666 <irq_add_shared_handler+0x32>
10000664:	e0a2      	b.n	100007ac <irq_add_shared_handler+0x178>
10000666:	465a      	mov	r2, fp
10000668:	0044      	lsls	r4, r0, #1
1000066a:	4d5b      	ldr	r5, [pc, #364]	; (100007d8 <irq_add_shared_handler+0x1a4>)
1000066c:	1824      	adds	r4, r4, r0
1000066e:	00a4      	lsls	r4, r4, #2
10000670:	192e      	adds	r6, r5, r4
10000672:	79b3      	ldrb	r3, [r6, #6]
10000674:	3710      	adds	r7, #16
10000676:	7013      	strb	r3, [r2, #0]
10000678:	4b58      	ldr	r3, [pc, #352]	; (100007dc <irq_add_shared_handler+0x1a8>)
1000067a:	00ba      	lsls	r2, r7, #2
1000067c:	689b      	ldr	r3, [r3, #8]
1000067e:	4693      	mov	fp, r2
10000680:	5899      	ldr	r1, [r3, r2]
10000682:	1b4b      	subs	r3, r1, r5
10000684:	2b2f      	cmp	r3, #47	; 0x2f
10000686:	d841      	bhi.n	1000070c <irq_add_shared_handler+0xd8>
10000688:	2301      	movs	r3, #1
1000068a:	000a      	movs	r2, r1
1000068c:	439a      	bics	r2, r3
1000068e:	79d3      	ldrb	r3, [r2, #7]
10000690:	4694      	mov	ip, r2
10000692:	4543      	cmp	r3, r8
10000694:	d914      	bls.n	100006c0 <irq_add_shared_handler+0x8c>
10000696:	2706      	movs	r7, #6
10000698:	57d7      	ldrsb	r7, [r2, r7]
1000069a:	0013      	movs	r3, r2
1000069c:	2f00      	cmp	r7, #0
1000069e:	da06      	bge.n	100006ae <irq_add_shared_handler+0x7a>
100006a0:	e08d      	b.n	100007be <irq_add_shared_handler+0x18a>
100006a2:	2706      	movs	r7, #6
100006a4:	57df      	ldrsb	r7, [r3, r7]
100006a6:	001a      	movs	r2, r3
100006a8:	2f00      	cmp	r7, #0
100006aa:	da00      	bge.n	100006ae <irq_add_shared_handler+0x7a>
100006ac:	e087      	b.n	100007be <irq_add_shared_handler+0x18a>
100006ae:	007b      	lsls	r3, r7, #1
100006b0:	19db      	adds	r3, r3, r7
100006b2:	009b      	lsls	r3, r3, #2
100006b4:	18eb      	adds	r3, r5, r3
100006b6:	79df      	ldrb	r7, [r3, #7]
100006b8:	4547      	cmp	r7, r8
100006ba:	d8f2      	bhi.n	100006a2 <irq_add_shared_handler+0x6e>
100006bc:	2a00      	cmp	r2, #0
100006be:	d151      	bne.n	10000764 <irq_add_shared_handler+0x130>
100006c0:	4a47      	ldr	r2, [pc, #284]	; (100007e0 <irq_add_shared_handler+0x1ac>)
100006c2:	4663      	mov	r3, ip
100006c4:	1b5b      	subs	r3, r3, r5
100006c6:	415b      	adcs	r3, r3
100006c8:	435a      	muls	r2, r3
100006ca:	0d12      	lsrs	r2, r2, #20
100006cc:	4b45      	ldr	r3, [pc, #276]	; (100007e4 <irq_add_shared_handler+0x1b0>)
100006ce:	1ca1      	adds	r1, r4, #2
100006d0:	8033      	strh	r3, [r6, #0]
100006d2:	4b45      	ldr	r3, [pc, #276]	; (100007e8 <irq_add_shared_handler+0x1b4>)
100006d4:	1869      	adds	r1, r5, r1
100006d6:	3b04      	subs	r3, #4
100006d8:	1a5b      	subs	r3, r3, r1
100006da:	051b      	lsls	r3, r3, #20
100006dc:	4943      	ldr	r1, [pc, #268]	; (100007ec <irq_add_shared_handler+0x1b8>)
100006de:	0d5b      	lsrs	r3, r3, #21
100006e0:	430b      	orrs	r3, r1
100006e2:	8073      	strh	r3, [r6, #2]
100006e4:	4663      	mov	r3, ip
100006e6:	3404      	adds	r4, #4
100006e8:	3b04      	subs	r3, #4
100006ea:	192d      	adds	r5, r5, r4
100006ec:	1b5d      	subs	r5, r3, r5
100006ee:	4643      	mov	r3, r8
100006f0:	052d      	lsls	r5, r5, #20
100006f2:	71f3      	strb	r3, [r6, #7]
100006f4:	0d6d      	lsrs	r5, r5, #21
100006f6:	4653      	mov	r3, sl
100006f8:	4329      	orrs	r1, r5
100006fa:	80b1      	strh	r1, [r6, #4]
100006fc:	71b2      	strb	r2, [r6, #6]
100006fe:	2101      	movs	r1, #1
10000700:	4662      	mov	r2, ip
10000702:	60b3      	str	r3, [r6, #8]
10000704:	4b3a      	ldr	r3, [pc, #232]	; (100007f0 <irq_add_shared_handler+0x1bc>)
10000706:	4331      	orrs	r1, r6
10000708:	6013      	str	r3, [r2, #0]
1000070a:	e018      	b.n	1000073e <irq_add_shared_handler+0x10a>
1000070c:	4b39      	ldr	r3, [pc, #228]	; (100007f4 <irq_add_shared_handler+0x1c0>)
1000070e:	4299      	cmp	r1, r3
10000710:	d152      	bne.n	100007b8 <irq_add_shared_handler+0x184>
10000712:	4b34      	ldr	r3, [pc, #208]	; (100007e4 <irq_add_shared_handler+0x1b0>)
10000714:	3402      	adds	r4, #2
10000716:	8033      	strh	r3, [r6, #0]
10000718:	4b33      	ldr	r3, [pc, #204]	; (100007e8 <irq_add_shared_handler+0x1b4>)
1000071a:	192d      	adds	r5, r5, r4
1000071c:	3b04      	subs	r3, #4
1000071e:	1b5d      	subs	r5, r3, r5
10000720:	052d      	lsls	r5, r5, #20
10000722:	4b32      	ldr	r3, [pc, #200]	; (100007ec <irq_add_shared_handler+0x1b8>)
10000724:	0d6d      	lsrs	r5, r5, #21
10000726:	431d      	orrs	r5, r3
10000728:	4b33      	ldr	r3, [pc, #204]	; (100007f8 <irq_add_shared_handler+0x1c4>)
1000072a:	2101      	movs	r1, #1
1000072c:	80b3      	strh	r3, [r6, #4]
1000072e:	23ff      	movs	r3, #255	; 0xff
10000730:	71b3      	strb	r3, [r6, #6]
10000732:	4643      	mov	r3, r8
10000734:	71f3      	strb	r3, [r6, #7]
10000736:	4653      	mov	r3, sl
10000738:	8075      	strh	r5, [r6, #2]
1000073a:	60b3      	str	r3, [r6, #8]
1000073c:	4331      	orrs	r1, r6
1000073e:	465a      	mov	r2, fp
10000740:	4b26      	ldr	r3, [pc, #152]	; (100007dc <irq_add_shared_handler+0x1a8>)
10000742:	689b      	ldr	r3, [r3, #8]
10000744:	5099      	str	r1, [r3, r2]
10000746:	f3bf 8f5f 	dmb	sy
1000074a:	f3bf 8f5f 	dmb	sy
1000074e:	2200      	movs	r2, #0
10000750:	4b1f      	ldr	r3, [pc, #124]	; (100007d0 <irq_add_shared_handler+0x19c>)
10000752:	601a      	str	r2, [r3, #0]
10000754:	f389 8810 	msr	PRIMASK, r9
10000758:	bc3c      	pop	{r2, r3, r4, r5}
1000075a:	4690      	mov	r8, r2
1000075c:	4699      	mov	r9, r3
1000075e:	46a2      	mov	sl, r4
10000760:	46ab      	mov	fp, r5
10000762:	bdf8      	pop	{r3, r4, r5, r6, r7, pc}
10000764:	2706      	movs	r7, #6
10000766:	57d7      	ldrsb	r7, [r2, r7]
10000768:	1d13      	adds	r3, r2, #4
1000076a:	469c      	mov	ip, r3
1000076c:	2f00      	cmp	r7, #0
1000076e:	db2c      	blt.n	100007ca <irq_add_shared_handler+0x196>
10000770:	3404      	adds	r4, #4
10000772:	192d      	adds	r5, r5, r4
10000774:	24e0      	movs	r4, #224	; 0xe0
10000776:	8893      	ldrh	r3, [r2, #4]
10000778:	0224      	lsls	r4, r4, #8
1000077a:	055b      	lsls	r3, r3, #21
1000077c:	151b      	asrs	r3, r3, #20
1000077e:	4463      	add	r3, ip
10000780:	1b5b      	subs	r3, r3, r5
10000782:	051b      	lsls	r3, r3, #20
10000784:	0d5b      	lsrs	r3, r3, #21
10000786:	4323      	orrs	r3, r4
10000788:	4665      	mov	r5, ip
1000078a:	1f34      	subs	r4, r6, #4
1000078c:	1b64      	subs	r4, r4, r5
1000078e:	0524      	lsls	r4, r4, #20
10000790:	4d16      	ldr	r5, [pc, #88]	; (100007ec <irq_add_shared_handler+0x1b8>)
10000792:	0d64      	lsrs	r4, r4, #21
10000794:	432c      	orrs	r4, r5
10000796:	8094      	strh	r4, [r2, #4]
10000798:	7190      	strb	r0, [r2, #6]
1000079a:	80b3      	strh	r3, [r6, #4]
1000079c:	4643      	mov	r3, r8
1000079e:	71f3      	strb	r3, [r6, #7]
100007a0:	4653      	mov	r3, sl
100007a2:	4a13      	ldr	r2, [pc, #76]	; (100007f0 <irq_add_shared_handler+0x1bc>)
100007a4:	71b7      	strb	r7, [r6, #6]
100007a6:	6032      	str	r2, [r6, #0]
100007a8:	60b3      	str	r3, [r6, #8]
100007aa:	e7c8      	b.n	1000073e <irq_add_shared_handler+0x10a>
100007ac:	f001 f9ca 	bl	10001b44 <hard_assertion_failure>
100007b0:	465b      	mov	r3, fp
100007b2:	2000      	movs	r0, #0
100007b4:	5618      	ldrsb	r0, [r3, r0]
100007b6:	e756      	b.n	10000666 <irq_add_shared_handler+0x32>
100007b8:	f001 f9c4 	bl	10001b44 <hard_assertion_failure>
100007bc:	e7a9      	b.n	10000712 <irq_add_shared_handler+0xde>
100007be:	1d1a      	adds	r2, r3, #4
100007c0:	4694      	mov	ip, r2
100007c2:	001a      	movs	r2, r3
100007c4:	23bd      	movs	r3, #189	; 0xbd
100007c6:	021b      	lsls	r3, r3, #8
100007c8:	e7de      	b.n	10000788 <irq_add_shared_handler+0x154>
100007ca:	23bd      	movs	r3, #189	; 0xbd
100007cc:	021b      	lsls	r3, r3, #8
100007ce:	e7db      	b.n	10000788 <irq_add_shared_handler+0x154>
100007d0:	d0000124 	.word	0xd0000124
100007d4:	20000f32 	.word	0x20000f32
100007d8:	20000374 	.word	0x20000374
100007dc:	e000ed00 	.word	0xe000ed00
100007e0:	0000aaaa 	.word	0x0000aaaa
100007e4:	ffffa100 	.word	0xffffa100
100007e8:	200003a4 	.word	0x200003a4
100007ec:	ffffe000 	.word	0xffffe000
100007f0:	47804801 	.word	0x47804801
100007f4:	100001cd 	.word	0x100001cd
100007f8:	ffffbd00 	.word	0xffffbd00

100007fc <irq_remove_handler>:
100007fc:	b5f0      	push	{r4, r5, r6, r7, lr}
100007fe:	4645      	mov	r5, r8
10000800:	46de      	mov	lr, fp
10000802:	4657      	mov	r7, sl
10000804:	464e      	mov	r6, r9
10000806:	b5e0      	push	{r5, r6, r7, lr}
10000808:	000d      	movs	r5, r1
1000080a:	b083      	sub	sp, #12
1000080c:	f3ef 8a10 	mrs	sl, PRIMASK
10000810:	b672      	cpsid	i
10000812:	4a5a      	ldr	r2, [pc, #360]	; (1000097c <irq_remove_handler+0x180>)
10000814:	6813      	ldr	r3, [r2, #0]
10000816:	2b00      	cmp	r3, #0
10000818:	d0fc      	beq.n	10000814 <irq_remove_handler+0x18>
1000081a:	f3bf 8f5f 	dmb	sy
1000081e:	2210      	movs	r2, #16
10000820:	4691      	mov	r9, r2
10000822:	4481      	add	r9, r0
10000824:	464a      	mov	r2, r9
10000826:	4b56      	ldr	r3, [pc, #344]	; (10000980 <irq_remove_handler+0x184>)
10000828:	0096      	lsls	r6, r2, #2
1000082a:	689b      	ldr	r3, [r3, #8]
1000082c:	599c      	ldr	r4, [r3, r6]
1000082e:	4b55      	ldr	r3, [pc, #340]	; (10000984 <irq_remove_handler+0x188>)
10000830:	4698      	mov	r8, r3
10000832:	429c      	cmp	r4, r3
10000834:	d005      	beq.n	10000842 <irq_remove_handler+0x46>
10000836:	42ac      	cmp	r4, r5
10000838:	d016      	beq.n	10000868 <irq_remove_handler+0x6c>
1000083a:	4f53      	ldr	r7, [pc, #332]	; (10000988 <irq_remove_handler+0x18c>)
1000083c:	1be3      	subs	r3, r4, r7
1000083e:	2b2f      	cmp	r3, #47	; 0x2f
10000840:	d914      	bls.n	1000086c <irq_remove_handler+0x70>
10000842:	4b4f      	ldr	r3, [pc, #316]	; (10000980 <irq_remove_handler+0x184>)
10000844:	689b      	ldr	r3, [r3, #8]
10000846:	519c      	str	r4, [r3, r6]
10000848:	f3bf 8f5f 	dmb	sy
1000084c:	f3bf 8f5f 	dmb	sy
10000850:	2200      	movs	r2, #0
10000852:	4b4a      	ldr	r3, [pc, #296]	; (1000097c <irq_remove_handler+0x180>)
10000854:	601a      	str	r2, [r3, #0]
10000856:	f38a 8810 	msr	PRIMASK, sl
1000085a:	b003      	add	sp, #12
1000085c:	bc3c      	pop	{r2, r3, r4, r5}
1000085e:	4690      	mov	r8, r2
10000860:	4699      	mov	r9, r3
10000862:	46a2      	mov	sl, r4
10000864:	46ab      	mov	fp, r5
10000866:	bdf0      	pop	{r4, r5, r6, r7, pc}
10000868:	001c      	movs	r4, r3
1000086a:	e7ea      	b.n	10000842 <irq_remove_handler+0x46>
1000086c:	2301      	movs	r3, #1
1000086e:	4083      	lsls	r3, r0
10000870:	469b      	mov	fp, r3
10000872:	465a      	mov	r2, fp
10000874:	4b45      	ldr	r3, [pc, #276]	; (1000098c <irq_remove_handler+0x190>)
10000876:	681b      	ldr	r3, [r3, #0]
10000878:	401a      	ands	r2, r3
1000087a:	9200      	str	r2, [sp, #0]
1000087c:	465a      	mov	r2, fp
1000087e:	4b44      	ldr	r3, [pc, #272]	; (10000990 <irq_remove_handler+0x194>)
10000880:	601a      	str	r2, [r3, #0]
10000882:	f3bf 8f5f 	dmb	sy
10000886:	f7ff fcee 	bl	10000266 <__get_current_exception>
1000088a:	9001      	str	r0, [sp, #4]
1000088c:	2800      	cmp	r0, #0
1000088e:	d003      	beq.n	10000898 <irq_remove_handler+0x9c>
10000890:	4581      	cmp	r9, r0
10000892:	d001      	beq.n	10000898 <irq_remove_handler+0x9c>
10000894:	f001 f956 	bl	10001b44 <hard_assertion_failure>
10000898:	2301      	movs	r3, #1
1000089a:	0022      	movs	r2, r4
1000089c:	2106      	movs	r1, #6
1000089e:	439a      	bics	r2, r3
100008a0:	6893      	ldr	r3, [r2, #8]
100008a2:	5651      	ldrsb	r1, [r2, r1]
100008a4:	429d      	cmp	r5, r3
100008a6:	d10a      	bne.n	100008be <irq_remove_handler+0xc2>
100008a8:	e052      	b.n	10000950 <irq_remove_handler+0x154>
100008aa:	004b      	lsls	r3, r1, #1
100008ac:	185b      	adds	r3, r3, r1
100008ae:	2106      	movs	r1, #6
100008b0:	009b      	lsls	r3, r3, #2
100008b2:	18fb      	adds	r3, r7, r3
100008b4:	6898      	ldr	r0, [r3, #8]
100008b6:	5659      	ldrsb	r1, [r3, r1]
100008b8:	42a8      	cmp	r0, r5
100008ba:	d00f      	beq.n	100008dc <irq_remove_handler+0xe0>
100008bc:	001a      	movs	r2, r3
100008be:	2900      	cmp	r1, #0
100008c0:	daf3      	bge.n	100008aa <irq_remove_handler+0xae>
100008c2:	9b00      	ldr	r3, [sp, #0]
100008c4:	2b00      	cmp	r3, #0
100008c6:	d005      	beq.n	100008d4 <irq_remove_handler+0xd8>
100008c8:	465a      	mov	r2, fp
100008ca:	4b32      	ldr	r3, [pc, #200]	; (10000994 <irq_remove_handler+0x198>)
100008cc:	601a      	str	r2, [r3, #0]
100008ce:	4b2f      	ldr	r3, [pc, #188]	; (1000098c <irq_remove_handler+0x190>)
100008d0:	601a      	str	r2, [r3, #0]
100008d2:	e7b6      	b.n	10000842 <irq_remove_handler+0x46>
100008d4:	465a      	mov	r2, fp
100008d6:	4b2e      	ldr	r3, [pc, #184]	; (10000990 <irq_remove_handler+0x194>)
100008d8:	601a      	str	r2, [r3, #0]
100008da:	e7b2      	b.n	10000842 <irq_remove_handler+0x46>
100008dc:	2900      	cmp	r1, #0
100008de:	db21      	blt.n	10000924 <irq_remove_handler+0x128>
100008e0:	004a      	lsls	r2, r1, #1
100008e2:	1850      	adds	r0, r2, r1
100008e4:	0080      	lsls	r0, r0, #2
100008e6:	183d      	adds	r5, r7, r0
100008e8:	4680      	mov	r8, r0
100008ea:	68a8      	ldr	r0, [r5, #8]
100008ec:	6098      	str	r0, [r3, #8]
100008ee:	79e8      	ldrb	r0, [r5, #7]
100008f0:	71d8      	strb	r0, [r3, #7]
100008f2:	2006      	movs	r0, #6
100008f4:	5628      	ldrsb	r0, [r5, r0]
100008f6:	7198      	strb	r0, [r3, #6]
100008f8:	2800      	cmp	r0, #0
100008fa:	db26      	blt.n	1000094a <irq_remove_handler+0x14e>
100008fc:	88ad      	ldrh	r5, [r5, #4]
100008fe:	1af8      	subs	r0, r7, r3
10000900:	056d      	lsls	r5, r5, #21
10000902:	152d      	asrs	r5, r5, #20
10000904:	4445      	add	r5, r8
10000906:	1940      	adds	r0, r0, r5
10000908:	25e0      	movs	r5, #224	; 0xe0
1000090a:	0500      	lsls	r0, r0, #20
1000090c:	0d40      	lsrs	r0, r0, #21
1000090e:	022d      	lsls	r5, r5, #8
10000910:	4328      	orrs	r0, r5
10000912:	8098      	strh	r0, [r3, #4]
10000914:	1852      	adds	r2, r2, r1
10000916:	4b20      	ldr	r3, [pc, #128]	; (10000998 <irq_remove_handler+0x19c>)
10000918:	0092      	lsls	r2, r2, #2
1000091a:	18bf      	adds	r7, r7, r2
1000091c:	781a      	ldrb	r2, [r3, #0]
1000091e:	7019      	strb	r1, [r3, #0]
10000920:	71ba      	strb	r2, [r7, #6]
10000922:	e7ce      	b.n	100008c2 <irq_remove_handler+0xc6>
10000924:	9901      	ldr	r1, [sp, #4]
10000926:	2900      	cmp	r1, #0
10000928:	d118      	bne.n	1000095c <irq_remove_handler+0x160>
1000092a:	2a00      	cmp	r2, #0
1000092c:	d023      	beq.n	10000976 <irq_remove_handler+0x17a>
1000092e:	31ff      	adds	r1, #255	; 0xff
10000930:	7191      	strb	r1, [r2, #6]
10000932:	491a      	ldr	r1, [pc, #104]	; (1000099c <irq_remove_handler+0x1a0>)
10000934:	8091      	strh	r1, [r2, #4]
10000936:	4918      	ldr	r1, [pc, #96]	; (10000998 <irq_remove_handler+0x19c>)
10000938:	780a      	ldrb	r2, [r1, #0]
1000093a:	719a      	strb	r2, [r3, #6]
1000093c:	4a18      	ldr	r2, [pc, #96]	; (100009a0 <irq_remove_handler+0x1a4>)
1000093e:	1bdb      	subs	r3, r3, r7
10000940:	415b      	adcs	r3, r3
10000942:	435a      	muls	r2, r3
10000944:	0d12      	lsrs	r2, r2, #20
10000946:	700a      	strb	r2, [r1, #0]
10000948:	e7bb      	b.n	100008c2 <irq_remove_handler+0xc6>
1000094a:	20bd      	movs	r0, #189	; 0xbd
1000094c:	0200      	lsls	r0, r0, #8
1000094e:	e7e0      	b.n	10000912 <irq_remove_handler+0x116>
10000950:	0013      	movs	r3, r2
10000952:	2900      	cmp	r1, #0
10000954:	dac4      	bge.n	100008e0 <irq_remove_handler+0xe4>
10000956:	9a01      	ldr	r2, [sp, #4]
10000958:	2a00      	cmp	r2, #0
1000095a:	d00c      	beq.n	10000976 <irq_remove_handler+0x17a>
1000095c:	4a11      	ldr	r2, [pc, #68]	; (100009a4 <irq_remove_handler+0x1a8>)
1000095e:	4912      	ldr	r1, [pc, #72]	; (100009a8 <irq_remove_handler+0x1ac>)
10000960:	1ad2      	subs	r2, r2, r3
10000962:	3a08      	subs	r2, #8
10000964:	0250      	lsls	r0, r2, #9
10000966:	0d40      	lsrs	r0, r0, #21
10000968:	4301      	orrs	r1, r0
1000096a:	8099      	strh	r1, [r3, #4]
1000096c:	490f      	ldr	r1, [pc, #60]	; (100009ac <irq_remove_handler+0x1b0>)
1000096e:	0852      	lsrs	r2, r2, #1
10000970:	430a      	orrs	r2, r1
10000972:	80da      	strh	r2, [r3, #6]
10000974:	e7a5      	b.n	100008c2 <irq_remove_handler+0xc6>
10000976:	4644      	mov	r4, r8
10000978:	e7dd      	b.n	10000936 <irq_remove_handler+0x13a>
1000097a:	46c0      	nop			; (mov r8, r8)
1000097c:	d0000124 	.word	0xd0000124
10000980:	e000ed00 	.word	0xe000ed00
10000984:	100001cd 	.word	0x100001cd
10000988:	20000374 	.word	0x20000374
1000098c:	e000e100 	.word	0xe000e100
10000990:	e000e180 	.word	0xe000e180
10000994:	e000e280 	.word	0xe000e280
10000998:	20000f32 	.word	0x20000f32
1000099c:	ffffbd00 	.word	0xffffbd00
100009a0:	0000aaaa 	.word	0x0000aaaa
100009a4:	200003ae 	.word	0x200003ae
100009a8:	fffff000 	.word	0xfffff000
100009ac:	fffff800 	.word	0xfffff800

100009b0 <irq_add_tail_to_free_list>:
100009b0:	b5f8      	push	{r3, r4, r5, r6, r7, lr}
100009b2:	2501      	movs	r5, #1
100009b4:	0004      	movs	r4, r0
100009b6:	4305      	orrs	r5, r0
100009b8:	f7ff fc55 	bl	10000266 <__get_current_exception>
100009bc:	f3ef 8610 	mrs	r6, PRIMASK
100009c0:	b672      	cpsid	i
100009c2:	4a21      	ldr	r2, [pc, #132]	; (10000a48 <irq_add_tail_to_free_list+0x98>)
100009c4:	6813      	ldr	r3, [r2, #0]
100009c6:	2b00      	cmp	r3, #0
100009c8:	d0fc      	beq.n	100009c4 <irq_add_tail_to_free_list+0x14>
100009ca:	f3bf 8f5f 	dmb	sy
100009ce:	4b1f      	ldr	r3, [pc, #124]	; (10000a4c <irq_add_tail_to_free_list+0x9c>)
100009d0:	4a1f      	ldr	r2, [pc, #124]	; (10000a50 <irq_add_tail_to_free_list+0xa0>)
100009d2:	0021      	movs	r1, r4
100009d4:	1ac9      	subs	r1, r1, r3
100009d6:	4149      	adcs	r1, r1
100009d8:	434a      	muls	r2, r1
100009da:	0d12      	lsrs	r2, r2, #20
100009dc:	491d      	ldr	r1, [pc, #116]	; (10000a54 <irq_add_tail_to_free_list+0xa4>)
100009de:	0080      	lsls	r0, r0, #2
100009e0:	688f      	ldr	r7, [r1, #8]
100009e2:	b252      	sxtb	r2, r2
100009e4:	583f      	ldr	r7, [r7, r0]
100009e6:	42af      	cmp	r7, r5
100009e8:	d01c      	beq.n	10000a24 <irq_add_tail_to_free_list+0x74>
100009ea:	2106      	movs	r1, #6
100009ec:	5659      	ldrsb	r1, [r3, r1]
100009ee:	4291      	cmp	r1, r2
100009f0:	d01c      	beq.n	10000a2c <irq_add_tail_to_free_list+0x7c>
100009f2:	2112      	movs	r1, #18
100009f4:	5659      	ldrsb	r1, [r3, r1]
100009f6:	4291      	cmp	r1, r2
100009f8:	d022      	beq.n	10000a40 <irq_add_tail_to_free_list+0x90>
100009fa:	211e      	movs	r1, #30
100009fc:	5659      	ldrsb	r1, [r3, r1]
100009fe:	4291      	cmp	r1, r2
10000a00:	d020      	beq.n	10000a44 <irq_add_tail_to_free_list+0x94>
10000a02:	212a      	movs	r1, #42	; 0x2a
10000a04:	5659      	ldrsb	r1, [r3, r1]
10000a06:	2003      	movs	r0, #3
10000a08:	4291      	cmp	r1, r2
10000a0a:	d010      	beq.n	10000a2e <irq_add_tail_to_free_list+0x7e>
10000a0c:	4b12      	ldr	r3, [pc, #72]	; (10000a58 <irq_add_tail_to_free_list+0xa8>)
10000a0e:	7819      	ldrb	r1, [r3, #0]
10000a10:	701a      	strb	r2, [r3, #0]
10000a12:	71a1      	strb	r1, [r4, #6]
10000a14:	f3bf 8f5f 	dmb	sy
10000a18:	2200      	movs	r2, #0
10000a1a:	4b0b      	ldr	r3, [pc, #44]	; (10000a48 <irq_add_tail_to_free_list+0x98>)
10000a1c:	601a      	str	r2, [r3, #0]
10000a1e:	f386 8810 	msr	PRIMASK, r6
10000a22:	bdf8      	pop	{r3, r4, r5, r6, r7, pc}
10000a24:	688b      	ldr	r3, [r1, #8]
10000a26:	490d      	ldr	r1, [pc, #52]	; (10000a5c <irq_add_tail_to_free_list+0xac>)
10000a28:	5019      	str	r1, [r3, r0]
10000a2a:	e7ef      	b.n	10000a0c <irq_add_tail_to_free_list+0x5c>
10000a2c:	2000      	movs	r0, #0
10000a2e:	0041      	lsls	r1, r0, #1
10000a30:	1809      	adds	r1, r1, r0
10000a32:	0089      	lsls	r1, r1, #2
10000a34:	185b      	adds	r3, r3, r1
10000a36:	21ff      	movs	r1, #255	; 0xff
10000a38:	7199      	strb	r1, [r3, #6]
10000a3a:	4909      	ldr	r1, [pc, #36]	; (10000a60 <irq_add_tail_to_free_list+0xb0>)
10000a3c:	8099      	strh	r1, [r3, #4]
10000a3e:	e7e5      	b.n	10000a0c <irq_add_tail_to_free_list+0x5c>
10000a40:	2001      	movs	r0, #1
10000a42:	e7f4      	b.n	10000a2e <irq_add_tail_to_free_list+0x7e>
10000a44:	2002      	movs	r0, #2
10000a46:	e7f2      	b.n	10000a2e <irq_add_tail_to_free_list+0x7e>
10000a48:	d0000124 	.word	0xd0000124
10000a4c:	20000374 	.word	0x20000374
10000a50:	0000aaaa 	.word	0x0000aaaa
10000a54:	e000ed00 	.word	0xe000ed00
10000a58:	20000f32 	.word	0x20000f32
10000a5c:	100001cd 	.word	0x100001cd
10000a60:	ffffbd00 	.word	0xffffbd00

10000a64 <irq_init_priorities>:
10000a64:	4b05      	ldr	r3, [pc, #20]	; (10000a7c <irq_init_priorities+0x18>)
10000a66:	4a06      	ldr	r2, [pc, #24]	; (10000a80 <irq_init_priorities+0x1c>)
10000a68:	6013      	str	r3, [r2, #0]
10000a6a:	4a06      	ldr	r2, [pc, #24]	; (10000a84 <irq_init_priorities+0x20>)
10000a6c:	6013      	str	r3, [r2, #0]
10000a6e:	6053      	str	r3, [r2, #4]
10000a70:	6093      	str	r3, [r2, #8]
10000a72:	60d3      	str	r3, [r2, #12]
10000a74:	6113      	str	r3, [r2, #16]
10000a76:	6153      	str	r3, [r2, #20]
10000a78:	6193      	str	r3, [r2, #24]
10000a7a:	4770      	bx	lr
10000a7c:	80808080 	.word	0x80808080
10000a80:	e000e400 	.word	0xe000e400
10000a84:	e000e404 	.word	0xe000e404

10000a88 <user_irq_claim_unused>:
10000a88:	23d0      	movs	r3, #208	; 0xd0
10000a8a:	b500      	push	{lr}
10000a8c:	061b      	lsls	r3, r3, #24
10000a8e:	0001      	movs	r1, r0
10000a90:	6818      	ldr	r0, [r3, #0]
10000a92:	4b07      	ldr	r3, [pc, #28]	; (10000ab0 <user_irq_claim_unused+0x28>)
10000a94:	b083      	sub	sp, #12
10000a96:	1818      	adds	r0, r3, r0
10000a98:	4b06      	ldr	r3, [pc, #24]	; (10000ab4 <user_irq_claim_unused+0x2c>)
10000a9a:	2200      	movs	r2, #0
10000a9c:	9300      	str	r3, [sp, #0]
10000a9e:	2305      	movs	r3, #5
10000aa0:	f7ff fce6 	bl	10000470 <hw_claim_unused_from_range>
10000aa4:	2800      	cmp	r0, #0
10000aa6:	db01      	blt.n	10000aac <user_irq_claim_unused+0x24>
10000aa8:	231f      	movs	r3, #31
10000aaa:	1a18      	subs	r0, r3, r0
10000aac:	b003      	add	sp, #12
10000aae:	bd00      	pop	{pc}
10000ab0:	20000f2c 	.word	0x20000f2c
10000ab4:	1000504c 	.word	0x1000504c

10000ab8 <lock_init>:
10000ab8:	4b02      	ldr	r3, [pc, #8]	; (10000ac4 <lock_init+0xc>)
10000aba:	469c      	mov	ip, r3
10000abc:	4461      	add	r1, ip
10000abe:	0089      	lsls	r1, r1, #2
10000ac0:	6001      	str	r1, [r0, #0]
10000ac2:	4770      	bx	lr
10000ac4:	34000040 	.word	0x34000040

10000ac8 <timer_pool_entry_comparator>:
10000ac8:	6883      	ldr	r3, [r0, #8]
10000aca:	480b      	ldr	r0, [pc, #44]	; (10000af8 <timer_pool_entry_comparator+0x30>)
10000acc:	b510      	push	{r4, lr}
10000ace:	4684      	mov	ip, r0
10000ad0:	4461      	add	r1, ip
10000ad2:	4462      	add	r2, ip
10000ad4:	0109      	lsls	r1, r1, #4
10000ad6:	0112      	lsls	r2, r2, #4
10000ad8:	189a      	adds	r2, r3, r2
10000ada:	1859      	adds	r1, r3, r1
10000adc:	6854      	ldr	r4, [r2, #4]
10000ade:	684b      	ldr	r3, [r1, #4]
10000ae0:	2001      	movs	r0, #1
10000ae2:	429c      	cmp	r4, r3
10000ae4:	d801      	bhi.n	10000aea <timer_pool_entry_comparator+0x22>
10000ae6:	d002      	beq.n	10000aee <timer_pool_entry_comparator+0x26>
10000ae8:	2000      	movs	r0, #0
10000aea:	b2c0      	uxtb	r0, r0
10000aec:	bd10      	pop	{r4, pc}
10000aee:	6812      	ldr	r2, [r2, #0]
10000af0:	680b      	ldr	r3, [r1, #0]
10000af2:	429a      	cmp	r2, r3
10000af4:	d8f9      	bhi.n	10000aea <timer_pool_entry_comparator+0x22>
10000af6:	e7f7      	b.n	10000ae8 <timer_pool_entry_comparator+0x20>
10000af8:	0fffffff 	.word	0x0fffffff

10000afc <sleep_until_callback>:
10000afc:	4b0a      	ldr	r3, [pc, #40]	; (10000b28 <sleep_until_callback+0x2c>)
10000afe:	6819      	ldr	r1, [r3, #0]
10000b00:	f3ef 8010 	mrs	r0, PRIMASK
10000b04:	b672      	cpsid	i
10000b06:	680a      	ldr	r2, [r1, #0]
10000b08:	2a00      	cmp	r2, #0
10000b0a:	d0fc      	beq.n	10000b06 <sleep_until_callback+0xa>
10000b0c:	f3bf 8f5f 	dmb	sy
10000b10:	681b      	ldr	r3, [r3, #0]
10000b12:	f3bf 8f5f 	dmb	sy
10000b16:	2200      	movs	r2, #0
10000b18:	601a      	str	r2, [r3, #0]
10000b1a:	f380 8810 	msr	PRIMASK, r0
10000b1e:	bf40      	sev
10000b20:	2000      	movs	r0, #0
10000b22:	2100      	movs	r1, #0
10000b24:	4770      	bx	lr
10000b26:	46c0      	nop			; (mov r8, r8)
10000b28:	20000efc 	.word	0x20000efc

10000b2c <add_alarm_under_lock>:
10000b2c:	b5f8      	push	{r3, r4, r5, r6, r7, lr}
10000b2e:	4645      	mov	r5, r8
10000b30:	4657      	mov	r7, sl
10000b32:	464e      	mov	r6, r9
10000b34:	46de      	mov	lr, fp
10000b36:	b5e0      	push	{r5, r6, r7, lr}
10000b38:	0014      	movs	r4, r2
10000b3a:	aa0d      	add	r2, sp, #52	; 0x34
10000b3c:	7812      	ldrb	r2, [r2, #0]
10000b3e:	001d      	movs	r5, r3
10000b40:	ab0c      	add	r3, sp, #48	; 0x30
10000b42:	4692      	mov	sl, r2
10000b44:	781b      	ldrb	r3, [r3, #0]
10000b46:	6802      	ldr	r2, [r0, #0]
10000b48:	4681      	mov	r9, r0
10000b4a:	4690      	mov	r8, r2
10000b4c:	2b00      	cmp	r3, #0
10000b4e:	d113      	bne.n	10000b78 <add_alarm_under_lock+0x4c>
10000b50:	7b97      	ldrb	r7, [r2, #14]
10000b52:	2f00      	cmp	r7, #0
10000b54:	d04a      	beq.n	10000bec <add_alarm_under_lock+0xc0>
10000b56:	4640      	mov	r0, r8
10000b58:	007e      	lsls	r6, r7, #1
10000b5a:	6812      	ldr	r2, [r2, #0]
10000b5c:	19f6      	adds	r6, r6, r7
10000b5e:	3e03      	subs	r6, #3
10000b60:	1992      	adds	r2, r2, r6
10000b62:	7851      	ldrb	r1, [r2, #1]
10000b64:	003b      	movs	r3, r7
10000b66:	7381      	strb	r1, [r0, #14]
10000b68:	2900      	cmp	r1, #0
10000b6a:	d100      	bne.n	10000b6e <add_alarm_under_lock+0x42>
10000b6c:	73c1      	strb	r1, [r0, #15]
10000b6e:	2100      	movs	r1, #0
10000b70:	7091      	strb	r1, [r2, #2]
10000b72:	7051      	strb	r1, [r2, #1]
10000b74:	7011      	strb	r1, [r2, #0]
10000b76:	e003      	b.n	10000b80 <add_alarm_under_lock+0x54>
10000b78:	001f      	movs	r7, r3
10000b7a:	005e      	lsls	r6, r3, #1
10000b7c:	18f6      	adds	r6, r6, r3
10000b7e:	3e03      	subs	r6, #3
10000b80:	4a2e      	ldr	r2, [pc, #184]	; (10000c3c <add_alarm_under_lock+0x110>)
10000b82:	4694      	mov	ip, r2
10000b84:	464a      	mov	r2, r9
10000b86:	6892      	ldr	r2, [r2, #8]
10000b88:	4463      	add	r3, ip
10000b8a:	4694      	mov	ip, r2
10000b8c:	011b      	lsls	r3, r3, #4
10000b8e:	9a0a      	ldr	r2, [sp, #40]	; 0x28
10000b90:	4463      	add	r3, ip
10000b92:	609a      	str	r2, [r3, #8]
10000b94:	9a0b      	ldr	r2, [sp, #44]	; 0x2c
10000b96:	601c      	str	r4, [r3, #0]
10000b98:	605d      	str	r5, [r3, #4]
10000b9a:	60da      	str	r2, [r3, #12]
10000b9c:	4643      	mov	r3, r8
10000b9e:	2200      	movs	r2, #0
10000ba0:	681b      	ldr	r3, [r3, #0]
10000ba2:	199b      	adds	r3, r3, r6
10000ba4:	709a      	strb	r2, [r3, #2]
10000ba6:	705a      	strb	r2, [r3, #1]
10000ba8:	701a      	strb	r2, [r3, #0]
10000baa:	4643      	mov	r3, r8
10000bac:	7b5b      	ldrb	r3, [r3, #13]
10000bae:	469b      	mov	fp, r3
10000bb0:	2b00      	cmp	r3, #0
10000bb2:	d02b      	beq.n	10000c0c <add_alarm_under_lock+0xe0>
10000bb4:	4643      	mov	r3, r8
10000bb6:	003a      	movs	r2, r7
10000bb8:	6898      	ldr	r0, [r3, #8]
10000bba:	4659      	mov	r1, fp
10000bbc:	685b      	ldr	r3, [r3, #4]
10000bbe:	4798      	blx	r3
10000bc0:	465b      	mov	r3, fp
10000bc2:	4642      	mov	r2, r8
10000bc4:	005b      	lsls	r3, r3, #1
10000bc6:	445b      	add	r3, fp
10000bc8:	3b03      	subs	r3, #3
10000bca:	6812      	ldr	r2, [r2, #0]
10000bcc:	2800      	cmp	r0, #0
10000bce:	d014      	beq.n	10000bfa <add_alarm_under_lock+0xce>
10000bd0:	18d3      	adds	r3, r2, r3
10000bd2:	1996      	adds	r6, r2, r6
10000bd4:	465a      	mov	r2, fp
10000bd6:	70b2      	strb	r2, [r6, #2]
10000bd8:	781a      	ldrb	r2, [r3, #0]
10000bda:	2a00      	cmp	r2, #0
10000bdc:	d000      	beq.n	10000be0 <add_alarm_under_lock+0xb4>
10000bde:	7072      	strb	r2, [r6, #1]
10000be0:	701f      	strb	r7, [r3, #0]
10000be2:	465a      	mov	r2, fp
10000be4:	4643      	mov	r3, r8
10000be6:	735a      	strb	r2, [r3, #13]
10000be8:	45bb      	cmp	fp, r7
10000bea:	d011      	beq.n	10000c10 <add_alarm_under_lock+0xe4>
10000bec:	0038      	movs	r0, r7
10000bee:	bc3c      	pop	{r2, r3, r4, r5}
10000bf0:	4690      	mov	r8, r2
10000bf2:	4699      	mov	r9, r3
10000bf4:	46a2      	mov	sl, r4
10000bf6:	46ab      	mov	fp, r5
10000bf8:	bdf8      	pop	{r3, r4, r5, r6, r7, pc}
10000bfa:	18d3      	adds	r3, r2, r3
10000bfc:	1996      	adds	r6, r2, r6
10000bfe:	709f      	strb	r7, [r3, #2]
10000c00:	7832      	ldrb	r2, [r6, #0]
10000c02:	2a00      	cmp	r2, #0
10000c04:	d000      	beq.n	10000c08 <add_alarm_under_lock+0xdc>
10000c06:	705a      	strb	r2, [r3, #1]
10000c08:	465b      	mov	r3, fp
10000c0a:	7033      	strb	r3, [r6, #0]
10000c0c:	4643      	mov	r3, r8
10000c0e:	735f      	strb	r7, [r3, #13]
10000c10:	464b      	mov	r3, r9
10000c12:	0022      	movs	r2, r4
10000c14:	7d18      	ldrb	r0, [r3, #20]
10000c16:	002b      	movs	r3, r5
10000c18:	f000 fb18 	bl	1000124c <hardware_alarm_set_target>
10000c1c:	1e04      	subs	r4, r0, #0
10000c1e:	d007      	beq.n	10000c30 <add_alarm_under_lock+0x104>
10000c20:	4653      	mov	r3, sl
10000c22:	2b00      	cmp	r3, #0
10000c24:	d104      	bne.n	10000c30 <add_alarm_under_lock+0x104>
10000c26:	464b      	mov	r3, r9
10000c28:	0039      	movs	r1, r7
10000c2a:	6818      	ldr	r0, [r3, #0]
10000c2c:	f000 fe8c 	bl	10001948 <ph_remove_and_free_node>
10000c30:	9b0e      	ldr	r3, [sp, #56]	; 0x38
10000c32:	2b00      	cmp	r3, #0
10000c34:	d0da      	beq.n	10000bec <add_alarm_under_lock+0xc0>
10000c36:	701c      	strb	r4, [r3, #0]
10000c38:	e7d8      	b.n	10000bec <add_alarm_under_lock+0xc0>
10000c3a:	46c0      	nop			; (mov r8, r8)
10000c3c:	0fffffff 	.word	0x0fffffff

10000c40 <alarm_pool_alarm_callback>:
10000c40:	b5f0      	push	{r4, r5, r6, r7, lr}
10000c42:	46de      	mov	lr, fp
10000c44:	4657      	mov	r7, sl
10000c46:	464e      	mov	r6, r9
10000c48:	4645      	mov	r5, r8
10000c4a:	2300      	movs	r3, #0
10000c4c:	b5e0      	push	{r5, r6, r7, lr}
10000c4e:	b08d      	sub	sp, #52	; 0x34
10000c50:	930a      	str	r3, [sp, #40]	; 0x28
10000c52:	4b6d      	ldr	r3, [pc, #436]	; (10000e08 <alarm_pool_alarm_callback+0x1c8>)
10000c54:	0082      	lsls	r2, r0, #2
10000c56:	58d4      	ldr	r4, [r2, r3]
10000c58:	2300      	movs	r3, #0
10000c5a:	469b      	mov	fp, r3
10000c5c:	900b      	str	r0, [sp, #44]	; 0x2c
10000c5e:	f000 faa3 	bl	100011a8 <time_us_64>
10000c62:	6862      	ldr	r2, [r4, #4]
10000c64:	f3ef 8510 	mrs	r5, PRIMASK
10000c68:	b672      	cpsid	i
10000c6a:	6813      	ldr	r3, [r2, #0]
10000c6c:	2b00      	cmp	r3, #0
10000c6e:	d0fc      	beq.n	10000c6a <alarm_pool_alarm_callback+0x2a>
10000c70:	f3bf 8f5f 	dmb	sy
10000c74:	6823      	ldr	r3, [r4, #0]
10000c76:	469c      	mov	ip, r3
10000c78:	7b5b      	ldrb	r3, [r3, #13]
10000c7a:	4699      	mov	r9, r3
10000c7c:	2b00      	cmp	r3, #0
10000c7e:	d100      	bne.n	10000c82 <alarm_pool_alarm_callback+0x42>
10000c80:	e06b      	b.n	10000d5a <alarm_pool_alarm_callback+0x11a>
10000c82:	68a2      	ldr	r2, [r4, #8]
10000c84:	4b61      	ldr	r3, [pc, #388]	; (10000e0c <alarm_pool_alarm_callback+0x1cc>)
10000c86:	4690      	mov	r8, r2
10000c88:	444b      	add	r3, r9
10000c8a:	011b      	lsls	r3, r3, #4
10000c8c:	4498      	add	r8, r3
10000c8e:	4643      	mov	r3, r8
10000c90:	681e      	ldr	r6, [r3, #0]
10000c92:	685f      	ldr	r7, [r3, #4]
10000c94:	0032      	movs	r2, r6
10000c96:	003b      	movs	r3, r7
10000c98:	1a12      	subs	r2, r2, r0
10000c9a:	418b      	sbcs	r3, r1
10000c9c:	2b00      	cmp	r3, #0
10000c9e:	dd65      	ble.n	10000d6c <alarm_pool_alarm_callback+0x12c>
10000ca0:	003b      	movs	r3, r7
10000ca2:	0032      	movs	r2, r6
10000ca4:	980b      	ldr	r0, [sp, #44]	; 0x2c
10000ca6:	f000 fad1 	bl	1000124c <hardware_alarm_set_target>
10000caa:	2300      	movs	r3, #0
10000cac:	2200      	movs	r2, #0
10000cae:	9208      	str	r2, [sp, #32]
10000cb0:	9309      	str	r3, [sp, #36]	; 0x24
10000cb2:	2300      	movs	r3, #0
10000cb4:	2700      	movs	r7, #0
10000cb6:	469a      	mov	sl, r3
10000cb8:	6863      	ldr	r3, [r4, #4]
10000cba:	f3bf 8f5f 	dmb	sy
10000cbe:	465a      	mov	r2, fp
10000cc0:	601a      	str	r2, [r3, #0]
10000cc2:	f385 8810 	msr	PRIMASK, r5
10000cc6:	4653      	mov	r3, sl
10000cc8:	2b00      	cmp	r3, #0
10000cca:	d108      	bne.n	10000cde <alarm_pool_alarm_callback+0x9e>
10000ccc:	2800      	cmp	r0, #0
10000cce:	d1c6      	bne.n	10000c5e <alarm_pool_alarm_callback+0x1e>
10000cd0:	b00d      	add	sp, #52	; 0x34
10000cd2:	bc3c      	pop	{r2, r3, r4, r5}
10000cd4:	4690      	mov	r8, r2
10000cd6:	4699      	mov	r9, r3
10000cd8:	46a2      	mov	sl, r4
10000cda:	46ab      	mov	fp, r5
10000cdc:	bdf0      	pop	{r4, r5, r6, r7, pc}
10000cde:	9b0a      	ldr	r3, [sp, #40]	; 0x28
10000ce0:	0039      	movs	r1, r7
10000ce2:	0218      	lsls	r0, r3, #8
10000ce4:	464b      	mov	r3, r9
10000ce6:	4318      	orrs	r0, r3
10000ce8:	47d0      	blx	sl
10000cea:	6862      	ldr	r2, [r4, #4]
10000cec:	9006      	str	r0, [sp, #24]
10000cee:	9107      	str	r1, [sp, #28]
10000cf0:	f3ef 8810 	mrs	r8, PRIMASK
10000cf4:	b672      	cpsid	i
10000cf6:	4656      	mov	r6, sl
10000cf8:	4645      	mov	r5, r8
10000cfa:	6813      	ldr	r3, [r2, #0]
10000cfc:	2b00      	cmp	r3, #0
10000cfe:	d0fc      	beq.n	10000cfa <alarm_pool_alarm_callback+0xba>
10000d00:	46b2      	mov	sl, r6
10000d02:	46a8      	mov	r8, r5
10000d04:	f3bf 8f5f 	dmb	sy
10000d08:	9906      	ldr	r1, [sp, #24]
10000d0a:	9a07      	ldr	r2, [sp, #28]
10000d0c:	1e13      	subs	r3, r2, #0
10000d0e:	db49      	blt.n	10000da4 <alarm_pool_alarm_callback+0x164>
10000d10:	4319      	orrs	r1, r3
10000d12:	d002      	beq.n	10000d1a <alarm_pool_alarm_callback+0xda>
10000d14:	6923      	ldr	r3, [r4, #16]
10000d16:	2b00      	cmp	r3, #0
10000d18:	d15f      	bne.n	10000dda <alarm_pool_alarm_callback+0x19a>
10000d1a:	6823      	ldr	r3, [r4, #0]
10000d1c:	7bda      	ldrb	r2, [r3, #15]
10000d1e:	2a00      	cmp	r2, #0
10000d20:	d007      	beq.n	10000d32 <alarm_pool_alarm_callback+0xf2>
10000d22:	0051      	lsls	r1, r2, #1
10000d24:	188a      	adds	r2, r1, r2
10000d26:	6819      	ldr	r1, [r3, #0]
10000d28:	468c      	mov	ip, r1
10000d2a:	4649      	mov	r1, r9
10000d2c:	4462      	add	r2, ip
10000d2e:	3a03      	subs	r2, #3
10000d30:	7051      	strb	r1, [r2, #1]
10000d32:	464a      	mov	r2, r9
10000d34:	73da      	strb	r2, [r3, #15]
10000d36:	68e2      	ldr	r2, [r4, #12]
10000d38:	464b      	mov	r3, r9
10000d3a:	4694      	mov	ip, r2
10000d3c:	3b01      	subs	r3, #1
10000d3e:	4463      	add	r3, ip
10000d40:	781a      	ldrb	r2, [r3, #0]
10000d42:	3201      	adds	r2, #1
10000d44:	701a      	strb	r2, [r3, #0]
10000d46:	465b      	mov	r3, fp
10000d48:	6123      	str	r3, [r4, #16]
10000d4a:	6863      	ldr	r3, [r4, #4]
10000d4c:	f3bf 8f5f 	dmb	sy
10000d50:	465a      	mov	r2, fp
10000d52:	601a      	str	r2, [r3, #0]
10000d54:	f388 8810 	msr	PRIMASK, r8
10000d58:	e781      	b.n	10000c5e <alarm_pool_alarm_callback+0x1e>
10000d5a:	2300      	movs	r3, #0
10000d5c:	2200      	movs	r2, #0
10000d5e:	9208      	str	r2, [sp, #32]
10000d60:	9309      	str	r3, [sp, #36]	; 0x24
10000d62:	2300      	movs	r3, #0
10000d64:	2700      	movs	r7, #0
10000d66:	469a      	mov	sl, r3
10000d68:	2000      	movs	r0, #0
10000d6a:	e7a5      	b.n	10000cb8 <alarm_pool_alarm_callback+0x78>
10000d6c:	2b00      	cmp	r3, #0
10000d6e:	d101      	bne.n	10000d74 <alarm_pool_alarm_callback+0x134>
10000d70:	2a00      	cmp	r2, #0
10000d72:	d195      	bne.n	10000ca0 <alarm_pool_alarm_callback+0x60>
10000d74:	2100      	movs	r1, #0
10000d76:	4660      	mov	r0, ip
10000d78:	f000 fd08 	bl	1000178c <ph_remove_head>
10000d7c:	4643      	mov	r3, r8
10000d7e:	681a      	ldr	r2, [r3, #0]
10000d80:	685b      	ldr	r3, [r3, #4]
10000d82:	9208      	str	r2, [sp, #32]
10000d84:	9309      	str	r3, [sp, #36]	; 0x24
10000d86:	4643      	mov	r3, r8
10000d88:	689b      	ldr	r3, [r3, #8]
10000d8a:	469a      	mov	sl, r3
10000d8c:	4643      	mov	r3, r8
10000d8e:	68df      	ldr	r7, [r3, #12]
10000d90:	68e3      	ldr	r3, [r4, #12]
10000d92:	444b      	add	r3, r9
10000d94:	3b01      	subs	r3, #1
10000d96:	781b      	ldrb	r3, [r3, #0]
10000d98:	930a      	str	r3, [sp, #40]	; 0x28
10000d9a:	021b      	lsls	r3, r3, #8
10000d9c:	4303      	orrs	r3, r0
10000d9e:	6123      	str	r3, [r4, #16]
10000da0:	2000      	movs	r0, #0
10000da2:	e789      	b.n	10000cb8 <alarm_pool_alarm_callback+0x78>
10000da4:	6923      	ldr	r3, [r4, #16]
10000da6:	2b00      	cmp	r3, #0
10000da8:	d0b7      	beq.n	10000d1a <alarm_pool_alarm_callback+0xda>
10000daa:	9d08      	ldr	r5, [sp, #32]
10000dac:	9e09      	ldr	r6, [sp, #36]	; 0x24
10000dae:	1a6d      	subs	r5, r5, r1
10000db0:	4196      	sbcs	r6, r2
10000db2:	002a      	movs	r2, r5
10000db4:	0033      	movs	r3, r6
10000db6:	9d08      	ldr	r5, [sp, #32]
10000db8:	9e09      	ldr	r6, [sp, #36]	; 0x24
10000dba:	429e      	cmp	r6, r3
10000dbc:	d818      	bhi.n	10000df0 <alarm_pool_alarm_callback+0x1b0>
10000dbe:	d01b      	beq.n	10000df8 <alarm_pool_alarm_callback+0x1b8>
10000dc0:	4659      	mov	r1, fp
10000dc2:	9104      	str	r1, [sp, #16]
10000dc4:	2101      	movs	r1, #1
10000dc6:	9103      	str	r1, [sp, #12]
10000dc8:	4649      	mov	r1, r9
10000dca:	9102      	str	r1, [sp, #8]
10000dcc:	4651      	mov	r1, sl
10000dce:	9701      	str	r7, [sp, #4]
10000dd0:	9100      	str	r1, [sp, #0]
10000dd2:	0020      	movs	r0, r4
10000dd4:	f7ff feaa 	bl	10000b2c <add_alarm_under_lock>
10000dd8:	e7b5      	b.n	10000d46 <alarm_pool_alarm_callback+0x106>
10000dda:	f000 f9e5 	bl	100011a8 <time_us_64>
10000dde:	9a06      	ldr	r2, [sp, #24]
10000de0:	9b07      	ldr	r3, [sp, #28]
10000de2:	1812      	adds	r2, r2, r0
10000de4:	414b      	adcs	r3, r1
10000de6:	4299      	cmp	r1, r3
10000de8:	d802      	bhi.n	10000df0 <alarm_pool_alarm_callback+0x1b0>
10000dea:	d1e9      	bne.n	10000dc0 <alarm_pool_alarm_callback+0x180>
10000dec:	4290      	cmp	r0, r2
10000dee:	d9e7      	bls.n	10000dc0 <alarm_pool_alarm_callback+0x180>
10000df0:	2201      	movs	r2, #1
10000df2:	4252      	negs	r2, r2
10000df4:	17d3      	asrs	r3, r2, #31
10000df6:	e7e3      	b.n	10000dc0 <alarm_pool_alarm_callback+0x180>
10000df8:	9908      	ldr	r1, [sp, #32]
10000dfa:	4291      	cmp	r1, r2
10000dfc:	d9e0      	bls.n	10000dc0 <alarm_pool_alarm_callback+0x180>
10000dfe:	2201      	movs	r2, #1
10000e00:	4252      	negs	r2, r2
10000e02:	17d3      	asrs	r3, r2, #31
10000e04:	e7dc      	b.n	10000dc0 <alarm_pool_alarm_callback+0x180>
10000e06:	46c0      	nop			; (mov r8, r8)
10000e08:	20000ee0 	.word	0x20000ee0
10000e0c:	0fffffff 	.word	0x0fffffff

10000e10 <alarm_pool_init_default>:
10000e10:	b510      	push	{r4, lr}
10000e12:	4c12      	ldr	r4, [pc, #72]	; (10000e5c <alarm_pool_init_default+0x4c>)
10000e14:	6863      	ldr	r3, [r4, #4]
10000e16:	2b00      	cmp	r3, #0
10000e18:	d004      	beq.n	10000e24 <alarm_pool_init_default+0x14>
10000e1a:	210a      	movs	r1, #10
10000e1c:	4810      	ldr	r0, [pc, #64]	; (10000e60 <alarm_pool_init_default+0x50>)
10000e1e:	f7ff fe4b 	bl	10000ab8 <lock_init>
10000e22:	bd10      	pop	{r4, pc}
10000e24:	0023      	movs	r3, r4
10000e26:	4a0f      	ldr	r2, [pc, #60]	; (10000e64 <alarm_pool_init_default+0x54>)
10000e28:	2110      	movs	r1, #16
10000e2a:	6820      	ldr	r0, [r4, #0]
10000e2c:	f000 fad0 	bl	100013d0 <ph_post_alloc_init>
10000e30:	2003      	movs	r0, #3
10000e32:	f000 f9ad 	bl	10001190 <hardware_alarm_claim>
10000e36:	2003      	movs	r0, #3
10000e38:	f000 fa7c 	bl	10001334 <hardware_alarm_cancel>
10000e3c:	490a      	ldr	r1, [pc, #40]	; (10000e68 <alarm_pool_init_default+0x58>)
10000e3e:	2003      	movs	r0, #3
10000e40:	f000 f9be 	bl	100011c0 <hardware_alarm_set_callback>
10000e44:	f7ff fb78 	bl	10000538 <next_striped_spin_lock_num>
10000e48:	4b08      	ldr	r3, [pc, #32]	; (10000e6c <alarm_pool_init_default+0x5c>)
10000e4a:	469c      	mov	ip, r3
10000e4c:	2303      	movs	r3, #3
10000e4e:	4460      	add	r0, ip
10000e50:	7523      	strb	r3, [r4, #20]
10000e52:	4b07      	ldr	r3, [pc, #28]	; (10000e70 <alarm_pool_init_default+0x60>)
10000e54:	0080      	lsls	r0, r0, #2
10000e56:	6060      	str	r0, [r4, #4]
10000e58:	60dc      	str	r4, [r3, #12]
10000e5a:	e7de      	b.n	10000e1a <alarm_pool_init_default+0xa>
10000e5c:	200003bc 	.word	0x200003bc
10000e60:	20000efc 	.word	0x20000efc
10000e64:	10000ac9 	.word	0x10000ac9
10000e68:	10000c41 	.word	0x10000c41
10000e6c:	34000040 	.word	0x34000040
10000e70:	20000ee0 	.word	0x20000ee0

10000e74 <alarm_pool_get_default>:
10000e74:	4800      	ldr	r0, [pc, #0]	; (10000e78 <alarm_pool_get_default+0x4>)
10000e76:	4770      	bx	lr
10000e78:	200003bc 	.word	0x200003bc

10000e7c <alarm_pool_add_alarm_at>:
10000e7c:	b5f0      	push	{r4, r5, r6, r7, lr}
10000e7e:	4657      	mov	r7, sl
10000e80:	4645      	mov	r5, r8
10000e82:	46de      	mov	lr, fp
10000e84:	464e      	mov	r6, r9
10000e86:	b5e0      	push	{r5, r6, r7, lr}
10000e88:	b085      	sub	sp, #20
10000e8a:	9200      	str	r2, [sp, #0]
10000e8c:	9301      	str	r3, [sp, #4]
10000e8e:	ab10      	add	r3, sp, #64	; 0x40
10000e90:	781b      	ldrb	r3, [r3, #0]
10000e92:	2700      	movs	r7, #0
10000e94:	9303      	str	r3, [sp, #12]
10000e96:	2300      	movs	r3, #0
10000e98:	4680      	mov	r8, r0
10000e9a:	469a      	mov	sl, r3
10000e9c:	4643      	mov	r3, r8
10000e9e:	685a      	ldr	r2, [r3, #4]
10000ea0:	f3ef 8910 	mrs	r9, PRIMASK
10000ea4:	b672      	cpsid	i
10000ea6:	6813      	ldr	r3, [r2, #0]
10000ea8:	2b00      	cmp	r3, #0
10000eaa:	d0fc      	beq.n	10000ea6 <alarm_pool_add_alarm_at+0x2a>
10000eac:	f3bf 8f5f 	dmb	sy
10000eb0:	4643      	mov	r3, r8
10000eb2:	681d      	ldr	r5, [r3, #0]
10000eb4:	7bac      	ldrb	r4, [r5, #14]
10000eb6:	2c00      	cmp	r4, #0
10000eb8:	d04f      	beq.n	10000f5a <alarm_pool_add_alarm_at+0xde>
10000eba:	0066      	lsls	r6, r4, #1
10000ebc:	1936      	adds	r6, r6, r4
10000ebe:	682b      	ldr	r3, [r5, #0]
10000ec0:	3e03      	subs	r6, #3
10000ec2:	199b      	adds	r3, r3, r6
10000ec4:	785a      	ldrb	r2, [r3, #1]
10000ec6:	73aa      	strb	r2, [r5, #14]
10000ec8:	2a00      	cmp	r2, #0
10000eca:	d100      	bne.n	10000ece <alarm_pool_add_alarm_at+0x52>
10000ecc:	73ea      	strb	r2, [r5, #15]
10000ece:	4642      	mov	r2, r8
10000ed0:	709f      	strb	r7, [r3, #2]
10000ed2:	705f      	strb	r7, [r3, #1]
10000ed4:	701f      	strb	r7, [r3, #0]
10000ed6:	6892      	ldr	r2, [r2, #8]
10000ed8:	4b4e      	ldr	r3, [pc, #312]	; (10001014 <alarm_pool_add_alarm_at+0x198>)
10000eda:	4694      	mov	ip, r2
10000edc:	9900      	ldr	r1, [sp, #0]
10000ede:	9a01      	ldr	r2, [sp, #4]
10000ee0:	18e3      	adds	r3, r4, r3
10000ee2:	011b      	lsls	r3, r3, #4
10000ee4:	4463      	add	r3, ip
10000ee6:	6019      	str	r1, [r3, #0]
10000ee8:	605a      	str	r2, [r3, #4]
10000eea:	9a0e      	ldr	r2, [sp, #56]	; 0x38
10000eec:	609a      	str	r2, [r3, #8]
10000eee:	9a0f      	ldr	r2, [sp, #60]	; 0x3c
10000ef0:	60da      	str	r2, [r3, #12]
10000ef2:	682b      	ldr	r3, [r5, #0]
10000ef4:	199b      	adds	r3, r3, r6
10000ef6:	709f      	strb	r7, [r3, #2]
10000ef8:	705f      	strb	r7, [r3, #1]
10000efa:	701f      	strb	r7, [r3, #0]
10000efc:	7b6b      	ldrb	r3, [r5, #13]
10000efe:	469b      	mov	fp, r3
10000f00:	2b00      	cmp	r3, #0
10000f02:	d042      	beq.n	10000f8a <alarm_pool_add_alarm_at+0x10e>
10000f04:	0022      	movs	r2, r4
10000f06:	0019      	movs	r1, r3
10000f08:	68a8      	ldr	r0, [r5, #8]
10000f0a:	686b      	ldr	r3, [r5, #4]
10000f0c:	4798      	blx	r3
10000f0e:	465b      	mov	r3, fp
10000f10:	005b      	lsls	r3, r3, #1
10000f12:	445b      	add	r3, fp
10000f14:	3b03      	subs	r3, #3
10000f16:	682a      	ldr	r2, [r5, #0]
10000f18:	2800      	cmp	r0, #0
10000f1a:	d02d      	beq.n	10000f78 <alarm_pool_add_alarm_at+0xfc>
10000f1c:	18d3      	adds	r3, r2, r3
10000f1e:	1996      	adds	r6, r2, r6
10000f20:	465a      	mov	r2, fp
10000f22:	70b2      	strb	r2, [r6, #2]
10000f24:	781a      	ldrb	r2, [r3, #0]
10000f26:	2a00      	cmp	r2, #0
10000f28:	d000      	beq.n	10000f2c <alarm_pool_add_alarm_at+0xb0>
10000f2a:	7072      	strb	r2, [r6, #1]
10000f2c:	701c      	strb	r4, [r3, #0]
10000f2e:	465b      	mov	r3, fp
10000f30:	736b      	strb	r3, [r5, #13]
10000f32:	455c      	cmp	r4, fp
10000f34:	d02a      	beq.n	10000f8c <alarm_pool_add_alarm_at+0x110>
10000f36:	4643      	mov	r3, r8
10000f38:	68db      	ldr	r3, [r3, #12]
10000f3a:	191b      	adds	r3, r3, r4
10000f3c:	3b01      	subs	r3, #1
10000f3e:	7818      	ldrb	r0, [r3, #0]
10000f40:	4643      	mov	r3, r8
10000f42:	685b      	ldr	r3, [r3, #4]
10000f44:	f3bf 8f5f 	dmb	sy
10000f48:	601f      	str	r7, [r3, #0]
10000f4a:	f389 8810 	msr	PRIMASK, r9
10000f4e:	4653      	mov	r3, sl
10000f50:	2b00      	cmp	r3, #0
10000f52:	d12a      	bne.n	10000faa <alarm_pool_add_alarm_at+0x12e>
10000f54:	0200      	lsls	r0, r0, #8
10000f56:	4320      	orrs	r0, r4
10000f58:	e007      	b.n	10000f6a <alarm_pool_add_alarm_at+0xee>
10000f5a:	685b      	ldr	r3, [r3, #4]
10000f5c:	f3bf 8f5f 	dmb	sy
10000f60:	601c      	str	r4, [r3, #0]
10000f62:	f389 8810 	msr	PRIMASK, r9
10000f66:	2001      	movs	r0, #1
10000f68:	4240      	negs	r0, r0
10000f6a:	b005      	add	sp, #20
10000f6c:	bc3c      	pop	{r2, r3, r4, r5}
10000f6e:	4690      	mov	r8, r2
10000f70:	4699      	mov	r9, r3
10000f72:	46a2      	mov	sl, r4
10000f74:	46ab      	mov	fp, r5
10000f76:	bdf0      	pop	{r4, r5, r6, r7, pc}
10000f78:	18d3      	adds	r3, r2, r3
10000f7a:	1996      	adds	r6, r2, r6
10000f7c:	709c      	strb	r4, [r3, #2]
10000f7e:	7832      	ldrb	r2, [r6, #0]
10000f80:	2a00      	cmp	r2, #0
10000f82:	d000      	beq.n	10000f86 <alarm_pool_add_alarm_at+0x10a>
10000f84:	705a      	strb	r2, [r3, #1]
10000f86:	465b      	mov	r3, fp
10000f88:	7033      	strb	r3, [r6, #0]
10000f8a:	736c      	strb	r4, [r5, #13]
10000f8c:	4643      	mov	r3, r8
10000f8e:	7d18      	ldrb	r0, [r3, #20]
10000f90:	9a00      	ldr	r2, [sp, #0]
10000f92:	9b01      	ldr	r3, [sp, #4]
10000f94:	f000 f95a 	bl	1000124c <hardware_alarm_set_target>
10000f98:	4682      	mov	sl, r0
10000f9a:	2800      	cmp	r0, #0
10000f9c:	d0cb      	beq.n	10000f36 <alarm_pool_add_alarm_at+0xba>
10000f9e:	4643      	mov	r3, r8
10000fa0:	0021      	movs	r1, r4
10000fa2:	6818      	ldr	r0, [r3, #0]
10000fa4:	f000 fcd0 	bl	10001948 <ph_remove_and_free_node>
10000fa8:	e7c5      	b.n	10000f36 <alarm_pool_add_alarm_at+0xba>
10000faa:	9b03      	ldr	r3, [sp, #12]
10000fac:	2b00      	cmp	r3, #0
10000fae:	d02f      	beq.n	10001010 <alarm_pool_add_alarm_at+0x194>
10000fb0:	9b0e      	ldr	r3, [sp, #56]	; 0x38
10000fb2:	990f      	ldr	r1, [sp, #60]	; 0x3c
10000fb4:	2000      	movs	r0, #0
10000fb6:	4798      	blx	r3
10000fb8:	0003      	movs	r3, r0
10000fba:	430b      	orrs	r3, r1
10000fbc:	d028      	beq.n	10001010 <alarm_pool_add_alarm_at+0x194>
10000fbe:	0004      	movs	r4, r0
10000fc0:	1e0d      	subs	r5, r1, #0
10000fc2:	da0d      	bge.n	10000fe0 <alarm_pool_add_alarm_at+0x164>
10000fc4:	9800      	ldr	r0, [sp, #0]
10000fc6:	9901      	ldr	r1, [sp, #4]
10000fc8:	0002      	movs	r2, r0
10000fca:	000b      	movs	r3, r1
10000fcc:	1b12      	subs	r2, r2, r4
10000fce:	41ab      	sbcs	r3, r5
10000fd0:	4299      	cmp	r1, r3
10000fd2:	d813      	bhi.n	10000ffc <alarm_pool_add_alarm_at+0x180>
10000fd4:	d018      	beq.n	10001008 <alarm_pool_add_alarm_at+0x18c>
10000fd6:	9200      	str	r2, [sp, #0]
10000fd8:	9301      	str	r3, [sp, #4]
10000fda:	9b03      	ldr	r3, [sp, #12]
10000fdc:	469a      	mov	sl, r3
10000fde:	e75d      	b.n	10000e9c <alarm_pool_add_alarm_at+0x20>
10000fe0:	f000 f8e2 	bl	100011a8 <time_us_64>
10000fe4:	1824      	adds	r4, r4, r0
10000fe6:	414d      	adcs	r5, r1
10000fe8:	0023      	movs	r3, r4
10000fea:	002c      	movs	r4, r5
10000fec:	9300      	str	r3, [sp, #0]
10000fee:	9401      	str	r4, [sp, #4]
10000ff0:	42a9      	cmp	r1, r5
10000ff2:	d803      	bhi.n	10000ffc <alarm_pool_add_alarm_at+0x180>
10000ff4:	d1f1      	bne.n	10000fda <alarm_pool_add_alarm_at+0x15e>
10000ff6:	9b00      	ldr	r3, [sp, #0]
10000ff8:	4298      	cmp	r0, r3
10000ffa:	d9ee      	bls.n	10000fda <alarm_pool_add_alarm_at+0x15e>
10000ffc:	2301      	movs	r3, #1
10000ffe:	425b      	negs	r3, r3
10001000:	17dc      	asrs	r4, r3, #31
10001002:	9300      	str	r3, [sp, #0]
10001004:	9401      	str	r4, [sp, #4]
10001006:	e7e8      	b.n	10000fda <alarm_pool_add_alarm_at+0x15e>
10001008:	9900      	ldr	r1, [sp, #0]
1000100a:	4291      	cmp	r1, r2
1000100c:	d9e3      	bls.n	10000fd6 <alarm_pool_add_alarm_at+0x15a>
1000100e:	e7f5      	b.n	10000ffc <alarm_pool_add_alarm_at+0x180>
10001010:	2000      	movs	r0, #0
10001012:	e7aa      	b.n	10000f6a <alarm_pool_add_alarm_at+0xee>
10001014:	0fffffff 	.word	0x0fffffff

10001018 <alarm_pool_cancel_alarm>:
10001018:	b5f8      	push	{r3, r4, r5, r6, r7, lr}
1000101a:	6842      	ldr	r2, [r0, #4]
1000101c:	0004      	movs	r4, r0
1000101e:	f3ef 8510 	mrs	r5, PRIMASK
10001022:	b672      	cpsid	i
10001024:	6813      	ldr	r3, [r2, #0]
10001026:	2b00      	cmp	r3, #0
10001028:	d0fc      	beq.n	10001024 <alarm_pool_cancel_alarm+0xc>
1000102a:	f3bf 8f5f 	dmb	sy
1000102e:	23ff      	movs	r3, #255	; 0xff
10001030:	6820      	ldr	r0, [r4, #0]
10001032:	b2ce      	uxtb	r6, r1
10001034:	7b42      	ldrb	r2, [r0, #13]
10001036:	400b      	ands	r3, r1
10001038:	42b2      	cmp	r2, r6
1000103a:	d008      	beq.n	1000104e <alarm_pool_cancel_alarm+0x36>
1000103c:	6807      	ldr	r7, [r0, #0]
1000103e:	005a      	lsls	r2, r3, #1
10001040:	46bc      	mov	ip, r7
10001042:	18d2      	adds	r2, r2, r3
10001044:	4462      	add	r2, ip
10001046:	3a03      	subs	r2, #3
10001048:	7892      	ldrb	r2, [r2, #2]
1000104a:	2a00      	cmp	r2, #0
1000104c:	d011      	beq.n	10001072 <alarm_pool_cancel_alarm+0x5a>
1000104e:	68e2      	ldr	r2, [r4, #12]
10001050:	0a09      	lsrs	r1, r1, #8
10001052:	4694      	mov	ip, r2
10001054:	4463      	add	r3, ip
10001056:	3b01      	subs	r3, #1
10001058:	781b      	ldrb	r3, [r3, #0]
1000105a:	b2c9      	uxtb	r1, r1
1000105c:	428b      	cmp	r3, r1
1000105e:	d00e      	beq.n	1000107e <alarm_pool_cancel_alarm+0x66>
10001060:	2000      	movs	r0, #0
10001062:	6863      	ldr	r3, [r4, #4]
10001064:	f3bf 8f5f 	dmb	sy
10001068:	2200      	movs	r2, #0
1000106a:	601a      	str	r2, [r3, #0]
1000106c:	f385 8810 	msr	PRIMASK, r5
10001070:	bdf8      	pop	{r3, r4, r5, r6, r7, pc}
10001072:	6923      	ldr	r3, [r4, #16]
10001074:	428b      	cmp	r3, r1
10001076:	d1f3      	bne.n	10001060 <alarm_pool_cancel_alarm+0x48>
10001078:	6122      	str	r2, [r4, #16]
1000107a:	2000      	movs	r0, #0
1000107c:	e7f1      	b.n	10001062 <alarm_pool_cancel_alarm+0x4a>
1000107e:	0031      	movs	r1, r6
10001080:	f000 fc62 	bl	10001948 <ph_remove_and_free_node>
10001084:	e7ed      	b.n	10001062 <alarm_pool_cancel_alarm+0x4a>
10001086:	46c0      	nop			; (mov r8, r8)

10001088 <best_effort_wfe_or_timeout>:
10001088:	2300      	movs	r3, #0
1000108a:	b570      	push	{r4, r5, r6, lr}
1000108c:	b084      	sub	sp, #16
1000108e:	4e11      	ldr	r6, [pc, #68]	; (100010d4 <best_effort_wfe_or_timeout+0x4c>)
10001090:	9302      	str	r3, [sp, #8]
10001092:	9301      	str	r3, [sp, #4]
10001094:	4b10      	ldr	r3, [pc, #64]	; (100010d8 <best_effort_wfe_or_timeout+0x50>)
10001096:	0005      	movs	r5, r0
10001098:	9300      	str	r3, [sp, #0]
1000109a:	0002      	movs	r2, r0
1000109c:	000b      	movs	r3, r1
1000109e:	0030      	movs	r0, r6
100010a0:	000c      	movs	r4, r1
100010a2:	f7ff feeb 	bl	10000e7c <alarm_pool_add_alarm_at>
100010a6:	2800      	cmp	r0, #0
100010a8:	dd04      	ble.n	100010b4 <best_effort_wfe_or_timeout+0x2c>
100010aa:	bf20      	wfe
100010ac:	0001      	movs	r1, r0
100010ae:	0030      	movs	r0, r6
100010b0:	f7ff ffb2 	bl	10001018 <alarm_pool_cancel_alarm>
100010b4:	4a09      	ldr	r2, [pc, #36]	; (100010dc <best_effort_wfe_or_timeout+0x54>)
100010b6:	2000      	movs	r0, #0
100010b8:	6a53      	ldr	r3, [r2, #36]	; 0x24
100010ba:	42a3      	cmp	r3, r4
100010bc:	d303      	bcc.n	100010c6 <best_effort_wfe_or_timeout+0x3e>
100010be:	6a92      	ldr	r2, [r2, #40]	; 0x28
100010c0:	3001      	adds	r0, #1
100010c2:	42aa      	cmp	r2, r5
100010c4:	d301      	bcc.n	100010ca <best_effort_wfe_or_timeout+0x42>
100010c6:	b004      	add	sp, #16
100010c8:	bd70      	pop	{r4, r5, r6, pc}
100010ca:	1b1c      	subs	r4, r3, r4
100010cc:	1e60      	subs	r0, r4, #1
100010ce:	4184      	sbcs	r4, r0
100010d0:	b2e0      	uxtb	r0, r4
100010d2:	e7f8      	b.n	100010c6 <best_effort_wfe_or_timeout+0x3e>
100010d4:	200003bc 	.word	0x200003bc
100010d8:	10000afd 	.word	0x10000afd
100010dc:	40054000 	.word	0x40054000

100010e0 <hardware_alarm_irq_handler>:
100010e0:	b5f0      	push	{r4, r5, r6, r7, lr}
100010e2:	46c6      	mov	lr, r8
100010e4:	b500      	push	{lr}
100010e6:	f3ef 8305 	mrs	r3, IPSR
100010ea:	223f      	movs	r2, #63	; 0x3f
100010ec:	4013      	ands	r3, r2
100010ee:	0018      	movs	r0, r3
100010f0:	3810      	subs	r0, #16
100010f2:	f3ef 8710 	mrs	r7, PRIMASK
100010f6:	b672      	cpsid	i
100010f8:	4d1f      	ldr	r5, [pc, #124]	; (10001178 <hardware_alarm_irq_handler+0x98>)
100010fa:	682a      	ldr	r2, [r5, #0]
100010fc:	2a00      	cmp	r2, #0
100010fe:	d0fc      	beq.n	100010fa <hardware_alarm_irq_handler+0x1a>
10001100:	f3bf 8f5f 	dmb	sy
10001104:	2201      	movs	r2, #1
10001106:	0011      	movs	r1, r2
10001108:	4081      	lsls	r1, r0
1000110a:	4688      	mov	r8, r1
1000110c:	4644      	mov	r4, r8
1000110e:	491b      	ldr	r1, [pc, #108]	; (1000117c <hardware_alarm_irq_handler+0x9c>)
10001110:	634c      	str	r4, [r1, #52]	; 0x34
10001112:	4c1b      	ldr	r4, [pc, #108]	; (10001180 <hardware_alarm_irq_handler+0xa0>)
10001114:	7826      	ldrb	r6, [r4, #0]
10001116:	46a4      	mov	ip, r4
10001118:	0034      	movs	r4, r6
1000111a:	40c4      	lsrs	r4, r0
1000111c:	4022      	ands	r2, r4
1000111e:	d015      	beq.n	1000114c <hardware_alarm_irq_handler+0x6c>
10001120:	6a4c      	ldr	r4, [r1, #36]	; 0x24
10001122:	4918      	ldr	r1, [pc, #96]	; (10001184 <hardware_alarm_irq_handler+0xa4>)
10001124:	0082      	lsls	r2, r0, #2
10001126:	5851      	ldr	r1, [r2, r1]
10001128:	428c      	cmp	r4, r1
1000112a:	d317      	bcc.n	1000115c <hardware_alarm_irq_handler+0x7c>
1000112c:	4b16      	ldr	r3, [pc, #88]	; (10001188 <hardware_alarm_irq_handler+0xa8>)
1000112e:	58d2      	ldr	r2, [r2, r3]
10001130:	4643      	mov	r3, r8
10001132:	439e      	bics	r6, r3
10001134:	4663      	mov	r3, ip
10001136:	701e      	strb	r6, [r3, #0]
10001138:	f3bf 8f5f 	dmb	sy
1000113c:	2300      	movs	r3, #0
1000113e:	602b      	str	r3, [r5, #0]
10001140:	f387 8810 	msr	PRIMASK, r7
10001144:	2a00      	cmp	r2, #0
10001146:	d006      	beq.n	10001156 <hardware_alarm_irq_handler+0x76>
10001148:	4790      	blx	r2
1000114a:	e004      	b.n	10001156 <hardware_alarm_irq_handler+0x76>
1000114c:	f3bf 8f5f 	dmb	sy
10001150:	602a      	str	r2, [r5, #0]
10001152:	f387 8810 	msr	PRIMASK, r7
10001156:	bc04      	pop	{r2}
10001158:	4690      	mov	r8, r2
1000115a:	bdf0      	pop	{r4, r5, r6, r7, pc}
1000115c:	4a0b      	ldr	r2, [pc, #44]	; (1000118c <hardware_alarm_irq_handler+0xac>)
1000115e:	009b      	lsls	r3, r3, #2
10001160:	4694      	mov	ip, r2
10001162:	4463      	add	r3, ip
10001164:	681a      	ldr	r2, [r3, #0]
10001166:	601a      	str	r2, [r3, #0]
10001168:	f3bf 8f5f 	dmb	sy
1000116c:	2300      	movs	r3, #0
1000116e:	602b      	str	r3, [r5, #0]
10001170:	f387 8810 	msr	PRIMASK, r7
10001174:	e7ef      	b.n	10001156 <hardware_alarm_irq_handler+0x76>
10001176:	46c0      	nop			; (mov r8, r8)
10001178:	d0000128 	.word	0xd0000128
1000117c:	40054000 	.word	0x40054000
10001180:	20000f35 	.word	0x20000f35
10001184:	20000f08 	.word	0x20000f08
10001188:	20000928 	.word	0x20000928
1000118c:	40053fd0 	.word	0x40053fd0

10001190 <hardware_alarm_claim>:
10001190:	b510      	push	{r4, lr}
10001192:	0001      	movs	r1, r0
10001194:	4a02      	ldr	r2, [pc, #8]	; (100011a0 <hardware_alarm_claim+0x10>)
10001196:	4803      	ldr	r0, [pc, #12]	; (100011a4 <hardware_alarm_claim+0x14>)
10001198:	f7ff f948 	bl	1000042c <hw_claim_or_assert>
1000119c:	bd10      	pop	{r4, pc}
1000119e:	46c0      	nop			; (mov r8, r8)
100011a0:	10005068 	.word	0x10005068
100011a4:	20000f31 	.word	0x20000f31

100011a8 <time_us_64>:
100011a8:	4a04      	ldr	r2, [pc, #16]	; (100011bc <time_us_64+0x14>)
100011aa:	6a51      	ldr	r1, [r2, #36]	; 0x24
100011ac:	e000      	b.n	100011b0 <time_us_64+0x8>
100011ae:	0019      	movs	r1, r3
100011b0:	6a90      	ldr	r0, [r2, #40]	; 0x28
100011b2:	6a53      	ldr	r3, [r2, #36]	; 0x24
100011b4:	4299      	cmp	r1, r3
100011b6:	d1fa      	bne.n	100011ae <time_us_64+0x6>
100011b8:	4770      	bx	lr
100011ba:	46c0      	nop			; (mov r8, r8)
100011bc:	40054000 	.word	0x40054000

100011c0 <hardware_alarm_set_callback>:
100011c0:	b570      	push	{r4, r5, r6, lr}
100011c2:	0004      	movs	r4, r0
100011c4:	000d      	movs	r5, r1
100011c6:	f3ef 8610 	mrs	r6, PRIMASK
100011ca:	b672      	cpsid	i
100011cc:	4a1a      	ldr	r2, [pc, #104]	; (10001238 <hardware_alarm_set_callback+0x78>)
100011ce:	6813      	ldr	r3, [r2, #0]
100011d0:	2b00      	cmp	r3, #0
100011d2:	d0fc      	beq.n	100011ce <hardware_alarm_set_callback+0xe>
100011d4:	f3bf 8f5f 	dmb	sy
100011d8:	2d00      	cmp	r5, #0
100011da:	d01b      	beq.n	10001214 <hardware_alarm_set_callback+0x54>
100011dc:	0020      	movs	r0, r4
100011de:	f7ff f9f7 	bl	100005d0 <irq_get_vtable_handler>
100011e2:	4916      	ldr	r1, [pc, #88]	; (1000123c <hardware_alarm_set_callback+0x7c>)
100011e4:	4288      	cmp	r0, r1
100011e6:	d00a      	beq.n	100011fe <hardware_alarm_set_callback+0x3e>
100011e8:	0020      	movs	r0, r4
100011ea:	f7ff f9f9 	bl	100005e0 <irq_set_exclusive_handler>
100011ee:	2101      	movs	r1, #1
100011f0:	0020      	movs	r0, r4
100011f2:	f7ff f9bd 	bl	10000570 <irq_set_enabled>
100011f6:	2301      	movs	r3, #1
100011f8:	40a3      	lsls	r3, r4
100011fa:	4a11      	ldr	r2, [pc, #68]	; (10001240 <hardware_alarm_set_callback+0x80>)
100011fc:	6013      	str	r3, [r2, #0]
100011fe:	4b11      	ldr	r3, [pc, #68]	; (10001244 <hardware_alarm_set_callback+0x84>)
10001200:	00a4      	lsls	r4, r4, #2
10001202:	50e5      	str	r5, [r4, r3]
10001204:	f3bf 8f5f 	dmb	sy
10001208:	2200      	movs	r2, #0
1000120a:	4b0b      	ldr	r3, [pc, #44]	; (10001238 <hardware_alarm_set_callback+0x78>)
1000120c:	601a      	str	r2, [r3, #0]
1000120e:	f386 8810 	msr	PRIMASK, r6
10001212:	bd70      	pop	{r4, r5, r6, pc}
10001214:	4b0b      	ldr	r3, [pc, #44]	; (10001244 <hardware_alarm_set_callback+0x84>)
10001216:	00a2      	lsls	r2, r4, #2
10001218:	50d5      	str	r5, [r2, r3]
1000121a:	2201      	movs	r2, #1
1000121c:	40a2      	lsls	r2, r4
1000121e:	490a      	ldr	r1, [pc, #40]	; (10001248 <hardware_alarm_set_callback+0x88>)
10001220:	0020      	movs	r0, r4
10001222:	780b      	ldrb	r3, [r1, #0]
10001224:	4393      	bics	r3, r2
10001226:	700b      	strb	r3, [r1, #0]
10001228:	4904      	ldr	r1, [pc, #16]	; (1000123c <hardware_alarm_set_callback+0x7c>)
1000122a:	f7ff fae7 	bl	100007fc <irq_remove_handler>
1000122e:	2100      	movs	r1, #0
10001230:	0020      	movs	r0, r4
10001232:	f7ff f99d 	bl	10000570 <irq_set_enabled>
10001236:	e7e5      	b.n	10001204 <hardware_alarm_set_callback+0x44>
10001238:	d0000128 	.word	0xd0000128
1000123c:	100010e1 	.word	0x100010e1
10001240:	40056038 	.word	0x40056038
10001244:	20000928 	.word	0x20000928
10001248:	20000f35 	.word	0x20000f35

1000124c <hardware_alarm_set_target>:
1000124c:	b5f0      	push	{r4, r5, r6, r7, lr}
1000124e:	46d6      	mov	lr, sl
10001250:	464f      	mov	r7, r9
10001252:	4646      	mov	r6, r8
10001254:	4c32      	ldr	r4, [pc, #200]	; (10001320 <hardware_alarm_set_target+0xd4>)
10001256:	b5c0      	push	{r6, r7, lr}
10001258:	6a65      	ldr	r5, [r4, #36]	; 0x24
1000125a:	e000      	b.n	1000125e <hardware_alarm_set_target+0x12>
1000125c:	000d      	movs	r5, r1
1000125e:	6aa6      	ldr	r6, [r4, #40]	; 0x28
10001260:	6a61      	ldr	r1, [r4, #36]	; 0x24
10001262:	42a9      	cmp	r1, r5
10001264:	d1fa      	bne.n	1000125c <hardware_alarm_set_target+0x10>
10001266:	42ab      	cmp	r3, r5
10001268:	d809      	bhi.n	1000127e <hardware_alarm_set_target+0x32>
1000126a:	d006      	beq.n	1000127a <hardware_alarm_set_target+0x2e>
1000126c:	2401      	movs	r4, #1
1000126e:	0020      	movs	r0, r4
10001270:	bc1c      	pop	{r2, r3, r4}
10001272:	4690      	mov	r8, r2
10001274:	4699      	mov	r9, r3
10001276:	46a2      	mov	sl, r4
10001278:	bdf0      	pop	{r4, r5, r6, r7, pc}
1000127a:	42b2      	cmp	r2, r6
1000127c:	d9f6      	bls.n	1000126c <hardware_alarm_set_target+0x20>
1000127e:	f3ef 8910 	mrs	r9, PRIMASK
10001282:	b672      	cpsid	i
10001284:	4c27      	ldr	r4, [pc, #156]	; (10001324 <hardware_alarm_set_target+0xd8>)
10001286:	6821      	ldr	r1, [r4, #0]
10001288:	2900      	cmp	r1, #0
1000128a:	d0fc      	beq.n	10001286 <hardware_alarm_set_target+0x3a>
1000128c:	f3bf 8f5f 	dmb	sy
10001290:	2601      	movs	r6, #1
10001292:	4925      	ldr	r1, [pc, #148]	; (10001328 <hardware_alarm_set_target+0xdc>)
10001294:	4086      	lsls	r6, r0
10001296:	468c      	mov	ip, r1
10001298:	7809      	ldrb	r1, [r1, #0]
1000129a:	4d24      	ldr	r5, [pc, #144]	; (1000132c <hardware_alarm_set_target+0xe0>)
1000129c:	000f      	movs	r7, r1
1000129e:	4337      	orrs	r7, r6
100012a0:	4688      	mov	r8, r1
100012a2:	b2f9      	uxtb	r1, r7
100012a4:	468a      	mov	sl, r1
100012a6:	4661      	mov	r1, ip
100012a8:	4654      	mov	r4, sl
100012aa:	700c      	strb	r4, [r1, #0]
100012ac:	491c      	ldr	r1, [pc, #112]	; (10001320 <hardware_alarm_set_target+0xd4>)
100012ae:	1d04      	adds	r4, r0, #4
100012b0:	00a4      	lsls	r4, r4, #2
100012b2:	634e      	str	r6, [r1, #52]	; 0x34
100012b4:	5062      	str	r2, [r4, r1]
100012b6:	0084      	lsls	r4, r0, #2
100012b8:	5163      	str	r3, [r4, r5]
100012ba:	6a0d      	ldr	r5, [r1, #32]
100012bc:	2400      	movs	r4, #0
100012be:	4235      	tst	r5, r6
100012c0:	d01a      	beq.n	100012f8 <hardware_alarm_set_target+0xac>
100012c2:	6a4d      	ldr	r5, [r1, #36]	; 0x24
100012c4:	e000      	b.n	100012c8 <hardware_alarm_set_target+0x7c>
100012c6:	0025      	movs	r5, r4
100012c8:	6a8f      	ldr	r7, [r1, #40]	; 0x28
100012ca:	6a4c      	ldr	r4, [r1, #36]	; 0x24
100012cc:	42ac      	cmp	r4, r5
100012ce:	d1fa      	bne.n	100012c6 <hardware_alarm_set_target+0x7a>
100012d0:	42ab      	cmp	r3, r5
100012d2:	d819      	bhi.n	10001308 <hardware_alarm_set_target+0xbc>
100012d4:	d101      	bne.n	100012da <hardware_alarm_set_target+0x8e>
100012d6:	42ba      	cmp	r2, r7
100012d8:	d816      	bhi.n	10001308 <hardware_alarm_set_target+0xbc>
100012da:	45c2      	cmp	sl, r8
100012dc:	d01d      	beq.n	1000131a <hardware_alarm_set_target+0xce>
100012de:	4b10      	ldr	r3, [pc, #64]	; (10001320 <hardware_alarm_set_target+0xd4>)
100012e0:	4a13      	ldr	r2, [pc, #76]	; (10001330 <hardware_alarm_set_target+0xe4>)
100012e2:	621e      	str	r6, [r3, #32]
100012e4:	635e      	str	r6, [r3, #52]	; 0x34
100012e6:	231f      	movs	r3, #31
100012e8:	4018      	ands	r0, r3
100012ea:	3b1e      	subs	r3, #30
100012ec:	4083      	lsls	r3, r0
100012ee:	6013      	str	r3, [r2, #0]
100012f0:	4663      	mov	r3, ip
100012f2:	4642      	mov	r2, r8
100012f4:	2401      	movs	r4, #1
100012f6:	701a      	strb	r2, [r3, #0]
100012f8:	f3bf 8f5f 	dmb	sy
100012fc:	2200      	movs	r2, #0
100012fe:	4b09      	ldr	r3, [pc, #36]	; (10001324 <hardware_alarm_set_target+0xd8>)
10001300:	601a      	str	r2, [r3, #0]
10001302:	f389 8810 	msr	PRIMASK, r9
10001306:	e7b2      	b.n	1000126e <hardware_alarm_set_target+0x22>
10001308:	2400      	movs	r4, #0
1000130a:	f3bf 8f5f 	dmb	sy
1000130e:	2200      	movs	r2, #0
10001310:	4b04      	ldr	r3, [pc, #16]	; (10001324 <hardware_alarm_set_target+0xd8>)
10001312:	601a      	str	r2, [r3, #0]
10001314:	f389 8810 	msr	PRIMASK, r9
10001318:	e7a9      	b.n	1000126e <hardware_alarm_set_target+0x22>
1000131a:	2401      	movs	r4, #1
1000131c:	e7ec      	b.n	100012f8 <hardware_alarm_set_target+0xac>
1000131e:	46c0      	nop			; (mov r8, r8)
10001320:	40054000 	.word	0x40054000
10001324:	d0000128 	.word	0xd0000128
10001328:	20000f35 	.word	0x20000f35
1000132c:	20000f08 	.word	0x20000f08
10001330:	e000e280 	.word	0xe000e280

10001334 <hardware_alarm_cancel>:
10001334:	b510      	push	{r4, lr}
10001336:	f3ef 8410 	mrs	r4, PRIMASK
1000133a:	b672      	cpsid	i
1000133c:	490a      	ldr	r1, [pc, #40]	; (10001368 <hardware_alarm_cancel+0x34>)
1000133e:	680b      	ldr	r3, [r1, #0]
10001340:	2b00      	cmp	r3, #0
10001342:	d0fc      	beq.n	1000133e <hardware_alarm_cancel+0xa>
10001344:	f3bf 8f5f 	dmb	sy
10001348:	2301      	movs	r3, #1
1000134a:	4083      	lsls	r3, r0
1000134c:	4a07      	ldr	r2, [pc, #28]	; (1000136c <hardware_alarm_cancel+0x38>)
1000134e:	4808      	ldr	r0, [pc, #32]	; (10001370 <hardware_alarm_cancel+0x3c>)
10001350:	6213      	str	r3, [r2, #32]
10001352:	7802      	ldrb	r2, [r0, #0]
10001354:	439a      	bics	r2, r3
10001356:	7002      	strb	r2, [r0, #0]
10001358:	f3bf 8f5f 	dmb	sy
1000135c:	2300      	movs	r3, #0
1000135e:	600b      	str	r3, [r1, #0]
10001360:	f384 8810 	msr	PRIMASK, r4
10001364:	bd10      	pop	{r4, pc}
10001366:	46c0      	nop			; (mov r8, r8)
10001368:	d0000128 	.word	0xd0000128
1000136c:	40054000 	.word	0x40054000
10001370:	20000f35 	.word	0x20000f35

10001374 <ph_merge_nodes>:
10001374:	b570      	push	{r4, r5, r6, lr}
10001376:	0006      	movs	r6, r0
10001378:	000d      	movs	r5, r1
1000137a:	0014      	movs	r4, r2
1000137c:	2900      	cmp	r1, #0
1000137e:	d01e      	beq.n	100013be <ph_merge_nodes+0x4a>
10001380:	2a00      	cmp	r2, #0
10001382:	d01e      	beq.n	100013c2 <ph_merge_nodes+0x4e>
10001384:	6873      	ldr	r3, [r6, #4]
10001386:	6880      	ldr	r0, [r0, #8]
10001388:	4798      	blx	r3
1000138a:	0063      	lsls	r3, r4, #1
1000138c:	006a      	lsls	r2, r5, #1
1000138e:	191b      	adds	r3, r3, r4
10001390:	1952      	adds	r2, r2, r5
10001392:	3b03      	subs	r3, #3
10001394:	3a03      	subs	r2, #3
10001396:	6831      	ldr	r1, [r6, #0]
10001398:	2800      	cmp	r0, #0
1000139a:	d008      	beq.n	100013ae <ph_merge_nodes+0x3a>
1000139c:	18cb      	adds	r3, r1, r3
1000139e:	188a      	adds	r2, r1, r2
100013a0:	709d      	strb	r5, [r3, #2]
100013a2:	7811      	ldrb	r1, [r2, #0]
100013a4:	2900      	cmp	r1, #0
100013a6:	d10e      	bne.n	100013c6 <ph_merge_nodes+0x52>
100013a8:	7014      	strb	r4, [r2, #0]
100013aa:	0028      	movs	r0, r5
100013ac:	e008      	b.n	100013c0 <ph_merge_nodes+0x4c>
100013ae:	188a      	adds	r2, r1, r2
100013b0:	18cb      	adds	r3, r1, r3
100013b2:	7094      	strb	r4, [r2, #2]
100013b4:	7819      	ldrb	r1, [r3, #0]
100013b6:	2900      	cmp	r1, #0
100013b8:	d000      	beq.n	100013bc <ph_merge_nodes+0x48>
100013ba:	7051      	strb	r1, [r2, #1]
100013bc:	701d      	strb	r5, [r3, #0]
100013be:	0020      	movs	r0, r4
100013c0:	bd70      	pop	{r4, r5, r6, pc}
100013c2:	0008      	movs	r0, r1
100013c4:	e7fc      	b.n	100013c0 <ph_merge_nodes+0x4c>
100013c6:	7059      	strb	r1, [r3, #1]
100013c8:	0028      	movs	r0, r5
100013ca:	7014      	strb	r4, [r2, #0]
100013cc:	e7f8      	b.n	100013c0 <ph_merge_nodes+0x4c>
100013ce:	46c0      	nop			; (mov r8, r8)

100013d0 <ph_post_alloc_init>:
100013d0:	b5f0      	push	{r4, r5, r6, r7, lr}
100013d2:	46de      	mov	lr, fp
100013d4:	4657      	mov	r7, sl
100013d6:	464e      	mov	r6, r9
100013d8:	4645      	mov	r5, r8
100013da:	b5e0      	push	{r5, r6, r7, lr}
100013dc:	6083      	str	r3, [r0, #8]
100013de:	2300      	movs	r3, #0
100013e0:	b089      	sub	sp, #36	; 0x24
100013e2:	6042      	str	r2, [r0, #4]
100013e4:	6802      	ldr	r2, [r0, #0]
100013e6:	9106      	str	r1, [sp, #24]
100013e8:	7343      	strb	r3, [r0, #13]
100013ea:	b2c9      	uxtb	r1, r1
100013ec:	3301      	adds	r3, #1
100013ee:	9105      	str	r1, [sp, #20]
100013f0:	7301      	strb	r1, [r0, #12]
100013f2:	7383      	strb	r3, [r0, #14]
100013f4:	73c1      	strb	r1, [r0, #15]
100013f6:	9204      	str	r2, [sp, #16]
100013f8:	2901      	cmp	r1, #1
100013fa:	d800      	bhi.n	100013fe <ph_post_alloc_init+0x2e>
100013fc:	e0a4      	b.n	10001548 <ph_post_alloc_init+0x178>
100013fe:	000a      	movs	r2, r1
10001400:	1e4b      	subs	r3, r1, #1
10001402:	b2d9      	uxtb	r1, r3
10001404:	1e93      	subs	r3, r2, #2
10001406:	9107      	str	r1, [sp, #28]
10001408:	2b07      	cmp	r3, #7
1000140a:	d800      	bhi.n	1000140e <ph_post_alloc_init+0x3e>
1000140c:	e0ae      	b.n	1000156c <ph_post_alloc_init+0x19c>
1000140e:	2500      	movs	r5, #0
10001410:	08cb      	lsrs	r3, r1, #3
10001412:	9303      	str	r3, [sp, #12]
10001414:	9b04      	ldr	r3, [sp, #16]
10001416:	4c56      	ldr	r4, [pc, #344]	; (10001570 <ph_post_alloc_init+0x1a0>)
10001418:	1c59      	adds	r1, r3, #1
1000141a:	4b56      	ldr	r3, [pc, #344]	; (10001574 <ph_post_alloc_init+0x1a4>)
1000141c:	4856      	ldr	r0, [pc, #344]	; (10001578 <ph_post_alloc_init+0x1a8>)
1000141e:	469b      	mov	fp, r3
10001420:	4b56      	ldr	r3, [pc, #344]	; (1000157c <ph_post_alloc_init+0x1ac>)
10001422:	469a      	mov	sl, r3
10001424:	4b56      	ldr	r3, [pc, #344]	; (10001580 <ph_post_alloc_init+0x1b0>)
10001426:	469c      	mov	ip, r3
10001428:	4b56      	ldr	r3, [pc, #344]	; (10001584 <ph_post_alloc_init+0x1b4>)
1000142a:	9302      	str	r3, [sp, #8]
1000142c:	4652      	mov	r2, sl
1000142e:	4663      	mov	r3, ip
10001430:	465f      	mov	r7, fp
10001432:	465e      	mov	r6, fp
10001434:	4062      	eors	r2, r4
10001436:	401a      	ands	r2, r3
10001438:	4b50      	ldr	r3, [pc, #320]	; (1000157c <ph_post_alloc_init+0x1ac>)
1000143a:	4027      	ands	r7, r4
1000143c:	18fb      	adds	r3, r7, r3
1000143e:	405a      	eors	r2, r3
10001440:	4006      	ands	r6, r0
10001442:	4653      	mov	r3, sl
10001444:	9601      	str	r6, [sp, #4]
10001446:	4666      	mov	r6, ip
10001448:	4043      	eors	r3, r0
1000144a:	4033      	ands	r3, r6
1000144c:	4e4b      	ldr	r6, [pc, #300]	; (1000157c <ph_post_alloc_init+0x1ac>)
1000144e:	700a      	strb	r2, [r1, #0]
10001450:	46b0      	mov	r8, r6
10001452:	9e01      	ldr	r6, [sp, #4]
10001454:	3501      	adds	r5, #1
10001456:	46b1      	mov	r9, r6
10001458:	44c8      	add	r8, r9
1000145a:	4646      	mov	r6, r8
1000145c:	4073      	eors	r3, r6
1000145e:	0416      	lsls	r6, r2, #16
10001460:	0e36      	lsrs	r6, r6, #24
10001462:	70ce      	strb	r6, [r1, #3]
10001464:	0216      	lsls	r6, r2, #8
10001466:	0e12      	lsrs	r2, r2, #24
10001468:	724a      	strb	r2, [r1, #9]
1000146a:	041a      	lsls	r2, r3, #16
1000146c:	0e12      	lsrs	r2, r2, #24
1000146e:	730b      	strb	r3, [r1, #12]
10001470:	73ca      	strb	r2, [r1, #15]
10001472:	021a      	lsls	r2, r3, #8
10001474:	0e1b      	lsrs	r3, r3, #24
10001476:	754b      	strb	r3, [r1, #21]
10001478:	9b02      	ldr	r3, [sp, #8]
1000147a:	0e36      	lsrs	r6, r6, #24
1000147c:	405c      	eors	r4, r3
1000147e:	4663      	mov	r3, ip
10001480:	401c      	ands	r4, r3
10001482:	4b40      	ldr	r3, [pc, #256]	; (10001584 <ph_post_alloc_init+0x1b4>)
10001484:	0e12      	lsrs	r2, r2, #24
10001486:	4698      	mov	r8, r3
10001488:	9b02      	ldr	r3, [sp, #8]
1000148a:	4447      	add	r7, r8
1000148c:	4058      	eors	r0, r3
1000148e:	4663      	mov	r3, ip
10001490:	4018      	ands	r0, r3
10001492:	464b      	mov	r3, r9
10001494:	4443      	add	r3, r8
10001496:	4058      	eors	r0, r3
10001498:	9b03      	ldr	r3, [sp, #12]
1000149a:	b2ed      	uxtb	r5, r5
1000149c:	718e      	strb	r6, [r1, #6]
1000149e:	748a      	strb	r2, [r1, #18]
100014a0:	407c      	eors	r4, r7
100014a2:	3118      	adds	r1, #24
100014a4:	42ab      	cmp	r3, r5
100014a6:	d1c1      	bne.n	1000142c <ph_post_alloc_init+0x5c>
100014a8:	9907      	ldr	r1, [sp, #28]
100014aa:	2307      	movs	r3, #7
100014ac:	000a      	movs	r2, r1
100014ae:	439a      	bics	r2, r3
100014b0:	1c53      	adds	r3, r2, #1
100014b2:	b2db      	uxtb	r3, r3
100014b4:	4291      	cmp	r1, r2
100014b6:	d047      	beq.n	10001548 <ph_post_alloc_init+0x178>
100014b8:	9c04      	ldr	r4, [sp, #16]
100014ba:	005a      	lsls	r2, r3, #1
100014bc:	46a4      	mov	ip, r4
100014be:	18d2      	adds	r2, r2, r3
100014c0:	1c59      	adds	r1, r3, #1
100014c2:	4462      	add	r2, ip
100014c4:	9d05      	ldr	r5, [sp, #20]
100014c6:	b2c9      	uxtb	r1, r1
100014c8:	3a03      	subs	r2, #3
100014ca:	7051      	strb	r1, [r2, #1]
100014cc:	428d      	cmp	r5, r1
100014ce:	d93b      	bls.n	10001548 <ph_post_alloc_init+0x178>
100014d0:	004a      	lsls	r2, r1, #1
100014d2:	1852      	adds	r2, r2, r1
100014d4:	1c98      	adds	r0, r3, #2
100014d6:	4462      	add	r2, ip
100014d8:	b2c0      	uxtb	r0, r0
100014da:	3a03      	subs	r2, #3
100014dc:	7050      	strb	r0, [r2, #1]
100014de:	4285      	cmp	r5, r0
100014e0:	d932      	bls.n	10001548 <ph_post_alloc_init+0x178>
100014e2:	0042      	lsls	r2, r0, #1
100014e4:	1812      	adds	r2, r2, r0
100014e6:	1cd9      	adds	r1, r3, #3
100014e8:	4462      	add	r2, ip
100014ea:	b2c9      	uxtb	r1, r1
100014ec:	3a03      	subs	r2, #3
100014ee:	7051      	strb	r1, [r2, #1]
100014f0:	428d      	cmp	r5, r1
100014f2:	d929      	bls.n	10001548 <ph_post_alloc_init+0x178>
100014f4:	004a      	lsls	r2, r1, #1
100014f6:	1852      	adds	r2, r2, r1
100014f8:	1d18      	adds	r0, r3, #4
100014fa:	4462      	add	r2, ip
100014fc:	b2c0      	uxtb	r0, r0
100014fe:	3a03      	subs	r2, #3
10001500:	7050      	strb	r0, [r2, #1]
10001502:	4285      	cmp	r5, r0
10001504:	d920      	bls.n	10001548 <ph_post_alloc_init+0x178>
10001506:	0042      	lsls	r2, r0, #1
10001508:	1812      	adds	r2, r2, r0
1000150a:	1d59      	adds	r1, r3, #5
1000150c:	4462      	add	r2, ip
1000150e:	b2c9      	uxtb	r1, r1
10001510:	3a03      	subs	r2, #3
10001512:	7051      	strb	r1, [r2, #1]
10001514:	428d      	cmp	r5, r1
10001516:	d917      	bls.n	10001548 <ph_post_alloc_init+0x178>
10001518:	004a      	lsls	r2, r1, #1
1000151a:	1852      	adds	r2, r2, r1
1000151c:	1d98      	adds	r0, r3, #6
1000151e:	4462      	add	r2, ip
10001520:	b2c0      	uxtb	r0, r0
10001522:	3a03      	subs	r2, #3
10001524:	7050      	strb	r0, [r2, #1]
10001526:	4285      	cmp	r5, r0
10001528:	d90e      	bls.n	10001548 <ph_post_alloc_init+0x178>
1000152a:	0042      	lsls	r2, r0, #1
1000152c:	1812      	adds	r2, r2, r0
1000152e:	1dd9      	adds	r1, r3, #7
10001530:	4462      	add	r2, ip
10001532:	b2c9      	uxtb	r1, r1
10001534:	3a03      	subs	r2, #3
10001536:	7051      	strb	r1, [r2, #1]
10001538:	428d      	cmp	r5, r1
1000153a:	d905      	bls.n	10001548 <ph_post_alloc_init+0x178>
1000153c:	004a      	lsls	r2, r1, #1
1000153e:	1852      	adds	r2, r2, r1
10001540:	4462      	add	r2, ip
10001542:	3a03      	subs	r2, #3
10001544:	3308      	adds	r3, #8
10001546:	7053      	strb	r3, [r2, #1]
10001548:	23ff      	movs	r3, #255	; 0xff
1000154a:	9a06      	ldr	r2, [sp, #24]
1000154c:	4013      	ands	r3, r2
1000154e:	0059      	lsls	r1, r3, #1
10001550:	18c9      	adds	r1, r1, r3
10001552:	9b04      	ldr	r3, [sp, #16]
10001554:	469c      	mov	ip, r3
10001556:	2300      	movs	r3, #0
10001558:	4461      	add	r1, ip
1000155a:	3903      	subs	r1, #3
1000155c:	704b      	strb	r3, [r1, #1]
1000155e:	b009      	add	sp, #36	; 0x24
10001560:	bc3c      	pop	{r2, r3, r4, r5}
10001562:	4690      	mov	r8, r2
10001564:	4699      	mov	r9, r3
10001566:	46a2      	mov	sl, r4
10001568:	46ab      	mov	fp, r5
1000156a:	bdf0      	pop	{r4, r5, r6, r7, pc}
1000156c:	2301      	movs	r3, #1
1000156e:	e7a3      	b.n	100014b8 <ph_post_alloc_init+0xe8>
10001570:	04030201 	.word	0x04030201
10001574:	7f7f7f7f 	.word	0x7f7f7f7f
10001578:	08070605 	.word	0x08070605
1000157c:	01010101 	.word	0x01010101
10001580:	80808080 	.word	0x80808080
10001584:	08080808 	.word	0x08080808

10001588 <ph_merge_two_pass>:
10001588:	b570      	push	{r4, r5, r6, lr}
1000158a:	0004      	movs	r4, r0
1000158c:	2900      	cmp	r1, #0
1000158e:	d007      	beq.n	100015a0 <ph_merge_two_pass+0x18>
10001590:	004b      	lsls	r3, r1, #1
10001592:	6800      	ldr	r0, [r0, #0]
10001594:	185b      	adds	r3, r3, r1
10001596:	3b03      	subs	r3, #3
10001598:	18c3      	adds	r3, r0, r3
1000159a:	785a      	ldrb	r2, [r3, #1]
1000159c:	2a00      	cmp	r2, #0
1000159e:	d101      	bne.n	100015a4 <ph_merge_two_pass+0x1c>
100015a0:	0008      	movs	r0, r1
100015a2:	bd70      	pop	{r4, r5, r6, pc}
100015a4:	0055      	lsls	r5, r2, #1
100015a6:	18ad      	adds	r5, r5, r2
100015a8:	3d03      	subs	r5, #3
100015aa:	1940      	adds	r0, r0, r5
100015ac:	2500      	movs	r5, #0
100015ae:	7846      	ldrb	r6, [r0, #1]
100015b0:	7045      	strb	r5, [r0, #1]
100015b2:	705d      	strb	r5, [r3, #1]
100015b4:	0020      	movs	r0, r4
100015b6:	f7ff fedd 	bl	10001374 <ph_merge_nodes>
100015ba:	0031      	movs	r1, r6
100015bc:	0005      	movs	r5, r0
100015be:	0020      	movs	r0, r4
100015c0:	f7ff ffe2 	bl	10001588 <ph_merge_two_pass>
100015c4:	0029      	movs	r1, r5
100015c6:	0002      	movs	r2, r0
100015c8:	0020      	movs	r0, r4
100015ca:	f7ff fed3 	bl	10001374 <ph_merge_nodes>
100015ce:	0001      	movs	r1, r0
100015d0:	e7e6      	b.n	100015a0 <ph_merge_two_pass+0x18>
100015d2:	46c0      	nop			; (mov r8, r8)

100015d4 <ph_remove_any_head>:
100015d4:	b5f0      	push	{r4, r5, r6, r7, lr}
100015d6:	464e      	mov	r6, r9
100015d8:	4645      	mov	r5, r8
100015da:	46de      	mov	lr, fp
100015dc:	4657      	mov	r7, sl
100015de:	b5e0      	push	{r5, r6, r7, lr}
100015e0:	000e      	movs	r6, r1
100015e2:	0074      	lsls	r4, r6, #1
100015e4:	6801      	ldr	r1, [r0, #0]
100015e6:	19a4      	adds	r4, r4, r6
100015e8:	b085      	sub	sp, #20
100015ea:	3c03      	subs	r4, #3
100015ec:	9201      	str	r2, [sp, #4]
100015ee:	190a      	adds	r2, r1, r4
100015f0:	0005      	movs	r5, r0
100015f2:	7810      	ldrb	r0, [r2, #0]
100015f4:	2800      	cmp	r0, #0
100015f6:	d04c      	beq.n	10001692 <ph_remove_any_head+0xbe>
100015f8:	0043      	lsls	r3, r0, #1
100015fa:	181b      	adds	r3, r3, r0
100015fc:	3b03      	subs	r3, #3
100015fe:	18cb      	adds	r3, r1, r3
10001600:	785f      	ldrb	r7, [r3, #1]
10001602:	46bc      	mov	ip, r7
10001604:	2f00      	cmp	r7, #0
10001606:	d116      	bne.n	10001636 <ph_remove_any_head+0x62>
10001608:	9c01      	ldr	r4, [sp, #4]
1000160a:	2c00      	cmp	r4, #0
1000160c:	d03e      	beq.n	1000168c <ph_remove_any_head+0xb8>
1000160e:	7bec      	ldrb	r4, [r5, #15]
10001610:	2c00      	cmp	r4, #0
10001612:	d004      	beq.n	1000161e <ph_remove_any_head+0x4a>
10001614:	0063      	lsls	r3, r4, #1
10001616:	191b      	adds	r3, r3, r4
10001618:	18cb      	adds	r3, r1, r3
1000161a:	3b03      	subs	r3, #3
1000161c:	705e      	strb	r6, [r3, #1]
1000161e:	73ee      	strb	r6, [r5, #15]
10001620:	2800      	cmp	r0, #0
10001622:	d12f      	bne.n	10001684 <ph_remove_any_head+0xb0>
10001624:	2300      	movs	r3, #0
10001626:	7053      	strb	r3, [r2, #1]
10001628:	b005      	add	sp, #20
1000162a:	bc3c      	pop	{r2, r3, r4, r5}
1000162c:	4690      	mov	r8, r2
1000162e:	4699      	mov	r9, r3
10001630:	46a2      	mov	sl, r4
10001632:	46ab      	mov	fp, r5
10001634:	bdf0      	pop	{r4, r5, r6, r7, pc}
10001636:	007a      	lsls	r2, r7, #1
10001638:	4462      	add	r2, ip
1000163a:	3a03      	subs	r2, #3
1000163c:	1889      	adds	r1, r1, r2
1000163e:	784a      	ldrb	r2, [r1, #1]
10001640:	4693      	mov	fp, r2
10001642:	2200      	movs	r2, #0
10001644:	704a      	strb	r2, [r1, #1]
10001646:	4690      	mov	r8, r2
10001648:	705a      	strb	r2, [r3, #1]
1000164a:	0001      	movs	r1, r0
1000164c:	003a      	movs	r2, r7
1000164e:	0028      	movs	r0, r5
10001650:	f7ff fe90 	bl	10001374 <ph_merge_nodes>
10001654:	465b      	mov	r3, fp
10001656:	4681      	mov	r9, r0
10001658:	2b00      	cmp	r3, #0
1000165a:	d007      	beq.n	1000166c <ph_remove_any_head+0x98>
1000165c:	005b      	lsls	r3, r3, #1
1000165e:	6829      	ldr	r1, [r5, #0]
10001660:	445b      	add	r3, fp
10001662:	3b03      	subs	r3, #3
10001664:	18cb      	adds	r3, r1, r3
10001666:	785a      	ldrb	r2, [r3, #1]
10001668:	2a00      	cmp	r2, #0
1000166a:	d116      	bne.n	1000169a <ph_remove_any_head+0xc6>
1000166c:	465a      	mov	r2, fp
1000166e:	4649      	mov	r1, r9
10001670:	0028      	movs	r0, r5
10001672:	f7ff fe7f 	bl	10001374 <ph_merge_nodes>
10001676:	6829      	ldr	r1, [r5, #0]
10001678:	9b01      	ldr	r3, [sp, #4]
1000167a:	190a      	adds	r2, r1, r4
1000167c:	2b00      	cmp	r3, #0
1000167e:	d1c6      	bne.n	1000160e <ph_remove_any_head+0x3a>
10001680:	2800      	cmp	r0, #0
10001682:	d0cf      	beq.n	10001624 <ph_remove_any_head+0x50>
10001684:	0043      	lsls	r3, r0, #1
10001686:	181b      	adds	r3, r3, r0
10001688:	3b03      	subs	r3, #3
1000168a:	18cb      	adds	r3, r1, r3
1000168c:	2100      	movs	r1, #0
1000168e:	7099      	strb	r1, [r3, #2]
10001690:	e7c8      	b.n	10001624 <ph_remove_any_head+0x50>
10001692:	9b01      	ldr	r3, [sp, #4]
10001694:	2b00      	cmp	r3, #0
10001696:	d1ba      	bne.n	1000160e <ph_remove_any_head+0x3a>
10001698:	e7c4      	b.n	10001624 <ph_remove_any_head+0x50>
1000169a:	0050      	lsls	r0, r2, #1
1000169c:	1880      	adds	r0, r0, r2
1000169e:	3803      	subs	r0, #3
100016a0:	1809      	adds	r1, r1, r0
100016a2:	7848      	ldrb	r0, [r1, #1]
100016a4:	4682      	mov	sl, r0
100016a6:	4640      	mov	r0, r8
100016a8:	7048      	strb	r0, [r1, #1]
100016aa:	7058      	strb	r0, [r3, #1]
100016ac:	4659      	mov	r1, fp
100016ae:	0028      	movs	r0, r5
100016b0:	f7ff fe60 	bl	10001374 <ph_merge_nodes>
100016b4:	4653      	mov	r3, sl
100016b6:	4683      	mov	fp, r0
100016b8:	2b00      	cmp	r3, #0
100016ba:	d007      	beq.n	100016cc <ph_remove_any_head+0xf8>
100016bc:	005b      	lsls	r3, r3, #1
100016be:	6829      	ldr	r1, [r5, #0]
100016c0:	4453      	add	r3, sl
100016c2:	3b03      	subs	r3, #3
100016c4:	18cb      	adds	r3, r1, r3
100016c6:	785a      	ldrb	r2, [r3, #1]
100016c8:	2a00      	cmp	r2, #0
100016ca:	d106      	bne.n	100016da <ph_remove_any_head+0x106>
100016cc:	4659      	mov	r1, fp
100016ce:	4652      	mov	r2, sl
100016d0:	0028      	movs	r0, r5
100016d2:	f7ff fe4f 	bl	10001374 <ph_merge_nodes>
100016d6:	4683      	mov	fp, r0
100016d8:	e7c8      	b.n	1000166c <ph_remove_any_head+0x98>
100016da:	0050      	lsls	r0, r2, #1
100016dc:	1880      	adds	r0, r0, r2
100016de:	3803      	subs	r0, #3
100016e0:	1809      	adds	r1, r1, r0
100016e2:	4640      	mov	r0, r8
100016e4:	784f      	ldrb	r7, [r1, #1]
100016e6:	7048      	strb	r0, [r1, #1]
100016e8:	7058      	strb	r0, [r3, #1]
100016ea:	4651      	mov	r1, sl
100016ec:	0028      	movs	r0, r5
100016ee:	9702      	str	r7, [sp, #8]
100016f0:	f7ff fe40 	bl	10001374 <ph_merge_nodes>
100016f4:	4682      	mov	sl, r0
100016f6:	2f00      	cmp	r7, #0
100016f8:	d008      	beq.n	1000170c <ph_remove_any_head+0x138>
100016fa:	46bc      	mov	ip, r7
100016fc:	007b      	lsls	r3, r7, #1
100016fe:	6829      	ldr	r1, [r5, #0]
10001700:	4463      	add	r3, ip
10001702:	3b03      	subs	r3, #3
10001704:	18cb      	adds	r3, r1, r3
10001706:	785a      	ldrb	r2, [r3, #1]
10001708:	2a00      	cmp	r2, #0
1000170a:	d106      	bne.n	1000171a <ph_remove_any_head+0x146>
1000170c:	4651      	mov	r1, sl
1000170e:	9a02      	ldr	r2, [sp, #8]
10001710:	0028      	movs	r0, r5
10001712:	f7ff fe2f 	bl	10001374 <ph_merge_nodes>
10001716:	4682      	mov	sl, r0
10001718:	e7d8      	b.n	100016cc <ph_remove_any_head+0xf8>
1000171a:	0050      	lsls	r0, r2, #1
1000171c:	1880      	adds	r0, r0, r2
1000171e:	3803      	subs	r0, #3
10001720:	1809      	adds	r1, r1, r0
10001722:	4640      	mov	r0, r8
10001724:	784f      	ldrb	r7, [r1, #1]
10001726:	7048      	strb	r0, [r1, #1]
10001728:	7058      	strb	r0, [r3, #1]
1000172a:	9902      	ldr	r1, [sp, #8]
1000172c:	0028      	movs	r0, r5
1000172e:	9703      	str	r7, [sp, #12]
10001730:	f7ff fe20 	bl	10001374 <ph_merge_nodes>
10001734:	4680      	mov	r8, r0
10001736:	2f00      	cmp	r7, #0
10001738:	d008      	beq.n	1000174c <ph_remove_any_head+0x178>
1000173a:	46bc      	mov	ip, r7
1000173c:	007b      	lsls	r3, r7, #1
1000173e:	6829      	ldr	r1, [r5, #0]
10001740:	4463      	add	r3, ip
10001742:	3b03      	subs	r3, #3
10001744:	18cb      	adds	r3, r1, r3
10001746:	785a      	ldrb	r2, [r3, #1]
10001748:	2a00      	cmp	r2, #0
1000174a:	d106      	bne.n	1000175a <ph_remove_any_head+0x186>
1000174c:	9a03      	ldr	r2, [sp, #12]
1000174e:	4641      	mov	r1, r8
10001750:	0028      	movs	r0, r5
10001752:	f7ff fe0f 	bl	10001374 <ph_merge_nodes>
10001756:	9002      	str	r0, [sp, #8]
10001758:	e7d8      	b.n	1000170c <ph_remove_any_head+0x138>
1000175a:	2003      	movs	r0, #3
1000175c:	4350      	muls	r0, r2
1000175e:	3803      	subs	r0, #3
10001760:	1809      	adds	r1, r1, r0
10001762:	2000      	movs	r0, #0
10001764:	784f      	ldrb	r7, [r1, #1]
10001766:	7048      	strb	r0, [r1, #1]
10001768:	7058      	strb	r0, [r3, #1]
1000176a:	9903      	ldr	r1, [sp, #12]
1000176c:	0028      	movs	r0, r5
1000176e:	f7ff fe01 	bl	10001374 <ph_merge_nodes>
10001772:	0039      	movs	r1, r7
10001774:	9002      	str	r0, [sp, #8]
10001776:	0028      	movs	r0, r5
10001778:	f7ff ff06 	bl	10001588 <ph_merge_two_pass>
1000177c:	9902      	ldr	r1, [sp, #8]
1000177e:	0002      	movs	r2, r0
10001780:	0028      	movs	r0, r5
10001782:	f7ff fdf7 	bl	10001374 <ph_merge_nodes>
10001786:	9003      	str	r0, [sp, #12]
10001788:	e7e0      	b.n	1000174c <ph_remove_any_head+0x178>
1000178a:	46c0      	nop			; (mov r8, r8)

1000178c <ph_remove_head>:
1000178c:	b5f0      	push	{r4, r5, r6, r7, lr}
1000178e:	464e      	mov	r6, r9
10001790:	4645      	mov	r5, r8
10001792:	46de      	mov	lr, fp
10001794:	4657      	mov	r7, sl
10001796:	b5e0      	push	{r5, r6, r7, lr}
10001798:	7b46      	ldrb	r6, [r0, #13]
1000179a:	0005      	movs	r5, r0
1000179c:	0074      	lsls	r4, r6, #1
1000179e:	6800      	ldr	r0, [r0, #0]
100017a0:	19a4      	adds	r4, r4, r6
100017a2:	3c03      	subs	r4, #3
100017a4:	b085      	sub	sp, #20
100017a6:	1902      	adds	r2, r0, r4
100017a8:	9101      	str	r1, [sp, #4]
100017aa:	7811      	ldrb	r1, [r2, #0]
100017ac:	2900      	cmp	r1, #0
100017ae:	d04e      	beq.n	1000184e <ph_remove_head+0xc2>
100017b0:	004b      	lsls	r3, r1, #1
100017b2:	185b      	adds	r3, r3, r1
100017b4:	3b03      	subs	r3, #3
100017b6:	18c3      	adds	r3, r0, r3
100017b8:	785f      	ldrb	r7, [r3, #1]
100017ba:	46bc      	mov	ip, r7
100017bc:	2f00      	cmp	r7, #0
100017be:	d118      	bne.n	100017f2 <ph_remove_head+0x66>
100017c0:	9c01      	ldr	r4, [sp, #4]
100017c2:	2c00      	cmp	r4, #0
100017c4:	d040      	beq.n	10001848 <ph_remove_head+0xbc>
100017c6:	7bec      	ldrb	r4, [r5, #15]
100017c8:	2c00      	cmp	r4, #0
100017ca:	d004      	beq.n	100017d6 <ph_remove_head+0x4a>
100017cc:	0063      	lsls	r3, r4, #1
100017ce:	191b      	adds	r3, r3, r4
100017d0:	18c3      	adds	r3, r0, r3
100017d2:	3b03      	subs	r3, #3
100017d4:	705e      	strb	r6, [r3, #1]
100017d6:	73ee      	strb	r6, [r5, #15]
100017d8:	2900      	cmp	r1, #0
100017da:	d131      	bne.n	10001840 <ph_remove_head+0xb4>
100017dc:	2300      	movs	r3, #0
100017de:	0030      	movs	r0, r6
100017e0:	7053      	strb	r3, [r2, #1]
100017e2:	7369      	strb	r1, [r5, #13]
100017e4:	b005      	add	sp, #20
100017e6:	bc3c      	pop	{r2, r3, r4, r5}
100017e8:	4690      	mov	r8, r2
100017ea:	4699      	mov	r9, r3
100017ec:	46a2      	mov	sl, r4
100017ee:	46ab      	mov	fp, r5
100017f0:	bdf0      	pop	{r4, r5, r6, r7, pc}
100017f2:	007a      	lsls	r2, r7, #1
100017f4:	4462      	add	r2, ip
100017f6:	3a03      	subs	r2, #3
100017f8:	1880      	adds	r0, r0, r2
100017fa:	7842      	ldrb	r2, [r0, #1]
100017fc:	4693      	mov	fp, r2
100017fe:	2200      	movs	r2, #0
10001800:	7042      	strb	r2, [r0, #1]
10001802:	4690      	mov	r8, r2
10001804:	705a      	strb	r2, [r3, #1]
10001806:	0028      	movs	r0, r5
10001808:	003a      	movs	r2, r7
1000180a:	f7ff fdb3 	bl	10001374 <ph_merge_nodes>
1000180e:	465b      	mov	r3, fp
10001810:	4681      	mov	r9, r0
10001812:	2b00      	cmp	r3, #0
10001814:	d007      	beq.n	10001826 <ph_remove_head+0x9a>
10001816:	005b      	lsls	r3, r3, #1
10001818:	6829      	ldr	r1, [r5, #0]
1000181a:	445b      	add	r3, fp
1000181c:	3b03      	subs	r3, #3
1000181e:	18cb      	adds	r3, r1, r3
10001820:	785a      	ldrb	r2, [r3, #1]
10001822:	2a00      	cmp	r2, #0
10001824:	d117      	bne.n	10001856 <ph_remove_head+0xca>
10001826:	465a      	mov	r2, fp
10001828:	4649      	mov	r1, r9
1000182a:	0028      	movs	r0, r5
1000182c:	f7ff fda2 	bl	10001374 <ph_merge_nodes>
10001830:	9b01      	ldr	r3, [sp, #4]
10001832:	0001      	movs	r1, r0
10001834:	6828      	ldr	r0, [r5, #0]
10001836:	1902      	adds	r2, r0, r4
10001838:	2b00      	cmp	r3, #0
1000183a:	d1c4      	bne.n	100017c6 <ph_remove_head+0x3a>
1000183c:	2900      	cmp	r1, #0
1000183e:	d0cd      	beq.n	100017dc <ph_remove_head+0x50>
10001840:	004b      	lsls	r3, r1, #1
10001842:	185b      	adds	r3, r3, r1
10001844:	3b03      	subs	r3, #3
10001846:	18c3      	adds	r3, r0, r3
10001848:	2000      	movs	r0, #0
1000184a:	7098      	strb	r0, [r3, #2]
1000184c:	e7c6      	b.n	100017dc <ph_remove_head+0x50>
1000184e:	9b01      	ldr	r3, [sp, #4]
10001850:	2b00      	cmp	r3, #0
10001852:	d1b8      	bne.n	100017c6 <ph_remove_head+0x3a>
10001854:	e7c2      	b.n	100017dc <ph_remove_head+0x50>
10001856:	0050      	lsls	r0, r2, #1
10001858:	1880      	adds	r0, r0, r2
1000185a:	3803      	subs	r0, #3
1000185c:	1809      	adds	r1, r1, r0
1000185e:	7848      	ldrb	r0, [r1, #1]
10001860:	4682      	mov	sl, r0
10001862:	4640      	mov	r0, r8
10001864:	7048      	strb	r0, [r1, #1]
10001866:	7058      	strb	r0, [r3, #1]
10001868:	4659      	mov	r1, fp
1000186a:	0028      	movs	r0, r5
1000186c:	f7ff fd82 	bl	10001374 <ph_merge_nodes>
10001870:	4653      	mov	r3, sl
10001872:	4683      	mov	fp, r0
10001874:	2b00      	cmp	r3, #0
10001876:	d007      	beq.n	10001888 <ph_remove_head+0xfc>
10001878:	005b      	lsls	r3, r3, #1
1000187a:	6829      	ldr	r1, [r5, #0]
1000187c:	4453      	add	r3, sl
1000187e:	3b03      	subs	r3, #3
10001880:	18cb      	adds	r3, r1, r3
10001882:	785a      	ldrb	r2, [r3, #1]
10001884:	2a00      	cmp	r2, #0
10001886:	d106      	bne.n	10001896 <ph_remove_head+0x10a>
10001888:	4659      	mov	r1, fp
1000188a:	4652      	mov	r2, sl
1000188c:	0028      	movs	r0, r5
1000188e:	f7ff fd71 	bl	10001374 <ph_merge_nodes>
10001892:	4683      	mov	fp, r0
10001894:	e7c7      	b.n	10001826 <ph_remove_head+0x9a>
10001896:	0050      	lsls	r0, r2, #1
10001898:	1880      	adds	r0, r0, r2
1000189a:	3803      	subs	r0, #3
1000189c:	1809      	adds	r1, r1, r0
1000189e:	4640      	mov	r0, r8
100018a0:	784f      	ldrb	r7, [r1, #1]
100018a2:	7048      	strb	r0, [r1, #1]
100018a4:	7058      	strb	r0, [r3, #1]
100018a6:	4651      	mov	r1, sl
100018a8:	0028      	movs	r0, r5
100018aa:	9702      	str	r7, [sp, #8]
100018ac:	f7ff fd62 	bl	10001374 <ph_merge_nodes>
100018b0:	4682      	mov	sl, r0
100018b2:	2f00      	cmp	r7, #0
100018b4:	d008      	beq.n	100018c8 <ph_remove_head+0x13c>
100018b6:	46bc      	mov	ip, r7
100018b8:	007b      	lsls	r3, r7, #1
100018ba:	6829      	ldr	r1, [r5, #0]
100018bc:	4463      	add	r3, ip
100018be:	3b03      	subs	r3, #3
100018c0:	18cb      	adds	r3, r1, r3
100018c2:	785a      	ldrb	r2, [r3, #1]
100018c4:	2a00      	cmp	r2, #0
100018c6:	d106      	bne.n	100018d6 <ph_remove_head+0x14a>
100018c8:	4651      	mov	r1, sl
100018ca:	9a02      	ldr	r2, [sp, #8]
100018cc:	0028      	movs	r0, r5
100018ce:	f7ff fd51 	bl	10001374 <ph_merge_nodes>
100018d2:	4682      	mov	sl, r0
100018d4:	e7d8      	b.n	10001888 <ph_remove_head+0xfc>
100018d6:	0050      	lsls	r0, r2, #1
100018d8:	1880      	adds	r0, r0, r2
100018da:	3803      	subs	r0, #3
100018dc:	1809      	adds	r1, r1, r0
100018de:	4640      	mov	r0, r8
100018e0:	784f      	ldrb	r7, [r1, #1]
100018e2:	7048      	strb	r0, [r1, #1]
100018e4:	7058      	strb	r0, [r3, #1]
100018e6:	9902      	ldr	r1, [sp, #8]
100018e8:	0028      	movs	r0, r5
100018ea:	9703      	str	r7, [sp, #12]
100018ec:	f7ff fd42 	bl	10001374 <ph_merge_nodes>
100018f0:	4680      	mov	r8, r0
100018f2:	2f00      	cmp	r7, #0
100018f4:	d008      	beq.n	10001908 <ph_remove_head+0x17c>
100018f6:	46bc      	mov	ip, r7
100018f8:	007b      	lsls	r3, r7, #1
100018fa:	6829      	ldr	r1, [r5, #0]
100018fc:	4463      	add	r3, ip
100018fe:	3b03      	subs	r3, #3
10001900:	18cb      	adds	r3, r1, r3
10001902:	785a      	ldrb	r2, [r3, #1]
10001904:	2a00      	cmp	r2, #0
10001906:	d106      	bne.n	10001916 <ph_remove_head+0x18a>
10001908:	9a03      	ldr	r2, [sp, #12]
1000190a:	4641      	mov	r1, r8
1000190c:	0028      	movs	r0, r5
1000190e:	f7ff fd31 	bl	10001374 <ph_merge_nodes>
10001912:	9002      	str	r0, [sp, #8]
10001914:	e7d8      	b.n	100018c8 <ph_remove_head+0x13c>
10001916:	2003      	movs	r0, #3
10001918:	4350      	muls	r0, r2
1000191a:	3803      	subs	r0, #3
1000191c:	1809      	adds	r1, r1, r0
1000191e:	2000      	movs	r0, #0
10001920:	784f      	ldrb	r7, [r1, #1]
10001922:	7048      	strb	r0, [r1, #1]
10001924:	7058      	strb	r0, [r3, #1]
10001926:	9903      	ldr	r1, [sp, #12]
10001928:	0028      	movs	r0, r5
1000192a:	f7ff fd23 	bl	10001374 <ph_merge_nodes>
1000192e:	0039      	movs	r1, r7
10001930:	9002      	str	r0, [sp, #8]
10001932:	0028      	movs	r0, r5
10001934:	f7ff fe28 	bl	10001588 <ph_merge_two_pass>
10001938:	9902      	ldr	r1, [sp, #8]
1000193a:	0002      	movs	r2, r0
1000193c:	0028      	movs	r0, r5
1000193e:	f7ff fd19 	bl	10001374 <ph_merge_nodes>
10001942:	9003      	str	r0, [sp, #12]
10001944:	e7e0      	b.n	10001908 <ph_remove_head+0x17c>
10001946:	46c0      	nop			; (mov r8, r8)

10001948 <ph_remove_and_free_node>:
10001948:	b570      	push	{r4, r5, r6, lr}
1000194a:	0004      	movs	r4, r0
1000194c:	2900      	cmp	r1, #0
1000194e:	d02c      	beq.n	100019aa <ph_remove_and_free_node+0x62>
10001950:	7b43      	ldrb	r3, [r0, #13]
10001952:	428b      	cmp	r3, r1
10001954:	d02e      	beq.n	100019b4 <ph_remove_and_free_node+0x6c>
10001956:	6805      	ldr	r5, [r0, #0]
10001958:	0048      	lsls	r0, r1, #1
1000195a:	1840      	adds	r0, r0, r1
1000195c:	3803      	subs	r0, #3
1000195e:	1828      	adds	r0, r5, r0
10001960:	7882      	ldrb	r2, [r0, #2]
10001962:	2a00      	cmp	r2, #0
10001964:	d021      	beq.n	100019aa <ph_remove_and_free_node+0x62>
10001966:	0053      	lsls	r3, r2, #1
10001968:	189b      	adds	r3, r3, r2
1000196a:	3b03      	subs	r3, #3
1000196c:	18eb      	adds	r3, r5, r3
1000196e:	781a      	ldrb	r2, [r3, #0]
10001970:	428a      	cmp	r2, r1
10001972:	d102      	bne.n	1000197a <ph_remove_and_free_node+0x32>
10001974:	e01b      	b.n	100019ae <ph_remove_and_free_node+0x66>
10001976:	2a00      	cmp	r2, #0
10001978:	d008      	beq.n	1000198c <ph_remove_and_free_node+0x44>
1000197a:	0053      	lsls	r3, r2, #1
1000197c:	189b      	adds	r3, r3, r2
1000197e:	3b03      	subs	r3, #3
10001980:	18eb      	adds	r3, r5, r3
10001982:	785a      	ldrb	r2, [r3, #1]
10001984:	428a      	cmp	r2, r1
10001986:	d1f6      	bne.n	10001976 <ph_remove_and_free_node+0x2e>
10001988:	7842      	ldrb	r2, [r0, #1]
1000198a:	705a      	strb	r2, [r3, #1]
1000198c:	2300      	movs	r3, #0
1000198e:	2201      	movs	r2, #1
10001990:	7083      	strb	r3, [r0, #2]
10001992:	7043      	strb	r3, [r0, #1]
10001994:	0020      	movs	r0, r4
10001996:	f7ff fe1d 	bl	100015d4 <ph_remove_any_head>
1000199a:	7b61      	ldrb	r1, [r4, #13]
1000199c:	0002      	movs	r2, r0
1000199e:	0020      	movs	r0, r4
100019a0:	f7ff fce8 	bl	10001374 <ph_merge_nodes>
100019a4:	7360      	strb	r0, [r4, #13]
100019a6:	2001      	movs	r0, #1
100019a8:	e000      	b.n	100019ac <ph_remove_and_free_node+0x64>
100019aa:	2000      	movs	r0, #0
100019ac:	bd70      	pop	{r4, r5, r6, pc}
100019ae:	7842      	ldrb	r2, [r0, #1]
100019b0:	701a      	strb	r2, [r3, #0]
100019b2:	e7eb      	b.n	1000198c <ph_remove_and_free_node+0x44>
100019b4:	2201      	movs	r2, #1
100019b6:	0019      	movs	r1, r3
100019b8:	f7ff fe0c 	bl	100015d4 <ph_remove_any_head>
100019bc:	7360      	strb	r0, [r4, #13]
100019be:	2001      	movs	r0, #1
100019c0:	e7f4      	b.n	100019ac <ph_remove_and_free_node+0x64>
100019c2:	46c0      	nop			; (mov r8, r8)

100019c4 <mutex_init>:
100019c4:	b510      	push	{r4, lr}
100019c6:	0004      	movs	r4, r0
100019c8:	f7fe fdb6 	bl	10000538 <next_striped_spin_lock_num>
100019cc:	0001      	movs	r1, r0
100019ce:	0020      	movs	r0, r4
100019d0:	f7ff f872 	bl	10000ab8 <lock_init>
100019d4:	23ff      	movs	r3, #255	; 0xff
100019d6:	7123      	strb	r3, [r4, #4]
100019d8:	f3bf 8f5f 	dmb	sy
100019dc:	bd10      	pop	{r4, pc}
100019de:	46c0      	nop			; (mov r8, r8)

100019e0 <recursive_mutex_init>:
100019e0:	b510      	push	{r4, lr}
100019e2:	0004      	movs	r4, r0
100019e4:	f7fe fda8 	bl	10000538 <next_striped_spin_lock_num>
100019e8:	0001      	movs	r1, r0
100019ea:	0020      	movs	r0, r4
100019ec:	f7ff f864 	bl	10000ab8 <lock_init>
100019f0:	23ff      	movs	r3, #255	; 0xff
100019f2:	80a3      	strh	r3, [r4, #4]
100019f4:	f3bf 8f5f 	dmb	sy
100019f8:	bd10      	pop	{r4, pc}
100019fa:	46c0      	nop			; (mov r8, r8)

100019fc <critical_section_init>:
100019fc:	b510      	push	{r4, lr}
100019fe:	0004      	movs	r4, r0
10001a00:	2001      	movs	r0, #1
10001a02:	f7fe fda5 	bl	10000550 <spin_lock_claim_unused>
10001a06:	4b04      	ldr	r3, [pc, #16]	; (10001a18 <critical_section_init+0x1c>)
10001a08:	469c      	mov	ip, r3
10001a0a:	4460      	add	r0, ip
10001a0c:	0080      	lsls	r0, r0, #2
10001a0e:	6020      	str	r0, [r4, #0]
10001a10:	f3bf 8f5f 	dmb	sy
10001a14:	bd10      	pop	{r4, pc}
10001a16:	46c0      	nop			; (mov r8, r8)
10001a18:	34000040 	.word	0x34000040

10001a1c <runtime_init>:
10001a1c:	4b2d      	ldr	r3, [pc, #180]	; (10001ad4 <runtime_init+0xb8>)
10001a1e:	4a2e      	ldr	r2, [pc, #184]	; (10001ad8 <runtime_init+0xbc>)
10001a20:	b570      	push	{r4, r5, r6, lr}
10001a22:	601a      	str	r2, [r3, #0]
10001a24:	4a2d      	ldr	r2, [pc, #180]	; (10001adc <runtime_init+0xc0>)
10001a26:	4b2e      	ldr	r3, [pc, #184]	; (10001ae0 <runtime_init+0xc4>)
10001a28:	492e      	ldr	r1, [pc, #184]	; (10001ae4 <runtime_init+0xc8>)
10001a2a:	601a      	str	r2, [r3, #0]
10001a2c:	0010      	movs	r0, r2
10001a2e:	688b      	ldr	r3, [r1, #8]
10001a30:	4398      	bics	r0, r3
10001a32:	d1fb      	bne.n	10001a2c <runtime_init+0x10>
10001a34:	4c2c      	ldr	r4, [pc, #176]	; (10001ae8 <runtime_init+0xcc>)
10001a36:	4b2d      	ldr	r3, [pc, #180]	; (10001aec <runtime_init+0xd0>)
10001a38:	429c      	cmp	r4, r3
10001a3a:	d209      	bcs.n	10001a50 <runtime_init+0x34>
10001a3c:	3b01      	subs	r3, #1
10001a3e:	1b1d      	subs	r5, r3, r4
10001a40:	08ad      	lsrs	r5, r5, #2
10001a42:	3501      	adds	r5, #1
10001a44:	00ad      	lsls	r5, r5, #2
10001a46:	192d      	adds	r5, r5, r4
10001a48:	cc08      	ldmia	r4!, {r3}
10001a4a:	4798      	blx	r3
10001a4c:	42ac      	cmp	r4, r5
10001a4e:	d1fb      	bne.n	10001a48 <runtime_init+0x2c>
10001a50:	f000 f87e 	bl	10001b50 <clocks_init>
10001a54:	4a26      	ldr	r2, [pc, #152]	; (10001af0 <runtime_init+0xd4>)
10001a56:	4b22      	ldr	r3, [pc, #136]	; (10001ae0 <runtime_init+0xc4>)
10001a58:	601a      	str	r2, [r3, #0]
10001a5a:	4a22      	ldr	r2, [pc, #136]	; (10001ae4 <runtime_init+0xc8>)
10001a5c:	6893      	ldr	r3, [r2, #8]
10001a5e:	01db      	lsls	r3, r3, #7
10001a60:	3380      	adds	r3, #128	; 0x80
10001a62:	d1fb      	bne.n	10001a5c <runtime_init+0x40>
10001a64:	2240      	movs	r2, #64	; 0x40
10001a66:	4b23      	ldr	r3, [pc, #140]	; (10001af4 <runtime_init+0xd8>)
10001a68:	4d23      	ldr	r5, [pc, #140]	; (10001af8 <runtime_init+0xdc>)
10001a6a:	4824      	ldr	r0, [pc, #144]	; (10001afc <runtime_init+0xe0>)
10001a6c:	679a      	str	r2, [r3, #120]	; 0x78
10001a6e:	675a      	str	r2, [r3, #116]	; 0x74
10001a70:	671a      	str	r2, [r3, #112]	; 0x70
10001a72:	66da      	str	r2, [r3, #108]	; 0x6c
10001a74:	42a8      	cmp	r0, r5
10001a76:	d305      	bcc.n	10001a84 <runtime_init+0x68>
10001a78:	e00e      	b.n	10001a98 <runtime_init+0x7c>
10001a7a:	f7ff ffb1 	bl	100019e0 <recursive_mutex_init>
10001a7e:	0020      	movs	r0, r4
10001a80:	42ac      	cmp	r4, r5
10001a82:	d209      	bcs.n	10001a98 <runtime_init+0x7c>
10001a84:	0004      	movs	r4, r0
10001a86:	6803      	ldr	r3, [r0, #0]
10001a88:	3408      	adds	r4, #8
10001a8a:	2b00      	cmp	r3, #0
10001a8c:	d1f5      	bne.n	10001a7a <runtime_init+0x5e>
10001a8e:	f7ff ff99 	bl	100019c4 <mutex_init>
10001a92:	0020      	movs	r0, r4
10001a94:	42ac      	cmp	r4, r5
10001a96:	d3f5      	bcc.n	10001a84 <runtime_init+0x68>
10001a98:	4c19      	ldr	r4, [pc, #100]	; (10001b00 <runtime_init+0xe4>)
10001a9a:	4d1a      	ldr	r5, [pc, #104]	; (10001b04 <runtime_init+0xe8>)
10001a9c:	68a1      	ldr	r1, [r4, #8]
10001a9e:	22c0      	movs	r2, #192	; 0xc0
10001aa0:	0028      	movs	r0, r5
10001aa2:	f000 fbd3 	bl	1000224c <__wrap___aeabi_memcpy>
10001aa6:	60a5      	str	r5, [r4, #8]
10001aa8:	f7fe fd38 	bl	1000051c <spin_locks_reset>
10001aac:	f7fe ffda 	bl	10000a64 <irq_init_priorities>
10001ab0:	f7ff f9ae 	bl	10000e10 <alarm_pool_init_default>
10001ab4:	4c14      	ldr	r4, [pc, #80]	; (10001b08 <runtime_init+0xec>)
10001ab6:	4b15      	ldr	r3, [pc, #84]	; (10001b0c <runtime_init+0xf0>)
10001ab8:	429c      	cmp	r4, r3
10001aba:	d209      	bcs.n	10001ad0 <runtime_init+0xb4>
10001abc:	3b01      	subs	r3, #1
10001abe:	1b1d      	subs	r5, r3, r4
10001ac0:	08ad      	lsrs	r5, r5, #2
10001ac2:	3501      	adds	r5, #1
10001ac4:	00ad      	lsls	r5, r5, #2
10001ac6:	192d      	adds	r5, r5, r4
10001ac8:	cc08      	ldmia	r4!, {r3}
10001aca:	4798      	blx	r3
10001acc:	42a5      	cmp	r5, r4
10001ace:	d1fb      	bne.n	10001ac8 <runtime_init+0xac>
10001ad0:	bd70      	pop	{r4, r5, r6, pc}
10001ad2:	46c0      	nop			; (mov r8, r8)
10001ad4:	4000e000 	.word	0x4000e000
10001ad8:	fefbcdbf 	.word	0xfefbcdbf
10001adc:	003c7ffe 	.word	0x003c7ffe
10001ae0:	4000f000 	.word	0x4000f000
10001ae4:	4000c000 	.word	0x4000c000
10001ae8:	20000458 	.word	0x20000458
10001aec:	20000468 	.word	0x20000468
10001af0:	01ffffff 	.word	0x01ffffff
10001af4:	4001f000 	.word	0x4001f000
10001af8:	20000458 	.word	0x20000458
10001afc:	20000450 	.word	0x20000450
10001b00:	e000ed00 	.word	0xe000ed00
10001b04:	20000000 	.word	0x20000000
10001b08:	20000468 	.word	0x20000468
10001b0c:	20000470 	.word	0x20000470

10001b10 <exit>:
10001b10:	be00      	bkpt	0x0000
10001b12:	e7fd      	b.n	10001b10 <exit>

10001b14 <panic>:
10001b14:	b40f      	push	{r0, r1, r2, r3}
10001b16:	b500      	push	{lr}
10001b18:	4808      	ldr	r0, [pc, #32]	; (10001b3c <panic+0x28>)
10001b1a:	b083      	sub	sp, #12
10001b1c:	f000 fcc8 	bl	100024b0 <__wrap_puts>
10001b20:	9b04      	ldr	r3, [sp, #16]
10001b22:	2b00      	cmp	r3, #0
10001b24:	d007      	beq.n	10001b36 <panic+0x22>
10001b26:	a905      	add	r1, sp, #20
10001b28:	0018      	movs	r0, r3
10001b2a:	9101      	str	r1, [sp, #4]
10001b2c:	f000 fa34 	bl	10001f98 <weak_raw_vprintf>
10001b30:	4803      	ldr	r0, [pc, #12]	; (10001b40 <panic+0x2c>)
10001b32:	f000 fcbd 	bl	100024b0 <__wrap_puts>
10001b36:	be00      	bkpt	0x0000
10001b38:	e7fd      	b.n	10001b36 <panic+0x22>
10001b3a:	46c0      	nop			; (mov r8, r8)
10001b3c:	10005098 	.word	0x10005098
10001b40:	100050a8 	.word	0x100050a8

10001b44 <hard_assertion_failure>:
10001b44:	b510      	push	{r4, lr}
10001b46:	4801      	ldr	r0, [pc, #4]	; (10001b4c <hard_assertion_failure+0x8>)
10001b48:	f7ff ffe4 	bl	10001b14 <panic>
10001b4c:	1000508c 	.word	0x1000508c

10001b50 <clocks_init>:
10001b50:	b530      	push	{r4, r5, lr}
10001b52:	200c      	movs	r0, #12
10001b54:	b083      	sub	sp, #12
10001b56:	f000 f9af 	bl	10001eb8 <watchdog_start_tick>
10001b5a:	f7fe fcd7 	bl	1000050c <running_on_fpga>
10001b5e:	2800      	cmp	r0, #0
10001b60:	d00e      	beq.n	10001b80 <clocks_init+0x30>
10001b62:	4b94      	ldr	r3, [pc, #592]	; (10001db4 <clocks_init+0x264>)
10001b64:	4a94      	ldr	r2, [pc, #592]	; (10001db8 <clocks_init+0x268>)
10001b66:	601a      	str	r2, [r3, #0]
10001b68:	605a      	str	r2, [r3, #4]
10001b6a:	609a      	str	r2, [r3, #8]
10001b6c:	60da      	str	r2, [r3, #12]
10001b6e:	611a      	str	r2, [r3, #16]
10001b70:	615a      	str	r2, [r3, #20]
10001b72:	619a      	str	r2, [r3, #24]
10001b74:	61da      	str	r2, [r3, #28]
10001b76:	621a      	str	r2, [r3, #32]
10001b78:	4a90      	ldr	r2, [pc, #576]	; (10001dbc <clocks_init+0x26c>)
10001b7a:	625a      	str	r2, [r3, #36]	; 0x24
10001b7c:	b003      	add	sp, #12
10001b7e:	bd30      	pop	{r4, r5, pc}
10001b80:	4c8f      	ldr	r4, [pc, #572]	; (10001dc0 <clocks_init+0x270>)
10001b82:	67a0      	str	r0, [r4, #120]	; 0x78
10001b84:	f000 f9ec 	bl	10001f60 <xosc_init>
10001b88:	2201      	movs	r2, #1
10001b8a:	4b8e      	ldr	r3, [pc, #568]	; (10001dc4 <clocks_init+0x274>)
10001b8c:	601a      	str	r2, [r3, #0]
10001b8e:	6c63      	ldr	r3, [r4, #68]	; 0x44
10001b90:	2b01      	cmp	r3, #1
10001b92:	d1fc      	bne.n	10001b8e <clocks_init+0x3e>
10001b94:	2203      	movs	r2, #3
10001b96:	4b8c      	ldr	r3, [pc, #560]	; (10001dc8 <clocks_init+0x278>)
10001b98:	601a      	str	r2, [r3, #0]
10001b9a:	4a89      	ldr	r2, [pc, #548]	; (10001dc0 <clocks_init+0x270>)
10001b9c:	6b93      	ldr	r3, [r2, #56]	; 0x38
10001b9e:	2b01      	cmp	r3, #1
10001ba0:	d1fc      	bne.n	10001b9c <clocks_init+0x4c>
10001ba2:	3301      	adds	r3, #1
10001ba4:	9300      	str	r3, [sp, #0]
10001ba6:	4a89      	ldr	r2, [pc, #548]	; (10001dcc <clocks_init+0x27c>)
10001ba8:	3304      	adds	r3, #4
10001baa:	2101      	movs	r1, #1
10001bac:	4888      	ldr	r0, [pc, #544]	; (10001dd0 <clocks_init+0x280>)
10001bae:	f000 f92f 	bl	10001e10 <pll_init>
10001bb2:	2305      	movs	r3, #5
10001bb4:	4a87      	ldr	r2, [pc, #540]	; (10001dd4 <clocks_init+0x284>)
10001bb6:	9300      	str	r3, [sp, #0]
10001bb8:	2101      	movs	r1, #1
10001bba:	4887      	ldr	r0, [pc, #540]	; (10001dd8 <clocks_init+0x288>)
10001bbc:	f000 f928 	bl	10001e10 <pll_init>
10001bc0:	4b86      	ldr	r3, [pc, #536]	; (10001ddc <clocks_init+0x28c>)
10001bc2:	685a      	ldr	r2, [r3, #4]
10001bc4:	2aff      	cmp	r2, #255	; 0xff
10001bc6:	d802      	bhi.n	10001bce <clocks_init+0x7e>
10001bc8:	2280      	movs	r2, #128	; 0x80
10001bca:	0052      	lsls	r2, r2, #1
10001bcc:	605a      	str	r2, [r3, #4]
10001bce:	2280      	movs	r2, #128	; 0x80
10001bd0:	4c78      	ldr	r4, [pc, #480]	; (10001db4 <clocks_init+0x264>)
10001bd2:	4b7d      	ldr	r3, [pc, #500]	; (10001dc8 <clocks_init+0x278>)
10001bd4:	6921      	ldr	r1, [r4, #16]
10001bd6:	0112      	lsls	r2, r2, #4
10001bd8:	4d80      	ldr	r5, [pc, #512]	; (10001ddc <clocks_init+0x28c>)
10001bda:	601a      	str	r2, [r3, #0]
10001bdc:	2900      	cmp	r1, #0
10001bde:	d005      	beq.n	10001bec <clocks_init+0x9c>
10001be0:	6960      	ldr	r0, [r4, #20]
10001be2:	f000 fa27 	bl	10002034 <__wrap___aeabi_uidiv>
10001be6:	3001      	adds	r0, #1
10001be8:	3801      	subs	r0, #1
10001bea:	d1fd      	bne.n	10001be8 <clocks_init+0x98>
10001bec:	21e0      	movs	r1, #224	; 0xe0
10001bee:	4b7b      	ldr	r3, [pc, #492]	; (10001ddc <clocks_init+0x28c>)
10001bf0:	2002      	movs	r0, #2
10001bf2:	681a      	ldr	r2, [r3, #0]
10001bf4:	4011      	ands	r1, r2
10001bf6:	2280      	movs	r2, #128	; 0x80
10001bf8:	0152      	lsls	r2, r2, #5
10001bfa:	432a      	orrs	r2, r5
10001bfc:	6011      	str	r1, [r2, #0]
10001bfe:	6819      	ldr	r1, [r3, #0]
10001c00:	4048      	eors	r0, r1
10001c02:	2103      	movs	r1, #3
10001c04:	4001      	ands	r1, r0
10001c06:	6011      	str	r1, [r2, #0]
10001c08:	2104      	movs	r1, #4
10001c0a:	689a      	ldr	r2, [r3, #8]
10001c0c:	4211      	tst	r1, r2
10001c0e:	d0fc      	beq.n	10001c0a <clocks_init+0xba>
10001c10:	2280      	movs	r2, #128	; 0x80
10001c12:	2180      	movs	r1, #128	; 0x80
10001c14:	0192      	lsls	r2, r2, #6
10001c16:	432a      	orrs	r2, r5
10001c18:	0109      	lsls	r1, r1, #4
10001c1a:	6011      	str	r1, [r2, #0]
10001c1c:	2280      	movs	r2, #128	; 0x80
10001c1e:	0052      	lsls	r2, r2, #1
10001c20:	605a      	str	r2, [r3, #4]
10001c22:	4b6f      	ldr	r3, [pc, #444]	; (10001de0 <clocks_init+0x290>)
10001c24:	6123      	str	r3, [r4, #16]
10001c26:	4b6f      	ldr	r3, [pc, #444]	; (10001de4 <clocks_init+0x294>)
10001c28:	6859      	ldr	r1, [r3, #4]
10001c2a:	29ff      	cmp	r1, #255	; 0xff
10001c2c:	d800      	bhi.n	10001c30 <clocks_init+0xe0>
10001c2e:	605a      	str	r2, [r3, #4]
10001c30:	2203      	movs	r2, #3
10001c32:	486c      	ldr	r0, [pc, #432]	; (10001de4 <clocks_init+0x294>)
10001c34:	4b63      	ldr	r3, [pc, #396]	; (10001dc4 <clocks_init+0x274>)
10001c36:	2101      	movs	r1, #1
10001c38:	601a      	str	r2, [r3, #0]
10001c3a:	0002      	movs	r2, r0
10001c3c:	6893      	ldr	r3, [r2, #8]
10001c3e:	4219      	tst	r1, r3
10001c40:	d0fc      	beq.n	10001c3c <clocks_init+0xec>
10001c42:	25e0      	movs	r5, #224	; 0xe0
10001c44:	6813      	ldr	r3, [r2, #0]
10001c46:	401d      	ands	r5, r3
10001c48:	2380      	movs	r3, #128	; 0x80
10001c4a:	015b      	lsls	r3, r3, #5
10001c4c:	4303      	orrs	r3, r0
10001c4e:	601d      	str	r5, [r3, #0]
10001c50:	6812      	ldr	r2, [r2, #0]
10001c52:	404a      	eors	r2, r1
10001c54:	2103      	movs	r1, #3
10001c56:	4011      	ands	r1, r2
10001c58:	6019      	str	r1, [r3, #0]
10001c5a:	2102      	movs	r1, #2
10001c5c:	4a61      	ldr	r2, [pc, #388]	; (10001de4 <clocks_init+0x294>)
10001c5e:	6893      	ldr	r3, [r2, #8]
10001c60:	4219      	tst	r1, r3
10001c62:	d0fc      	beq.n	10001c5e <clocks_init+0x10e>
10001c64:	2380      	movs	r3, #128	; 0x80
10001c66:	2180      	movs	r1, #128	; 0x80
10001c68:	019b      	lsls	r3, r3, #6
10001c6a:	4303      	orrs	r3, r0
10001c6c:	0109      	lsls	r1, r1, #4
10001c6e:	6019      	str	r1, [r3, #0]
10001c70:	2180      	movs	r1, #128	; 0x80
10001c72:	4b5d      	ldr	r3, [pc, #372]	; (10001de8 <clocks_init+0x298>)
10001c74:	0049      	lsls	r1, r1, #1
10001c76:	6051      	str	r1, [r2, #4]
10001c78:	6163      	str	r3, [r4, #20]
10001c7a:	4b5c      	ldr	r3, [pc, #368]	; (10001dec <clocks_init+0x29c>)
10001c7c:	685a      	ldr	r2, [r3, #4]
10001c7e:	2aff      	cmp	r2, #255	; 0xff
10001c80:	d800      	bhi.n	10001c84 <clocks_init+0x134>
10001c82:	6059      	str	r1, [r3, #4]
10001c84:	2280      	movs	r2, #128	; 0x80
10001c86:	4b5a      	ldr	r3, [pc, #360]	; (10001df0 <clocks_init+0x2a0>)
10001c88:	69e1      	ldr	r1, [r4, #28]
10001c8a:	0112      	lsls	r2, r2, #4
10001c8c:	4d57      	ldr	r5, [pc, #348]	; (10001dec <clocks_init+0x29c>)
10001c8e:	601a      	str	r2, [r3, #0]
10001c90:	2900      	cmp	r1, #0
10001c92:	d005      	beq.n	10001ca0 <clocks_init+0x150>
10001c94:	6960      	ldr	r0, [r4, #20]
10001c96:	f000 f9cd 	bl	10002034 <__wrap___aeabi_uidiv>
10001c9a:	3001      	adds	r0, #1
10001c9c:	3801      	subs	r0, #1
10001c9e:	d1fd      	bne.n	10001c9c <clocks_init+0x14c>
10001ca0:	22e0      	movs	r2, #224	; 0xe0
10001ca2:	4952      	ldr	r1, [pc, #328]	; (10001dec <clocks_init+0x29c>)
10001ca4:	680b      	ldr	r3, [r1, #0]
10001ca6:	401a      	ands	r2, r3
10001ca8:	2380      	movs	r3, #128	; 0x80
10001caa:	015b      	lsls	r3, r3, #5
10001cac:	432b      	orrs	r3, r5
10001cae:	601a      	str	r2, [r3, #0]
10001cb0:	2380      	movs	r3, #128	; 0x80
10001cb2:	2280      	movs	r2, #128	; 0x80
10001cb4:	019b      	lsls	r3, r3, #6
10001cb6:	432b      	orrs	r3, r5
10001cb8:	0112      	lsls	r2, r2, #4
10001cba:	601a      	str	r2, [r3, #0]
10001cbc:	2280      	movs	r2, #128	; 0x80
10001cbe:	4b3e      	ldr	r3, [pc, #248]	; (10001db8 <clocks_init+0x268>)
10001cc0:	0052      	lsls	r2, r2, #1
10001cc2:	604a      	str	r2, [r1, #4]
10001cc4:	61e3      	str	r3, [r4, #28]
10001cc6:	4b4b      	ldr	r3, [pc, #300]	; (10001df4 <clocks_init+0x2a4>)
10001cc8:	6859      	ldr	r1, [r3, #4]
10001cca:	29ff      	cmp	r1, #255	; 0xff
10001ccc:	d800      	bhi.n	10001cd0 <clocks_init+0x180>
10001cce:	605a      	str	r2, [r3, #4]
10001cd0:	2280      	movs	r2, #128	; 0x80
10001cd2:	4b49      	ldr	r3, [pc, #292]	; (10001df8 <clocks_init+0x2a8>)
10001cd4:	6a21      	ldr	r1, [r4, #32]
10001cd6:	0112      	lsls	r2, r2, #4
10001cd8:	4d46      	ldr	r5, [pc, #280]	; (10001df4 <clocks_init+0x2a4>)
10001cda:	601a      	str	r2, [r3, #0]
10001cdc:	2900      	cmp	r1, #0
10001cde:	d005      	beq.n	10001cec <clocks_init+0x19c>
10001ce0:	6960      	ldr	r0, [r4, #20]
10001ce2:	f000 f9a7 	bl	10002034 <__wrap___aeabi_uidiv>
10001ce6:	3001      	adds	r0, #1
10001ce8:	3801      	subs	r0, #1
10001cea:	d1fd      	bne.n	10001ce8 <clocks_init+0x198>
10001cec:	22e0      	movs	r2, #224	; 0xe0
10001cee:	4941      	ldr	r1, [pc, #260]	; (10001df4 <clocks_init+0x2a4>)
10001cf0:	680b      	ldr	r3, [r1, #0]
10001cf2:	401a      	ands	r2, r3
10001cf4:	2380      	movs	r3, #128	; 0x80
10001cf6:	015b      	lsls	r3, r3, #5
10001cf8:	432b      	orrs	r3, r5
10001cfa:	601a      	str	r2, [r3, #0]
10001cfc:	2380      	movs	r3, #128	; 0x80
10001cfe:	2280      	movs	r2, #128	; 0x80
10001d00:	019b      	lsls	r3, r3, #6
10001d02:	432b      	orrs	r3, r5
10001d04:	0112      	lsls	r2, r2, #4
10001d06:	601a      	str	r2, [r3, #0]
10001d08:	2380      	movs	r3, #128	; 0x80
10001d0a:	005b      	lsls	r3, r3, #1
10001d0c:	604b      	str	r3, [r1, #4]
10001d0e:	4b2a      	ldr	r3, [pc, #168]	; (10001db8 <clocks_init+0x268>)
10001d10:	4a3a      	ldr	r2, [pc, #232]	; (10001dfc <clocks_init+0x2ac>)
10001d12:	6223      	str	r3, [r4, #32]
10001d14:	4b3a      	ldr	r3, [pc, #232]	; (10001e00 <clocks_init+0x2b0>)
10001d16:	6859      	ldr	r1, [r3, #4]
10001d18:	4291      	cmp	r1, r2
10001d1a:	d801      	bhi.n	10001d20 <clocks_init+0x1d0>
10001d1c:	3201      	adds	r2, #1
10001d1e:	605a      	str	r2, [r3, #4]
10001d20:	2280      	movs	r2, #128	; 0x80
10001d22:	4b38      	ldr	r3, [pc, #224]	; (10001e04 <clocks_init+0x2b4>)
10001d24:	6a61      	ldr	r1, [r4, #36]	; 0x24
10001d26:	0112      	lsls	r2, r2, #4
10001d28:	4d35      	ldr	r5, [pc, #212]	; (10001e00 <clocks_init+0x2b0>)
10001d2a:	601a      	str	r2, [r3, #0]
10001d2c:	2900      	cmp	r1, #0
10001d2e:	d005      	beq.n	10001d3c <clocks_init+0x1ec>
10001d30:	6960      	ldr	r0, [r4, #20]
10001d32:	f000 f97f 	bl	10002034 <__wrap___aeabi_uidiv>
10001d36:	3001      	adds	r0, #1
10001d38:	3801      	subs	r0, #1
10001d3a:	d1fd      	bne.n	10001d38 <clocks_init+0x1e8>
10001d3c:	22e0      	movs	r2, #224	; 0xe0
10001d3e:	4930      	ldr	r1, [pc, #192]	; (10001e00 <clocks_init+0x2b0>)
10001d40:	680b      	ldr	r3, [r1, #0]
10001d42:	401a      	ands	r2, r3
10001d44:	2380      	movs	r3, #128	; 0x80
10001d46:	015b      	lsls	r3, r3, #5
10001d48:	432b      	orrs	r3, r5
10001d4a:	601a      	str	r2, [r3, #0]
10001d4c:	2380      	movs	r3, #128	; 0x80
10001d4e:	2280      	movs	r2, #128	; 0x80
10001d50:	019b      	lsls	r3, r3, #6
10001d52:	432b      	orrs	r3, r5
10001d54:	0112      	lsls	r2, r2, #4
10001d56:	601a      	str	r2, [r3, #0]
10001d58:	2380      	movs	r3, #128	; 0x80
10001d5a:	02db      	lsls	r3, r3, #11
10001d5c:	604b      	str	r3, [r1, #4]
10001d5e:	4b17      	ldr	r3, [pc, #92]	; (10001dbc <clocks_init+0x26c>)
10001d60:	6263      	str	r3, [r4, #36]	; 0x24
10001d62:	4b29      	ldr	r3, [pc, #164]	; (10001e08 <clocks_init+0x2b8>)
10001d64:	685a      	ldr	r2, [r3, #4]
10001d66:	2aff      	cmp	r2, #255	; 0xff
10001d68:	d802      	bhi.n	10001d70 <clocks_init+0x220>
10001d6a:	2280      	movs	r2, #128	; 0x80
10001d6c:	0052      	lsls	r2, r2, #1
10001d6e:	605a      	str	r2, [r3, #4]
10001d70:	2280      	movs	r2, #128	; 0x80
10001d72:	4b26      	ldr	r3, [pc, #152]	; (10001e0c <clocks_init+0x2bc>)
10001d74:	69a1      	ldr	r1, [r4, #24]
10001d76:	0112      	lsls	r2, r2, #4
10001d78:	4d23      	ldr	r5, [pc, #140]	; (10001e08 <clocks_init+0x2b8>)
10001d7a:	601a      	str	r2, [r3, #0]
10001d7c:	2900      	cmp	r1, #0
10001d7e:	d005      	beq.n	10001d8c <clocks_init+0x23c>
10001d80:	6960      	ldr	r0, [r4, #20]
10001d82:	f000 f957 	bl	10002034 <__wrap___aeabi_uidiv>
10001d86:	3001      	adds	r0, #1
10001d88:	3801      	subs	r0, #1
10001d8a:	d1fd      	bne.n	10001d88 <clocks_init+0x238>
10001d8c:	22e0      	movs	r2, #224	; 0xe0
10001d8e:	491e      	ldr	r1, [pc, #120]	; (10001e08 <clocks_init+0x2b8>)
10001d90:	680b      	ldr	r3, [r1, #0]
10001d92:	401a      	ands	r2, r3
10001d94:	2380      	movs	r3, #128	; 0x80
10001d96:	015b      	lsls	r3, r3, #5
10001d98:	432b      	orrs	r3, r5
10001d9a:	601a      	str	r2, [r3, #0]
10001d9c:	2380      	movs	r3, #128	; 0x80
10001d9e:	2280      	movs	r2, #128	; 0x80
10001da0:	019b      	lsls	r3, r3, #6
10001da2:	432b      	orrs	r3, r5
10001da4:	0112      	lsls	r2, r2, #4
10001da6:	601a      	str	r2, [r3, #0]
10001da8:	2380      	movs	r3, #128	; 0x80
10001daa:	005b      	lsls	r3, r3, #1
10001dac:	604b      	str	r3, [r1, #4]
10001dae:	4b0e      	ldr	r3, [pc, #56]	; (10001de8 <clocks_init+0x298>)
10001db0:	61a3      	str	r3, [r4, #24]
10001db2:	e6e3      	b.n	10001b7c <clocks_init+0x2c>
10001db4:	20000a3c 	.word	0x20000a3c
10001db8:	02dc6c00 	.word	0x02dc6c00
10001dbc:	0000b71b 	.word	0x0000b71b
10001dc0:	40008000 	.word	0x40008000
10001dc4:	4000b03c 	.word	0x4000b03c
10001dc8:	4000b030 	.word	0x4000b030
10001dcc:	59682f00 	.word	0x59682f00
10001dd0:	40028000 	.word	0x40028000
10001dd4:	47868c00 	.word	0x47868c00
10001dd8:	4002c000 	.word	0x4002c000
10001ddc:	40008030 	.word	0x40008030
10001de0:	00b71b00 	.word	0x00b71b00
10001de4:	4000803c 	.word	0x4000803c
10001de8:	07735940 	.word	0x07735940
10001dec:	40008054 	.word	0x40008054
10001df0:	4000b054 	.word	0x4000b054
10001df4:	40008060 	.word	0x40008060
10001df8:	4000b060 	.word	0x4000b060
10001dfc:	0003ffff 	.word	0x0003ffff
10001e00:	4000806c 	.word	0x4000806c
10001e04:	4000b06c 	.word	0x4000b06c
10001e08:	40008048 	.word	0x40008048
10001e0c:	4000b048 	.word	0x4000b048

10001e10 <pll_init>:
10001e10:	b5f8      	push	{r3, r4, r5, r6, r7, lr}
10001e12:	0004      	movs	r4, r0
10001e14:	200c      	movs	r0, #12
10001e16:	001e      	movs	r6, r3
10001e18:	0017      	movs	r7, r2
10001e1a:	000d      	movs	r5, r1
10001e1c:	f000 f90a 	bl	10002034 <__wrap___aeabi_uidiv>
10001e20:	0142      	lsls	r2, r0, #5
10001e22:	1a12      	subs	r2, r2, r0
10001e24:	0191      	lsls	r1, r2, #6
10001e26:	1a89      	subs	r1, r1, r2
10001e28:	00c9      	lsls	r1, r1, #3
10001e2a:	1809      	adds	r1, r1, r0
10001e2c:	0189      	lsls	r1, r1, #6
10001e2e:	0038      	movs	r0, r7
10001e30:	f000 f900 	bl	10002034 <__wrap___aeabi_uidiv>
10001e34:	9b06      	ldr	r3, [sp, #24]
10001e36:	6822      	ldr	r2, [r4, #0]
10001e38:	0436      	lsls	r6, r6, #16
10001e3a:	031b      	lsls	r3, r3, #12
10001e3c:	4333      	orrs	r3, r6
10001e3e:	2a00      	cmp	r2, #0
10001e40:	db21      	blt.n	10001e86 <pll_init+0x76>
10001e42:	4a19      	ldr	r2, [pc, #100]	; (10001ea8 <pll_init+0x98>)
10001e44:	4e19      	ldr	r6, [pc, #100]	; (10001eac <pll_init+0x9c>)
10001e46:	18a2      	adds	r2, r4, r2
10001e48:	4251      	negs	r1, r2
10001e4a:	414a      	adcs	r2, r1
10001e4c:	2180      	movs	r1, #128	; 0x80
10001e4e:	0149      	lsls	r1, r1, #5
10001e50:	468c      	mov	ip, r1
10001e52:	4252      	negs	r2, r2
10001e54:	400a      	ands	r2, r1
10001e56:	4916      	ldr	r1, [pc, #88]	; (10001eb0 <pll_init+0xa0>)
10001e58:	4462      	add	r2, ip
10001e5a:	600a      	str	r2, [r1, #0]
10001e5c:	4915      	ldr	r1, [pc, #84]	; (10001eb4 <pll_init+0xa4>)
10001e5e:	600a      	str	r2, [r1, #0]
10001e60:	0017      	movs	r7, r2
10001e62:	68b1      	ldr	r1, [r6, #8]
10001e64:	438f      	bics	r7, r1
10001e66:	d1fb      	bne.n	10001e60 <pll_init+0x50>
10001e68:	21c0      	movs	r1, #192	; 0xc0
10001e6a:	1d22      	adds	r2, r4, #4
10001e6c:	0189      	lsls	r1, r1, #6
10001e6e:	4311      	orrs	r1, r2
10001e70:	2221      	movs	r2, #33	; 0x21
10001e72:	6025      	str	r5, [r4, #0]
10001e74:	60a0      	str	r0, [r4, #8]
10001e76:	600a      	str	r2, [r1, #0]
10001e78:	6822      	ldr	r2, [r4, #0]
10001e7a:	2a00      	cmp	r2, #0
10001e7c:	dafc      	bge.n	10001e78 <pll_init+0x68>
10001e7e:	60e3      	str	r3, [r4, #12]
10001e80:	2308      	movs	r3, #8
10001e82:	600b      	str	r3, [r1, #0]
10001e84:	bdf8      	pop	{r3, r4, r5, r6, r7, pc}
10001e86:	223f      	movs	r2, #63	; 0x3f
10001e88:	6821      	ldr	r1, [r4, #0]
10001e8a:	400a      	ands	r2, r1
10001e8c:	42aa      	cmp	r2, r5
10001e8e:	d1d8      	bne.n	10001e42 <pll_init+0x32>
10001e90:	68a2      	ldr	r2, [r4, #8]
10001e92:	0512      	lsls	r2, r2, #20
10001e94:	0d12      	lsrs	r2, r2, #20
10001e96:	4282      	cmp	r2, r0
10001e98:	d1d3      	bne.n	10001e42 <pll_init+0x32>
10001e9a:	21ee      	movs	r1, #238	; 0xee
10001e9c:	68e2      	ldr	r2, [r4, #12]
10001e9e:	02c9      	lsls	r1, r1, #11
10001ea0:	400a      	ands	r2, r1
10001ea2:	429a      	cmp	r2, r3
10001ea4:	d1cd      	bne.n	10001e42 <pll_init+0x32>
10001ea6:	e7ed      	b.n	10001e84 <pll_init+0x74>
10001ea8:	bffd4000 	.word	0xbffd4000
10001eac:	4000c000 	.word	0x4000c000
10001eb0:	4000e000 	.word	0x4000e000
10001eb4:	4000f000 	.word	0x4000f000

10001eb8 <watchdog_start_tick>:
10001eb8:	2380      	movs	r3, #128	; 0x80
10001eba:	4a02      	ldr	r2, [pc, #8]	; (10001ec4 <watchdog_start_tick+0xc>)
10001ebc:	009b      	lsls	r3, r3, #2
10001ebe:	4303      	orrs	r3, r0
10001ec0:	62d3      	str	r3, [r2, #44]	; 0x2c
10001ec2:	4770      	bx	lr
10001ec4:	40058000 	.word	0x40058000

10001ec8 <watchdog_reboot>:
10001ec8:	b510      	push	{r4, lr}
10001eca:	2480      	movs	r4, #128	; 0x80
10001ecc:	4b1b      	ldr	r3, [pc, #108]	; (10001f3c <watchdog_reboot+0x74>)
10001ece:	05e4      	lsls	r4, r4, #23
10001ed0:	601c      	str	r4, [r3, #0]
10001ed2:	2800      	cmp	r0, #0
10001ed4:	d02b      	beq.n	10001f2e <watchdog_reboot+0x66>
10001ed6:	2301      	movs	r3, #1
10001ed8:	4c19      	ldr	r4, [pc, #100]	; (10001f40 <watchdog_reboot+0x78>)
10001eda:	4318      	orrs	r0, r3
10001edc:	4b19      	ldr	r3, [pc, #100]	; (10001f44 <watchdog_reboot+0x7c>)
10001ede:	61dc      	str	r4, [r3, #28]
10001ee0:	4c19      	ldr	r4, [pc, #100]	; (10001f48 <watchdog_reboot+0x80>)
10001ee2:	4044      	eors	r4, r0
10001ee4:	621c      	str	r4, [r3, #32]
10001ee6:	6259      	str	r1, [r3, #36]	; 0x24
10001ee8:	6298      	str	r0, [r3, #40]	; 0x28
10001eea:	2180      	movs	r1, #128	; 0x80
10001eec:	4b13      	ldr	r3, [pc, #76]	; (10001f3c <watchdog_reboot+0x74>)
10001eee:	05c9      	lsls	r1, r1, #23
10001ef0:	6019      	str	r1, [r3, #0]
10001ef2:	4816      	ldr	r0, [pc, #88]	; (10001f4c <watchdog_reboot+0x84>)
10001ef4:	4916      	ldr	r1, [pc, #88]	; (10001f50 <watchdog_reboot+0x88>)
10001ef6:	6008      	str	r0, [r1, #0]
10001ef8:	21e0      	movs	r1, #224	; 0xe0
10001efa:	04c9      	lsls	r1, r1, #19
10001efc:	6019      	str	r1, [r3, #0]
10001efe:	2a00      	cmp	r2, #0
10001f00:	d104      	bne.n	10001f0c <watchdog_reboot+0x44>
10001f02:	2280      	movs	r2, #128	; 0x80
10001f04:	4b13      	ldr	r3, [pc, #76]	; (10001f54 <watchdog_reboot+0x8c>)
10001f06:	0612      	lsls	r2, r2, #24
10001f08:	601a      	str	r2, [r3, #0]
10001f0a:	bd10      	pop	{r4, pc}
10001f0c:	0153      	lsls	r3, r2, #5
10001f0e:	1a9b      	subs	r3, r3, r2
10001f10:	009b      	lsls	r3, r3, #2
10001f12:	189a      	adds	r2, r3, r2
10001f14:	4b10      	ldr	r3, [pc, #64]	; (10001f58 <watchdog_reboot+0x90>)
10001f16:	0112      	lsls	r2, r2, #4
10001f18:	429a      	cmp	r2, r3
10001f1a:	d80b      	bhi.n	10001f34 <watchdog_reboot+0x6c>
10001f1c:	4b0f      	ldr	r3, [pc, #60]	; (10001f5c <watchdog_reboot+0x94>)
10001f1e:	601a      	str	r2, [r3, #0]
10001f20:	4b08      	ldr	r3, [pc, #32]	; (10001f44 <watchdog_reboot+0x7c>)
10001f22:	605a      	str	r2, [r3, #4]
10001f24:	2280      	movs	r2, #128	; 0x80
10001f26:	4b0b      	ldr	r3, [pc, #44]	; (10001f54 <watchdog_reboot+0x8c>)
10001f28:	05d2      	lsls	r2, r2, #23
10001f2a:	601a      	str	r2, [r3, #0]
10001f2c:	e7ed      	b.n	10001f0a <watchdog_reboot+0x42>
10001f2e:	4b05      	ldr	r3, [pc, #20]	; (10001f44 <watchdog_reboot+0x7c>)
10001f30:	61d8      	str	r0, [r3, #28]
10001f32:	e7da      	b.n	10001eea <watchdog_reboot+0x22>
10001f34:	4a09      	ldr	r2, [pc, #36]	; (10001f5c <watchdog_reboot+0x94>)
10001f36:	6013      	str	r3, [r2, #0]
10001f38:	001a      	movs	r2, r3
10001f3a:	e7f1      	b.n	10001f20 <watchdog_reboot+0x58>
10001f3c:	4005b000 	.word	0x4005b000
10001f40:	b007c0d3 	.word	0xb007c0d3
10001f44:	40058000 	.word	0x40058000
10001f48:	4ff83f2d 	.word	0x4ff83f2d
10001f4c:	0001fffc 	.word	0x0001fffc
10001f50:	40012008 	.word	0x40012008
10001f54:	4005a000 	.word	0x4005a000
10001f58:	00ffffff 	.word	0x00ffffff
10001f5c:	20000ed8 	.word	0x20000ed8

10001f60 <xosc_init>:
10001f60:	23aa      	movs	r3, #170	; 0xaa
10001f62:	4a06      	ldr	r2, [pc, #24]	; (10001f7c <xosc_init+0x1c>)
10001f64:	011b      	lsls	r3, r3, #4
10001f66:	6013      	str	r3, [r2, #0]
10001f68:	232f      	movs	r3, #47	; 0x2f
10001f6a:	4905      	ldr	r1, [pc, #20]	; (10001f80 <xosc_init+0x20>)
10001f6c:	60d3      	str	r3, [r2, #12]
10001f6e:	4b05      	ldr	r3, [pc, #20]	; (10001f84 <xosc_init+0x24>)
10001f70:	6019      	str	r1, [r3, #0]
10001f72:	6853      	ldr	r3, [r2, #4]
10001f74:	2b00      	cmp	r3, #0
10001f76:	dafc      	bge.n	10001f72 <xosc_init+0x12>
10001f78:	4770      	bx	lr
10001f7a:	46c0      	nop			; (mov r8, r8)
10001f7c:	40024000 	.word	0x40024000
10001f80:	00fab000 	.word	0x00fab000
10001f84:	40026000 	.word	0x40026000

10001f88 <_out_char>:
10001f88:	b510      	push	{r4, lr}
10001f8a:	2800      	cmp	r0, #0
10001f8c:	d100      	bne.n	10001f90 <_out_char+0x8>
10001f8e:	bd10      	pop	{r4, pc}
10001f90:	f000 fa3c 	bl	1000240c <__wrap_putchar>
10001f94:	e7fb      	b.n	10001f8e <_out_char+0x6>
10001f96:	46c0      	nop			; (mov r8, r8)

10001f98 <weak_raw_vprintf>:
10001f98:	b510      	push	{r4, lr}
10001f9a:	4a09      	ldr	r2, [pc, #36]	; (10001fc0 <weak_raw_vprintf+0x28>)
10001f9c:	b084      	sub	sp, #16
10001f9e:	6814      	ldr	r4, [r2, #0]
10001fa0:	2c00      	cmp	r4, #0
10001fa2:	d009      	beq.n	10001fb8 <weak_raw_vprintf+0x20>
10001fa4:	2201      	movs	r2, #1
10001fa6:	9100      	str	r1, [sp, #0]
10001fa8:	0003      	movs	r3, r0
10001faa:	4252      	negs	r2, r2
10001fac:	a903      	add	r1, sp, #12
10001fae:	4805      	ldr	r0, [pc, #20]	; (10001fc4 <weak_raw_vprintf+0x2c>)
10001fb0:	47a0      	blx	r4
10001fb2:	2001      	movs	r0, #1
10001fb4:	b004      	add	sp, #16
10001fb6:	bd10      	pop	{r4, pc}
10001fb8:	f000 fa7a 	bl	100024b0 <__wrap_puts>
10001fbc:	2000      	movs	r0, #0
10001fbe:	e7f9      	b.n	10001fb4 <weak_raw_vprintf+0x1c>
10001fc0:	20000ed4 	.word	0x20000ed4
10001fc4:	10001f89 	.word	0x10001f89

10001fc8 <__aeabi_bits_init>:
10001fc8:	4801      	ldr	r0, [pc, #4]	; (10001fd0 <__aeabi_bits_init+0x8>)
10001fca:	2104      	movs	r1, #4
10001fcc:	4b01      	ldr	r3, [pc, #4]	; (10001fd4 <__aeabi_bits_init+0xc>)
10001fce:	4718      	bx	r3
10001fd0:	200003f0 	.word	0x200003f0
10001fd4:	10001ff9 	.word	0x10001ff9

10001fd8 <rom_func_lookup>:
10001fd8:	2314      	movs	r3, #20
10001fda:	b510      	push	{r4, lr}
10001fdc:	0001      	movs	r1, r0
10001fde:	8818      	ldrh	r0, [r3, #0]
10001fe0:	3304      	adds	r3, #4
10001fe2:	881b      	ldrh	r3, [r3, #0]
10001fe4:	4798      	blx	r3
10001fe6:	bd10      	pop	{r4, pc}

10001fe8 <rom_data_lookup>:
10001fe8:	2316      	movs	r3, #22
10001fea:	b510      	push	{r4, lr}
10001fec:	0001      	movs	r1, r0
10001fee:	8818      	ldrh	r0, [r3, #0]
10001ff0:	3302      	adds	r3, #2
10001ff2:	881b      	ldrh	r3, [r3, #0]
10001ff4:	4798      	blx	r3
10001ff6:	bd10      	pop	{r4, pc}

10001ff8 <rom_funcs_lookup>:
10001ff8:	b5f0      	push	{r4, r5, r6, r7, lr}
10001ffa:	46c6      	mov	lr, r8
10001ffc:	b500      	push	{lr}
10001ffe:	2900      	cmp	r1, #0
10002000:	d016      	beq.n	10002030 <rom_funcs_lookup+0x38>
10002002:	2314      	movs	r3, #20
10002004:	0004      	movs	r4, r0
10002006:	2501      	movs	r5, #1
10002008:	4698      	mov	r8, r3
1000200a:	2718      	movs	r7, #24
1000200c:	0089      	lsls	r1, r1, #2
1000200e:	1846      	adds	r6, r0, r1
10002010:	4643      	mov	r3, r8
10002012:	6821      	ldr	r1, [r4, #0]
10002014:	8818      	ldrh	r0, [r3, #0]
10002016:	883b      	ldrh	r3, [r7, #0]
10002018:	4798      	blx	r3
1000201a:	c401      	stmia	r4!, {r0}
1000201c:	1e43      	subs	r3, r0, #1
1000201e:	4198      	sbcs	r0, r3
10002020:	4240      	negs	r0, r0
10002022:	4005      	ands	r5, r0
10002024:	42a6      	cmp	r6, r4
10002026:	d1f3      	bne.n	10002010 <rom_funcs_lookup+0x18>
10002028:	0028      	movs	r0, r5
1000202a:	bc04      	pop	{r2}
1000202c:	4690      	mov	r8, r2
1000202e:	bdf0      	pop	{r4, r5, r6, r7, pc}
10002030:	2501      	movs	r5, #1
10002032:	e7f9      	b.n	10002028 <rom_funcs_lookup+0x30>

10002034 <__wrap___aeabi_uidiv>:
10002034:	4a11      	ldr	r2, [pc, #68]	; (1000207c <divmod_u32u32_savestate+0x18>)
10002036:	6f93      	ldr	r3, [r2, #120]	; 0x78
10002038:	089b      	lsrs	r3, r3, #2
1000203a:	d213      	bcs.n	10002064 <divmod_u32u32_savestate>

1000203c <divmod_u32u32_unsafe>:
1000203c:	6610      	str	r0, [r2, #96]	; 0x60
1000203e:	6651      	str	r1, [r2, #100]	; 0x64
10002040:	2900      	cmp	r1, #0
10002042:	d005      	beq.n	10002050 <divmod_u32u32_unsafe+0x14>
10002044:	e7ff      	b.n	10002046 <divmod_u32u32_unsafe+0xa>
10002046:	e7ff      	b.n	10002048 <divmod_u32u32_unsafe+0xc>
10002048:	e7ff      	b.n	1000204a <divmod_u32u32_unsafe+0xe>
1000204a:	6f51      	ldr	r1, [r2, #116]	; 0x74
1000204c:	6f10      	ldr	r0, [r2, #112]	; 0x70
1000204e:	4770      	bx	lr
10002050:	b504      	push	{r2, lr}
10002052:	2800      	cmp	r0, #0
10002054:	d001      	beq.n	1000205a <divmod_u32u32_unsafe+0x1e>
10002056:	2000      	movs	r0, #0
10002058:	43c0      	mvns	r0, r0
1000205a:	f002 ffc9 	bl	10004ff0 <____aeabi_idiv0_veneer>
1000205e:	2100      	movs	r1, #0
10002060:	bd04      	pop	{r2, pc}
10002062:	46c0      	nop			; (mov r8, r8)

10002064 <divmod_u32u32_savestate>:
10002064:	b5f0      	push	{r4, r5, r6, r7, lr}
10002066:	6e14      	ldr	r4, [r2, #96]	; 0x60
10002068:	6e55      	ldr	r5, [r2, #100]	; 0x64
1000206a:	6f57      	ldr	r7, [r2, #116]	; 0x74
1000206c:	6f16      	ldr	r6, [r2, #112]	; 0x70
1000206e:	f7ff ffe5 	bl	1000203c <divmod_u32u32_unsafe>
10002072:	6614      	str	r4, [r2, #96]	; 0x60
10002074:	6655      	str	r5, [r2, #100]	; 0x64
10002076:	6757      	str	r7, [r2, #116]	; 0x74
10002078:	6716      	str	r6, [r2, #112]	; 0x70
1000207a:	bdf0      	pop	{r4, r5, r6, r7, pc}
1000207c:	d0000000 	.word	0xd0000000

10002080 <__aeabi_double_init>:
10002080:	2313      	movs	r3, #19
10002082:	b570      	push	{r4, r5, r6, lr}
10002084:	781d      	ldrb	r5, [r3, #0]
10002086:	2d01      	cmp	r5, #1
10002088:	d015      	beq.n	100020b6 <__aeabi_double_init+0x36>
1000208a:	dd10      	ble.n	100020ae <__aeabi_double_init+0x2e>
1000208c:	4826      	ldr	r0, [pc, #152]	; (10002128 <__aeabi_double_init+0xa8>)
1000208e:	f7ff ffab 	bl	10001fe8 <rom_data_lookup>
10002092:	4c26      	ldr	r4, [pc, #152]	; (1000212c <__aeabi_double_init+0xac>)
10002094:	0001      	movs	r1, r0
10002096:	2280      	movs	r2, #128	; 0x80
10002098:	0020      	movs	r0, r4
1000209a:	f000 f8d7 	bl	1000224c <__wrap___aeabi_memcpy>
1000209e:	2d02      	cmp	r5, #2
100020a0:	d006      	beq.n	100020b0 <__aeabi_double_init+0x30>
100020a2:	4823      	ldr	r0, [pc, #140]	; (10002130 <__aeabi_double_init+0xb0>)
100020a4:	f7ff ff98 	bl	10001fd8 <rom_func_lookup>
100020a8:	4b22      	ldr	r3, [pc, #136]	; (10002134 <__aeabi_double_init+0xb4>)
100020aa:	6018      	str	r0, [r3, #0]
100020ac:	bd70      	pop	{r4, r5, r6, pc}
100020ae:	4c1f      	ldr	r4, [pc, #124]	; (1000212c <__aeabi_double_init+0xac>)
100020b0:	4a21      	ldr	r2, [pc, #132]	; (10002138 <__aeabi_double_init+0xb8>)
100020b2:	64a2      	str	r2, [r4, #72]	; 0x48
100020b4:	e7f5      	b.n	100020a2 <__aeabi_double_init+0x22>
100020b6:	4c1d      	ldr	r4, [pc, #116]	; (1000212c <__aeabi_double_init+0xac>)
100020b8:	4a1f      	ldr	r2, [pc, #124]	; (10002138 <__aeabi_double_init+0xb8>)
100020ba:	08a3      	lsrs	r3, r4, #2
100020bc:	425b      	negs	r3, r3
100020be:	401d      	ands	r5, r3
100020c0:	d02f      	beq.n	10002122 <__aeabi_double_init+0xa2>
100020c2:	002b      	movs	r3, r5
100020c4:	6022      	str	r2, [r4, #0]
100020c6:	2020      	movs	r0, #32
100020c8:	00a9      	lsls	r1, r5, #2
100020ca:	1861      	adds	r1, r4, r1
100020cc:	1b45      	subs	r5, r0, r5
100020ce:	600a      	str	r2, [r1, #0]
100020d0:	604a      	str	r2, [r1, #4]
100020d2:	608a      	str	r2, [r1, #8]
100020d4:	60ca      	str	r2, [r1, #12]
100020d6:	610a      	str	r2, [r1, #16]
100020d8:	614a      	str	r2, [r1, #20]
100020da:	618a      	str	r2, [r1, #24]
100020dc:	61ca      	str	r2, [r1, #28]
100020de:	620a      	str	r2, [r1, #32]
100020e0:	624a      	str	r2, [r1, #36]	; 0x24
100020e2:	628a      	str	r2, [r1, #40]	; 0x28
100020e4:	62ca      	str	r2, [r1, #44]	; 0x2c
100020e6:	630a      	str	r2, [r1, #48]	; 0x30
100020e8:	634a      	str	r2, [r1, #52]	; 0x34
100020ea:	638a      	str	r2, [r1, #56]	; 0x38
100020ec:	63ca      	str	r2, [r1, #60]	; 0x3c
100020ee:	640a      	str	r2, [r1, #64]	; 0x40
100020f0:	644a      	str	r2, [r1, #68]	; 0x44
100020f2:	648a      	str	r2, [r1, #72]	; 0x48
100020f4:	64ca      	str	r2, [r1, #76]	; 0x4c
100020f6:	650a      	str	r2, [r1, #80]	; 0x50
100020f8:	654a      	str	r2, [r1, #84]	; 0x54
100020fa:	658a      	str	r2, [r1, #88]	; 0x58
100020fc:	65ca      	str	r2, [r1, #92]	; 0x5c
100020fe:	660a      	str	r2, [r1, #96]	; 0x60
10002100:	664a      	str	r2, [r1, #100]	; 0x64
10002102:	668a      	str	r2, [r1, #104]	; 0x68
10002104:	66ca      	str	r2, [r1, #108]	; 0x6c
10002106:	670a      	str	r2, [r1, #112]	; 0x70
10002108:	674a      	str	r2, [r1, #116]	; 0x74
1000210a:	086d      	lsrs	r5, r5, #1
1000210c:	2d10      	cmp	r5, #16
1000210e:	d103      	bne.n	10002118 <__aeabi_double_init+0x98>
10002110:	678a      	str	r2, [r1, #120]	; 0x78
10002112:	67ca      	str	r2, [r1, #124]	; 0x7c
10002114:	64a2      	str	r2, [r4, #72]	; 0x48
10002116:	e7c4      	b.n	100020a2 <__aeabi_double_init+0x22>
10002118:	331e      	adds	r3, #30
1000211a:	009b      	lsls	r3, r3, #2
1000211c:	50e2      	str	r2, [r4, r3]
1000211e:	64a2      	str	r2, [r4, #72]	; 0x48
10002120:	e7bf      	b.n	100020a2 <__aeabi_double_init+0x22>
10002122:	2300      	movs	r3, #0
10002124:	e7cf      	b.n	100020c6 <__aeabi_double_init+0x46>
10002126:	46c0      	nop			; (mov r8, r8)
10002128:	00004453 	.word	0x00004453
1000212c:	20000f38 	.word	0x20000f38
10002130:	0000334c 	.word	0x0000334c
10002134:	20000ef8 	.word	0x20000ef8
10002138:	1000213d 	.word	0x1000213d

1000213c <double_table_shim_on_use_helper>:
1000213c:	b507      	push	{r0, r1, r2, lr}
1000213e:	4660      	mov	r0, ip
10002140:	8801      	ldrh	r1, [r0, #0]
10002142:	0a0a      	lsrs	r2, r1, #8
10002144:	3002      	adds	r0, #2
10002146:	2adf      	cmp	r2, #223	; 0xdf
10002148:	d1fa      	bne.n	10002140 <double_table_shim_on_use_helper+0x4>
1000214a:	b2c9      	uxtb	r1, r1
1000214c:	0882      	lsrs	r2, r0, #2
1000214e:	d304      	bcc.n	1000215a <double_table_shim_on_use_helper+0x1e>
10002150:	8802      	ldrh	r2, [r0, #0]
10002152:	8840      	ldrh	r0, [r0, #2]
10002154:	0400      	lsls	r0, r0, #16
10002156:	4310      	orrs	r0, r2
10002158:	e000      	b.n	1000215c <double_table_shim_on_use_helper+0x20>
1000215a:	6800      	ldr	r0, [r0, #0]
1000215c:	4a01      	ldr	r2, [pc, #4]	; (10002164 <double_table_shim_on_use_helper+0x28>)
1000215e:	5050      	str	r0, [r2, r1]
10002160:	9003      	str	r0, [sp, #12]
10002162:	bd07      	pop	{r0, r1, r2, pc}
10002164:	20000f38 	.word	0x20000f38

10002168 <__wrap___aeabi_lmul>:
10002168:	4351      	muls	r1, r2
1000216a:	4343      	muls	r3, r0
1000216c:	18c9      	adds	r1, r1, r3
1000216e:	468c      	mov	ip, r1
10002170:	0c11      	lsrs	r1, r2, #16
10002172:	b283      	uxth	r3, r0
10002174:	434b      	muls	r3, r1
10002176:	b410      	push	{r4}
10002178:	0c04      	lsrs	r4, r0, #16
1000217a:	4361      	muls	r1, r4
1000217c:	b292      	uxth	r2, r2
1000217e:	b280      	uxth	r0, r0
10002180:	4350      	muls	r0, r2
10002182:	4362      	muls	r2, r4
10002184:	041c      	lsls	r4, r3, #16
10002186:	0c1b      	lsrs	r3, r3, #16
10002188:	1900      	adds	r0, r0, r4
1000218a:	bc10      	pop	{r4}
1000218c:	4159      	adcs	r1, r3
1000218e:	0413      	lsls	r3, r2, #16
10002190:	0c12      	lsrs	r2, r2, #16
10002192:	18c0      	adds	r0, r0, r3
10002194:	4151      	adcs	r1, r2
10002196:	4461      	add	r1, ip
10002198:	4770      	bx	lr
	...

1000219c <__aeabi_float_init>:
1000219c:	2313      	movs	r3, #19
1000219e:	b510      	push	{r4, lr}
100021a0:	781c      	ldrb	r4, [r3, #0]
100021a2:	4813      	ldr	r0, [pc, #76]	; (100021f0 <__aeabi_float_init+0x54>)
100021a4:	f7ff ff20 	bl	10001fe8 <rom_data_lookup>
100021a8:	2c01      	cmp	r4, #1
100021aa:	d00b      	beq.n	100021c4 <__aeabi_float_init+0x28>
100021ac:	dd04      	ble.n	100021b8 <__aeabi_float_init+0x1c>
100021ae:	0001      	movs	r1, r0
100021b0:	2280      	movs	r2, #128	; 0x80
100021b2:	4810      	ldr	r0, [pc, #64]	; (100021f4 <__aeabi_float_init+0x58>)
100021b4:	f000 f84a 	bl	1000224c <__wrap___aeabi_memcpy>
100021b8:	480f      	ldr	r0, [pc, #60]	; (100021f8 <__aeabi_float_init+0x5c>)
100021ba:	f7ff ff0d 	bl	10001fd8 <rom_func_lookup>
100021be:	4b0f      	ldr	r3, [pc, #60]	; (100021fc <__aeabi_float_init+0x60>)
100021c0:	6018      	str	r0, [r3, #0]
100021c2:	bd10      	pop	{r4, pc}
100021c4:	4c0b      	ldr	r4, [pc, #44]	; (100021f4 <__aeabi_float_init+0x58>)
100021c6:	0001      	movs	r1, r0
100021c8:	2254      	movs	r2, #84	; 0x54
100021ca:	0020      	movs	r0, r4
100021cc:	f000 f83e 	bl	1000224c <__wrap___aeabi_memcpy>
100021d0:	4b0b      	ldr	r3, [pc, #44]	; (10002200 <__aeabi_float_init+0x64>)
100021d2:	6563      	str	r3, [r4, #84]	; 0x54
100021d4:	65a3      	str	r3, [r4, #88]	; 0x58
100021d6:	65e3      	str	r3, [r4, #92]	; 0x5c
100021d8:	6623      	str	r3, [r4, #96]	; 0x60
100021da:	6663      	str	r3, [r4, #100]	; 0x64
100021dc:	66a3      	str	r3, [r4, #104]	; 0x68
100021de:	66e3      	str	r3, [r4, #108]	; 0x6c
100021e0:	6723      	str	r3, [r4, #112]	; 0x70
100021e2:	6763      	str	r3, [r4, #116]	; 0x74
100021e4:	67a3      	str	r3, [r4, #120]	; 0x78
100021e6:	67e3      	str	r3, [r4, #124]	; 0x7c
100021e8:	6223      	str	r3, [r4, #32]
100021ea:	61e3      	str	r3, [r4, #28]
100021ec:	e7e4      	b.n	100021b8 <__aeabi_float_init+0x1c>
100021ee:	46c0      	nop			; (mov r8, r8)
100021f0:	00004653 	.word	0x00004653
100021f4:	20001038 	.word	0x20001038
100021f8:	0000334c 	.word	0x0000334c
100021fc:	20000ef8 	.word	0x20000ef8
10002200:	10002205 	.word	0x10002205

10002204 <float_table_shim_on_use_helper>:
10002204:	b507      	push	{r0, r1, r2, lr}
10002206:	4660      	mov	r0, ip
10002208:	8801      	ldrh	r1, [r0, #0]
1000220a:	0a0a      	lsrs	r2, r1, #8
1000220c:	3002      	adds	r0, #2
1000220e:	2adf      	cmp	r2, #223	; 0xdf
10002210:	d1fa      	bne.n	10002208 <float_table_shim_on_use_helper+0x4>
10002212:	b2c9      	uxtb	r1, r1
10002214:	0882      	lsrs	r2, r0, #2
10002216:	d304      	bcc.n	10002222 <float_table_shim_on_use_helper+0x1e>
10002218:	8802      	ldrh	r2, [r0, #0]
1000221a:	8840      	ldrh	r0, [r0, #2]
1000221c:	0400      	lsls	r0, r0, #16
1000221e:	4310      	orrs	r0, r2
10002220:	e000      	b.n	10002224 <float_table_shim_on_use_helper+0x20>
10002222:	6800      	ldr	r0, [r0, #0]
10002224:	4a01      	ldr	r2, [pc, #4]	; (1000222c <float_table_shim_on_use_helper+0x28>)
10002226:	5050      	str	r0, [r2, r1]
10002228:	9003      	str	r0, [sp, #12]
1000222a:	bd07      	pop	{r0, r1, r2, pc}
1000222c:	20001038 	.word	0x20001038

10002230 <__aeabi_mem_init>:
10002230:	4801      	ldr	r0, [pc, #4]	; (10002238 <__aeabi_mem_init+0x8>)
10002232:	2104      	movs	r1, #4
10002234:	4b01      	ldr	r3, [pc, #4]	; (1000223c <__aeabi_mem_init+0xc>)
10002236:	4718      	bx	r3
10002238:	20000400 	.word	0x20000400
1000223c:	10001ff9 	.word	0x10001ff9

10002240 <__wrap_memset>:
10002240:	4b01      	ldr	r3, [pc, #4]	; (10002248 <__wrap_memset+0x8>)
10002242:	681b      	ldr	r3, [r3, #0]
10002244:	4718      	bx	r3
10002246:	0000      	.short	0x0000
10002248:	20000400 	.word	0x20000400

1000224c <__wrap___aeabi_memcpy>:
1000224c:	4b01      	ldr	r3, [pc, #4]	; (10002254 <__wrap___aeabi_memcpy+0x8>)
1000224e:	685b      	ldr	r3, [r3, #4]
10002250:	4718      	bx	r3
10002252:	0000      	.short	0x0000
10002254:	20000400 	.word	0x20000400

10002258 <stdio_out_chars_no_crlf>:
10002258:	0003      	movs	r3, r0
1000225a:	b510      	push	{r4, lr}
1000225c:	0008      	movs	r0, r1
1000225e:	681b      	ldr	r3, [r3, #0]
10002260:	0011      	movs	r1, r2
10002262:	4798      	blx	r3
10002264:	bd10      	pop	{r4, pc}
10002266:	46c0      	nop			; (mov r8, r8)

10002268 <stdio_out_chars_crlf>:
10002268:	b5f8      	push	{r3, r4, r5, r6, r7, lr}
1000226a:	4647      	mov	r7, r8
1000226c:	46ce      	mov	lr, r9
1000226e:	b580      	push	{r7, lr}
10002270:	7c43      	ldrb	r3, [r0, #17]
10002272:	4680      	mov	r8, r0
10002274:	000c      	movs	r4, r1
10002276:	0015      	movs	r5, r2
10002278:	2b00      	cmp	r3, #0
1000227a:	d043      	beq.n	10002304 <stdio_out_chars_crlf+0x9c>
1000227c:	2a00      	cmp	r2, #0
1000227e:	dd34      	ble.n	100022ea <stdio_out_chars_crlf+0x82>
10002280:	780a      	ldrb	r2, [r1, #0]
10002282:	7c03      	ldrb	r3, [r0, #16]
10002284:	2000      	movs	r0, #0
10002286:	2a0a      	cmp	r2, #10
10002288:	d033      	beq.n	100022f2 <stdio_out_chars_crlf+0x8a>
1000228a:	2d01      	cmp	r5, #1
1000228c:	d01e      	beq.n	100022cc <stdio_out_chars_crlf+0x64>
1000228e:	4b20      	ldr	r3, [pc, #128]	; (10002310 <stdio_out_chars_crlf+0xa8>)
10002290:	2101      	movs	r1, #1
10002292:	1e67      	subs	r7, r4, #1
10002294:	4699      	mov	r9, r3
10002296:	e002      	b.n	1000229e <stdio_out_chars_crlf+0x36>
10002298:	0031      	movs	r1, r6
1000229a:	42b5      	cmp	r5, r6
1000229c:	d016      	beq.n	100022cc <stdio_out_chars_crlf+0x64>
1000229e:	5c63      	ldrb	r3, [r4, r1]
100022a0:	5c7a      	ldrb	r2, [r7, r1]
100022a2:	1c4e      	adds	r6, r1, #1
100022a4:	2b0a      	cmp	r3, #10
100022a6:	d1f7      	bne.n	10002298 <stdio_out_chars_crlf+0x30>
100022a8:	2a0d      	cmp	r2, #13
100022aa:	d0f5      	beq.n	10002298 <stdio_out_chars_crlf+0x30>
100022ac:	4643      	mov	r3, r8
100022ae:	681b      	ldr	r3, [r3, #0]
100022b0:	4288      	cmp	r0, r1
100022b2:	da04      	bge.n	100022be <stdio_out_chars_crlf+0x56>
100022b4:	1a09      	subs	r1, r1, r0
100022b6:	1820      	adds	r0, r4, r0
100022b8:	4798      	blx	r3
100022ba:	4643      	mov	r3, r8
100022bc:	681b      	ldr	r3, [r3, #0]
100022be:	2102      	movs	r1, #2
100022c0:	4648      	mov	r0, r9
100022c2:	4798      	blx	r3
100022c4:	0030      	movs	r0, r6
100022c6:	0031      	movs	r1, r6
100022c8:	42b5      	cmp	r5, r6
100022ca:	d1e8      	bne.n	1000229e <stdio_out_chars_crlf+0x36>
100022cc:	4285      	cmp	r5, r0
100022ce:	dd04      	ble.n	100022da <stdio_out_chars_crlf+0x72>
100022d0:	4643      	mov	r3, r8
100022d2:	1a29      	subs	r1, r5, r0
100022d4:	681b      	ldr	r3, [r3, #0]
100022d6:	1820      	adds	r0, r4, r0
100022d8:	4798      	blx	r3
100022da:	1964      	adds	r4, r4, r5
100022dc:	3c01      	subs	r4, #1
100022de:	7823      	ldrb	r3, [r4, #0]
100022e0:	3b0d      	subs	r3, #13
100022e2:	425a      	negs	r2, r3
100022e4:	4153      	adcs	r3, r2
100022e6:	4642      	mov	r2, r8
100022e8:	7413      	strb	r3, [r2, #16]
100022ea:	bc0c      	pop	{r2, r3}
100022ec:	4690      	mov	r8, r2
100022ee:	4699      	mov	r9, r3
100022f0:	bdf8      	pop	{r3, r4, r5, r6, r7, pc}
100022f2:	2b00      	cmp	r3, #0
100022f4:	d1c9      	bne.n	1000228a <stdio_out_chars_crlf+0x22>
100022f6:	4643      	mov	r3, r8
100022f8:	4805      	ldr	r0, [pc, #20]	; (10002310 <stdio_out_chars_crlf+0xa8>)
100022fa:	2102      	movs	r1, #2
100022fc:	681b      	ldr	r3, [r3, #0]
100022fe:	4798      	blx	r3
10002300:	2001      	movs	r0, #1
10002302:	e7c2      	b.n	1000228a <stdio_out_chars_crlf+0x22>
10002304:	6803      	ldr	r3, [r0, #0]
10002306:	0011      	movs	r1, r2
10002308:	0020      	movs	r0, r4
1000230a:	4798      	blx	r3
1000230c:	e7ed      	b.n	100022ea <stdio_out_chars_crlf+0x82>
1000230e:	46c0      	nop			; (mov r8, r8)
10002310:	10005110 	.word	0x10005110

10002314 <stdio_put_string>:
10002314:	b5f0      	push	{r4, r5, r6, r7, lr}
10002316:	46de      	mov	lr, fp
10002318:	4657      	mov	r7, sl
1000231a:	464e      	mov	r6, r9
1000231c:	4645      	mov	r5, r8
1000231e:	b5e0      	push	{r5, r6, r7, lr}
10002320:	001e      	movs	r6, r3
10002322:	23d0      	movs	r3, #208	; 0xd0
10002324:	061b      	lsls	r3, r3, #24
10002326:	b083      	sub	sp, #12
10002328:	681c      	ldr	r4, [r3, #0]
1000232a:	4b33      	ldr	r3, [pc, #204]	; (100023f8 <stdio_put_string+0xe4>)
1000232c:	af01      	add	r7, sp, #4
1000232e:	4680      	mov	r8, r0
10002330:	000d      	movs	r5, r1
10002332:	0018      	movs	r0, r3
10002334:	0039      	movs	r1, r7
10002336:	4691      	mov	r9, r2
10002338:	469b      	mov	fp, r3
1000233a:	f002 fe61 	bl	10005000 <__mutex_try_enter_veneer>
1000233e:	4682      	mov	sl, r0
10002340:	2800      	cmp	r0, #0
10002342:	d108      	bne.n	10002356 <stdio_put_string+0x42>
10002344:	9b01      	ldr	r3, [sp, #4]
10002346:	b264      	sxtb	r4, r4
10002348:	429c      	cmp	r4, r3
1000234a:	d004      	beq.n	10002356 <stdio_put_string+0x42>
1000234c:	4658      	mov	r0, fp
1000234e:	f002 fe67 	bl	10005020 <__mutex_enter_blocking_veneer>
10002352:	2301      	movs	r3, #1
10002354:	469a      	mov	sl, r3
10002356:	1c6b      	adds	r3, r5, #1
10002358:	d103      	bne.n	10002362 <stdio_put_string+0x4e>
1000235a:	4640      	mov	r0, r8
1000235c:	f002 fe00 	bl	10004f60 <strlen>
10002360:	0005      	movs	r5, r0
10002362:	2e00      	cmp	r6, #0
10002364:	d128      	bne.n	100023b8 <stdio_put_string+0xa4>
10002366:	4e25      	ldr	r6, [pc, #148]	; (100023fc <stdio_put_string+0xe8>)
10002368:	4b25      	ldr	r3, [pc, #148]	; (10002400 <stdio_put_string+0xec>)
1000236a:	681c      	ldr	r4, [r3, #0]
1000236c:	2c00      	cmp	r4, #0
1000236e:	d016      	beq.n	1000239e <stdio_put_string+0x8a>
10002370:	464b      	mov	r3, r9
10002372:	2b00      	cmp	r3, #0
10002374:	d122      	bne.n	100023bc <stdio_put_string+0xa8>
10002376:	4f23      	ldr	r7, [pc, #140]	; (10002404 <stdio_put_string+0xf0>)
10002378:	e002      	b.n	10002380 <stdio_put_string+0x6c>
1000237a:	68e4      	ldr	r4, [r4, #12]
1000237c:	2c00      	cmp	r4, #0
1000237e:	d00e      	beq.n	1000239e <stdio_put_string+0x8a>
10002380:	6823      	ldr	r3, [r4, #0]
10002382:	2b00      	cmp	r3, #0
10002384:	d0f9      	beq.n	1000237a <stdio_put_string+0x66>
10002386:	683b      	ldr	r3, [r7, #0]
10002388:	2b00      	cmp	r3, #0
1000238a:	d001      	beq.n	10002390 <stdio_put_string+0x7c>
1000238c:	42a3      	cmp	r3, r4
1000238e:	d1f4      	bne.n	1000237a <stdio_put_string+0x66>
10002390:	0020      	movs	r0, r4
10002392:	002a      	movs	r2, r5
10002394:	4641      	mov	r1, r8
10002396:	47b0      	blx	r6
10002398:	68e4      	ldr	r4, [r4, #12]
1000239a:	2c00      	cmp	r4, #0
1000239c:	d1f0      	bne.n	10002380 <stdio_put_string+0x6c>
1000239e:	4653      	mov	r3, sl
100023a0:	2b00      	cmp	r3, #0
100023a2:	d125      	bne.n	100023f0 <stdio_put_string+0xdc>
100023a4:	1e68      	subs	r0, r5, #1
100023a6:	4185      	sbcs	r5, r0
100023a8:	b2e8      	uxtb	r0, r5
100023aa:	b003      	add	sp, #12
100023ac:	bc3c      	pop	{r2, r3, r4, r5}
100023ae:	4690      	mov	r8, r2
100023b0:	4699      	mov	r9, r3
100023b2:	46a2      	mov	sl, r4
100023b4:	46ab      	mov	fp, r5
100023b6:	bdf0      	pop	{r4, r5, r6, r7, pc}
100023b8:	4e13      	ldr	r6, [pc, #76]	; (10002408 <stdio_put_string+0xf4>)
100023ba:	e7d5      	b.n	10002368 <stdio_put_string+0x54>
100023bc:	4b11      	ldr	r3, [pc, #68]	; (10002404 <stdio_put_string+0xf0>)
100023be:	4699      	mov	r9, r3
100023c0:	e002      	b.n	100023c8 <stdio_put_string+0xb4>
100023c2:	68e4      	ldr	r4, [r4, #12]
100023c4:	2c00      	cmp	r4, #0
100023c6:	d0ea      	beq.n	1000239e <stdio_put_string+0x8a>
100023c8:	6823      	ldr	r3, [r4, #0]
100023ca:	2b00      	cmp	r3, #0
100023cc:	d0f9      	beq.n	100023c2 <stdio_put_string+0xae>
100023ce:	464b      	mov	r3, r9
100023d0:	681b      	ldr	r3, [r3, #0]
100023d2:	2b00      	cmp	r3, #0
100023d4:	d001      	beq.n	100023da <stdio_put_string+0xc6>
100023d6:	42a3      	cmp	r3, r4
100023d8:	d1f3      	bne.n	100023c2 <stdio_put_string+0xae>
100023da:	002a      	movs	r2, r5
100023dc:	4641      	mov	r1, r8
100023de:	0020      	movs	r0, r4
100023e0:	47b0      	blx	r6
100023e2:	230a      	movs	r3, #10
100023e4:	2201      	movs	r2, #1
100023e6:	0039      	movs	r1, r7
100023e8:	0020      	movs	r0, r4
100023ea:	703b      	strb	r3, [r7, #0]
100023ec:	47b0      	blx	r6
100023ee:	e7e8      	b.n	100023c2 <stdio_put_string+0xae>
100023f0:	4658      	mov	r0, fp
100023f2:	f002 fdf5 	bl	10004fe0 <__mutex_exit_veneer>
100023f6:	e7d5      	b.n	100023a4 <stdio_put_string+0x90>
100023f8:	20000450 	.word	0x20000450
100023fc:	10002269 	.word	0x10002269
10002400:	20000acc 	.word	0x20000acc
10002404:	20000ad0 	.word	0x20000ad0
10002408:	10002259 	.word	0x10002259

1000240c <__wrap_putchar>:
1000240c:	b5f0      	push	{r4, r5, r6, r7, lr}
1000240e:	4647      	mov	r7, r8
10002410:	46ce      	mov	lr, r9
10002412:	b580      	push	{r7, lr}
10002414:	b083      	sub	sp, #12
10002416:	466b      	mov	r3, sp
10002418:	1cdf      	adds	r7, r3, #3
1000241a:	23d0      	movs	r3, #208	; 0xd0
1000241c:	7038      	strb	r0, [r7, #0]
1000241e:	061b      	lsls	r3, r3, #24
10002420:	681c      	ldr	r4, [r3, #0]
10002422:	4b20      	ldr	r3, [pc, #128]	; (100024a4 <__wrap_putchar+0x98>)
10002424:	0006      	movs	r6, r0
10002426:	a901      	add	r1, sp, #4
10002428:	0018      	movs	r0, r3
1000242a:	4698      	mov	r8, r3
1000242c:	f002 fde8 	bl	10005000 <__mutex_try_enter_veneer>
10002430:	1e05      	subs	r5, r0, #0
10002432:	d022      	beq.n	1000247a <__wrap_putchar+0x6e>
10002434:	4b1c      	ldr	r3, [pc, #112]	; (100024a8 <__wrap_putchar+0x9c>)
10002436:	681c      	ldr	r4, [r3, #0]
10002438:	2c00      	cmp	r4, #0
1000243a:	d02a      	beq.n	10002492 <__wrap_putchar+0x86>
1000243c:	4b1b      	ldr	r3, [pc, #108]	; (100024ac <__wrap_putchar+0xa0>)
1000243e:	4699      	mov	r9, r3
10002440:	e002      	b.n	10002448 <__wrap_putchar+0x3c>
10002442:	68e4      	ldr	r4, [r4, #12]
10002444:	2c00      	cmp	r4, #0
10002446:	d010      	beq.n	1000246a <__wrap_putchar+0x5e>
10002448:	6823      	ldr	r3, [r4, #0]
1000244a:	2b00      	cmp	r3, #0
1000244c:	d0f9      	beq.n	10002442 <__wrap_putchar+0x36>
1000244e:	464b      	mov	r3, r9
10002450:	681b      	ldr	r3, [r3, #0]
10002452:	2b00      	cmp	r3, #0
10002454:	d001      	beq.n	1000245a <__wrap_putchar+0x4e>
10002456:	42a3      	cmp	r3, r4
10002458:	d1f3      	bne.n	10002442 <__wrap_putchar+0x36>
1000245a:	0020      	movs	r0, r4
1000245c:	2201      	movs	r2, #1
1000245e:	0039      	movs	r1, r7
10002460:	f7ff ff02 	bl	10002268 <stdio_out_chars_crlf>
10002464:	68e4      	ldr	r4, [r4, #12]
10002466:	2c00      	cmp	r4, #0
10002468:	d1ee      	bne.n	10002448 <__wrap_putchar+0x3c>
1000246a:	2d00      	cmp	r5, #0
1000246c:	d111      	bne.n	10002492 <__wrap_putchar+0x86>
1000246e:	0030      	movs	r0, r6
10002470:	b003      	add	sp, #12
10002472:	bc0c      	pop	{r2, r3}
10002474:	4690      	mov	r8, r2
10002476:	4699      	mov	r9, r3
10002478:	bdf0      	pop	{r4, r5, r6, r7, pc}
1000247a:	9b01      	ldr	r3, [sp, #4]
1000247c:	b264      	sxtb	r4, r4
1000247e:	429c      	cmp	r4, r3
10002480:	d00b      	beq.n	1000249a <__wrap_putchar+0x8e>
10002482:	4640      	mov	r0, r8
10002484:	f002 fdcc 	bl	10005020 <__mutex_enter_blocking_veneer>
10002488:	4b07      	ldr	r3, [pc, #28]	; (100024a8 <__wrap_putchar+0x9c>)
1000248a:	2501      	movs	r5, #1
1000248c:	681c      	ldr	r4, [r3, #0]
1000248e:	2c00      	cmp	r4, #0
10002490:	d1d4      	bne.n	1000243c <__wrap_putchar+0x30>
10002492:	4640      	mov	r0, r8
10002494:	f002 fda4 	bl	10004fe0 <__mutex_exit_veneer>
10002498:	e7e9      	b.n	1000246e <__wrap_putchar+0x62>
1000249a:	4b03      	ldr	r3, [pc, #12]	; (100024a8 <__wrap_putchar+0x9c>)
1000249c:	681c      	ldr	r4, [r3, #0]
1000249e:	2c00      	cmp	r4, #0
100024a0:	d1cc      	bne.n	1000243c <__wrap_putchar+0x30>
100024a2:	e7e4      	b.n	1000246e <__wrap_putchar+0x62>
100024a4:	20000450 	.word	0x20000450
100024a8:	20000acc 	.word	0x20000acc
100024ac:	20000ad0 	.word	0x20000ad0

100024b0 <__wrap_puts>:
100024b0:	b570      	push	{r4, r5, r6, lr}
100024b2:	0004      	movs	r4, r0
100024b4:	f002 fd54 	bl	10004f60 <strlen>
100024b8:	2300      	movs	r3, #0
100024ba:	0001      	movs	r1, r0
100024bc:	0005      	movs	r5, r0
100024be:	2201      	movs	r2, #1
100024c0:	0020      	movs	r0, r4
100024c2:	f7ff ff27 	bl	10002314 <stdio_put_string>
100024c6:	4b08      	ldr	r3, [pc, #32]	; (100024e8 <__wrap_puts+0x38>)
100024c8:	681c      	ldr	r4, [r3, #0]
100024ca:	2c00      	cmp	r4, #0
100024cc:	d006      	beq.n	100024dc <__wrap_puts+0x2c>
100024ce:	6863      	ldr	r3, [r4, #4]
100024d0:	2b00      	cmp	r3, #0
100024d2:	d005      	beq.n	100024e0 <__wrap_puts+0x30>
100024d4:	4798      	blx	r3
100024d6:	68e4      	ldr	r4, [r4, #12]
100024d8:	2c00      	cmp	r4, #0
100024da:	d1f8      	bne.n	100024ce <__wrap_puts+0x1e>
100024dc:	0028      	movs	r0, r5
100024de:	bd70      	pop	{r4, r5, r6, pc}
100024e0:	68e4      	ldr	r4, [r4, #12]
100024e2:	2c00      	cmp	r4, #0
100024e4:	d1f3      	bne.n	100024ce <__wrap_puts+0x1e>
100024e6:	e7f9      	b.n	100024dc <__wrap_puts+0x2c>
100024e8:	20000acc 	.word	0x20000acc

100024ec <stdio_set_driver_enabled>:
100024ec:	4a0a      	ldr	r2, [pc, #40]	; (10002518 <stdio_set_driver_enabled+0x2c>)
100024ee:	6813      	ldr	r3, [r2, #0]
100024f0:	2b00      	cmp	r3, #0
100024f2:	d105      	bne.n	10002500 <stdio_set_driver_enabled+0x14>
100024f4:	e00c      	b.n	10002510 <stdio_set_driver_enabled+0x24>
100024f6:	001a      	movs	r2, r3
100024f8:	68db      	ldr	r3, [r3, #12]
100024fa:	320c      	adds	r2, #12
100024fc:	2b00      	cmp	r3, #0
100024fe:	d007      	beq.n	10002510 <stdio_set_driver_enabled+0x24>
10002500:	4298      	cmp	r0, r3
10002502:	d1f8      	bne.n	100024f6 <stdio_set_driver_enabled+0xa>
10002504:	2900      	cmp	r1, #0
10002506:	d102      	bne.n	1000250e <stdio_set_driver_enabled+0x22>
10002508:	68c3      	ldr	r3, [r0, #12]
1000250a:	6013      	str	r3, [r2, #0]
1000250c:	60c1      	str	r1, [r0, #12]
1000250e:	4770      	bx	lr
10002510:	2900      	cmp	r1, #0
10002512:	d0fc      	beq.n	1000250e <stdio_set_driver_enabled+0x22>
10002514:	6010      	str	r0, [r2, #0]
10002516:	e7fa      	b.n	1000250e <stdio_set_driver_enabled+0x22>
10002518:	20000acc 	.word	0x20000acc

1000251c <stdio_init_all>:
1000251c:	b510      	push	{r4, lr}
1000251e:	f000 f943 	bl	100027a8 <stdio_usb_init>
10002522:	bd10      	pop	{r4, pc}

10002524 <resetd_init>:
10002524:	4770      	bx	lr
10002526:	46c0      	nop			; (mov r8, r8)

10002528 <resetd_reset>:
10002528:	2200      	movs	r2, #0
1000252a:	4b01      	ldr	r3, [pc, #4]	; (10002530 <resetd_reset+0x8>)
1000252c:	701a      	strb	r2, [r3, #0]
1000252e:	4770      	bx	lr
10002530:	20000f33 	.word	0x20000f33

10002534 <resetd_open>:
10002534:	794b      	ldrb	r3, [r1, #5]
10002536:	2000      	movs	r0, #0
10002538:	2bff      	cmp	r3, #255	; 0xff
1000253a:	d10b      	bne.n	10002554 <resetd_open+0x20>
1000253c:	798b      	ldrb	r3, [r1, #6]
1000253e:	2b00      	cmp	r3, #0
10002540:	d108      	bne.n	10002554 <resetd_open+0x20>
10002542:	79cb      	ldrb	r3, [r1, #7]
10002544:	2b01      	cmp	r3, #1
10002546:	d105      	bne.n	10002554 <resetd_open+0x20>
10002548:	2a08      	cmp	r2, #8
1000254a:	d903      	bls.n	10002554 <resetd_open+0x20>
1000254c:	788a      	ldrb	r2, [r1, #2]
1000254e:	4b02      	ldr	r3, [pc, #8]	; (10002558 <resetd_open+0x24>)
10002550:	3009      	adds	r0, #9
10002552:	701a      	strb	r2, [r3, #0]
10002554:	4770      	bx	lr
10002556:	46c0      	nop			; (mov r8, r8)
10002558:	20000f33 	.word	0x20000f33

1000255c <resetd_xfer_cb>:
1000255c:	2001      	movs	r0, #1
1000255e:	4770      	bx	lr

10002560 <resetd_control_xfer_cb>:
10002560:	b570      	push	{r4, r5, r6, lr}
10002562:	2900      	cmp	r1, #0
10002564:	d115      	bne.n	10002592 <resetd_control_xfer_cb+0x32>
10002566:	4915      	ldr	r1, [pc, #84]	; (100025bc <resetd_control_xfer_cb+0x5c>)
10002568:	7953      	ldrb	r3, [r2, #5]
1000256a:	7910      	ldrb	r0, [r2, #4]
1000256c:	7809      	ldrb	r1, [r1, #0]
1000256e:	021b      	lsls	r3, r3, #8
10002570:	4303      	orrs	r3, r0
10002572:	2000      	movs	r0, #0
10002574:	4299      	cmp	r1, r3
10002576:	d000      	beq.n	1000257a <resetd_control_xfer_cb+0x1a>
10002578:	bd70      	pop	{r4, r5, r6, pc}
1000257a:	7853      	ldrb	r3, [r2, #1]
1000257c:	2b01      	cmp	r3, #1
1000257e:	d00a      	beq.n	10002596 <resetd_control_xfer_cb+0x36>
10002580:	2b02      	cmp	r3, #2
10002582:	d1f9      	bne.n	10002578 <resetd_control_xfer_cb+0x18>
10002584:	2000      	movs	r0, #0
10002586:	2264      	movs	r2, #100	; 0x64
10002588:	2100      	movs	r1, #0
1000258a:	f7ff fc9d 	bl	10001ec8 <watchdog_reboot>
1000258e:	2001      	movs	r0, #1
10002590:	e7f2      	b.n	10002578 <resetd_control_xfer_cb+0x18>
10002592:	2001      	movs	r0, #1
10002594:	e7f0      	b.n	10002578 <resetd_control_xfer_cb+0x18>
10002596:	78d4      	ldrb	r4, [r2, #3]
10002598:	7891      	ldrb	r1, [r2, #2]
1000259a:	0224      	lsls	r4, r4, #8
1000259c:	430c      	orrs	r4, r1
1000259e:	0005      	movs	r5, r0
100025a0:	05e2      	lsls	r2, r4, #23
100025a2:	d502      	bpl.n	100025aa <resetd_control_xfer_cb+0x4a>
100025a4:	0a62      	lsrs	r2, r4, #9
100025a6:	4093      	lsls	r3, r2
100025a8:	001d      	movs	r5, r3
100025aa:	4805      	ldr	r0, [pc, #20]	; (100025c0 <resetd_control_xfer_cb+0x60>)
100025ac:	f7ff fd14 	bl	10001fd8 <rom_func_lookup>
100025b0:	217f      	movs	r1, #127	; 0x7f
100025b2:	0003      	movs	r3, r0
100025b4:	4021      	ands	r1, r4
100025b6:	0028      	movs	r0, r5
100025b8:	4798      	blx	r3
100025ba:	46c0      	nop			; (mov r8, r8)
100025bc:	20000f33 	.word	0x20000f33
100025c0:	00004255 	.word	0x00004255

100025c4 <usbd_app_driver_get_cb>:
100025c4:	2301      	movs	r3, #1
100025c6:	7003      	strb	r3, [r0, #0]
100025c8:	4800      	ldr	r0, [pc, #0]	; (100025cc <usbd_app_driver_get_cb+0x8>)
100025ca:	4770      	bx	lr
100025cc:	10005114 	.word	0x10005114

100025d0 <tud_cdc_line_coding_cb>:
100025d0:	784a      	ldrb	r2, [r1, #1]
100025d2:	780b      	ldrb	r3, [r1, #0]
100025d4:	0212      	lsls	r2, r2, #8
100025d6:	431a      	orrs	r2, r3
100025d8:	788b      	ldrb	r3, [r1, #2]
100025da:	b510      	push	{r4, lr}
100025dc:	041b      	lsls	r3, r3, #16
100025de:	431a      	orrs	r2, r3
100025e0:	78cb      	ldrb	r3, [r1, #3]
100025e2:	061b      	lsls	r3, r3, #24
100025e4:	4313      	orrs	r3, r2
100025e6:	2296      	movs	r2, #150	; 0x96
100025e8:	00d2      	lsls	r2, r2, #3
100025ea:	4293      	cmp	r3, r2
100025ec:	d000      	beq.n	100025f0 <tud_cdc_line_coding_cb+0x20>
100025ee:	bd10      	pop	{r4, pc}
100025f0:	4803      	ldr	r0, [pc, #12]	; (10002600 <tud_cdc_line_coding_cb+0x30>)
100025f2:	f7ff fcf1 	bl	10001fd8 <rom_func_lookup>
100025f6:	2100      	movs	r1, #0
100025f8:	0003      	movs	r3, r0
100025fa:	0008      	movs	r0, r1
100025fc:	4798      	blx	r3
100025fe:	46c0      	nop			; (mov r8, r8)
10002600:	00004255 	.word	0x00004255

10002604 <stdio_usb_in_chars>:
10002604:	b570      	push	{r4, r5, r6, lr}
10002606:	4c18      	ldr	r4, [pc, #96]	; (10002668 <stdio_usb_in_chars+0x64>)
10002608:	b082      	sub	sp, #8
1000260a:	0005      	movs	r5, r0
1000260c:	000e      	movs	r6, r1
1000260e:	0020      	movs	r0, r4
10002610:	a901      	add	r1, sp, #4
10002612:	f002 fcf5 	bl	10005000 <__mutex_try_enter_veneer>
10002616:	2800      	cmp	r0, #0
10002618:	d108      	bne.n	1000262c <stdio_usb_in_chars+0x28>
1000261a:	23d0      	movs	r3, #208	; 0xd0
1000261c:	061b      	lsls	r3, r3, #24
1000261e:	681b      	ldr	r3, [r3, #0]
10002620:	9a01      	ldr	r2, [sp, #4]
10002622:	429a      	cmp	r2, r3
10002624:	d01c      	beq.n	10002660 <stdio_usb_in_chars+0x5c>
10002626:	0020      	movs	r0, r4
10002628:	f002 fcfa 	bl	10005020 <__mutex_enter_blocking_veneer>
1000262c:	2000      	movs	r0, #0
1000262e:	f001 fe3d 	bl	100042ac <tud_cdc_n_connected>
10002632:	2800      	cmp	r0, #0
10002634:	d107      	bne.n	10002646 <stdio_usb_in_chars+0x42>
10002636:	2503      	movs	r5, #3
10002638:	426d      	negs	r5, r5
1000263a:	0020      	movs	r0, r4
1000263c:	f002 fcd0 	bl	10004fe0 <__mutex_exit_veneer>
10002640:	0028      	movs	r0, r5
10002642:	b002      	add	sp, #8
10002644:	bd70      	pop	{r4, r5, r6, pc}
10002646:	2000      	movs	r0, #0
10002648:	f001 fe48 	bl	100042dc <tud_cdc_n_available>
1000264c:	2800      	cmp	r0, #0
1000264e:	d0f2      	beq.n	10002636 <stdio_usb_in_chars+0x32>
10002650:	0029      	movs	r1, r5
10002652:	0032      	movs	r2, r6
10002654:	2000      	movs	r0, #0
10002656:	f001 fe4d 	bl	100042f4 <tud_cdc_n_read>
1000265a:	1e05      	subs	r5, r0, #0
1000265c:	d0eb      	beq.n	10002636 <stdio_usb_in_chars+0x32>
1000265e:	e7ec      	b.n	1000263a <stdio_usb_in_chars+0x36>
10002660:	2503      	movs	r5, #3
10002662:	426d      	negs	r5, r5
10002664:	e7ec      	b.n	10002640 <stdio_usb_in_chars+0x3c>
10002666:	46c0      	nop			; (mov r8, r8)
10002668:	20000f00 	.word	0x20000f00

1000266c <stdio_usb_out_chars>:
1000266c:	b5f0      	push	{r4, r5, r6, r7, lr}
1000266e:	464f      	mov	r7, r9
10002670:	4646      	mov	r6, r8
10002672:	46d6      	mov	lr, sl
10002674:	b5c0      	push	{r6, r7, lr}
10002676:	4b36      	ldr	r3, [pc, #216]	; (10002750 <stdio_usb_out_chars+0xe4>)
10002678:	b082      	sub	sp, #8
1000267a:	0007      	movs	r7, r0
1000267c:	000e      	movs	r6, r1
1000267e:	0018      	movs	r0, r3
10002680:	a901      	add	r1, sp, #4
10002682:	4699      	mov	r9, r3
10002684:	f002 fcbc 	bl	10005000 <__mutex_try_enter_veneer>
10002688:	2800      	cmp	r0, #0
1000268a:	d108      	bne.n	1000269e <stdio_usb_out_chars+0x32>
1000268c:	23d0      	movs	r3, #208	; 0xd0
1000268e:	061b      	lsls	r3, r3, #24
10002690:	681b      	ldr	r3, [r3, #0]
10002692:	9a01      	ldr	r2, [sp, #4]
10002694:	429a      	cmp	r2, r3
10002696:	d041      	beq.n	1000271c <stdio_usb_out_chars+0xb0>
10002698:	4648      	mov	r0, r9
1000269a:	f002 fcc1 	bl	10005020 <__mutex_enter_blocking_veneer>
1000269e:	2000      	movs	r0, #0
100026a0:	f001 fe04 	bl	100042ac <tud_cdc_n_connected>
100026a4:	2800      	cmp	r0, #0
100026a6:	d031      	beq.n	1000270c <stdio_usb_out_chars+0xa0>
100026a8:	2400      	movs	r4, #0
100026aa:	2e00      	cmp	r6, #0
100026ac:	dd33      	ble.n	10002716 <stdio_usb_out_chars+0xaa>
100026ae:	4b29      	ldr	r3, [pc, #164]	; (10002754 <stdio_usb_out_chars+0xe8>)
100026b0:	4698      	mov	r8, r3
100026b2:	469a      	mov	sl, r3
100026b4:	e012      	b.n	100026dc <stdio_usb_out_chars+0x70>
100026b6:	2800      	cmp	r0, #0
100026b8:	d147      	bne.n	1000274a <stdio_usb_out_chars+0xde>
100026ba:	f000 fe5b 	bl	10003374 <tud_task>
100026be:	2000      	movs	r0, #0
100026c0:	f001 fe50 	bl	10004364 <tud_cdc_n_write_flush>
100026c4:	2000      	movs	r0, #0
100026c6:	f001 fdf1 	bl	100042ac <tud_cdc_n_connected>
100026ca:	2800      	cmp	r0, #0
100026cc:	d023      	beq.n	10002716 <stdio_usb_out_chars+0xaa>
100026ce:	2000      	movs	r0, #0
100026d0:	f001 fe9e 	bl	10004410 <tud_cdc_n_write_available>
100026d4:	2800      	cmp	r0, #0
100026d6:	d027      	beq.n	10002728 <stdio_usb_out_chars+0xbc>
100026d8:	42b4      	cmp	r4, r6
100026da:	da1c      	bge.n	10002716 <stdio_usb_out_chars+0xaa>
100026dc:	2000      	movs	r0, #0
100026de:	1b35      	subs	r5, r6, r4
100026e0:	f001 fe96 	bl	10004410 <tud_cdc_n_write_available>
100026e4:	4285      	cmp	r5, r0
100026e6:	dce6      	bgt.n	100026b6 <stdio_usb_out_chars+0x4a>
100026e8:	1939      	adds	r1, r7, r4
100026ea:	002a      	movs	r2, r5
100026ec:	2000      	movs	r0, #0
100026ee:	f001 fe75 	bl	100043dc <tud_cdc_n_write>
100026f2:	0005      	movs	r5, r0
100026f4:	f000 fe3e 	bl	10003374 <tud_task>
100026f8:	2000      	movs	r0, #0
100026fa:	f001 fe33 	bl	10004364 <tud_cdc_n_write_flush>
100026fe:	f7fe fd53 	bl	100011a8 <time_us_64>
10002702:	4643      	mov	r3, r8
10002704:	1964      	adds	r4, r4, r5
10002706:	6018      	str	r0, [r3, #0]
10002708:	6059      	str	r1, [r3, #4]
1000270a:	e7e5      	b.n	100026d8 <stdio_usb_out_chars+0x6c>
1000270c:	2000      	movs	r0, #0
1000270e:	2100      	movs	r1, #0
10002710:	4b10      	ldr	r3, [pc, #64]	; (10002754 <stdio_usb_out_chars+0xe8>)
10002712:	6018      	str	r0, [r3, #0]
10002714:	6059      	str	r1, [r3, #4]
10002716:	4648      	mov	r0, r9
10002718:	f002 fc62 	bl	10004fe0 <__mutex_exit_veneer>
1000271c:	b002      	add	sp, #8
1000271e:	bc1c      	pop	{r2, r3, r4}
10002720:	4690      	mov	r8, r2
10002722:	4699      	mov	r9, r3
10002724:	46a2      	mov	sl, r4
10002726:	bdf0      	pop	{r4, r5, r6, r7, pc}
10002728:	f7fe fd3e 	bl	100011a8 <time_us_64>
1000272c:	4653      	mov	r3, sl
1000272e:	000d      	movs	r5, r1
10002730:	681a      	ldr	r2, [r3, #0]
10002732:	685b      	ldr	r3, [r3, #4]
10002734:	2100      	movs	r1, #0
10002736:	4684      	mov	ip, r0
10002738:	4807      	ldr	r0, [pc, #28]	; (10002758 <stdio_usb_out_chars+0xec>)
1000273a:	1812      	adds	r2, r2, r0
1000273c:	414b      	adcs	r3, r1
1000273e:	429d      	cmp	r5, r3
10002740:	d8e9      	bhi.n	10002716 <stdio_usb_out_chars+0xaa>
10002742:	d1c9      	bne.n	100026d8 <stdio_usb_out_chars+0x6c>
10002744:	4594      	cmp	ip, r2
10002746:	d9c7      	bls.n	100026d8 <stdio_usb_out_chars+0x6c>
10002748:	e7e5      	b.n	10002716 <stdio_usb_out_chars+0xaa>
1000274a:	0005      	movs	r5, r0
1000274c:	e7cc      	b.n	100026e8 <stdio_usb_out_chars+0x7c>
1000274e:	46c0      	nop			; (mov r8, r8)
10002750:	20000f00 	.word	0x20000f00
10002754:	20000570 	.word	0x20000570
10002758:	0007a120 	.word	0x0007a120

1000275c <timer_task>:
1000275c:	b510      	push	{r4, lr}
1000275e:	4b04      	ldr	r3, [pc, #16]	; (10002770 <timer_task+0x14>)
10002760:	7818      	ldrb	r0, [r3, #0]
10002762:	f7fd ff17 	bl	10000594 <irq_set_pending>
10002766:	20fa      	movs	r0, #250	; 0xfa
10002768:	2100      	movs	r1, #0
1000276a:	0080      	lsls	r0, r0, #2
1000276c:	bd10      	pop	{r4, pc}
1000276e:	46c0      	nop			; (mov r8, r8)
10002770:	20000f34 	.word	0x20000f34

10002774 <usb_irq>:
10002774:	b510      	push	{r4, lr}
10002776:	4b02      	ldr	r3, [pc, #8]	; (10002780 <usb_irq+0xc>)
10002778:	7818      	ldrb	r0, [r3, #0]
1000277a:	f7fd ff0b 	bl	10000594 <irq_set_pending>
1000277e:	bd10      	pop	{r4, pc}
10002780:	20000f34 	.word	0x20000f34

10002784 <low_priority_worker_irq>:
10002784:	b510      	push	{r4, lr}
10002786:	4c07      	ldr	r4, [pc, #28]	; (100027a4 <low_priority_worker_irq+0x20>)
10002788:	2100      	movs	r1, #0
1000278a:	0020      	movs	r0, r4
1000278c:	f002 fc38 	bl	10005000 <__mutex_try_enter_veneer>
10002790:	2800      	cmp	r0, #0
10002792:	d100      	bne.n	10002796 <low_priority_worker_irq+0x12>
10002794:	bd10      	pop	{r4, pc}
10002796:	f000 fded 	bl	10003374 <tud_task>
1000279a:	0020      	movs	r0, r4
1000279c:	f002 fc20 	bl	10004fe0 <__mutex_exit_veneer>
100027a0:	e7f8      	b.n	10002794 <low_priority_worker_irq+0x10>
100027a2:	46c0      	nop			; (mov r8, r8)
100027a4:	20000f00 	.word	0x20000f00

100027a8 <stdio_usb_init>:
100027a8:	b530      	push	{r4, r5, lr}
100027aa:	4b23      	ldr	r3, [pc, #140]	; (10002838 <stdio_usb_init+0x90>)
100027ac:	b085      	sub	sp, #20
100027ae:	781b      	ldrb	r3, [r3, #0]
100027b0:	f002 f83c 	bl	1000482c <tusb_init>
100027b4:	4821      	ldr	r0, [pc, #132]	; (1000283c <stdio_usb_init+0x94>)
100027b6:	f7ff f905 	bl	100019c4 <mutex_init>
100027ba:	2001      	movs	r0, #1
100027bc:	f7fe f964 	bl	10000a88 <user_irq_claim_unused>
100027c0:	23ff      	movs	r3, #255	; 0xff
100027c2:	4c1f      	ldr	r4, [pc, #124]	; (10002840 <stdio_usb_init+0x98>)
100027c4:	491f      	ldr	r1, [pc, #124]	; (10002844 <stdio_usb_init+0x9c>)
100027c6:	7020      	strb	r0, [r4, #0]
100027c8:	4018      	ands	r0, r3
100027ca:	f7fd ff09 	bl	100005e0 <irq_set_exclusive_handler>
100027ce:	7820      	ldrb	r0, [r4, #0]
100027d0:	2101      	movs	r1, #1
100027d2:	f7fd fecd 	bl	10000570 <irq_set_enabled>
100027d6:	2005      	movs	r0, #5
100027d8:	f7fd fee4 	bl	100005a4 <irq_has_shared_handler>
100027dc:	1e04      	subs	r4, r0, #0
100027de:	d00c      	beq.n	100027fa <stdio_usb_init+0x52>
100027e0:	2200      	movs	r2, #0
100027e2:	4919      	ldr	r1, [pc, #100]	; (10002848 <stdio_usb_init+0xa0>)
100027e4:	2005      	movs	r0, #5
100027e6:	f7fd ff25 	bl	10000634 <irq_add_shared_handler>
100027ea:	2101      	movs	r1, #1
100027ec:	4817      	ldr	r0, [pc, #92]	; (1000284c <stdio_usb_init+0xa4>)
100027ee:	f7ff fe7d 	bl	100024ec <stdio_set_driver_enabled>
100027f2:	2401      	movs	r4, #1
100027f4:	0020      	movs	r0, r4
100027f6:	b005      	add	sp, #20
100027f8:	bd30      	pop	{r4, r5, pc}
100027fa:	f7fe fb3b 	bl	10000e74 <alarm_pool_get_default>
100027fe:	0005      	movs	r5, r0
10002800:	f7fe fcd2 	bl	100011a8 <time_us_64>
10002804:	22fa      	movs	r2, #250	; 0xfa
10002806:	2300      	movs	r3, #0
10002808:	0092      	lsls	r2, r2, #2
1000280a:	1812      	adds	r2, r2, r0
1000280c:	414b      	adcs	r3, r1
1000280e:	4299      	cmp	r1, r3
10002810:	d80e      	bhi.n	10002830 <stdio_usb_init+0x88>
10002812:	d00b      	beq.n	1000282c <stdio_usb_init+0x84>
10002814:	2101      	movs	r1, #1
10002816:	9102      	str	r1, [sp, #8]
10002818:	2100      	movs	r1, #0
1000281a:	9101      	str	r1, [sp, #4]
1000281c:	490c      	ldr	r1, [pc, #48]	; (10002850 <stdio_usb_init+0xa8>)
1000281e:	0028      	movs	r0, r5
10002820:	9100      	str	r1, [sp, #0]
10002822:	f7fe fb2b 	bl	10000e7c <alarm_pool_add_alarm_at>
10002826:	2800      	cmp	r0, #0
10002828:	d0e4      	beq.n	100027f4 <stdio_usb_init+0x4c>
1000282a:	e7de      	b.n	100027ea <stdio_usb_init+0x42>
1000282c:	4290      	cmp	r0, r2
1000282e:	d9f1      	bls.n	10002814 <stdio_usb_init+0x6c>
10002830:	2201      	movs	r2, #1
10002832:	4252      	negs	r2, r2
10002834:	17d3      	asrs	r3, r2, #31
10002836:	e7ed      	b.n	10002814 <stdio_usb_init+0x6c>
10002838:	10005320 	.word	0x10005320
1000283c:	20000f00 	.word	0x20000f00
10002840:	20000f34 	.word	0x20000f34
10002844:	10002785 	.word	0x10002785
10002848:	10002775 	.word	0x10002775
1000284c:	20000410 	.word	0x20000410
10002850:	1000275d 	.word	0x1000275d

10002854 <tud_descriptor_device_cb>:
10002854:	4800      	ldr	r0, [pc, #0]	; (10002858 <tud_descriptor_device_cb+0x4>)
10002856:	4770      	bx	lr
10002858:	100051cc 	.word	0x100051cc

1000285c <tud_descriptor_configuration_cb>:
1000285c:	4800      	ldr	r0, [pc, #0]	; (10002860 <tud_descriptor_configuration_cb+0x4>)
1000285e:	4770      	bx	lr
10002860:	10005178 	.word	0x10005178

10002864 <tud_descriptor_string_cb>:
10002864:	b570      	push	{r4, r5, r6, lr}
10002866:	0004      	movs	r4, r0
10002868:	4816      	ldr	r0, [pc, #88]	; (100028c4 <tud_descriptor_string_cb+0x60>)
1000286a:	7803      	ldrb	r3, [r0, #0]
1000286c:	2b00      	cmp	r3, #0
1000286e:	d020      	beq.n	100028b2 <tud_descriptor_string_cb+0x4e>
10002870:	2c00      	cmp	r4, #0
10002872:	d018      	beq.n	100028a6 <tud_descriptor_string_cb+0x42>
10002874:	2c05      	cmp	r4, #5
10002876:	d823      	bhi.n	100028c0 <tud_descriptor_string_cb+0x5c>
10002878:	4b13      	ldr	r3, [pc, #76]	; (100028c8 <tud_descriptor_string_cb+0x64>)
1000287a:	4814      	ldr	r0, [pc, #80]	; (100028cc <tud_descriptor_string_cb+0x68>)
1000287c:	00a4      	lsls	r4, r4, #2
1000287e:	58e5      	ldr	r5, [r4, r3]
10002880:	1c81      	adds	r1, r0, #2
10002882:	2300      	movs	r3, #0
10002884:	e004      	b.n	10002890 <tud_descriptor_string_cb+0x2c>
10002886:	3301      	adds	r3, #1
10002888:	800a      	strh	r2, [r1, #0]
1000288a:	3102      	adds	r1, #2
1000288c:	2b13      	cmp	r3, #19
1000288e:	d014      	beq.n	100028ba <tud_descriptor_string_cb+0x56>
10002890:	5cea      	ldrb	r2, [r5, r3]
10002892:	b2dc      	uxtb	r4, r3
10002894:	2a00      	cmp	r2, #0
10002896:	d1f6      	bne.n	10002886 <tud_descriptor_string_cb+0x22>
10002898:	23c0      	movs	r3, #192	; 0xc0
1000289a:	3401      	adds	r4, #1
1000289c:	0064      	lsls	r4, r4, #1
1000289e:	009b      	lsls	r3, r3, #2
100028a0:	431c      	orrs	r4, r3
100028a2:	8004      	strh	r4, [r0, #0]
100028a4:	bd70      	pop	{r4, r5, r6, pc}
100028a6:	24c1      	movs	r4, #193	; 0xc1
100028a8:	4808      	ldr	r0, [pc, #32]	; (100028cc <tud_descriptor_string_cb+0x68>)
100028aa:	4b09      	ldr	r3, [pc, #36]	; (100028d0 <tud_descriptor_string_cb+0x6c>)
100028ac:	00a4      	lsls	r4, r4, #2
100028ae:	8043      	strh	r3, [r0, #2]
100028b0:	e7f7      	b.n	100028a2 <tud_descriptor_string_cb+0x3e>
100028b2:	2111      	movs	r1, #17
100028b4:	f002 fa50 	bl	10004d58 <pico_get_unique_board_id_string>
100028b8:	e7da      	b.n	10002870 <tud_descriptor_string_cb+0xc>
100028ba:	24ca      	movs	r4, #202	; 0xca
100028bc:	00a4      	lsls	r4, r4, #2
100028be:	e7f0      	b.n	100028a2 <tud_descriptor_string_cb+0x3e>
100028c0:	2000      	movs	r0, #0
100028c2:	e7ef      	b.n	100028a4 <tud_descriptor_string_cb+0x40>
100028c4:	20000f18 	.word	0x20000f18
100028c8:	100051e0 	.word	0x100051e0
100028cc:	20000aa4 	.word	0x20000aa4
100028d0:	00000409 	.word	0x00000409

100028d4 <dcd_rp2040_irq>:
100028d4:	b5f0      	push	{r4, r5, r6, r7, lr}
100028d6:	2398      	movs	r3, #152	; 0x98
100028d8:	4657      	mov	r7, sl
100028da:	4645      	mov	r5, r8
100028dc:	46de      	mov	lr, fp
100028de:	464e      	mov	r6, r9
100028e0:	4a6c      	ldr	r2, [pc, #432]	; (10002a94 <dcd_rp2040_irq+0x1c0>)
100028e2:	b5e0      	push	{r5, r6, r7, lr}
100028e4:	58d7      	ldr	r7, [r2, r3]
100028e6:	2580      	movs	r5, #128	; 0x80
100028e8:	003c      	movs	r4, r7
100028ea:	026d      	lsls	r5, r5, #9
100028ec:	3b88      	subs	r3, #136	; 0x88
100028ee:	b083      	sub	sp, #12
100028f0:	402c      	ands	r4, r5
100028f2:	469a      	mov	sl, r3
100028f4:	d00f      	beq.n	10002916 <dcd_rp2040_irq+0x42>
100028f6:	2201      	movs	r2, #1
100028f8:	2123      	movs	r1, #35	; 0x23
100028fa:	4b67      	ldr	r3, [pc, #412]	; (10002a98 <dcd_rp2040_irq+0x1c4>)
100028fc:	2000      	movs	r0, #0
100028fe:	545a      	strb	r2, [r3, r1]
10002900:	70da      	strb	r2, [r3, #3]
10002902:	4966      	ldr	r1, [pc, #408]	; (10002a9c <dcd_rp2040_irq+0x1c8>)
10002904:	f001 fa88 	bl	10003e18 <dcd_event_setup_received>
10002908:	2280      	movs	r2, #128	; 0x80
1000290a:	4b65      	ldr	r3, [pc, #404]	; (10002aa0 <dcd_rp2040_irq+0x1cc>)
1000290c:	0292      	lsls	r2, r2, #10
1000290e:	651a      	str	r2, [r3, #80]	; 0x50
10002910:	4b64      	ldr	r3, [pc, #400]	; (10002aa4 <dcd_rp2040_irq+0x1d0>)
10002912:	002c      	movs	r4, r5
10002914:	469a      	mov	sl, r3
10002916:	06fb      	lsls	r3, r7, #27
10002918:	d417      	bmi.n	1000294a <dcd_rp2040_irq+0x76>
1000291a:	2380      	movs	r3, #128	; 0x80
1000291c:	015b      	lsls	r3, r3, #5
1000291e:	421f      	tst	r7, r3
10002920:	d145      	bne.n	100029ae <dcd_rp2040_irq+0xda>
10002922:	2380      	movs	r3, #128	; 0x80
10002924:	01db      	lsls	r3, r3, #7
10002926:	421f      	tst	r7, r3
10002928:	d000      	beq.n	1000292c <dcd_rp2040_irq+0x58>
1000292a:	e088      	b.n	10002a3e <dcd_rp2040_irq+0x16a>
1000292c:	2380      	movs	r3, #128	; 0x80
1000292e:	021b      	lsls	r3, r3, #8
10002930:	421f      	tst	r7, r3
10002932:	d000      	beq.n	10002936 <dcd_rp2040_irq+0x62>
10002934:	e091      	b.n	10002a5a <dcd_rp2040_irq+0x186>
10002936:	42bc      	cmp	r4, r7
10002938:	d000      	beq.n	1000293c <dcd_rp2040_irq+0x68>
1000293a:	e0a5      	b.n	10002a88 <dcd_rp2040_irq+0x1b4>
1000293c:	b003      	add	sp, #12
1000293e:	bc3c      	pop	{r2, r3, r4, r5}
10002940:	4690      	mov	r8, r2
10002942:	4699      	mov	r9, r3
10002944:	46a2      	mov	sl, r4
10002946:	46ab      	mov	fp, r5
10002948:	bdf0      	pop	{r4, r5, r6, r7, pc}
1000294a:	4b52      	ldr	r3, [pc, #328]	; (10002a94 <dcd_rp2040_irq+0x1c0>)
1000294c:	6d9b      	ldr	r3, [r3, #88]	; 0x58
1000294e:	4698      	mov	r8, r3
10002950:	2b00      	cmp	r3, #0
10002952:	d027      	beq.n	100029a4 <dcd_rp2040_irq+0xd0>
10002954:	4b52      	ldr	r3, [pc, #328]	; (10002aa0 <dcd_rp2040_irq+0x1cc>)
10002956:	2500      	movs	r5, #0
10002958:	469b      	mov	fp, r3
1000295a:	2301      	movs	r3, #1
1000295c:	4699      	mov	r9, r3
1000295e:	4643      	mov	r3, r8
10002960:	2601      	movs	r6, #1
10002962:	46b8      	mov	r8, r7
10002964:	001f      	movs	r7, r3
10002966:	e004      	b.n	10002972 <dcd_rp2040_irq+0x9e>
10002968:	3501      	adds	r5, #1
1000296a:	0076      	lsls	r6, r6, #1
1000296c:	b2ed      	uxtb	r5, r5
1000296e:	2d20      	cmp	r5, #32
10002970:	d017      	beq.n	100029a2 <dcd_rp2040_irq+0xce>
10002972:	4237      	tst	r7, r6
10002974:	d0f8      	beq.n	10002968 <dcd_rp2040_irq+0x94>
10002976:	465b      	mov	r3, fp
10002978:	659e      	str	r6, [r3, #88]	; 0x58
1000297a:	464b      	mov	r3, r9
1000297c:	086c      	lsrs	r4, r5, #1
1000297e:	43ab      	bics	r3, r5
10002980:	0064      	lsls	r4, r4, #1
10002982:	18e4      	adds	r4, r4, r3
10002984:	4b44      	ldr	r3, [pc, #272]	; (10002a98 <dcd_rp2040_irq+0x1c4>)
10002986:	0164      	lsls	r4, r4, #5
10002988:	469c      	mov	ip, r3
1000298a:	4464      	add	r4, ip
1000298c:	0020      	movs	r0, r4
1000298e:	f000 fb81 	bl	10003094 <hw_endpoint_xfer_continue>
10002992:	2800      	cmp	r0, #0
10002994:	d16c      	bne.n	10002a70 <dcd_rp2040_irq+0x19c>
10002996:	3501      	adds	r5, #1
10002998:	43b7      	bics	r7, r6
1000299a:	b2ed      	uxtb	r5, r5
1000299c:	0076      	lsls	r6, r6, #1
1000299e:	2f00      	cmp	r7, #0
100029a0:	d1e5      	bne.n	1000296e <dcd_rp2040_irq+0x9a>
100029a2:	4647      	mov	r7, r8
100029a4:	2380      	movs	r3, #128	; 0x80
100029a6:	015b      	lsls	r3, r3, #5
100029a8:	4654      	mov	r4, sl
100029aa:	421f      	tst	r7, r3
100029ac:	d0b9      	beq.n	10002922 <dcd_rp2040_irq+0x4e>
100029ae:	431c      	orrs	r4, r3
100029b0:	2300      	movs	r3, #0
100029b2:	4a38      	ldr	r2, [pc, #224]	; (10002a94 <dcd_rp2040_irq+0x1c0>)
100029b4:	2100      	movs	r1, #0
100029b6:	6013      	str	r3, [r2, #0]
100029b8:	4a38      	ldr	r2, [pc, #224]	; (10002a9c <dcd_rp2040_irq+0x1c8>)
100029ba:	483b      	ldr	r0, [pc, #236]	; (10002aa8 <dcd_rp2040_irq+0x1d4>)
100029bc:	6093      	str	r3, [r2, #8]
100029be:	60d3      	str	r3, [r2, #12]
100029c0:	4a3a      	ldr	r2, [pc, #232]	; (10002aac <dcd_rp2040_irq+0x1d8>)
100029c2:	6093      	str	r3, [r2, #8]
100029c4:	60d3      	str	r3, [r2, #12]
100029c6:	4a3a      	ldr	r2, [pc, #232]	; (10002ab0 <dcd_rp2040_irq+0x1dc>)
100029c8:	6093      	str	r3, [r2, #8]
100029ca:	60d3      	str	r3, [r2, #12]
100029cc:	4a39      	ldr	r2, [pc, #228]	; (10002ab4 <dcd_rp2040_irq+0x1e0>)
100029ce:	6093      	str	r3, [r2, #8]
100029d0:	60d3      	str	r3, [r2, #12]
100029d2:	4a39      	ldr	r2, [pc, #228]	; (10002ab8 <dcd_rp2040_irq+0x1e4>)
100029d4:	6093      	str	r3, [r2, #8]
100029d6:	60d3      	str	r3, [r2, #12]
100029d8:	4a38      	ldr	r2, [pc, #224]	; (10002abc <dcd_rp2040_irq+0x1e8>)
100029da:	6093      	str	r3, [r2, #8]
100029dc:	60d3      	str	r3, [r2, #12]
100029de:	4a38      	ldr	r2, [pc, #224]	; (10002ac0 <dcd_rp2040_irq+0x1ec>)
100029e0:	6093      	str	r3, [r2, #8]
100029e2:	60d3      	str	r3, [r2, #12]
100029e4:	4a37      	ldr	r2, [pc, #220]	; (10002ac4 <dcd_rp2040_irq+0x1f0>)
100029e6:	6093      	str	r3, [r2, #8]
100029e8:	60d3      	str	r3, [r2, #12]
100029ea:	4a37      	ldr	r2, [pc, #220]	; (10002ac8 <dcd_rp2040_irq+0x1f4>)
100029ec:	6093      	str	r3, [r2, #8]
100029ee:	60d3      	str	r3, [r2, #12]
100029f0:	4a36      	ldr	r2, [pc, #216]	; (10002acc <dcd_rp2040_irq+0x1f8>)
100029f2:	6093      	str	r3, [r2, #8]
100029f4:	60d3      	str	r3, [r2, #12]
100029f6:	4a36      	ldr	r2, [pc, #216]	; (10002ad0 <dcd_rp2040_irq+0x1fc>)
100029f8:	6093      	str	r3, [r2, #8]
100029fa:	60d3      	str	r3, [r2, #12]
100029fc:	4a35      	ldr	r2, [pc, #212]	; (10002ad4 <dcd_rp2040_irq+0x200>)
100029fe:	6093      	str	r3, [r2, #8]
10002a00:	60d3      	str	r3, [r2, #12]
10002a02:	4a35      	ldr	r2, [pc, #212]	; (10002ad8 <dcd_rp2040_irq+0x204>)
10002a04:	6093      	str	r3, [r2, #8]
10002a06:	60d3      	str	r3, [r2, #12]
10002a08:	4a34      	ldr	r2, [pc, #208]	; (10002adc <dcd_rp2040_irq+0x208>)
10002a0a:	6093      	str	r3, [r2, #8]
10002a0c:	60d3      	str	r3, [r2, #12]
10002a0e:	4a34      	ldr	r2, [pc, #208]	; (10002ae0 <dcd_rp2040_irq+0x20c>)
10002a10:	6093      	str	r3, [r2, #8]
10002a12:	60d3      	str	r3, [r2, #12]
10002a14:	22f0      	movs	r2, #240	; 0xf0
10002a16:	0092      	lsls	r2, r2, #2
10002a18:	f7ff fc12 	bl	10002240 <__wrap_memset>
10002a1c:	4b31      	ldr	r3, [pc, #196]	; (10002ae4 <dcd_rp2040_irq+0x210>)
10002a1e:	4a32      	ldr	r2, [pc, #200]	; (10002ae8 <dcd_rp2040_irq+0x214>)
10002a20:	2100      	movs	r1, #0
10002a22:	601a      	str	r2, [r3, #0]
10002a24:	2000      	movs	r0, #0
10002a26:	2201      	movs	r2, #1
10002a28:	f001 f9ca 	bl	10003dc0 <dcd_event_bus_reset>
10002a2c:	2280      	movs	r2, #128	; 0x80
10002a2e:	4b1c      	ldr	r3, [pc, #112]	; (10002aa0 <dcd_rp2040_irq+0x1cc>)
10002a30:	0312      	lsls	r2, r2, #12
10002a32:	651a      	str	r2, [r3, #80]	; 0x50
10002a34:	2380      	movs	r3, #128	; 0x80
10002a36:	01db      	lsls	r3, r3, #7
10002a38:	421f      	tst	r7, r3
10002a3a:	d100      	bne.n	10002a3e <dcd_rp2040_irq+0x16a>
10002a3c:	e776      	b.n	1000292c <dcd_rp2040_irq+0x58>
10002a3e:	2201      	movs	r2, #1
10002a40:	2104      	movs	r1, #4
10002a42:	2000      	movs	r0, #0
10002a44:	431c      	orrs	r4, r3
10002a46:	f001 f929 	bl	10003c9c <dcd_event_bus_signal>
10002a4a:	2210      	movs	r2, #16
10002a4c:	4b14      	ldr	r3, [pc, #80]	; (10002aa0 <dcd_rp2040_irq+0x1cc>)
10002a4e:	651a      	str	r2, [r3, #80]	; 0x50
10002a50:	2380      	movs	r3, #128	; 0x80
10002a52:	021b      	lsls	r3, r3, #8
10002a54:	421f      	tst	r7, r3
10002a56:	d100      	bne.n	10002a5a <dcd_rp2040_irq+0x186>
10002a58:	e76d      	b.n	10002936 <dcd_rp2040_irq+0x62>
10002a5a:	2201      	movs	r2, #1
10002a5c:	2105      	movs	r1, #5
10002a5e:	2000      	movs	r0, #0
10002a60:	431c      	orrs	r4, r3
10002a62:	f001 f91b 	bl	10003c9c <dcd_event_bus_signal>
10002a66:	2280      	movs	r2, #128	; 0x80
10002a68:	4b0d      	ldr	r3, [pc, #52]	; (10002aa0 <dcd_rp2040_irq+0x1cc>)
10002a6a:	0112      	lsls	r2, r2, #4
10002a6c:	651a      	str	r2, [r3, #80]	; 0x50
10002a6e:	e762      	b.n	10002936 <dcd_rp2040_irq+0x62>
10002a70:	464b      	mov	r3, r9
10002a72:	8aa2      	ldrh	r2, [r4, #20]
10002a74:	78a1      	ldrb	r1, [r4, #2]
10002a76:	2000      	movs	r0, #0
10002a78:	9300      	str	r3, [sp, #0]
10002a7a:	2300      	movs	r3, #0
10002a7c:	f001 f9f4 	bl	10003e68 <dcd_event_xfer_complete>
10002a80:	0020      	movs	r0, r4
10002a82:	f000 fa45 	bl	10002f10 <hw_endpoint_reset_transfer>
10002a86:	e786      	b.n	10002996 <dcd_rp2040_irq+0xc2>
10002a88:	0021      	movs	r1, r4
10002a8a:	4818      	ldr	r0, [pc, #96]	; (10002aec <dcd_rp2040_irq+0x218>)
10002a8c:	4079      	eors	r1, r7
10002a8e:	f7ff f841 	bl	10001b14 <panic>
10002a92:	46c0      	nop			; (mov r8, r8)
10002a94:	50110000 	.word	0x50110000
10002a98:	20000ad4 	.word	0x20000ad4
10002a9c:	50100000 	.word	0x50100000
10002aa0:	50113000 	.word	0x50113000
10002aa4:	00010010 	.word	0x00010010
10002aa8:	20000b14 	.word	0x20000b14
10002aac:	50100008 	.word	0x50100008
10002ab0:	50100010 	.word	0x50100010
10002ab4:	50100018 	.word	0x50100018
10002ab8:	50100020 	.word	0x50100020
10002abc:	50100028 	.word	0x50100028
10002ac0:	50100030 	.word	0x50100030
10002ac4:	50100038 	.word	0x50100038
10002ac8:	50100040 	.word	0x50100040
10002acc:	50100048 	.word	0x50100048
10002ad0:	50100050 	.word	0x50100050
10002ad4:	50100058 	.word	0x50100058
10002ad8:	50100060 	.word	0x50100060
10002adc:	50100068 	.word	0x50100068
10002ae0:	50100070 	.word	0x50100070
10002ae4:	20000edc 	.word	0x20000edc
10002ae8:	50100180 	.word	0x50100180
10002aec:	100051f8 	.word	0x100051f8

10002af0 <dcd_int_enable>:
10002af0:	b510      	push	{r4, lr}
10002af2:	2101      	movs	r1, #1
10002af4:	2005      	movs	r0, #5
10002af6:	f7fd fd3b 	bl	10000570 <irq_set_enabled>
10002afa:	bd10      	pop	{r4, pc}

10002afc <dcd_set_address>:
10002afc:	b510      	push	{r4, lr}
10002afe:	2200      	movs	r2, #0
10002b00:	2100      	movs	r1, #0
10002b02:	4802      	ldr	r0, [pc, #8]	; (10002b0c <dcd_set_address+0x10>)
10002b04:	f000 fa2a 	bl	10002f5c <hw_endpoint_xfer_start>
10002b08:	bd10      	pop	{r4, pc}
10002b0a:	46c0      	nop			; (mov r8, r8)
10002b0c:	20000af4 	.word	0x20000af4

10002b10 <dcd_connect>:
10002b10:	2280      	movs	r2, #128	; 0x80
10002b12:	4b02      	ldr	r3, [pc, #8]	; (10002b1c <dcd_connect+0xc>)
10002b14:	0252      	lsls	r2, r2, #9
10002b16:	64da      	str	r2, [r3, #76]	; 0x4c
10002b18:	4770      	bx	lr
10002b1a:	46c0      	nop			; (mov r8, r8)
10002b1c:	50112000 	.word	0x50112000

10002b20 <dcd_init>:
10002b20:	b5f0      	push	{r4, r5, r6, r7, lr}
10002b22:	46c6      	mov	lr, r8
10002b24:	b500      	push	{lr}
10002b26:	0007      	movs	r7, r0
10002b28:	f000 f9cc 	bl	10002ec4 <rp2040_usb_init>
10002b2c:	230c      	movs	r3, #12
10002b2e:	4d35      	ldr	r5, [pc, #212]	; (10002c04 <dcd_init+0xe4>)
10002b30:	4935      	ldr	r1, [pc, #212]	; (10002c08 <dcd_init+0xe8>)
10002b32:	67ab      	str	r3, [r5, #120]	; 0x78
10002b34:	2005      	movs	r0, #5
10002b36:	f7fd fd53 	bl	100005e0 <irq_set_exclusive_handler>
10002b3a:	2340      	movs	r3, #64	; 0x40
10002b3c:	4698      	mov	r8, r3
10002b3e:	4c33      	ldr	r4, [pc, #204]	; (10002c0c <dcd_init+0xec>)
10002b40:	2240      	movs	r2, #64	; 0x40
10002b42:	2100      	movs	r1, #0
10002b44:	0020      	movs	r0, r4
10002b46:	f7ff fb7b 	bl	10002240 <__wrap_memset>
10002b4a:	4643      	mov	r3, r8
10002b4c:	2601      	movs	r6, #1
10002b4e:	83a3      	strh	r3, [r4, #28]
10002b50:	2121      	movs	r1, #33	; 0x21
10002b52:	2300      	movs	r3, #0
10002b54:	4a2e      	ldr	r2, [pc, #184]	; (10002c10 <dcd_init+0xf0>)
10002b56:	7066      	strb	r6, [r4, #1]
10002b58:	60a2      	str	r2, [r4, #8]
10002b5a:	6013      	str	r3, [r2, #0]
10002b5c:	5463      	strb	r3, [r4, r1]
10002b5e:	315f      	adds	r1, #95	; 0x5f
10002b60:	8461      	strh	r1, [r4, #34]	; 0x22
10002b62:	4641      	mov	r1, r8
10002b64:	87a1      	strh	r1, [r4, #60]	; 0x3c
10002b66:	3902      	subs	r1, #2
10002b68:	5463      	strb	r3, [r4, r1]
10002b6a:	4a2a      	ldr	r2, [pc, #168]	; (10002c14 <dcd_init+0xf4>)
10002b6c:	492a      	ldr	r1, [pc, #168]	; (10002c18 <dcd_init+0xf8>)
10002b6e:	6063      	str	r3, [r4, #4]
10002b70:	60e2      	str	r2, [r4, #12]
10002b72:	62a1      	str	r1, [r4, #40]	; 0x28
10002b74:	600b      	str	r3, [r1, #0]
10002b76:	62e2      	str	r2, [r4, #44]	; 0x2c
10002b78:	4a28      	ldr	r2, [pc, #160]	; (10002c1c <dcd_init+0xfc>)
10002b7a:	6263      	str	r3, [r4, #36]	; 0x24
10002b7c:	6093      	str	r3, [r2, #8]
10002b7e:	60d3      	str	r3, [r2, #12]
10002b80:	4a27      	ldr	r2, [pc, #156]	; (10002c20 <dcd_init+0x100>)
10002b82:	0020      	movs	r0, r4
10002b84:	6093      	str	r3, [r2, #8]
10002b86:	60d3      	str	r3, [r2, #12]
10002b88:	4a26      	ldr	r2, [pc, #152]	; (10002c24 <dcd_init+0x104>)
10002b8a:	2100      	movs	r1, #0
10002b8c:	6093      	str	r3, [r2, #8]
10002b8e:	60d3      	str	r3, [r2, #12]
10002b90:	4a25      	ldr	r2, [pc, #148]	; (10002c28 <dcd_init+0x108>)
10002b92:	3040      	adds	r0, #64	; 0x40
10002b94:	6093      	str	r3, [r2, #8]
10002b96:	60d3      	str	r3, [r2, #12]
10002b98:	4a24      	ldr	r2, [pc, #144]	; (10002c2c <dcd_init+0x10c>)
10002b9a:	6093      	str	r3, [r2, #8]
10002b9c:	60d3      	str	r3, [r2, #12]
10002b9e:	4a24      	ldr	r2, [pc, #144]	; (10002c30 <dcd_init+0x110>)
10002ba0:	6093      	str	r3, [r2, #8]
10002ba2:	60d3      	str	r3, [r2, #12]
10002ba4:	4a23      	ldr	r2, [pc, #140]	; (10002c34 <dcd_init+0x114>)
10002ba6:	6093      	str	r3, [r2, #8]
10002ba8:	60d3      	str	r3, [r2, #12]
10002baa:	4a23      	ldr	r2, [pc, #140]	; (10002c38 <dcd_init+0x118>)
10002bac:	6093      	str	r3, [r2, #8]
10002bae:	60d3      	str	r3, [r2, #12]
10002bb0:	4a22      	ldr	r2, [pc, #136]	; (10002c3c <dcd_init+0x11c>)
10002bb2:	6093      	str	r3, [r2, #8]
10002bb4:	60d3      	str	r3, [r2, #12]
10002bb6:	4a22      	ldr	r2, [pc, #136]	; (10002c40 <dcd_init+0x120>)
10002bb8:	6093      	str	r3, [r2, #8]
10002bba:	60d3      	str	r3, [r2, #12]
10002bbc:	4a21      	ldr	r2, [pc, #132]	; (10002c44 <dcd_init+0x124>)
10002bbe:	6093      	str	r3, [r2, #8]
10002bc0:	60d3      	str	r3, [r2, #12]
10002bc2:	4a21      	ldr	r2, [pc, #132]	; (10002c48 <dcd_init+0x128>)
10002bc4:	6093      	str	r3, [r2, #8]
10002bc6:	60d3      	str	r3, [r2, #12]
10002bc8:	4a20      	ldr	r2, [pc, #128]	; (10002c4c <dcd_init+0x12c>)
10002bca:	6093      	str	r3, [r2, #8]
10002bcc:	60d3      	str	r3, [r2, #12]
10002bce:	4a20      	ldr	r2, [pc, #128]	; (10002c50 <dcd_init+0x130>)
10002bd0:	6093      	str	r3, [r2, #8]
10002bd2:	60d3      	str	r3, [r2, #12]
10002bd4:	4a1f      	ldr	r2, [pc, #124]	; (10002c54 <dcd_init+0x134>)
10002bd6:	6093      	str	r3, [r2, #8]
10002bd8:	60d3      	str	r3, [r2, #12]
10002bda:	22f0      	movs	r2, #240	; 0xf0
10002bdc:	0092      	lsls	r2, r2, #2
10002bde:	f7ff fb2f 	bl	10002240 <__wrap_memset>
10002be2:	4b1d      	ldr	r3, [pc, #116]	; (10002c58 <dcd_init+0x138>)
10002be4:	4a1d      	ldr	r2, [pc, #116]	; (10002c5c <dcd_init+0x13c>)
10002be6:	0038      	movs	r0, r7
10002be8:	601a      	str	r2, [r3, #0]
10002bea:	2380      	movs	r3, #128	; 0x80
10002bec:	059b      	lsls	r3, r3, #22
10002bee:	642e      	str	r6, [r5, #64]	; 0x40
10002bf0:	64eb      	str	r3, [r5, #76]	; 0x4c
10002bf2:	2390      	movs	r3, #144	; 0x90
10002bf4:	4a1a      	ldr	r2, [pc, #104]	; (10002c60 <dcd_init+0x140>)
10002bf6:	50ea      	str	r2, [r5, r3]
10002bf8:	f7ff ff8a 	bl	10002b10 <dcd_connect>
10002bfc:	bc04      	pop	{r2}
10002bfe:	4690      	mov	r8, r2
10002c00:	bdf0      	pop	{r4, r5, r6, r7, pc}
10002c02:	46c0      	nop			; (mov r8, r8)
10002c04:	50110000 	.word	0x50110000
10002c08:	100028d5 	.word	0x100028d5
10002c0c:	20000ad4 	.word	0x20000ad4
10002c10:	50100084 	.word	0x50100084
10002c14:	50100100 	.word	0x50100100
10002c18:	50100080 	.word	0x50100080
10002c1c:	50100000 	.word	0x50100000
10002c20:	50100008 	.word	0x50100008
10002c24:	50100010 	.word	0x50100010
10002c28:	50100018 	.word	0x50100018
10002c2c:	50100020 	.word	0x50100020
10002c30:	50100028 	.word	0x50100028
10002c34:	50100030 	.word	0x50100030
10002c38:	50100038 	.word	0x50100038
10002c3c:	50100040 	.word	0x50100040
10002c40:	50100048 	.word	0x50100048
10002c44:	50100050 	.word	0x50100050
10002c48:	50100058 	.word	0x50100058
10002c4c:	50100060 	.word	0x50100060
10002c50:	50100068 	.word	0x50100068
10002c54:	50100070 	.word	0x50100070
10002c58:	20000edc 	.word	0x20000edc
10002c5c:	50100180 	.word	0x50100180
10002c60:	0001d010 	.word	0x0001d010

10002c64 <dcd_edpt0_status_complete>:
10002c64:	780b      	ldrb	r3, [r1, #0]
10002c66:	065b      	lsls	r3, r3, #25
10002c68:	d102      	bne.n	10002c70 <dcd_edpt0_status_complete+0xc>
10002c6a:	784b      	ldrb	r3, [r1, #1]
10002c6c:	2b05      	cmp	r3, #5
10002c6e:	d000      	beq.n	10002c72 <dcd_edpt0_status_complete+0xe>
10002c70:	4770      	bx	lr
10002c72:	788a      	ldrb	r2, [r1, #2]
10002c74:	4b01      	ldr	r3, [pc, #4]	; (10002c7c <dcd_edpt0_status_complete+0x18>)
10002c76:	601a      	str	r2, [r3, #0]
10002c78:	e7fa      	b.n	10002c70 <dcd_edpt0_status_complete+0xc>
10002c7a:	46c0      	nop			; (mov r8, r8)
10002c7c:	50110000 	.word	0x50110000

10002c80 <dcd_edpt_open>:
10002c80:	b5f0      	push	{r4, r5, r6, r7, lr}
10002c82:	46c6      	mov	lr, r8
10002c84:	2307      	movs	r3, #7
10002c86:	b500      	push	{lr}
10002c88:	7948      	ldrb	r0, [r1, #5]
10002c8a:	788f      	ldrb	r7, [r1, #2]
10002c8c:	790a      	ldrb	r2, [r1, #4]
10002c8e:	4003      	ands	r3, r0
10002c90:	78c8      	ldrb	r0, [r1, #3]
10002c92:	217f      	movs	r1, #127	; 0x7f
10002c94:	0780      	lsls	r0, r0, #30
10002c96:	4039      	ands	r1, r7
10002c98:	0f80      	lsrs	r0, r0, #30
10002c9a:	021b      	lsls	r3, r3, #8
10002c9c:	09fc      	lsrs	r4, r7, #7
10002c9e:	4313      	orrs	r3, r2
10002ca0:	004e      	lsls	r6, r1, #1
10002ca2:	b2c2      	uxtb	r2, r0
10002ca4:	4694      	mov	ip, r2
10002ca6:	4d28      	ldr	r5, [pc, #160]	; (10002d48 <dcd_edpt_open+0xc8>)
10002ca8:	1932      	adds	r2, r6, r4
10002caa:	0152      	lsls	r2, r2, #5
10002cac:	18aa      	adds	r2, r5, r2
10002cae:	7097      	strb	r7, [r2, #2]
10002cb0:	2701      	movs	r7, #1
10002cb2:	4067      	eors	r7, r4
10002cb4:	7057      	strb	r7, [r2, #1]
10002cb6:	2700      	movs	r7, #0
10002cb8:	8393      	strh	r3, [r2, #28]
10002cba:	70d7      	strb	r7, [r2, #3]
10002cbc:	7790      	strb	r0, [r2, #30]
10002cbe:	00ca      	lsls	r2, r1, #3
10002cc0:	2c01      	cmp	r4, #1
10002cc2:	d027      	beq.n	10002d14 <dcd_edpt_open+0x94>
10002cc4:	4821      	ldr	r0, [pc, #132]	; (10002d4c <dcd_edpt_open+0xcc>)
10002cc6:	4680      	mov	r8, r0
10002cc8:	0188      	lsls	r0, r1, #6
10002cca:	4442      	add	r2, r8
10002ccc:	1828      	adds	r0, r5, r0
10002cce:	6082      	str	r2, [r0, #8]
10002cd0:	6017      	str	r7, [r2, #0]
10002cd2:	2900      	cmp	r1, #0
10002cd4:	d027      	beq.n	10002d26 <dcd_edpt_open+0xa6>
10002cd6:	4a1e      	ldr	r2, [pc, #120]	; (10002d50 <dcd_edpt_open+0xd0>)
10002cd8:	00c9      	lsls	r1, r1, #3
10002cda:	4690      	mov	r8, r2
10002cdc:	4441      	add	r1, r8
10002cde:	6041      	str	r1, [r0, #4]
10002ce0:	223f      	movs	r2, #63	; 0x3f
10002ce2:	333f      	adds	r3, #63	; 0x3f
10002ce4:	4393      	bics	r3, r2
10002ce6:	4662      	mov	r2, ip
10002ce8:	2a02      	cmp	r2, #2
10002cea:	d100      	bne.n	10002cee <dcd_edpt_open+0x6e>
10002cec:	005b      	lsls	r3, r3, #1
10002cee:	4919      	ldr	r1, [pc, #100]	; (10002d54 <dcd_edpt_open+0xd4>)
10002cf0:	1936      	adds	r6, r6, r4
10002cf2:	680a      	ldr	r2, [r1, #0]
10002cf4:	0176      	lsls	r6, r6, #5
10002cf6:	18d3      	adds	r3, r2, r3
10002cf8:	600b      	str	r3, [r1, #0]
10002cfa:	4b17      	ldr	r3, [pc, #92]	; (10002d58 <dcd_edpt_open+0xd8>)
10002cfc:	19ad      	adds	r5, r5, r6
10002cfe:	60ea      	str	r2, [r5, #12]
10002d00:	4053      	eors	r3, r2
10002d02:	4662      	mov	r2, ip
10002d04:	0692      	lsls	r2, r2, #26
10002d06:	4313      	orrs	r3, r2
10002d08:	2280      	movs	r2, #128	; 0x80
10002d0a:	0612      	lsls	r2, r2, #24
10002d0c:	4313      	orrs	r3, r2
10002d0e:	686a      	ldr	r2, [r5, #4]
10002d10:	6013      	str	r3, [r2, #0]
10002d12:	e00e      	b.n	10002d32 <dcd_edpt_open+0xb2>
10002d14:	4811      	ldr	r0, [pc, #68]	; (10002d5c <dcd_edpt_open+0xdc>)
10002d16:	4680      	mov	r8, r0
10002d18:	0188      	lsls	r0, r1, #6
10002d1a:	4442      	add	r2, r8
10002d1c:	1828      	adds	r0, r5, r0
10002d1e:	6282      	str	r2, [r0, #40]	; 0x28
10002d20:	6017      	str	r7, [r2, #0]
10002d22:	2900      	cmp	r1, #0
10002d24:	d109      	bne.n	10002d3a <dcd_edpt_open+0xba>
10002d26:	2300      	movs	r3, #0
10002d28:	0164      	lsls	r4, r4, #5
10002d2a:	192d      	adds	r5, r5, r4
10002d2c:	606b      	str	r3, [r5, #4]
10002d2e:	4b0c      	ldr	r3, [pc, #48]	; (10002d60 <dcd_edpt_open+0xe0>)
10002d30:	60eb      	str	r3, [r5, #12]
10002d32:	2001      	movs	r0, #1
10002d34:	bc04      	pop	{r2}
10002d36:	4690      	mov	r8, r2
10002d38:	bdf0      	pop	{r4, r5, r6, r7, pc}
10002d3a:	4a07      	ldr	r2, [pc, #28]	; (10002d58 <dcd_edpt_open+0xd8>)
10002d3c:	00c9      	lsls	r1, r1, #3
10002d3e:	4690      	mov	r8, r2
10002d40:	4441      	add	r1, r8
10002d42:	6241      	str	r1, [r0, #36]	; 0x24
10002d44:	e7cc      	b.n	10002ce0 <dcd_edpt_open+0x60>
10002d46:	46c0      	nop			; (mov r8, r8)
10002d48:	20000ad4 	.word	0x20000ad4
10002d4c:	50100084 	.word	0x50100084
10002d50:	50100004 	.word	0x50100004
10002d54:	20000edc 	.word	0x20000edc
10002d58:	50100000 	.word	0x50100000
10002d5c:	50100080 	.word	0x50100080
10002d60:	50100100 	.word	0x50100100

10002d64 <dcd_edpt_close_all>:
10002d64:	2300      	movs	r3, #0
10002d66:	4a1c      	ldr	r2, [pc, #112]	; (10002dd8 <dcd_edpt_close_all+0x74>)
10002d68:	b510      	push	{r4, lr}
10002d6a:	6093      	str	r3, [r2, #8]
10002d6c:	60d3      	str	r3, [r2, #12]
10002d6e:	4a1b      	ldr	r2, [pc, #108]	; (10002ddc <dcd_edpt_close_all+0x78>)
10002d70:	2100      	movs	r1, #0
10002d72:	6093      	str	r3, [r2, #8]
10002d74:	60d3      	str	r3, [r2, #12]
10002d76:	4a1a      	ldr	r2, [pc, #104]	; (10002de0 <dcd_edpt_close_all+0x7c>)
10002d78:	481a      	ldr	r0, [pc, #104]	; (10002de4 <dcd_edpt_close_all+0x80>)
10002d7a:	6093      	str	r3, [r2, #8]
10002d7c:	60d3      	str	r3, [r2, #12]
10002d7e:	4a1a      	ldr	r2, [pc, #104]	; (10002de8 <dcd_edpt_close_all+0x84>)
10002d80:	6093      	str	r3, [r2, #8]
10002d82:	60d3      	str	r3, [r2, #12]
10002d84:	4a19      	ldr	r2, [pc, #100]	; (10002dec <dcd_edpt_close_all+0x88>)
10002d86:	6093      	str	r3, [r2, #8]
10002d88:	60d3      	str	r3, [r2, #12]
10002d8a:	4a19      	ldr	r2, [pc, #100]	; (10002df0 <dcd_edpt_close_all+0x8c>)
10002d8c:	6093      	str	r3, [r2, #8]
10002d8e:	60d3      	str	r3, [r2, #12]
10002d90:	4a18      	ldr	r2, [pc, #96]	; (10002df4 <dcd_edpt_close_all+0x90>)
10002d92:	6093      	str	r3, [r2, #8]
10002d94:	60d3      	str	r3, [r2, #12]
10002d96:	4a18      	ldr	r2, [pc, #96]	; (10002df8 <dcd_edpt_close_all+0x94>)
10002d98:	6093      	str	r3, [r2, #8]
10002d9a:	60d3      	str	r3, [r2, #12]
10002d9c:	4a17      	ldr	r2, [pc, #92]	; (10002dfc <dcd_edpt_close_all+0x98>)
10002d9e:	6093      	str	r3, [r2, #8]
10002da0:	60d3      	str	r3, [r2, #12]
10002da2:	4a17      	ldr	r2, [pc, #92]	; (10002e00 <dcd_edpt_close_all+0x9c>)
10002da4:	6093      	str	r3, [r2, #8]
10002da6:	60d3      	str	r3, [r2, #12]
10002da8:	4a16      	ldr	r2, [pc, #88]	; (10002e04 <dcd_edpt_close_all+0xa0>)
10002daa:	6093      	str	r3, [r2, #8]
10002dac:	60d3      	str	r3, [r2, #12]
10002dae:	4a16      	ldr	r2, [pc, #88]	; (10002e08 <dcd_edpt_close_all+0xa4>)
10002db0:	6093      	str	r3, [r2, #8]
10002db2:	60d3      	str	r3, [r2, #12]
10002db4:	4a15      	ldr	r2, [pc, #84]	; (10002e0c <dcd_edpt_close_all+0xa8>)
10002db6:	6093      	str	r3, [r2, #8]
10002db8:	60d3      	str	r3, [r2, #12]
10002dba:	4a15      	ldr	r2, [pc, #84]	; (10002e10 <dcd_edpt_close_all+0xac>)
10002dbc:	6093      	str	r3, [r2, #8]
10002dbe:	60d3      	str	r3, [r2, #12]
10002dc0:	4a14      	ldr	r2, [pc, #80]	; (10002e14 <dcd_edpt_close_all+0xb0>)
10002dc2:	6093      	str	r3, [r2, #8]
10002dc4:	60d3      	str	r3, [r2, #12]
10002dc6:	22f0      	movs	r2, #240	; 0xf0
10002dc8:	0092      	lsls	r2, r2, #2
10002dca:	f7ff fa39 	bl	10002240 <__wrap_memset>
10002dce:	4b12      	ldr	r3, [pc, #72]	; (10002e18 <dcd_edpt_close_all+0xb4>)
10002dd0:	4a12      	ldr	r2, [pc, #72]	; (10002e1c <dcd_edpt_close_all+0xb8>)
10002dd2:	601a      	str	r2, [r3, #0]
10002dd4:	bd10      	pop	{r4, pc}
10002dd6:	46c0      	nop			; (mov r8, r8)
10002dd8:	50100000 	.word	0x50100000
10002ddc:	50100008 	.word	0x50100008
10002de0:	50100010 	.word	0x50100010
10002de4:	20000b14 	.word	0x20000b14
10002de8:	50100018 	.word	0x50100018
10002dec:	50100020 	.word	0x50100020
10002df0:	50100028 	.word	0x50100028
10002df4:	50100030 	.word	0x50100030
10002df8:	50100038 	.word	0x50100038
10002dfc:	50100040 	.word	0x50100040
10002e00:	50100048 	.word	0x50100048
10002e04:	50100050 	.word	0x50100050
10002e08:	50100058 	.word	0x50100058
10002e0c:	50100060 	.word	0x50100060
10002e10:	50100068 	.word	0x50100068
10002e14:	50100070 	.word	0x50100070
10002e18:	20000edc 	.word	0x20000edc
10002e1c:	50100180 	.word	0x50100180

10002e20 <dcd_edpt_xfer>:
10002e20:	207f      	movs	r0, #127	; 0x7f
10002e22:	b520      	push	{r5, lr}
10002e24:	0015      	movs	r5, r2
10002e26:	4008      	ands	r0, r1
10002e28:	0040      	lsls	r0, r0, #1
10002e2a:	09c9      	lsrs	r1, r1, #7
10002e2c:	1840      	adds	r0, r0, r1
10002e2e:	4904      	ldr	r1, [pc, #16]	; (10002e40 <dcd_edpt_xfer+0x20>)
10002e30:	0140      	lsls	r0, r0, #5
10002e32:	1840      	adds	r0, r0, r1
10002e34:	001a      	movs	r2, r3
10002e36:	0029      	movs	r1, r5
10002e38:	f000 f890 	bl	10002f5c <hw_endpoint_xfer_start>
10002e3c:	2001      	movs	r0, #1
10002e3e:	bd20      	pop	{r5, pc}
10002e40:	20000ad4 	.word	0x20000ad4

10002e44 <dcd_edpt_stall>:
10002e44:	237f      	movs	r3, #127	; 0x7f
10002e46:	b510      	push	{r4, lr}
10002e48:	400b      	ands	r3, r1
10002e4a:	09c9      	lsrs	r1, r1, #7
10002e4c:	2b00      	cmp	r3, #0
10002e4e:	d103      	bne.n	10002e58 <dcd_edpt_stall+0x14>
10002e50:	2202      	movs	r2, #2
10002e52:	4807      	ldr	r0, [pc, #28]	; (10002e70 <dcd_edpt_stall+0x2c>)
10002e54:	1a52      	subs	r2, r2, r1
10002e56:	6682      	str	r2, [r0, #104]	; 0x68
10002e58:	2280      	movs	r2, #128	; 0x80
10002e5a:	0058      	lsls	r0, r3, #1
10002e5c:	1840      	adds	r0, r0, r1
10002e5e:	4b05      	ldr	r3, [pc, #20]	; (10002e74 <dcd_edpt_stall+0x30>)
10002e60:	0140      	lsls	r0, r0, #5
10002e62:	18c0      	adds	r0, r0, r3
10002e64:	0112      	lsls	r2, r2, #4
10002e66:	2100      	movs	r1, #0
10002e68:	f000 f858 	bl	10002f1c <_hw_endpoint_buffer_control_update32>
10002e6c:	bd10      	pop	{r4, pc}
10002e6e:	46c0      	nop			; (mov r8, r8)
10002e70:	50112000 	.word	0x50112000
10002e74:	20000ad4 	.word	0x20000ad4

10002e78 <dcd_edpt_clear_stall>:
10002e78:	237f      	movs	r3, #127	; 0x7f
10002e7a:	b510      	push	{r4, lr}
10002e7c:	400b      	ands	r3, r1
10002e7e:	d100      	bne.n	10002e82 <dcd_edpt_clear_stall+0xa>
10002e80:	bd10      	pop	{r4, pc}
10002e82:	09c9      	lsrs	r1, r1, #7
10002e84:	0058      	lsls	r0, r3, #1
10002e86:	1840      	adds	r0, r0, r1
10002e88:	4b04      	ldr	r3, [pc, #16]	; (10002e9c <dcd_edpt_clear_stall+0x24>)
10002e8a:	0140      	lsls	r0, r0, #5
10002e8c:	1818      	adds	r0, r3, r0
10002e8e:	2300      	movs	r3, #0
10002e90:	2200      	movs	r2, #0
10002e92:	70c3      	strb	r3, [r0, #3]
10002e94:	4902      	ldr	r1, [pc, #8]	; (10002ea0 <dcd_edpt_clear_stall+0x28>)
10002e96:	f000 f841 	bl	10002f1c <_hw_endpoint_buffer_control_update32>
10002e9a:	e7f1      	b.n	10002e80 <dcd_edpt_clear_stall+0x8>
10002e9c:	20000ad4 	.word	0x20000ad4
10002ea0:	fffff7ff 	.word	0xfffff7ff

10002ea4 <_hw_endpoint_buffer_control_update32.part.2>:
10002ea4:	217f      	movs	r1, #127	; 0x7f
10002ea6:	b510      	push	{r4, lr}
10002ea8:	7880      	ldrb	r0, [r0, #2]
10002eaa:	4a04      	ldr	r2, [pc, #16]	; (10002ebc <_hw_endpoint_buffer_control_update32.part.2+0x18>)
10002eac:	09c3      	lsrs	r3, r0, #7
10002eae:	009b      	lsls	r3, r3, #2
10002eb0:	4001      	ands	r1, r0
10002eb2:	589a      	ldr	r2, [r3, r2]
10002eb4:	4802      	ldr	r0, [pc, #8]	; (10002ec0 <_hw_endpoint_buffer_control_update32.part.2+0x1c>)
10002eb6:	f7fe fe2d 	bl	10001b14 <panic>
10002eba:	46c0      	nop			; (mov r8, r8)
10002ebc:	20000424 	.word	0x20000424
10002ec0:	1000520c 	.word	0x1000520c

10002ec4 <rp2040_usb_init>:
10002ec4:	2280      	movs	r2, #128	; 0x80
10002ec6:	4b0d      	ldr	r3, [pc, #52]	; (10002efc <rp2040_usb_init+0x38>)
10002ec8:	0452      	lsls	r2, r2, #17
10002eca:	b510      	push	{r4, lr}
10002ecc:	601a      	str	r2, [r3, #0]
10002ece:	4b0c      	ldr	r3, [pc, #48]	; (10002f00 <rp2040_usb_init+0x3c>)
10002ed0:	490c      	ldr	r1, [pc, #48]	; (10002f04 <rp2040_usb_init+0x40>)
10002ed2:	601a      	str	r2, [r3, #0]
10002ed4:	0010      	movs	r0, r2
10002ed6:	688b      	ldr	r3, [r1, #8]
10002ed8:	4398      	bics	r0, r3
10002eda:	d1fb      	bne.n	10002ed4 <rp2040_usb_init+0x10>
10002edc:	4c0a      	ldr	r4, [pc, #40]	; (10002f08 <rp2040_usb_init+0x44>)
10002ede:	229c      	movs	r2, #156	; 0x9c
10002ee0:	2100      	movs	r1, #0
10002ee2:	0020      	movs	r0, r4
10002ee4:	f7ff f9ac 	bl	10002240 <__wrap_memset>
10002ee8:	2280      	movs	r2, #128	; 0x80
10002eea:	2100      	movs	r1, #0
10002eec:	0152      	lsls	r2, r2, #5
10002eee:	4807      	ldr	r0, [pc, #28]	; (10002f0c <rp2040_usb_init+0x48>)
10002ef0:	f7ff f9a6 	bl	10002240 <__wrap_memset>
10002ef4:	2309      	movs	r3, #9
10002ef6:	6763      	str	r3, [r4, #116]	; 0x74
10002ef8:	bd10      	pop	{r4, pc}
10002efa:	46c0      	nop			; (mov r8, r8)
10002efc:	4000e000 	.word	0x4000e000
10002f00:	4000f000 	.word	0x4000f000
10002f04:	4000c000 	.word	0x4000c000
10002f08:	50110000 	.word	0x50110000
10002f0c:	50100000 	.word	0x50100000

10002f10 <hw_endpoint_reset_transfer>:
10002f10:	2300      	movs	r3, #0
10002f12:	7403      	strb	r3, [r0, #16]
10002f14:	8243      	strh	r3, [r0, #18]
10002f16:	8283      	strh	r3, [r0, #20]
10002f18:	6183      	str	r3, [r0, #24]
10002f1a:	4770      	bx	lr

10002f1c <_hw_endpoint_buffer_control_update32>:
10002f1c:	b510      	push	{r4, lr}
10002f1e:	6883      	ldr	r3, [r0, #8]
10002f20:	2900      	cmp	r1, #0
10002f22:	d001      	beq.n	10002f28 <_hw_endpoint_buffer_control_update32+0xc>
10002f24:	681c      	ldr	r4, [r3, #0]
10002f26:	4021      	ands	r1, r4
10002f28:	2a00      	cmp	r2, #0
10002f2a:	d011      	beq.n	10002f50 <_hw_endpoint_buffer_control_update32+0x34>
10002f2c:	2480      	movs	r4, #128	; 0x80
10002f2e:	00e4      	lsls	r4, r4, #3
10002f30:	4311      	orrs	r1, r2
10002f32:	4222      	tst	r2, r4
10002f34:	d00c      	beq.n	10002f50 <_hw_endpoint_buffer_control_update32+0x34>
10002f36:	681a      	ldr	r2, [r3, #0]
10002f38:	4222      	tst	r2, r4
10002f3a:	d10b      	bne.n	10002f54 <_hw_endpoint_buffer_control_update32+0x38>
10002f3c:	4a06      	ldr	r2, [pc, #24]	; (10002f58 <_hw_endpoint_buffer_control_update32+0x3c>)
10002f3e:	400a      	ands	r2, r1
10002f40:	601a      	str	r2, [r3, #0]
10002f42:	e7ff      	b.n	10002f44 <_hw_endpoint_buffer_control_update32+0x28>
10002f44:	e7ff      	b.n	10002f46 <_hw_endpoint_buffer_control_update32+0x2a>
10002f46:	e7ff      	b.n	10002f48 <_hw_endpoint_buffer_control_update32+0x2c>
10002f48:	e7ff      	b.n	10002f4a <_hw_endpoint_buffer_control_update32+0x2e>
10002f4a:	e7ff      	b.n	10002f4c <_hw_endpoint_buffer_control_update32+0x30>
10002f4c:	e7ff      	b.n	10002f4e <_hw_endpoint_buffer_control_update32+0x32>
10002f4e:	6883      	ldr	r3, [r0, #8]
10002f50:	6019      	str	r1, [r3, #0]
10002f52:	bd10      	pop	{r4, pc}
10002f54:	f7ff ffa6 	bl	10002ea4 <_hw_endpoint_buffer_control_update32.part.2>
10002f58:	fffffbff 	.word	0xfffffbff

10002f5c <hw_endpoint_xfer_start>:
10002f5c:	b5f0      	push	{r4, r5, r6, r7, lr}
10002f5e:	46c6      	mov	lr, r8
10002f60:	2300      	movs	r3, #0
10002f62:	b500      	push	{lr}
10002f64:	8283      	strh	r3, [r0, #20]
10002f66:	3301      	adds	r3, #1
10002f68:	7403      	strb	r3, [r0, #16]
10002f6a:	6843      	ldr	r3, [r0, #4]
10002f6c:	0004      	movs	r4, r0
10002f6e:	681e      	ldr	r6, [r3, #0]
10002f70:	8b83      	ldrh	r3, [r0, #28]
10002f72:	6181      	str	r1, [r0, #24]
10002f74:	1c1f      	adds	r7, r3, #0
10002f76:	4293      	cmp	r3, r2
10002f78:	d900      	bls.n	10002f7c <hw_endpoint_xfer_start+0x20>
10002f7a:	1c17      	adds	r7, r2, #0
10002f7c:	2580      	movs	r5, #128	; 0x80
10002f7e:	b2bf      	uxth	r7, r7
10002f80:	1bd2      	subs	r2, r2, r7
10002f82:	78e3      	ldrb	r3, [r4, #3]
10002f84:	b292      	uxth	r2, r2
10002f86:	00ed      	lsls	r5, r5, #3
10002f88:	8262      	strh	r2, [r4, #18]
10002f8a:	433d      	orrs	r5, r7
10002f8c:	2b00      	cmp	r3, #0
10002f8e:	d002      	beq.n	10002f96 <hw_endpoint_xfer_start+0x3a>
10002f90:	2590      	movs	r5, #144	; 0x90
10002f92:	01ad      	lsls	r5, r5, #6
10002f94:	433d      	orrs	r5, r7
10002f96:	2001      	movs	r0, #1
10002f98:	4043      	eors	r3, r0
10002f9a:	70e3      	strb	r3, [r4, #3]
10002f9c:	7863      	ldrb	r3, [r4, #1]
10002f9e:	2b00      	cmp	r3, #0
10002fa0:	d02a      	beq.n	10002ff8 <hw_endpoint_xfer_start+0x9c>
10002fa2:	2a00      	cmp	r2, #0
10002fa4:	d022      	beq.n	10002fec <hw_endpoint_xfer_start+0x90>
10002fa6:	2380      	movs	r3, #128	; 0x80
10002fa8:	015b      	lsls	r3, r3, #5
10002faa:	431d      	orrs	r5, r3
10002fac:	4b35      	ldr	r3, [pc, #212]	; (10003084 <hw_endpoint_xfer_start+0x128>)
10002fae:	6c1b      	ldr	r3, [r3, #64]	; 0x40
10002fb0:	079b      	lsls	r3, r3, #30
10002fb2:	d42e      	bmi.n	10003012 <hw_endpoint_xfer_start+0xb6>
10002fb4:	78a3      	ldrb	r3, [r4, #2]
10002fb6:	09db      	lsrs	r3, r3, #7
10002fb8:	d12b      	bne.n	10003012 <hw_endpoint_xfer_start+0xb6>
10002fba:	4b33      	ldr	r3, [pc, #204]	; (10003088 <hw_endpoint_xfer_start+0x12c>)
10002fbc:	4033      	ands	r3, r6
10002fbe:	2680      	movs	r6, #128	; 0x80
10002fc0:	05b6      	lsls	r6, r6, #22
10002fc2:	431e      	orrs	r6, r3
10002fc4:	6863      	ldr	r3, [r4, #4]
10002fc6:	68a2      	ldr	r2, [r4, #8]
10002fc8:	601e      	str	r6, [r3, #0]
10002fca:	6813      	ldr	r3, [r2, #0]
10002fcc:	055b      	lsls	r3, r3, #21
10002fce:	d455      	bmi.n	1000307c <hw_endpoint_xfer_start+0x120>
10002fd0:	4b2e      	ldr	r3, [pc, #184]	; (1000308c <hw_endpoint_xfer_start+0x130>)
10002fd2:	402b      	ands	r3, r5
10002fd4:	6013      	str	r3, [r2, #0]
10002fd6:	e7ff      	b.n	10002fd8 <hw_endpoint_xfer_start+0x7c>
10002fd8:	e7ff      	b.n	10002fda <hw_endpoint_xfer_start+0x7e>
10002fda:	e7ff      	b.n	10002fdc <hw_endpoint_xfer_start+0x80>
10002fdc:	e7ff      	b.n	10002fde <hw_endpoint_xfer_start+0x82>
10002fde:	e7ff      	b.n	10002fe0 <hw_endpoint_xfer_start+0x84>
10002fe0:	e7ff      	b.n	10002fe2 <hw_endpoint_xfer_start+0x86>
10002fe2:	68a3      	ldr	r3, [r4, #8]
10002fe4:	601d      	str	r5, [r3, #0]
10002fe6:	bc04      	pop	{r2}
10002fe8:	4690      	mov	r8, r2
10002fea:	bdf0      	pop	{r4, r5, r6, r7, pc}
10002fec:	23a0      	movs	r3, #160	; 0xa0
10002fee:	01db      	lsls	r3, r3, #7
10002ff0:	431d      	orrs	r5, r3
10002ff2:	4b24      	ldr	r3, [pc, #144]	; (10003084 <hw_endpoint_xfer_start+0x128>)
10002ff4:	6c1b      	ldr	r3, [r3, #64]	; 0x40
10002ff6:	e7e0      	b.n	10002fba <hw_endpoint_xfer_start+0x5e>
10002ff8:	003a      	movs	r2, r7
10002ffa:	68e0      	ldr	r0, [r4, #12]
10002ffc:	f7ff f926 	bl	1000224c <__wrap___aeabi_memcpy>
10003000:	69a3      	ldr	r3, [r4, #24]
10003002:	8a62      	ldrh	r2, [r4, #18]
10003004:	469c      	mov	ip, r3
10003006:	2380      	movs	r3, #128	; 0x80
10003008:	4467      	add	r7, ip
1000300a:	021b      	lsls	r3, r3, #8
1000300c:	61a7      	str	r7, [r4, #24]
1000300e:	431d      	orrs	r5, r3
10003010:	e7c7      	b.n	10002fa2 <hw_endpoint_xfer_start+0x46>
10003012:	8ba3      	ldrh	r3, [r4, #28]
10003014:	1c19      	adds	r1, r3, #0
10003016:	4293      	cmp	r3, r2
10003018:	d900      	bls.n	1000301c <hw_endpoint_xfer_start+0xc0>
1000301a:	1c11      	adds	r1, r2, #0
1000301c:	2780      	movs	r7, #128	; 0x80
1000301e:	b28b      	uxth	r3, r1
10003020:	00ff      	lsls	r7, r7, #3
10003022:	1ad2      	subs	r2, r2, r3
10003024:	4698      	mov	r8, r3
10003026:	431f      	orrs	r7, r3
10003028:	78e3      	ldrb	r3, [r4, #3]
1000302a:	b292      	uxth	r2, r2
1000302c:	8262      	strh	r2, [r4, #18]
1000302e:	2b00      	cmp	r3, #0
10003030:	d003      	beq.n	1000303a <hw_endpoint_xfer_start+0xde>
10003032:	2790      	movs	r7, #144	; 0x90
10003034:	4641      	mov	r1, r8
10003036:	01bf      	lsls	r7, r7, #6
10003038:	430f      	orrs	r7, r1
1000303a:	2101      	movs	r1, #1
1000303c:	404b      	eors	r3, r1
1000303e:	70e3      	strb	r3, [r4, #3]
10003040:	7863      	ldrb	r3, [r4, #1]
10003042:	2b00      	cmp	r3, #0
10003044:	d00c      	beq.n	10003060 <hw_endpoint_xfer_start+0x104>
10003046:	2a00      	cmp	r2, #0
10003048:	d102      	bne.n	10003050 <hw_endpoint_xfer_start+0xf4>
1000304a:	2380      	movs	r3, #128	; 0x80
1000304c:	01db      	lsls	r3, r3, #7
1000304e:	431f      	orrs	r7, r3
10003050:	4b0f      	ldr	r3, [pc, #60]	; (10003090 <hw_endpoint_xfer_start+0x134>)
10003052:	043f      	lsls	r7, r7, #16
10003054:	4033      	ands	r3, r6
10003056:	26a0      	movs	r6, #160	; 0xa0
10003058:	05f6      	lsls	r6, r6, #23
1000305a:	433d      	orrs	r5, r7
1000305c:	431e      	orrs	r6, r3
1000305e:	e7b1      	b.n	10002fc4 <hw_endpoint_xfer_start+0x68>
10003060:	68e0      	ldr	r0, [r4, #12]
10003062:	4642      	mov	r2, r8
10003064:	3040      	adds	r0, #64	; 0x40
10003066:	69a1      	ldr	r1, [r4, #24]
10003068:	f7ff f8f0 	bl	1000224c <__wrap___aeabi_memcpy>
1000306c:	69a3      	ldr	r3, [r4, #24]
1000306e:	8a62      	ldrh	r2, [r4, #18]
10003070:	4443      	add	r3, r8
10003072:	61a3      	str	r3, [r4, #24]
10003074:	2380      	movs	r3, #128	; 0x80
10003076:	021b      	lsls	r3, r3, #8
10003078:	431f      	orrs	r7, r3
1000307a:	e7e4      	b.n	10003046 <hw_endpoint_xfer_start+0xea>
1000307c:	0020      	movs	r0, r4
1000307e:	f7ff ff11 	bl	10002ea4 <_hw_endpoint_buffer_control_update32.part.2>
10003082:	46c0      	nop			; (mov r8, r8)
10003084:	50110000 	.word	0x50110000
10003088:	afffffff 	.word	0xafffffff
1000308c:	fffffbff 	.word	0xfffffbff
10003090:	dfffffff 	.word	0xdfffffff

10003094 <hw_endpoint_xfer_continue>:
10003094:	b5f0      	push	{r4, r5, r6, r7, lr}
10003096:	46c6      	mov	lr, r8
10003098:	b500      	push	{lr}
1000309a:	7c06      	ldrb	r6, [r0, #16]
1000309c:	0004      	movs	r4, r0
1000309e:	2e00      	cmp	r6, #0
100030a0:	d100      	bne.n	100030a4 <hw_endpoint_xfer_continue+0x10>
100030a2:	e0d1      	b.n	10003248 <hw_endpoint_xfer_continue+0x1b4>
100030a4:	6883      	ldr	r3, [r0, #8]
100030a6:	681a      	ldr	r2, [r3, #0]
100030a8:	681d      	ldr	r5, [r3, #0]
100030aa:	7843      	ldrb	r3, [r0, #1]
100030ac:	05ad      	lsls	r5, r5, #22
100030ae:	0dad      	lsrs	r5, r5, #22
100030b0:	2b00      	cmp	r3, #0
100030b2:	d150      	bne.n	10003156 <hw_endpoint_xfer_continue+0xc2>
100030b4:	8a83      	ldrh	r3, [r0, #20]
100030b6:	18eb      	adds	r3, r5, r3
100030b8:	b29b      	uxth	r3, r3
100030ba:	8283      	strh	r3, [r0, #20]
100030bc:	8ba1      	ldrh	r1, [r4, #28]
100030be:	6862      	ldr	r2, [r4, #4]
100030c0:	428d      	cmp	r5, r1
100030c2:	d206      	bcs.n	100030d2 <hw_endpoint_xfer_continue+0x3e>
100030c4:	2300      	movs	r3, #0
100030c6:	8263      	strh	r3, [r4, #18]
100030c8:	6813      	ldr	r3, [r2, #0]
100030ca:	0030      	movs	r0, r6
100030cc:	bc04      	pop	{r2}
100030ce:	4690      	mov	r8, r2
100030d0:	bdf0      	pop	{r4, r5, r6, r7, pc}
100030d2:	6812      	ldr	r2, [r2, #0]
100030d4:	0052      	lsls	r2, r2, #1
100030d6:	d502      	bpl.n	100030de <hw_endpoint_xfer_continue+0x4a>
100030d8:	428d      	cmp	r5, r1
100030da:	d100      	bne.n	100030de <hw_endpoint_xfer_continue+0x4a>
100030dc:	e074      	b.n	100031c8 <hw_endpoint_xfer_continue+0x134>
100030de:	8a63      	ldrh	r3, [r4, #18]
100030e0:	2b00      	cmp	r3, #0
100030e2:	d0f2      	beq.n	100030ca <hw_endpoint_xfer_continue+0x36>
100030e4:	6862      	ldr	r2, [r4, #4]
100030e6:	1c1f      	adds	r7, r3, #0
100030e8:	6816      	ldr	r6, [r2, #0]
100030ea:	428b      	cmp	r3, r1
100030ec:	d900      	bls.n	100030f0 <hw_endpoint_xfer_continue+0x5c>
100030ee:	1c0f      	adds	r7, r1, #0
100030f0:	2580      	movs	r5, #128	; 0x80
100030f2:	b2bf      	uxth	r7, r7
100030f4:	1bdb      	subs	r3, r3, r7
100030f6:	78e2      	ldrb	r2, [r4, #3]
100030f8:	b29b      	uxth	r3, r3
100030fa:	00ed      	lsls	r5, r5, #3
100030fc:	8263      	strh	r3, [r4, #18]
100030fe:	433d      	orrs	r5, r7
10003100:	2a00      	cmp	r2, #0
10003102:	d002      	beq.n	1000310a <hw_endpoint_xfer_continue+0x76>
10003104:	2590      	movs	r5, #144	; 0x90
10003106:	01ad      	lsls	r5, r5, #6
10003108:	433d      	orrs	r5, r7
1000310a:	2101      	movs	r1, #1
1000310c:	404a      	eors	r2, r1
1000310e:	70e2      	strb	r2, [r4, #3]
10003110:	7862      	ldrb	r2, [r4, #1]
10003112:	2a00      	cmp	r2, #0
10003114:	d067      	beq.n	100031e6 <hw_endpoint_xfer_continue+0x152>
10003116:	2b00      	cmp	r3, #0
10003118:	d12a      	bne.n	10003170 <hw_endpoint_xfer_continue+0xdc>
1000311a:	23a0      	movs	r3, #160	; 0xa0
1000311c:	01db      	lsls	r3, r3, #7
1000311e:	431d      	orrs	r5, r3
10003120:	4b4e      	ldr	r3, [pc, #312]	; (1000325c <hw_endpoint_xfer_continue+0x1c8>)
10003122:	6c1b      	ldr	r3, [r3, #64]	; 0x40
10003124:	4b4e      	ldr	r3, [pc, #312]	; (10003260 <hw_endpoint_xfer_continue+0x1cc>)
10003126:	4033      	ands	r3, r6
10003128:	2680      	movs	r6, #128	; 0x80
1000312a:	05b6      	lsls	r6, r6, #22
1000312c:	431e      	orrs	r6, r3
1000312e:	6863      	ldr	r3, [r4, #4]
10003130:	68a2      	ldr	r2, [r4, #8]
10003132:	601e      	str	r6, [r3, #0]
10003134:	6813      	ldr	r3, [r2, #0]
10003136:	055b      	lsls	r3, r3, #21
10003138:	d500      	bpl.n	1000313c <hw_endpoint_xfer_continue+0xa8>
1000313a:	e08c      	b.n	10003256 <hw_endpoint_xfer_continue+0x1c2>
1000313c:	4b49      	ldr	r3, [pc, #292]	; (10003264 <hw_endpoint_xfer_continue+0x1d0>)
1000313e:	402b      	ands	r3, r5
10003140:	6013      	str	r3, [r2, #0]
10003142:	e7ff      	b.n	10003144 <hw_endpoint_xfer_continue+0xb0>
10003144:	e7ff      	b.n	10003146 <hw_endpoint_xfer_continue+0xb2>
10003146:	e7ff      	b.n	10003148 <hw_endpoint_xfer_continue+0xb4>
10003148:	e7ff      	b.n	1000314a <hw_endpoint_xfer_continue+0xb6>
1000314a:	e7ff      	b.n	1000314c <hw_endpoint_xfer_continue+0xb8>
1000314c:	e7ff      	b.n	1000314e <hw_endpoint_xfer_continue+0xba>
1000314e:	68a3      	ldr	r3, [r4, #8]
10003150:	2600      	movs	r6, #0
10003152:	601d      	str	r5, [r3, #0]
10003154:	e7b9      	b.n	100030ca <hw_endpoint_xfer_continue+0x36>
10003156:	002a      	movs	r2, r5
10003158:	68c1      	ldr	r1, [r0, #12]
1000315a:	6980      	ldr	r0, [r0, #24]
1000315c:	f7ff f876 	bl	1000224c <__wrap___aeabi_memcpy>
10003160:	8aa3      	ldrh	r3, [r4, #20]
10003162:	69a2      	ldr	r2, [r4, #24]
10003164:	18eb      	adds	r3, r5, r3
10003166:	b29b      	uxth	r3, r3
10003168:	1952      	adds	r2, r2, r5
1000316a:	82a3      	strh	r3, [r4, #20]
1000316c:	61a2      	str	r2, [r4, #24]
1000316e:	e7a5      	b.n	100030bc <hw_endpoint_xfer_continue+0x28>
10003170:	2280      	movs	r2, #128	; 0x80
10003172:	0152      	lsls	r2, r2, #5
10003174:	4315      	orrs	r5, r2
10003176:	4a39      	ldr	r2, [pc, #228]	; (1000325c <hw_endpoint_xfer_continue+0x1c8>)
10003178:	6c12      	ldr	r2, [r2, #64]	; 0x40
1000317a:	0792      	lsls	r2, r2, #30
1000317c:	d402      	bmi.n	10003184 <hw_endpoint_xfer_continue+0xf0>
1000317e:	78a2      	ldrb	r2, [r4, #2]
10003180:	09d2      	lsrs	r2, r2, #7
10003182:	d0cf      	beq.n	10003124 <hw_endpoint_xfer_continue+0x90>
10003184:	8ba2      	ldrh	r2, [r4, #28]
10003186:	1c11      	adds	r1, r2, #0
10003188:	429a      	cmp	r2, r3
1000318a:	d83f      	bhi.n	1000320c <hw_endpoint_xfer_continue+0x178>
1000318c:	2780      	movs	r7, #128	; 0x80
1000318e:	b28a      	uxth	r2, r1
10003190:	00ff      	lsls	r7, r7, #3
10003192:	1a9b      	subs	r3, r3, r2
10003194:	4690      	mov	r8, r2
10003196:	4317      	orrs	r7, r2
10003198:	78e2      	ldrb	r2, [r4, #3]
1000319a:	b29b      	uxth	r3, r3
1000319c:	8263      	strh	r3, [r4, #18]
1000319e:	2a00      	cmp	r2, #0
100031a0:	d12f      	bne.n	10003202 <hw_endpoint_xfer_continue+0x16e>
100031a2:	2101      	movs	r1, #1
100031a4:	404a      	eors	r2, r1
100031a6:	70e2      	strb	r2, [r4, #3]
100031a8:	7862      	ldrb	r2, [r4, #1]
100031aa:	2a00      	cmp	r2, #0
100031ac:	d03e      	beq.n	1000322c <hw_endpoint_xfer_continue+0x198>
100031ae:	2b00      	cmp	r3, #0
100031b0:	d102      	bne.n	100031b8 <hw_endpoint_xfer_continue+0x124>
100031b2:	2380      	movs	r3, #128	; 0x80
100031b4:	01db      	lsls	r3, r3, #7
100031b6:	431f      	orrs	r7, r3
100031b8:	4b2b      	ldr	r3, [pc, #172]	; (10003268 <hw_endpoint_xfer_continue+0x1d4>)
100031ba:	043f      	lsls	r7, r7, #16
100031bc:	4033      	ands	r3, r6
100031be:	26a0      	movs	r6, #160	; 0xa0
100031c0:	05f6      	lsls	r6, r6, #23
100031c2:	433d      	orrs	r5, r7
100031c4:	431e      	orrs	r6, r3
100031c6:	e7b2      	b.n	1000312e <hw_endpoint_xfer_continue+0x9a>
100031c8:	68a2      	ldr	r2, [r4, #8]
100031ca:	6815      	ldr	r5, [r2, #0]
100031cc:	7862      	ldrb	r2, [r4, #1]
100031ce:	01ad      	lsls	r5, r5, #6
100031d0:	0dad      	lsrs	r5, r5, #22
100031d2:	2a00      	cmp	r2, #0
100031d4:	d11c      	bne.n	10003210 <hw_endpoint_xfer_continue+0x17c>
100031d6:	18eb      	adds	r3, r5, r3
100031d8:	82a3      	strh	r3, [r4, #20]
100031da:	428d      	cmp	r5, r1
100031dc:	d300      	bcc.n	100031e0 <hw_endpoint_xfer_continue+0x14c>
100031de:	e77e      	b.n	100030de <hw_endpoint_xfer_continue+0x4a>
100031e0:	2300      	movs	r3, #0
100031e2:	8263      	strh	r3, [r4, #18]
100031e4:	e771      	b.n	100030ca <hw_endpoint_xfer_continue+0x36>
100031e6:	003a      	movs	r2, r7
100031e8:	69a1      	ldr	r1, [r4, #24]
100031ea:	68e0      	ldr	r0, [r4, #12]
100031ec:	f7ff f82e 	bl	1000224c <__wrap___aeabi_memcpy>
100031f0:	69a3      	ldr	r3, [r4, #24]
100031f2:	469c      	mov	ip, r3
100031f4:	2380      	movs	r3, #128	; 0x80
100031f6:	4467      	add	r7, ip
100031f8:	021b      	lsls	r3, r3, #8
100031fa:	431d      	orrs	r5, r3
100031fc:	61a7      	str	r7, [r4, #24]
100031fe:	8a63      	ldrh	r3, [r4, #18]
10003200:	e789      	b.n	10003116 <hw_endpoint_xfer_continue+0x82>
10003202:	2790      	movs	r7, #144	; 0x90
10003204:	4641      	mov	r1, r8
10003206:	01bf      	lsls	r7, r7, #6
10003208:	430f      	orrs	r7, r1
1000320a:	e7ca      	b.n	100031a2 <hw_endpoint_xfer_continue+0x10e>
1000320c:	1c19      	adds	r1, r3, #0
1000320e:	e7bd      	b.n	1000318c <hw_endpoint_xfer_continue+0xf8>
10003210:	68e1      	ldr	r1, [r4, #12]
10003212:	002a      	movs	r2, r5
10003214:	3140      	adds	r1, #64	; 0x40
10003216:	69a0      	ldr	r0, [r4, #24]
10003218:	f7ff f818 	bl	1000224c <__wrap___aeabi_memcpy>
1000321c:	8aa3      	ldrh	r3, [r4, #20]
1000321e:	8ba1      	ldrh	r1, [r4, #28]
10003220:	18eb      	adds	r3, r5, r3
10003222:	82a3      	strh	r3, [r4, #20]
10003224:	69a3      	ldr	r3, [r4, #24]
10003226:	195b      	adds	r3, r3, r5
10003228:	61a3      	str	r3, [r4, #24]
1000322a:	e7d6      	b.n	100031da <hw_endpoint_xfer_continue+0x146>
1000322c:	68e0      	ldr	r0, [r4, #12]
1000322e:	4642      	mov	r2, r8
10003230:	3040      	adds	r0, #64	; 0x40
10003232:	69a1      	ldr	r1, [r4, #24]
10003234:	f7ff f80a 	bl	1000224c <__wrap___aeabi_memcpy>
10003238:	69a3      	ldr	r3, [r4, #24]
1000323a:	4443      	add	r3, r8
1000323c:	61a3      	str	r3, [r4, #24]
1000323e:	2380      	movs	r3, #128	; 0x80
10003240:	021b      	lsls	r3, r3, #8
10003242:	431f      	orrs	r7, r3
10003244:	8a63      	ldrh	r3, [r4, #18]
10003246:	e7b2      	b.n	100031ae <hw_endpoint_xfer_continue+0x11a>
10003248:	237f      	movs	r3, #127	; 0x7f
1000324a:	7881      	ldrb	r1, [r0, #2]
1000324c:	4a07      	ldr	r2, [pc, #28]	; (1000326c <hw_endpoint_xfer_continue+0x1d8>)
1000324e:	4019      	ands	r1, r3
10003250:	4807      	ldr	r0, [pc, #28]	; (10003270 <hw_endpoint_xfer_continue+0x1dc>)
10003252:	f7fe fc5f 	bl	10001b14 <panic>
10003256:	0020      	movs	r0, r4
10003258:	f7ff fe24 	bl	10002ea4 <_hw_endpoint_buffer_control_update32.part.2>
1000325c:	50110000 	.word	0x50110000
10003260:	afffffff 	.word	0xafffffff
10003264:	fffffbff 	.word	0xfffffbff
10003268:	dfffffff 	.word	0xdfffffff
1000326c:	20000424 	.word	0x20000424
10003270:	1000522c 	.word	0x1000522c

10003274 <tud_mounted>:
10003274:	4b02      	ldr	r3, [pc, #8]	; (10003280 <tud_mounted+0xc>)
10003276:	7858      	ldrb	r0, [r3, #1]
10003278:	1e43      	subs	r3, r0, #1
1000327a:	4198      	sbcs	r0, r3
1000327c:	b2c0      	uxtb	r0, r0
1000327e:	4770      	bx	lr
10003280:	200008cc 	.word	0x200008cc

10003284 <tud_suspended>:
10003284:	4b02      	ldr	r3, [pc, #8]	; (10003290 <tud_suspended+0xc>)
10003286:	7818      	ldrb	r0, [r3, #0]
10003288:	0740      	lsls	r0, r0, #29
1000328a:	0fc0      	lsrs	r0, r0, #31
1000328c:	4770      	bx	lr
1000328e:	46c0      	nop			; (mov r8, r8)
10003290:	200008cc 	.word	0x200008cc

10003294 <tud_inited>:
10003294:	4b01      	ldr	r3, [pc, #4]	; (1000329c <tud_inited+0x8>)
10003296:	7818      	ldrb	r0, [r3, #0]
10003298:	4770      	bx	lr
1000329a:	46c0      	nop			; (mov r8, r8)
1000329c:	20000f2f 	.word	0x20000f2f

100032a0 <tud_init>:
100032a0:	b5f8      	push	{r3, r4, r5, r6, r7, lr}
100032a2:	4647      	mov	r7, r8
100032a4:	46ce      	mov	lr, r9
100032a6:	4e29      	ldr	r6, [pc, #164]	; (1000334c <tud_init+0xac>)
100032a8:	b580      	push	{r7, lr}
100032aa:	7833      	ldrb	r3, [r6, #0]
100032ac:	4680      	mov	r8, r0
100032ae:	2b00      	cmp	r3, #0
100032b0:	d004      	beq.n	100032bc <tud_init+0x1c>
100032b2:	2001      	movs	r0, #1
100032b4:	bc0c      	pop	{r2, r3}
100032b6:	4690      	mov	r8, r2
100032b8:	4699      	mov	r9, r3
100032ba:	bdf8      	pop	{r3, r4, r5, r6, r7, pc}
100032bc:	2253      	movs	r2, #83	; 0x53
100032be:	2100      	movs	r1, #0
100032c0:	4823      	ldr	r0, [pc, #140]	; (10003350 <tud_init+0xb0>)
100032c2:	f7fe ffbd 	bl	10002240 <__wrap_memset>
100032c6:	4c23      	ldr	r4, [pc, #140]	; (10003354 <tud_init+0xb4>)
100032c8:	0020      	movs	r0, r4
100032ca:	f7fe fb7b 	bl	100019c4 <mutex_init>
100032ce:	4b22      	ldr	r3, [pc, #136]	; (10003358 <tud_init+0xb8>)
100032d0:	601c      	str	r4, [r3, #0]
100032d2:	4c22      	ldr	r4, [pc, #136]	; (1000335c <tud_init+0xbc>)
100032d4:	0020      	movs	r0, r4
100032d6:	301c      	adds	r0, #28
100032d8:	f7fe fb90 	bl	100019fc <critical_section_init>
100032dc:	0020      	movs	r0, r4
100032de:	f001 fcef 	bl	10004cc0 <tu_fifo_clear>
100032e2:	4b1f      	ldr	r3, [pc, #124]	; (10003360 <tud_init+0xc0>)
100032e4:	4f1f      	ldr	r7, [pc, #124]	; (10003364 <tud_init+0xc4>)
100032e6:	601c      	str	r4, [r3, #0]
100032e8:	4d1f      	ldr	r5, [pc, #124]	; (10003368 <tud_init+0xc8>)
100032ea:	2f00      	cmp	r7, #0
100032ec:	d004      	beq.n	100032f8 <tud_init+0x58>
100032ee:	0028      	movs	r0, r5
100032f0:	f7ff f968 	bl	100025c4 <usbd_app_driver_get_cb>
100032f4:	4b1d      	ldr	r3, [pc, #116]	; (1000336c <tud_init+0xcc>)
100032f6:	6018      	str	r0, [r3, #0]
100032f8:	782b      	ldrb	r3, [r5, #0]
100032fa:	2400      	movs	r4, #0
100032fc:	2f00      	cmp	r7, #0
100032fe:	d01c      	beq.n	1000333a <tud_init+0x9a>
10003300:	4a1a      	ldr	r2, [pc, #104]	; (1000336c <tud_init+0xcc>)
10003302:	4f1b      	ldr	r7, [pc, #108]	; (10003370 <tud_init+0xd0>)
10003304:	4691      	mov	r9, r2
10003306:	429c      	cmp	r4, r3
10003308:	d310      	bcc.n	1000332c <tud_init+0x8c>
1000330a:	d11b      	bne.n	10003344 <tud_init+0xa4>
1000330c:	003b      	movs	r3, r7
1000330e:	4798      	blx	r3
10003310:	3401      	adds	r4, #1
10003312:	782b      	ldrb	r3, [r5, #0]
10003314:	b2e4      	uxtb	r4, r4
10003316:	42a3      	cmp	r3, r4
10003318:	d2f5      	bcs.n	10003306 <tud_init+0x66>
1000331a:	4640      	mov	r0, r8
1000331c:	f7ff fc00 	bl	10002b20 <dcd_init>
10003320:	4640      	mov	r0, r8
10003322:	f7ff fbe5 	bl	10002af0 <dcd_int_enable>
10003326:	2301      	movs	r3, #1
10003328:	7033      	strb	r3, [r6, #0]
1000332a:	e7c2      	b.n	100032b2 <tud_init+0x12>
1000332c:	464a      	mov	r2, r9
1000332e:	0063      	lsls	r3, r4, #1
10003330:	191b      	adds	r3, r3, r4
10003332:	6812      	ldr	r2, [r2, #0]
10003334:	00db      	lsls	r3, r3, #3
10003336:	589b      	ldr	r3, [r3, r2]
10003338:	e7e9      	b.n	1000330e <tud_init+0x6e>
1000333a:	f001 f875 	bl	10004428 <cdcd_init>
1000333e:	782b      	ldrb	r3, [r5, #0]
10003340:	2b00      	cmp	r3, #0
10003342:	d0ea      	beq.n	1000331a <tud_init+0x7a>
10003344:	2300      	movs	r3, #0
10003346:	681b      	ldr	r3, [r3, #0]
10003348:	deff      	udf	#255	; 0xff
1000334a:	46c0      	nop			; (mov r8, r8)
1000334c:	20000f2f 	.word	0x20000f2f
10003350:	200008cc 	.word	0x200008cc
10003354:	20000884 	.word	0x20000884
10003358:	20000920 	.word	0x20000920
1000335c:	2000042c 	.word	0x2000042c
10003360:	20000924 	.word	0x20000924
10003364:	100025c5 	.word	0x100025c5
10003368:	20000f2e 	.word	0x20000f2e
1000336c:	20000594 	.word	0x20000594
10003370:	10004429 	.word	0x10004429

10003374 <tud_task>:
10003374:	b5f0      	push	{r4, r5, r6, r7, lr}
10003376:	46de      	mov	lr, fp
10003378:	4657      	mov	r7, sl
1000337a:	464e      	mov	r6, r9
1000337c:	4645      	mov	r5, r8
1000337e:	b5e0      	push	{r5, r6, r7, lr}
10003380:	b08b      	sub	sp, #44	; 0x2c
10003382:	f001 fa59 	bl	10004838 <tusb_inited>
10003386:	2800      	cmp	r0, #0
10003388:	d100      	bne.n	1000338c <tud_task+0x18>
1000338a:	e18d      	b.n	100036a8 <tud_task+0x334>
1000338c:	4bca      	ldr	r3, [pc, #808]	; (100036b8 <tud_task+0x344>)
1000338e:	4ecb      	ldr	r6, [pc, #812]	; (100036bc <tud_task+0x348>)
10003390:	469b      	mov	fp, r3
10003392:	ac07      	add	r4, sp, #28
10003394:	6835      	ldr	r5, [r6, #0]
10003396:	69ea      	ldr	r2, [r5, #28]
10003398:	f3ef 8310 	mrs	r3, PRIMASK
1000339c:	b672      	cpsid	i
1000339e:	6811      	ldr	r1, [r2, #0]
100033a0:	2900      	cmp	r1, #0
100033a2:	d0fc      	beq.n	1000339e <tud_task+0x2a>
100033a4:	f3bf 8f5f 	dmb	sy
100033a8:	622b      	str	r3, [r5, #32]
100033aa:	0021      	movs	r1, r4
100033ac:	0028      	movs	r0, r5
100033ae:	f001 fafd 	bl	100049ac <tu_fifo_read>
100033b2:	69ea      	ldr	r2, [r5, #28]
100033b4:	6a2b      	ldr	r3, [r5, #32]
100033b6:	f3bf 8f5f 	dmb	sy
100033ba:	2100      	movs	r1, #0
100033bc:	6011      	str	r1, [r2, #0]
100033be:	f383 8810 	msr	PRIMASK, r3
100033c2:	2800      	cmp	r0, #0
100033c4:	d100      	bne.n	100033c8 <tud_task+0x54>
100033c6:	e16f      	b.n	100036a8 <tud_task+0x334>
100033c8:	7863      	ldrb	r3, [r4, #1]
100033ca:	2b08      	cmp	r3, #8
100033cc:	d8e2      	bhi.n	10003394 <tud_task+0x20>
100033ce:	465a      	mov	r2, fp
100033d0:	009b      	lsls	r3, r3, #2
100033d2:	58d3      	ldr	r3, [r2, r3]
100033d4:	469f      	mov	pc, r3
100033d6:	6863      	ldr	r3, [r4, #4]
100033d8:	2b00      	cmp	r3, #0
100033da:	d0db      	beq.n	10003394 <tud_task+0x20>
100033dc:	68a0      	ldr	r0, [r4, #8]
100033de:	4798      	blx	r3
100033e0:	e7d8      	b.n	10003394 <tud_task+0x20>
100033e2:	227f      	movs	r2, #127	; 0x7f
100033e4:	7921      	ldrb	r1, [r4, #4]
100033e6:	4bb6      	ldr	r3, [pc, #728]	; (100036c0 <tud_task+0x34c>)
100033e8:	400a      	ands	r2, r1
100033ea:	0055      	lsls	r5, r2, #1
100033ec:	09c8      	lsrs	r0, r1, #7
100033ee:	195b      	adds	r3, r3, r5
100033f0:	181b      	adds	r3, r3, r0
100033f2:	0018      	movs	r0, r3
100033f4:	2701      	movs	r7, #1
100033f6:	3030      	adds	r0, #48	; 0x30
100033f8:	78c5      	ldrb	r5, [r0, #3]
100033fa:	43bd      	bics	r5, r7
100033fc:	70c5      	strb	r5, [r0, #3]
100033fe:	78c5      	ldrb	r5, [r0, #3]
10003400:	3703      	adds	r7, #3
10003402:	43bd      	bics	r5, r7
10003404:	70c5      	strb	r5, [r0, #3]
10003406:	2a00      	cmp	r2, #0
10003408:	d100      	bne.n	1000340c <tud_task+0x98>
1000340a:	e187      	b.n	1000371c <tud_task+0x3a8>
1000340c:	4aad      	ldr	r2, [pc, #692]	; (100036c4 <tud_task+0x350>)
1000340e:	7cdb      	ldrb	r3, [r3, #19]
10003410:	2a00      	cmp	r2, #0
10003412:	d006      	beq.n	10003422 <tud_task+0xae>
10003414:	4aac      	ldr	r2, [pc, #688]	; (100036c8 <tud_task+0x354>)
10003416:	7812      	ldrb	r2, [r2, #0]
10003418:	4293      	cmp	r3, r2
1000341a:	d200      	bcs.n	1000341e <tud_task+0xaa>
1000341c:	e1b5      	b.n	1000378a <tud_task+0x416>
1000341e:	1a9b      	subs	r3, r3, r2
10003420:	b2db      	uxtb	r3, r3
10003422:	2b00      	cmp	r3, #0
10003424:	d000      	beq.n	10003428 <tud_task+0xb4>
10003426:	e13f      	b.n	100036a8 <tud_task+0x334>
10003428:	4da8      	ldr	r5, [pc, #672]	; (100036cc <tud_task+0x358>)
1000342a:	7962      	ldrb	r2, [r4, #5]
1000342c:	7820      	ldrb	r0, [r4, #0]
1000342e:	68a3      	ldr	r3, [r4, #8]
10003430:	47a8      	blx	r5
10003432:	e7af      	b.n	10003394 <tud_task+0x20>
10003434:	2201      	movs	r2, #1
10003436:	4da2      	ldr	r5, [pc, #648]	; (100036c0 <tud_task+0x34c>)
10003438:	2101      	movs	r1, #1
1000343a:	782b      	ldrb	r3, [r5, #0]
1000343c:	2004      	movs	r0, #4
1000343e:	4313      	orrs	r3, r2
10003440:	702b      	strb	r3, [r5, #0]
10003442:	2333      	movs	r3, #51	; 0x33
10003444:	5cea      	ldrb	r2, [r5, r3]
10003446:	438a      	bics	r2, r1
10003448:	54ea      	strb	r2, [r5, r3]
1000344a:	5cea      	ldrb	r2, [r5, r3]
1000344c:	4382      	bics	r2, r0
1000344e:	54ea      	strb	r2, [r5, r3]
10003450:	3301      	adds	r3, #1
10003452:	5cea      	ldrb	r2, [r5, r3]
10003454:	438a      	bics	r2, r1
10003456:	54ea      	strb	r2, [r5, r3]
10003458:	5cea      	ldrb	r2, [r5, r3]
1000345a:	4382      	bics	r2, r0
1000345c:	54ea      	strb	r2, [r5, r3]
1000345e:	7823      	ldrb	r3, [r4, #0]
10003460:	2000      	movs	r0, #0
10003462:	469a      	mov	sl, r3
10003464:	f000 fe90 	bl	10004188 <usbd_control_set_complete_callback>
10003468:	2260      	movs	r2, #96	; 0x60
1000346a:	7923      	ldrb	r3, [r4, #4]
1000346c:	401a      	ands	r2, r3
1000346e:	2a60      	cmp	r2, #96	; 0x60
10003470:	d100      	bne.n	10003474 <tud_task+0x100>
10003472:	e14a      	b.n	1000370a <tud_task+0x396>
10003474:	2a40      	cmp	r2, #64	; 0x40
10003476:	d100      	bne.n	1000347a <tud_task+0x106>
10003478:	e16e      	b.n	10003758 <tud_task+0x3e4>
1000347a:	06db      	lsls	r3, r3, #27
1000347c:	0edb      	lsrs	r3, r3, #27
1000347e:	b2d9      	uxtb	r1, r3
10003480:	2901      	cmp	r1, #1
10003482:	d100      	bne.n	10003486 <tud_task+0x112>
10003484:	e18c      	b.n	100037a0 <tud_task+0x42c>
10003486:	b25b      	sxtb	r3, r3
10003488:	2b00      	cmp	r3, #0
1000348a:	d100      	bne.n	1000348e <tud_task+0x11a>
1000348c:	e172      	b.n	10003774 <tud_task+0x400>
1000348e:	2902      	cmp	r1, #2
10003490:	d000      	beq.n	10003494 <tud_task+0x120>
10003492:	e13a      	b.n	1000370a <tud_task+0x396>
10003494:	2370      	movs	r3, #112	; 0x70
10003496:	7a21      	ldrb	r1, [r4, #8]
10003498:	420b      	tst	r3, r1
1000349a:	d000      	beq.n	1000349e <tud_task+0x12a>
1000349c:	e135      	b.n	1000370a <tud_task+0x396>
1000349e:	09c8      	lsrs	r0, r1, #7
100034a0:	4684      	mov	ip, r0
100034a2:	330f      	adds	r3, #15
100034a4:	400b      	ands	r3, r1
100034a6:	005b      	lsls	r3, r3, #1
100034a8:	18e8      	adds	r0, r5, r3
100034aa:	4f86      	ldr	r7, [pc, #536]	; (100036c4 <tud_task+0x350>)
100034ac:	4460      	add	r0, ip
100034ae:	7cc0      	ldrb	r0, [r0, #19]
100034b0:	2f00      	cmp	r7, #0
100034b2:	d006      	beq.n	100034c2 <tud_task+0x14e>
100034b4:	4f84      	ldr	r7, [pc, #528]	; (100036c8 <tud_task+0x354>)
100034b6:	783f      	ldrb	r7, [r7, #0]
100034b8:	42b8      	cmp	r0, r7
100034ba:	d200      	bcs.n	100034be <tud_task+0x14a>
100034bc:	e1c0      	b.n	10003840 <tud_task+0x4cc>
100034be:	1bc0      	subs	r0, r0, r7
100034c0:	b2c0      	uxtb	r0, r0
100034c2:	2800      	cmp	r0, #0
100034c4:	d000      	beq.n	100034c8 <tud_task+0x154>
100034c6:	e1b6      	b.n	10003836 <tud_task+0x4c2>
100034c8:	2a00      	cmp	r2, #0
100034ca:	d000      	beq.n	100034ce <tud_task+0x15a>
100034cc:	e27b      	b.n	100039c6 <tud_task+0x652>
100034ce:	4f80      	ldr	r7, [pc, #512]	; (100036d0 <tud_task+0x35c>)
100034d0:	7962      	ldrb	r2, [r4, #5]
100034d2:	4690      	mov	r8, r2
100034d4:	2a01      	cmp	r2, #1
100034d6:	d005      	beq.n	100034e4 <tud_task+0x170>
100034d8:	2a00      	cmp	r2, #0
100034da:	d100      	bne.n	100034de <tud_task+0x16a>
100034dc:	e276      	b.n	100039cc <tud_task+0x658>
100034de:	2a03      	cmp	r2, #3
100034e0:	d000      	beq.n	100034e4 <tud_task+0x170>
100034e2:	e112      	b.n	1000370a <tud_task+0x396>
100034e4:	88e2      	ldrh	r2, [r4, #6]
100034e6:	2a00      	cmp	r2, #0
100034e8:	d10d      	bne.n	10003506 <tud_task+0x192>
100034ea:	4642      	mov	r2, r8
100034ec:	18eb      	adds	r3, r5, r3
100034ee:	4463      	add	r3, ip
100034f0:	2a01      	cmp	r2, #1
100034f2:	d100      	bne.n	100034f6 <tud_task+0x182>
100034f4:	e27e      	b.n	100039f4 <tud_task+0x680>
100034f6:	2230      	movs	r2, #48	; 0x30
100034f8:	4690      	mov	r8, r2
100034fa:	4498      	add	r8, r3
100034fc:	4643      	mov	r3, r8
100034fe:	78db      	ldrb	r3, [r3, #3]
10003500:	079b      	lsls	r3, r3, #30
10003502:	d400      	bmi.n	10003506 <tud_task+0x192>
10003504:	e28d      	b.n	10003a22 <tud_task+0x6ae>
10003506:	2f00      	cmp	r7, #0
10003508:	d100      	bne.n	1000350c <tud_task+0x198>
1000350a:	e743      	b.n	10003394 <tud_task+0x20>
1000350c:	68f8      	ldr	r0, [r7, #12]
1000350e:	f000 fe3b 	bl	10004188 <usbd_control_set_complete_callback>
10003512:	68fb      	ldr	r3, [r7, #12]
10003514:	aa08      	add	r2, sp, #32
10003516:	2100      	movs	r1, #0
10003518:	4650      	mov	r0, sl
1000351a:	4798      	blx	r3
1000351c:	2000      	movs	r0, #0
1000351e:	f000 fe33 	bl	10004188 <usbd_control_set_complete_callback>
10003522:	2334      	movs	r3, #52	; 0x34
10003524:	5ceb      	ldrb	r3, [r5, r3]
10003526:	07db      	lsls	r3, r3, #31
10003528:	d500      	bpl.n	1000352c <tud_task+0x1b8>
1000352a:	e733      	b.n	10003394 <tud_task+0x20>
1000352c:	e162      	b.n	100037f4 <tud_task+0x480>
1000352e:	4b64      	ldr	r3, [pc, #400]	; (100036c0 <tud_task+0x34c>)
10003530:	781b      	ldrb	r3, [r3, #0]
10003532:	07db      	lsls	r3, r3, #31
10003534:	d400      	bmi.n	10003538 <tud_task+0x1c4>
10003536:	e72d      	b.n	10003394 <tud_task+0x20>
10003538:	4b66      	ldr	r3, [pc, #408]	; (100036d4 <tud_task+0x360>)
1000353a:	2b00      	cmp	r3, #0
1000353c:	d100      	bne.n	10003540 <tud_task+0x1cc>
1000353e:	e729      	b.n	10003394 <tud_task+0x20>
10003540:	e000      	b.n	10003544 <tud_task+0x1d0>
10003542:	bf00      	nop
10003544:	e726      	b.n	10003394 <tud_task+0x20>
10003546:	4b5e      	ldr	r3, [pc, #376]	; (100036c0 <tud_task+0x34c>)
10003548:	781a      	ldrb	r2, [r3, #0]
1000354a:	07d2      	lsls	r2, r2, #31
1000354c:	d400      	bmi.n	10003550 <tud_task+0x1dc>
1000354e:	e721      	b.n	10003394 <tud_task+0x20>
10003550:	4a61      	ldr	r2, [pc, #388]	; (100036d8 <tud_task+0x364>)
10003552:	2a00      	cmp	r2, #0
10003554:	d100      	bne.n	10003558 <tud_task+0x1e4>
10003556:	e71d      	b.n	10003394 <tud_task+0x20>
10003558:	7818      	ldrb	r0, [r3, #0]
1000355a:	0700      	lsls	r0, r0, #28
1000355c:	0fc0      	lsrs	r0, r0, #31
1000355e:	e000      	b.n	10003562 <tud_task+0x1ee>
10003560:	bf00      	nop
10003562:	e717      	b.n	10003394 <tud_task+0x20>
10003564:	4f58      	ldr	r7, [pc, #352]	; (100036c8 <tud_task+0x354>)
10003566:	4a57      	ldr	r2, [pc, #348]	; (100036c4 <tud_task+0x350>)
10003568:	783b      	ldrb	r3, [r7, #0]
1000356a:	2500      	movs	r5, #0
1000356c:	2a00      	cmp	r2, #0
1000356e:	d100      	bne.n	10003572 <tud_task+0x1fe>
10003570:	e0e4      	b.n	1000373c <tud_task+0x3c8>
10003572:	4a5a      	ldr	r2, [pc, #360]	; (100036dc <tud_task+0x368>)
10003574:	4690      	mov	r8, r2
10003576:	429d      	cmp	r5, r3
10003578:	d308      	bcc.n	1000358c <tud_task+0x218>
1000357a:	429d      	cmp	r5, r3
1000357c:	d000      	beq.n	10003580 <tud_task+0x20c>
1000357e:	e0e0      	b.n	10003742 <tud_task+0x3ce>
10003580:	3501      	adds	r5, #1
10003582:	b2ed      	uxtb	r5, r5
10003584:	429d      	cmp	r5, r3
10003586:	d900      	bls.n	1000358a <tud_task+0x216>
10003588:	e704      	b.n	10003394 <tud_task+0x20>
1000358a:	d2f6      	bcs.n	1000357a <tud_task+0x206>
1000358c:	4641      	mov	r1, r8
1000358e:	6809      	ldr	r1, [r1, #0]
10003590:	006a      	lsls	r2, r5, #1
10003592:	468c      	mov	ip, r1
10003594:	1952      	adds	r2, r2, r5
10003596:	00d2      	lsls	r2, r2, #3
10003598:	4462      	add	r2, ip
1000359a:	6952      	ldr	r2, [r2, #20]
1000359c:	2a00      	cmp	r2, #0
1000359e:	d0ef      	beq.n	10003580 <tud_task+0x20c>
100035a0:	7820      	ldrb	r0, [r4, #0]
100035a2:	4790      	blx	r2
100035a4:	3501      	adds	r5, #1
100035a6:	783b      	ldrb	r3, [r7, #0]
100035a8:	b2ed      	uxtb	r5, r5
100035aa:	429d      	cmp	r5, r3
100035ac:	d9e3      	bls.n	10003576 <tud_task+0x202>
100035ae:	e6f1      	b.n	10003394 <tud_task+0x20>
100035b0:	7823      	ldrb	r3, [r4, #0]
100035b2:	4f45      	ldr	r7, [pc, #276]	; (100036c8 <tud_task+0x354>)
100035b4:	4a43      	ldr	r2, [pc, #268]	; (100036c4 <tud_task+0x350>)
100035b6:	4698      	mov	r8, r3
100035b8:	2500      	movs	r5, #0
100035ba:	783b      	ldrb	r3, [r7, #0]
100035bc:	2a00      	cmp	r2, #0
100035be:	d100      	bne.n	100035c2 <tud_task+0x24e>
100035c0:	e0c2      	b.n	10003748 <tud_task+0x3d4>
100035c2:	4a47      	ldr	r2, [pc, #284]	; (100036e0 <tud_task+0x36c>)
100035c4:	4691      	mov	r9, r2
100035c6:	4a45      	ldr	r2, [pc, #276]	; (100036dc <tud_task+0x368>)
100035c8:	4692      	mov	sl, r2
100035ca:	003a      	movs	r2, r7
100035cc:	4647      	mov	r7, r8
100035ce:	4690      	mov	r8, r2
100035d0:	42ab      	cmp	r3, r5
100035d2:	d860      	bhi.n	10003696 <tud_task+0x322>
100035d4:	d000      	beq.n	100035d8 <tud_task+0x264>
100035d6:	e0ae      	b.n	10003736 <tud_task+0x3c2>
100035d8:	464b      	mov	r3, r9
100035da:	0038      	movs	r0, r7
100035dc:	4798      	blx	r3
100035de:	4643      	mov	r3, r8
100035e0:	3501      	adds	r5, #1
100035e2:	781b      	ldrb	r3, [r3, #0]
100035e4:	b2ed      	uxtb	r5, r5
100035e6:	42ab      	cmp	r3, r5
100035e8:	d2f2      	bcs.n	100035d0 <tud_task+0x25c>
100035ea:	4d35      	ldr	r5, [pc, #212]	; (100036c0 <tud_task+0x34c>)
100035ec:	2253      	movs	r2, #83	; 0x53
100035ee:	2100      	movs	r1, #0
100035f0:	0028      	movs	r0, r5
100035f2:	f7fe fe25 	bl	10002240 <__wrap_memset>
100035f6:	2210      	movs	r2, #16
100035f8:	21ff      	movs	r1, #255	; 0xff
100035fa:	1ce8      	adds	r0, r5, #3
100035fc:	f7fe fe20 	bl	10002240 <__wrap_memset>
10003600:	0028      	movs	r0, r5
10003602:	2220      	movs	r2, #32
10003604:	21ff      	movs	r1, #255	; 0xff
10003606:	3013      	adds	r0, #19
10003608:	f7fe fe1a 	bl	10002240 <__wrap_memset>
1000360c:	f000 fdb2 	bl	10004174 <usbd_control_reset>
10003610:	4b34      	ldr	r3, [pc, #208]	; (100036e4 <tud_task+0x370>)
10003612:	2b00      	cmp	r3, #0
10003614:	d100      	bne.n	10003618 <tud_task+0x2a4>
10003616:	e6bd      	b.n	10003394 <tud_task+0x20>
10003618:	e000      	b.n	1000361c <tud_task+0x2a8>
1000361a:	bf00      	nop
1000361c:	e6ba      	b.n	10003394 <tud_task+0x20>
1000361e:	7823      	ldrb	r3, [r4, #0]
10003620:	4f29      	ldr	r7, [pc, #164]	; (100036c8 <tud_task+0x354>)
10003622:	4a28      	ldr	r2, [pc, #160]	; (100036c4 <tud_task+0x350>)
10003624:	4698      	mov	r8, r3
10003626:	2500      	movs	r5, #0
10003628:	783b      	ldrb	r3, [r7, #0]
1000362a:	2a00      	cmp	r2, #0
1000362c:	d100      	bne.n	10003630 <tud_task+0x2bc>
1000362e:	e07b      	b.n	10003728 <tud_task+0x3b4>
10003630:	4a2b      	ldr	r2, [pc, #172]	; (100036e0 <tud_task+0x36c>)
10003632:	4691      	mov	r9, r2
10003634:	4a29      	ldr	r2, [pc, #164]	; (100036dc <tud_task+0x368>)
10003636:	4692      	mov	sl, r2
10003638:	003a      	movs	r2, r7
1000363a:	4647      	mov	r7, r8
1000363c:	4690      	mov	r8, r2
1000363e:	429d      	cmp	r5, r3
10003640:	d320      	bcc.n	10003684 <tud_task+0x310>
10003642:	d000      	beq.n	10003646 <tud_task+0x2d2>
10003644:	e077      	b.n	10003736 <tud_task+0x3c2>
10003646:	464b      	mov	r3, r9
10003648:	0038      	movs	r0, r7
1000364a:	4798      	blx	r3
1000364c:	4643      	mov	r3, r8
1000364e:	3501      	adds	r5, #1
10003650:	781b      	ldrb	r3, [r3, #0]
10003652:	b2ed      	uxtb	r5, r5
10003654:	42ab      	cmp	r3, r5
10003656:	d2f2      	bcs.n	1000363e <tud_task+0x2ca>
10003658:	4d19      	ldr	r5, [pc, #100]	; (100036c0 <tud_task+0x34c>)
1000365a:	2253      	movs	r2, #83	; 0x53
1000365c:	2100      	movs	r1, #0
1000365e:	0028      	movs	r0, r5
10003660:	f7fe fdee 	bl	10002240 <__wrap_memset>
10003664:	2210      	movs	r2, #16
10003666:	21ff      	movs	r1, #255	; 0xff
10003668:	1ce8      	adds	r0, r5, #3
1000366a:	f7fe fde9 	bl	10002240 <__wrap_memset>
1000366e:	0028      	movs	r0, r5
10003670:	2220      	movs	r2, #32
10003672:	21ff      	movs	r1, #255	; 0xff
10003674:	3013      	adds	r0, #19
10003676:	f7fe fde3 	bl	10002240 <__wrap_memset>
1000367a:	f000 fd7b 	bl	10004174 <usbd_control_reset>
1000367e:	7923      	ldrb	r3, [r4, #4]
10003680:	70ab      	strb	r3, [r5, #2]
10003682:	e687      	b.n	10003394 <tud_task+0x20>
10003684:	4652      	mov	r2, sl
10003686:	6812      	ldr	r2, [r2, #0]
10003688:	006b      	lsls	r3, r5, #1
1000368a:	4694      	mov	ip, r2
1000368c:	195b      	adds	r3, r3, r5
1000368e:	00db      	lsls	r3, r3, #3
10003690:	4463      	add	r3, ip
10003692:	685b      	ldr	r3, [r3, #4]
10003694:	e7d8      	b.n	10003648 <tud_task+0x2d4>
10003696:	4652      	mov	r2, sl
10003698:	6812      	ldr	r2, [r2, #0]
1000369a:	006b      	lsls	r3, r5, #1
1000369c:	4694      	mov	ip, r2
1000369e:	195b      	adds	r3, r3, r5
100036a0:	00db      	lsls	r3, r3, #3
100036a2:	4463      	add	r3, ip
100036a4:	685b      	ldr	r3, [r3, #4]
100036a6:	e798      	b.n	100035da <tud_task+0x266>
100036a8:	b00b      	add	sp, #44	; 0x2c
100036aa:	bc3c      	pop	{r2, r3, r4, r5}
100036ac:	4690      	mov	r8, r2
100036ae:	4699      	mov	r9, r3
100036b0:	46a2      	mov	sl, r4
100036b2:	46ab      	mov	fp, r5
100036b4:	bdf0      	pop	{r4, r5, r6, r7, pc}
100036b6:	46c0      	nop			; (mov r8, r8)
100036b8:	10005260 	.word	0x10005260
100036bc:	20000924 	.word	0x20000924
100036c0:	200008cc 	.word	0x200008cc
100036c4:	100025c5 	.word	0x100025c5
100036c8:	20000f2e 	.word	0x20000f2e
100036cc:	10004691 	.word	0x10004691
100036d0:	100052ec 	.word	0x100052ec
	...
100036dc:	20000594 	.word	0x20000594
100036e0:	100044a5 	.word	0x100044a5
100036e4:	00000000 	.word	0x00000000
100036e8:	9f02      	ldr	r7, [sp, #8]
100036ea:	4641      	mov	r1, r8
100036ec:	003a      	movs	r2, r7
100036ee:	4648      	mov	r0, r9
100036f0:	f000 feee 	bl	100044d0 <cdcd_open>
100036f4:	4684      	mov	ip, r0
100036f6:	2808      	cmp	r0, #8
100036f8:	d902      	bls.n	10003700 <tud_task+0x38c>
100036fa:	42b8      	cmp	r0, r7
100036fc:	d800      	bhi.n	10003700 <tud_task+0x38c>
100036fe:	e2b1      	b.n	10003c64 <tud_task+0x8f0>
10003700:	4bcf      	ldr	r3, [pc, #828]	; (10003a40 <tud_task+0x6cc>)
10003702:	781b      	ldrb	r3, [r3, #0]
10003704:	2b00      	cmp	r3, #0
10003706:	d000      	beq.n	1000370a <tud_task+0x396>
10003708:	e2b6      	b.n	10003c78 <tud_task+0x904>
1000370a:	7820      	ldrb	r0, [r4, #0]
1000370c:	2100      	movs	r1, #0
1000370e:	f7ff fb99 	bl	10002e44 <dcd_edpt_stall>
10003712:	7820      	ldrb	r0, [r4, #0]
10003714:	2180      	movs	r1, #128	; 0x80
10003716:	f7ff fb95 	bl	10002e44 <dcd_edpt_stall>
1000371a:	e63b      	b.n	10003394 <tud_task+0x20>
1000371c:	7962      	ldrb	r2, [r4, #5]
1000371e:	7820      	ldrb	r0, [r4, #0]
10003720:	68a3      	ldr	r3, [r4, #8]
10003722:	f000 fd45 	bl	100041b0 <usbd_control_xfer_cb>
10003726:	e635      	b.n	10003394 <tud_task+0x20>
10003728:	4640      	mov	r0, r8
1000372a:	f000 febb 	bl	100044a4 <cdcd_reset>
1000372e:	783b      	ldrb	r3, [r7, #0]
10003730:	2b00      	cmp	r3, #0
10003732:	d100      	bne.n	10003736 <tud_task+0x3c2>
10003734:	e790      	b.n	10003658 <tud_task+0x2e4>
10003736:	2300      	movs	r3, #0
10003738:	685b      	ldr	r3, [r3, #4]
1000373a:	deff      	udf	#255	; 0xff
1000373c:	2b00      	cmp	r3, #0
1000373e:	d100      	bne.n	10003742 <tud_task+0x3ce>
10003740:	e628      	b.n	10003394 <tud_task+0x20>
10003742:	2300      	movs	r3, #0
10003744:	695b      	ldr	r3, [r3, #20]
10003746:	deff      	udf	#255	; 0xff
10003748:	4640      	mov	r0, r8
1000374a:	f000 feab 	bl	100044a4 <cdcd_reset>
1000374e:	783b      	ldrb	r3, [r7, #0]
10003750:	2b00      	cmp	r3, #0
10003752:	d100      	bne.n	10003756 <tud_task+0x3e2>
10003754:	e749      	b.n	100035ea <tud_task+0x276>
10003756:	e7ee      	b.n	10003736 <tud_task+0x3c2>
10003758:	48ba      	ldr	r0, [pc, #744]	; (10003a44 <tud_task+0x6d0>)
1000375a:	2800      	cmp	r0, #0
1000375c:	d0d5      	beq.n	1000370a <tud_task+0x396>
1000375e:	f000 fd13 	bl	10004188 <usbd_control_set_complete_callback>
10003762:	aa08      	add	r2, sp, #32
10003764:	2100      	movs	r1, #0
10003766:	4650      	mov	r0, sl
10003768:	e000      	b.n	1000376c <tud_task+0x3f8>
1000376a:	bf00      	nop
1000376c:	2800      	cmp	r0, #0
1000376e:	d000      	beq.n	10003772 <tud_task+0x3fe>
10003770:	e610      	b.n	10003394 <tud_task+0x20>
10003772:	e7ca      	b.n	1000370a <tud_task+0x396>
10003774:	2a20      	cmp	r2, #32
10003776:	d042      	beq.n	100037fe <tud_task+0x48a>
10003778:	2a00      	cmp	r2, #0
1000377a:	d1c6      	bne.n	1000370a <tud_task+0x396>
1000377c:	7963      	ldrb	r3, [r4, #5]
1000377e:	2b09      	cmp	r3, #9
10003780:	d8c3      	bhi.n	1000370a <tud_task+0x396>
10003782:	4ab1      	ldr	r2, [pc, #708]	; (10003a48 <tud_task+0x6d4>)
10003784:	009b      	lsls	r3, r3, #2
10003786:	58d3      	ldr	r3, [r2, r3]
10003788:	469f      	mov	pc, r3
1000378a:	005a      	lsls	r2, r3, #1
1000378c:	18d3      	adds	r3, r2, r3
1000378e:	4aaf      	ldr	r2, [pc, #700]	; (10003a4c <tud_task+0x6d8>)
10003790:	00db      	lsls	r3, r3, #3
10003792:	6812      	ldr	r2, [r2, #0]
10003794:	18d3      	adds	r3, r2, r3
10003796:	2b00      	cmp	r3, #0
10003798:	d100      	bne.n	1000379c <tud_task+0x428>
1000379a:	e785      	b.n	100036a8 <tud_task+0x334>
1000379c:	691d      	ldr	r5, [r3, #16]
1000379e:	e644      	b.n	1000342a <tud_task+0xb6>
100037a0:	7a23      	ldrb	r3, [r4, #8]
100037a2:	2b0f      	cmp	r3, #15
100037a4:	d8b1      	bhi.n	1000370a <tud_task+0x396>
100037a6:	4aaa      	ldr	r2, [pc, #680]	; (10003a50 <tud_task+0x6dc>)
100037a8:	18ed      	adds	r5, r5, r3
100037aa:	78eb      	ldrb	r3, [r5, #3]
100037ac:	2a00      	cmp	r2, #0
100037ae:	d005      	beq.n	100037bc <tud_task+0x448>
100037b0:	4aa3      	ldr	r2, [pc, #652]	; (10003a40 <tud_task+0x6cc>)
100037b2:	7812      	ldrb	r2, [r2, #0]
100037b4:	4293      	cmp	r3, r2
100037b6:	d358      	bcc.n	1000386a <tud_task+0x4f6>
100037b8:	1a9b      	subs	r3, r3, r2
100037ba:	b2db      	uxtb	r3, r3
100037bc:	2b00      	cmp	r3, #0
100037be:	d1a4      	bne.n	1000370a <tud_task+0x396>
100037c0:	48a4      	ldr	r0, [pc, #656]	; (10003a54 <tud_task+0x6e0>)
100037c2:	4da5      	ldr	r5, [pc, #660]	; (10003a58 <tud_task+0x6e4>)
100037c4:	f000 fce0 	bl	10004188 <usbd_control_set_complete_callback>
100037c8:	68eb      	ldr	r3, [r5, #12]
100037ca:	aa08      	add	r2, sp, #32
100037cc:	2100      	movs	r1, #0
100037ce:	4650      	mov	r0, sl
100037d0:	4798      	blx	r3
100037d2:	2800      	cmp	r0, #0
100037d4:	d000      	beq.n	100037d8 <tud_task+0x464>
100037d6:	e5dd      	b.n	10003394 <tud_task+0x20>
100037d8:	2560      	movs	r5, #96	; 0x60
100037da:	7923      	ldrb	r3, [r4, #4]
100037dc:	401d      	ands	r5, r3
100037de:	d194      	bne.n	1000370a <tud_task+0x396>
100037e0:	7963      	ldrb	r3, [r4, #5]
100037e2:	3b0a      	subs	r3, #10
100037e4:	2b01      	cmp	r3, #1
100037e6:	d890      	bhi.n	1000370a <tud_task+0x396>
100037e8:	f000 fcce 	bl	10004188 <usbd_control_set_complete_callback>
100037ec:	7963      	ldrb	r3, [r4, #5]
100037ee:	2b0a      	cmp	r3, #10
100037f0:	d100      	bne.n	100037f4 <tud_task+0x480>
100037f2:	e13b      	b.n	10003a6c <tud_task+0x6f8>
100037f4:	a908      	add	r1, sp, #32
100037f6:	4650      	mov	r0, sl
100037f8:	f000 fc4a 	bl	10004090 <tud_control_status>
100037fc:	e5ca      	b.n	10003394 <tud_task+0x20>
100037fe:	7a23      	ldrb	r3, [r4, #8]
10003800:	2b0f      	cmp	r3, #15
10003802:	d882      	bhi.n	1000370a <tud_task+0x396>
10003804:	4a92      	ldr	r2, [pc, #584]	; (10003a50 <tud_task+0x6dc>)
10003806:	18ed      	adds	r5, r5, r3
10003808:	78eb      	ldrb	r3, [r5, #3]
1000380a:	2a00      	cmp	r2, #0
1000380c:	d006      	beq.n	1000381c <tud_task+0x4a8>
1000380e:	4a8c      	ldr	r2, [pc, #560]	; (10003a40 <tud_task+0x6cc>)
10003810:	7812      	ldrb	r2, [r2, #0]
10003812:	4293      	cmp	r3, r2
10003814:	d200      	bcs.n	10003818 <tud_task+0x4a4>
10003816:	e0e2      	b.n	100039de <tud_task+0x66a>
10003818:	1a9b      	subs	r3, r3, r2
1000381a:	b2db      	uxtb	r3, r3
1000381c:	2b00      	cmp	r3, #0
1000381e:	d000      	beq.n	10003822 <tud_task+0x4ae>
10003820:	e773      	b.n	1000370a <tud_task+0x396>
10003822:	488c      	ldr	r0, [pc, #560]	; (10003a54 <tud_task+0x6e0>)
10003824:	4d8c      	ldr	r5, [pc, #560]	; (10003a58 <tud_task+0x6e4>)
10003826:	f000 fcaf 	bl	10004188 <usbd_control_set_complete_callback>
1000382a:	68eb      	ldr	r3, [r5, #12]
1000382c:	aa08      	add	r2, sp, #32
1000382e:	2100      	movs	r1, #0
10003830:	4650      	mov	r0, sl
10003832:	4798      	blx	r3
10003834:	e79a      	b.n	1000376c <tud_task+0x3f8>
10003836:	2700      	movs	r7, #0
10003838:	2a00      	cmp	r2, #0
1000383a:	d100      	bne.n	1000383e <tud_task+0x4ca>
1000383c:	e648      	b.n	100034d0 <tud_task+0x15c>
1000383e:	e764      	b.n	1000370a <tud_task+0x396>
10003840:	0047      	lsls	r7, r0, #1
10003842:	1838      	adds	r0, r7, r0
10003844:	4f81      	ldr	r7, [pc, #516]	; (10003a4c <tud_task+0x6d8>)
10003846:	00c0      	lsls	r0, r0, #3
10003848:	683f      	ldr	r7, [r7, #0]
1000384a:	183f      	adds	r7, r7, r0
1000384c:	2a00      	cmp	r2, #0
1000384e:	d100      	bne.n	10003852 <tud_task+0x4de>
10003850:	e63e      	b.n	100034d0 <tud_task+0x15c>
10003852:	2f00      	cmp	r7, #0
10003854:	d100      	bne.n	10003858 <tud_task+0x4e4>
10003856:	e758      	b.n	1000370a <tud_task+0x396>
10003858:	68f8      	ldr	r0, [r7, #12]
1000385a:	f000 fc95 	bl	10004188 <usbd_control_set_complete_callback>
1000385e:	68fb      	ldr	r3, [r7, #12]
10003860:	aa08      	add	r2, sp, #32
10003862:	2100      	movs	r1, #0
10003864:	4650      	mov	r0, sl
10003866:	4798      	blx	r3
10003868:	e780      	b.n	1000376c <tud_task+0x3f8>
1000386a:	4a78      	ldr	r2, [pc, #480]	; (10003a4c <tud_task+0x6d8>)
1000386c:	005d      	lsls	r5, r3, #1
1000386e:	18eb      	adds	r3, r5, r3
10003870:	6815      	ldr	r5, [r2, #0]
10003872:	00db      	lsls	r3, r3, #3
10003874:	18ed      	adds	r5, r5, r3
10003876:	2d00      	cmp	r5, #0
10003878:	d100      	bne.n	1000387c <tud_task+0x508>
1000387a:	e746      	b.n	1000370a <tud_task+0x396>
1000387c:	68e8      	ldr	r0, [r5, #12]
1000387e:	e7a1      	b.n	100037c4 <tud_task+0x450>
10003880:	79a3      	ldrb	r3, [r4, #6]
10003882:	9301      	str	r3, [sp, #4]
10003884:	001a      	movs	r2, r3
10003886:	786b      	ldrb	r3, [r5, #1]
10003888:	429a      	cmp	r2, r3
1000388a:	d007      	beq.n	1000389c <tud_task+0x528>
1000388c:	786b      	ldrb	r3, [r5, #1]
1000388e:	2b00      	cmp	r3, #0
10003890:	d000      	beq.n	10003894 <tud_task+0x520>
10003892:	e162      	b.n	10003b5a <tud_task+0x7e6>
10003894:	9b01      	ldr	r3, [sp, #4]
10003896:	2b00      	cmp	r3, #0
10003898:	d000      	beq.n	1000389c <tud_task+0x528>
1000389a:	e0f0      	b.n	10003a7e <tud_task+0x70a>
1000389c:	9b01      	ldr	r3, [sp, #4]
1000389e:	a908      	add	r1, sp, #32
100038a0:	4650      	mov	r0, sl
100038a2:	706b      	strb	r3, [r5, #1]
100038a4:	f000 fbf4 	bl	10004090 <tud_control_status>
100038a8:	e574      	b.n	10003394 <tud_task+0x20>
100038aa:	a808      	add	r0, sp, #32
100038ac:	f000 fc72 	bl	10004194 <usbd_control_set_request>
100038b0:	79a1      	ldrb	r1, [r4, #6]
100038b2:	4650      	mov	r0, sl
100038b4:	f7ff f922 	bl	10002afc <dcd_set_address>
100038b8:	2202      	movs	r2, #2
100038ba:	782b      	ldrb	r3, [r5, #0]
100038bc:	4313      	orrs	r3, r2
100038be:	702b      	strb	r3, [r5, #0]
100038c0:	e568      	b.n	10003394 <tud_task+0x20>
100038c2:	88e3      	ldrh	r3, [r4, #6]
100038c4:	2b01      	cmp	r3, #1
100038c6:	d000      	beq.n	100038ca <tud_task+0x556>
100038c8:	e71f      	b.n	1000370a <tud_task+0x396>
100038ca:	2208      	movs	r2, #8
100038cc:	782b      	ldrb	r3, [r5, #0]
100038ce:	a908      	add	r1, sp, #32
100038d0:	4313      	orrs	r3, r2
100038d2:	4650      	mov	r0, sl
100038d4:	702b      	strb	r3, [r5, #0]
100038d6:	f000 fbdb 	bl	10004090 <tud_control_status>
100038da:	e55b      	b.n	10003394 <tud_task+0x20>
100038dc:	88e3      	ldrh	r3, [r4, #6]
100038de:	2b01      	cmp	r3, #1
100038e0:	d000      	beq.n	100038e4 <tud_task+0x570>
100038e2:	e712      	b.n	1000370a <tud_task+0x396>
100038e4:	2208      	movs	r2, #8
100038e6:	782b      	ldrb	r3, [r5, #0]
100038e8:	a908      	add	r1, sp, #32
100038ea:	4393      	bics	r3, r2
100038ec:	4650      	mov	r0, sl
100038ee:	702b      	strb	r3, [r5, #0]
100038f0:	f000 fbce 	bl	10004090 <tud_control_status>
100038f4:	e54e      	b.n	10003394 <tud_task+0x20>
100038f6:	2002      	movs	r0, #2
100038f8:	7829      	ldrb	r1, [r5, #0]
100038fa:	ab06      	add	r3, sp, #24
100038fc:	1c9a      	adds	r2, r3, #2
100038fe:	068b      	lsls	r3, r1, #26
10003900:	0889      	lsrs	r1, r1, #2
10003902:	0fdb      	lsrs	r3, r3, #31
10003904:	4001      	ands	r1, r0
10003906:	430b      	orrs	r3, r1
10003908:	8013      	strh	r3, [r2, #0]
1000390a:	a908      	add	r1, sp, #32
1000390c:	2302      	movs	r3, #2
1000390e:	4650      	mov	r0, sl
10003910:	f000 fbd6 	bl	100040c0 <tud_control_xfer>
10003914:	e53e      	b.n	10003394 <tud_task+0x20>
10003916:	786b      	ldrb	r3, [r5, #1]
10003918:	aa06      	add	r2, sp, #24
1000391a:	3202      	adds	r2, #2
1000391c:	7013      	strb	r3, [r2, #0]
1000391e:	a908      	add	r1, sp, #32
10003920:	2301      	movs	r3, #1
10003922:	4650      	mov	r0, sl
10003924:	f000 fbcc 	bl	100040c0 <tud_control_xfer>
10003928:	e534      	b.n	10003394 <tud_task+0x20>
1000392a:	88e0      	ldrh	r0, [r4, #6]
1000392c:	0a03      	lsrs	r3, r0, #8
1000392e:	b2c0      	uxtb	r0, r0
10003930:	2b0f      	cmp	r3, #15
10003932:	d900      	bls.n	10003936 <tud_task+0x5c2>
10003934:	e6e9      	b.n	1000370a <tud_task+0x396>
10003936:	4949      	ldr	r1, [pc, #292]	; (10003a5c <tud_task+0x6e8>)
10003938:	009a      	lsls	r2, r3, #2
1000393a:	588a      	ldr	r2, [r1, r2]
1000393c:	4697      	mov	pc, r2
1000393e:	4b48      	ldr	r3, [pc, #288]	; (10003a60 <tud_task+0x6ec>)
10003940:	2b00      	cmp	r3, #0
10003942:	d100      	bne.n	10003946 <tud_task+0x5d2>
10003944:	e6e1      	b.n	1000370a <tud_task+0x396>
10003946:	e000      	b.n	1000394a <tud_task+0x5d6>
10003948:	bf00      	nop
1000394a:	78c3      	ldrb	r3, [r0, #3]
1000394c:	7881      	ldrb	r1, [r0, #2]
1000394e:	021b      	lsls	r3, r3, #8
10003950:	0002      	movs	r2, r0
10003952:	430b      	orrs	r3, r1
10003954:	4650      	mov	r0, sl
10003956:	a908      	add	r1, sp, #32
10003958:	f000 fbb2 	bl	100040c0 <tud_control_xfer>
1000395c:	e706      	b.n	1000376c <tud_task+0x3f8>
1000395e:	4b41      	ldr	r3, [pc, #260]	; (10003a64 <tud_task+0x6f0>)
10003960:	2b00      	cmp	r3, #0
10003962:	d100      	bne.n	10003966 <tud_task+0x5f2>
10003964:	e6d1      	b.n	1000370a <tud_task+0x396>
10003966:	e000      	b.n	1000396a <tud_task+0x5f6>
10003968:	bf00      	nop
1000396a:	1e02      	subs	r2, r0, #0
1000396c:	d100      	bne.n	10003970 <tud_task+0x5fc>
1000396e:	e6cc      	b.n	1000370a <tud_task+0x396>
10003970:	7813      	ldrb	r3, [r2, #0]
10003972:	a908      	add	r1, sp, #32
10003974:	4650      	mov	r0, sl
10003976:	f000 fba3 	bl	100040c0 <tud_control_xfer>
1000397a:	e6f7      	b.n	1000376c <tud_task+0x3f8>
1000397c:	8921      	ldrh	r1, [r4, #8]
1000397e:	f7fe ff71 	bl	10002864 <tud_descriptor_string_cb>
10003982:	1e02      	subs	r2, r0, #0
10003984:	d1f4      	bne.n	10003970 <tud_task+0x5fc>
10003986:	e6c0      	b.n	1000370a <tud_task+0x396>
10003988:	2b02      	cmp	r3, #2
1000398a:	d100      	bne.n	1000398e <tud_task+0x61a>
1000398c:	e171      	b.n	10003c72 <tud_task+0x8fe>
1000398e:	4b36      	ldr	r3, [pc, #216]	; (10003a68 <tud_task+0x6f4>)
10003990:	2b00      	cmp	r3, #0
10003992:	d100      	bne.n	10003996 <tud_task+0x622>
10003994:	e6b9      	b.n	1000370a <tud_task+0x396>
10003996:	e000      	b.n	1000399a <tud_task+0x626>
10003998:	bf00      	nop
1000399a:	2800      	cmp	r0, #0
1000399c:	d100      	bne.n	100039a0 <tud_task+0x62c>
1000399e:	e6b4      	b.n	1000370a <tud_task+0x396>
100039a0:	78c3      	ldrb	r3, [r0, #3]
100039a2:	7882      	ldrb	r2, [r0, #2]
100039a4:	021b      	lsls	r3, r3, #8
100039a6:	4313      	orrs	r3, r2
100039a8:	a908      	add	r1, sp, #32
100039aa:	0002      	movs	r2, r0
100039ac:	4650      	mov	r0, sl
100039ae:	f000 fb87 	bl	100040c0 <tud_control_xfer>
100039b2:	e6db      	b.n	1000376c <tud_task+0x3f8>
100039b4:	f7fe ff4e 	bl	10002854 <tud_descriptor_device_cb>
100039b8:	2312      	movs	r3, #18
100039ba:	0002      	movs	r2, r0
100039bc:	a908      	add	r1, sp, #32
100039be:	4650      	mov	r0, sl
100039c0:	f000 fb7e 	bl	100040c0 <tud_control_xfer>
100039c4:	e6d2      	b.n	1000376c <tud_task+0x3f8>
100039c6:	4823      	ldr	r0, [pc, #140]	; (10003a54 <tud_task+0x6e0>)
100039c8:	4f23      	ldr	r7, [pc, #140]	; (10003a58 <tud_task+0x6e4>)
100039ca:	e746      	b.n	1000385a <tud_task+0x4e6>
100039cc:	18eb      	adds	r3, r5, r3
100039ce:	4463      	add	r3, ip
100039d0:	3330      	adds	r3, #48	; 0x30
100039d2:	78db      	ldrb	r3, [r3, #3]
100039d4:	aa06      	add	r2, sp, #24
100039d6:	079b      	lsls	r3, r3, #30
100039d8:	0fdb      	lsrs	r3, r3, #31
100039da:	3202      	adds	r2, #2
100039dc:	e794      	b.n	10003908 <tud_task+0x594>
100039de:	4a1b      	ldr	r2, [pc, #108]	; (10003a4c <tud_task+0x6d8>)
100039e0:	005d      	lsls	r5, r3, #1
100039e2:	18eb      	adds	r3, r5, r3
100039e4:	6815      	ldr	r5, [r2, #0]
100039e6:	00db      	lsls	r3, r3, #3
100039e8:	18ed      	adds	r5, r5, r3
100039ea:	2d00      	cmp	r5, #0
100039ec:	d100      	bne.n	100039f0 <tud_task+0x67c>
100039ee:	e68c      	b.n	1000370a <tud_task+0x396>
100039f0:	68e8      	ldr	r0, [r5, #12]
100039f2:	e718      	b.n	10003826 <tud_task+0x4b2>
100039f4:	322f      	adds	r2, #47	; 0x2f
100039f6:	4691      	mov	r9, r2
100039f8:	4499      	add	r9, r3
100039fa:	464b      	mov	r3, r9
100039fc:	78db      	ldrb	r3, [r3, #3]
100039fe:	079b      	lsls	r3, r3, #30
10003a00:	d400      	bmi.n	10003a04 <tud_task+0x690>
10003a02:	e580      	b.n	10003506 <tud_task+0x192>
10003a04:	4650      	mov	r0, sl
10003a06:	f7ff fa37 	bl	10002e78 <dcd_edpt_clear_stall>
10003a0a:	464b      	mov	r3, r9
10003a0c:	2202      	movs	r2, #2
10003a0e:	78db      	ldrb	r3, [r3, #3]
10003a10:	4393      	bics	r3, r2
10003a12:	464a      	mov	r2, r9
10003a14:	70d3      	strb	r3, [r2, #3]
10003a16:	78d3      	ldrb	r3, [r2, #3]
10003a18:	4642      	mov	r2, r8
10003a1a:	4393      	bics	r3, r2
10003a1c:	464a      	mov	r2, r9
10003a1e:	70d3      	strb	r3, [r2, #3]
10003a20:	e571      	b.n	10003506 <tud_task+0x192>
10003a22:	4650      	mov	r0, sl
10003a24:	f7ff fa0e 	bl	10002e44 <dcd_edpt_stall>
10003a28:	4643      	mov	r3, r8
10003a2a:	2202      	movs	r2, #2
10003a2c:	78db      	ldrb	r3, [r3, #3]
10003a2e:	4313      	orrs	r3, r2
10003a30:	4642      	mov	r2, r8
10003a32:	70d3      	strb	r3, [r2, #3]
10003a34:	78d3      	ldrb	r3, [r2, #3]
10003a36:	2201      	movs	r2, #1
10003a38:	4313      	orrs	r3, r2
10003a3a:	4642      	mov	r2, r8
10003a3c:	70d3      	strb	r3, [r2, #3]
10003a3e:	e562      	b.n	10003506 <tud_task+0x192>
10003a40:	20000f2e 	.word	0x20000f2e
10003a44:	00000000 	.word	0x00000000
10003a48:	10005284 	.word	0x10005284
10003a4c:	20000594 	.word	0x20000594
10003a50:	100025c5 	.word	0x100025c5
10003a54:	100045b5 	.word	0x100045b5
10003a58:	100052ec 	.word	0x100052ec
10003a5c:	100052ac 	.word	0x100052ac
	...
10003a6c:	ab06      	add	r3, sp, #24
10003a6e:	1c9a      	adds	r2, r3, #2
10003a70:	a908      	add	r1, sp, #32
10003a72:	2301      	movs	r3, #1
10003a74:	4650      	mov	r0, sl
10003a76:	7015      	strb	r5, [r2, #0]
10003a78:	f000 fb22 	bl	100040c0 <tud_control_xfer>
10003a7c:	e48a      	b.n	10003394 <tud_task+0x20>
10003a7e:	1e58      	subs	r0, r3, #1
10003a80:	b2c0      	uxtb	r0, r0
10003a82:	f7fe feeb 	bl	1000285c <tud_descriptor_configuration_cb>
10003a86:	2800      	cmp	r0, #0
10003a88:	d100      	bne.n	10003a8c <tud_task+0x718>
10003a8a:	e63e      	b.n	1000370a <tud_task+0x396>
10003a8c:	7843      	ldrb	r3, [r0, #1]
10003a8e:	9304      	str	r3, [sp, #16]
10003a90:	2b02      	cmp	r3, #2
10003a92:	d000      	beq.n	10003a96 <tud_task+0x722>
10003a94:	e639      	b.n	1000370a <tud_task+0x396>
10003a96:	2701      	movs	r7, #1
10003a98:	79c3      	ldrb	r3, [r0, #7]
10003a9a:	115a      	asrs	r2, r3, #5
10003a9c:	403a      	ands	r2, r7
10003a9e:	0112      	lsls	r2, r2, #4
10003aa0:	4691      	mov	r9, r2
10003aa2:	782a      	ldrb	r2, [r5, #0]
10003aa4:	119b      	asrs	r3, r3, #6
10003aa6:	4690      	mov	r8, r2
10003aa8:	2210      	movs	r2, #16
10003aaa:	4641      	mov	r1, r8
10003aac:	4391      	bics	r1, r2
10003aae:	000a      	movs	r2, r1
10003ab0:	4649      	mov	r1, r9
10003ab2:	430a      	orrs	r2, r1
10003ab4:	2120      	movs	r1, #32
10003ab6:	403b      	ands	r3, r7
10003ab8:	438a      	bics	r2, r1
10003aba:	015b      	lsls	r3, r3, #5
10003abc:	4313      	orrs	r3, r2
10003abe:	702b      	strb	r3, [r5, #0]
10003ac0:	2309      	movs	r3, #9
10003ac2:	4698      	mov	r8, r3
10003ac4:	78c3      	ldrb	r3, [r0, #3]
10003ac6:	7882      	ldrb	r2, [r0, #2]
10003ac8:	021b      	lsls	r3, r3, #8
10003aca:	4313      	orrs	r3, r2
10003acc:	18c3      	adds	r3, r0, r3
10003ace:	4480      	add	r8, r0
10003ad0:	9303      	str	r3, [sp, #12]
10003ad2:	4598      	cmp	r8, r3
10003ad4:	d300      	bcc.n	10003ad8 <tud_task+0x764>
10003ad6:	e0be      	b.n	10003c56 <tud_task+0x8e2>
10003ad8:	46d1      	mov	r9, sl
10003ada:	4643      	mov	r3, r8
10003adc:	2201      	movs	r2, #1
10003ade:	785b      	ldrb	r3, [r3, #1]
10003ae0:	9200      	str	r2, [sp, #0]
10003ae2:	2b0b      	cmp	r3, #11
10003ae4:	d107      	bne.n	10003af6 <tud_task+0x782>
10003ae6:	4643      	mov	r3, r8
10003ae8:	78db      	ldrb	r3, [r3, #3]
10003aea:	9300      	str	r3, [sp, #0]
10003aec:	4643      	mov	r3, r8
10003aee:	781b      	ldrb	r3, [r3, #0]
10003af0:	4498      	add	r8, r3
10003af2:	4643      	mov	r3, r8
10003af4:	785b      	ldrb	r3, [r3, #1]
10003af6:	2b04      	cmp	r3, #4
10003af8:	d000      	beq.n	10003afc <tud_task+0x788>
10003afa:	e606      	b.n	1000370a <tud_task+0x396>
10003afc:	4642      	mov	r2, r8
10003afe:	9b03      	ldr	r3, [sp, #12]
10003b00:	2700      	movs	r7, #0
10003b02:	1a9b      	subs	r3, r3, r2
10003b04:	b29b      	uxth	r3, r3
10003b06:	9302      	str	r3, [sp, #8]
10003b08:	4a5d      	ldr	r2, [pc, #372]	; (10003c80 <tud_task+0x90c>)
10003b0a:	4b5e      	ldr	r3, [pc, #376]	; (10003c84 <tud_task+0x910>)
10003b0c:	781b      	ldrb	r3, [r3, #0]
10003b0e:	2a00      	cmp	r2, #0
10003b10:	d116      	bne.n	10003b40 <tud_task+0x7cc>
10003b12:	e5e9      	b.n	100036e8 <tud_task+0x374>
10003b14:	42bb      	cmp	r3, r7
10003b16:	d000      	beq.n	10003b1a <tud_task+0x7a6>
10003b18:	e0ae      	b.n	10003c78 <tud_task+0x904>
10003b1a:	4a5b      	ldr	r2, [pc, #364]	; (10003c88 <tud_task+0x914>)
10003b1c:	4b5b      	ldr	r3, [pc, #364]	; (10003c8c <tud_task+0x918>)
10003b1e:	4692      	mov	sl, r2
10003b20:	9a02      	ldr	r2, [sp, #8]
10003b22:	4641      	mov	r1, r8
10003b24:	4648      	mov	r0, r9
10003b26:	4798      	blx	r3
10003b28:	2808      	cmp	r0, #8
10003b2a:	d902      	bls.n	10003b32 <tud_task+0x7be>
10003b2c:	9b02      	ldr	r3, [sp, #8]
10003b2e:	4283      	cmp	r3, r0
10003b30:	d253      	bcs.n	10003bda <tud_task+0x866>
10003b32:	4b54      	ldr	r3, [pc, #336]	; (10003c84 <tud_task+0x910>)
10003b34:	3701      	adds	r7, #1
10003b36:	781b      	ldrb	r3, [r3, #0]
10003b38:	b2ff      	uxtb	r7, r7
10003b3a:	42bb      	cmp	r3, r7
10003b3c:	d200      	bcs.n	10003b40 <tud_task+0x7cc>
10003b3e:	e5e4      	b.n	1000370a <tud_task+0x396>
10003b40:	42bb      	cmp	r3, r7
10003b42:	d9e7      	bls.n	10003b14 <tud_task+0x7a0>
10003b44:	4a52      	ldr	r2, [pc, #328]	; (10003c90 <tud_task+0x91c>)
10003b46:	007b      	lsls	r3, r7, #1
10003b48:	6812      	ldr	r2, [r2, #0]
10003b4a:	19db      	adds	r3, r3, r7
10003b4c:	4692      	mov	sl, r2
10003b4e:	00db      	lsls	r3, r3, #3
10003b50:	449a      	add	sl, r3
10003b52:	4653      	mov	r3, sl
10003b54:	9205      	str	r2, [sp, #20]
10003b56:	689b      	ldr	r3, [r3, #8]
10003b58:	e7e2      	b.n	10003b20 <tud_task+0x7ac>
10003b5a:	4650      	mov	r0, sl
10003b5c:	f7ff f902 	bl	10002d64 <dcd_edpt_close_all>
10003b60:	78ab      	ldrb	r3, [r5, #2]
10003b62:	4f48      	ldr	r7, [pc, #288]	; (10003c84 <tud_task+0x910>)
10003b64:	4a46      	ldr	r2, [pc, #280]	; (10003c80 <tud_task+0x90c>)
10003b66:	9300      	str	r3, [sp, #0]
10003b68:	2100      	movs	r1, #0
10003b6a:	783b      	ldrb	r3, [r7, #0]
10003b6c:	2a00      	cmp	r2, #0
10003b6e:	d02d      	beq.n	10003bcc <tud_task+0x858>
10003b70:	4a47      	ldr	r2, [pc, #284]	; (10003c90 <tud_task+0x91c>)
10003b72:	4691      	mov	r9, r2
10003b74:	003a      	movs	r2, r7
10003b76:	000f      	movs	r7, r1
10003b78:	4690      	mov	r8, r2
10003b7a:	42bb      	cmp	r3, r7
10003b7c:	d81d      	bhi.n	10003bba <tud_task+0x846>
10003b7e:	d000      	beq.n	10003b82 <tud_task+0x80e>
10003b80:	e5d9      	b.n	10003736 <tud_task+0x3c2>
10003b82:	4b44      	ldr	r3, [pc, #272]	; (10003c94 <tud_task+0x920>)
10003b84:	4650      	mov	r0, sl
10003b86:	4798      	blx	r3
10003b88:	4643      	mov	r3, r8
10003b8a:	3701      	adds	r7, #1
10003b8c:	781b      	ldrb	r3, [r3, #0]
10003b8e:	b2ff      	uxtb	r7, r7
10003b90:	42bb      	cmp	r3, r7
10003b92:	d2f2      	bcs.n	10003b7a <tud_task+0x806>
10003b94:	2253      	movs	r2, #83	; 0x53
10003b96:	2100      	movs	r1, #0
10003b98:	0028      	movs	r0, r5
10003b9a:	f7fe fb51 	bl	10002240 <__wrap_memset>
10003b9e:	2210      	movs	r2, #16
10003ba0:	21ff      	movs	r1, #255	; 0xff
10003ba2:	1ce8      	adds	r0, r5, #3
10003ba4:	f7fe fb4c 	bl	10002240 <__wrap_memset>
10003ba8:	0028      	movs	r0, r5
10003baa:	2220      	movs	r2, #32
10003bac:	3013      	adds	r0, #19
10003bae:	21ff      	movs	r1, #255	; 0xff
10003bb0:	f7fe fb46 	bl	10002240 <__wrap_memset>
10003bb4:	9b00      	ldr	r3, [sp, #0]
10003bb6:	70ab      	strb	r3, [r5, #2]
10003bb8:	e66c      	b.n	10003894 <tud_task+0x520>
10003bba:	464a      	mov	r2, r9
10003bbc:	6812      	ldr	r2, [r2, #0]
10003bbe:	007b      	lsls	r3, r7, #1
10003bc0:	4694      	mov	ip, r2
10003bc2:	19db      	adds	r3, r3, r7
10003bc4:	00db      	lsls	r3, r3, #3
10003bc6:	4463      	add	r3, ip
10003bc8:	685b      	ldr	r3, [r3, #4]
10003bca:	e7db      	b.n	10003b84 <tud_task+0x810>
10003bcc:	4650      	mov	r0, sl
10003bce:	f000 fc69 	bl	100044a4 <cdcd_reset>
10003bd2:	783b      	ldrb	r3, [r7, #0]
10003bd4:	2b00      	cmp	r3, #0
10003bd6:	d0dd      	beq.n	10003b94 <tud_task+0x820>
10003bd8:	e5ad      	b.n	10003736 <tud_task+0x3c2>
10003bda:	4684      	mov	ip, r0
10003bdc:	9b00      	ldr	r3, [sp, #0]
10003bde:	2b01      	cmp	r3, #1
10003be0:	d019      	beq.n	10003c16 <tud_task+0x8a2>
10003be2:	9b00      	ldr	r3, [sp, #0]
10003be4:	2b00      	cmp	r3, #0
10003be6:	d023      	beq.n	10003c30 <tud_task+0x8bc>
10003be8:	4643      	mov	r3, r8
10003bea:	7899      	ldrb	r1, [r3, #2]
10003bec:	186a      	adds	r2, r5, r1
10003bee:	78d2      	ldrb	r2, [r2, #3]
10003bf0:	000b      	movs	r3, r1
10003bf2:	2aff      	cmp	r2, #255	; 0xff
10003bf4:	d000      	beq.n	10003bf8 <tud_task+0x884>
10003bf6:	e588      	b.n	1000370a <tud_task+0x396>
10003bf8:	2200      	movs	r2, #0
10003bfa:	18eb      	adds	r3, r5, r3
10003bfc:	70df      	strb	r7, [r3, #3]
10003bfe:	3201      	adds	r2, #1
10003c00:	9b00      	ldr	r3, [sp, #0]
10003c02:	b2d2      	uxtb	r2, r2
10003c04:	429a      	cmp	r2, r3
10003c06:	d213      	bcs.n	10003c30 <tud_task+0x8bc>
10003c08:	1853      	adds	r3, r2, r1
10003c0a:	b2db      	uxtb	r3, r3
10003c0c:	18e8      	adds	r0, r5, r3
10003c0e:	78c0      	ldrb	r0, [r0, #3]
10003c10:	28ff      	cmp	r0, #255	; 0xff
10003c12:	d0f2      	beq.n	10003bfa <tud_task+0x886>
10003c14:	e579      	b.n	1000370a <tud_task+0x396>
10003c16:	4652      	mov	r2, sl
10003c18:	4b1c      	ldr	r3, [pc, #112]	; (10003c8c <tud_task+0x918>)
10003c1a:	6892      	ldr	r2, [r2, #8]
10003c1c:	429a      	cmp	r2, r3
10003c1e:	d025      	beq.n	10003c6c <tud_task+0x8f8>
10003c20:	4643      	mov	r3, r8
10003c22:	789b      	ldrb	r3, [r3, #2]
10003c24:	18eb      	adds	r3, r5, r3
10003c26:	78da      	ldrb	r2, [r3, #3]
10003c28:	2aff      	cmp	r2, #255	; 0xff
10003c2a:	d000      	beq.n	10003c2e <tud_task+0x8ba>
10003c2c:	e56d      	b.n	1000370a <tud_task+0x396>
10003c2e:	70df      	strb	r7, [r3, #3]
10003c30:	0028      	movs	r0, r5
10003c32:	46e2      	mov	sl, ip
10003c34:	003b      	movs	r3, r7
10003c36:	4641      	mov	r1, r8
10003c38:	3013      	adds	r0, #19
10003c3a:	4662      	mov	r2, ip
10003c3c:	f000 fe3a 	bl	100048b4 <tu_edpt_bind_driver>
10003c40:	4b10      	ldr	r3, [pc, #64]	; (10003c84 <tud_task+0x910>)
10003c42:	44d0      	add	r8, sl
10003c44:	781b      	ldrb	r3, [r3, #0]
10003c46:	42bb      	cmp	r3, r7
10003c48:	d200      	bcs.n	10003c4c <tud_task+0x8d8>
10003c4a:	e55e      	b.n	1000370a <tud_task+0x396>
10003c4c:	9b03      	ldr	r3, [sp, #12]
10003c4e:	4543      	cmp	r3, r8
10003c50:	d900      	bls.n	10003c54 <tud_task+0x8e0>
10003c52:	e742      	b.n	10003ada <tud_task+0x766>
10003c54:	46ca      	mov	sl, r9
10003c56:	4b10      	ldr	r3, [pc, #64]	; (10003c98 <tud_task+0x924>)
10003c58:	2b00      	cmp	r3, #0
10003c5a:	d100      	bne.n	10003c5e <tud_task+0x8ea>
10003c5c:	e61e      	b.n	1000389c <tud_task+0x528>
10003c5e:	e000      	b.n	10003c62 <tud_task+0x8ee>
10003c60:	bf00      	nop
10003c62:	e61b      	b.n	1000389c <tud_task+0x528>
10003c64:	4b08      	ldr	r3, [pc, #32]	; (10003c88 <tud_task+0x914>)
10003c66:	4f06      	ldr	r7, [pc, #24]	; (10003c80 <tud_task+0x90c>)
10003c68:	469a      	mov	sl, r3
10003c6a:	e7b7      	b.n	10003bdc <tud_task+0x868>
10003c6c:	9b04      	ldr	r3, [sp, #16]
10003c6e:	9300      	str	r3, [sp, #0]
10003c70:	e7ba      	b.n	10003be8 <tud_task+0x874>
10003c72:	f7fe fdf3 	bl	1000285c <tud_descriptor_configuration_cb>
10003c76:	e690      	b.n	1000399a <tud_task+0x626>
10003c78:	2300      	movs	r3, #0
10003c7a:	689b      	ldr	r3, [r3, #8]
10003c7c:	deff      	udf	#255	; 0xff
10003c7e:	46c0      	nop			; (mov r8, r8)
10003c80:	100025c5 	.word	0x100025c5
10003c84:	20000f2e 	.word	0x20000f2e
10003c88:	100052ec 	.word	0x100052ec
10003c8c:	100044d1 	.word	0x100044d1
10003c90:	20000594 	.word	0x20000594
10003c94:	100044a5 	.word	0x100044a5
10003c98:	00000000 	.word	0x00000000

10003c9c <dcd_event_bus_signal>:
10003c9c:	b570      	push	{r4, r5, r6, lr}
10003c9e:	b086      	sub	sp, #24
10003ca0:	466b      	mov	r3, sp
10003ca2:	0005      	movs	r5, r0
10003ca4:	000c      	movs	r4, r1
10003ca6:	1c98      	adds	r0, r3, #2
10003ca8:	220a      	movs	r2, #10
10003caa:	2100      	movs	r1, #0
10003cac:	f7fe fac8 	bl	10002240 <__wrap_memset>
10003cb0:	466b      	mov	r3, sp
10003cb2:	701d      	strb	r5, [r3, #0]
10003cb4:	705c      	strb	r4, [r3, #1]
10003cb6:	2c03      	cmp	r4, #3
10003cb8:	d04f      	beq.n	10003d5a <dcd_event_bus_signal+0xbe>
10003cba:	d909      	bls.n	10003cd0 <dcd_event_bus_signal+0x34>
10003cbc:	2c04      	cmp	r4, #4
10003cbe:	d03a      	beq.n	10003d36 <dcd_event_bus_signal+0x9a>
10003cc0:	2c05      	cmp	r4, #5
10003cc2:	d12e      	bne.n	10003d22 <dcd_event_bus_signal+0x86>
10003cc4:	4b3c      	ldr	r3, [pc, #240]	; (10003db8 <dcd_event_bus_signal+0x11c>)
10003cc6:	781a      	ldrb	r2, [r3, #0]
10003cc8:	07d2      	lsls	r2, r2, #31
10003cca:	d466      	bmi.n	10003d9a <dcd_event_bus_signal+0xfe>
10003ccc:	b006      	add	sp, #24
10003cce:	bd70      	pop	{r4, r5, r6, pc}
10003cd0:	2c02      	cmp	r4, #2
10003cd2:	d126      	bne.n	10003d22 <dcd_event_bus_signal+0x86>
10003cd4:	2101      	movs	r1, #1
10003cd6:	4b38      	ldr	r3, [pc, #224]	; (10003db8 <dcd_event_bus_signal+0x11c>)
10003cd8:	781a      	ldrb	r2, [r3, #0]
10003cda:	438a      	bics	r2, r1
10003cdc:	701a      	strb	r2, [r3, #0]
10003cde:	781a      	ldrb	r2, [r3, #0]
10003ce0:	3103      	adds	r1, #3
10003ce2:	43a2      	bics	r2, r4
10003ce4:	701a      	strb	r2, [r3, #0]
10003ce6:	2200      	movs	r2, #0
10003ce8:	705a      	strb	r2, [r3, #1]
10003cea:	781a      	ldrb	r2, [r3, #0]
10003cec:	438a      	bics	r2, r1
10003cee:	701a      	strb	r2, [r3, #0]
10003cf0:	4b32      	ldr	r3, [pc, #200]	; (10003dbc <dcd_event_bus_signal+0x120>)
10003cf2:	681c      	ldr	r4, [r3, #0]
10003cf4:	69e2      	ldr	r2, [r4, #28]
10003cf6:	f3ef 8110 	mrs	r1, PRIMASK
10003cfa:	b672      	cpsid	i
10003cfc:	6813      	ldr	r3, [r2, #0]
10003cfe:	2b00      	cmp	r3, #0
10003d00:	d0fc      	beq.n	10003cfc <dcd_event_bus_signal+0x60>
10003d02:	f3bf 8f5f 	dmb	sy
10003d06:	6221      	str	r1, [r4, #32]
10003d08:	4669      	mov	r1, sp
10003d0a:	0020      	movs	r0, r4
10003d0c:	f000 ff1a 	bl	10004b44 <tu_fifo_write>
10003d10:	69e2      	ldr	r2, [r4, #28]
10003d12:	6a23      	ldr	r3, [r4, #32]
10003d14:	f3bf 8f5f 	dmb	sy
10003d18:	2100      	movs	r1, #0
10003d1a:	6011      	str	r1, [r2, #0]
10003d1c:	f383 8810 	msr	PRIMASK, r3
10003d20:	e7d4      	b.n	10003ccc <dcd_event_bus_signal+0x30>
10003d22:	4b26      	ldr	r3, [pc, #152]	; (10003dbc <dcd_event_bus_signal+0x120>)
10003d24:	681c      	ldr	r4, [r3, #0]
10003d26:	69e2      	ldr	r2, [r4, #28]
10003d28:	f3ef 8110 	mrs	r1, PRIMASK
10003d2c:	b672      	cpsid	i
10003d2e:	6813      	ldr	r3, [r2, #0]
10003d30:	2b00      	cmp	r3, #0
10003d32:	d1e6      	bne.n	10003d02 <dcd_event_bus_signal+0x66>
10003d34:	e7fb      	b.n	10003d2e <dcd_event_bus_signal+0x92>
10003d36:	4b20      	ldr	r3, [pc, #128]	; (10003db8 <dcd_event_bus_signal+0x11c>)
10003d38:	781a      	ldrb	r2, [r3, #0]
10003d3a:	07d2      	lsls	r2, r2, #31
10003d3c:	d5c6      	bpl.n	10003ccc <dcd_event_bus_signal+0x30>
10003d3e:	2104      	movs	r1, #4
10003d40:	781a      	ldrb	r2, [r3, #0]
10003d42:	430a      	orrs	r2, r1
10003d44:	701a      	strb	r2, [r3, #0]
10003d46:	4b1d      	ldr	r3, [pc, #116]	; (10003dbc <dcd_event_bus_signal+0x120>)
10003d48:	681c      	ldr	r4, [r3, #0]
10003d4a:	69e2      	ldr	r2, [r4, #28]
10003d4c:	f3ef 8110 	mrs	r1, PRIMASK
10003d50:	b672      	cpsid	i
10003d52:	6813      	ldr	r3, [r2, #0]
10003d54:	2b00      	cmp	r3, #0
10003d56:	d1d4      	bne.n	10003d02 <dcd_event_bus_signal+0x66>
10003d58:	e7fb      	b.n	10003d52 <dcd_event_bus_signal+0xb6>
10003d5a:	4b17      	ldr	r3, [pc, #92]	; (10003db8 <dcd_event_bus_signal+0x11c>)
10003d5c:	781a      	ldrb	r2, [r3, #0]
10003d5e:	0752      	lsls	r2, r2, #29
10003d60:	d5b4      	bpl.n	10003ccc <dcd_event_bus_signal+0x30>
10003d62:	2104      	movs	r1, #4
10003d64:	200e      	movs	r0, #14
10003d66:	781a      	ldrb	r2, [r3, #0]
10003d68:	4468      	add	r0, sp
10003d6a:	438a      	bics	r2, r1
10003d6c:	701a      	strb	r2, [r3, #0]
10003d6e:	2100      	movs	r1, #0
10003d70:	220a      	movs	r2, #10
10003d72:	f7fe fa65 	bl	10002240 <__wrap_memset>
10003d76:	2305      	movs	r3, #5
10003d78:	ae03      	add	r6, sp, #12
10003d7a:	7073      	strb	r3, [r6, #1]
10003d7c:	4b0f      	ldr	r3, [pc, #60]	; (10003dbc <dcd_event_bus_signal+0x120>)
10003d7e:	7035      	strb	r5, [r6, #0]
10003d80:	681c      	ldr	r4, [r3, #0]
10003d82:	69e2      	ldr	r2, [r4, #28]
10003d84:	f3ef 8110 	mrs	r1, PRIMASK
10003d88:	b672      	cpsid	i
10003d8a:	6813      	ldr	r3, [r2, #0]
10003d8c:	2b00      	cmp	r3, #0
10003d8e:	d0fc      	beq.n	10003d8a <dcd_event_bus_signal+0xee>
10003d90:	f3bf 8f5f 	dmb	sy
10003d94:	6221      	str	r1, [r4, #32]
10003d96:	0031      	movs	r1, r6
10003d98:	e7b7      	b.n	10003d0a <dcd_event_bus_signal+0x6e>
10003d9a:	2104      	movs	r1, #4
10003d9c:	781a      	ldrb	r2, [r3, #0]
10003d9e:	438a      	bics	r2, r1
10003da0:	701a      	strb	r2, [r3, #0]
10003da2:	4b06      	ldr	r3, [pc, #24]	; (10003dbc <dcd_event_bus_signal+0x120>)
10003da4:	681c      	ldr	r4, [r3, #0]
10003da6:	69e2      	ldr	r2, [r4, #28]
10003da8:	f3ef 8110 	mrs	r1, PRIMASK
10003dac:	b672      	cpsid	i
10003dae:	6813      	ldr	r3, [r2, #0]
10003db0:	2b00      	cmp	r3, #0
10003db2:	d1a6      	bne.n	10003d02 <dcd_event_bus_signal+0x66>
10003db4:	e7fb      	b.n	10003dae <dcd_event_bus_signal+0x112>
10003db6:	46c0      	nop			; (mov r8, r8)
10003db8:	200008cc 	.word	0x200008cc
10003dbc:	20000924 	.word	0x20000924

10003dc0 <dcd_event_bus_reset>:
10003dc0:	b570      	push	{r4, r5, r6, lr}
10003dc2:	b084      	sub	sp, #16
10003dc4:	466b      	mov	r3, sp
10003dc6:	0006      	movs	r6, r0
10003dc8:	000d      	movs	r5, r1
10003dca:	220a      	movs	r2, #10
10003dcc:	2100      	movs	r1, #0
10003dce:	1d98      	adds	r0, r3, #6
10003dd0:	f7fe fa36 	bl	10002240 <__wrap_memset>
10003dd4:	2301      	movs	r3, #1
10003dd6:	ac01      	add	r4, sp, #4
10003dd8:	7063      	strb	r3, [r4, #1]
10003dda:	4b0e      	ldr	r3, [pc, #56]	; (10003e14 <dcd_event_bus_reset+0x54>)
10003ddc:	7125      	strb	r5, [r4, #4]
10003dde:	681d      	ldr	r5, [r3, #0]
10003de0:	7026      	strb	r6, [r4, #0]
10003de2:	69ea      	ldr	r2, [r5, #28]
10003de4:	f3ef 8310 	mrs	r3, PRIMASK
10003de8:	b672      	cpsid	i
10003dea:	6811      	ldr	r1, [r2, #0]
10003dec:	2900      	cmp	r1, #0
10003dee:	d0fc      	beq.n	10003dea <dcd_event_bus_reset+0x2a>
10003df0:	f3bf 8f5f 	dmb	sy
10003df4:	622b      	str	r3, [r5, #32]
10003df6:	0021      	movs	r1, r4
10003df8:	0028      	movs	r0, r5
10003dfa:	f000 fea3 	bl	10004b44 <tu_fifo_write>
10003dfe:	69ea      	ldr	r2, [r5, #28]
10003e00:	6a2b      	ldr	r3, [r5, #32]
10003e02:	f3bf 8f5f 	dmb	sy
10003e06:	2100      	movs	r1, #0
10003e08:	6011      	str	r1, [r2, #0]
10003e0a:	f383 8810 	msr	PRIMASK, r3
10003e0e:	b004      	add	sp, #16
10003e10:	bd70      	pop	{r4, r5, r6, pc}
10003e12:	46c0      	nop			; (mov r8, r8)
10003e14:	20000924 	.word	0x20000924

10003e18 <dcd_event_setup_received>:
10003e18:	2300      	movs	r3, #0
10003e1a:	b530      	push	{r4, r5, lr}
10003e1c:	b085      	sub	sp, #20
10003e1e:	ad01      	add	r5, sp, #4
10003e20:	806b      	strh	r3, [r5, #2]
10003e22:	7028      	strb	r0, [r5, #0]
10003e24:	3306      	adds	r3, #6
10003e26:	2208      	movs	r2, #8
10003e28:	a802      	add	r0, sp, #8
10003e2a:	706b      	strb	r3, [r5, #1]
10003e2c:	f7fe fa0e 	bl	1000224c <__wrap___aeabi_memcpy>
10003e30:	4b0c      	ldr	r3, [pc, #48]	; (10003e64 <dcd_event_setup_received+0x4c>)
10003e32:	681c      	ldr	r4, [r3, #0]
10003e34:	69e2      	ldr	r2, [r4, #28]
10003e36:	f3ef 8310 	mrs	r3, PRIMASK
10003e3a:	b672      	cpsid	i
10003e3c:	6811      	ldr	r1, [r2, #0]
10003e3e:	2900      	cmp	r1, #0
10003e40:	d0fc      	beq.n	10003e3c <dcd_event_setup_received+0x24>
10003e42:	f3bf 8f5f 	dmb	sy
10003e46:	6223      	str	r3, [r4, #32]
10003e48:	0029      	movs	r1, r5
10003e4a:	0020      	movs	r0, r4
10003e4c:	f000 fe7a 	bl	10004b44 <tu_fifo_write>
10003e50:	69e2      	ldr	r2, [r4, #28]
10003e52:	6a23      	ldr	r3, [r4, #32]
10003e54:	f3bf 8f5f 	dmb	sy
10003e58:	2100      	movs	r1, #0
10003e5a:	6011      	str	r1, [r2, #0]
10003e5c:	f383 8810 	msr	PRIMASK, r3
10003e60:	b005      	add	sp, #20
10003e62:	bd30      	pop	{r4, r5, pc}
10003e64:	20000924 	.word	0x20000924

10003e68 <dcd_event_xfer_complete>:
10003e68:	b5f0      	push	{r4, r5, r6, r7, lr}
10003e6a:	46c6      	mov	lr, r8
10003e6c:	b500      	push	{lr}
10003e6e:	b084      	sub	sp, #16
10003e70:	001d      	movs	r5, r3
10003e72:	466b      	mov	r3, sp
10003e74:	4680      	mov	r8, r0
10003e76:	000f      	movs	r7, r1
10003e78:	0016      	movs	r6, r2
10003e7a:	2100      	movs	r1, #0
10003e7c:	2206      	movs	r2, #6
10003e7e:	1d98      	adds	r0, r3, #6
10003e80:	f7fe f9de 	bl	10002240 <__wrap_memset>
10003e84:	4643      	mov	r3, r8
10003e86:	ac01      	add	r4, sp, #4
10003e88:	7023      	strb	r3, [r4, #0]
10003e8a:	2307      	movs	r3, #7
10003e8c:	7063      	strb	r3, [r4, #1]
10003e8e:	4b0f      	ldr	r3, [pc, #60]	; (10003ecc <dcd_event_xfer_complete+0x64>)
10003e90:	7165      	strb	r5, [r4, #5]
10003e92:	681d      	ldr	r5, [r3, #0]
10003e94:	7127      	strb	r7, [r4, #4]
10003e96:	60a6      	str	r6, [r4, #8]
10003e98:	69ea      	ldr	r2, [r5, #28]
10003e9a:	f3ef 8310 	mrs	r3, PRIMASK
10003e9e:	b672      	cpsid	i
10003ea0:	6811      	ldr	r1, [r2, #0]
10003ea2:	2900      	cmp	r1, #0
10003ea4:	d0fc      	beq.n	10003ea0 <dcd_event_xfer_complete+0x38>
10003ea6:	f3bf 8f5f 	dmb	sy
10003eaa:	622b      	str	r3, [r5, #32]
10003eac:	0021      	movs	r1, r4
10003eae:	0028      	movs	r0, r5
10003eb0:	f000 fe48 	bl	10004b44 <tu_fifo_write>
10003eb4:	69ea      	ldr	r2, [r5, #28]
10003eb6:	6a2b      	ldr	r3, [r5, #32]
10003eb8:	f3bf 8f5f 	dmb	sy
10003ebc:	2100      	movs	r1, #0
10003ebe:	6011      	str	r1, [r2, #0]
10003ec0:	f383 8810 	msr	PRIMASK, r3
10003ec4:	b004      	add	sp, #16
10003ec6:	bc04      	pop	{r2}
10003ec8:	4690      	mov	r8, r2
10003eca:	bdf0      	pop	{r4, r5, r6, r7, pc}
10003ecc:	20000924 	.word	0x20000924

10003ed0 <usbd_open_edpt_pair>:
10003ed0:	b5f0      	push	{r4, r5, r6, r7, lr}
10003ed2:	4646      	mov	r6, r8
10003ed4:	46d6      	mov	lr, sl
10003ed6:	464f      	mov	r7, r9
10003ed8:	4680      	mov	r8, r0
10003eda:	b5c0      	push	{r6, r7, lr}
10003edc:	000c      	movs	r4, r1
10003ede:	0015      	movs	r5, r2
10003ee0:	001e      	movs	r6, r3
10003ee2:	2a00      	cmp	r2, #0
10003ee4:	d03e      	beq.n	10003f64 <usbd_open_edpt_pair+0x94>
10003ee6:	784b      	ldrb	r3, [r1, #1]
10003ee8:	2b05      	cmp	r3, #5
10003eea:	d108      	bne.n	10003efe <usbd_open_edpt_pair+0x2e>
10003eec:	78cb      	ldrb	r3, [r1, #3]
10003eee:	079b      	lsls	r3, r3, #30
10003ef0:	0f9b      	lsrs	r3, r3, #30
10003ef2:	42b3      	cmp	r3, r6
10003ef4:	d103      	bne.n	10003efe <usbd_open_edpt_pair+0x2e>
10003ef6:	2270      	movs	r2, #112	; 0x70
10003ef8:	788b      	ldrb	r3, [r1, #2]
10003efa:	421a      	tst	r2, r3
10003efc:	d005      	beq.n	10003f0a <usbd_open_edpt_pair+0x3a>
10003efe:	2000      	movs	r0, #0
10003f00:	bc1c      	pop	{r2, r3, r4}
10003f02:	4690      	mov	r8, r2
10003f04:	4699      	mov	r9, r3
10003f06:	46a2      	mov	sl, r4
10003f08:	bdf0      	pop	{r4, r5, r6, r7, pc}
10003f0a:	4b17      	ldr	r3, [pc, #92]	; (10003f68 <usbd_open_edpt_pair+0x98>)
10003f0c:	2700      	movs	r7, #0
10003f0e:	4699      	mov	r9, r3
10003f10:	2370      	movs	r3, #112	; 0x70
10003f12:	469a      	mov	sl, r3
10003f14:	464b      	mov	r3, r9
10003f16:	0020      	movs	r0, r4
10003f18:	7899      	ldrb	r1, [r3, #2]
10003f1a:	f000 fc91 	bl	10004840 <tu_edpt_validate>
10003f1e:	2800      	cmp	r0, #0
10003f20:	d0ed      	beq.n	10003efe <usbd_open_edpt_pair+0x2e>
10003f22:	0021      	movs	r1, r4
10003f24:	4640      	mov	r0, r8
10003f26:	f7fe feab 	bl	10002c80 <dcd_edpt_open>
10003f2a:	2800      	cmp	r0, #0
10003f2c:	d0e7      	beq.n	10003efe <usbd_open_edpt_pair+0x2e>
10003f2e:	78a3      	ldrb	r3, [r4, #2]
10003f30:	09da      	lsrs	r2, r3, #7
10003f32:	2a01      	cmp	r2, #1
10003f34:	d013      	beq.n	10003f5e <usbd_open_edpt_pair+0x8e>
10003f36:	9a08      	ldr	r2, [sp, #32]
10003f38:	7013      	strb	r3, [r2, #0]
10003f3a:	7823      	ldrb	r3, [r4, #0]
10003f3c:	3701      	adds	r7, #1
10003f3e:	18e4      	adds	r4, r4, r3
10003f40:	42af      	cmp	r7, r5
10003f42:	da0f      	bge.n	10003f64 <usbd_open_edpt_pair+0x94>
10003f44:	7863      	ldrb	r3, [r4, #1]
10003f46:	2b05      	cmp	r3, #5
10003f48:	d1d9      	bne.n	10003efe <usbd_open_edpt_pair+0x2e>
10003f4a:	78e3      	ldrb	r3, [r4, #3]
10003f4c:	079b      	lsls	r3, r3, #30
10003f4e:	0f9b      	lsrs	r3, r3, #30
10003f50:	42b3      	cmp	r3, r6
10003f52:	d1d4      	bne.n	10003efe <usbd_open_edpt_pair+0x2e>
10003f54:	4652      	mov	r2, sl
10003f56:	78a3      	ldrb	r3, [r4, #2]
10003f58:	421a      	tst	r2, r3
10003f5a:	d1d0      	bne.n	10003efe <usbd_open_edpt_pair+0x2e>
10003f5c:	e7da      	b.n	10003f14 <usbd_open_edpt_pair+0x44>
10003f5e:	9a09      	ldr	r2, [sp, #36]	; 0x24
10003f60:	7013      	strb	r3, [r2, #0]
10003f62:	e7ea      	b.n	10003f3a <usbd_open_edpt_pair+0x6a>
10003f64:	2001      	movs	r0, #1
10003f66:	e7cb      	b.n	10003f00 <usbd_open_edpt_pair+0x30>
10003f68:	200008cc 	.word	0x200008cc

10003f6c <usbd_edpt_open>:
10003f6c:	2270      	movs	r2, #112	; 0x70
10003f6e:	b570      	push	{r4, r5, r6, lr}
10003f70:	788b      	ldrb	r3, [r1, #2]
10003f72:	0005      	movs	r5, r0
10003f74:	000c      	movs	r4, r1
10003f76:	421a      	tst	r2, r3
10003f78:	d001      	beq.n	10003f7e <usbd_edpt_open+0x12>
10003f7a:	2000      	movs	r0, #0
10003f7c:	bd70      	pop	{r4, r5, r6, pc}
10003f7e:	4b06      	ldr	r3, [pc, #24]	; (10003f98 <usbd_edpt_open+0x2c>)
10003f80:	0020      	movs	r0, r4
10003f82:	7899      	ldrb	r1, [r3, #2]
10003f84:	f000 fc5c 	bl	10004840 <tu_edpt_validate>
10003f88:	2800      	cmp	r0, #0
10003f8a:	d0f6      	beq.n	10003f7a <usbd_edpt_open+0xe>
10003f8c:	0021      	movs	r1, r4
10003f8e:	0028      	movs	r0, r5
10003f90:	f7fe fe76 	bl	10002c80 <dcd_edpt_open>
10003f94:	e7f2      	b.n	10003f7c <usbd_edpt_open+0x10>
10003f96:	46c0      	nop			; (mov r8, r8)
10003f98:	200008cc 	.word	0x200008cc

10003f9c <usbd_edpt_claim>:
10003f9c:	237f      	movs	r3, #127	; 0x7f
10003f9e:	b570      	push	{r4, r5, r6, lr}
10003fa0:	400b      	ands	r3, r1
10003fa2:	4d14      	ldr	r5, [pc, #80]	; (10003ff4 <usbd_edpt_claim+0x58>)
10003fa4:	005b      	lsls	r3, r3, #1
10003fa6:	09c9      	lsrs	r1, r1, #7
10003fa8:	18ed      	adds	r5, r5, r3
10003faa:	186d      	adds	r5, r5, r1
10003fac:	3530      	adds	r5, #48	; 0x30
10003fae:	78ec      	ldrb	r4, [r5, #3]
10003fb0:	07e4      	lsls	r4, r4, #31
10003fb2:	0fe4      	lsrs	r4, r4, #31
10003fb4:	d117      	bne.n	10003fe6 <usbd_edpt_claim+0x4a>
10003fb6:	78eb      	ldrb	r3, [r5, #3]
10003fb8:	075b      	lsls	r3, r3, #29
10003fba:	d501      	bpl.n	10003fc0 <usbd_edpt_claim+0x24>
10003fbc:	0020      	movs	r0, r4
10003fbe:	bd70      	pop	{r4, r5, r6, pc}
10003fc0:	2101      	movs	r1, #1
10003fc2:	4e0d      	ldr	r6, [pc, #52]	; (10003ff8 <usbd_edpt_claim+0x5c>)
10003fc4:	4249      	negs	r1, r1
10003fc6:	6830      	ldr	r0, [r6, #0]
10003fc8:	f001 f822 	bl	10005010 <__mutex_enter_timeout_ms_veneer>
10003fcc:	78ec      	ldrb	r4, [r5, #3]
10003fce:	07e4      	lsls	r4, r4, #31
10003fd0:	0fe4      	lsrs	r4, r4, #31
10003fd2:	d10a      	bne.n	10003fea <usbd_edpt_claim+0x4e>
10003fd4:	78eb      	ldrb	r3, [r5, #3]
10003fd6:	075b      	lsls	r3, r3, #29
10003fd8:	d408      	bmi.n	10003fec <usbd_edpt_claim+0x50>
10003fda:	2204      	movs	r2, #4
10003fdc:	78eb      	ldrb	r3, [r5, #3]
10003fde:	2401      	movs	r4, #1
10003fe0:	4313      	orrs	r3, r2
10003fe2:	70eb      	strb	r3, [r5, #3]
10003fe4:	e002      	b.n	10003fec <usbd_edpt_claim+0x50>
10003fe6:	2400      	movs	r4, #0
10003fe8:	e7e8      	b.n	10003fbc <usbd_edpt_claim+0x20>
10003fea:	2400      	movs	r4, #0
10003fec:	6830      	ldr	r0, [r6, #0]
10003fee:	f000 fff7 	bl	10004fe0 <__mutex_exit_veneer>
10003ff2:	e7e3      	b.n	10003fbc <usbd_edpt_claim+0x20>
10003ff4:	200008cc 	.word	0x200008cc
10003ff8:	20000920 	.word	0x20000920

10003ffc <usbd_edpt_release>:
10003ffc:	b570      	push	{r4, r5, r6, lr}
10003ffe:	000d      	movs	r5, r1
10004000:	2101      	movs	r1, #1
10004002:	4c0f      	ldr	r4, [pc, #60]	; (10004040 <usbd_edpt_release+0x44>)
10004004:	4249      	negs	r1, r1
10004006:	6820      	ldr	r0, [r4, #0]
10004008:	f001 f802 	bl	10005010 <__mutex_enter_timeout_ms_veneer>
1000400c:	217f      	movs	r1, #127	; 0x7f
1000400e:	4029      	ands	r1, r5
10004010:	004b      	lsls	r3, r1, #1
10004012:	490c      	ldr	r1, [pc, #48]	; (10004044 <usbd_edpt_release+0x48>)
10004014:	09ed      	lsrs	r5, r5, #7
10004016:	18c9      	adds	r1, r1, r3
10004018:	1949      	adds	r1, r1, r5
1000401a:	3130      	adds	r1, #48	; 0x30
1000401c:	78cb      	ldrb	r3, [r1, #3]
1000401e:	2500      	movs	r5, #0
10004020:	07db      	lsls	r3, r3, #31
10004022:	d407      	bmi.n	10004034 <usbd_edpt_release+0x38>
10004024:	78cd      	ldrb	r5, [r1, #3]
10004026:	076d      	lsls	r5, r5, #29
10004028:	0fed      	lsrs	r5, r5, #31
1000402a:	d003      	beq.n	10004034 <usbd_edpt_release+0x38>
1000402c:	2204      	movs	r2, #4
1000402e:	78cb      	ldrb	r3, [r1, #3]
10004030:	4393      	bics	r3, r2
10004032:	70cb      	strb	r3, [r1, #3]
10004034:	6820      	ldr	r0, [r4, #0]
10004036:	f000 ffd3 	bl	10004fe0 <__mutex_exit_veneer>
1000403a:	0028      	movs	r0, r5
1000403c:	bd70      	pop	{r4, r5, r6, pc}
1000403e:	46c0      	nop			; (mov r8, r8)
10004040:	20000920 	.word	0x20000920
10004044:	200008cc 	.word	0x200008cc

10004048 <usbd_edpt_xfer>:
10004048:	b570      	push	{r4, r5, r6, lr}
1000404a:	247f      	movs	r4, #127	; 0x7f
1000404c:	400c      	ands	r4, r1
1000404e:	0065      	lsls	r5, r4, #1
10004050:	4c0e      	ldr	r4, [pc, #56]	; (1000408c <usbd_edpt_xfer+0x44>)
10004052:	0006      	movs	r6, r0
10004054:	1964      	adds	r4, r4, r5
10004056:	09c8      	lsrs	r0, r1, #7
10004058:	1824      	adds	r4, r4, r0
1000405a:	3430      	adds	r4, #48	; 0x30
1000405c:	78e5      	ldrb	r5, [r4, #3]
1000405e:	2000      	movs	r0, #0
10004060:	07ed      	lsls	r5, r5, #31
10004062:	d500      	bpl.n	10004066 <usbd_edpt_xfer+0x1e>
10004064:	bd70      	pop	{r4, r5, r6, pc}
10004066:	2501      	movs	r5, #1
10004068:	78e0      	ldrb	r0, [r4, #3]
1000406a:	4328      	orrs	r0, r5
1000406c:	70e0      	strb	r0, [r4, #3]
1000406e:	0030      	movs	r0, r6
10004070:	f7fe fed6 	bl	10002e20 <dcd_edpt_xfer>
10004074:	2800      	cmp	r0, #0
10004076:	d1f5      	bne.n	10004064 <usbd_edpt_xfer+0x1c>
10004078:	2201      	movs	r2, #1
1000407a:	78e3      	ldrb	r3, [r4, #3]
1000407c:	4393      	bics	r3, r2
1000407e:	70e3      	strb	r3, [r4, #3]
10004080:	78e3      	ldrb	r3, [r4, #3]
10004082:	3203      	adds	r2, #3
10004084:	4393      	bics	r3, r2
10004086:	70e3      	strb	r3, [r4, #3]
10004088:	e7ec      	b.n	10004064 <usbd_edpt_xfer+0x1c>
1000408a:	46c0      	nop			; (mov r8, r8)
1000408c:	200008cc 	.word	0x200008cc

10004090 <tud_control_status>:
10004090:	b570      	push	{r4, r5, r6, lr}
10004092:	4c0a      	ldr	r4, [pc, #40]	; (100040bc <tud_control_status+0x2c>)
10004094:	0006      	movs	r6, r0
10004096:	2208      	movs	r2, #8
10004098:	0020      	movs	r0, r4
1000409a:	000d      	movs	r5, r1
1000409c:	f7fe f8d6 	bl	1000224c <__wrap___aeabi_memcpy>
100040a0:	2100      	movs	r1, #0
100040a2:	5669      	ldrsb	r1, [r5, r1]
100040a4:	2300      	movs	r3, #0
100040a6:	43c9      	mvns	r1, r1
100040a8:	0fc9      	lsrs	r1, r1, #31
100040aa:	0030      	movs	r0, r6
100040ac:	60e3      	str	r3, [r4, #12]
100040ae:	01c9      	lsls	r1, r1, #7
100040b0:	2200      	movs	r2, #0
100040b2:	60a3      	str	r3, [r4, #8]
100040b4:	f7ff ffc8 	bl	10004048 <usbd_edpt_xfer>
100040b8:	bd70      	pop	{r4, r5, r6, pc}
100040ba:	46c0      	nop			; (mov r8, r8)
100040bc:	20000870 	.word	0x20000870

100040c0 <tud_control_xfer>:
100040c0:	b5f0      	push	{r4, r5, r6, r7, lr}
100040c2:	46c6      	mov	lr, r8
100040c4:	4690      	mov	r8, r2
100040c6:	4c29      	ldr	r4, [pc, #164]	; (1000416c <tud_control_xfer+0xac>)
100040c8:	2208      	movs	r2, #8
100040ca:	b500      	push	{lr}
100040cc:	0006      	movs	r6, r0
100040ce:	0020      	movs	r0, r4
100040d0:	000d      	movs	r5, r1
100040d2:	001f      	movs	r7, r3
100040d4:	f7fe f8ba 	bl	1000224c <__wrap___aeabi_memcpy>
100040d8:	4643      	mov	r3, r8
100040da:	60a3      	str	r3, [r4, #8]
100040dc:	2300      	movs	r3, #0
100040de:	81e3      	strh	r3, [r4, #14]
100040e0:	79eb      	ldrb	r3, [r5, #7]
100040e2:	79aa      	ldrb	r2, [r5, #6]
100040e4:	021b      	lsls	r3, r3, #8
100040e6:	4313      	orrs	r3, r2
100040e8:	1c1a      	adds	r2, r3, #0
100040ea:	42bb      	cmp	r3, r7
100040ec:	d900      	bls.n	100040f0 <tud_control_xfer+0x30>
100040ee:	1c3a      	adds	r2, r7, #0
100040f0:	b297      	uxth	r7, r2
100040f2:	81a2      	strh	r2, [r4, #12]
100040f4:	2b00      	cmp	r3, #0
100040f6:	d012      	beq.n	1000411e <tud_control_xfer+0x5e>
100040f8:	2f00      	cmp	r7, #0
100040fa:	d01d      	beq.n	10004138 <tud_control_xfer+0x78>
100040fc:	4643      	mov	r3, r8
100040fe:	2b00      	cmp	r3, #0
10004100:	d031      	beq.n	10004166 <tud_control_xfer+0xa6>
10004102:	1c3b      	adds	r3, r7, #0
10004104:	2f40      	cmp	r7, #64	; 0x40
10004106:	d81d      	bhi.n	10004144 <tud_control_xfer+0x84>
10004108:	b29f      	uxth	r7, r3
1000410a:	7823      	ldrb	r3, [r4, #0]
1000410c:	2b7f      	cmp	r3, #127	; 0x7f
1000410e:	d81e      	bhi.n	1000414e <tud_control_xfer+0x8e>
10004110:	2100      	movs	r1, #0
10004112:	4a17      	ldr	r2, [pc, #92]	; (10004170 <tud_control_xfer+0xb0>)
10004114:	003b      	movs	r3, r7
10004116:	0030      	movs	r0, r6
10004118:	f7ff ff96 	bl	10004048 <usbd_edpt_xfer>
1000411c:	e009      	b.n	10004132 <tud_control_xfer+0x72>
1000411e:	2100      	movs	r1, #0
10004120:	5669      	ldrsb	r1, [r5, r1]
10004122:	2300      	movs	r3, #0
10004124:	43c9      	mvns	r1, r1
10004126:	0fc9      	lsrs	r1, r1, #31
10004128:	01c9      	lsls	r1, r1, #7
1000412a:	2200      	movs	r2, #0
1000412c:	0030      	movs	r0, r6
1000412e:	f7ff ff8b 	bl	10004048 <usbd_edpt_xfer>
10004132:	bc04      	pop	{r2}
10004134:	4690      	mov	r8, r2
10004136:	bdf0      	pop	{r4, r5, r6, r7, pc}
10004138:	7823      	ldrb	r3, [r4, #0]
1000413a:	2b7f      	cmp	r3, #127	; 0x7f
1000413c:	d910      	bls.n	10004160 <tud_control_xfer+0xa0>
1000413e:	2180      	movs	r1, #128	; 0x80
10004140:	2200      	movs	r2, #0
10004142:	e7e7      	b.n	10004114 <tud_control_xfer+0x54>
10004144:	2340      	movs	r3, #64	; 0x40
10004146:	b29f      	uxth	r7, r3
10004148:	7823      	ldrb	r3, [r4, #0]
1000414a:	2b7f      	cmp	r3, #127	; 0x7f
1000414c:	d9e0      	bls.n	10004110 <tud_control_xfer+0x50>
1000414e:	4c08      	ldr	r4, [pc, #32]	; (10004170 <tud_control_xfer+0xb0>)
10004150:	003a      	movs	r2, r7
10004152:	4641      	mov	r1, r8
10004154:	0020      	movs	r0, r4
10004156:	f7fe f879 	bl	1000224c <__wrap___aeabi_memcpy>
1000415a:	2180      	movs	r1, #128	; 0x80
1000415c:	0022      	movs	r2, r4
1000415e:	e7d9      	b.n	10004114 <tud_control_xfer+0x54>
10004160:	2100      	movs	r1, #0
10004162:	2200      	movs	r2, #0
10004164:	e7d6      	b.n	10004114 <tud_control_xfer+0x54>
10004166:	2000      	movs	r0, #0
10004168:	e7e3      	b.n	10004132 <tud_control_xfer+0x72>
1000416a:	46c0      	nop			; (mov r8, r8)
1000416c:	20000870 	.word	0x20000870
10004170:	2000088c 	.word	0x2000088c

10004174 <usbd_control_reset>:
10004174:	b510      	push	{r4, lr}
10004176:	2214      	movs	r2, #20
10004178:	2100      	movs	r1, #0
1000417a:	4802      	ldr	r0, [pc, #8]	; (10004184 <usbd_control_reset+0x10>)
1000417c:	f7fe f860 	bl	10002240 <__wrap_memset>
10004180:	bd10      	pop	{r4, pc}
10004182:	46c0      	nop			; (mov r8, r8)
10004184:	20000870 	.word	0x20000870

10004188 <usbd_control_set_complete_callback>:
10004188:	4b01      	ldr	r3, [pc, #4]	; (10004190 <usbd_control_set_complete_callback+0x8>)
1000418a:	6118      	str	r0, [r3, #16]
1000418c:	4770      	bx	lr
1000418e:	46c0      	nop			; (mov r8, r8)
10004190:	20000870 	.word	0x20000870

10004194 <usbd_control_set_request>:
10004194:	b510      	push	{r4, lr}
10004196:	4c05      	ldr	r4, [pc, #20]	; (100041ac <usbd_control_set_request+0x18>)
10004198:	0001      	movs	r1, r0
1000419a:	2208      	movs	r2, #8
1000419c:	0020      	movs	r0, r4
1000419e:	f7fe f855 	bl	1000224c <__wrap___aeabi_memcpy>
100041a2:	2300      	movs	r3, #0
100041a4:	60a3      	str	r3, [r4, #8]
100041a6:	60e3      	str	r3, [r4, #12]
100041a8:	bd10      	pop	{r4, pc}
100041aa:	46c0      	nop			; (mov r8, r8)
100041ac:	20000870 	.word	0x20000870

100041b0 <usbd_control_xfer_cb>:
100041b0:	b5f8      	push	{r3, r4, r5, r6, r7, lr}
100041b2:	4c3b      	ldr	r4, [pc, #236]	; (100042a0 <usbd_control_xfer_cb+0xf0>)
100041b4:	001d      	movs	r5, r3
100041b6:	7823      	ldrb	r3, [r4, #0]
100041b8:	0006      	movs	r6, r0
100041ba:	09da      	lsrs	r2, r3, #7
100041bc:	09c9      	lsrs	r1, r1, #7
100041be:	428a      	cmp	r2, r1
100041c0:	d013      	beq.n	100041ea <usbd_control_xfer_cb+0x3a>
100041c2:	2000      	movs	r0, #0
100041c4:	2d00      	cmp	r5, #0
100041c6:	d000      	beq.n	100041ca <usbd_control_xfer_cb+0x1a>
100041c8:	bdf8      	pop	{r3, r4, r5, r6, r7, pc}
100041ca:	4b36      	ldr	r3, [pc, #216]	; (100042a4 <usbd_control_xfer_cb+0xf4>)
100041cc:	2b00      	cmp	r3, #0
100041ce:	d003      	beq.n	100041d8 <usbd_control_xfer_cb+0x28>
100041d0:	0021      	movs	r1, r4
100041d2:	0030      	movs	r0, r6
100041d4:	f7fe fd46 	bl	10002c64 <dcd_edpt0_status_complete>
100041d8:	6923      	ldr	r3, [r4, #16]
100041da:	2b00      	cmp	r3, #0
100041dc:	d043      	beq.n	10004266 <usbd_control_xfer_cb+0xb6>
100041de:	0022      	movs	r2, r4
100041e0:	2102      	movs	r1, #2
100041e2:	0030      	movs	r0, r6
100041e4:	4798      	blx	r3
100041e6:	2001      	movs	r0, #1
100041e8:	e7ee      	b.n	100041c8 <usbd_control_xfer_cb+0x18>
100041ea:	68a0      	ldr	r0, [r4, #8]
100041ec:	2b7f      	cmp	r3, #127	; 0x7f
100041ee:	d806      	bhi.n	100041fe <usbd_control_xfer_cb+0x4e>
100041f0:	2800      	cmp	r0, #0
100041f2:	d036      	beq.n	10004262 <usbd_control_xfer_cb+0xb2>
100041f4:	002a      	movs	r2, r5
100041f6:	492c      	ldr	r1, [pc, #176]	; (100042a8 <usbd_control_xfer_cb+0xf8>)
100041f8:	f7fe f828 	bl	1000224c <__wrap___aeabi_memcpy>
100041fc:	68a0      	ldr	r0, [r4, #8]
100041fe:	89e2      	ldrh	r2, [r4, #14]
10004200:	88e3      	ldrh	r3, [r4, #6]
10004202:	1952      	adds	r2, r2, r5
10004204:	b292      	uxth	r2, r2
10004206:	1940      	adds	r0, r0, r5
10004208:	81e2      	strh	r2, [r4, #14]
1000420a:	60a0      	str	r0, [r4, #8]
1000420c:	4293      	cmp	r3, r2
1000420e:	d014      	beq.n	1000423a <usbd_control_xfer_cb+0x8a>
10004210:	2d3f      	cmp	r5, #63	; 0x3f
10004212:	d912      	bls.n	1000423a <usbd_control_xfer_cb+0x8a>
10004214:	89a5      	ldrh	r5, [r4, #12]
10004216:	1aa9      	subs	r1, r5, r2
10004218:	1c0f      	adds	r7, r1, #0
1000421a:	b289      	uxth	r1, r1
1000421c:	2940      	cmp	r1, #64	; 0x40
1000421e:	d82e      	bhi.n	1000427e <usbd_control_xfer_cb+0xce>
10004220:	7823      	ldrb	r3, [r4, #0]
10004222:	b2bf      	uxth	r7, r7
10004224:	2b7f      	cmp	r3, #127	; 0x7f
10004226:	d82c      	bhi.n	10004282 <usbd_control_xfer_cb+0xd2>
10004228:	2100      	movs	r1, #0
1000422a:	42aa      	cmp	r2, r5
1000422c:	d035      	beq.n	1000429a <usbd_control_xfer_cb+0xea>
1000422e:	4a1e      	ldr	r2, [pc, #120]	; (100042a8 <usbd_control_xfer_cb+0xf8>)
10004230:	003b      	movs	r3, r7
10004232:	0030      	movs	r0, r6
10004234:	f7ff ff08 	bl	10004048 <usbd_edpt_xfer>
10004238:	e7c6      	b.n	100041c8 <usbd_control_xfer_cb+0x18>
1000423a:	6923      	ldr	r3, [r4, #16]
1000423c:	2b00      	cmp	r3, #0
1000423e:	d005      	beq.n	1000424c <usbd_control_xfer_cb+0x9c>
10004240:	0022      	movs	r2, r4
10004242:	2101      	movs	r1, #1
10004244:	0030      	movs	r0, r6
10004246:	4798      	blx	r3
10004248:	2800      	cmp	r0, #0
1000424a:	d00e      	beq.n	1000426a <usbd_control_xfer_cb+0xba>
1000424c:	2100      	movs	r1, #0
1000424e:	5661      	ldrsb	r1, [r4, r1]
10004250:	2300      	movs	r3, #0
10004252:	43c9      	mvns	r1, r1
10004254:	0fc9      	lsrs	r1, r1, #31
10004256:	01c9      	lsls	r1, r1, #7
10004258:	2200      	movs	r2, #0
1000425a:	0030      	movs	r0, r6
1000425c:	f7ff fef4 	bl	10004048 <usbd_edpt_xfer>
10004260:	e7b2      	b.n	100041c8 <usbd_control_xfer_cb+0x18>
10004262:	2000      	movs	r0, #0
10004264:	e7b0      	b.n	100041c8 <usbd_control_xfer_cb+0x18>
10004266:	2001      	movs	r0, #1
10004268:	e7ae      	b.n	100041c8 <usbd_control_xfer_cb+0x18>
1000426a:	2100      	movs	r1, #0
1000426c:	0030      	movs	r0, r6
1000426e:	f7fe fde9 	bl	10002e44 <dcd_edpt_stall>
10004272:	0030      	movs	r0, r6
10004274:	2180      	movs	r1, #128	; 0x80
10004276:	f7fe fde5 	bl	10002e44 <dcd_edpt_stall>
1000427a:	2001      	movs	r0, #1
1000427c:	e7a4      	b.n	100041c8 <usbd_control_xfer_cb+0x18>
1000427e:	2740      	movs	r7, #64	; 0x40
10004280:	e7ce      	b.n	10004220 <usbd_control_xfer_cb+0x70>
10004282:	2180      	movs	r1, #128	; 0x80
10004284:	42aa      	cmp	r2, r5
10004286:	d008      	beq.n	1000429a <usbd_control_xfer_cb+0xea>
10004288:	4c07      	ldr	r4, [pc, #28]	; (100042a8 <usbd_control_xfer_cb+0xf8>)
1000428a:	0001      	movs	r1, r0
1000428c:	003a      	movs	r2, r7
1000428e:	0020      	movs	r0, r4
10004290:	f7fd ffdc 	bl	1000224c <__wrap___aeabi_memcpy>
10004294:	2180      	movs	r1, #128	; 0x80
10004296:	0022      	movs	r2, r4
10004298:	e7ca      	b.n	10004230 <usbd_control_xfer_cb+0x80>
1000429a:	2200      	movs	r2, #0
1000429c:	e7c8      	b.n	10004230 <usbd_control_xfer_cb+0x80>
1000429e:	46c0      	nop			; (mov r8, r8)
100042a0:	20000870 	.word	0x20000870
100042a4:	10002c65 	.word	0x10002c65
100042a8:	2000088c 	.word	0x2000088c

100042ac <tud_cdc_n_connected>:
100042ac:	b510      	push	{r4, lr}
100042ae:	0004      	movs	r4, r0
100042b0:	f7fe ffe0 	bl	10003274 <tud_mounted>
100042b4:	2800      	cmp	r0, #0
100042b6:	d101      	bne.n	100042bc <tud_cdc_n_connected+0x10>
100042b8:	2000      	movs	r0, #0
100042ba:	bd10      	pop	{r4, pc}
100042bc:	f7fe ffe2 	bl	10003284 <tud_suspended>
100042c0:	2800      	cmp	r0, #0
100042c2:	d1f9      	bne.n	100042b8 <tud_cdc_n_connected+0xc>
100042c4:	20b6      	movs	r0, #182	; 0xb6
100042c6:	0080      	lsls	r0, r0, #2
100042c8:	4344      	muls	r4, r0
100042ca:	4803      	ldr	r0, [pc, #12]	; (100042d8 <tud_cdc_n_connected+0x2c>)
100042cc:	1900      	adds	r0, r0, r4
100042ce:	7903      	ldrb	r3, [r0, #4]
100042d0:	2001      	movs	r0, #1
100042d2:	4018      	ands	r0, r3
100042d4:	e7f1      	b.n	100042ba <tud_cdc_n_connected+0xe>
100042d6:	46c0      	nop			; (mov r8, r8)
100042d8:	20000598 	.word	0x20000598

100042dc <tud_cdc_n_available>:
100042dc:	23b6      	movs	r3, #182	; 0xb6
100042de:	009b      	lsls	r3, r3, #2
100042e0:	4358      	muls	r0, r3
100042e2:	b510      	push	{r4, lr}
100042e4:	4b02      	ldr	r3, [pc, #8]	; (100042f0 <tud_cdc_n_available+0x14>)
100042e6:	3010      	adds	r0, #16
100042e8:	18c0      	adds	r0, r0, r3
100042ea:	f000 fb35 	bl	10004958 <tu_fifo_count>
100042ee:	bd10      	pop	{r4, pc}
100042f0:	20000598 	.word	0x20000598

100042f4 <tud_cdc_n_read>:
100042f4:	b5f0      	push	{r4, r5, r6, r7, lr}
100042f6:	25b6      	movs	r5, #182	; 0xb6
100042f8:	00ad      	lsls	r5, r5, #2
100042fa:	4345      	muls	r5, r0
100042fc:	002c      	movs	r4, r5
100042fe:	46c6      	mov	lr, r8
10004300:	4e17      	ldr	r6, [pc, #92]	; (10004360 <tud_cdc_n_read+0x6c>)
10004302:	3410      	adds	r4, #16
10004304:	19a4      	adds	r4, r4, r6
10004306:	b500      	push	{lr}
10004308:	b292      	uxth	r2, r2
1000430a:	0020      	movs	r0, r4
1000430c:	f000 fb9e 	bl	10004a4c <tu_fifo_read_n>
10004310:	0007      	movs	r7, r0
10004312:	0020      	movs	r0, r4
10004314:	f000 fb3a 	bl	1000498c <tu_fifo_remaining>
10004318:	283f      	cmp	r0, #63	; 0x3f
1000431a:	d803      	bhi.n	10004324 <tud_cdc_n_read+0x30>
1000431c:	0038      	movs	r0, r7
1000431e:	bc04      	pop	{r2}
10004320:	4690      	mov	r8, r2
10004322:	bdf0      	pop	{r4, r5, r6, r7, pc}
10004324:	1973      	adds	r3, r6, r5
10004326:	78d9      	ldrb	r1, [r3, #3]
10004328:	2000      	movs	r0, #0
1000432a:	4698      	mov	r8, r3
1000432c:	f7ff fe36 	bl	10003f9c <usbd_edpt_claim>
10004330:	2800      	cmp	r0, #0
10004332:	d0f3      	beq.n	1000431c <tud_cdc_n_read+0x28>
10004334:	0020      	movs	r0, r4
10004336:	f000 fb29 	bl	1000498c <tu_fifo_remaining>
1000433a:	283f      	cmp	r0, #63	; 0x3f
1000433c:	d90a      	bls.n	10004354 <tud_cdc_n_read+0x60>
1000433e:	2396      	movs	r3, #150	; 0x96
10004340:	009b      	lsls	r3, r3, #2
10004342:	18ea      	adds	r2, r5, r3
10004344:	4643      	mov	r3, r8
10004346:	1992      	adds	r2, r2, r6
10004348:	78d9      	ldrb	r1, [r3, #3]
1000434a:	2000      	movs	r0, #0
1000434c:	2340      	movs	r3, #64	; 0x40
1000434e:	f7ff fe7b 	bl	10004048 <usbd_edpt_xfer>
10004352:	e7e3      	b.n	1000431c <tud_cdc_n_read+0x28>
10004354:	4643      	mov	r3, r8
10004356:	2000      	movs	r0, #0
10004358:	78d9      	ldrb	r1, [r3, #3]
1000435a:	f7ff fe4f 	bl	10003ffc <usbd_edpt_release>
1000435e:	e7dd      	b.n	1000431c <tud_cdc_n_read+0x28>
10004360:	20000598 	.word	0x20000598

10004364 <tud_cdc_n_write_flush>:
10004364:	b5f8      	push	{r3, r4, r5, r6, r7, lr}
10004366:	0005      	movs	r5, r0
10004368:	f7fe ff84 	bl	10003274 <tud_mounted>
1000436c:	2800      	cmp	r0, #0
1000436e:	d101      	bne.n	10004374 <tud_cdc_n_write_flush+0x10>
10004370:	2000      	movs	r0, #0
10004372:	bdf8      	pop	{r3, r4, r5, r6, r7, pc}
10004374:	f7fe ff86 	bl	10003284 <tud_suspended>
10004378:	2800      	cmp	r0, #0
1000437a:	d1f9      	bne.n	10004370 <tud_cdc_n_write_flush+0xc>
1000437c:	24b6      	movs	r4, #182	; 0xb6
1000437e:	00a4      	lsls	r4, r4, #2
10004380:	436c      	muls	r4, r5
10004382:	0025      	movs	r5, r4
10004384:	4e14      	ldr	r6, [pc, #80]	; (100043d8 <tud_cdc_n_write_flush+0x74>)
10004386:	352c      	adds	r5, #44	; 0x2c
10004388:	19ad      	adds	r5, r5, r6
1000438a:	0028      	movs	r0, r5
1000438c:	f000 fae4 	bl	10004958 <tu_fifo_count>
10004390:	2800      	cmp	r0, #0
10004392:	d0ed      	beq.n	10004370 <tud_cdc_n_write_flush+0xc>
10004394:	1937      	adds	r7, r6, r4
10004396:	78b9      	ldrb	r1, [r7, #2]
10004398:	2000      	movs	r0, #0
1000439a:	f7ff fdff 	bl	10003f9c <usbd_edpt_claim>
1000439e:	2800      	cmp	r0, #0
100043a0:	d0e6      	beq.n	10004370 <tud_cdc_n_write_flush+0xc>
100043a2:	23a6      	movs	r3, #166	; 0xa6
100043a4:	009b      	lsls	r3, r3, #2
100043a6:	469c      	mov	ip, r3
100043a8:	4464      	add	r4, ip
100043aa:	19a4      	adds	r4, r4, r6
100043ac:	0021      	movs	r1, r4
100043ae:	0028      	movs	r0, r5
100043b0:	2240      	movs	r2, #64	; 0x40
100043b2:	f000 fb4b 	bl	10004a4c <tu_fifo_read_n>
100043b6:	78b9      	ldrb	r1, [r7, #2]
100043b8:	1e05      	subs	r5, r0, #0
100043ba:	d008      	beq.n	100043ce <tud_cdc_n_write_flush+0x6a>
100043bc:	0003      	movs	r3, r0
100043be:	0022      	movs	r2, r4
100043c0:	2000      	movs	r0, #0
100043c2:	f7ff fe41 	bl	10004048 <usbd_edpt_xfer>
100043c6:	2800      	cmp	r0, #0
100043c8:	d0d2      	beq.n	10004370 <tud_cdc_n_write_flush+0xc>
100043ca:	0028      	movs	r0, r5
100043cc:	e7d1      	b.n	10004372 <tud_cdc_n_write_flush+0xe>
100043ce:	2000      	movs	r0, #0
100043d0:	f7ff fe14 	bl	10003ffc <usbd_edpt_release>
100043d4:	e7cc      	b.n	10004370 <tud_cdc_n_write_flush+0xc>
100043d6:	46c0      	nop			; (mov r8, r8)
100043d8:	20000598 	.word	0x20000598

100043dc <tud_cdc_n_write>:
100043dc:	b570      	push	{r4, r5, r6, lr}
100043de:	24b6      	movs	r4, #182	; 0xb6
100043e0:	00a4      	lsls	r4, r4, #2
100043e2:	4344      	muls	r4, r0
100043e4:	4b09      	ldr	r3, [pc, #36]	; (1000440c <tud_cdc_n_write+0x30>)
100043e6:	342c      	adds	r4, #44	; 0x2c
100043e8:	18e4      	adds	r4, r4, r3
100043ea:	0005      	movs	r5, r0
100043ec:	b292      	uxth	r2, r2
100043ee:	0020      	movs	r0, r4
100043f0:	f000 fbe8 	bl	10004bc4 <tu_fifo_write_n>
100043f4:	0006      	movs	r6, r0
100043f6:	0020      	movs	r0, r4
100043f8:	f000 faae 	bl	10004958 <tu_fifo_count>
100043fc:	283f      	cmp	r0, #63	; 0x3f
100043fe:	d801      	bhi.n	10004404 <tud_cdc_n_write+0x28>
10004400:	0030      	movs	r0, r6
10004402:	bd70      	pop	{r4, r5, r6, pc}
10004404:	0028      	movs	r0, r5
10004406:	f7ff ffad 	bl	10004364 <tud_cdc_n_write_flush>
1000440a:	e7f9      	b.n	10004400 <tud_cdc_n_write+0x24>
1000440c:	20000598 	.word	0x20000598

10004410 <tud_cdc_n_write_available>:
10004410:	23b6      	movs	r3, #182	; 0xb6
10004412:	009b      	lsls	r3, r3, #2
10004414:	4358      	muls	r0, r3
10004416:	b510      	push	{r4, lr}
10004418:	4b02      	ldr	r3, [pc, #8]	; (10004424 <tud_cdc_n_write_available+0x14>)
1000441a:	302c      	adds	r0, #44	; 0x2c
1000441c:	18c0      	adds	r0, r0, r3
1000441e:	f000 fab5 	bl	1000498c <tu_fifo_remaining>
10004422:	bd10      	pop	{r4, pc}
10004424:	20000598 	.word	0x20000598

10004428 <cdcd_init>:
10004428:	22b6      	movs	r2, #182	; 0xb6
1000442a:	b5f0      	push	{r4, r5, r6, r7, lr}
1000442c:	4c1b      	ldr	r4, [pc, #108]	; (1000449c <cdcd_init+0x74>)
1000442e:	b083      	sub	sp, #12
10004430:	0092      	lsls	r2, r2, #2
10004432:	2100      	movs	r1, #0
10004434:	0020      	movs	r0, r4
10004436:	f7fd ff03 	bl	10002240 <__wrap_memset>
1000443a:	23ff      	movs	r3, #255	; 0xff
1000443c:	7163      	strb	r3, [r4, #5]
1000443e:	4b18      	ldr	r3, [pc, #96]	; (100044a0 <cdcd_init+0x78>)
10004440:	2680      	movs	r6, #128	; 0x80
10004442:	2500      	movs	r5, #0
10004444:	80e3      	strh	r3, [r4, #6]
10004446:	2701      	movs	r7, #1
10004448:	2308      	movs	r3, #8
1000444a:	0021      	movs	r1, r4
1000444c:	0020      	movs	r0, r4
1000444e:	0076      	lsls	r6, r6, #1
10004450:	7323      	strb	r3, [r4, #12]
10004452:	8127      	strh	r7, [r4, #8]
10004454:	0032      	movs	r2, r6
10004456:	3148      	adds	r1, #72	; 0x48
10004458:	9500      	str	r5, [sp, #0]
1000445a:	3b07      	subs	r3, #7
1000445c:	3010      	adds	r0, #16
1000445e:	f000 fa3f 	bl	100048e0 <tu_fifo_config>
10004462:	0021      	movs	r1, r4
10004464:	0020      	movs	r0, r4
10004466:	3149      	adds	r1, #73	; 0x49
10004468:	0032      	movs	r2, r6
1000446a:	31ff      	adds	r1, #255	; 0xff
1000446c:	9700      	str	r7, [sp, #0]
1000446e:	2301      	movs	r3, #1
10004470:	302c      	adds	r0, #44	; 0x2c
10004472:	f000 fa35 	bl	100048e0 <tu_fifo_config>
10004476:	2392      	movs	r3, #146	; 0x92
10004478:	009b      	lsls	r3, r3, #2
1000447a:	18e6      	adds	r6, r4, r3
1000447c:	0030      	movs	r0, r6
1000447e:	f7fd faa1 	bl	100019c4 <mutex_init>
10004482:	2394      	movs	r3, #148	; 0x94
10004484:	009b      	lsls	r3, r3, #2
10004486:	62a6      	str	r6, [r4, #40]	; 0x28
10004488:	18e6      	adds	r6, r4, r3
1000448a:	6265      	str	r5, [r4, #36]	; 0x24
1000448c:	0030      	movs	r0, r6
1000448e:	f7fd fa99 	bl	100019c4 <mutex_init>
10004492:	6426      	str	r6, [r4, #64]	; 0x40
10004494:	6465      	str	r5, [r4, #68]	; 0x44
10004496:	b003      	add	sp, #12
10004498:	bdf0      	pop	{r4, r5, r6, r7, pc}
1000449a:	46c0      	nop			; (mov r8, r8)
1000449c:	20000598 	.word	0x20000598
100044a0:	ffffc200 	.word	0xffffc200

100044a4 <cdcd_reset>:
100044a4:	b510      	push	{r4, lr}
100044a6:	4c09      	ldr	r4, [pc, #36]	; (100044cc <cdcd_reset+0x28>)
100044a8:	2205      	movs	r2, #5
100044aa:	2100      	movs	r1, #0
100044ac:	0020      	movs	r0, r4
100044ae:	f7fd fec7 	bl	10002240 <__wrap_memset>
100044b2:	0020      	movs	r0, r4
100044b4:	342c      	adds	r4, #44	; 0x2c
100044b6:	3010      	adds	r0, #16
100044b8:	f000 fc02 	bl	10004cc0 <tu_fifo_clear>
100044bc:	0020      	movs	r0, r4
100044be:	f000 fbff 	bl	10004cc0 <tu_fifo_clear>
100044c2:	2101      	movs	r1, #1
100044c4:	0020      	movs	r0, r4
100044c6:	f000 fc21 	bl	10004d0c <tu_fifo_set_overwritable>
100044ca:	bd10      	pop	{r4, pc}
100044cc:	20000598 	.word	0x20000598

100044d0 <cdcd_open>:
100044d0:	b5f0      	push	{r4, r5, r6, r7, lr}
100044d2:	794b      	ldrb	r3, [r1, #5]
100044d4:	b083      	sub	sp, #12
100044d6:	0006      	movs	r6, r0
100044d8:	2b02      	cmp	r3, #2
100044da:	d102      	bne.n	100044e2 <cdcd_open+0x12>
100044dc:	798b      	ldrb	r3, [r1, #6]
100044de:	2b02      	cmp	r3, #2
100044e0:	d003      	beq.n	100044ea <cdcd_open+0x1a>
100044e2:	2400      	movs	r4, #0
100044e4:	0020      	movs	r0, r4
100044e6:	b003      	add	sp, #12
100044e8:	bdf0      	pop	{r4, r5, r6, r7, pc}
100044ea:	4f2f      	ldr	r7, [pc, #188]	; (100045a8 <cdcd_open+0xd8>)
100044ec:	78bb      	ldrb	r3, [r7, #2]
100044ee:	2b00      	cmp	r3, #0
100044f0:	d1f7      	bne.n	100044e2 <cdcd_open+0x12>
100044f2:	788b      	ldrb	r3, [r1, #2]
100044f4:	2409      	movs	r4, #9
100044f6:	703b      	strb	r3, [r7, #0]
100044f8:	780d      	ldrb	r5, [r1, #0]
100044fa:	194d      	adds	r5, r1, r5
100044fc:	786b      	ldrb	r3, [r5, #1]
100044fe:	2b24      	cmp	r3, #36	; 0x24
10004500:	d10b      	bne.n	1000451a <cdcd_open+0x4a>
10004502:	2a08      	cmp	r2, #8
10004504:	d802      	bhi.n	1000450c <cdcd_open+0x3c>
10004506:	e00f      	b.n	10004528 <cdcd_open+0x58>
10004508:	42a2      	cmp	r2, r4
1000450a:	d30d      	bcc.n	10004528 <cdcd_open+0x58>
1000450c:	782b      	ldrb	r3, [r5, #0]
1000450e:	18ed      	adds	r5, r5, r3
10004510:	18e4      	adds	r4, r4, r3
10004512:	786b      	ldrb	r3, [r5, #1]
10004514:	b2a4      	uxth	r4, r4
10004516:	2b24      	cmp	r3, #36	; 0x24
10004518:	d0f6      	beq.n	10004508 <cdcd_open+0x38>
1000451a:	2b05      	cmp	r3, #5
1000451c:	d020      	beq.n	10004560 <cdcd_open+0x90>
1000451e:	2b04      	cmp	r3, #4
10004520:	d102      	bne.n	10004528 <cdcd_open+0x58>
10004522:	796b      	ldrb	r3, [r5, #5]
10004524:	2b0a      	cmp	r3, #10
10004526:	d02e      	beq.n	10004586 <cdcd_open+0xb6>
10004528:	4d20      	ldr	r5, [pc, #128]	; (100045ac <cdcd_open+0xdc>)
1000452a:	0028      	movs	r0, r5
1000452c:	f000 fa2e 	bl	1000498c <tu_fifo_remaining>
10004530:	283f      	cmp	r0, #63	; 0x3f
10004532:	d9d7      	bls.n	100044e4 <cdcd_open+0x14>
10004534:	002e      	movs	r6, r5
10004536:	3e10      	subs	r6, #16
10004538:	78f1      	ldrb	r1, [r6, #3]
1000453a:	2000      	movs	r0, #0
1000453c:	f7ff fd2e 	bl	10003f9c <usbd_edpt_claim>
10004540:	2800      	cmp	r0, #0
10004542:	d0cf      	beq.n	100044e4 <cdcd_open+0x14>
10004544:	0028      	movs	r0, r5
10004546:	f000 fa21 	bl	1000498c <tu_fifo_remaining>
1000454a:	283f      	cmp	r0, #63	; 0x3f
1000454c:	d916      	bls.n	1000457c <cdcd_open+0xac>
1000454e:	2392      	movs	r3, #146	; 0x92
10004550:	009b      	lsls	r3, r3, #2
10004552:	18ea      	adds	r2, r5, r3
10004554:	78f1      	ldrb	r1, [r6, #3]
10004556:	2340      	movs	r3, #64	; 0x40
10004558:	2000      	movs	r0, #0
1000455a:	f7ff fd75 	bl	10004048 <usbd_edpt_xfer>
1000455e:	e7c1      	b.n	100044e4 <cdcd_open+0x14>
10004560:	0029      	movs	r1, r5
10004562:	0030      	movs	r0, r6
10004564:	f7ff fd02 	bl	10003f6c <usbd_edpt_open>
10004568:	2800      	cmp	r0, #0
1000456a:	d0ba      	beq.n	100044e2 <cdcd_open+0x12>
1000456c:	78ab      	ldrb	r3, [r5, #2]
1000456e:	707b      	strb	r3, [r7, #1]
10004570:	782b      	ldrb	r3, [r5, #0]
10004572:	18e4      	adds	r4, r4, r3
10004574:	18ed      	adds	r5, r5, r3
10004576:	b2a4      	uxth	r4, r4
10004578:	786b      	ldrb	r3, [r5, #1]
1000457a:	e7d0      	b.n	1000451e <cdcd_open+0x4e>
1000457c:	78f1      	ldrb	r1, [r6, #3]
1000457e:	2000      	movs	r0, #0
10004580:	f7ff fd3c 	bl	10003ffc <usbd_edpt_release>
10004584:	e7ae      	b.n	100044e4 <cdcd_open+0x14>
10004586:	4b0a      	ldr	r3, [pc, #40]	; (100045b0 <cdcd_open+0xe0>)
10004588:	782f      	ldrb	r7, [r5, #0]
1000458a:	9301      	str	r3, [sp, #4]
1000458c:	3301      	adds	r3, #1
1000458e:	9300      	str	r3, [sp, #0]
10004590:	19e9      	adds	r1, r5, r7
10004592:	2302      	movs	r3, #2
10004594:	2202      	movs	r2, #2
10004596:	0030      	movs	r0, r6
10004598:	f7ff fc9a 	bl	10003ed0 <usbd_open_edpt_pair>
1000459c:	2800      	cmp	r0, #0
1000459e:	d0a0      	beq.n	100044e2 <cdcd_open+0x12>
100045a0:	340e      	adds	r4, #14
100045a2:	19e4      	adds	r4, r4, r7
100045a4:	b2a4      	uxth	r4, r4
100045a6:	e7bf      	b.n	10004528 <cdcd_open+0x58>
100045a8:	20000598 	.word	0x20000598
100045ac:	200005a8 	.word	0x200005a8
100045b0:	2000059a 	.word	0x2000059a

100045b4 <cdcd_control_xfer_cb>:
100045b4:	b5f8      	push	{r3, r4, r5, r6, r7, lr}
100045b6:	2360      	movs	r3, #96	; 0x60
100045b8:	0014      	movs	r4, r2
100045ba:	7812      	ldrb	r2, [r2, #0]
100045bc:	4013      	ands	r3, r2
100045be:	2200      	movs	r2, #0
100045c0:	2b20      	cmp	r3, #32
100045c2:	d114      	bne.n	100045ee <cdcd_control_xfer_cb+0x3a>
100045c4:	4d2d      	ldr	r5, [pc, #180]	; (1000467c <cdcd_control_xfer_cb+0xc8>)
100045c6:	7963      	ldrb	r3, [r4, #5]
100045c8:	7927      	ldrb	r7, [r4, #4]
100045ca:	782e      	ldrb	r6, [r5, #0]
100045cc:	021b      	lsls	r3, r3, #8
100045ce:	433b      	orrs	r3, r7
100045d0:	429e      	cmp	r6, r3
100045d2:	d10c      	bne.n	100045ee <cdcd_control_xfer_cb+0x3a>
100045d4:	7863      	ldrb	r3, [r4, #1]
100045d6:	2b21      	cmp	r3, #33	; 0x21
100045d8:	d036      	beq.n	10004648 <cdcd_control_xfer_cb+0x94>
100045da:	d90a      	bls.n	100045f2 <cdcd_control_xfer_cb+0x3e>
100045dc:	2b22      	cmp	r3, #34	; 0x22
100045de:	d017      	beq.n	10004610 <cdcd_control_xfer_cb+0x5c>
100045e0:	2b23      	cmp	r3, #35	; 0x23
100045e2:	d104      	bne.n	100045ee <cdcd_control_xfer_cb+0x3a>
100045e4:	2900      	cmp	r1, #0
100045e6:	d044      	beq.n	10004672 <cdcd_control_xfer_cb+0xbe>
100045e8:	2902      	cmp	r1, #2
100045ea:	d036      	beq.n	1000465a <cdcd_control_xfer_cb+0xa6>
100045ec:	2201      	movs	r2, #1
100045ee:	0010      	movs	r0, r2
100045f0:	bdf8      	pop	{r3, r4, r5, r6, r7, pc}
100045f2:	2b20      	cmp	r3, #32
100045f4:	d1fb      	bne.n	100045ee <cdcd_control_xfer_cb+0x3a>
100045f6:	2900      	cmp	r1, #0
100045f8:	d028      	beq.n	1000464c <cdcd_control_xfer_cb+0x98>
100045fa:	2902      	cmp	r1, #2
100045fc:	d1f6      	bne.n	100045ec <cdcd_control_xfer_cb+0x38>
100045fe:	4b20      	ldr	r3, [pc, #128]	; (10004680 <cdcd_control_xfer_cb+0xcc>)
10004600:	2b00      	cmp	r3, #0
10004602:	d0f3      	beq.n	100045ec <cdcd_control_xfer_cb+0x38>
10004604:	1da9      	adds	r1, r5, #6
10004606:	2000      	movs	r0, #0
10004608:	f7fd ffe2 	bl	100025d0 <tud_cdc_line_coding_cb>
1000460c:	2201      	movs	r2, #1
1000460e:	e7ee      	b.n	100045ee <cdcd_control_xfer_cb+0x3a>
10004610:	2900      	cmp	r1, #0
10004612:	d02e      	beq.n	10004672 <cdcd_control_xfer_cb+0xbe>
10004614:	2902      	cmp	r1, #2
10004616:	d1e9      	bne.n	100045ec <cdcd_control_xfer_cb+0x38>
10004618:	2601      	movs	r6, #1
1000461a:	78a1      	ldrb	r1, [r4, #2]
1000461c:	78e4      	ldrb	r4, [r4, #3]
1000461e:	0028      	movs	r0, r5
10004620:	0224      	lsls	r4, r4, #8
10004622:	430c      	orrs	r4, r1
10004624:	0031      	movs	r1, r6
10004626:	712c      	strb	r4, [r5, #4]
10004628:	43a1      	bics	r1, r4
1000462a:	302c      	adds	r0, #44	; 0x2c
1000462c:	f000 fb6e 	bl	10004d0c <tu_fifo_set_overwritable>
10004630:	4b14      	ldr	r3, [pc, #80]	; (10004684 <cdcd_control_xfer_cb+0xd0>)
10004632:	2b00      	cmp	r3, #0
10004634:	d0da      	beq.n	100045ec <cdcd_control_xfer_cb+0x38>
10004636:	0031      	movs	r1, r6
10004638:	0862      	lsrs	r2, r4, #1
1000463a:	4032      	ands	r2, r6
1000463c:	4021      	ands	r1, r4
1000463e:	2000      	movs	r0, #0
10004640:	e000      	b.n	10004644 <cdcd_control_xfer_cb+0x90>
10004642:	bf00      	nop
10004644:	2201      	movs	r2, #1
10004646:	e7d2      	b.n	100045ee <cdcd_control_xfer_cb+0x3a>
10004648:	2900      	cmp	r1, #0
1000464a:	d1cf      	bne.n	100045ec <cdcd_control_xfer_cb+0x38>
1000464c:	4a0e      	ldr	r2, [pc, #56]	; (10004688 <cdcd_control_xfer_cb+0xd4>)
1000464e:	2307      	movs	r3, #7
10004650:	0021      	movs	r1, r4
10004652:	f7ff fd35 	bl	100040c0 <tud_control_xfer>
10004656:	2201      	movs	r2, #1
10004658:	e7c9      	b.n	100045ee <cdcd_control_xfer_cb+0x3a>
1000465a:	4b0c      	ldr	r3, [pc, #48]	; (1000468c <cdcd_control_xfer_cb+0xd8>)
1000465c:	2b00      	cmp	r3, #0
1000465e:	d0c5      	beq.n	100045ec <cdcd_control_xfer_cb+0x38>
10004660:	78e1      	ldrb	r1, [r4, #3]
10004662:	78a3      	ldrb	r3, [r4, #2]
10004664:	0209      	lsls	r1, r1, #8
10004666:	4319      	orrs	r1, r3
10004668:	2000      	movs	r0, #0
1000466a:	e000      	b.n	1000466e <cdcd_control_xfer_cb+0xba>
1000466c:	bf00      	nop
1000466e:	2201      	movs	r2, #1
10004670:	e7bd      	b.n	100045ee <cdcd_control_xfer_cb+0x3a>
10004672:	0021      	movs	r1, r4
10004674:	f7ff fd0c 	bl	10004090 <tud_control_status>
10004678:	2201      	movs	r2, #1
1000467a:	e7b8      	b.n	100045ee <cdcd_control_xfer_cb+0x3a>
1000467c:	20000598 	.word	0x20000598
10004680:	100025d1 	.word	0x100025d1
10004684:	00000000 	.word	0x00000000
10004688:	2000059e 	.word	0x2000059e
1000468c:	00000000 	.word	0x00000000

10004690 <cdcd_xfer_cb>:
10004690:	b5f8      	push	{r3, r4, r5, r6, r7, lr}
10004692:	4657      	mov	r7, sl
10004694:	464e      	mov	r6, r9
10004696:	4645      	mov	r5, r8
10004698:	46de      	mov	lr, fp
1000469a:	b5e0      	push	{r5, r6, r7, lr}
1000469c:	4c5e      	ldr	r4, [pc, #376]	; (10004818 <cdcd_xfer_cb+0x188>)
1000469e:	001f      	movs	r7, r3
100046a0:	78e3      	ldrb	r3, [r4, #3]
100046a2:	4681      	mov	r9, r0
100046a4:	000d      	movs	r5, r1
100046a6:	428b      	cmp	r3, r1
100046a8:	d165      	bne.n	10004776 <cdcd_xfer_cb+0xe6>
100046aa:	2396      	movs	r3, #150	; 0x96
100046ac:	009b      	lsls	r3, r3, #2
100046ae:	18e6      	adds	r6, r4, r3
100046b0:	2310      	movs	r3, #16
100046b2:	4698      	mov	r8, r3
100046b4:	44a0      	add	r8, r4
100046b6:	b2ba      	uxth	r2, r7
100046b8:	0031      	movs	r1, r6
100046ba:	4640      	mov	r0, r8
100046bc:	f000 fa82 	bl	10004bc4 <tu_fifo_write_n>
100046c0:	4b56      	ldr	r3, [pc, #344]	; (1000481c <cdcd_xfer_cb+0x18c>)
100046c2:	2b00      	cmp	r3, #0
100046c4:	d019      	beq.n	100046fa <cdcd_xfer_cb+0x6a>
100046c6:	7963      	ldrb	r3, [r4, #5]
100046c8:	2bff      	cmp	r3, #255	; 0xff
100046ca:	d016      	beq.n	100046fa <cdcd_xfer_cb+0x6a>
100046cc:	2f00      	cmp	r7, #0
100046ce:	d014      	beq.n	100046fa <cdcd_xfer_cb+0x6a>
100046d0:	19f2      	adds	r2, r6, r7
100046d2:	4692      	mov	sl, r2
100046d4:	46a3      	mov	fp, r4
100046d6:	e003      	b.n	100046e0 <cdcd_xfer_cb+0x50>
100046d8:	3601      	adds	r6, #1
100046da:	45b2      	cmp	sl, r6
100046dc:	d00d      	beq.n	100046fa <cdcd_xfer_cb+0x6a>
100046de:	7963      	ldrb	r3, [r4, #5]
100046e0:	7832      	ldrb	r2, [r6, #0]
100046e2:	429a      	cmp	r2, r3
100046e4:	d1f8      	bne.n	100046d8 <cdcd_xfer_cb+0x48>
100046e6:	4640      	mov	r0, r8
100046e8:	f000 f948 	bl	1000497c <tu_fifo_empty>
100046ec:	2800      	cmp	r0, #0
100046ee:	d1f3      	bne.n	100046d8 <cdcd_xfer_cb+0x48>
100046f0:	465b      	mov	r3, fp
100046f2:	7959      	ldrb	r1, [r3, #5]
100046f4:	e000      	b.n	100046f8 <cdcd_xfer_cb+0x68>
100046f6:	bf00      	nop
100046f8:	e7ee      	b.n	100046d8 <cdcd_xfer_cb+0x48>
100046fa:	4b49      	ldr	r3, [pc, #292]	; (10004820 <cdcd_xfer_cb+0x190>)
100046fc:	2b00      	cmp	r3, #0
100046fe:	d005      	beq.n	1000470c <cdcd_xfer_cb+0x7c>
10004700:	4640      	mov	r0, r8
10004702:	f000 f93b 	bl	1000497c <tu_fifo_empty>
10004706:	2800      	cmp	r0, #0
10004708:	d100      	bne.n	1000470c <cdcd_xfer_cb+0x7c>
1000470a:	e077      	b.n	100047fc <cdcd_xfer_cb+0x16c>
1000470c:	4640      	mov	r0, r8
1000470e:	f000 f93d 	bl	1000498c <tu_fifo_remaining>
10004712:	283f      	cmp	r0, #63	; 0x3f
10004714:	d859      	bhi.n	100047ca <cdcd_xfer_cb+0x13a>
10004716:	4642      	mov	r2, r8
10004718:	3a10      	subs	r2, #16
1000471a:	7893      	ldrb	r3, [r2, #2]
1000471c:	42ab      	cmp	r3, r5
1000471e:	d007      	beq.n	10004730 <cdcd_xfer_cb+0xa0>
10004720:	2401      	movs	r4, #1
10004722:	0020      	movs	r0, r4
10004724:	bc3c      	pop	{r2, r3, r4, r5}
10004726:	4690      	mov	r8, r2
10004728:	4699      	mov	r9, r3
1000472a:	46a2      	mov	sl, r4
1000472c:	46ab      	mov	fp, r5
1000472e:	bdf8      	pop	{r3, r4, r5, r6, r7, pc}
10004730:	4b3c      	ldr	r3, [pc, #240]	; (10004824 <cdcd_xfer_cb+0x194>)
10004732:	2b00      	cmp	r3, #0
10004734:	d002      	beq.n	1000473c <cdcd_xfer_cb+0xac>
10004736:	2000      	movs	r0, #0
10004738:	e000      	b.n	1000473c <cdcd_xfer_cb+0xac>
1000473a:	bf00      	nop
1000473c:	f7fe fd9a 	bl	10003274 <tud_mounted>
10004740:	2800      	cmp	r0, #0
10004742:	d11d      	bne.n	10004780 <cdcd_xfer_cb+0xf0>
10004744:	4c38      	ldr	r4, [pc, #224]	; (10004828 <cdcd_xfer_cb+0x198>)
10004746:	0020      	movs	r0, r4
10004748:	f000 f906 	bl	10004958 <tu_fifo_count>
1000474c:	2800      	cmp	r0, #0
1000474e:	d1e7      	bne.n	10004720 <cdcd_xfer_cb+0x90>
10004750:	2f00      	cmp	r7, #0
10004752:	d0e5      	beq.n	10004720 <cdcd_xfer_cb+0x90>
10004754:	06bb      	lsls	r3, r7, #26
10004756:	d1e3      	bne.n	10004720 <cdcd_xfer_cb+0x90>
10004758:	3c2c      	subs	r4, #44	; 0x2c
1000475a:	78a1      	ldrb	r1, [r4, #2]
1000475c:	4648      	mov	r0, r9
1000475e:	f7ff fc1d 	bl	10003f9c <usbd_edpt_claim>
10004762:	0025      	movs	r5, r4
10004764:	1e04      	subs	r4, r0, #0
10004766:	d0db      	beq.n	10004720 <cdcd_xfer_cb+0x90>
10004768:	78a9      	ldrb	r1, [r5, #2]
1000476a:	2300      	movs	r3, #0
1000476c:	2200      	movs	r2, #0
1000476e:	4648      	mov	r0, r9
10004770:	f7ff fc6a 	bl	10004048 <usbd_edpt_xfer>
10004774:	e7d5      	b.n	10004722 <cdcd_xfer_cb+0x92>
10004776:	78a3      	ldrb	r3, [r4, #2]
10004778:	428b      	cmp	r3, r1
1000477a:	d0d9      	beq.n	10004730 <cdcd_xfer_cb+0xa0>
1000477c:	2400      	movs	r4, #0
1000477e:	e7d0      	b.n	10004722 <cdcd_xfer_cb+0x92>
10004780:	f7fe fd80 	bl	10003284 <tud_suspended>
10004784:	4c28      	ldr	r4, [pc, #160]	; (10004828 <cdcd_xfer_cb+0x198>)
10004786:	2800      	cmp	r0, #0
10004788:	d1dd      	bne.n	10004746 <cdcd_xfer_cb+0xb6>
1000478a:	0020      	movs	r0, r4
1000478c:	f000 f8e4 	bl	10004958 <tu_fifo_count>
10004790:	2800      	cmp	r0, #0
10004792:	d0d8      	beq.n	10004746 <cdcd_xfer_cb+0xb6>
10004794:	0025      	movs	r5, r4
10004796:	3d2c      	subs	r5, #44	; 0x2c
10004798:	78a9      	ldrb	r1, [r5, #2]
1000479a:	2000      	movs	r0, #0
1000479c:	f7ff fbfe 	bl	10003f9c <usbd_edpt_claim>
100047a0:	2800      	cmp	r0, #0
100047a2:	d0d0      	beq.n	10004746 <cdcd_xfer_cb+0xb6>
100047a4:	239b      	movs	r3, #155	; 0x9b
100047a6:	009b      	lsls	r3, r3, #2
100047a8:	18e6      	adds	r6, r4, r3
100047aa:	0031      	movs	r1, r6
100047ac:	2240      	movs	r2, #64	; 0x40
100047ae:	0020      	movs	r0, r4
100047b0:	f000 f94c 	bl	10004a4c <tu_fifo_read_n>
100047b4:	78a9      	ldrb	r1, [r5, #2]
100047b6:	2800      	cmp	r0, #0
100047b8:	d029      	beq.n	1000480e <cdcd_xfer_cb+0x17e>
100047ba:	0003      	movs	r3, r0
100047bc:	0032      	movs	r2, r6
100047be:	2000      	movs	r0, #0
100047c0:	f7ff fc42 	bl	10004048 <usbd_edpt_xfer>
100047c4:	2800      	cmp	r0, #0
100047c6:	d1ab      	bne.n	10004720 <cdcd_xfer_cb+0x90>
100047c8:	e7bd      	b.n	10004746 <cdcd_xfer_cb+0xb6>
100047ca:	4644      	mov	r4, r8
100047cc:	3c10      	subs	r4, #16
100047ce:	78e1      	ldrb	r1, [r4, #3]
100047d0:	2000      	movs	r0, #0
100047d2:	f7ff fbe3 	bl	10003f9c <usbd_edpt_claim>
100047d6:	2800      	cmp	r0, #0
100047d8:	d101      	bne.n	100047de <cdcd_xfer_cb+0x14e>
100047da:	78a3      	ldrb	r3, [r4, #2]
100047dc:	e79e      	b.n	1000471c <cdcd_xfer_cb+0x8c>
100047de:	4640      	mov	r0, r8
100047e0:	f000 f8d4 	bl	1000498c <tu_fifo_remaining>
100047e4:	283f      	cmp	r0, #63	; 0x3f
100047e6:	d90c      	bls.n	10004802 <cdcd_xfer_cb+0x172>
100047e8:	2292      	movs	r2, #146	; 0x92
100047ea:	0092      	lsls	r2, r2, #2
100047ec:	2340      	movs	r3, #64	; 0x40
100047ee:	4442      	add	r2, r8
100047f0:	78e1      	ldrb	r1, [r4, #3]
100047f2:	2000      	movs	r0, #0
100047f4:	f7ff fc28 	bl	10004048 <usbd_edpt_xfer>
100047f8:	78a3      	ldrb	r3, [r4, #2]
100047fa:	e78f      	b.n	1000471c <cdcd_xfer_cb+0x8c>
100047fc:	e000      	b.n	10004800 <cdcd_xfer_cb+0x170>
100047fe:	bf00      	nop
10004800:	e784      	b.n	1000470c <cdcd_xfer_cb+0x7c>
10004802:	78e1      	ldrb	r1, [r4, #3]
10004804:	2000      	movs	r0, #0
10004806:	f7ff fbf9 	bl	10003ffc <usbd_edpt_release>
1000480a:	78a3      	ldrb	r3, [r4, #2]
1000480c:	e786      	b.n	1000471c <cdcd_xfer_cb+0x8c>
1000480e:	2000      	movs	r0, #0
10004810:	f7ff fbf4 	bl	10003ffc <usbd_edpt_release>
10004814:	e797      	b.n	10004746 <cdcd_xfer_cb+0xb6>
10004816:	46c0      	nop			; (mov r8, r8)
10004818:	20000598 	.word	0x20000598
	...
10004828:	200005c4 	.word	0x200005c4

1000482c <tusb_init>:
1000482c:	b510      	push	{r4, lr}
1000482e:	2000      	movs	r0, #0
10004830:	f7fe fd36 	bl	100032a0 <tud_init>
10004834:	bd10      	pop	{r4, pc}
10004836:	46c0      	nop			; (mov r8, r8)

10004838 <tusb_inited>:
10004838:	b510      	push	{r4, lr}
1000483a:	f7fe fd2b 	bl	10003294 <tud_inited>
1000483e:	bd10      	pop	{r4, pc}

10004840 <tu_edpt_validate>:
10004840:	2307      	movs	r3, #7
10004842:	b510      	push	{r4, lr}
10004844:	7944      	ldrb	r4, [r0, #5]
10004846:	7902      	ldrb	r2, [r0, #4]
10004848:	4023      	ands	r3, r4
1000484a:	021b      	lsls	r3, r3, #8
1000484c:	431a      	orrs	r2, r3
1000484e:	78c3      	ldrb	r3, [r0, #3]
10004850:	079b      	lsls	r3, r3, #30
10004852:	0f9b      	lsrs	r3, r3, #30
10004854:	2b02      	cmp	r3, #2
10004856:	d00d      	beq.n	10004874 <tu_edpt_validate+0x34>
10004858:	d814      	bhi.n	10004884 <tu_edpt_validate+0x44>
1000485a:	2000      	movs	r0, #0
1000485c:	2b01      	cmp	r3, #1
1000485e:	d108      	bne.n	10004872 <tu_edpt_validate+0x32>
10004860:	3902      	subs	r1, #2
10004862:	424b      	negs	r3, r1
10004864:	4159      	adcs	r1, r3
10004866:	4b11      	ldr	r3, [pc, #68]	; (100048ac <tu_edpt_validate+0x6c>)
10004868:	469c      	mov	ip, r3
1000486a:	4461      	add	r1, ip
1000486c:	4291      	cmp	r1, r2
1000486e:	4140      	adcs	r0, r0
10004870:	b2c0      	uxtb	r0, r0
10004872:	bd10      	pop	{r4, pc}
10004874:	2902      	cmp	r1, #2
10004876:	d012      	beq.n	1000489e <tu_edpt_validate+0x5e>
10004878:	2000      	movs	r0, #0
1000487a:	2340      	movs	r3, #64	; 0x40
1000487c:	4293      	cmp	r3, r2
1000487e:	4140      	adcs	r0, r0
10004880:	b2c0      	uxtb	r0, r0
10004882:	e7f6      	b.n	10004872 <tu_edpt_validate+0x32>
10004884:	3902      	subs	r1, #2
10004886:	424b      	negs	r3, r1
10004888:	4159      	adcs	r1, r3
1000488a:	23f0      	movs	r3, #240	; 0xf0
1000488c:	2000      	movs	r0, #0
1000488e:	4249      	negs	r1, r1
10004890:	009b      	lsls	r3, r3, #2
10004892:	4019      	ands	r1, r3
10004894:	3140      	adds	r1, #64	; 0x40
10004896:	4291      	cmp	r1, r2
10004898:	4140      	adcs	r0, r0
1000489a:	b2c0      	uxtb	r0, r0
1000489c:	e7e9      	b.n	10004872 <tu_edpt_validate+0x32>
1000489e:	4b04      	ldr	r3, [pc, #16]	; (100048b0 <tu_edpt_validate+0x70>)
100048a0:	469c      	mov	ip, r3
100048a2:	4462      	add	r2, ip
100048a4:	4250      	negs	r0, r2
100048a6:	4150      	adcs	r0, r2
100048a8:	b2c0      	uxtb	r0, r0
100048aa:	e7e2      	b.n	10004872 <tu_edpt_validate+0x32>
100048ac:	000003ff 	.word	0x000003ff
100048b0:	fffffe00 	.word	0xfffffe00

100048b4 <tu_edpt_bind_driver>:
100048b4:	b5f0      	push	{r4, r5, r6, r7, lr}
100048b6:	2a00      	cmp	r2, #0
100048b8:	d011      	beq.n	100048de <tu_edpt_bind_driver+0x2a>
100048ba:	2400      	movs	r4, #0
100048bc:	277f      	movs	r7, #127	; 0x7f
100048be:	784d      	ldrb	r5, [r1, #1]
100048c0:	2d05      	cmp	r5, #5
100048c2:	d106      	bne.n	100048d2 <tu_edpt_bind_driver+0x1e>
100048c4:	003d      	movs	r5, r7
100048c6:	788e      	ldrb	r6, [r1, #2]
100048c8:	4035      	ands	r5, r6
100048ca:	006d      	lsls	r5, r5, #1
100048cc:	09f6      	lsrs	r6, r6, #7
100048ce:	1945      	adds	r5, r0, r5
100048d0:	55ab      	strb	r3, [r5, r6]
100048d2:	780d      	ldrb	r5, [r1, #0]
100048d4:	1964      	adds	r4, r4, r5
100048d6:	b2a4      	uxth	r4, r4
100048d8:	1949      	adds	r1, r1, r5
100048da:	42a2      	cmp	r2, r4
100048dc:	d8ef      	bhi.n	100048be <tu_edpt_bind_driver+0xa>
100048de:	bdf0      	pop	{r4, r5, r6, r7, pc}

100048e0 <tu_fifo_config>:
100048e0:	b5f0      	push	{r4, r5, r6, r7, lr}
100048e2:	46c6      	mov	lr, r8
100048e4:	b500      	push	{lr}
100048e6:	001e      	movs	r6, r3
100048e8:	ab06      	add	r3, sp, #24
100048ea:	781b      	ldrb	r3, [r3, #0]
100048ec:	0004      	movs	r4, r0
100048ee:	4698      	mov	r8, r3
100048f0:	2380      	movs	r3, #128	; 0x80
100048f2:	000f      	movs	r7, r1
100048f4:	0015      	movs	r5, r2
100048f6:	021b      	lsls	r3, r3, #8
100048f8:	429a      	cmp	r2, r3
100048fa:	d82a      	bhi.n	10004952 <tu_fifo_config+0x72>
100048fc:	6940      	ldr	r0, [r0, #20]
100048fe:	2800      	cmp	r0, #0
10004900:	d003      	beq.n	1000490a <tu_fifo_config+0x2a>
10004902:	2101      	movs	r1, #1
10004904:	4249      	negs	r1, r1
10004906:	f000 fb83 	bl	10005010 <__mutex_enter_timeout_ms_veneer>
1000490a:	69a0      	ldr	r0, [r4, #24]
1000490c:	2800      	cmp	r0, #0
1000490e:	d003      	beq.n	10004918 <tu_fifo_config+0x38>
10004910:	2101      	movs	r1, #1
10004912:	4249      	negs	r1, r1
10004914:	f000 fb7c 	bl	10005010 <__mutex_enter_timeout_ms_veneer>
10004918:	4643      	mov	r3, r8
1000491a:	80a5      	strh	r5, [r4, #4]
1000491c:	006d      	lsls	r5, r5, #1
1000491e:	b2ad      	uxth	r5, r5
10004920:	7223      	strb	r3, [r4, #8]
10004922:	1e6b      	subs	r3, r5, #1
10004924:	81a3      	strh	r3, [r4, #12]
10004926:	2300      	movs	r3, #0
10004928:	6960      	ldr	r0, [r4, #20]
1000492a:	426d      	negs	r5, r5
1000492c:	81e3      	strh	r3, [r4, #14]
1000492e:	6027      	str	r7, [r4, #0]
10004930:	80e6      	strh	r6, [r4, #6]
10004932:	8165      	strh	r5, [r4, #10]
10004934:	8223      	strh	r3, [r4, #16]
10004936:	2800      	cmp	r0, #0
10004938:	d001      	beq.n	1000493e <tu_fifo_config+0x5e>
1000493a:	f000 fb51 	bl	10004fe0 <__mutex_exit_veneer>
1000493e:	69a0      	ldr	r0, [r4, #24]
10004940:	2401      	movs	r4, #1
10004942:	2800      	cmp	r0, #0
10004944:	d001      	beq.n	1000494a <tu_fifo_config+0x6a>
10004946:	f000 fb4b 	bl	10004fe0 <__mutex_exit_veneer>
1000494a:	0020      	movs	r0, r4
1000494c:	bc04      	pop	{r2}
1000494e:	4690      	mov	r8, r2
10004950:	bdf0      	pop	{r4, r5, r6, r7, pc}
10004952:	2400      	movs	r4, #0
10004954:	e7f9      	b.n	1000494a <tu_fifo_config+0x6a>
10004956:	46c0      	nop			; (mov r8, r8)

10004958 <tu_fifo_count>:
10004958:	89c1      	ldrh	r1, [r0, #14]
1000495a:	8a02      	ldrh	r2, [r0, #16]
1000495c:	b289      	uxth	r1, r1
1000495e:	b292      	uxth	r2, r2
10004960:	1a8b      	subs	r3, r1, r2
10004962:	b29b      	uxth	r3, r3
10004964:	4291      	cmp	r1, r2
10004966:	d202      	bcs.n	1000496e <tu_fifo_count+0x16>
10004968:	8942      	ldrh	r2, [r0, #10]
1000496a:	1a9b      	subs	r3, r3, r2
1000496c:	b29b      	uxth	r3, r3
1000496e:	8882      	ldrh	r2, [r0, #4]
10004970:	1c10      	adds	r0, r2, #0
10004972:	429a      	cmp	r2, r3
10004974:	d900      	bls.n	10004978 <tu_fifo_count+0x20>
10004976:	1c18      	adds	r0, r3, #0
10004978:	b280      	uxth	r0, r0
1000497a:	4770      	bx	lr

1000497c <tu_fifo_empty>:
1000497c:	89c3      	ldrh	r3, [r0, #14]
1000497e:	8a00      	ldrh	r0, [r0, #16]
10004980:	1a18      	subs	r0, r3, r0
10004982:	4243      	negs	r3, r0
10004984:	4158      	adcs	r0, r3
10004986:	b2c0      	uxtb	r0, r0
10004988:	4770      	bx	lr
1000498a:	46c0      	nop			; (mov r8, r8)

1000498c <tu_fifo_remaining>:
1000498c:	b510      	push	{r4, lr}
1000498e:	89c4      	ldrh	r4, [r0, #14]
10004990:	8a01      	ldrh	r1, [r0, #16]
10004992:	b2a4      	uxth	r4, r4
10004994:	b289      	uxth	r1, r1
10004996:	1a62      	subs	r2, r4, r1
10004998:	8883      	ldrh	r3, [r0, #4]
1000499a:	b292      	uxth	r2, r2
1000499c:	428c      	cmp	r4, r1
1000499e:	d202      	bcs.n	100049a6 <tu_fifo_remaining+0x1a>
100049a0:	8940      	ldrh	r0, [r0, #10]
100049a2:	1a12      	subs	r2, r2, r0
100049a4:	b292      	uxth	r2, r2
100049a6:	1a98      	subs	r0, r3, r2
100049a8:	b280      	uxth	r0, r0
100049aa:	bd10      	pop	{r4, pc}

100049ac <tu_fifo_read>:
100049ac:	b570      	push	{r4, r5, r6, lr}
100049ae:	0004      	movs	r4, r0
100049b0:	6980      	ldr	r0, [r0, #24]
100049b2:	000d      	movs	r5, r1
100049b4:	2800      	cmp	r0, #0
100049b6:	d003      	beq.n	100049c0 <tu_fifo_read+0x14>
100049b8:	2101      	movs	r1, #1
100049ba:	4249      	negs	r1, r1
100049bc:	f000 fb28 	bl	10005010 <__mutex_enter_timeout_ms_veneer>
100049c0:	89e2      	ldrh	r2, [r4, #14]
100049c2:	8a21      	ldrh	r1, [r4, #16]
100049c4:	b292      	uxth	r2, r2
100049c6:	b289      	uxth	r1, r1
100049c8:	1a53      	subs	r3, r2, r1
100049ca:	b29b      	uxth	r3, r3
100049cc:	428a      	cmp	r2, r1
100049ce:	d202      	bcs.n	100049d6 <tu_fifo_read+0x2a>
100049d0:	8960      	ldrh	r0, [r4, #10]
100049d2:	1a1b      	subs	r3, r3, r0
100049d4:	b29b      	uxth	r3, r3
100049d6:	88a0      	ldrh	r0, [r4, #4]
100049d8:	4298      	cmp	r0, r3
100049da:	d321      	bcc.n	10004a20 <tu_fifo_read+0x74>
100049dc:	2b00      	cmp	r3, #0
100049de:	d102      	bne.n	100049e6 <tu_fifo_read+0x3a>
100049e0:	e027      	b.n	10004a32 <tu_fifo_read+0x86>
100049e2:	1a09      	subs	r1, r1, r0
100049e4:	b289      	uxth	r1, r1
100049e6:	4288      	cmp	r0, r1
100049e8:	d9fb      	bls.n	100049e2 <tu_fifo_read+0x36>
100049ea:	6823      	ldr	r3, [r4, #0]
100049ec:	88e2      	ldrh	r2, [r4, #6]
100049ee:	469c      	mov	ip, r3
100049f0:	4351      	muls	r1, r2
100049f2:	0028      	movs	r0, r5
100049f4:	4461      	add	r1, ip
100049f6:	f7fd fc29 	bl	1000224c <__wrap___aeabi_memcpy>
100049fa:	8a22      	ldrh	r2, [r4, #16]
100049fc:	2501      	movs	r5, #1
100049fe:	b292      	uxth	r2, r2
10004a00:	1c53      	adds	r3, r2, #1
10004a02:	b29b      	uxth	r3, r3
10004a04:	429a      	cmp	r2, r3
10004a06:	d917      	bls.n	10004a38 <tu_fifo_read+0x8c>
10004a08:	2300      	movs	r3, #0
10004a0a:	8962      	ldrh	r2, [r4, #10]
10004a0c:	189b      	adds	r3, r3, r2
10004a0e:	b29b      	uxth	r3, r3
10004a10:	69a0      	ldr	r0, [r4, #24]
10004a12:	8223      	strh	r3, [r4, #16]
10004a14:	2800      	cmp	r0, #0
10004a16:	d001      	beq.n	10004a1c <tu_fifo_read+0x70>
10004a18:	f000 fae2 	bl	10004fe0 <__mutex_exit_veneer>
10004a1c:	0028      	movs	r0, r5
10004a1e:	bd70      	pop	{r4, r5, r6, pc}
10004a20:	4282      	cmp	r2, r0
10004a22:	d20d      	bcs.n	10004a40 <tu_fifo_read+0x94>
10004a24:	8963      	ldrh	r3, [r4, #10]
10004a26:	18c3      	adds	r3, r0, r3
10004a28:	1ad3      	subs	r3, r2, r3
10004a2a:	b29b      	uxth	r3, r3
10004a2c:	8223      	strh	r3, [r4, #16]
10004a2e:	1e03      	subs	r3, r0, #0
10004a30:	d1d9      	bne.n	100049e6 <tu_fifo_read+0x3a>
10004a32:	2500      	movs	r5, #0
10004a34:	8a23      	ldrh	r3, [r4, #16]
10004a36:	b29b      	uxth	r3, r3
10004a38:	89a2      	ldrh	r2, [r4, #12]
10004a3a:	429a      	cmp	r2, r3
10004a3c:	d2e8      	bcs.n	10004a10 <tu_fifo_read+0x64>
10004a3e:	e7e4      	b.n	10004a0a <tu_fifo_read+0x5e>
10004a40:	1a13      	subs	r3, r2, r0
10004a42:	89a6      	ldrh	r6, [r4, #12]
10004a44:	b29b      	uxth	r3, r3
10004a46:	429e      	cmp	r6, r3
10004a48:	d2f0      	bcs.n	10004a2c <tu_fifo_read+0x80>
10004a4a:	e7eb      	b.n	10004a24 <tu_fifo_read+0x78>

10004a4c <tu_fifo_read_n>:
10004a4c:	b5f0      	push	{r4, r5, r6, r7, lr}
10004a4e:	464f      	mov	r7, r9
10004a50:	4646      	mov	r6, r8
10004a52:	46d6      	mov	lr, sl
10004a54:	0005      	movs	r5, r0
10004a56:	6980      	ldr	r0, [r0, #24]
10004a58:	b5c0      	push	{r6, r7, lr}
10004a5a:	4689      	mov	r9, r1
10004a5c:	4690      	mov	r8, r2
10004a5e:	2800      	cmp	r0, #0
10004a60:	d003      	beq.n	10004a6a <tu_fifo_read_n+0x1e>
10004a62:	2101      	movs	r1, #1
10004a64:	4249      	negs	r1, r1
10004a66:	f000 fad3 	bl	10005010 <__mutex_enter_timeout_ms_veneer>
10004a6a:	89eb      	ldrh	r3, [r5, #14]
10004a6c:	8a2c      	ldrh	r4, [r5, #16]
10004a6e:	b29b      	uxth	r3, r3
10004a70:	b2a4      	uxth	r4, r4
10004a72:	1b1e      	subs	r6, r3, r4
10004a74:	b2b6      	uxth	r6, r6
10004a76:	42a3      	cmp	r3, r4
10004a78:	d202      	bcs.n	10004a80 <tu_fifo_read_n+0x34>
10004a7a:	896a      	ldrh	r2, [r5, #10]
10004a7c:	1ab6      	subs	r6, r6, r2
10004a7e:	b2b6      	uxth	r6, r6
10004a80:	88af      	ldrh	r7, [r5, #4]
10004a82:	42b7      	cmp	r7, r6
10004a84:	d33d      	bcc.n	10004b02 <tu_fifo_read_n+0xb6>
10004a86:	2e00      	cmp	r6, #0
10004a88:	d047      	beq.n	10004b1a <tu_fifo_read_n+0xce>
10004a8a:	4643      	mov	r3, r8
10004a8c:	45b0      	cmp	r8, r6
10004a8e:	d850      	bhi.n	10004b32 <tu_fifo_read_n+0xe6>
10004a90:	b29e      	uxth	r6, r3
10004a92:	42a7      	cmp	r7, r4
10004a94:	d803      	bhi.n	10004a9e <tu_fifo_read_n+0x52>
10004a96:	1be4      	subs	r4, r4, r7
10004a98:	b2a4      	uxth	r4, r4
10004a9a:	42a7      	cmp	r7, r4
10004a9c:	d9fb      	bls.n	10004a96 <tu_fifo_read_n+0x4a>
10004a9e:	88eb      	ldrh	r3, [r5, #6]
10004aa0:	1b38      	subs	r0, r7, r4
10004aa2:	0019      	movs	r1, r3
10004aa4:	4698      	mov	r8, r3
10004aa6:	682b      	ldr	r3, [r5, #0]
10004aa8:	4361      	muls	r1, r4
10004aaa:	469c      	mov	ip, r3
10004aac:	b280      	uxth	r0, r0
10004aae:	4461      	add	r1, ip
10004ab0:	42b0      	cmp	r0, r6
10004ab2:	d238      	bcs.n	10004b26 <tu_fifo_read_n+0xda>
10004ab4:	4643      	mov	r3, r8
10004ab6:	4358      	muls	r0, r3
10004ab8:	b283      	uxth	r3, r0
10004aba:	001a      	movs	r2, r3
10004abc:	4648      	mov	r0, r9
10004abe:	469a      	mov	sl, r3
10004ac0:	f7fd fbc4 	bl	1000224c <__wrap___aeabi_memcpy>
10004ac4:	4643      	mov	r3, r8
10004ac6:	4648      	mov	r0, r9
10004ac8:	1bf7      	subs	r7, r6, r7
10004aca:	19e4      	adds	r4, r4, r7
10004acc:	435c      	muls	r4, r3
10004ace:	4450      	add	r0, sl
10004ad0:	b2a2      	uxth	r2, r4
10004ad2:	6829      	ldr	r1, [r5, #0]
10004ad4:	f7fd fbba 	bl	1000224c <__wrap___aeabi_memcpy>
10004ad8:	8a2a      	ldrh	r2, [r5, #16]
10004ada:	b292      	uxth	r2, r2
10004adc:	1993      	adds	r3, r2, r6
10004ade:	b29b      	uxth	r3, r3
10004ae0:	429a      	cmp	r2, r3
10004ae2:	d91c      	bls.n	10004b1e <tu_fifo_read_n+0xd2>
10004ae4:	896a      	ldrh	r2, [r5, #10]
10004ae6:	189b      	adds	r3, r3, r2
10004ae8:	b29b      	uxth	r3, r3
10004aea:	69a8      	ldr	r0, [r5, #24]
10004aec:	822b      	strh	r3, [r5, #16]
10004aee:	2800      	cmp	r0, #0
10004af0:	d001      	beq.n	10004af6 <tu_fifo_read_n+0xaa>
10004af2:	f000 fa75 	bl	10004fe0 <__mutex_exit_veneer>
10004af6:	0030      	movs	r0, r6
10004af8:	bc1c      	pop	{r2, r3, r4}
10004afa:	4690      	mov	r8, r2
10004afc:	4699      	mov	r9, r3
10004afe:	46a2      	mov	sl, r4
10004b00:	bdf0      	pop	{r4, r5, r6, r7, pc}
10004b02:	42bb      	cmp	r3, r7
10004b04:	d217      	bcs.n	10004b36 <tu_fifo_read_n+0xea>
10004b06:	896a      	ldrh	r2, [r5, #10]
10004b08:	18ba      	adds	r2, r7, r2
10004b0a:	1a9a      	subs	r2, r3, r2
10004b0c:	b292      	uxth	r2, r2
10004b0e:	822a      	strh	r2, [r5, #16]
10004b10:	8a2c      	ldrh	r4, [r5, #16]
10004b12:	003e      	movs	r6, r7
10004b14:	b2a4      	uxth	r4, r4
10004b16:	2e00      	cmp	r6, #0
10004b18:	d1b7      	bne.n	10004a8a <tu_fifo_read_n+0x3e>
10004b1a:	8a2b      	ldrh	r3, [r5, #16]
10004b1c:	b29b      	uxth	r3, r3
10004b1e:	89aa      	ldrh	r2, [r5, #12]
10004b20:	429a      	cmp	r2, r3
10004b22:	d2e2      	bcs.n	10004aea <tu_fifo_read_n+0x9e>
10004b24:	e7de      	b.n	10004ae4 <tu_fifo_read_n+0x98>
10004b26:	4642      	mov	r2, r8
10004b28:	4648      	mov	r0, r9
10004b2a:	4372      	muls	r2, r6
10004b2c:	f7fd fb8e 	bl	1000224c <__wrap___aeabi_memcpy>
10004b30:	e7d2      	b.n	10004ad8 <tu_fifo_read_n+0x8c>
10004b32:	1c33      	adds	r3, r6, #0
10004b34:	e7ac      	b.n	10004a90 <tu_fifo_read_n+0x44>
10004b36:	1bda      	subs	r2, r3, r7
10004b38:	89a9      	ldrh	r1, [r5, #12]
10004b3a:	b292      	uxth	r2, r2
10004b3c:	4291      	cmp	r1, r2
10004b3e:	d2e6      	bcs.n	10004b0e <tu_fifo_read_n+0xc2>
10004b40:	e7e1      	b.n	10004b06 <tu_fifo_read_n+0xba>
10004b42:	46c0      	nop			; (mov r8, r8)

10004b44 <tu_fifo_write>:
10004b44:	b5f8      	push	{r3, r4, r5, r6, r7, lr}
10004b46:	0004      	movs	r4, r0
10004b48:	6940      	ldr	r0, [r0, #20]
10004b4a:	000e      	movs	r6, r1
10004b4c:	2800      	cmp	r0, #0
10004b4e:	d003      	beq.n	10004b58 <tu_fifo_write+0x14>
10004b50:	2101      	movs	r1, #1
10004b52:	4249      	negs	r1, r1
10004b54:	f000 fa5c 	bl	10005010 <__mutex_enter_timeout_ms_veneer>
10004b58:	89e5      	ldrh	r5, [r4, #14]
10004b5a:	8a23      	ldrh	r3, [r4, #16]
10004b5c:	b2ad      	uxth	r5, r5
10004b5e:	b29b      	uxth	r3, r3
10004b60:	1aea      	subs	r2, r5, r3
10004b62:	b292      	uxth	r2, r2
10004b64:	42ab      	cmp	r3, r5
10004b66:	d902      	bls.n	10004b6e <tu_fifo_write+0x2a>
10004b68:	8963      	ldrh	r3, [r4, #10]
10004b6a:	1ad2      	subs	r2, r2, r3
10004b6c:	b292      	uxth	r2, r2
10004b6e:	88a3      	ldrh	r3, [r4, #4]
10004b70:	4293      	cmp	r3, r2
10004b72:	d022      	beq.n	10004bba <tu_fifo_write+0x76>
10004b74:	0028      	movs	r0, r5
10004b76:	429d      	cmp	r5, r3
10004b78:	d303      	bcc.n	10004b82 <tu_fifo_write+0x3e>
10004b7a:	1ac0      	subs	r0, r0, r3
10004b7c:	b280      	uxth	r0, r0
10004b7e:	4283      	cmp	r3, r0
10004b80:	d9fb      	bls.n	10004b7a <tu_fifo_write+0x36>
10004b82:	6823      	ldr	r3, [r4, #0]
10004b84:	88e2      	ldrh	r2, [r4, #6]
10004b86:	469c      	mov	ip, r3
10004b88:	4350      	muls	r0, r2
10004b8a:	0031      	movs	r1, r6
10004b8c:	4460      	add	r0, ip
10004b8e:	f7fd fb5d 	bl	1000224c <__wrap___aeabi_memcpy>
10004b92:	1c6b      	adds	r3, r5, #1
10004b94:	b29b      	uxth	r3, r3
10004b96:	429d      	cmp	r5, r3
10004b98:	d90b      	bls.n	10004bb2 <tu_fifo_write+0x6e>
10004b9a:	8962      	ldrh	r2, [r4, #10]
10004b9c:	189b      	adds	r3, r3, r2
10004b9e:	b29b      	uxth	r3, r3
10004ba0:	6960      	ldr	r0, [r4, #20]
10004ba2:	81e3      	strh	r3, [r4, #14]
10004ba4:	2701      	movs	r7, #1
10004ba6:	2800      	cmp	r0, #0
10004ba8:	d001      	beq.n	10004bae <tu_fifo_write+0x6a>
10004baa:	f000 fa19 	bl	10004fe0 <__mutex_exit_veneer>
10004bae:	0038      	movs	r0, r7
10004bb0:	bdf8      	pop	{r3, r4, r5, r6, r7, pc}
10004bb2:	89a2      	ldrh	r2, [r4, #12]
10004bb4:	429a      	cmp	r2, r3
10004bb6:	d2f3      	bcs.n	10004ba0 <tu_fifo_write+0x5c>
10004bb8:	e7ef      	b.n	10004b9a <tu_fifo_write+0x56>
10004bba:	7a27      	ldrb	r7, [r4, #8]
10004bbc:	2f00      	cmp	r7, #0
10004bbe:	d1d9      	bne.n	10004b74 <tu_fifo_write+0x30>
10004bc0:	e7f5      	b.n	10004bae <tu_fifo_write+0x6a>
10004bc2:	46c0      	nop			; (mov r8, r8)

10004bc4 <tu_fifo_write_n>:
10004bc4:	b5f8      	push	{r3, r4, r5, r6, r7, lr}
10004bc6:	464e      	mov	r6, r9
10004bc8:	4645      	mov	r5, r8
10004bca:	46de      	mov	lr, fp
10004bcc:	4657      	mov	r7, sl
10004bce:	4689      	mov	r9, r1
10004bd0:	b5e0      	push	{r5, r6, r7, lr}
10004bd2:	0005      	movs	r5, r0
10004bd4:	1e16      	subs	r6, r2, #0
10004bd6:	d058      	beq.n	10004c8a <tu_fifo_write_n+0xc6>
10004bd8:	6940      	ldr	r0, [r0, #20]
10004bda:	2800      	cmp	r0, #0
10004bdc:	d003      	beq.n	10004be6 <tu_fifo_write_n+0x22>
10004bde:	2101      	movs	r1, #1
10004be0:	4249      	negs	r1, r1
10004be2:	f000 fa15 	bl	10005010 <__mutex_enter_timeout_ms_veneer>
10004be6:	88ea      	ldrh	r2, [r5, #6]
10004be8:	89ef      	ldrh	r7, [r5, #14]
10004bea:	4690      	mov	r8, r2
10004bec:	8a29      	ldrh	r1, [r5, #16]
10004bee:	7a2a      	ldrb	r2, [r5, #8]
10004bf0:	b2bf      	uxth	r7, r7
10004bf2:	b289      	uxth	r1, r1
10004bf4:	88ab      	ldrh	r3, [r5, #4]
10004bf6:	2a00      	cmp	r2, #0
10004bf8:	d138      	bne.n	10004c6c <tu_fifo_write_n+0xa8>
10004bfa:	1a7a      	subs	r2, r7, r1
10004bfc:	b292      	uxth	r2, r2
10004bfe:	428f      	cmp	r7, r1
10004c00:	d202      	bcs.n	10004c08 <tu_fifo_write_n+0x44>
10004c02:	8969      	ldrh	r1, [r5, #10]
10004c04:	1a52      	subs	r2, r2, r1
10004c06:	b292      	uxth	r2, r2
10004c08:	1a9a      	subs	r2, r3, r2
10004c0a:	1c11      	adds	r1, r2, #0
10004c0c:	b292      	uxth	r2, r2
10004c0e:	42b2      	cmp	r2, r6
10004c10:	d84f      	bhi.n	10004cb2 <tu_fifo_write_n+0xee>
10004c12:	b28e      	uxth	r6, r1
10004c14:	1af4      	subs	r4, r6, r3
10004c16:	b2a2      	uxth	r2, r4
10004c18:	4692      	mov	sl, r2
10004c1a:	003c      	movs	r4, r7
10004c1c:	429f      	cmp	r7, r3
10004c1e:	d303      	bcc.n	10004c28 <tu_fifo_write_n+0x64>
10004c20:	1ae4      	subs	r4, r4, r3
10004c22:	b2a4      	uxth	r4, r4
10004c24:	429c      	cmp	r4, r3
10004c26:	d2fb      	bcs.n	10004c20 <tu_fifo_write_n+0x5c>
10004c28:	4640      	mov	r0, r8
10004c2a:	682a      	ldr	r2, [r5, #0]
10004c2c:	4360      	muls	r0, r4
10004c2e:	4694      	mov	ip, r2
10004c30:	1b1b      	subs	r3, r3, r4
10004c32:	b29b      	uxth	r3, r3
10004c34:	4460      	add	r0, ip
10004c36:	4642      	mov	r2, r8
10004c38:	429e      	cmp	r6, r3
10004c3a:	d828      	bhi.n	10004c8e <tu_fifo_write_n+0xca>
10004c3c:	4372      	muls	r2, r6
10004c3e:	4649      	mov	r1, r9
10004c40:	f7fd fb04 	bl	1000224c <__wrap___aeabi_memcpy>
10004c44:	19f3      	adds	r3, r6, r7
10004c46:	b29b      	uxth	r3, r3
10004c48:	429f      	cmp	r7, r3
10004c4a:	d81a      	bhi.n	10004c82 <tu_fifo_write_n+0xbe>
10004c4c:	89aa      	ldrh	r2, [r5, #12]
10004c4e:	429a      	cmp	r2, r3
10004c50:	d317      	bcc.n	10004c82 <tu_fifo_write_n+0xbe>
10004c52:	6968      	ldr	r0, [r5, #20]
10004c54:	81eb      	strh	r3, [r5, #14]
10004c56:	2800      	cmp	r0, #0
10004c58:	d001      	beq.n	10004c5e <tu_fifo_write_n+0x9a>
10004c5a:	f000 f9c1 	bl	10004fe0 <__mutex_exit_veneer>
10004c5e:	0030      	movs	r0, r6
10004c60:	bc3c      	pop	{r2, r3, r4, r5}
10004c62:	4690      	mov	r8, r2
10004c64:	4699      	mov	r9, r3
10004c66:	46a2      	mov	sl, r4
10004c68:	46ab      	mov	fp, r5
10004c6a:	bdf8      	pop	{r3, r4, r5, r6, r7, pc}
10004c6c:	429e      	cmp	r6, r3
10004c6e:	d322      	bcc.n	10004cb6 <tu_fifo_write_n+0xf2>
10004c70:	4642      	mov	r2, r8
10004c72:	1af6      	subs	r6, r6, r3
10004c74:	4356      	muls	r6, r2
10004c76:	2200      	movs	r2, #0
10004c78:	44b1      	add	r9, r6
10004c7a:	000f      	movs	r7, r1
10004c7c:	001e      	movs	r6, r3
10004c7e:	4692      	mov	sl, r2
10004c80:	e7cb      	b.n	10004c1a <tu_fifo_write_n+0x56>
10004c82:	896a      	ldrh	r2, [r5, #10]
10004c84:	189b      	adds	r3, r3, r2
10004c86:	b29b      	uxth	r3, r3
10004c88:	e7e3      	b.n	10004c52 <tu_fifo_write_n+0x8e>
10004c8a:	2600      	movs	r6, #0
10004c8c:	e7e7      	b.n	10004c5e <tu_fifo_write_n+0x9a>
10004c8e:	4353      	muls	r3, r2
10004c90:	b29b      	uxth	r3, r3
10004c92:	001a      	movs	r2, r3
10004c94:	4649      	mov	r1, r9
10004c96:	469b      	mov	fp, r3
10004c98:	f7fd fad8 	bl	1000224c <__wrap___aeabi_memcpy>
10004c9c:	0022      	movs	r2, r4
10004c9e:	4643      	mov	r3, r8
10004ca0:	4649      	mov	r1, r9
10004ca2:	4452      	add	r2, sl
10004ca4:	435a      	muls	r2, r3
10004ca6:	4459      	add	r1, fp
10004ca8:	b292      	uxth	r2, r2
10004caa:	6828      	ldr	r0, [r5, #0]
10004cac:	f7fd face 	bl	1000224c <__wrap___aeabi_memcpy>
10004cb0:	e7c8      	b.n	10004c44 <tu_fifo_write_n+0x80>
10004cb2:	1c31      	adds	r1, r6, #0
10004cb4:	e7ad      	b.n	10004c12 <tu_fifo_write_n+0x4e>
10004cb6:	1af4      	subs	r4, r6, r3
10004cb8:	b2a2      	uxth	r2, r4
10004cba:	4692      	mov	sl, r2
10004cbc:	e7ad      	b.n	10004c1a <tu_fifo_write_n+0x56>
10004cbe:	46c0      	nop			; (mov r8, r8)

10004cc0 <tu_fifo_clear>:
10004cc0:	b510      	push	{r4, lr}
10004cc2:	0004      	movs	r4, r0
10004cc4:	6940      	ldr	r0, [r0, #20]
10004cc6:	2800      	cmp	r0, #0
10004cc8:	d003      	beq.n	10004cd2 <tu_fifo_clear+0x12>
10004cca:	2101      	movs	r1, #1
10004ccc:	4249      	negs	r1, r1
10004cce:	f000 f99f 	bl	10005010 <__mutex_enter_timeout_ms_veneer>
10004cd2:	69a0      	ldr	r0, [r4, #24]
10004cd4:	2800      	cmp	r0, #0
10004cd6:	d003      	beq.n	10004ce0 <tu_fifo_clear+0x20>
10004cd8:	2101      	movs	r1, #1
10004cda:	4249      	negs	r1, r1
10004cdc:	f000 f998 	bl	10005010 <__mutex_enter_timeout_ms_veneer>
10004ce0:	2300      	movs	r3, #0
10004ce2:	81e3      	strh	r3, [r4, #14]
10004ce4:	8223      	strh	r3, [r4, #16]
10004ce6:	88a3      	ldrh	r3, [r4, #4]
10004ce8:	6960      	ldr	r0, [r4, #20]
10004cea:	005b      	lsls	r3, r3, #1
10004cec:	b29b      	uxth	r3, r3
10004cee:	1e5a      	subs	r2, r3, #1
10004cf0:	425b      	negs	r3, r3
10004cf2:	81a2      	strh	r2, [r4, #12]
10004cf4:	8163      	strh	r3, [r4, #10]
10004cf6:	2800      	cmp	r0, #0
10004cf8:	d001      	beq.n	10004cfe <tu_fifo_clear+0x3e>
10004cfa:	f000 f971 	bl	10004fe0 <__mutex_exit_veneer>
10004cfe:	69a0      	ldr	r0, [r4, #24]
10004d00:	2800      	cmp	r0, #0
10004d02:	d001      	beq.n	10004d08 <tu_fifo_clear+0x48>
10004d04:	f000 f96c 	bl	10004fe0 <__mutex_exit_veneer>
10004d08:	2001      	movs	r0, #1
10004d0a:	bd10      	pop	{r4, pc}

10004d0c <tu_fifo_set_overwritable>:
10004d0c:	b570      	push	{r4, r5, r6, lr}
10004d0e:	0004      	movs	r4, r0
10004d10:	6940      	ldr	r0, [r0, #20]
10004d12:	000d      	movs	r5, r1
10004d14:	2800      	cmp	r0, #0
10004d16:	d003      	beq.n	10004d20 <tu_fifo_set_overwritable+0x14>
10004d18:	2101      	movs	r1, #1
10004d1a:	4249      	negs	r1, r1
10004d1c:	f000 f978 	bl	10005010 <__mutex_enter_timeout_ms_veneer>
10004d20:	69a0      	ldr	r0, [r4, #24]
10004d22:	2800      	cmp	r0, #0
10004d24:	d003      	beq.n	10004d2e <tu_fifo_set_overwritable+0x22>
10004d26:	2101      	movs	r1, #1
10004d28:	4249      	negs	r1, r1
10004d2a:	f000 f971 	bl	10005010 <__mutex_enter_timeout_ms_veneer>
10004d2e:	6960      	ldr	r0, [r4, #20]
10004d30:	7225      	strb	r5, [r4, #8]
10004d32:	2800      	cmp	r0, #0
10004d34:	d001      	beq.n	10004d3a <tu_fifo_set_overwritable+0x2e>
10004d36:	f000 f953 	bl	10004fe0 <__mutex_exit_veneer>
10004d3a:	69a0      	ldr	r0, [r4, #24]
10004d3c:	2800      	cmp	r0, #0
10004d3e:	d001      	beq.n	10004d44 <tu_fifo_set_overwritable+0x38>
10004d40:	f000 f94e 	bl	10004fe0 <__mutex_exit_veneer>
10004d44:	2001      	movs	r0, #1
10004d46:	bd70      	pop	{r4, r5, r6, pc}

10004d48 <_retrieve_unique_id_on_boot>:
10004d48:	b510      	push	{r4, lr}
10004d4a:	4802      	ldr	r0, [pc, #8]	; (10004d54 <_retrieve_unique_id_on_boot+0xc>)
10004d4c:	f000 f8ea 	bl	10004f24 <flash_get_unique_id>
10004d50:	bd10      	pop	{r4, pc}
10004d52:	46c0      	nop			; (mov r8, r8)
10004d54:	20000ef0 	.word	0x20000ef0

10004d58 <pico_get_unique_board_id_string>:
10004d58:	3901      	subs	r1, #1
10004d5a:	b530      	push	{r4, r5, lr}
10004d5c:	2900      	cmp	r1, #0
10004d5e:	d100      	bne.n	10004d62 <pico_get_unique_board_id_string+0xa>
10004d60:	e0b8      	b.n	10004ed4 <pico_get_unique_board_id_string+0x17c>
10004d62:	4b6f      	ldr	r3, [pc, #444]	; (10004f20 <pico_get_unique_board_id_string+0x1c8>)
10004d64:	781a      	ldrb	r2, [r3, #0]
10004d66:	1112      	asrs	r2, r2, #4
10004d68:	b2d5      	uxtb	r5, r2
10004d6a:	002c      	movs	r4, r5
10004d6c:	3430      	adds	r4, #48	; 0x30
10004d6e:	2a09      	cmp	r2, #9
10004d70:	dd00      	ble.n	10004d74 <pico_get_unique_board_id_string+0x1c>
10004d72:	e0b2      	b.n	10004eda <pico_get_unique_board_id_string+0x182>
10004d74:	7004      	strb	r4, [r0, #0]
10004d76:	2901      	cmp	r1, #1
10004d78:	d100      	bne.n	10004d7c <pico_get_unique_board_id_string+0x24>
10004d7a:	e0ce      	b.n	10004f1a <pico_get_unique_board_id_string+0x1c2>
10004d7c:	220f      	movs	r2, #15
10004d7e:	781c      	ldrb	r4, [r3, #0]
10004d80:	4022      	ands	r2, r4
10004d82:	0014      	movs	r4, r2
10004d84:	3430      	adds	r4, #48	; 0x30
10004d86:	2a09      	cmp	r2, #9
10004d88:	d900      	bls.n	10004d8c <pico_get_unique_board_id_string+0x34>
10004d8a:	e0a8      	b.n	10004ede <pico_get_unique_board_id_string+0x186>
10004d8c:	7044      	strb	r4, [r0, #1]
10004d8e:	2902      	cmp	r1, #2
10004d90:	d100      	bne.n	10004d94 <pico_get_unique_board_id_string+0x3c>
10004d92:	e0c2      	b.n	10004f1a <pico_get_unique_board_id_string+0x1c2>
10004d94:	785a      	ldrb	r2, [r3, #1]
10004d96:	1112      	asrs	r2, r2, #4
10004d98:	b2d5      	uxtb	r5, r2
10004d9a:	002c      	movs	r4, r5
10004d9c:	3430      	adds	r4, #48	; 0x30
10004d9e:	2a09      	cmp	r2, #9
10004da0:	dd00      	ble.n	10004da4 <pico_get_unique_board_id_string+0x4c>
10004da2:	e09f      	b.n	10004ee4 <pico_get_unique_board_id_string+0x18c>
10004da4:	7084      	strb	r4, [r0, #2]
10004da6:	2903      	cmp	r1, #3
10004da8:	d100      	bne.n	10004dac <pico_get_unique_board_id_string+0x54>
10004daa:	e0b6      	b.n	10004f1a <pico_get_unique_board_id_string+0x1c2>
10004dac:	220f      	movs	r2, #15
10004dae:	785c      	ldrb	r4, [r3, #1]
10004db0:	4022      	ands	r2, r4
10004db2:	0014      	movs	r4, r2
10004db4:	3430      	adds	r4, #48	; 0x30
10004db6:	2a09      	cmp	r2, #9
10004db8:	d900      	bls.n	10004dbc <pico_get_unique_board_id_string+0x64>
10004dba:	e095      	b.n	10004ee8 <pico_get_unique_board_id_string+0x190>
10004dbc:	70c4      	strb	r4, [r0, #3]
10004dbe:	2904      	cmp	r1, #4
10004dc0:	d100      	bne.n	10004dc4 <pico_get_unique_board_id_string+0x6c>
10004dc2:	e0aa      	b.n	10004f1a <pico_get_unique_board_id_string+0x1c2>
10004dc4:	789a      	ldrb	r2, [r3, #2]
10004dc6:	1112      	asrs	r2, r2, #4
10004dc8:	b2d5      	uxtb	r5, r2
10004dca:	002c      	movs	r4, r5
10004dcc:	3430      	adds	r4, #48	; 0x30
10004dce:	2a09      	cmp	r2, #9
10004dd0:	dd00      	ble.n	10004dd4 <pico_get_unique_board_id_string+0x7c>
10004dd2:	e08c      	b.n	10004eee <pico_get_unique_board_id_string+0x196>
10004dd4:	7104      	strb	r4, [r0, #4]
10004dd6:	2905      	cmp	r1, #5
10004dd8:	d100      	bne.n	10004ddc <pico_get_unique_board_id_string+0x84>
10004dda:	e09e      	b.n	10004f1a <pico_get_unique_board_id_string+0x1c2>
10004ddc:	220f      	movs	r2, #15
10004dde:	789c      	ldrb	r4, [r3, #2]
10004de0:	4022      	ands	r2, r4
10004de2:	0014      	movs	r4, r2
10004de4:	3430      	adds	r4, #48	; 0x30
10004de6:	2a09      	cmp	r2, #9
10004de8:	d900      	bls.n	10004dec <pico_get_unique_board_id_string+0x94>
10004dea:	e082      	b.n	10004ef2 <pico_get_unique_board_id_string+0x19a>
10004dec:	7144      	strb	r4, [r0, #5]
10004dee:	2906      	cmp	r1, #6
10004df0:	d100      	bne.n	10004df4 <pico_get_unique_board_id_string+0x9c>
10004df2:	e092      	b.n	10004f1a <pico_get_unique_board_id_string+0x1c2>
10004df4:	78da      	ldrb	r2, [r3, #3]
10004df6:	1112      	asrs	r2, r2, #4
10004df8:	b2d5      	uxtb	r5, r2
10004dfa:	002c      	movs	r4, r5
10004dfc:	3430      	adds	r4, #48	; 0x30
10004dfe:	2a09      	cmp	r2, #9
10004e00:	dd00      	ble.n	10004e04 <pico_get_unique_board_id_string+0xac>
10004e02:	e079      	b.n	10004ef8 <pico_get_unique_board_id_string+0x1a0>
10004e04:	7184      	strb	r4, [r0, #6]
10004e06:	2907      	cmp	r1, #7
10004e08:	d100      	bne.n	10004e0c <pico_get_unique_board_id_string+0xb4>
10004e0a:	e086      	b.n	10004f1a <pico_get_unique_board_id_string+0x1c2>
10004e0c:	220f      	movs	r2, #15
10004e0e:	78dc      	ldrb	r4, [r3, #3]
10004e10:	4022      	ands	r2, r4
10004e12:	0014      	movs	r4, r2
10004e14:	3430      	adds	r4, #48	; 0x30
10004e16:	2a09      	cmp	r2, #9
10004e18:	d900      	bls.n	10004e1c <pico_get_unique_board_id_string+0xc4>
10004e1a:	e06f      	b.n	10004efc <pico_get_unique_board_id_string+0x1a4>
10004e1c:	71c4      	strb	r4, [r0, #7]
10004e1e:	2908      	cmp	r1, #8
10004e20:	d100      	bne.n	10004e24 <pico_get_unique_board_id_string+0xcc>
10004e22:	e07a      	b.n	10004f1a <pico_get_unique_board_id_string+0x1c2>
10004e24:	791a      	ldrb	r2, [r3, #4]
10004e26:	1112      	asrs	r2, r2, #4
10004e28:	b2d5      	uxtb	r5, r2
10004e2a:	002c      	movs	r4, r5
10004e2c:	3430      	adds	r4, #48	; 0x30
10004e2e:	2a09      	cmp	r2, #9
10004e30:	dc67      	bgt.n	10004f02 <pico_get_unique_board_id_string+0x1aa>
10004e32:	7204      	strb	r4, [r0, #8]
10004e34:	2909      	cmp	r1, #9
10004e36:	d100      	bne.n	10004e3a <pico_get_unique_board_id_string+0xe2>
10004e38:	e06f      	b.n	10004f1a <pico_get_unique_board_id_string+0x1c2>
10004e3a:	220f      	movs	r2, #15
10004e3c:	791c      	ldrb	r4, [r3, #4]
10004e3e:	4022      	ands	r2, r4
10004e40:	0014      	movs	r4, r2
10004e42:	3430      	adds	r4, #48	; 0x30
10004e44:	2a09      	cmp	r2, #9
10004e46:	d85e      	bhi.n	10004f06 <pico_get_unique_board_id_string+0x1ae>
10004e48:	7244      	strb	r4, [r0, #9]
10004e4a:	290a      	cmp	r1, #10
10004e4c:	d065      	beq.n	10004f1a <pico_get_unique_board_id_string+0x1c2>
10004e4e:	795a      	ldrb	r2, [r3, #5]
10004e50:	1112      	asrs	r2, r2, #4
10004e52:	b2d5      	uxtb	r5, r2
10004e54:	002c      	movs	r4, r5
10004e56:	3430      	adds	r4, #48	; 0x30
10004e58:	2a09      	cmp	r2, #9
10004e5a:	dc57      	bgt.n	10004f0c <pico_get_unique_board_id_string+0x1b4>
10004e5c:	7284      	strb	r4, [r0, #10]
10004e5e:	290b      	cmp	r1, #11
10004e60:	d05b      	beq.n	10004f1a <pico_get_unique_board_id_string+0x1c2>
10004e62:	220f      	movs	r2, #15
10004e64:	795c      	ldrb	r4, [r3, #5]
10004e66:	4022      	ands	r2, r4
10004e68:	0014      	movs	r4, r2
10004e6a:	3430      	adds	r4, #48	; 0x30
10004e6c:	2a09      	cmp	r2, #9
10004e6e:	d84f      	bhi.n	10004f10 <pico_get_unique_board_id_string+0x1b8>
10004e70:	72c4      	strb	r4, [r0, #11]
10004e72:	290c      	cmp	r1, #12
10004e74:	d051      	beq.n	10004f1a <pico_get_unique_board_id_string+0x1c2>
10004e76:	799a      	ldrb	r2, [r3, #6]
10004e78:	1112      	asrs	r2, r2, #4
10004e7a:	b2d5      	uxtb	r5, r2
10004e7c:	002c      	movs	r4, r5
10004e7e:	3430      	adds	r4, #48	; 0x30
10004e80:	2a09      	cmp	r2, #9
10004e82:	dd00      	ble.n	10004e86 <pico_get_unique_board_id_string+0x12e>
10004e84:	3407      	adds	r4, #7
10004e86:	7304      	strb	r4, [r0, #12]
10004e88:	290d      	cmp	r1, #13
10004e8a:	d046      	beq.n	10004f1a <pico_get_unique_board_id_string+0x1c2>
10004e8c:	220f      	movs	r2, #15
10004e8e:	799c      	ldrb	r4, [r3, #6]
10004e90:	4022      	ands	r2, r4
10004e92:	0014      	movs	r4, r2
10004e94:	3430      	adds	r4, #48	; 0x30
10004e96:	2a09      	cmp	r2, #9
10004e98:	d901      	bls.n	10004e9e <pico_get_unique_board_id_string+0x146>
10004e9a:	3237      	adds	r2, #55	; 0x37
10004e9c:	0014      	movs	r4, r2
10004e9e:	7344      	strb	r4, [r0, #13]
10004ea0:	290e      	cmp	r1, #14
10004ea2:	d03a      	beq.n	10004f1a <pico_get_unique_board_id_string+0x1c2>
10004ea4:	79da      	ldrb	r2, [r3, #7]
10004ea6:	1112      	asrs	r2, r2, #4
10004ea8:	b2d5      	uxtb	r5, r2
10004eaa:	002c      	movs	r4, r5
10004eac:	3430      	adds	r4, #48	; 0x30
10004eae:	2a09      	cmp	r2, #9
10004eb0:	dd00      	ble.n	10004eb4 <pico_get_unique_board_id_string+0x15c>
10004eb2:	3407      	adds	r4, #7
10004eb4:	7384      	strb	r4, [r0, #14]
10004eb6:	290f      	cmp	r1, #15
10004eb8:	d02f      	beq.n	10004f1a <pico_get_unique_board_id_string+0x1c2>
10004eba:	79da      	ldrb	r2, [r3, #7]
10004ebc:	230f      	movs	r3, #15
10004ebe:	4013      	ands	r3, r2
10004ec0:	001a      	movs	r2, r3
10004ec2:	3237      	adds	r2, #55	; 0x37
10004ec4:	2b09      	cmp	r3, #9
10004ec6:	d801      	bhi.n	10004ecc <pico_get_unique_board_id_string+0x174>
10004ec8:	3330      	adds	r3, #48	; 0x30
10004eca:	001a      	movs	r2, r3
10004ecc:	73c2      	strb	r2, [r0, #15]
10004ece:	2910      	cmp	r1, #16
10004ed0:	d023      	beq.n	10004f1a <pico_get_unique_board_id_string+0x1c2>
10004ed2:	3010      	adds	r0, #16
10004ed4:	2300      	movs	r3, #0
10004ed6:	7003      	strb	r3, [r0, #0]
10004ed8:	bd30      	pop	{r4, r5, pc}
10004eda:	3407      	adds	r4, #7
10004edc:	e74a      	b.n	10004d74 <pico_get_unique_board_id_string+0x1c>
10004ede:	3237      	adds	r2, #55	; 0x37
10004ee0:	0014      	movs	r4, r2
10004ee2:	e753      	b.n	10004d8c <pico_get_unique_board_id_string+0x34>
10004ee4:	3407      	adds	r4, #7
10004ee6:	e75d      	b.n	10004da4 <pico_get_unique_board_id_string+0x4c>
10004ee8:	3237      	adds	r2, #55	; 0x37
10004eea:	0014      	movs	r4, r2
10004eec:	e766      	b.n	10004dbc <pico_get_unique_board_id_string+0x64>
10004eee:	3407      	adds	r4, #7
10004ef0:	e770      	b.n	10004dd4 <pico_get_unique_board_id_string+0x7c>
10004ef2:	3237      	adds	r2, #55	; 0x37
10004ef4:	0014      	movs	r4, r2
10004ef6:	e779      	b.n	10004dec <pico_get_unique_board_id_string+0x94>
10004ef8:	3407      	adds	r4, #7
10004efa:	e783      	b.n	10004e04 <pico_get_unique_board_id_string+0xac>
10004efc:	3237      	adds	r2, #55	; 0x37
10004efe:	0014      	movs	r4, r2
10004f00:	e78c      	b.n	10004e1c <pico_get_unique_board_id_string+0xc4>
10004f02:	3407      	adds	r4, #7
10004f04:	e795      	b.n	10004e32 <pico_get_unique_board_id_string+0xda>
10004f06:	3237      	adds	r2, #55	; 0x37
10004f08:	0014      	movs	r4, r2
10004f0a:	e79d      	b.n	10004e48 <pico_get_unique_board_id_string+0xf0>
10004f0c:	3407      	adds	r4, #7
10004f0e:	e7a5      	b.n	10004e5c <pico_get_unique_board_id_string+0x104>
10004f10:	3237      	adds	r2, #55	; 0x37
10004f12:	0014      	movs	r4, r2
10004f14:	72c4      	strb	r4, [r0, #11]
10004f16:	290c      	cmp	r1, #12
10004f18:	d1ad      	bne.n	10004e76 <pico_get_unique_board_id_string+0x11e>
10004f1a:	1840      	adds	r0, r0, r1
10004f1c:	e7da      	b.n	10004ed4 <pico_get_unique_board_id_string+0x17c>
10004f1e:	46c0      	nop			; (mov r8, r8)
10004f20:	20000ef0 	.word	0x20000ef0

10004f24 <flash_get_unique_id>:
10004f24:	b510      	push	{r4, lr}
10004f26:	b088      	sub	sp, #32
10004f28:	0004      	movs	r4, r0
10004f2a:	220d      	movs	r2, #13
10004f2c:	2100      	movs	r1, #0
10004f2e:	4668      	mov	r0, sp
10004f30:	f7fd f986 	bl	10002240 <__wrap_memset>
10004f34:	220d      	movs	r2, #13
10004f36:	2100      	movs	r1, #0
10004f38:	a804      	add	r0, sp, #16
10004f3a:	f7fd f981 	bl	10002240 <__wrap_memset>
10004f3e:	234b      	movs	r3, #75	; 0x4b
10004f40:	466a      	mov	r2, sp
10004f42:	a904      	add	r1, sp, #16
10004f44:	7013      	strb	r3, [r2, #0]
10004f46:	4668      	mov	r0, sp
10004f48:	220d      	movs	r2, #13
10004f4a:	f000 f841 	bl	10004fd0 <__flash_do_cmd_veneer>
10004f4e:	2115      	movs	r1, #21
10004f50:	2208      	movs	r2, #8
10004f52:	4469      	add	r1, sp
10004f54:	0020      	movs	r0, r4
10004f56:	f7fd f979 	bl	1000224c <__wrap___aeabi_memcpy>
10004f5a:	b008      	add	sp, #32
10004f5c:	bd10      	pop	{r4, pc}
10004f5e:	46c0      	nop			; (mov r8, r8)

10004f60 <strlen>:
10004f60:	b510      	push	{r4, lr}
10004f62:	0783      	lsls	r3, r0, #30
10004f64:	d027      	beq.n	10004fb6 <strlen+0x56>
10004f66:	7803      	ldrb	r3, [r0, #0]
10004f68:	2b00      	cmp	r3, #0
10004f6a:	d026      	beq.n	10004fba <strlen+0x5a>
10004f6c:	0003      	movs	r3, r0
10004f6e:	2103      	movs	r1, #3
10004f70:	e002      	b.n	10004f78 <strlen+0x18>
10004f72:	781a      	ldrb	r2, [r3, #0]
10004f74:	2a00      	cmp	r2, #0
10004f76:	d01c      	beq.n	10004fb2 <strlen+0x52>
10004f78:	3301      	adds	r3, #1
10004f7a:	420b      	tst	r3, r1
10004f7c:	d1f9      	bne.n	10004f72 <strlen+0x12>
10004f7e:	6819      	ldr	r1, [r3, #0]
10004f80:	4a0f      	ldr	r2, [pc, #60]	; (10004fc0 <strlen+0x60>)
10004f82:	4c10      	ldr	r4, [pc, #64]	; (10004fc4 <strlen+0x64>)
10004f84:	188a      	adds	r2, r1, r2
10004f86:	438a      	bics	r2, r1
10004f88:	4222      	tst	r2, r4
10004f8a:	d10f      	bne.n	10004fac <strlen+0x4c>
10004f8c:	3304      	adds	r3, #4
10004f8e:	6819      	ldr	r1, [r3, #0]
10004f90:	4a0b      	ldr	r2, [pc, #44]	; (10004fc0 <strlen+0x60>)
10004f92:	188a      	adds	r2, r1, r2
10004f94:	438a      	bics	r2, r1
10004f96:	4222      	tst	r2, r4
10004f98:	d108      	bne.n	10004fac <strlen+0x4c>
10004f9a:	3304      	adds	r3, #4
10004f9c:	6819      	ldr	r1, [r3, #0]
10004f9e:	4a08      	ldr	r2, [pc, #32]	; (10004fc0 <strlen+0x60>)
10004fa0:	188a      	adds	r2, r1, r2
10004fa2:	438a      	bics	r2, r1
10004fa4:	4222      	tst	r2, r4
10004fa6:	d0f1      	beq.n	10004f8c <strlen+0x2c>
10004fa8:	e000      	b.n	10004fac <strlen+0x4c>
10004faa:	3301      	adds	r3, #1
10004fac:	781a      	ldrb	r2, [r3, #0]
10004fae:	2a00      	cmp	r2, #0
10004fb0:	d1fb      	bne.n	10004faa <strlen+0x4a>
10004fb2:	1a18      	subs	r0, r3, r0
10004fb4:	bd10      	pop	{r4, pc}
10004fb6:	0003      	movs	r3, r0
10004fb8:	e7e1      	b.n	10004f7e <strlen+0x1e>
10004fba:	2000      	movs	r0, #0
10004fbc:	e7fa      	b.n	10004fb4 <strlen+0x54>
10004fbe:	46c0      	nop			; (mov r8, r8)
10004fc0:	fefefeff 	.word	0xfefefeff
10004fc4:	80808080 	.word	0x80808080

10004fc8 <_fini>:
10004fc8:	b5f8      	push	{r3, r4, r5, r6, r7, lr}
10004fca:	46c0      	nop			; (mov r8, r8)
10004fcc:	0000      	movs	r0, r0
	...

10004fd0 <__flash_do_cmd_veneer>:
10004fd0:	b401      	push	{r0}
10004fd2:	4802      	ldr	r0, [pc, #8]	; (10004fdc <__flash_do_cmd_veneer+0xc>)
10004fd4:	4684      	mov	ip, r0
10004fd6:	bc01      	pop	{r0}
10004fd8:	4760      	bx	ip
10004fda:	bf00      	nop
10004fdc:	20000289 	.word	0x20000289

10004fe0 <__mutex_exit_veneer>:
10004fe0:	b401      	push	{r0}
10004fe2:	4802      	ldr	r0, [pc, #8]	; (10004fec <__mutex_exit_veneer+0xc>)
10004fe4:	4684      	mov	ip, r0
10004fe6:	bc01      	pop	{r0}
10004fe8:	4760      	bx	ip
10004fea:	bf00      	nop
10004fec:	200001e9 	.word	0x200001e9

10004ff0 <____aeabi_idiv0_veneer>:
10004ff0:	b401      	push	{r0}
10004ff2:	4802      	ldr	r0, [pc, #8]	; (10004ffc <____aeabi_idiv0_veneer+0xc>)
10004ff4:	4684      	mov	ip, r0
10004ff6:	bc01      	pop	{r0}
10004ff8:	4760      	bx	ip
10004ffa:	bf00      	nop
10004ffc:	2000033d 	.word	0x2000033d

10005000 <__mutex_try_enter_veneer>:
10005000:	b401      	push	{r0}
10005002:	4802      	ldr	r0, [pc, #8]	; (1000500c <__mutex_try_enter_veneer+0xc>)
10005004:	4684      	mov	ip, r0
10005006:	bc01      	pop	{r0}
10005008:	4760      	bx	ip
1000500a:	bf00      	nop
1000500c:	20000109 	.word	0x20000109

10005010 <__mutex_enter_timeout_ms_veneer>:
10005010:	b401      	push	{r0}
10005012:	4802      	ldr	r0, [pc, #8]	; (1000501c <__mutex_enter_timeout_ms_veneer+0xc>)
10005014:	4684      	mov	ip, r0
10005016:	bc01      	pop	{r0}
10005018:	4760      	bx	ip
1000501a:	bf00      	nop
1000501c:	20000151 	.word	0x20000151

10005020 <__mutex_enter_blocking_veneer>:
10005020:	b401      	push	{r0}
10005022:	4802      	ldr	r0, [pc, #8]	; (1000502c <__mutex_enter_blocking_veneer+0xc>)
10005024:	4684      	mov	ip, r0
10005026:	bc01      	pop	{r0}
10005028:	4760      	bx	ip
1000502a:	bf00      	nop
1000502c:	200000c1 	.word	0x200000c1

Disassembly of section .data:

200000c0 <mutex_enter_blocking>:
200000c0:	23d0      	movs	r3, #208	; 0xd0
200000c2:	b530      	push	{r4, r5, lr}
200000c4:	2500      	movs	r5, #0
200000c6:	061b      	lsls	r3, r3, #24
200000c8:	575d      	ldrsb	r5, [r3, r5]
200000ca:	2400      	movs	r4, #0
200000cc:	e006      	b.n	200000dc <mutex_enter_blocking+0x1c>
200000ce:	6803      	ldr	r3, [r0, #0]
200000d0:	f3bf 8f5f 	dmb	sy
200000d4:	601c      	str	r4, [r3, #0]
200000d6:	f381 8810 	msr	PRIMASK, r1
200000da:	bf20      	wfe
200000dc:	6802      	ldr	r2, [r0, #0]
200000de:	f3ef 8110 	mrs	r1, PRIMASK
200000e2:	b672      	cpsid	i
200000e4:	6813      	ldr	r3, [r2, #0]
200000e6:	2b00      	cmp	r3, #0
200000e8:	d0fc      	beq.n	200000e4 <mutex_enter_blocking+0x24>
200000ea:	f3bf 8f5f 	dmb	sy
200000ee:	7903      	ldrb	r3, [r0, #4]
200000f0:	2b7f      	cmp	r3, #127	; 0x7f
200000f2:	d9ec      	bls.n	200000ce <mutex_enter_blocking+0xe>
200000f4:	7105      	strb	r5, [r0, #4]
200000f6:	6803      	ldr	r3, [r0, #0]
200000f8:	f3bf 8f5f 	dmb	sy
200000fc:	2200      	movs	r2, #0
200000fe:	601a      	str	r2, [r3, #0]
20000100:	f381 8810 	msr	PRIMASK, r1
20000104:	bd30      	pop	{r4, r5, pc}
20000106:	46c0      	nop			; (mov r8, r8)

20000108 <mutex_try_enter>:
20000108:	0003      	movs	r3, r0
2000010a:	b510      	push	{r4, lr}
2000010c:	6800      	ldr	r0, [r0, #0]
2000010e:	f3ef 8410 	mrs	r4, PRIMASK
20000112:	b672      	cpsid	i
20000114:	6802      	ldr	r2, [r0, #0]
20000116:	2a00      	cmp	r2, #0
20000118:	d0fc      	beq.n	20000114 <mutex_try_enter+0xc>
2000011a:	f3bf 8f5f 	dmb	sy
2000011e:	2204      	movs	r2, #4
20000120:	569a      	ldrsb	r2, [r3, r2]
20000122:	2a00      	cmp	r2, #0
20000124:	db0b      	blt.n	2000013e <mutex_try_enter+0x36>
20000126:	2900      	cmp	r1, #0
20000128:	d00f      	beq.n	2000014a <mutex_try_enter+0x42>
2000012a:	2000      	movs	r0, #0
2000012c:	600a      	str	r2, [r1, #0]
2000012e:	681b      	ldr	r3, [r3, #0]
20000130:	f3bf 8f5f 	dmb	sy
20000134:	2200      	movs	r2, #0
20000136:	601a      	str	r2, [r3, #0]
20000138:	f384 8810 	msr	PRIMASK, r4
2000013c:	bd10      	pop	{r4, pc}
2000013e:	22d0      	movs	r2, #208	; 0xd0
20000140:	0612      	lsls	r2, r2, #24
20000142:	6812      	ldr	r2, [r2, #0]
20000144:	2001      	movs	r0, #1
20000146:	711a      	strb	r2, [r3, #4]
20000148:	e7f1      	b.n	2000012e <mutex_try_enter+0x26>
2000014a:	2000      	movs	r0, #0
2000014c:	e7ef      	b.n	2000012e <mutex_try_enter+0x26>
2000014e:	46c0      	nop			; (mov r8, r8)

20000150 <mutex_enter_timeout_ms>:
20000150:	b5f0      	push	{r4, r5, r6, r7, lr}
20000152:	46c6      	mov	lr, r8
20000154:	b500      	push	{lr}
20000156:	000c      	movs	r4, r1
20000158:	4680      	mov	r8, r0
2000015a:	f000 f8f1 	bl	20000340 <__time_us_64_veneer>
2000015e:	22fa      	movs	r2, #250	; 0xfa
20000160:	0006      	movs	r6, r0
20000162:	000f      	movs	r7, r1
20000164:	0020      	movs	r0, r4
20000166:	0092      	lsls	r2, r2, #2
20000168:	2300      	movs	r3, #0
2000016a:	2100      	movs	r1, #0
2000016c:	f000 f8f0 	bl	20000350 <____wrap___aeabi_lmul_veneer>
20000170:	1980      	adds	r0, r0, r6
20000172:	4179      	adcs	r1, r7
20000174:	0004      	movs	r4, r0
20000176:	000d      	movs	r5, r1
20000178:	428f      	cmp	r7, r1
2000017a:	d82f      	bhi.n	200001dc <mutex_enter_timeout_ms+0x8c>
2000017c:	d02c      	beq.n	200001d8 <mutex_enter_timeout_ms+0x88>
2000017e:	23d0      	movs	r3, #208	; 0xd0
20000180:	061b      	lsls	r3, r3, #24
20000182:	681f      	ldr	r7, [r3, #0]
20000184:	2600      	movs	r6, #0
20000186:	e00c      	b.n	200001a2 <mutex_enter_timeout_ms+0x52>
20000188:	4642      	mov	r2, r8
2000018a:	6812      	ldr	r2, [r2, #0]
2000018c:	f3bf 8f5f 	dmb	sy
20000190:	6016      	str	r6, [r2, #0]
20000192:	f383 8810 	msr	PRIMASK, r3
20000196:	0020      	movs	r0, r4
20000198:	0029      	movs	r1, r5
2000019a:	f000 f8e1 	bl	20000360 <__best_effort_wfe_or_timeout_veneer>
2000019e:	2800      	cmp	r0, #0
200001a0:	d120      	bne.n	200001e4 <mutex_enter_timeout_ms+0x94>
200001a2:	4643      	mov	r3, r8
200001a4:	681a      	ldr	r2, [r3, #0]
200001a6:	f3ef 8310 	mrs	r3, PRIMASK
200001aa:	b672      	cpsid	i
200001ac:	6811      	ldr	r1, [r2, #0]
200001ae:	2900      	cmp	r1, #0
200001b0:	d0fc      	beq.n	200001ac <mutex_enter_timeout_ms+0x5c>
200001b2:	f3bf 8f5f 	dmb	sy
200001b6:	4642      	mov	r2, r8
200001b8:	7912      	ldrb	r2, [r2, #4]
200001ba:	2a7f      	cmp	r2, #127	; 0x7f
200001bc:	d9e4      	bls.n	20000188 <mutex_enter_timeout_ms+0x38>
200001be:	4642      	mov	r2, r8
200001c0:	7117      	strb	r7, [r2, #4]
200001c2:	6812      	ldr	r2, [r2, #0]
200001c4:	f3bf 8f5f 	dmb	sy
200001c8:	2100      	movs	r1, #0
200001ca:	6011      	str	r1, [r2, #0]
200001cc:	f383 8810 	msr	PRIMASK, r3
200001d0:	2001      	movs	r0, #1
200001d2:	bc04      	pop	{r2}
200001d4:	4690      	mov	r8, r2
200001d6:	bdf0      	pop	{r4, r5, r6, r7, pc}
200001d8:	4286      	cmp	r6, r0
200001da:	d9d0      	bls.n	2000017e <mutex_enter_timeout_ms+0x2e>
200001dc:	2401      	movs	r4, #1
200001de:	4264      	negs	r4, r4
200001e0:	17e5      	asrs	r5, r4, #31
200001e2:	e7cc      	b.n	2000017e <mutex_enter_timeout_ms+0x2e>
200001e4:	2000      	movs	r0, #0
200001e6:	e7f4      	b.n	200001d2 <mutex_enter_timeout_ms+0x82>

200001e8 <mutex_exit>:
200001e8:	6802      	ldr	r2, [r0, #0]
200001ea:	f3ef 8110 	mrs	r1, PRIMASK
200001ee:	b672      	cpsid	i
200001f0:	6813      	ldr	r3, [r2, #0]
200001f2:	2b00      	cmp	r3, #0
200001f4:	d0fc      	beq.n	200001f0 <mutex_exit+0x8>
200001f6:	f3bf 8f5f 	dmb	sy
200001fa:	23ff      	movs	r3, #255	; 0xff
200001fc:	7103      	strb	r3, [r0, #4]
200001fe:	6803      	ldr	r3, [r0, #0]
20000200:	f3bf 8f5f 	dmb	sy
20000204:	2200      	movs	r2, #0
20000206:	601a      	str	r2, [r3, #0]
20000208:	f381 8810 	msr	PRIMASK, r1
2000020c:	bf40      	sev
2000020e:	4770      	bx	lr

20000210 <flash_init_boot2_copyout>:
20000210:	4808      	ldr	r0, [pc, #32]	; (20000234 <flash_init_boot2_copyout+0x24>)
20000212:	b510      	push	{r4, lr}
20000214:	7803      	ldrb	r3, [r0, #0]
20000216:	2b00      	cmp	r3, #0
20000218:	d10a      	bne.n	20000230 <flash_init_boot2_copyout+0x20>
2000021a:	2380      	movs	r3, #128	; 0x80
2000021c:	4906      	ldr	r1, [pc, #24]	; (20000238 <flash_init_boot2_copyout+0x28>)
2000021e:	4a07      	ldr	r2, [pc, #28]	; (2000023c <flash_init_boot2_copyout+0x2c>)
20000220:	055b      	lsls	r3, r3, #21
20000222:	681c      	ldr	r4, [r3, #0]
20000224:	50cc      	str	r4, [r1, r3]
20000226:	3304      	adds	r3, #4
20000228:	4293      	cmp	r3, r2
2000022a:	d1fa      	bne.n	20000222 <flash_init_boot2_copyout+0x12>
2000022c:	2301      	movs	r3, #1
2000022e:	7003      	strb	r3, [r0, #0]
20000230:	bd10      	pop	{r4, pc}
20000232:	46c0      	nop			; (mov r8, r8)
20000234:	20000f30 	.word	0x20000f30
20000238:	10000938 	.word	0x10000938
2000023c:	10000100 	.word	0x10000100

20000240 <flash_enable_xip_via_boot2>:
20000240:	b510      	push	{r4, lr}
20000242:	4b02      	ldr	r3, [pc, #8]	; (2000024c <flash_enable_xip_via_boot2+0xc>)
20000244:	3301      	adds	r3, #1
20000246:	4798      	blx	r3
20000248:	bd10      	pop	{r4, pc}
2000024a:	46c0      	nop			; (mov r8, r8)
2000024c:	20000938 	.word	0x20000938

20000250 <flash_cs_force.constprop.0>:
20000250:	4b05      	ldr	r3, [pc, #20]	; (20000268 <flash_cs_force.constprop.0+0x18>)
20000252:	681a      	ldr	r2, [r3, #0]
20000254:	2380      	movs	r3, #128	; 0x80
20000256:	009b      	lsls	r3, r3, #2
20000258:	4053      	eors	r3, r2
2000025a:	22c0      	movs	r2, #192	; 0xc0
2000025c:	0092      	lsls	r2, r2, #2
2000025e:	4013      	ands	r3, r2
20000260:	4a02      	ldr	r2, [pc, #8]	; (2000026c <flash_cs_force.constprop.0+0x1c>)
20000262:	6013      	str	r3, [r2, #0]
20000264:	4770      	bx	lr
20000266:	46c0      	nop			; (mov r8, r8)
20000268:	4001800c 	.word	0x4001800c
2000026c:	4001900c 	.word	0x4001900c

20000270 <flash_cs_force.constprop.1>:
20000270:	4b03      	ldr	r3, [pc, #12]	; (20000280 <flash_cs_force.constprop.1+0x10>)
20000272:	681a      	ldr	r2, [r3, #0]
20000274:	23c0      	movs	r3, #192	; 0xc0
20000276:	009b      	lsls	r3, r3, #2
20000278:	4393      	bics	r3, r2
2000027a:	4a02      	ldr	r2, [pc, #8]	; (20000284 <flash_cs_force.constprop.1+0x14>)
2000027c:	6013      	str	r3, [r2, #0]
2000027e:	4770      	bx	lr
20000280:	4001800c 	.word	0x4001800c
20000284:	4001900c 	.word	0x4001900c

20000288 <flash_do_cmd>:
20000288:	b5f0      	push	{r4, r5, r6, r7, lr}
2000028a:	46d6      	mov	lr, sl
2000028c:	464f      	mov	r7, r9
2000028e:	4646      	mov	r6, r8
20000290:	2314      	movs	r3, #20
20000292:	b5c0      	push	{r6, r7, lr}
20000294:	2718      	movs	r7, #24
20000296:	4698      	mov	r8, r3
20000298:	4681      	mov	r9, r0
2000029a:	000d      	movs	r5, r1
2000029c:	8818      	ldrh	r0, [r3, #0]
2000029e:	4924      	ldr	r1, [pc, #144]	; (20000330 <flash_do_cmd+0xa8>)
200002a0:	883b      	ldrh	r3, [r7, #0]
200002a2:	0014      	movs	r4, r2
200002a4:	4798      	blx	r3
200002a6:	4643      	mov	r3, r8
200002a8:	4682      	mov	sl, r0
200002aa:	4922      	ldr	r1, [pc, #136]	; (20000334 <flash_do_cmd+0xac>)
200002ac:	8818      	ldrh	r0, [r3, #0]
200002ae:	883b      	ldrh	r3, [r7, #0]
200002b0:	4798      	blx	r3
200002b2:	4643      	mov	r3, r8
200002b4:	4920      	ldr	r1, [pc, #128]	; (20000338 <flash_do_cmd+0xb0>)
200002b6:	0006      	movs	r6, r0
200002b8:	8818      	ldrh	r0, [r3, #0]
200002ba:	883b      	ldrh	r3, [r7, #0]
200002bc:	4798      	blx	r3
200002be:	4680      	mov	r8, r0
200002c0:	f7ff ffa6 	bl	20000210 <flash_init_boot2_copyout>
200002c4:	47d0      	blx	sl
200002c6:	47b0      	blx	r6
200002c8:	f7ff ffc2 	bl	20000250 <flash_cs_force.constprop.0>
200002cc:	2c00      	cmp	r4, #0
200002ce:	d024      	beq.n	2000031a <flash_do_cmd+0x92>
200002d0:	20c0      	movs	r0, #192	; 0xc0
200002d2:	0022      	movs	r2, r4
200002d4:	0540      	lsls	r0, r0, #21
200002d6:	2608      	movs	r6, #8
200002d8:	3f16      	subs	r7, #22
200002da:	e011      	b.n	20000300 <flash_do_cmd+0x78>
200002dc:	464b      	mov	r3, r9
200002de:	781b      	ldrb	r3, [r3, #0]
200002e0:	3c01      	subs	r4, #1
200002e2:	6603      	str	r3, [r0, #96]	; 0x60
200002e4:	2301      	movs	r3, #1
200002e6:	469c      	mov	ip, r3
200002e8:	44e1      	add	r9, ip
200002ea:	2900      	cmp	r1, #0
200002ec:	d005      	beq.n	200002fa <flash_do_cmd+0x72>
200002ee:	2a00      	cmp	r2, #0
200002f0:	d003      	beq.n	200002fa <flash_do_cmd+0x72>
200002f2:	6e03      	ldr	r3, [r0, #96]	; 0x60
200002f4:	3a01      	subs	r2, #1
200002f6:	702b      	strb	r3, [r5, #0]
200002f8:	3501      	adds	r5, #1
200002fa:	0013      	movs	r3, r2
200002fc:	4323      	orrs	r3, r4
200002fe:	d00c      	beq.n	2000031a <flash_do_cmd+0x92>
20000300:	0031      	movs	r1, r6
20000302:	6a83      	ldr	r3, [r0, #40]	; 0x28
20000304:	4019      	ands	r1, r3
20000306:	421f      	tst	r7, r3
20000308:	d0ef      	beq.n	200002ea <flash_do_cmd+0x62>
2000030a:	2c00      	cmp	r4, #0
2000030c:	d0ed      	beq.n	200002ea <flash_do_cmd+0x62>
2000030e:	1b13      	subs	r3, r2, r4
20000310:	2b0d      	cmp	r3, #13
20000312:	d9e3      	bls.n	200002dc <flash_do_cmd+0x54>
20000314:	2900      	cmp	r1, #0
20000316:	d1ea      	bne.n	200002ee <flash_do_cmd+0x66>
20000318:	e7f2      	b.n	20000300 <flash_do_cmd+0x78>
2000031a:	f7ff ffa9 	bl	20000270 <flash_cs_force.constprop.1>
2000031e:	47c0      	blx	r8
20000320:	f7ff ff8e 	bl	20000240 <flash_enable_xip_via_boot2>
20000324:	bc1c      	pop	{r2, r3, r4}
20000326:	4690      	mov	r8, r2
20000328:	4699      	mov	r9, r3
2000032a:	46a2      	mov	sl, r4
2000032c:	bdf0      	pop	{r4, r5, r6, r7, pc}
2000032e:	46c0      	nop			; (mov r8, r8)
20000330:	00004649 	.word	0x00004649
20000334:	00005845 	.word	0x00005845
20000338:	00004346 	.word	0x00004346

2000033c <__aeabi_idiv0>:
2000033c:	4770      	bx	lr
2000033e:	46c0      	nop			; (mov r8, r8)

20000340 <__time_us_64_veneer>:
20000340:	b401      	push	{r0}
20000342:	4802      	ldr	r0, [pc, #8]	; (2000034c <__time_us_64_veneer+0xc>)
20000344:	4684      	mov	ip, r0
20000346:	bc01      	pop	{r0}
20000348:	4760      	bx	ip
2000034a:	bf00      	nop
2000034c:	100011a9 	.word	0x100011a9

20000350 <____wrap___aeabi_lmul_veneer>:
20000350:	b401      	push	{r0}
20000352:	4802      	ldr	r0, [pc, #8]	; (2000035c <____wrap___aeabi_lmul_veneer+0xc>)
20000354:	4684      	mov	ip, r0
20000356:	bc01      	pop	{r0}
20000358:	4760      	bx	ip
2000035a:	bf00      	nop
2000035c:	10002169 	.word	0x10002169

20000360 <__best_effort_wfe_or_timeout_veneer>:
20000360:	b401      	push	{r0}
20000362:	4802      	ldr	r0, [pc, #8]	; (2000036c <__best_effort_wfe_or_timeout_veneer+0xc>)
20000364:	4684      	mov	ip, r0
20000366:	bc01      	pop	{r0}
20000368:	4760      	bx	ip
2000036a:	bf00      	nop
2000036c:	10001089 	.word	0x10001089

20000370 <striped_spin_lock_num>:
20000370:	00000010                                ....

20000374 <irq_handler_chain_slots>:
20000374:	00000000 	.word	0x00000000
20000378:	00010000 	.word	0x00010000
	...
20000384:	00020000 	.word	0x00020000
	...
20000390:	00030000 	.word	0x00030000
	...
2000039c:	00ff0000 	.word	0x00ff0000
200003a0:	00000000 	.word	0x00000000

200003a4 <irq_handler_chain_first_slot>:
200003a4:	b500      	push	{lr}
200003a6:	6848      	ldr	r0, [r1, #4]
200003a8:	3101      	adds	r1, #1
200003aa:	468e      	mov	lr, r1
200003ac:	4700      	bx	r0

200003ae <irq_handler_chain_remove_tail>:
200003ae:	4670      	mov	r0, lr
200003b0:	3809      	subs	r0, #9
200003b2:	4901      	ldr	r1, [pc, #4]	; (200003b8 <irq_handler_chain_remove_tail+0xa>)
200003b4:	4788      	blx	r1
200003b6:	bd00      	pop	{pc}
200003b8:	100009b1 	.word	0x100009b1

200003bc <default_alarm_pool>:
200003bc:	200003d4 00000000 20000470 20000a64     ... ....p.. d.. 
	...

200003d4 <default_alarm_pool_heap>:
200003d4:	20000a74 00000000 00000000 00000010     t.. ............
	...

200003f0 <aeabi_bits_funcs>:
200003f0:	00003350 	.word	0x00003350
200003f4:	0000334c 	.word	0x0000334c
200003f8:	00003354 	.word	0x00003354
200003fc:	00003352 	.word	0x00003352

20000400 <aeabi_bits_funcs_end>:
20000400:	0000534d 	.word	0x0000534d
20000404:	0000434d 	.word	0x0000434d
20000408:	00003453 	.word	0x00003453
2000040c:	00003443 	.word	0x00003443

20000410 <stdio_usb>:
20000410:	1000266d 00000000 10002605 00000000     m&.......&......
20000420:	00000100                                ....

20000424 <ep_dir_string>:
20000424:	10005258 1000525c                       XR..\R..

2000042c <_usbd_qdef>:
2000042c:	20001138 000c0010 ffe00000 0000001f     8.. ............
	...

20000450 <print_mutex>:
	...

20000458 <__mutex_array_end>:
20000458:	10002231 	.word	0x10002231
2000045c:	10001fc9 	.word	0x10001fc9
20000460:	10002081 	.word	0x10002081
20000464:	1000219d 	.word	0x1000219d

20000468 <__frame_dummy_init_array_entry>:
20000468:	10000339 10004d49                       9...IM..
