
/home/student/CompTech/assignment-4/Task2/build/BinaryCounter.elf:     file format elf32-littlearm

Sections:
Idx Name          Size      VMA       LMA       File off  Algn
  0 .boot2        00000100  10000000  10000000  00001000  2**0
                  CONTENTS, ALLOC, LOAD, READONLY, CODE
  1 .text         000053a0  10000100  10000100  00001100  2**3
                  CONTENTS, ALLOC, LOAD, READONLY, CODE
  2 .rodata       000002d8  100054a0  100054a0  000064a0  2**2
                  CONTENTS, ALLOC, LOAD, READONLY, DATA
  3 .binary_info  00000020  10005778  10005778  00006778  2**2
                  CONTENTS, ALLOC, LOAD, DATA
  4 .ram_vector_table 000000c0  20000000  20000000  00007470  2**2
                  CONTENTS
  5 .data         000003b0  200000c0  10005798  000070c0  2**4
                  CONTENTS, ALLOC, LOAD, READONLY, CODE
  6 .uninitialized_data 00000000  20000470  20000470  00007530  2**0
                  CONTENTS
  7 .scratch_x    00000000  20040000  20040000  00007530  2**0
                  CONTENTS
  8 .scratch_y    00000000  20041000  20041000  00007530  2**0
                  CONTENTS
  9 .bss          00000d98  20000470  20000470  00007470  2**3
                  ALLOC
 10 .heap         00000800  20001208  20001208  00007530  2**2
                  CONTENTS, READONLY
 11 .stack_dummy  00000800  20041000  20041000  00007d40  2**5
                  CONTENTS, READONLY
 12 .ARM.attributes 00000028  00000000  00000000  00008540  2**0
                  CONTENTS, READONLY
 13 .comment      0000009f  00000000  00000000  00008568  2**0
                  CONTENTS, READONLY
 14 .debug_line   00000222  00000000  00000000  00008607  2**0
                  CONTENTS, READONLY, DEBUGGING, OCTETS
 15 .debug_info   00000999  00000000  00000000  00008829  2**0
                  CONTENTS, READONLY, DEBUGGING, OCTETS
 16 .debug_abbrev 000001fc  00000000  00000000  000091c2  2**0
                  CONTENTS, READONLY, DEBUGGING, OCTETS
 17 .debug_aranges 00000040  00000000  00000000  000093c0  2**3
                  CONTENTS, READONLY, DEBUGGING, OCTETS
 18 .debug_str    00000613  00000000  00000000  00009400  2**0
                  CONTENTS, READONLY, DEBUGGING, OCTETS
 19 .debug_loc    000000a3  00000000  00000000  00009a13  2**0
                  CONTENTS, READONLY, DEBUGGING, OCTETS
 20 .debug_frame  00000028  00000000  00000000  00009ab8  2**2
                  CONTENTS, READONLY, DEBUGGING, OCTETS

/home/student/CompTech/assignment-4/Task2/build/BinaryCounter.elf:     file format elf32-littlearm


Disassembly of section .boot2:

10000000 <__boot2_start__>:
10000000:	4b32b500 	.word	0x4b32b500
10000004:	60582021 	.word	0x60582021
10000008:	21026898 	.word	0x21026898
1000000c:	60984388 	.word	0x60984388
10000010:	611860d8 	.word	0x611860d8
10000014:	4b2e6158 	.word	0x4b2e6158
10000018:	60992100 	.word	0x60992100
1000001c:	61592102 	.word	0x61592102
10000020:	22f02101 	.word	0x22f02101
10000024:	492b5099 	.word	0x492b5099
10000028:	21016019 	.word	0x21016019
1000002c:	20356099 	.word	0x20356099
10000030:	f844f000 	.word	0xf844f000
10000034:	42902202 	.word	0x42902202
10000038:	2106d014 	.word	0x2106d014
1000003c:	f0006619 	.word	0xf0006619
10000040:	6e19f834 	.word	0x6e19f834
10000044:	66192101 	.word	0x66192101
10000048:	66182000 	.word	0x66182000
1000004c:	f000661a 	.word	0xf000661a
10000050:	6e19f82c 	.word	0x6e19f82c
10000054:	6e196e19 	.word	0x6e196e19
10000058:	f0002005 	.word	0xf0002005
1000005c:	2101f82f 	.word	0x2101f82f
10000060:	d1f94208 	.word	0xd1f94208
10000064:	60992100 	.word	0x60992100
10000068:	6019491b 	.word	0x6019491b
1000006c:	60592100 	.word	0x60592100
10000070:	481b491a 	.word	0x481b491a
10000074:	21016001 	.word	0x21016001
10000078:	21eb6099 	.word	0x21eb6099
1000007c:	21a06619 	.word	0x21a06619
10000080:	f0006619 	.word	0xf0006619
10000084:	2100f812 	.word	0x2100f812
10000088:	49166099 	.word	0x49166099
1000008c:	60014814 	.word	0x60014814
10000090:	60992101 	.word	0x60992101
10000094:	2800bc01 	.word	0x2800bc01
10000098:	4700d000 	.word	0x4700d000
1000009c:	49134812 	.word	0x49134812
100000a0:	c8036008 	.word	0xc8036008
100000a4:	8808f380 	.word	0x8808f380
100000a8:	b5034708 	.word	0xb5034708
100000ac:	20046a99 	.word	0x20046a99
100000b0:	d0fb4201 	.word	0xd0fb4201
100000b4:	42012001 	.word	0x42012001
100000b8:	bd03d1f8 	.word	0xbd03d1f8
100000bc:	6618b502 	.word	0x6618b502
100000c0:	f7ff6618 	.word	0xf7ff6618
100000c4:	6e18fff2 	.word	0x6e18fff2
100000c8:	bd026e18 	.word	0xbd026e18
100000cc:	40020000 	.word	0x40020000
100000d0:	18000000 	.word	0x18000000
100000d4:	00070000 	.word	0x00070000
100000d8:	005f0300 	.word	0x005f0300
100000dc:	00002221 	.word	0x00002221
100000e0:	180000f4 	.word	0x180000f4
100000e4:	a0002022 	.word	0xa0002022
100000e8:	10000100 	.word	0x10000100
100000ec:	e000ed08 	.word	0xe000ed08
	...
100000fc:	7a4eb274 	.word	0x7a4eb274

Disassembly of section .text:

10000100 <__VECTOR_TABLE>:
10000100:	20042000 	.word	0x20042000
10000104:	100001f7 	.word	0x100001f7
10000108:	100001c3 	.word	0x100001c3
1000010c:	100001c5 	.word	0x100001c5
10000110:	100001c1 	.word	0x100001c1
10000114:	100001c1 	.word	0x100001c1
10000118:	100001c1 	.word	0x100001c1
1000011c:	100001c1 	.word	0x100001c1
10000120:	100001c1 	.word	0x100001c1
10000124:	100001c1 	.word	0x100001c1
10000128:	100001c1 	.word	0x100001c1
1000012c:	100001c7 	.word	0x100001c7
10000130:	100001c1 	.word	0x100001c1
10000134:	100001c1 	.word	0x100001c1
10000138:	100001c9 	.word	0x100001c9
1000013c:	100001cb 	.word	0x100001cb
10000140:	100001cd 	.word	0x100001cd
10000144:	100001cd 	.word	0x100001cd
10000148:	100001cd 	.word	0x100001cd
1000014c:	100001cd 	.word	0x100001cd
10000150:	100001cd 	.word	0x100001cd
10000154:	100001cd 	.word	0x100001cd
10000158:	100001cd 	.word	0x100001cd
1000015c:	100001cd 	.word	0x100001cd
10000160:	100001cd 	.word	0x100001cd
10000164:	100001cd 	.word	0x100001cd
10000168:	100001cd 	.word	0x100001cd
1000016c:	100001cd 	.word	0x100001cd
10000170:	100001cd 	.word	0x100001cd
10000174:	100001cd 	.word	0x100001cd
10000178:	100001cd 	.word	0x100001cd
1000017c:	100001cd 	.word	0x100001cd
10000180:	100001cd 	.word	0x100001cd
10000184:	100001cd 	.word	0x100001cd
10000188:	100001cd 	.word	0x100001cd
1000018c:	100001cd 	.word	0x100001cd
10000190:	100001cd 	.word	0x100001cd
10000194:	100001cd 	.word	0x100001cd
10000198:	100001cd 	.word	0x100001cd
1000019c:	100001cd 	.word	0x100001cd
100001a0:	100001cd 	.word	0x100001cd
100001a4:	100001cd 	.word	0x100001cd
100001a8:	100001cd 	.word	0x100001cd
100001ac:	100001cd 	.word	0x100001cd
100001b0:	100001cd 	.word	0x100001cd
100001b4:	100001cd 	.word	0x100001cd
100001b8:	100001cd 	.word	0x100001cd
100001bc:	100001cd 	.word	0x100001cd

100001c0 <isr_invalid>:
100001c0:	be00      	bkpt	0x0000

100001c2 <isr_nmi>:
100001c2:	be00      	bkpt	0x0000

100001c4 <isr_hardfault>:
100001c4:	be00      	bkpt	0x0000

100001c6 <isr_svcall>:
100001c6:	be00      	bkpt	0x0000

100001c8 <isr_pendsv>:
100001c8:	be00      	bkpt	0x0000

100001ca <isr_systick>:
100001ca:	be00      	bkpt	0x0000

100001cc <__unhandled_user_irq>:
100001cc:	f000 f84b 	bl	10000266 <__get_current_exception>
100001d0:	3810      	subs	r0, #16

100001d2 <unhandled_user_irq_num_in_r0>:
100001d2:	be00      	bkpt	0x0000

100001d4 <binary_info_header>:
100001d4:	7188ebf2 	.word	0x7188ebf2
100001d8:	10005778 	.word	0x10005778
100001dc:	10005798 	.word	0x10005798
100001e0:	10000234 	.word	0x10000234
100001e4:	e71aa390 	.word	0xe71aa390

100001e8 <_entry_point>:
100001e8:	2000      	movs	r0, #0
100001ea:	4921      	ldr	r1, [pc, #132]	; (10000270 <__get_current_exception+0xa>)
100001ec:	6008      	str	r0, [r1, #0]
100001ee:	c806      	ldmia	r0!, {r1, r2}
100001f0:	f381 8808 	msr	MSP, r1
100001f4:	4710      	bx	r2

100001f6 <_reset_handler>:
100001f6:	481f      	ldr	r0, [pc, #124]	; (10000274 <__get_current_exception+0xe>)
100001f8:	6800      	ldr	r0, [r0, #0]
100001fa:	2800      	cmp	r0, #0
100001fc:	d12f      	bne.n	1000025e <hold_non_core0_in_bootrom>
100001fe:	a40d      	add	r4, pc, #52	; (adr r4, 10000234 <data_cpy_table>)
10000200:	cc0e      	ldmia	r4!, {r1, r2, r3}
10000202:	2900      	cmp	r1, #0
10000204:	d002      	beq.n	1000020c <_reset_handler+0x16>
10000206:	f000 f812 	bl	1000022e <data_cpy>
1000020a:	e7f9      	b.n	10000200 <_reset_handler+0xa>
1000020c:	491a      	ldr	r1, [pc, #104]	; (10000278 <__get_current_exception+0x12>)
1000020e:	4a1b      	ldr	r2, [pc, #108]	; (1000027c <__get_current_exception+0x16>)
10000210:	2000      	movs	r0, #0
10000212:	e000      	b.n	10000216 <bss_fill_test>

10000214 <bss_fill_loop>:
10000214:	c101      	stmia	r1!, {r0}

10000216 <bss_fill_test>:
10000216:	4291      	cmp	r1, r2
10000218:	d1fc      	bne.n	10000214 <bss_fill_loop>

1000021a <platform_entry>:
1000021a:	4919      	ldr	r1, [pc, #100]	; (10000280 <__get_current_exception+0x1a>)
1000021c:	4788      	blx	r1
1000021e:	4919      	ldr	r1, [pc, #100]	; (10000284 <__get_current_exception+0x1e>)
10000220:	4788      	blx	r1
10000222:	4919      	ldr	r1, [pc, #100]	; (10000288 <__get_current_exception+0x22>)
10000224:	4788      	blx	r1
10000226:	be00      	bkpt	0x0000
10000228:	e7fd      	b.n	10000226 <platform_entry+0xc>

1000022a <data_cpy_loop>:
1000022a:	c901      	ldmia	r1!, {r0}
1000022c:	c201      	stmia	r2!, {r0}

1000022e <data_cpy>:
1000022e:	429a      	cmp	r2, r3
10000230:	d3fb      	bcc.n	1000022a <data_cpy_loop>
10000232:	4770      	bx	lr

10000234 <data_cpy_table>:
10000234:	10005798 	.word	0x10005798
10000238:	200000c0 	.word	0x200000c0
1000023c:	20000470 	.word	0x20000470
10000240:	10005b48 	.word	0x10005b48
10000244:	20040000 	.word	0x20040000
10000248:	20040000 	.word	0x20040000
1000024c:	10005b48 	.word	0x10005b48
10000250:	20041000 	.word	0x20041000
10000254:	20041000 	.word	0x20041000
10000258:	00000000 	.word	0x00000000
1000025c:	4770      	bx	lr

1000025e <hold_non_core0_in_bootrom>:
1000025e:	480b      	ldr	r0, [pc, #44]	; (1000028c <__get_current_exception+0x26>)
10000260:	f002 f8f2 	bl	10002448 <rom_func_lookup>
10000264:	4700      	bx	r0

10000266 <__get_current_exception>:
10000266:	f3ef 8005 	mrs	r0, IPSR
1000026a:	b2c0      	uxtb	r0, r0
1000026c:	4770      	bx	lr
1000026e:	0000      	.short	0x0000
10000270:	e000ed08 	.word	0xe000ed08
10000274:	d0000000 	.word	0xd0000000
10000278:	20000470 	.word	0x20000470
1000027c:	20001208 	.word	0x20001208
10000280:	10001e8d 	.word	0x10001e8d
10000284:	1000046d 	.word	0x1000046d
10000288:	10001f81 	.word	0x10001f81
1000028c:	00005657 	.word	0x00005657

10000290 <__bi_50>:
10000290:	50520006 5360b3ab 10005558              ..RP..`SXU..

1000029c <__bi_38>:
1000029c:	50520006 02031c86 10005568              ..RP....hU..

100002a8 <__bi_30>:
100002a8:	50520006 9da22254 10005578              ..RPT"..xU..

100002b4 <__bi_22>:
100002b4:	50520005 68f465de 10005b48              ..RP.e.hH[..

100002c0 <_init>:
100002c0:	b5f8      	push	{r3, r4, r5, r6, r7, lr}
100002c2:	46c0      	nop			; (mov r8, r8)

100002c4 <deregister_tm_clones>:
100002c4:	4804      	ldr	r0, [pc, #16]	; (100002d8 <deregister_tm_clones+0x14>)
100002c6:	4b05      	ldr	r3, [pc, #20]	; (100002dc <deregister_tm_clones+0x18>)
100002c8:	b510      	push	{r4, lr}
100002ca:	4283      	cmp	r3, r0
100002cc:	d003      	beq.n	100002d6 <deregister_tm_clones+0x12>
100002ce:	4b04      	ldr	r3, [pc, #16]	; (100002e0 <deregister_tm_clones+0x1c>)
100002d0:	2b00      	cmp	r3, #0
100002d2:	d000      	beq.n	100002d6 <deregister_tm_clones+0x12>
100002d4:	4798      	blx	r3
100002d6:	bd10      	pop	{r4, pc}
100002d8:	20000470 	.word	0x20000470
100002dc:	20000470 	.word	0x20000470
100002e0:	00000000 	.word	0x00000000

100002e4 <register_tm_clones>:
100002e4:	4806      	ldr	r0, [pc, #24]	; (10000300 <register_tm_clones+0x1c>)
100002e6:	4907      	ldr	r1, [pc, #28]	; (10000304 <register_tm_clones+0x20>)
100002e8:	1a09      	subs	r1, r1, r0
100002ea:	1089      	asrs	r1, r1, #2
100002ec:	0fcb      	lsrs	r3, r1, #31
100002ee:	1859      	adds	r1, r3, r1
100002f0:	b510      	push	{r4, lr}
100002f2:	1049      	asrs	r1, r1, #1
100002f4:	d003      	beq.n	100002fe <register_tm_clones+0x1a>
100002f6:	4b04      	ldr	r3, [pc, #16]	; (10000308 <register_tm_clones+0x24>)
100002f8:	2b00      	cmp	r3, #0
100002fa:	d000      	beq.n	100002fe <register_tm_clones+0x1a>
100002fc:	4798      	blx	r3
100002fe:	bd10      	pop	{r4, pc}
10000300:	20000470 	.word	0x20000470
10000304:	20000470 	.word	0x20000470
10000308:	00000000 	.word	0x00000000

1000030c <__do_global_dtors_aux>:
1000030c:	b510      	push	{r4, lr}
1000030e:	4c07      	ldr	r4, [pc, #28]	; (1000032c <__do_global_dtors_aux+0x20>)
10000310:	7823      	ldrb	r3, [r4, #0]
10000312:	2b00      	cmp	r3, #0
10000314:	d109      	bne.n	1000032a <__do_global_dtors_aux+0x1e>
10000316:	f7ff ffd5 	bl	100002c4 <deregister_tm_clones>
1000031a:	4b05      	ldr	r3, [pc, #20]	; (10000330 <__do_global_dtors_aux+0x24>)
1000031c:	2b00      	cmp	r3, #0
1000031e:	d002      	beq.n	10000326 <__do_global_dtors_aux+0x1a>
10000320:	4804      	ldr	r0, [pc, #16]	; (10000334 <__do_global_dtors_aux+0x28>)
10000322:	e000      	b.n	10000326 <__do_global_dtors_aux+0x1a>
10000324:	bf00      	nop
10000326:	2301      	movs	r3, #1
10000328:	7023      	strb	r3, [r4, #0]
1000032a:	bd10      	pop	{r4, pc}
1000032c:	20000578 	.word	0x20000578
10000330:	00000000 	.word	0x00000000
10000334:	100054a0 	.word	0x100054a0

10000338 <frame_dummy>:
10000338:	4b05      	ldr	r3, [pc, #20]	; (10000350 <frame_dummy+0x18>)
1000033a:	b510      	push	{r4, lr}
1000033c:	2b00      	cmp	r3, #0
1000033e:	d003      	beq.n	10000348 <frame_dummy+0x10>
10000340:	4904      	ldr	r1, [pc, #16]	; (10000354 <frame_dummy+0x1c>)
10000342:	4805      	ldr	r0, [pc, #20]	; (10000358 <frame_dummy+0x20>)
10000344:	e000      	b.n	10000348 <frame_dummy+0x10>
10000346:	bf00      	nop
10000348:	f7ff ffcc 	bl	100002e4 <register_tm_clones>
1000034c:	bd10      	pop	{r4, pc}
1000034e:	46c0      	nop			; (mov r8, r8)
10000350:	00000000 	.word	0x00000000
10000354:	2000057c 	.word	0x2000057c
10000358:	100054a0 	.word	0x100054a0

1000035c <button_irq_handler>:
1000035c:	4b26      	ldr	r3, [pc, #152]	; (100003f8 <button_irq_handler+0x9c>)
1000035e:	2805      	cmp	r0, #5
10000360:	d042      	beq.n	100003e8 <button_irq_handler+0x8c>
10000362:	2806      	cmp	r0, #6
10000364:	d01c      	beq.n	100003a0 <button_irq_handler+0x44>
10000366:	781a      	ldrb	r2, [r3, #0]
10000368:	07d2      	lsls	r2, r2, #31
1000036a:	d523      	bpl.n	100003b4 <button_irq_handler+0x58>
1000036c:	22d0      	movs	r2, #208	; 0xd0
1000036e:	2102      	movs	r1, #2
10000370:	0612      	lsls	r2, r2, #24
10000372:	6151      	str	r1, [r2, #20]
10000374:	781a      	ldrb	r2, [r3, #0]
10000376:	0792      	lsls	r2, r2, #30
10000378:	d523      	bpl.n	100003c2 <button_irq_handler+0x66>
1000037a:	22d0      	movs	r2, #208	; 0xd0
1000037c:	2104      	movs	r1, #4
1000037e:	0612      	lsls	r2, r2, #24
10000380:	6151      	str	r1, [r2, #20]
10000382:	781a      	ldrb	r2, [r3, #0]
10000384:	0752      	lsls	r2, r2, #29
10000386:	d523      	bpl.n	100003d0 <button_irq_handler+0x74>
10000388:	22d0      	movs	r2, #208	; 0xd0
1000038a:	2108      	movs	r1, #8
1000038c:	0612      	lsls	r2, r2, #24
1000038e:	6151      	str	r1, [r2, #20]
10000390:	781b      	ldrb	r3, [r3, #0]
10000392:	071b      	lsls	r3, r3, #28
10000394:	d523      	bpl.n	100003de <button_irq_handler+0x82>
10000396:	23d0      	movs	r3, #208	; 0xd0
10000398:	2210      	movs	r2, #16
1000039a:	061b      	lsls	r3, r3, #24
1000039c:	615a      	str	r2, [r3, #20]
1000039e:	4770      	bx	lr
100003a0:	781a      	ldrb	r2, [r3, #0]
100003a2:	2a00      	cmp	r2, #0
100003a4:	d0df      	beq.n	10000366 <button_irq_handler+0xa>
100003a6:	781a      	ldrb	r2, [r3, #0]
100003a8:	3a01      	subs	r2, #1
100003aa:	b2d2      	uxtb	r2, r2
100003ac:	701a      	strb	r2, [r3, #0]
100003ae:	781a      	ldrb	r2, [r3, #0]
100003b0:	07d2      	lsls	r2, r2, #31
100003b2:	d4db      	bmi.n	1000036c <button_irq_handler+0x10>
100003b4:	22d0      	movs	r2, #208	; 0xd0
100003b6:	2102      	movs	r1, #2
100003b8:	0612      	lsls	r2, r2, #24
100003ba:	6191      	str	r1, [r2, #24]
100003bc:	781a      	ldrb	r2, [r3, #0]
100003be:	0792      	lsls	r2, r2, #30
100003c0:	d4db      	bmi.n	1000037a <button_irq_handler+0x1e>
100003c2:	22d0      	movs	r2, #208	; 0xd0
100003c4:	2104      	movs	r1, #4
100003c6:	0612      	lsls	r2, r2, #24
100003c8:	6191      	str	r1, [r2, #24]
100003ca:	781a      	ldrb	r2, [r3, #0]
100003cc:	0752      	lsls	r2, r2, #29
100003ce:	d4db      	bmi.n	10000388 <button_irq_handler+0x2c>
100003d0:	22d0      	movs	r2, #208	; 0xd0
100003d2:	2108      	movs	r1, #8
100003d4:	0612      	lsls	r2, r2, #24
100003d6:	6191      	str	r1, [r2, #24]
100003d8:	781b      	ldrb	r3, [r3, #0]
100003da:	071b      	lsls	r3, r3, #28
100003dc:	d4db      	bmi.n	10000396 <button_irq_handler+0x3a>
100003de:	23d0      	movs	r3, #208	; 0xd0
100003e0:	2210      	movs	r2, #16
100003e2:	061b      	lsls	r3, r3, #24
100003e4:	619a      	str	r2, [r3, #24]
100003e6:	e7da      	b.n	1000039e <button_irq_handler+0x42>
100003e8:	781a      	ldrb	r2, [r3, #0]
100003ea:	2a0e      	cmp	r2, #14
100003ec:	d8bb      	bhi.n	10000366 <button_irq_handler+0xa>
100003ee:	781a      	ldrb	r2, [r3, #0]
100003f0:	3201      	adds	r2, #1
100003f2:	b2d2      	uxtb	r2, r2
100003f4:	701a      	strb	r2, [r3, #0]
100003f6:	e7b6      	b.n	10000366 <button_irq_handler+0xa>
100003f8:	20000f42 	.word	0x20000f42

100003fc <update_leds>:
100003fc:	4b1a      	ldr	r3, [pc, #104]	; (10000468 <update_leds+0x6c>)
100003fe:	781a      	ldrb	r2, [r3, #0]
10000400:	07d2      	lsls	r2, r2, #31
10000402:	d51e      	bpl.n	10000442 <update_leds+0x46>
10000404:	22d0      	movs	r2, #208	; 0xd0
10000406:	2102      	movs	r1, #2
10000408:	0612      	lsls	r2, r2, #24
1000040a:	6151      	str	r1, [r2, #20]
1000040c:	781a      	ldrb	r2, [r3, #0]
1000040e:	0792      	lsls	r2, r2, #30
10000410:	d51e      	bpl.n	10000450 <update_leds+0x54>
10000412:	22d0      	movs	r2, #208	; 0xd0
10000414:	2104      	movs	r1, #4
10000416:	0612      	lsls	r2, r2, #24
10000418:	6151      	str	r1, [r2, #20]
1000041a:	781a      	ldrb	r2, [r3, #0]
1000041c:	0752      	lsls	r2, r2, #29
1000041e:	d51e      	bpl.n	1000045e <update_leds+0x62>
10000420:	22d0      	movs	r2, #208	; 0xd0
10000422:	2108      	movs	r1, #8
10000424:	0612      	lsls	r2, r2, #24
10000426:	6151      	str	r1, [r2, #20]
10000428:	781b      	ldrb	r3, [r3, #0]
1000042a:	071b      	lsls	r3, r3, #28
1000042c:	d504      	bpl.n	10000438 <update_leds+0x3c>
1000042e:	23d0      	movs	r3, #208	; 0xd0
10000430:	2210      	movs	r2, #16
10000432:	061b      	lsls	r3, r3, #24
10000434:	615a      	str	r2, [r3, #20]
10000436:	4770      	bx	lr
10000438:	23d0      	movs	r3, #208	; 0xd0
1000043a:	2210      	movs	r2, #16
1000043c:	061b      	lsls	r3, r3, #24
1000043e:	619a      	str	r2, [r3, #24]
10000440:	e7f9      	b.n	10000436 <update_leds+0x3a>
10000442:	22d0      	movs	r2, #208	; 0xd0
10000444:	2102      	movs	r1, #2
10000446:	0612      	lsls	r2, r2, #24
10000448:	6191      	str	r1, [r2, #24]
1000044a:	781a      	ldrb	r2, [r3, #0]
1000044c:	0792      	lsls	r2, r2, #30
1000044e:	d4e0      	bmi.n	10000412 <update_leds+0x16>
10000450:	22d0      	movs	r2, #208	; 0xd0
10000452:	2104      	movs	r1, #4
10000454:	0612      	lsls	r2, r2, #24
10000456:	6191      	str	r1, [r2, #24]
10000458:	781a      	ldrb	r2, [r3, #0]
1000045a:	0752      	lsls	r2, r2, #29
1000045c:	d4e0      	bmi.n	10000420 <update_leds+0x24>
1000045e:	22d0      	movs	r2, #208	; 0xd0
10000460:	2108      	movs	r1, #8
10000462:	0612      	lsls	r2, r2, #24
10000464:	6191      	str	r1, [r2, #24]
10000466:	e7df      	b.n	10000428 <update_leds+0x2c>
10000468:	20000f42 	.word	0x20000f42

1000046c <main>:
1000046c:	b510      	push	{r4, lr}
1000046e:	f002 fa8d 	bl	1000298c <stdio_init_all>
10000472:	24d0      	movs	r4, #208	; 0xd0
10000474:	2001      	movs	r0, #1
10000476:	f000 f9f3 	bl	10000860 <gpio_init>
1000047a:	2302      	movs	r3, #2
1000047c:	0624      	lsls	r4, r4, #24
1000047e:	6263      	str	r3, [r4, #36]	; 0x24
10000480:	2002      	movs	r0, #2
10000482:	f000 f9ed 	bl	10000860 <gpio_init>
10000486:	2304      	movs	r3, #4
10000488:	2003      	movs	r0, #3
1000048a:	6263      	str	r3, [r4, #36]	; 0x24
1000048c:	f000 f9e8 	bl	10000860 <gpio_init>
10000490:	2308      	movs	r3, #8
10000492:	2004      	movs	r0, #4
10000494:	6263      	str	r3, [r4, #36]	; 0x24
10000496:	f000 f9e3 	bl	10000860 <gpio_init>
1000049a:	2310      	movs	r3, #16
1000049c:	2005      	movs	r0, #5
1000049e:	6263      	str	r3, [r4, #36]	; 0x24
100004a0:	f000 f9de 	bl	10000860 <gpio_init>
100004a4:	2320      	movs	r3, #32
100004a6:	2200      	movs	r2, #0
100004a8:	62a3      	str	r3, [r4, #40]	; 0x28
100004aa:	2101      	movs	r1, #1
100004ac:	2005      	movs	r0, #5
100004ae:	f000 f941 	bl	10000734 <gpio_set_pulls>
100004b2:	2006      	movs	r0, #6
100004b4:	f000 f9d4 	bl	10000860 <gpio_init>
100004b8:	2340      	movs	r3, #64	; 0x40
100004ba:	2200      	movs	r2, #0
100004bc:	62a3      	str	r3, [r4, #40]	; 0x28
100004be:	2101      	movs	r1, #1
100004c0:	2006      	movs	r0, #6
100004c2:	f000 f937 	bl	10000734 <gpio_set_pulls>
100004c6:	f7ff ff99 	bl	100003fc <update_leds>
100004ca:	2201      	movs	r2, #1
100004cc:	2104      	movs	r1, #4
100004ce:	2005      	movs	r0, #5
100004d0:	4b04      	ldr	r3, [pc, #16]	; (100004e4 <main+0x78>)
100004d2:	f000 f96f 	bl	100007b4 <gpio_set_irq_enabled_with_callback>
100004d6:	2201      	movs	r2, #1
100004d8:	2104      	movs	r1, #4
100004da:	2006      	movs	r0, #6
100004dc:	f000 f942 	bl	10000764 <gpio_set_irq_enabled>
100004e0:	e7fe      	b.n	100004e0 <main+0x74>
100004e2:	46c0      	nop			; (mov r8, r8)
100004e4:	1000035d 	.word	0x1000035d

100004e8 <gpio_default_irq_handler>:
100004e8:	23d0      	movs	r3, #208	; 0xd0
100004ea:	061b      	lsls	r3, r3, #24
100004ec:	681b      	ldr	r3, [r3, #0]
100004ee:	b5f0      	push	{r4, r5, r6, r7, lr}
100004f0:	009a      	lsls	r2, r3, #2
100004f2:	4645      	mov	r5, r8
100004f4:	4690      	mov	r8, r2
100004f6:	4641      	mov	r1, r8
100004f8:	4a8a      	ldr	r2, [pc, #552]	; (10000724 <gpio_default_irq_handler+0x23c>)
100004fa:	46de      	mov	lr, fp
100004fc:	5852      	ldr	r2, [r2, r1]
100004fe:	4657      	mov	r7, sl
10000500:	4693      	mov	fp, r2
10000502:	1e5a      	subs	r2, r3, #1
10000504:	4193      	sbcs	r3, r2
10000506:	2230      	movs	r2, #48	; 0x30
10000508:	464e      	mov	r6, r9
1000050a:	425b      	negs	r3, r3
1000050c:	401a      	ands	r2, r3
1000050e:	4b86      	ldr	r3, [pc, #536]	; (10000728 <gpio_default_irq_handler+0x240>)
10000510:	2400      	movs	r4, #0
10000512:	469c      	mov	ip, r3
10000514:	4b85      	ldr	r3, [pc, #532]	; (1000072c <gpio_default_irq_handler+0x244>)
10000516:	b5e0      	push	{r5, r6, r7, lr}
10000518:	469a      	mov	sl, r3
1000051a:	b083      	sub	sp, #12
1000051c:	4462      	add	r2, ip
1000051e:	9200      	str	r2, [sp, #0]
10000520:	08e2      	lsrs	r2, r4, #3
10000522:	0013      	movs	r3, r2
10000524:	0026      	movs	r6, r4
10000526:	3308      	adds	r3, #8
10000528:	9900      	ldr	r1, [sp, #0]
1000052a:	009b      	lsls	r3, r3, #2
1000052c:	585d      	ldr	r5, [r3, r1]
1000052e:	3608      	adds	r6, #8
10000530:	2d00      	cmp	r5, #0
10000532:	d024      	beq.n	1000057e <gpio_default_irq_handler+0x96>
10000534:	42a6      	cmp	r6, r4
10000536:	d924      	bls.n	10000582 <gpio_default_irq_handler+0x9a>
10000538:	465b      	mov	r3, fp
1000053a:	2b00      	cmp	r3, #0
1000053c:	d02a      	beq.n	10000594 <gpio_default_irq_handler+0xac>
1000053e:	2301      	movs	r3, #1
10000540:	270f      	movs	r7, #15
10000542:	4699      	mov	r9, r3
10000544:	0039      	movs	r1, r7
10000546:	4029      	ands	r1, r5
10000548:	d013      	beq.n	10000572 <gpio_default_irq_handler+0x8a>
1000054a:	464b      	mov	r3, r9
1000054c:	4652      	mov	r2, sl
1000054e:	4640      	mov	r0, r8
10000550:	40a3      	lsls	r3, r4
10000552:	5812      	ldr	r2, [r2, r0]
10000554:	421a      	tst	r2, r3
10000556:	d10c      	bne.n	10000572 <gpio_default_irq_handler+0x8a>
10000558:	2207      	movs	r2, #7
1000055a:	0008      	movs	r0, r1
1000055c:	4022      	ands	r2, r4
1000055e:	0092      	lsls	r2, r2, #2
10000560:	4090      	lsls	r0, r2
10000562:	0002      	movs	r2, r0
10000564:	08e3      	lsrs	r3, r4, #3
10000566:	4872      	ldr	r0, [pc, #456]	; (10000730 <gpio_default_irq_handler+0x248>)
10000568:	333c      	adds	r3, #60	; 0x3c
1000056a:	009b      	lsls	r3, r3, #2
1000056c:	501a      	str	r2, [r3, r0]
1000056e:	0020      	movs	r0, r4
10000570:	47d8      	blx	fp
10000572:	092d      	lsrs	r5, r5, #4
10000574:	3401      	adds	r4, #1
10000576:	2d00      	cmp	r5, #0
10000578:	d001      	beq.n	1000057e <gpio_default_irq_handler+0x96>
1000057a:	42a6      	cmp	r6, r4
1000057c:	d8e2      	bhi.n	10000544 <gpio_default_irq_handler+0x5c>
1000057e:	2e20      	cmp	r6, #32
10000580:	d001      	beq.n	10000586 <gpio_default_irq_handler+0x9e>
10000582:	0034      	movs	r4, r6
10000584:	e7cc      	b.n	10000520 <gpio_default_irq_handler+0x38>
10000586:	b003      	add	sp, #12
10000588:	bc3c      	pop	{r2, r3, r4, r5}
1000058a:	4690      	mov	r8, r2
1000058c:	4699      	mov	r9, r3
1000058e:	46a2      	mov	sl, r4
10000590:	46ab      	mov	fp, r5
10000592:	bdf0      	pop	{r4, r5, r6, r7, pc}
10000594:	230f      	movs	r3, #15
10000596:	402b      	ands	r3, r5
10000598:	d007      	beq.n	100005aa <gpio_default_irq_handler+0xc2>
1000059a:	2101      	movs	r1, #1
1000059c:	4647      	mov	r7, r8
1000059e:	40a1      	lsls	r1, r4
100005a0:	4862      	ldr	r0, [pc, #392]	; (1000072c <gpio_default_irq_handler+0x244>)
100005a2:	59c0      	ldr	r0, [r0, r7]
100005a4:	4208      	tst	r0, r1
100005a6:	d100      	bne.n	100005aa <gpio_default_irq_handler+0xc2>
100005a8:	e0a8      	b.n	100006fc <gpio_default_irq_handler+0x214>
100005aa:	092b      	lsrs	r3, r5, #4
100005ac:	1c61      	adds	r1, r4, #1
100005ae:	2b00      	cmp	r3, #0
100005b0:	d0e5      	beq.n	1000057e <gpio_default_irq_handler+0x96>
100005b2:	428e      	cmp	r6, r1
100005b4:	d9e3      	bls.n	1000057e <gpio_default_irq_handler+0x96>
100005b6:	220f      	movs	r2, #15
100005b8:	4013      	ands	r3, r2
100005ba:	d16b      	bne.n	10000694 <gpio_default_irq_handler+0x1ac>
100005bc:	0a2b      	lsrs	r3, r5, #8
100005be:	1ca1      	adds	r1, r4, #2
100005c0:	2b00      	cmp	r3, #0
100005c2:	d0dc      	beq.n	1000057e <gpio_default_irq_handler+0x96>
100005c4:	428e      	cmp	r6, r1
100005c6:	d9da      	bls.n	1000057e <gpio_default_irq_handler+0x96>
100005c8:	220f      	movs	r2, #15
100005ca:	4013      	ands	r3, r2
100005cc:	d173      	bne.n	100006b6 <gpio_default_irq_handler+0x1ce>
100005ce:	0b2b      	lsrs	r3, r5, #12
100005d0:	1ce1      	adds	r1, r4, #3
100005d2:	2b00      	cmp	r3, #0
100005d4:	d0d3      	beq.n	1000057e <gpio_default_irq_handler+0x96>
100005d6:	428e      	cmp	r6, r1
100005d8:	d9d1      	bls.n	1000057e <gpio_default_irq_handler+0x96>
100005da:	220f      	movs	r2, #15
100005dc:	4013      	ands	r3, r2
100005de:	d17b      	bne.n	100006d8 <gpio_default_irq_handler+0x1f0>
100005e0:	0c2b      	lsrs	r3, r5, #16
100005e2:	1d21      	adds	r1, r4, #4
100005e4:	2b00      	cmp	r3, #0
100005e6:	d0ca      	beq.n	1000057e <gpio_default_irq_handler+0x96>
100005e8:	428e      	cmp	r6, r1
100005ea:	d9c8      	bls.n	1000057e <gpio_default_irq_handler+0x96>
100005ec:	220f      	movs	r2, #15
100005ee:	4013      	ands	r3, r2
100005f0:	d00f      	beq.n	10000612 <gpio_default_irq_handler+0x12a>
100005f2:	4647      	mov	r7, r8
100005f4:	3a0e      	subs	r2, #14
100005f6:	408a      	lsls	r2, r1
100005f8:	484c      	ldr	r0, [pc, #304]	; (1000072c <gpio_default_irq_handler+0x244>)
100005fa:	59c0      	ldr	r0, [r0, r7]
100005fc:	4210      	tst	r0, r2
100005fe:	d108      	bne.n	10000612 <gpio_default_irq_handler+0x12a>
10000600:	2007      	movs	r0, #7
10000602:	08ca      	lsrs	r2, r1, #3
10000604:	4001      	ands	r1, r0
10000606:	0089      	lsls	r1, r1, #2
10000608:	408b      	lsls	r3, r1
1000060a:	323c      	adds	r2, #60	; 0x3c
1000060c:	4948      	ldr	r1, [pc, #288]	; (10000730 <gpio_default_irq_handler+0x248>)
1000060e:	0092      	lsls	r2, r2, #2
10000610:	5053      	str	r3, [r2, r1]
10000612:	0d2b      	lsrs	r3, r5, #20
10000614:	1d61      	adds	r1, r4, #5
10000616:	2b00      	cmp	r3, #0
10000618:	d0b1      	beq.n	1000057e <gpio_default_irq_handler+0x96>
1000061a:	428e      	cmp	r6, r1
1000061c:	d9af      	bls.n	1000057e <gpio_default_irq_handler+0x96>
1000061e:	220f      	movs	r2, #15
10000620:	4013      	ands	r3, r2
10000622:	d006      	beq.n	10000632 <gpio_default_irq_handler+0x14a>
10000624:	4647      	mov	r7, r8
10000626:	3a0e      	subs	r2, #14
10000628:	408a      	lsls	r2, r1
1000062a:	4840      	ldr	r0, [pc, #256]	; (1000072c <gpio_default_irq_handler+0x244>)
1000062c:	59c0      	ldr	r0, [r0, r7]
1000062e:	4210      	tst	r0, r2
10000630:	d06d      	beq.n	1000070e <gpio_default_irq_handler+0x226>
10000632:	0e2b      	lsrs	r3, r5, #24
10000634:	1da1      	adds	r1, r4, #6
10000636:	2b00      	cmp	r3, #0
10000638:	d0a1      	beq.n	1000057e <gpio_default_irq_handler+0x96>
1000063a:	428e      	cmp	r6, r1
1000063c:	d99f      	bls.n	1000057e <gpio_default_irq_handler+0x96>
1000063e:	220f      	movs	r2, #15
10000640:	4013      	ands	r3, r2
10000642:	d00f      	beq.n	10000664 <gpio_default_irq_handler+0x17c>
10000644:	4647      	mov	r7, r8
10000646:	3a0e      	subs	r2, #14
10000648:	408a      	lsls	r2, r1
1000064a:	4838      	ldr	r0, [pc, #224]	; (1000072c <gpio_default_irq_handler+0x244>)
1000064c:	59c0      	ldr	r0, [r0, r7]
1000064e:	4210      	tst	r0, r2
10000650:	d108      	bne.n	10000664 <gpio_default_irq_handler+0x17c>
10000652:	2007      	movs	r0, #7
10000654:	08ca      	lsrs	r2, r1, #3
10000656:	4001      	ands	r1, r0
10000658:	0089      	lsls	r1, r1, #2
1000065a:	408b      	lsls	r3, r1
1000065c:	323c      	adds	r2, #60	; 0x3c
1000065e:	4934      	ldr	r1, [pc, #208]	; (10000730 <gpio_default_irq_handler+0x248>)
10000660:	0092      	lsls	r2, r2, #2
10000662:	5053      	str	r3, [r2, r1]
10000664:	0f2d      	lsrs	r5, r5, #28
10000666:	3407      	adds	r4, #7
10000668:	2d00      	cmp	r5, #0
1000066a:	d100      	bne.n	1000066e <gpio_default_irq_handler+0x186>
1000066c:	e787      	b.n	1000057e <gpio_default_irq_handler+0x96>
1000066e:	2301      	movs	r3, #1
10000670:	4641      	mov	r1, r8
10000672:	40a3      	lsls	r3, r4
10000674:	4a2d      	ldr	r2, [pc, #180]	; (1000072c <gpio_default_irq_handler+0x244>)
10000676:	5852      	ldr	r2, [r2, r1]
10000678:	9201      	str	r2, [sp, #4]
1000067a:	421a      	tst	r2, r3
1000067c:	d000      	beq.n	10000680 <gpio_default_irq_handler+0x198>
1000067e:	e77e      	b.n	1000057e <gpio_default_irq_handler+0x96>
10000680:	2207      	movs	r2, #7
10000682:	08e3      	lsrs	r3, r4, #3
10000684:	4014      	ands	r4, r2
10000686:	00a4      	lsls	r4, r4, #2
10000688:	40a5      	lsls	r5, r4
1000068a:	333c      	adds	r3, #60	; 0x3c
1000068c:	4a28      	ldr	r2, [pc, #160]	; (10000730 <gpio_default_irq_handler+0x248>)
1000068e:	009b      	lsls	r3, r3, #2
10000690:	509d      	str	r5, [r3, r2]
10000692:	e774      	b.n	1000057e <gpio_default_irq_handler+0x96>
10000694:	4647      	mov	r7, r8
10000696:	3a0e      	subs	r2, #14
10000698:	408a      	lsls	r2, r1
1000069a:	4824      	ldr	r0, [pc, #144]	; (1000072c <gpio_default_irq_handler+0x244>)
1000069c:	59c0      	ldr	r0, [r0, r7]
1000069e:	4210      	tst	r0, r2
100006a0:	d18c      	bne.n	100005bc <gpio_default_irq_handler+0xd4>
100006a2:	2007      	movs	r0, #7
100006a4:	08ca      	lsrs	r2, r1, #3
100006a6:	4001      	ands	r1, r0
100006a8:	0089      	lsls	r1, r1, #2
100006aa:	408b      	lsls	r3, r1
100006ac:	323c      	adds	r2, #60	; 0x3c
100006ae:	4920      	ldr	r1, [pc, #128]	; (10000730 <gpio_default_irq_handler+0x248>)
100006b0:	0092      	lsls	r2, r2, #2
100006b2:	5053      	str	r3, [r2, r1]
100006b4:	e782      	b.n	100005bc <gpio_default_irq_handler+0xd4>
100006b6:	4647      	mov	r7, r8
100006b8:	3a0e      	subs	r2, #14
100006ba:	408a      	lsls	r2, r1
100006bc:	481b      	ldr	r0, [pc, #108]	; (1000072c <gpio_default_irq_handler+0x244>)
100006be:	59c0      	ldr	r0, [r0, r7]
100006c0:	4210      	tst	r0, r2
100006c2:	d184      	bne.n	100005ce <gpio_default_irq_handler+0xe6>
100006c4:	2007      	movs	r0, #7
100006c6:	08ca      	lsrs	r2, r1, #3
100006c8:	4001      	ands	r1, r0
100006ca:	0089      	lsls	r1, r1, #2
100006cc:	408b      	lsls	r3, r1
100006ce:	323c      	adds	r2, #60	; 0x3c
100006d0:	4917      	ldr	r1, [pc, #92]	; (10000730 <gpio_default_irq_handler+0x248>)
100006d2:	0092      	lsls	r2, r2, #2
100006d4:	5053      	str	r3, [r2, r1]
100006d6:	e77a      	b.n	100005ce <gpio_default_irq_handler+0xe6>
100006d8:	4647      	mov	r7, r8
100006da:	3a0e      	subs	r2, #14
100006dc:	408a      	lsls	r2, r1
100006de:	4813      	ldr	r0, [pc, #76]	; (1000072c <gpio_default_irq_handler+0x244>)
100006e0:	59c0      	ldr	r0, [r0, r7]
100006e2:	4210      	tst	r0, r2
100006e4:	d000      	beq.n	100006e8 <gpio_default_irq_handler+0x200>
100006e6:	e77b      	b.n	100005e0 <gpio_default_irq_handler+0xf8>
100006e8:	2007      	movs	r0, #7
100006ea:	08ca      	lsrs	r2, r1, #3
100006ec:	4001      	ands	r1, r0
100006ee:	0089      	lsls	r1, r1, #2
100006f0:	408b      	lsls	r3, r1
100006f2:	323c      	adds	r2, #60	; 0x3c
100006f4:	490e      	ldr	r1, [pc, #56]	; (10000730 <gpio_default_irq_handler+0x248>)
100006f6:	0092      	lsls	r2, r2, #2
100006f8:	5053      	str	r3, [r2, r1]
100006fa:	e771      	b.n	100005e0 <gpio_default_irq_handler+0xf8>
100006fc:	2107      	movs	r1, #7
100006fe:	4021      	ands	r1, r4
10000700:	0089      	lsls	r1, r1, #2
10000702:	408b      	lsls	r3, r1
10000704:	323c      	adds	r2, #60	; 0x3c
10000706:	490a      	ldr	r1, [pc, #40]	; (10000730 <gpio_default_irq_handler+0x248>)
10000708:	0092      	lsls	r2, r2, #2
1000070a:	5053      	str	r3, [r2, r1]
1000070c:	e74d      	b.n	100005aa <gpio_default_irq_handler+0xc2>
1000070e:	2007      	movs	r0, #7
10000710:	08ca      	lsrs	r2, r1, #3
10000712:	4001      	ands	r1, r0
10000714:	0089      	lsls	r1, r1, #2
10000716:	408b      	lsls	r3, r1
10000718:	323c      	adds	r2, #60	; 0x3c
1000071a:	4905      	ldr	r1, [pc, #20]	; (10000730 <gpio_default_irq_handler+0x248>)
1000071c:	0092      	lsls	r2, r2, #2
1000071e:	5053      	str	r3, [r2, r1]
10000720:	e787      	b.n	10000632 <gpio_default_irq_handler+0x14a>
10000722:	46c0      	nop			; (mov r8, r8)
10000724:	20000a38 	.word	0x20000a38
10000728:	40014100 	.word	0x40014100
1000072c:	20000ef8 	.word	0x20000ef8
10000730:	40014000 	.word	0x40014000

10000734 <gpio_set_pulls>:
10000734:	4b0a      	ldr	r3, [pc, #40]	; (10000760 <gpio_set_pulls+0x2c>)
10000736:	0080      	lsls	r0, r0, #2
10000738:	469c      	mov	ip, r3
1000073a:	2304      	movs	r3, #4
1000073c:	4460      	add	r0, ip
1000073e:	2900      	cmp	r1, #0
10000740:	d001      	beq.n	10000746 <gpio_set_pulls+0x12>
10000742:	230c      	movs	r3, #12
10000744:	2108      	movs	r1, #8
10000746:	2a00      	cmp	r2, #0
10000748:	d100      	bne.n	1000074c <gpio_set_pulls+0x18>
1000074a:	000b      	movs	r3, r1
1000074c:	6802      	ldr	r2, [r0, #0]
1000074e:	4053      	eors	r3, r2
10000750:	220c      	movs	r2, #12
10000752:	401a      	ands	r2, r3
10000754:	2380      	movs	r3, #128	; 0x80
10000756:	015b      	lsls	r3, r3, #5
10000758:	4318      	orrs	r0, r3
1000075a:	6002      	str	r2, [r0, #0]
1000075c:	4770      	bx	lr
1000075e:	46c0      	nop			; (mov r8, r8)
10000760:	4001c004 	.word	0x4001c004

10000764 <gpio_set_irq_enabled>:
10000764:	23d0      	movs	r3, #208	; 0xd0
10000766:	061b      	lsls	r3, r3, #24
10000768:	681b      	ldr	r3, [r3, #0]
1000076a:	b530      	push	{r4, r5, lr}
1000076c:	1e5d      	subs	r5, r3, #1
1000076e:	41ab      	sbcs	r3, r5
10000770:	4c0e      	ldr	r4, [pc, #56]	; (100007ac <gpio_set_irq_enabled+0x48>)
10000772:	425d      	negs	r5, r3
10000774:	2330      	movs	r3, #48	; 0x30
10000776:	46a4      	mov	ip, r4
10000778:	2407      	movs	r4, #7
1000077a:	402b      	ands	r3, r5
1000077c:	08c5      	lsrs	r5, r0, #3
1000077e:	4004      	ands	r4, r0
10000780:	0028      	movs	r0, r5
10000782:	00a4      	lsls	r4, r4, #2
10000784:	40a1      	lsls	r1, r4
10000786:	303c      	adds	r0, #60	; 0x3c
10000788:	4c09      	ldr	r4, [pc, #36]	; (100007b0 <gpio_set_irq_enabled+0x4c>)
1000078a:	4463      	add	r3, ip
1000078c:	0080      	lsls	r0, r0, #2
1000078e:	00ad      	lsls	r5, r5, #2
10000790:	5101      	str	r1, [r0, r4]
10000792:	195b      	adds	r3, r3, r5
10000794:	2a00      	cmp	r2, #0
10000796:	d004      	beq.n	100007a2 <gpio_set_irq_enabled+0x3e>
10000798:	2280      	movs	r2, #128	; 0x80
1000079a:	0192      	lsls	r2, r2, #6
1000079c:	4313      	orrs	r3, r2
1000079e:	6019      	str	r1, [r3, #0]
100007a0:	bd30      	pop	{r4, r5, pc}
100007a2:	22c0      	movs	r2, #192	; 0xc0
100007a4:	0192      	lsls	r2, r2, #6
100007a6:	4313      	orrs	r3, r2
100007a8:	6019      	str	r1, [r3, #0]
100007aa:	e7f9      	b.n	100007a0 <gpio_set_irq_enabled+0x3c>
100007ac:	40014100 	.word	0x40014100
100007b0:	40014000 	.word	0x40014000

100007b4 <gpio_set_irq_enabled_with_callback>:
100007b4:	b5f8      	push	{r3, r4, r5, r6, r7, lr}
100007b6:	001d      	movs	r5, r3
100007b8:	23d0      	movs	r3, #208	; 0xd0
100007ba:	061b      	lsls	r3, r3, #24
100007bc:	681b      	ldr	r3, [r3, #0]
100007be:	0014      	movs	r4, r2
100007c0:	1e5a      	subs	r2, r3, #1
100007c2:	4193      	sbcs	r3, r2
100007c4:	2230      	movs	r2, #48	; 0x30
100007c6:	425b      	negs	r3, r3
100007c8:	4013      	ands	r3, r2
100007ca:	4a21      	ldr	r2, [pc, #132]	; (10000850 <gpio_set_irq_enabled_with_callback+0x9c>)
100007cc:	08c6      	lsrs	r6, r0, #3
100007ce:	4694      	mov	ip, r2
100007d0:	2207      	movs	r2, #7
100007d2:	4002      	ands	r2, r0
100007d4:	0092      	lsls	r2, r2, #2
100007d6:	4091      	lsls	r1, r2
100007d8:	0032      	movs	r2, r6
100007da:	481e      	ldr	r0, [pc, #120]	; (10000854 <gpio_set_irq_enabled_with_callback+0xa0>)
100007dc:	323c      	adds	r2, #60	; 0x3c
100007de:	4463      	add	r3, ip
100007e0:	0092      	lsls	r2, r2, #2
100007e2:	00b6      	lsls	r6, r6, #2
100007e4:	5011      	str	r1, [r2, r0]
100007e6:	199b      	adds	r3, r3, r6
100007e8:	2c00      	cmp	r4, #0
100007ea:	d011      	beq.n	10000810 <gpio_set_irq_enabled_with_callback+0x5c>
100007ec:	2280      	movs	r2, #128	; 0x80
100007ee:	0192      	lsls	r2, r2, #6
100007f0:	4313      	orrs	r3, r2
100007f2:	6019      	str	r1, [r3, #0]
100007f4:	23d0      	movs	r3, #208	; 0xd0
100007f6:	061b      	lsls	r3, r3, #24
100007f8:	681e      	ldr	r6, [r3, #0]
100007fa:	4f17      	ldr	r7, [pc, #92]	; (10000858 <gpio_set_irq_enabled_with_callback+0xa4>)
100007fc:	00b6      	lsls	r6, r6, #2
100007fe:	59bb      	ldr	r3, [r7, r6]
10000800:	2b00      	cmp	r3, #0
10000802:	d011      	beq.n	10000828 <gpio_set_irq_enabled_with_callback+0x74>
10000804:	2d00      	cmp	r5, #0
10000806:	d01e      	beq.n	10000846 <gpio_set_irq_enabled_with_callback+0x92>
10000808:	51bd      	str	r5, [r7, r6]
1000080a:	2c00      	cmp	r4, #0
1000080c:	d116      	bne.n	1000083c <gpio_set_irq_enabled_with_callback+0x88>
1000080e:	bdf8      	pop	{r3, r4, r5, r6, r7, pc}
10000810:	22c0      	movs	r2, #192	; 0xc0
10000812:	0192      	lsls	r2, r2, #6
10000814:	4313      	orrs	r3, r2
10000816:	6019      	str	r1, [r3, #0]
10000818:	23d0      	movs	r3, #208	; 0xd0
1000081a:	061b      	lsls	r3, r3, #24
1000081c:	681e      	ldr	r6, [r3, #0]
1000081e:	4f0e      	ldr	r7, [pc, #56]	; (10000858 <gpio_set_irq_enabled_with_callback+0xa4>)
10000820:	00b6      	lsls	r6, r6, #2
10000822:	59bb      	ldr	r3, [r7, r6]
10000824:	2b00      	cmp	r3, #0
10000826:	d1ed      	bne.n	10000804 <gpio_set_irq_enabled_with_callback+0x50>
10000828:	2d00      	cmp	r5, #0
1000082a:	d0ee      	beq.n	1000080a <gpio_set_irq_enabled_with_callback+0x56>
1000082c:	2200      	movs	r2, #0
1000082e:	490b      	ldr	r1, [pc, #44]	; (1000085c <gpio_set_irq_enabled_with_callback+0xa8>)
10000830:	200d      	movs	r0, #13
10000832:	51bd      	str	r5, [r7, r6]
10000834:	f000 f936 	bl	10000aa4 <irq_add_shared_handler>
10000838:	2c00      	cmp	r4, #0
1000083a:	d0e8      	beq.n	1000080e <gpio_set_irq_enabled_with_callback+0x5a>
1000083c:	2101      	movs	r1, #1
1000083e:	200d      	movs	r0, #13
10000840:	f000 f8ce 	bl	100009e0 <irq_set_enabled>
10000844:	e7e3      	b.n	1000080e <gpio_set_irq_enabled_with_callback+0x5a>
10000846:	4905      	ldr	r1, [pc, #20]	; (1000085c <gpio_set_irq_enabled_with_callback+0xa8>)
10000848:	200d      	movs	r0, #13
1000084a:	f000 fa0f 	bl	10000c6c <irq_remove_handler>
1000084e:	e7db      	b.n	10000808 <gpio_set_irq_enabled_with_callback+0x54>
10000850:	40014100 	.word	0x40014100
10000854:	40014000 	.word	0x40014000
10000858:	20000a38 	.word	0x20000a38
1000085c:	100004e9 	.word	0x100004e9

10000860 <gpio_init>:
10000860:	2301      	movs	r3, #1
10000862:	22d0      	movs	r2, #208	; 0xd0
10000864:	4083      	lsls	r3, r0
10000866:	0612      	lsls	r2, r2, #24
10000868:	6293      	str	r3, [r2, #40]	; 0x28
1000086a:	6193      	str	r3, [r2, #24]
1000086c:	4a09      	ldr	r2, [pc, #36]	; (10000894 <gpio_init+0x34>)
1000086e:	0083      	lsls	r3, r0, #2
10000870:	4694      	mov	ip, r2
10000872:	2240      	movs	r2, #64	; 0x40
10000874:	4463      	add	r3, ip
10000876:	6819      	ldr	r1, [r3, #0]
10000878:	00c0      	lsls	r0, r0, #3
1000087a:	404a      	eors	r2, r1
1000087c:	21c0      	movs	r1, #192	; 0xc0
1000087e:	4011      	ands	r1, r2
10000880:	2280      	movs	r2, #128	; 0x80
10000882:	0152      	lsls	r2, r2, #5
10000884:	4313      	orrs	r3, r2
10000886:	6019      	str	r1, [r3, #0]
10000888:	4b03      	ldr	r3, [pc, #12]	; (10000898 <gpio_init+0x38>)
1000088a:	469c      	mov	ip, r3
1000088c:	2305      	movs	r3, #5
1000088e:	4460      	add	r0, ip
10000890:	6043      	str	r3, [r0, #4]
10000892:	4770      	bx	lr
10000894:	4001c004 	.word	0x4001c004
10000898:	40014000 	.word	0x40014000

1000089c <hw_claim_or_assert>:
1000089c:	b5f8      	push	{r3, r4, r5, r6, r7, lr}
1000089e:	f3ef 8710 	mrs	r7, PRIMASK
100008a2:	b672      	cpsid	i
100008a4:	4e0d      	ldr	r6, [pc, #52]	; (100008dc <hw_claim_or_assert+0x40>)
100008a6:	6833      	ldr	r3, [r6, #0]
100008a8:	2b00      	cmp	r3, #0
100008aa:	d0fc      	beq.n	100008a6 <hw_claim_or_assert+0xa>
100008ac:	f3bf 8f5f 	dmb	sy
100008b0:	2507      	movs	r5, #7
100008b2:	08cb      	lsrs	r3, r1, #3
100008b4:	18c0      	adds	r0, r0, r3
100008b6:	2301      	movs	r3, #1
100008b8:	400d      	ands	r5, r1
100008ba:	40ab      	lsls	r3, r5
100008bc:	001d      	movs	r5, r3
100008be:	7804      	ldrb	r4, [r0, #0]
100008c0:	4025      	ands	r5, r4
100008c2:	d107      	bne.n	100008d4 <hw_claim_or_assert+0x38>
100008c4:	4323      	orrs	r3, r4
100008c6:	7003      	strb	r3, [r0, #0]
100008c8:	f3bf 8f5f 	dmb	sy
100008cc:	6035      	str	r5, [r6, #0]
100008ce:	f387 8810 	msr	PRIMASK, r7
100008d2:	bdf8      	pop	{r3, r4, r5, r6, r7, pc}
100008d4:	0010      	movs	r0, r2
100008d6:	f001 fb55 	bl	10001f84 <panic>
100008da:	46c0      	nop			; (mov r8, r8)
100008dc:	d000012c 	.word	0xd000012c

100008e0 <hw_claim_unused_from_range>:
100008e0:	b5f8      	push	{r3, r4, r5, r6, r7, lr}
100008e2:	46ce      	mov	lr, r9
100008e4:	4647      	mov	r7, r8
100008e6:	468c      	mov	ip, r1
100008e8:	b580      	push	{r7, lr}
100008ea:	f3ef 8810 	mrs	r8, PRIMASK
100008ee:	b672      	cpsid	i
100008f0:	4d21      	ldr	r5, [pc, #132]	; (10000978 <hw_claim_unused_from_range+0x98>)
100008f2:	682c      	ldr	r4, [r5, #0]
100008f4:	2c00      	cmp	r4, #0
100008f6:	d0fc      	beq.n	100008f2 <hw_claim_unused_from_range+0x12>
100008f8:	f3bf 8f5f 	dmb	sy
100008fc:	429a      	cmp	r2, r3
100008fe:	d82c      	bhi.n	1000095a <hw_claim_unused_from_range+0x7a>
10000900:	2107      	movs	r1, #7
10000902:	2501      	movs	r5, #1
10000904:	4011      	ands	r1, r2
10000906:	408d      	lsls	r5, r1
10000908:	08d4      	lsrs	r4, r2, #3
1000090a:	1904      	adds	r4, r0, r4
1000090c:	7826      	ldrb	r6, [r4, #0]
1000090e:	4235      	tst	r5, r6
10000910:	d01f      	beq.n	10000952 <hw_claim_unused_from_range+0x72>
10000912:	2107      	movs	r1, #7
10000914:	4689      	mov	r9, r1
10000916:	3906      	subs	r1, #6
10000918:	e009      	b.n	1000092e <hw_claim_unused_from_range+0x4e>
1000091a:	464d      	mov	r5, r9
1000091c:	000f      	movs	r7, r1
1000091e:	4015      	ands	r5, r2
10000920:	40af      	lsls	r7, r5
10000922:	08d4      	lsrs	r4, r2, #3
10000924:	1904      	adds	r4, r0, r4
10000926:	7826      	ldrb	r6, [r4, #0]
10000928:	003d      	movs	r5, r7
1000092a:	4237      	tst	r7, r6
1000092c:	d011      	beq.n	10000952 <hw_claim_unused_from_range+0x72>
1000092e:	3201      	adds	r2, #1
10000930:	4293      	cmp	r3, r2
10000932:	d2f2      	bcs.n	1000091a <hw_claim_unused_from_range+0x3a>
10000934:	2001      	movs	r0, #1
10000936:	4240      	negs	r0, r0
10000938:	f3bf 8f5f 	dmb	sy
1000093c:	2200      	movs	r2, #0
1000093e:	4b0e      	ldr	r3, [pc, #56]	; (10000978 <hw_claim_unused_from_range+0x98>)
10000940:	601a      	str	r2, [r3, #0]
10000942:	f388 8810 	msr	PRIMASK, r8
10000946:	2800      	cmp	r0, #0
10000948:	db0f      	blt.n	1000096a <hw_claim_unused_from_range+0x8a>
1000094a:	bc0c      	pop	{r2, r3}
1000094c:	4690      	mov	r8, r2
1000094e:	4699      	mov	r9, r3
10000950:	bdf8      	pop	{r3, r4, r5, r6, r7, pc}
10000952:	4335      	orrs	r5, r6
10000954:	7025      	strb	r5, [r4, #0]
10000956:	0010      	movs	r0, r2
10000958:	e7ee      	b.n	10000938 <hw_claim_unused_from_range+0x58>
1000095a:	f3bf 8f5f 	dmb	sy
1000095e:	2300      	movs	r3, #0
10000960:	602b      	str	r3, [r5, #0]
10000962:	f388 8810 	msr	PRIMASK, r8
10000966:	2001      	movs	r0, #1
10000968:	4240      	negs	r0, r0
1000096a:	4663      	mov	r3, ip
1000096c:	2b00      	cmp	r3, #0
1000096e:	d0ec      	beq.n	1000094a <hw_claim_unused_from_range+0x6a>
10000970:	9808      	ldr	r0, [sp, #32]
10000972:	f001 fb07 	bl	10001f84 <panic>
10000976:	46c0      	nop			; (mov r8, r8)
10000978:	d000012c 	.word	0xd000012c

1000097c <running_on_fpga>:
1000097c:	4b02      	ldr	r3, [pc, #8]	; (10000988 <running_on_fpga+0xc>)
1000097e:	6818      	ldr	r0, [r3, #0]
10000980:	0780      	lsls	r0, r0, #30
10000982:	0fc0      	lsrs	r0, r0, #31
10000984:	4770      	bx	lr
10000986:	46c0      	nop			; (mov r8, r8)
10000988:	4006c000 	.word	0x4006c000

1000098c <spin_locks_reset>:
1000098c:	2100      	movs	r1, #0
1000098e:	4b04      	ldr	r3, [pc, #16]	; (100009a0 <spin_locks_reset+0x14>)
10000990:	4a04      	ldr	r2, [pc, #16]	; (100009a4 <spin_locks_reset+0x18>)
10000992:	f3bf 8f5f 	dmb	sy
10000996:	c302      	stmia	r3!, {r1}
10000998:	4293      	cmp	r3, r2
1000099a:	d1fa      	bne.n	10000992 <spin_locks_reset+0x6>
1000099c:	4770      	bx	lr
1000099e:	46c0      	nop			; (mov r8, r8)
100009a0:	d0000100 	.word	0xd0000100
100009a4:	d0000180 	.word	0xd0000180

100009a8 <next_striped_spin_lock_num>:
100009a8:	4a04      	ldr	r2, [pc, #16]	; (100009bc <next_striped_spin_lock_num+0x14>)
100009aa:	7810      	ldrb	r0, [r2, #0]
100009ac:	1c43      	adds	r3, r0, #1
100009ae:	b2db      	uxtb	r3, r3
100009b0:	2b17      	cmp	r3, #23
100009b2:	d900      	bls.n	100009b6 <next_striped_spin_lock_num+0xe>
100009b4:	2310      	movs	r3, #16
100009b6:	7013      	strb	r3, [r2, #0]
100009b8:	4770      	bx	lr
100009ba:	46c0      	nop			; (mov r8, r8)
100009bc:	20000370 	.word	0x20000370

100009c0 <spin_lock_claim_unused>:
100009c0:	b500      	push	{lr}
100009c2:	4b05      	ldr	r3, [pc, #20]	; (100009d8 <spin_lock_claim_unused+0x18>)
100009c4:	b083      	sub	sp, #12
100009c6:	0001      	movs	r1, r0
100009c8:	9300      	str	r3, [sp, #0]
100009ca:	2218      	movs	r2, #24
100009cc:	231f      	movs	r3, #31
100009ce:	4803      	ldr	r0, [pc, #12]	; (100009dc <spin_lock_claim_unused+0x1c>)
100009d0:	f7ff ff86 	bl	100008e0 <hw_claim_unused_from_range>
100009d4:	b003      	add	sp, #12
100009d6:	bd00      	pop	{pc}
100009d8:	100054a0 	.word	0x100054a0
100009dc:	20000a40 	.word	0x20000a40

100009e0 <irq_set_enabled>:
100009e0:	2301      	movs	r3, #1
100009e2:	4083      	lsls	r3, r0
100009e4:	2900      	cmp	r1, #0
100009e6:	d004      	beq.n	100009f2 <irq_set_enabled+0x12>
100009e8:	4a03      	ldr	r2, [pc, #12]	; (100009f8 <irq_set_enabled+0x18>)
100009ea:	6013      	str	r3, [r2, #0]
100009ec:	4a03      	ldr	r2, [pc, #12]	; (100009fc <irq_set_enabled+0x1c>)
100009ee:	6013      	str	r3, [r2, #0]
100009f0:	4770      	bx	lr
100009f2:	4a03      	ldr	r2, [pc, #12]	; (10000a00 <irq_set_enabled+0x20>)
100009f4:	6013      	str	r3, [r2, #0]
100009f6:	e7fb      	b.n	100009f0 <irq_set_enabled+0x10>
100009f8:	e000e280 	.word	0xe000e280
100009fc:	e000e100 	.word	0xe000e100
10000a00:	e000e180 	.word	0xe000e180

10000a04 <irq_set_pending>:
10000a04:	2301      	movs	r3, #1
10000a06:	4083      	lsls	r3, r0
10000a08:	4a01      	ldr	r2, [pc, #4]	; (10000a10 <irq_set_pending+0xc>)
10000a0a:	6013      	str	r3, [r2, #0]
10000a0c:	4770      	bx	lr
10000a0e:	46c0      	nop			; (mov r8, r8)
10000a10:	e000e200 	.word	0xe000e200

10000a14 <irq_has_shared_handler>:
10000a14:	4b08      	ldr	r3, [pc, #32]	; (10000a38 <irq_has_shared_handler+0x24>)
10000a16:	3010      	adds	r0, #16
10000a18:	689b      	ldr	r3, [r3, #8]
10000a1a:	0080      	lsls	r0, r0, #2
10000a1c:	58c3      	ldr	r3, [r0, r3]
10000a1e:	2b00      	cmp	r3, #0
10000a20:	d007      	beq.n	10000a32 <irq_has_shared_handler+0x1e>
10000a22:	4a06      	ldr	r2, [pc, #24]	; (10000a3c <irq_has_shared_handler+0x28>)
10000a24:	2000      	movs	r0, #0
10000a26:	1a9b      	subs	r3, r3, r2
10000a28:	222f      	movs	r2, #47	; 0x2f
10000a2a:	429a      	cmp	r2, r3
10000a2c:	4140      	adcs	r0, r0
10000a2e:	b2c0      	uxtb	r0, r0
10000a30:	4770      	bx	lr
10000a32:	2000      	movs	r0, #0
10000a34:	e7fc      	b.n	10000a30 <irq_has_shared_handler+0x1c>
10000a36:	46c0      	nop			; (mov r8, r8)
10000a38:	e000ed00 	.word	0xe000ed00
10000a3c:	20000374 	.word	0x20000374

10000a40 <irq_get_vtable_handler>:
10000a40:	4b02      	ldr	r3, [pc, #8]	; (10000a4c <irq_get_vtable_handler+0xc>)
10000a42:	3010      	adds	r0, #16
10000a44:	689b      	ldr	r3, [r3, #8]
10000a46:	0080      	lsls	r0, r0, #2
10000a48:	58c0      	ldr	r0, [r0, r3]
10000a4a:	4770      	bx	lr
10000a4c:	e000ed00 	.word	0xe000ed00

10000a50 <irq_set_exclusive_handler>:
10000a50:	b570      	push	{r4, r5, r6, lr}
10000a52:	000d      	movs	r5, r1
10000a54:	f3ef 8610 	mrs	r6, PRIMASK
10000a58:	b672      	cpsid	i
10000a5a:	4a0f      	ldr	r2, [pc, #60]	; (10000a98 <irq_set_exclusive_handler+0x48>)
10000a5c:	6813      	ldr	r3, [r2, #0]
10000a5e:	2b00      	cmp	r3, #0
10000a60:	d0fc      	beq.n	10000a5c <irq_set_exclusive_handler+0xc>
10000a62:	f3bf 8f5f 	dmb	sy
10000a66:	4b0d      	ldr	r3, [pc, #52]	; (10000a9c <irq_set_exclusive_handler+0x4c>)
10000a68:	3010      	adds	r0, #16
10000a6a:	689b      	ldr	r3, [r3, #8]
10000a6c:	0084      	lsls	r4, r0, #2
10000a6e:	591b      	ldr	r3, [r3, r4]
10000a70:	4a0b      	ldr	r2, [pc, #44]	; (10000aa0 <irq_set_exclusive_handler+0x50>)
10000a72:	4293      	cmp	r3, r2
10000a74:	d003      	beq.n	10000a7e <irq_set_exclusive_handler+0x2e>
10000a76:	429d      	cmp	r5, r3
10000a78:	d001      	beq.n	10000a7e <irq_set_exclusive_handler+0x2e>
10000a7a:	f001 fa9b 	bl	10001fb4 <hard_assertion_failure>
10000a7e:	4b07      	ldr	r3, [pc, #28]	; (10000a9c <irq_set_exclusive_handler+0x4c>)
10000a80:	689b      	ldr	r3, [r3, #8]
10000a82:	511d      	str	r5, [r3, r4]
10000a84:	f3bf 8f5f 	dmb	sy
10000a88:	f3bf 8f5f 	dmb	sy
10000a8c:	2200      	movs	r2, #0
10000a8e:	4b02      	ldr	r3, [pc, #8]	; (10000a98 <irq_set_exclusive_handler+0x48>)
10000a90:	601a      	str	r2, [r3, #0]
10000a92:	f386 8810 	msr	PRIMASK, r6
10000a96:	bd70      	pop	{r4, r5, r6, pc}
10000a98:	d0000124 	.word	0xd0000124
10000a9c:	e000ed00 	.word	0xe000ed00
10000aa0:	100001cd 	.word	0x100001cd

10000aa4 <irq_add_shared_handler>:
10000aa4:	b5f8      	push	{r3, r4, r5, r6, r7, lr}
10000aa6:	4657      	mov	r7, sl
10000aa8:	4645      	mov	r5, r8
10000aaa:	46de      	mov	lr, fp
10000aac:	464e      	mov	r6, r9
10000aae:	468a      	mov	sl, r1
10000ab0:	b5e0      	push	{r5, r6, r7, lr}
10000ab2:	4690      	mov	r8, r2
10000ab4:	0007      	movs	r7, r0
10000ab6:	f3ef 8910 	mrs	r9, PRIMASK
10000aba:	b672      	cpsid	i
10000abc:	4a60      	ldr	r2, [pc, #384]	; (10000c40 <irq_add_shared_handler+0x19c>)
10000abe:	6813      	ldr	r3, [r2, #0]
10000ac0:	2b00      	cmp	r3, #0
10000ac2:	d0fc      	beq.n	10000abe <irq_add_shared_handler+0x1a>
10000ac4:	f3bf 8f5f 	dmb	sy
10000ac8:	2000      	movs	r0, #0
10000aca:	4b5e      	ldr	r3, [pc, #376]	; (10000c44 <irq_add_shared_handler+0x1a0>)
10000acc:	5618      	ldrsb	r0, [r3, r0]
10000ace:	469b      	mov	fp, r3
10000ad0:	2800      	cmp	r0, #0
10000ad2:	da00      	bge.n	10000ad6 <irq_add_shared_handler+0x32>
10000ad4:	e0a2      	b.n	10000c1c <irq_add_shared_handler+0x178>
10000ad6:	465a      	mov	r2, fp
10000ad8:	0044      	lsls	r4, r0, #1
10000ada:	4d5b      	ldr	r5, [pc, #364]	; (10000c48 <irq_add_shared_handler+0x1a4>)
10000adc:	1824      	adds	r4, r4, r0
10000ade:	00a4      	lsls	r4, r4, #2
10000ae0:	192e      	adds	r6, r5, r4
10000ae2:	79b3      	ldrb	r3, [r6, #6]
10000ae4:	3710      	adds	r7, #16
10000ae6:	7013      	strb	r3, [r2, #0]
10000ae8:	4b58      	ldr	r3, [pc, #352]	; (10000c4c <irq_add_shared_handler+0x1a8>)
10000aea:	00ba      	lsls	r2, r7, #2
10000aec:	689b      	ldr	r3, [r3, #8]
10000aee:	4693      	mov	fp, r2
10000af0:	5899      	ldr	r1, [r3, r2]
10000af2:	1b4b      	subs	r3, r1, r5
10000af4:	2b2f      	cmp	r3, #47	; 0x2f
10000af6:	d841      	bhi.n	10000b7c <irq_add_shared_handler+0xd8>
10000af8:	2301      	movs	r3, #1
10000afa:	000a      	movs	r2, r1
10000afc:	439a      	bics	r2, r3
10000afe:	79d3      	ldrb	r3, [r2, #7]
10000b00:	4694      	mov	ip, r2
10000b02:	4543      	cmp	r3, r8
10000b04:	d914      	bls.n	10000b30 <irq_add_shared_handler+0x8c>
10000b06:	2706      	movs	r7, #6
10000b08:	57d7      	ldrsb	r7, [r2, r7]
10000b0a:	0013      	movs	r3, r2
10000b0c:	2f00      	cmp	r7, #0
10000b0e:	da06      	bge.n	10000b1e <irq_add_shared_handler+0x7a>
10000b10:	e08d      	b.n	10000c2e <irq_add_shared_handler+0x18a>
10000b12:	2706      	movs	r7, #6
10000b14:	57df      	ldrsb	r7, [r3, r7]
10000b16:	001a      	movs	r2, r3
10000b18:	2f00      	cmp	r7, #0
10000b1a:	da00      	bge.n	10000b1e <irq_add_shared_handler+0x7a>
10000b1c:	e087      	b.n	10000c2e <irq_add_shared_handler+0x18a>
10000b1e:	007b      	lsls	r3, r7, #1
10000b20:	19db      	adds	r3, r3, r7
10000b22:	009b      	lsls	r3, r3, #2
10000b24:	18eb      	adds	r3, r5, r3
10000b26:	79df      	ldrb	r7, [r3, #7]
10000b28:	4547      	cmp	r7, r8
10000b2a:	d8f2      	bhi.n	10000b12 <irq_add_shared_handler+0x6e>
10000b2c:	2a00      	cmp	r2, #0
10000b2e:	d151      	bne.n	10000bd4 <irq_add_shared_handler+0x130>
10000b30:	4a47      	ldr	r2, [pc, #284]	; (10000c50 <irq_add_shared_handler+0x1ac>)
10000b32:	4663      	mov	r3, ip
10000b34:	1b5b      	subs	r3, r3, r5
10000b36:	415b      	adcs	r3, r3
10000b38:	435a      	muls	r2, r3
10000b3a:	0d12      	lsrs	r2, r2, #20
10000b3c:	4b45      	ldr	r3, [pc, #276]	; (10000c54 <irq_add_shared_handler+0x1b0>)
10000b3e:	1ca1      	adds	r1, r4, #2
10000b40:	8033      	strh	r3, [r6, #0]
10000b42:	4b45      	ldr	r3, [pc, #276]	; (10000c58 <irq_add_shared_handler+0x1b4>)
10000b44:	1869      	adds	r1, r5, r1
10000b46:	3b04      	subs	r3, #4
10000b48:	1a5b      	subs	r3, r3, r1
10000b4a:	051b      	lsls	r3, r3, #20
10000b4c:	4943      	ldr	r1, [pc, #268]	; (10000c5c <irq_add_shared_handler+0x1b8>)
10000b4e:	0d5b      	lsrs	r3, r3, #21
10000b50:	430b      	orrs	r3, r1
10000b52:	8073      	strh	r3, [r6, #2]
10000b54:	4663      	mov	r3, ip
10000b56:	3404      	adds	r4, #4
10000b58:	3b04      	subs	r3, #4
10000b5a:	192d      	adds	r5, r5, r4
10000b5c:	1b5d      	subs	r5, r3, r5
10000b5e:	4643      	mov	r3, r8
10000b60:	052d      	lsls	r5, r5, #20
10000b62:	71f3      	strb	r3, [r6, #7]
10000b64:	0d6d      	lsrs	r5, r5, #21
10000b66:	4653      	mov	r3, sl
10000b68:	4329      	orrs	r1, r5
10000b6a:	80b1      	strh	r1, [r6, #4]
10000b6c:	71b2      	strb	r2, [r6, #6]
10000b6e:	2101      	movs	r1, #1
10000b70:	4662      	mov	r2, ip
10000b72:	60b3      	str	r3, [r6, #8]
10000b74:	4b3a      	ldr	r3, [pc, #232]	; (10000c60 <irq_add_shared_handler+0x1bc>)
10000b76:	4331      	orrs	r1, r6
10000b78:	6013      	str	r3, [r2, #0]
10000b7a:	e018      	b.n	10000bae <irq_add_shared_handler+0x10a>
10000b7c:	4b39      	ldr	r3, [pc, #228]	; (10000c64 <irq_add_shared_handler+0x1c0>)
10000b7e:	4299      	cmp	r1, r3
10000b80:	d152      	bne.n	10000c28 <irq_add_shared_handler+0x184>
10000b82:	4b34      	ldr	r3, [pc, #208]	; (10000c54 <irq_add_shared_handler+0x1b0>)
10000b84:	3402      	adds	r4, #2
10000b86:	8033      	strh	r3, [r6, #0]
10000b88:	4b33      	ldr	r3, [pc, #204]	; (10000c58 <irq_add_shared_handler+0x1b4>)
10000b8a:	192d      	adds	r5, r5, r4
10000b8c:	3b04      	subs	r3, #4
10000b8e:	1b5d      	subs	r5, r3, r5
10000b90:	052d      	lsls	r5, r5, #20
10000b92:	4b32      	ldr	r3, [pc, #200]	; (10000c5c <irq_add_shared_handler+0x1b8>)
10000b94:	0d6d      	lsrs	r5, r5, #21
10000b96:	431d      	orrs	r5, r3
10000b98:	4b33      	ldr	r3, [pc, #204]	; (10000c68 <irq_add_shared_handler+0x1c4>)
10000b9a:	2101      	movs	r1, #1
10000b9c:	80b3      	strh	r3, [r6, #4]
10000b9e:	23ff      	movs	r3, #255	; 0xff
10000ba0:	71b3      	strb	r3, [r6, #6]
10000ba2:	4643      	mov	r3, r8
10000ba4:	71f3      	strb	r3, [r6, #7]
10000ba6:	4653      	mov	r3, sl
10000ba8:	8075      	strh	r5, [r6, #2]
10000baa:	60b3      	str	r3, [r6, #8]
10000bac:	4331      	orrs	r1, r6
10000bae:	465a      	mov	r2, fp
10000bb0:	4b26      	ldr	r3, [pc, #152]	; (10000c4c <irq_add_shared_handler+0x1a8>)
10000bb2:	689b      	ldr	r3, [r3, #8]
10000bb4:	5099      	str	r1, [r3, r2]
10000bb6:	f3bf 8f5f 	dmb	sy
10000bba:	f3bf 8f5f 	dmb	sy
10000bbe:	2200      	movs	r2, #0
10000bc0:	4b1f      	ldr	r3, [pc, #124]	; (10000c40 <irq_add_shared_handler+0x19c>)
10000bc2:	601a      	str	r2, [r3, #0]
10000bc4:	f389 8810 	msr	PRIMASK, r9
10000bc8:	bc3c      	pop	{r2, r3, r4, r5}
10000bca:	4690      	mov	r8, r2
10000bcc:	4699      	mov	r9, r3
10000bce:	46a2      	mov	sl, r4
10000bd0:	46ab      	mov	fp, r5
10000bd2:	bdf8      	pop	{r3, r4, r5, r6, r7, pc}
10000bd4:	2706      	movs	r7, #6
10000bd6:	57d7      	ldrsb	r7, [r2, r7]
10000bd8:	1d13      	adds	r3, r2, #4
10000bda:	469c      	mov	ip, r3
10000bdc:	2f00      	cmp	r7, #0
10000bde:	db2c      	blt.n	10000c3a <irq_add_shared_handler+0x196>
10000be0:	3404      	adds	r4, #4
10000be2:	192d      	adds	r5, r5, r4
10000be4:	24e0      	movs	r4, #224	; 0xe0
10000be6:	8893      	ldrh	r3, [r2, #4]
10000be8:	0224      	lsls	r4, r4, #8
10000bea:	055b      	lsls	r3, r3, #21
10000bec:	151b      	asrs	r3, r3, #20
10000bee:	4463      	add	r3, ip
10000bf0:	1b5b      	subs	r3, r3, r5
10000bf2:	051b      	lsls	r3, r3, #20
10000bf4:	0d5b      	lsrs	r3, r3, #21
10000bf6:	4323      	orrs	r3, r4
10000bf8:	4665      	mov	r5, ip
10000bfa:	1f34      	subs	r4, r6, #4
10000bfc:	1b64      	subs	r4, r4, r5
10000bfe:	0524      	lsls	r4, r4, #20
10000c00:	4d16      	ldr	r5, [pc, #88]	; (10000c5c <irq_add_shared_handler+0x1b8>)
10000c02:	0d64      	lsrs	r4, r4, #21
10000c04:	432c      	orrs	r4, r5
10000c06:	8094      	strh	r4, [r2, #4]
10000c08:	7190      	strb	r0, [r2, #6]
10000c0a:	80b3      	strh	r3, [r6, #4]
10000c0c:	4643      	mov	r3, r8
10000c0e:	71f3      	strb	r3, [r6, #7]
10000c10:	4653      	mov	r3, sl
10000c12:	4a13      	ldr	r2, [pc, #76]	; (10000c60 <irq_add_shared_handler+0x1bc>)
10000c14:	71b7      	strb	r7, [r6, #6]
10000c16:	6032      	str	r2, [r6, #0]
10000c18:	60b3      	str	r3, [r6, #8]
10000c1a:	e7c8      	b.n	10000bae <irq_add_shared_handler+0x10a>
10000c1c:	f001 f9ca 	bl	10001fb4 <hard_assertion_failure>
10000c20:	465b      	mov	r3, fp
10000c22:	2000      	movs	r0, #0
10000c24:	5618      	ldrsb	r0, [r3, r0]
10000c26:	e756      	b.n	10000ad6 <irq_add_shared_handler+0x32>
10000c28:	f001 f9c4 	bl	10001fb4 <hard_assertion_failure>
10000c2c:	e7a9      	b.n	10000b82 <irq_add_shared_handler+0xde>
10000c2e:	1d1a      	adds	r2, r3, #4
10000c30:	4694      	mov	ip, r2
10000c32:	001a      	movs	r2, r3
10000c34:	23bd      	movs	r3, #189	; 0xbd
10000c36:	021b      	lsls	r3, r3, #8
10000c38:	e7de      	b.n	10000bf8 <irq_add_shared_handler+0x154>
10000c3a:	23bd      	movs	r3, #189	; 0xbd
10000c3c:	021b      	lsls	r3, r3, #8
10000c3e:	e7db      	b.n	10000bf8 <irq_add_shared_handler+0x154>
10000c40:	d0000124 	.word	0xd0000124
10000c44:	20000f43 	.word	0x20000f43
10000c48:	20000374 	.word	0x20000374
10000c4c:	e000ed00 	.word	0xe000ed00
10000c50:	0000aaaa 	.word	0x0000aaaa
10000c54:	ffffa100 	.word	0xffffa100
10000c58:	200003a4 	.word	0x200003a4
10000c5c:	ffffe000 	.word	0xffffe000
10000c60:	47804801 	.word	0x47804801
10000c64:	100001cd 	.word	0x100001cd
10000c68:	ffffbd00 	.word	0xffffbd00

10000c6c <irq_remove_handler>:
10000c6c:	b5f0      	push	{r4, r5, r6, r7, lr}
10000c6e:	4645      	mov	r5, r8
10000c70:	46de      	mov	lr, fp
10000c72:	4657      	mov	r7, sl
10000c74:	464e      	mov	r6, r9
10000c76:	b5e0      	push	{r5, r6, r7, lr}
10000c78:	000d      	movs	r5, r1
10000c7a:	b083      	sub	sp, #12
10000c7c:	f3ef 8a10 	mrs	sl, PRIMASK
10000c80:	b672      	cpsid	i
10000c82:	4a5a      	ldr	r2, [pc, #360]	; (10000dec <irq_remove_handler+0x180>)
10000c84:	6813      	ldr	r3, [r2, #0]
10000c86:	2b00      	cmp	r3, #0
10000c88:	d0fc      	beq.n	10000c84 <irq_remove_handler+0x18>
10000c8a:	f3bf 8f5f 	dmb	sy
10000c8e:	2210      	movs	r2, #16
10000c90:	4691      	mov	r9, r2
10000c92:	4481      	add	r9, r0
10000c94:	464a      	mov	r2, r9
10000c96:	4b56      	ldr	r3, [pc, #344]	; (10000df0 <irq_remove_handler+0x184>)
10000c98:	0096      	lsls	r6, r2, #2
10000c9a:	689b      	ldr	r3, [r3, #8]
10000c9c:	599c      	ldr	r4, [r3, r6]
10000c9e:	4b55      	ldr	r3, [pc, #340]	; (10000df4 <irq_remove_handler+0x188>)
10000ca0:	4698      	mov	r8, r3
10000ca2:	429c      	cmp	r4, r3
10000ca4:	d005      	beq.n	10000cb2 <irq_remove_handler+0x46>
10000ca6:	42ac      	cmp	r4, r5
10000ca8:	d016      	beq.n	10000cd8 <irq_remove_handler+0x6c>
10000caa:	4f53      	ldr	r7, [pc, #332]	; (10000df8 <irq_remove_handler+0x18c>)
10000cac:	1be3      	subs	r3, r4, r7
10000cae:	2b2f      	cmp	r3, #47	; 0x2f
10000cb0:	d914      	bls.n	10000cdc <irq_remove_handler+0x70>
10000cb2:	4b4f      	ldr	r3, [pc, #316]	; (10000df0 <irq_remove_handler+0x184>)
10000cb4:	689b      	ldr	r3, [r3, #8]
10000cb6:	519c      	str	r4, [r3, r6]
10000cb8:	f3bf 8f5f 	dmb	sy
10000cbc:	f3bf 8f5f 	dmb	sy
10000cc0:	2200      	movs	r2, #0
10000cc2:	4b4a      	ldr	r3, [pc, #296]	; (10000dec <irq_remove_handler+0x180>)
10000cc4:	601a      	str	r2, [r3, #0]
10000cc6:	f38a 8810 	msr	PRIMASK, sl
10000cca:	b003      	add	sp, #12
10000ccc:	bc3c      	pop	{r2, r3, r4, r5}
10000cce:	4690      	mov	r8, r2
10000cd0:	4699      	mov	r9, r3
10000cd2:	46a2      	mov	sl, r4
10000cd4:	46ab      	mov	fp, r5
10000cd6:	bdf0      	pop	{r4, r5, r6, r7, pc}
10000cd8:	001c      	movs	r4, r3
10000cda:	e7ea      	b.n	10000cb2 <irq_remove_handler+0x46>
10000cdc:	2301      	movs	r3, #1
10000cde:	4083      	lsls	r3, r0
10000ce0:	469b      	mov	fp, r3
10000ce2:	465a      	mov	r2, fp
10000ce4:	4b45      	ldr	r3, [pc, #276]	; (10000dfc <irq_remove_handler+0x190>)
10000ce6:	681b      	ldr	r3, [r3, #0]
10000ce8:	401a      	ands	r2, r3
10000cea:	9200      	str	r2, [sp, #0]
10000cec:	465a      	mov	r2, fp
10000cee:	4b44      	ldr	r3, [pc, #272]	; (10000e00 <irq_remove_handler+0x194>)
10000cf0:	601a      	str	r2, [r3, #0]
10000cf2:	f3bf 8f5f 	dmb	sy
10000cf6:	f7ff fab6 	bl	10000266 <__get_current_exception>
10000cfa:	9001      	str	r0, [sp, #4]
10000cfc:	2800      	cmp	r0, #0
10000cfe:	d003      	beq.n	10000d08 <irq_remove_handler+0x9c>
10000d00:	4581      	cmp	r9, r0
10000d02:	d001      	beq.n	10000d08 <irq_remove_handler+0x9c>
10000d04:	f001 f956 	bl	10001fb4 <hard_assertion_failure>
10000d08:	2301      	movs	r3, #1
10000d0a:	0022      	movs	r2, r4
10000d0c:	2106      	movs	r1, #6
10000d0e:	439a      	bics	r2, r3
10000d10:	6893      	ldr	r3, [r2, #8]
10000d12:	5651      	ldrsb	r1, [r2, r1]
10000d14:	429d      	cmp	r5, r3
10000d16:	d10a      	bne.n	10000d2e <irq_remove_handler+0xc2>
10000d18:	e052      	b.n	10000dc0 <irq_remove_handler+0x154>
10000d1a:	004b      	lsls	r3, r1, #1
10000d1c:	185b      	adds	r3, r3, r1
10000d1e:	2106      	movs	r1, #6
10000d20:	009b      	lsls	r3, r3, #2
10000d22:	18fb      	adds	r3, r7, r3
10000d24:	6898      	ldr	r0, [r3, #8]
10000d26:	5659      	ldrsb	r1, [r3, r1]
10000d28:	42a8      	cmp	r0, r5
10000d2a:	d00f      	beq.n	10000d4c <irq_remove_handler+0xe0>
10000d2c:	001a      	movs	r2, r3
10000d2e:	2900      	cmp	r1, #0
10000d30:	daf3      	bge.n	10000d1a <irq_remove_handler+0xae>
10000d32:	9b00      	ldr	r3, [sp, #0]
10000d34:	2b00      	cmp	r3, #0
10000d36:	d005      	beq.n	10000d44 <irq_remove_handler+0xd8>
10000d38:	465a      	mov	r2, fp
10000d3a:	4b32      	ldr	r3, [pc, #200]	; (10000e04 <irq_remove_handler+0x198>)
10000d3c:	601a      	str	r2, [r3, #0]
10000d3e:	4b2f      	ldr	r3, [pc, #188]	; (10000dfc <irq_remove_handler+0x190>)
10000d40:	601a      	str	r2, [r3, #0]
10000d42:	e7b6      	b.n	10000cb2 <irq_remove_handler+0x46>
10000d44:	465a      	mov	r2, fp
10000d46:	4b2e      	ldr	r3, [pc, #184]	; (10000e00 <irq_remove_handler+0x194>)
10000d48:	601a      	str	r2, [r3, #0]
10000d4a:	e7b2      	b.n	10000cb2 <irq_remove_handler+0x46>
10000d4c:	2900      	cmp	r1, #0
10000d4e:	db21      	blt.n	10000d94 <irq_remove_handler+0x128>
10000d50:	004a      	lsls	r2, r1, #1
10000d52:	1850      	adds	r0, r2, r1
10000d54:	0080      	lsls	r0, r0, #2
10000d56:	183d      	adds	r5, r7, r0
10000d58:	4680      	mov	r8, r0
10000d5a:	68a8      	ldr	r0, [r5, #8]
10000d5c:	6098      	str	r0, [r3, #8]
10000d5e:	79e8      	ldrb	r0, [r5, #7]
10000d60:	71d8      	strb	r0, [r3, #7]
10000d62:	2006      	movs	r0, #6
10000d64:	5628      	ldrsb	r0, [r5, r0]
10000d66:	7198      	strb	r0, [r3, #6]
10000d68:	2800      	cmp	r0, #0
10000d6a:	db26      	blt.n	10000dba <irq_remove_handler+0x14e>
10000d6c:	88ad      	ldrh	r5, [r5, #4]
10000d6e:	1af8      	subs	r0, r7, r3
10000d70:	056d      	lsls	r5, r5, #21
10000d72:	152d      	asrs	r5, r5, #20
10000d74:	4445      	add	r5, r8
10000d76:	1940      	adds	r0, r0, r5
10000d78:	25e0      	movs	r5, #224	; 0xe0
10000d7a:	0500      	lsls	r0, r0, #20
10000d7c:	0d40      	lsrs	r0, r0, #21
10000d7e:	022d      	lsls	r5, r5, #8
10000d80:	4328      	orrs	r0, r5
10000d82:	8098      	strh	r0, [r3, #4]
10000d84:	1852      	adds	r2, r2, r1
10000d86:	4b20      	ldr	r3, [pc, #128]	; (10000e08 <irq_remove_handler+0x19c>)
10000d88:	0092      	lsls	r2, r2, #2
10000d8a:	18bf      	adds	r7, r7, r2
10000d8c:	781a      	ldrb	r2, [r3, #0]
10000d8e:	7019      	strb	r1, [r3, #0]
10000d90:	71ba      	strb	r2, [r7, #6]
10000d92:	e7ce      	b.n	10000d32 <irq_remove_handler+0xc6>
10000d94:	9901      	ldr	r1, [sp, #4]
10000d96:	2900      	cmp	r1, #0
10000d98:	d118      	bne.n	10000dcc <irq_remove_handler+0x160>
10000d9a:	2a00      	cmp	r2, #0
10000d9c:	d023      	beq.n	10000de6 <irq_remove_handler+0x17a>
10000d9e:	31ff      	adds	r1, #255	; 0xff
10000da0:	7191      	strb	r1, [r2, #6]
10000da2:	491a      	ldr	r1, [pc, #104]	; (10000e0c <irq_remove_handler+0x1a0>)
10000da4:	8091      	strh	r1, [r2, #4]
10000da6:	4918      	ldr	r1, [pc, #96]	; (10000e08 <irq_remove_handler+0x19c>)
10000da8:	780a      	ldrb	r2, [r1, #0]
10000daa:	719a      	strb	r2, [r3, #6]
10000dac:	4a18      	ldr	r2, [pc, #96]	; (10000e10 <irq_remove_handler+0x1a4>)
10000dae:	1bdb      	subs	r3, r3, r7
10000db0:	415b      	adcs	r3, r3
10000db2:	435a      	muls	r2, r3
10000db4:	0d12      	lsrs	r2, r2, #20
10000db6:	700a      	strb	r2, [r1, #0]
10000db8:	e7bb      	b.n	10000d32 <irq_remove_handler+0xc6>
10000dba:	20bd      	movs	r0, #189	; 0xbd
10000dbc:	0200      	lsls	r0, r0, #8
10000dbe:	e7e0      	b.n	10000d82 <irq_remove_handler+0x116>
10000dc0:	0013      	movs	r3, r2
10000dc2:	2900      	cmp	r1, #0
10000dc4:	dac4      	bge.n	10000d50 <irq_remove_handler+0xe4>
10000dc6:	9a01      	ldr	r2, [sp, #4]
10000dc8:	2a00      	cmp	r2, #0
10000dca:	d00c      	beq.n	10000de6 <irq_remove_handler+0x17a>
10000dcc:	4a11      	ldr	r2, [pc, #68]	; (10000e14 <irq_remove_handler+0x1a8>)
10000dce:	4912      	ldr	r1, [pc, #72]	; (10000e18 <irq_remove_handler+0x1ac>)
10000dd0:	1ad2      	subs	r2, r2, r3
10000dd2:	3a08      	subs	r2, #8
10000dd4:	0250      	lsls	r0, r2, #9
10000dd6:	0d40      	lsrs	r0, r0, #21
10000dd8:	4301      	orrs	r1, r0
10000dda:	8099      	strh	r1, [r3, #4]
10000ddc:	490f      	ldr	r1, [pc, #60]	; (10000e1c <irq_remove_handler+0x1b0>)
10000dde:	0852      	lsrs	r2, r2, #1
10000de0:	430a      	orrs	r2, r1
10000de2:	80da      	strh	r2, [r3, #6]
10000de4:	e7a5      	b.n	10000d32 <irq_remove_handler+0xc6>
10000de6:	4644      	mov	r4, r8
10000de8:	e7dd      	b.n	10000da6 <irq_remove_handler+0x13a>
10000dea:	46c0      	nop			; (mov r8, r8)
10000dec:	d0000124 	.word	0xd0000124
10000df0:	e000ed00 	.word	0xe000ed00
10000df4:	100001cd 	.word	0x100001cd
10000df8:	20000374 	.word	0x20000374
10000dfc:	e000e100 	.word	0xe000e100
10000e00:	e000e180 	.word	0xe000e180
10000e04:	e000e280 	.word	0xe000e280
10000e08:	20000f43 	.word	0x20000f43
10000e0c:	ffffbd00 	.word	0xffffbd00
10000e10:	0000aaaa 	.word	0x0000aaaa
10000e14:	200003ae 	.word	0x200003ae
10000e18:	fffff000 	.word	0xfffff000
10000e1c:	fffff800 	.word	0xfffff800

10000e20 <irq_add_tail_to_free_list>:
10000e20:	b5f8      	push	{r3, r4, r5, r6, r7, lr}
10000e22:	2501      	movs	r5, #1
10000e24:	0004      	movs	r4, r0
10000e26:	4305      	orrs	r5, r0
10000e28:	f7ff fa1d 	bl	10000266 <__get_current_exception>
10000e2c:	f3ef 8610 	mrs	r6, PRIMASK
10000e30:	b672      	cpsid	i
10000e32:	4a21      	ldr	r2, [pc, #132]	; (10000eb8 <irq_add_tail_to_free_list+0x98>)
10000e34:	6813      	ldr	r3, [r2, #0]
10000e36:	2b00      	cmp	r3, #0
10000e38:	d0fc      	beq.n	10000e34 <irq_add_tail_to_free_list+0x14>
10000e3a:	f3bf 8f5f 	dmb	sy
10000e3e:	4b1f      	ldr	r3, [pc, #124]	; (10000ebc <irq_add_tail_to_free_list+0x9c>)
10000e40:	4a1f      	ldr	r2, [pc, #124]	; (10000ec0 <irq_add_tail_to_free_list+0xa0>)
10000e42:	0021      	movs	r1, r4
10000e44:	1ac9      	subs	r1, r1, r3
10000e46:	4149      	adcs	r1, r1
10000e48:	434a      	muls	r2, r1
10000e4a:	0d12      	lsrs	r2, r2, #20
10000e4c:	491d      	ldr	r1, [pc, #116]	; (10000ec4 <irq_add_tail_to_free_list+0xa4>)
10000e4e:	0080      	lsls	r0, r0, #2
10000e50:	688f      	ldr	r7, [r1, #8]
10000e52:	b252      	sxtb	r2, r2
10000e54:	583f      	ldr	r7, [r7, r0]
10000e56:	42af      	cmp	r7, r5
10000e58:	d01c      	beq.n	10000e94 <irq_add_tail_to_free_list+0x74>
10000e5a:	2106      	movs	r1, #6
10000e5c:	5659      	ldrsb	r1, [r3, r1]
10000e5e:	4291      	cmp	r1, r2
10000e60:	d01c      	beq.n	10000e9c <irq_add_tail_to_free_list+0x7c>
10000e62:	2112      	movs	r1, #18
10000e64:	5659      	ldrsb	r1, [r3, r1]
10000e66:	4291      	cmp	r1, r2
10000e68:	d022      	beq.n	10000eb0 <irq_add_tail_to_free_list+0x90>
10000e6a:	211e      	movs	r1, #30
10000e6c:	5659      	ldrsb	r1, [r3, r1]
10000e6e:	4291      	cmp	r1, r2
10000e70:	d020      	beq.n	10000eb4 <irq_add_tail_to_free_list+0x94>
10000e72:	212a      	movs	r1, #42	; 0x2a
10000e74:	5659      	ldrsb	r1, [r3, r1]
10000e76:	2003      	movs	r0, #3
10000e78:	4291      	cmp	r1, r2
10000e7a:	d010      	beq.n	10000e9e <irq_add_tail_to_free_list+0x7e>
10000e7c:	4b12      	ldr	r3, [pc, #72]	; (10000ec8 <irq_add_tail_to_free_list+0xa8>)
10000e7e:	7819      	ldrb	r1, [r3, #0]
10000e80:	701a      	strb	r2, [r3, #0]
10000e82:	71a1      	strb	r1, [r4, #6]
10000e84:	f3bf 8f5f 	dmb	sy
10000e88:	2200      	movs	r2, #0
10000e8a:	4b0b      	ldr	r3, [pc, #44]	; (10000eb8 <irq_add_tail_to_free_list+0x98>)
10000e8c:	601a      	str	r2, [r3, #0]
10000e8e:	f386 8810 	msr	PRIMASK, r6
10000e92:	bdf8      	pop	{r3, r4, r5, r6, r7, pc}
10000e94:	688b      	ldr	r3, [r1, #8]
10000e96:	490d      	ldr	r1, [pc, #52]	; (10000ecc <irq_add_tail_to_free_list+0xac>)
10000e98:	5019      	str	r1, [r3, r0]
10000e9a:	e7ef      	b.n	10000e7c <irq_add_tail_to_free_list+0x5c>
10000e9c:	2000      	movs	r0, #0
10000e9e:	0041      	lsls	r1, r0, #1
10000ea0:	1809      	adds	r1, r1, r0
10000ea2:	0089      	lsls	r1, r1, #2
10000ea4:	185b      	adds	r3, r3, r1
10000ea6:	21ff      	movs	r1, #255	; 0xff
10000ea8:	7199      	strb	r1, [r3, #6]
10000eaa:	4909      	ldr	r1, [pc, #36]	; (10000ed0 <irq_add_tail_to_free_list+0xb0>)
10000eac:	8099      	strh	r1, [r3, #4]
10000eae:	e7e5      	b.n	10000e7c <irq_add_tail_to_free_list+0x5c>
10000eb0:	2001      	movs	r0, #1
10000eb2:	e7f4      	b.n	10000e9e <irq_add_tail_to_free_list+0x7e>
10000eb4:	2002      	movs	r0, #2
10000eb6:	e7f2      	b.n	10000e9e <irq_add_tail_to_free_list+0x7e>
10000eb8:	d0000124 	.word	0xd0000124
10000ebc:	20000374 	.word	0x20000374
10000ec0:	0000aaaa 	.word	0x0000aaaa
10000ec4:	e000ed00 	.word	0xe000ed00
10000ec8:	20000f43 	.word	0x20000f43
10000ecc:	100001cd 	.word	0x100001cd
10000ed0:	ffffbd00 	.word	0xffffbd00

10000ed4 <irq_init_priorities>:
10000ed4:	4b05      	ldr	r3, [pc, #20]	; (10000eec <irq_init_priorities+0x18>)
10000ed6:	4a06      	ldr	r2, [pc, #24]	; (10000ef0 <irq_init_priorities+0x1c>)
10000ed8:	6013      	str	r3, [r2, #0]
10000eda:	4a06      	ldr	r2, [pc, #24]	; (10000ef4 <irq_init_priorities+0x20>)
10000edc:	6013      	str	r3, [r2, #0]
10000ede:	6053      	str	r3, [r2, #4]
10000ee0:	6093      	str	r3, [r2, #8]
10000ee2:	60d3      	str	r3, [r2, #12]
10000ee4:	6113      	str	r3, [r2, #16]
10000ee6:	6153      	str	r3, [r2, #20]
10000ee8:	6193      	str	r3, [r2, #24]
10000eea:	4770      	bx	lr
10000eec:	80808080 	.word	0x80808080
10000ef0:	e000e400 	.word	0xe000e400
10000ef4:	e000e404 	.word	0xe000e404

10000ef8 <user_irq_claim_unused>:
10000ef8:	23d0      	movs	r3, #208	; 0xd0
10000efa:	b500      	push	{lr}
10000efc:	061b      	lsls	r3, r3, #24
10000efe:	0001      	movs	r1, r0
10000f00:	6818      	ldr	r0, [r3, #0]
10000f02:	4b07      	ldr	r3, [pc, #28]	; (10000f20 <user_irq_claim_unused+0x28>)
10000f04:	b083      	sub	sp, #12
10000f06:	1818      	adds	r0, r3, r0
10000f08:	4b06      	ldr	r3, [pc, #24]	; (10000f24 <user_irq_claim_unused+0x2c>)
10000f0a:	2200      	movs	r2, #0
10000f0c:	9300      	str	r3, [sp, #0]
10000f0e:	2305      	movs	r3, #5
10000f10:	f7ff fce6 	bl	100008e0 <hw_claim_unused_from_range>
10000f14:	2800      	cmp	r0, #0
10000f16:	db01      	blt.n	10000f1c <user_irq_claim_unused+0x24>
10000f18:	231f      	movs	r3, #31
10000f1a:	1a18      	subs	r0, r3, r0
10000f1c:	b003      	add	sp, #12
10000f1e:	bd00      	pop	{pc}
10000f20:	20000f3c 	.word	0x20000f3c
10000f24:	100054bc 	.word	0x100054bc

10000f28 <lock_init>:
10000f28:	4b02      	ldr	r3, [pc, #8]	; (10000f34 <lock_init+0xc>)
10000f2a:	469c      	mov	ip, r3
10000f2c:	4461      	add	r1, ip
10000f2e:	0089      	lsls	r1, r1, #2
10000f30:	6001      	str	r1, [r0, #0]
10000f32:	4770      	bx	lr
10000f34:	34000040 	.word	0x34000040

10000f38 <timer_pool_entry_comparator>:
10000f38:	6883      	ldr	r3, [r0, #8]
10000f3a:	480b      	ldr	r0, [pc, #44]	; (10000f68 <timer_pool_entry_comparator+0x30>)
10000f3c:	b510      	push	{r4, lr}
10000f3e:	4684      	mov	ip, r0
10000f40:	4461      	add	r1, ip
10000f42:	4462      	add	r2, ip
10000f44:	0109      	lsls	r1, r1, #4
10000f46:	0112      	lsls	r2, r2, #4
10000f48:	189a      	adds	r2, r3, r2
10000f4a:	1859      	adds	r1, r3, r1
10000f4c:	6854      	ldr	r4, [r2, #4]
10000f4e:	684b      	ldr	r3, [r1, #4]
10000f50:	2001      	movs	r0, #1
10000f52:	429c      	cmp	r4, r3
10000f54:	d801      	bhi.n	10000f5a <timer_pool_entry_comparator+0x22>
10000f56:	d002      	beq.n	10000f5e <timer_pool_entry_comparator+0x26>
10000f58:	2000      	movs	r0, #0
10000f5a:	b2c0      	uxtb	r0, r0
10000f5c:	bd10      	pop	{r4, pc}
10000f5e:	6812      	ldr	r2, [r2, #0]
10000f60:	680b      	ldr	r3, [r1, #0]
10000f62:	429a      	cmp	r2, r3
10000f64:	d8f9      	bhi.n	10000f5a <timer_pool_entry_comparator+0x22>
10000f66:	e7f7      	b.n	10000f58 <timer_pool_entry_comparator+0x20>
10000f68:	0fffffff 	.word	0x0fffffff

10000f6c <sleep_until_callback>:
10000f6c:	4b0a      	ldr	r3, [pc, #40]	; (10000f98 <sleep_until_callback+0x2c>)
10000f6e:	6819      	ldr	r1, [r3, #0]
10000f70:	f3ef 8010 	mrs	r0, PRIMASK
10000f74:	b672      	cpsid	i
10000f76:	680a      	ldr	r2, [r1, #0]
10000f78:	2a00      	cmp	r2, #0
10000f7a:	d0fc      	beq.n	10000f76 <sleep_until_callback+0xa>
10000f7c:	f3bf 8f5f 	dmb	sy
10000f80:	681b      	ldr	r3, [r3, #0]
10000f82:	f3bf 8f5f 	dmb	sy
10000f86:	2200      	movs	r2, #0
10000f88:	601a      	str	r2, [r3, #0]
10000f8a:	f380 8810 	msr	PRIMASK, r0
10000f8e:	bf40      	sev
10000f90:	2000      	movs	r0, #0
10000f92:	2100      	movs	r1, #0
10000f94:	4770      	bx	lr
10000f96:	46c0      	nop			; (mov r8, r8)
10000f98:	20000f0c 	.word	0x20000f0c

10000f9c <add_alarm_under_lock>:
10000f9c:	b5f8      	push	{r3, r4, r5, r6, r7, lr}
10000f9e:	4645      	mov	r5, r8
10000fa0:	4657      	mov	r7, sl
10000fa2:	464e      	mov	r6, r9
10000fa4:	46de      	mov	lr, fp
10000fa6:	b5e0      	push	{r5, r6, r7, lr}
10000fa8:	0014      	movs	r4, r2
10000faa:	aa0d      	add	r2, sp, #52	; 0x34
10000fac:	7812      	ldrb	r2, [r2, #0]
10000fae:	001d      	movs	r5, r3
10000fb0:	ab0c      	add	r3, sp, #48	; 0x30
10000fb2:	4692      	mov	sl, r2
10000fb4:	781b      	ldrb	r3, [r3, #0]
10000fb6:	6802      	ldr	r2, [r0, #0]
10000fb8:	4681      	mov	r9, r0
10000fba:	4690      	mov	r8, r2
10000fbc:	2b00      	cmp	r3, #0
10000fbe:	d113      	bne.n	10000fe8 <add_alarm_under_lock+0x4c>
10000fc0:	7b97      	ldrb	r7, [r2, #14]
10000fc2:	2f00      	cmp	r7, #0
10000fc4:	d04a      	beq.n	1000105c <add_alarm_under_lock+0xc0>
10000fc6:	4640      	mov	r0, r8
10000fc8:	007e      	lsls	r6, r7, #1
10000fca:	6812      	ldr	r2, [r2, #0]
10000fcc:	19f6      	adds	r6, r6, r7
10000fce:	3e03      	subs	r6, #3
10000fd0:	1992      	adds	r2, r2, r6
10000fd2:	7851      	ldrb	r1, [r2, #1]
10000fd4:	003b      	movs	r3, r7
10000fd6:	7381      	strb	r1, [r0, #14]
10000fd8:	2900      	cmp	r1, #0
10000fda:	d100      	bne.n	10000fde <add_alarm_under_lock+0x42>
10000fdc:	73c1      	strb	r1, [r0, #15]
10000fde:	2100      	movs	r1, #0
10000fe0:	7091      	strb	r1, [r2, #2]
10000fe2:	7051      	strb	r1, [r2, #1]
10000fe4:	7011      	strb	r1, [r2, #0]
10000fe6:	e003      	b.n	10000ff0 <add_alarm_under_lock+0x54>
10000fe8:	001f      	movs	r7, r3
10000fea:	005e      	lsls	r6, r3, #1
10000fec:	18f6      	adds	r6, r6, r3
10000fee:	3e03      	subs	r6, #3
10000ff0:	4a2e      	ldr	r2, [pc, #184]	; (100010ac <add_alarm_under_lock+0x110>)
10000ff2:	4694      	mov	ip, r2
10000ff4:	464a      	mov	r2, r9
10000ff6:	6892      	ldr	r2, [r2, #8]
10000ff8:	4463      	add	r3, ip
10000ffa:	4694      	mov	ip, r2
10000ffc:	011b      	lsls	r3, r3, #4
10000ffe:	9a0a      	ldr	r2, [sp, #40]	; 0x28
10001000:	4463      	add	r3, ip
10001002:	609a      	str	r2, [r3, #8]
10001004:	9a0b      	ldr	r2, [sp, #44]	; 0x2c
10001006:	601c      	str	r4, [r3, #0]
10001008:	605d      	str	r5, [r3, #4]
1000100a:	60da      	str	r2, [r3, #12]
1000100c:	4643      	mov	r3, r8
1000100e:	2200      	movs	r2, #0
10001010:	681b      	ldr	r3, [r3, #0]
10001012:	199b      	adds	r3, r3, r6
10001014:	709a      	strb	r2, [r3, #2]
10001016:	705a      	strb	r2, [r3, #1]
10001018:	701a      	strb	r2, [r3, #0]
1000101a:	4643      	mov	r3, r8
1000101c:	7b5b      	ldrb	r3, [r3, #13]
1000101e:	469b      	mov	fp, r3
10001020:	2b00      	cmp	r3, #0
10001022:	d02b      	beq.n	1000107c <add_alarm_under_lock+0xe0>
10001024:	4643      	mov	r3, r8
10001026:	003a      	movs	r2, r7
10001028:	6898      	ldr	r0, [r3, #8]
1000102a:	4659      	mov	r1, fp
1000102c:	685b      	ldr	r3, [r3, #4]
1000102e:	4798      	blx	r3
10001030:	465b      	mov	r3, fp
10001032:	4642      	mov	r2, r8
10001034:	005b      	lsls	r3, r3, #1
10001036:	445b      	add	r3, fp
10001038:	3b03      	subs	r3, #3
1000103a:	6812      	ldr	r2, [r2, #0]
1000103c:	2800      	cmp	r0, #0
1000103e:	d014      	beq.n	1000106a <add_alarm_under_lock+0xce>
10001040:	18d3      	adds	r3, r2, r3
10001042:	1996      	adds	r6, r2, r6
10001044:	465a      	mov	r2, fp
10001046:	70b2      	strb	r2, [r6, #2]
10001048:	781a      	ldrb	r2, [r3, #0]
1000104a:	2a00      	cmp	r2, #0
1000104c:	d000      	beq.n	10001050 <add_alarm_under_lock+0xb4>
1000104e:	7072      	strb	r2, [r6, #1]
10001050:	701f      	strb	r7, [r3, #0]
10001052:	465a      	mov	r2, fp
10001054:	4643      	mov	r3, r8
10001056:	735a      	strb	r2, [r3, #13]
10001058:	45bb      	cmp	fp, r7
1000105a:	d011      	beq.n	10001080 <add_alarm_under_lock+0xe4>
1000105c:	0038      	movs	r0, r7
1000105e:	bc3c      	pop	{r2, r3, r4, r5}
10001060:	4690      	mov	r8, r2
10001062:	4699      	mov	r9, r3
10001064:	46a2      	mov	sl, r4
10001066:	46ab      	mov	fp, r5
10001068:	bdf8      	pop	{r3, r4, r5, r6, r7, pc}
1000106a:	18d3      	adds	r3, r2, r3
1000106c:	1996      	adds	r6, r2, r6
1000106e:	709f      	strb	r7, [r3, #2]
10001070:	7832      	ldrb	r2, [r6, #0]
10001072:	2a00      	cmp	r2, #0
10001074:	d000      	beq.n	10001078 <add_alarm_under_lock+0xdc>
10001076:	705a      	strb	r2, [r3, #1]
10001078:	465b      	mov	r3, fp
1000107a:	7033      	strb	r3, [r6, #0]
1000107c:	4643      	mov	r3, r8
1000107e:	735f      	strb	r7, [r3, #13]
10001080:	464b      	mov	r3, r9
10001082:	0022      	movs	r2, r4
10001084:	7d18      	ldrb	r0, [r3, #20]
10001086:	002b      	movs	r3, r5
10001088:	f000 fb18 	bl	100016bc <hardware_alarm_set_target>
1000108c:	1e04      	subs	r4, r0, #0
1000108e:	d007      	beq.n	100010a0 <add_alarm_under_lock+0x104>
10001090:	4653      	mov	r3, sl
10001092:	2b00      	cmp	r3, #0
10001094:	d104      	bne.n	100010a0 <add_alarm_under_lock+0x104>
10001096:	464b      	mov	r3, r9
10001098:	0039      	movs	r1, r7
1000109a:	6818      	ldr	r0, [r3, #0]
1000109c:	f000 fe8c 	bl	10001db8 <ph_remove_and_free_node>
100010a0:	9b0e      	ldr	r3, [sp, #56]	; 0x38
100010a2:	2b00      	cmp	r3, #0
100010a4:	d0da      	beq.n	1000105c <add_alarm_under_lock+0xc0>
100010a6:	701c      	strb	r4, [r3, #0]
100010a8:	e7d8      	b.n	1000105c <add_alarm_under_lock+0xc0>
100010aa:	46c0      	nop			; (mov r8, r8)
100010ac:	0fffffff 	.word	0x0fffffff

100010b0 <alarm_pool_alarm_callback>:
100010b0:	b5f0      	push	{r4, r5, r6, r7, lr}
100010b2:	46de      	mov	lr, fp
100010b4:	4657      	mov	r7, sl
100010b6:	464e      	mov	r6, r9
100010b8:	4645      	mov	r5, r8
100010ba:	2300      	movs	r3, #0
100010bc:	b5e0      	push	{r5, r6, r7, lr}
100010be:	b08d      	sub	sp, #52	; 0x34
100010c0:	930a      	str	r3, [sp, #40]	; 0x28
100010c2:	4b6d      	ldr	r3, [pc, #436]	; (10001278 <alarm_pool_alarm_callback+0x1c8>)
100010c4:	0082      	lsls	r2, r0, #2
100010c6:	58d4      	ldr	r4, [r2, r3]
100010c8:	2300      	movs	r3, #0
100010ca:	469b      	mov	fp, r3
100010cc:	900b      	str	r0, [sp, #44]	; 0x2c
100010ce:	f000 faa3 	bl	10001618 <time_us_64>
100010d2:	6862      	ldr	r2, [r4, #4]
100010d4:	f3ef 8510 	mrs	r5, PRIMASK
100010d8:	b672      	cpsid	i
100010da:	6813      	ldr	r3, [r2, #0]
100010dc:	2b00      	cmp	r3, #0
100010de:	d0fc      	beq.n	100010da <alarm_pool_alarm_callback+0x2a>
100010e0:	f3bf 8f5f 	dmb	sy
100010e4:	6823      	ldr	r3, [r4, #0]
100010e6:	469c      	mov	ip, r3
100010e8:	7b5b      	ldrb	r3, [r3, #13]
100010ea:	4699      	mov	r9, r3
100010ec:	2b00      	cmp	r3, #0
100010ee:	d100      	bne.n	100010f2 <alarm_pool_alarm_callback+0x42>
100010f0:	e06b      	b.n	100011ca <alarm_pool_alarm_callback+0x11a>
100010f2:	68a2      	ldr	r2, [r4, #8]
100010f4:	4b61      	ldr	r3, [pc, #388]	; (1000127c <alarm_pool_alarm_callback+0x1cc>)
100010f6:	4690      	mov	r8, r2
100010f8:	444b      	add	r3, r9
100010fa:	011b      	lsls	r3, r3, #4
100010fc:	4498      	add	r8, r3
100010fe:	4643      	mov	r3, r8
10001100:	681e      	ldr	r6, [r3, #0]
10001102:	685f      	ldr	r7, [r3, #4]
10001104:	0032      	movs	r2, r6
10001106:	003b      	movs	r3, r7
10001108:	1a12      	subs	r2, r2, r0
1000110a:	418b      	sbcs	r3, r1
1000110c:	2b00      	cmp	r3, #0
1000110e:	dd65      	ble.n	100011dc <alarm_pool_alarm_callback+0x12c>
10001110:	003b      	movs	r3, r7
10001112:	0032      	movs	r2, r6
10001114:	980b      	ldr	r0, [sp, #44]	; 0x2c
10001116:	f000 fad1 	bl	100016bc <hardware_alarm_set_target>
1000111a:	2300      	movs	r3, #0
1000111c:	2200      	movs	r2, #0
1000111e:	9208      	str	r2, [sp, #32]
10001120:	9309      	str	r3, [sp, #36]	; 0x24
10001122:	2300      	movs	r3, #0
10001124:	2700      	movs	r7, #0
10001126:	469a      	mov	sl, r3
10001128:	6863      	ldr	r3, [r4, #4]
1000112a:	f3bf 8f5f 	dmb	sy
1000112e:	465a      	mov	r2, fp
10001130:	601a      	str	r2, [r3, #0]
10001132:	f385 8810 	msr	PRIMASK, r5
10001136:	4653      	mov	r3, sl
10001138:	2b00      	cmp	r3, #0
1000113a:	d108      	bne.n	1000114e <alarm_pool_alarm_callback+0x9e>
1000113c:	2800      	cmp	r0, #0
1000113e:	d1c6      	bne.n	100010ce <alarm_pool_alarm_callback+0x1e>
10001140:	b00d      	add	sp, #52	; 0x34
10001142:	bc3c      	pop	{r2, r3, r4, r5}
10001144:	4690      	mov	r8, r2
10001146:	4699      	mov	r9, r3
10001148:	46a2      	mov	sl, r4
1000114a:	46ab      	mov	fp, r5
1000114c:	bdf0      	pop	{r4, r5, r6, r7, pc}
1000114e:	9b0a      	ldr	r3, [sp, #40]	; 0x28
10001150:	0039      	movs	r1, r7
10001152:	0218      	lsls	r0, r3, #8
10001154:	464b      	mov	r3, r9
10001156:	4318      	orrs	r0, r3
10001158:	47d0      	blx	sl
1000115a:	6862      	ldr	r2, [r4, #4]
1000115c:	9006      	str	r0, [sp, #24]
1000115e:	9107      	str	r1, [sp, #28]
10001160:	f3ef 8810 	mrs	r8, PRIMASK
10001164:	b672      	cpsid	i
10001166:	4656      	mov	r6, sl
10001168:	4645      	mov	r5, r8
1000116a:	6813      	ldr	r3, [r2, #0]
1000116c:	2b00      	cmp	r3, #0
1000116e:	d0fc      	beq.n	1000116a <alarm_pool_alarm_callback+0xba>
10001170:	46b2      	mov	sl, r6
10001172:	46a8      	mov	r8, r5
10001174:	f3bf 8f5f 	dmb	sy
10001178:	9906      	ldr	r1, [sp, #24]
1000117a:	9a07      	ldr	r2, [sp, #28]
1000117c:	1e13      	subs	r3, r2, #0
1000117e:	db49      	blt.n	10001214 <alarm_pool_alarm_callback+0x164>
10001180:	4319      	orrs	r1, r3
10001182:	d002      	beq.n	1000118a <alarm_pool_alarm_callback+0xda>
10001184:	6923      	ldr	r3, [r4, #16]
10001186:	2b00      	cmp	r3, #0
10001188:	d15f      	bne.n	1000124a <alarm_pool_alarm_callback+0x19a>
1000118a:	6823      	ldr	r3, [r4, #0]
1000118c:	7bda      	ldrb	r2, [r3, #15]
1000118e:	2a00      	cmp	r2, #0
10001190:	d007      	beq.n	100011a2 <alarm_pool_alarm_callback+0xf2>
10001192:	0051      	lsls	r1, r2, #1
10001194:	188a      	adds	r2, r1, r2
10001196:	6819      	ldr	r1, [r3, #0]
10001198:	468c      	mov	ip, r1
1000119a:	4649      	mov	r1, r9
1000119c:	4462      	add	r2, ip
1000119e:	3a03      	subs	r2, #3
100011a0:	7051      	strb	r1, [r2, #1]
100011a2:	464a      	mov	r2, r9
100011a4:	73da      	strb	r2, [r3, #15]
100011a6:	68e2      	ldr	r2, [r4, #12]
100011a8:	464b      	mov	r3, r9
100011aa:	4694      	mov	ip, r2
100011ac:	3b01      	subs	r3, #1
100011ae:	4463      	add	r3, ip
100011b0:	781a      	ldrb	r2, [r3, #0]
100011b2:	3201      	adds	r2, #1
100011b4:	701a      	strb	r2, [r3, #0]
100011b6:	465b      	mov	r3, fp
100011b8:	6123      	str	r3, [r4, #16]
100011ba:	6863      	ldr	r3, [r4, #4]
100011bc:	f3bf 8f5f 	dmb	sy
100011c0:	465a      	mov	r2, fp
100011c2:	601a      	str	r2, [r3, #0]
100011c4:	f388 8810 	msr	PRIMASK, r8
100011c8:	e781      	b.n	100010ce <alarm_pool_alarm_callback+0x1e>
100011ca:	2300      	movs	r3, #0
100011cc:	2200      	movs	r2, #0
100011ce:	9208      	str	r2, [sp, #32]
100011d0:	9309      	str	r3, [sp, #36]	; 0x24
100011d2:	2300      	movs	r3, #0
100011d4:	2700      	movs	r7, #0
100011d6:	469a      	mov	sl, r3
100011d8:	2000      	movs	r0, #0
100011da:	e7a5      	b.n	10001128 <alarm_pool_alarm_callback+0x78>
100011dc:	2b00      	cmp	r3, #0
100011de:	d101      	bne.n	100011e4 <alarm_pool_alarm_callback+0x134>
100011e0:	2a00      	cmp	r2, #0
100011e2:	d195      	bne.n	10001110 <alarm_pool_alarm_callback+0x60>
100011e4:	2100      	movs	r1, #0
100011e6:	4660      	mov	r0, ip
100011e8:	f000 fd08 	bl	10001bfc <ph_remove_head>
100011ec:	4643      	mov	r3, r8
100011ee:	681a      	ldr	r2, [r3, #0]
100011f0:	685b      	ldr	r3, [r3, #4]
100011f2:	9208      	str	r2, [sp, #32]
100011f4:	9309      	str	r3, [sp, #36]	; 0x24
100011f6:	4643      	mov	r3, r8
100011f8:	689b      	ldr	r3, [r3, #8]
100011fa:	469a      	mov	sl, r3
100011fc:	4643      	mov	r3, r8
100011fe:	68df      	ldr	r7, [r3, #12]
10001200:	68e3      	ldr	r3, [r4, #12]
10001202:	444b      	add	r3, r9
10001204:	3b01      	subs	r3, #1
10001206:	781b      	ldrb	r3, [r3, #0]
10001208:	930a      	str	r3, [sp, #40]	; 0x28
1000120a:	021b      	lsls	r3, r3, #8
1000120c:	4303      	orrs	r3, r0
1000120e:	6123      	str	r3, [r4, #16]
10001210:	2000      	movs	r0, #0
10001212:	e789      	b.n	10001128 <alarm_pool_alarm_callback+0x78>
10001214:	6923      	ldr	r3, [r4, #16]
10001216:	2b00      	cmp	r3, #0
10001218:	d0b7      	beq.n	1000118a <alarm_pool_alarm_callback+0xda>
1000121a:	9d08      	ldr	r5, [sp, #32]
1000121c:	9e09      	ldr	r6, [sp, #36]	; 0x24
1000121e:	1a6d      	subs	r5, r5, r1
10001220:	4196      	sbcs	r6, r2
10001222:	002a      	movs	r2, r5
10001224:	0033      	movs	r3, r6
10001226:	9d08      	ldr	r5, [sp, #32]
10001228:	9e09      	ldr	r6, [sp, #36]	; 0x24
1000122a:	429e      	cmp	r6, r3
1000122c:	d818      	bhi.n	10001260 <alarm_pool_alarm_callback+0x1b0>
1000122e:	d01b      	beq.n	10001268 <alarm_pool_alarm_callback+0x1b8>
10001230:	4659      	mov	r1, fp
10001232:	9104      	str	r1, [sp, #16]
10001234:	2101      	movs	r1, #1
10001236:	9103      	str	r1, [sp, #12]
10001238:	4649      	mov	r1, r9
1000123a:	9102      	str	r1, [sp, #8]
1000123c:	4651      	mov	r1, sl
1000123e:	9701      	str	r7, [sp, #4]
10001240:	9100      	str	r1, [sp, #0]
10001242:	0020      	movs	r0, r4
10001244:	f7ff feaa 	bl	10000f9c <add_alarm_under_lock>
10001248:	e7b5      	b.n	100011b6 <alarm_pool_alarm_callback+0x106>
1000124a:	f000 f9e5 	bl	10001618 <time_us_64>
1000124e:	9a06      	ldr	r2, [sp, #24]
10001250:	9b07      	ldr	r3, [sp, #28]
10001252:	1812      	adds	r2, r2, r0
10001254:	414b      	adcs	r3, r1
10001256:	4299      	cmp	r1, r3
10001258:	d802      	bhi.n	10001260 <alarm_pool_alarm_callback+0x1b0>
1000125a:	d1e9      	bne.n	10001230 <alarm_pool_alarm_callback+0x180>
1000125c:	4290      	cmp	r0, r2
1000125e:	d9e7      	bls.n	10001230 <alarm_pool_alarm_callback+0x180>
10001260:	2201      	movs	r2, #1
10001262:	4252      	negs	r2, r2
10001264:	17d3      	asrs	r3, r2, #31
10001266:	e7e3      	b.n	10001230 <alarm_pool_alarm_callback+0x180>
10001268:	9908      	ldr	r1, [sp, #32]
1000126a:	4291      	cmp	r1, r2
1000126c:	d9e0      	bls.n	10001230 <alarm_pool_alarm_callback+0x180>
1000126e:	2201      	movs	r2, #1
10001270:	4252      	negs	r2, r2
10001272:	17d3      	asrs	r3, r2, #31
10001274:	e7dc      	b.n	10001230 <alarm_pool_alarm_callback+0x180>
10001276:	46c0      	nop			; (mov r8, r8)
10001278:	20000ee8 	.word	0x20000ee8
1000127c:	0fffffff 	.word	0x0fffffff

10001280 <alarm_pool_init_default>:
10001280:	b510      	push	{r4, lr}
10001282:	4c12      	ldr	r4, [pc, #72]	; (100012cc <alarm_pool_init_default+0x4c>)
10001284:	6863      	ldr	r3, [r4, #4]
10001286:	2b00      	cmp	r3, #0
10001288:	d004      	beq.n	10001294 <alarm_pool_init_default+0x14>
1000128a:	210a      	movs	r1, #10
1000128c:	4810      	ldr	r0, [pc, #64]	; (100012d0 <alarm_pool_init_default+0x50>)
1000128e:	f7ff fe4b 	bl	10000f28 <lock_init>
10001292:	bd10      	pop	{r4, pc}
10001294:	0023      	movs	r3, r4
10001296:	4a0f      	ldr	r2, [pc, #60]	; (100012d4 <alarm_pool_init_default+0x54>)
10001298:	2110      	movs	r1, #16
1000129a:	6820      	ldr	r0, [r4, #0]
1000129c:	f000 fad0 	bl	10001840 <ph_post_alloc_init>
100012a0:	2003      	movs	r0, #3
100012a2:	f000 f9ad 	bl	10001600 <hardware_alarm_claim>
100012a6:	2003      	movs	r0, #3
100012a8:	f000 fa7c 	bl	100017a4 <hardware_alarm_cancel>
100012ac:	490a      	ldr	r1, [pc, #40]	; (100012d8 <alarm_pool_init_default+0x58>)
100012ae:	2003      	movs	r0, #3
100012b0:	f000 f9be 	bl	10001630 <hardware_alarm_set_callback>
100012b4:	f7ff fb78 	bl	100009a8 <next_striped_spin_lock_num>
100012b8:	4b08      	ldr	r3, [pc, #32]	; (100012dc <alarm_pool_init_default+0x5c>)
100012ba:	469c      	mov	ip, r3
100012bc:	2303      	movs	r3, #3
100012be:	4460      	add	r0, ip
100012c0:	7523      	strb	r3, [r4, #20]
100012c2:	4b07      	ldr	r3, [pc, #28]	; (100012e0 <alarm_pool_init_default+0x60>)
100012c4:	0080      	lsls	r0, r0, #2
100012c6:	6060      	str	r0, [r4, #4]
100012c8:	60dc      	str	r4, [r3, #12]
100012ca:	e7de      	b.n	1000128a <alarm_pool_init_default+0xa>
100012cc:	200003bc 	.word	0x200003bc
100012d0:	20000f0c 	.word	0x20000f0c
100012d4:	10000f39 	.word	0x10000f39
100012d8:	100010b1 	.word	0x100010b1
100012dc:	34000040 	.word	0x34000040
100012e0:	20000ee8 	.word	0x20000ee8

100012e4 <alarm_pool_get_default>:
100012e4:	4800      	ldr	r0, [pc, #0]	; (100012e8 <alarm_pool_get_default+0x4>)
100012e6:	4770      	bx	lr
100012e8:	200003bc 	.word	0x200003bc

100012ec <alarm_pool_add_alarm_at>:
100012ec:	b5f0      	push	{r4, r5, r6, r7, lr}
100012ee:	4657      	mov	r7, sl
100012f0:	4645      	mov	r5, r8
100012f2:	46de      	mov	lr, fp
100012f4:	464e      	mov	r6, r9
100012f6:	b5e0      	push	{r5, r6, r7, lr}
100012f8:	b085      	sub	sp, #20
100012fa:	9200      	str	r2, [sp, #0]
100012fc:	9301      	str	r3, [sp, #4]
100012fe:	ab10      	add	r3, sp, #64	; 0x40
10001300:	781b      	ldrb	r3, [r3, #0]
10001302:	2700      	movs	r7, #0
10001304:	9303      	str	r3, [sp, #12]
10001306:	2300      	movs	r3, #0
10001308:	4680      	mov	r8, r0
1000130a:	469a      	mov	sl, r3
1000130c:	4643      	mov	r3, r8
1000130e:	685a      	ldr	r2, [r3, #4]
10001310:	f3ef 8910 	mrs	r9, PRIMASK
10001314:	b672      	cpsid	i
10001316:	6813      	ldr	r3, [r2, #0]
10001318:	2b00      	cmp	r3, #0
1000131a:	d0fc      	beq.n	10001316 <alarm_pool_add_alarm_at+0x2a>
1000131c:	f3bf 8f5f 	dmb	sy
10001320:	4643      	mov	r3, r8
10001322:	681d      	ldr	r5, [r3, #0]
10001324:	7bac      	ldrb	r4, [r5, #14]
10001326:	2c00      	cmp	r4, #0
10001328:	d04f      	beq.n	100013ca <alarm_pool_add_alarm_at+0xde>
1000132a:	0066      	lsls	r6, r4, #1
1000132c:	1936      	adds	r6, r6, r4
1000132e:	682b      	ldr	r3, [r5, #0]
10001330:	3e03      	subs	r6, #3
10001332:	199b      	adds	r3, r3, r6
10001334:	785a      	ldrb	r2, [r3, #1]
10001336:	73aa      	strb	r2, [r5, #14]
10001338:	2a00      	cmp	r2, #0
1000133a:	d100      	bne.n	1000133e <alarm_pool_add_alarm_at+0x52>
1000133c:	73ea      	strb	r2, [r5, #15]
1000133e:	4642      	mov	r2, r8
10001340:	709f      	strb	r7, [r3, #2]
10001342:	705f      	strb	r7, [r3, #1]
10001344:	701f      	strb	r7, [r3, #0]
10001346:	6892      	ldr	r2, [r2, #8]
10001348:	4b4e      	ldr	r3, [pc, #312]	; (10001484 <alarm_pool_add_alarm_at+0x198>)
1000134a:	4694      	mov	ip, r2
1000134c:	9900      	ldr	r1, [sp, #0]
1000134e:	9a01      	ldr	r2, [sp, #4]
10001350:	18e3      	adds	r3, r4, r3
10001352:	011b      	lsls	r3, r3, #4
10001354:	4463      	add	r3, ip
10001356:	6019      	str	r1, [r3, #0]
10001358:	605a      	str	r2, [r3, #4]
1000135a:	9a0e      	ldr	r2, [sp, #56]	; 0x38
1000135c:	609a      	str	r2, [r3, #8]
1000135e:	9a0f      	ldr	r2, [sp, #60]	; 0x3c
10001360:	60da      	str	r2, [r3, #12]
10001362:	682b      	ldr	r3, [r5, #0]
10001364:	199b      	adds	r3, r3, r6
10001366:	709f      	strb	r7, [r3, #2]
10001368:	705f      	strb	r7, [r3, #1]
1000136a:	701f      	strb	r7, [r3, #0]
1000136c:	7b6b      	ldrb	r3, [r5, #13]
1000136e:	469b      	mov	fp, r3
10001370:	2b00      	cmp	r3, #0
10001372:	d042      	beq.n	100013fa <alarm_pool_add_alarm_at+0x10e>
10001374:	0022      	movs	r2, r4
10001376:	0019      	movs	r1, r3
10001378:	68a8      	ldr	r0, [r5, #8]
1000137a:	686b      	ldr	r3, [r5, #4]
1000137c:	4798      	blx	r3
1000137e:	465b      	mov	r3, fp
10001380:	005b      	lsls	r3, r3, #1
10001382:	445b      	add	r3, fp
10001384:	3b03      	subs	r3, #3
10001386:	682a      	ldr	r2, [r5, #0]
10001388:	2800      	cmp	r0, #0
1000138a:	d02d      	beq.n	100013e8 <alarm_pool_add_alarm_at+0xfc>
1000138c:	18d3      	adds	r3, r2, r3
1000138e:	1996      	adds	r6, r2, r6
10001390:	465a      	mov	r2, fp
10001392:	70b2      	strb	r2, [r6, #2]
10001394:	781a      	ldrb	r2, [r3, #0]
10001396:	2a00      	cmp	r2, #0
10001398:	d000      	beq.n	1000139c <alarm_pool_add_alarm_at+0xb0>
1000139a:	7072      	strb	r2, [r6, #1]
1000139c:	701c      	strb	r4, [r3, #0]
1000139e:	465b      	mov	r3, fp
100013a0:	736b      	strb	r3, [r5, #13]
100013a2:	455c      	cmp	r4, fp
100013a4:	d02a      	beq.n	100013fc <alarm_pool_add_alarm_at+0x110>
100013a6:	4643      	mov	r3, r8
100013a8:	68db      	ldr	r3, [r3, #12]
100013aa:	191b      	adds	r3, r3, r4
100013ac:	3b01      	subs	r3, #1
100013ae:	7818      	ldrb	r0, [r3, #0]
100013b0:	4643      	mov	r3, r8
100013b2:	685b      	ldr	r3, [r3, #4]
100013b4:	f3bf 8f5f 	dmb	sy
100013b8:	601f      	str	r7, [r3, #0]
100013ba:	f389 8810 	msr	PRIMASK, r9
100013be:	4653      	mov	r3, sl
100013c0:	2b00      	cmp	r3, #0
100013c2:	d12a      	bne.n	1000141a <alarm_pool_add_alarm_at+0x12e>
100013c4:	0200      	lsls	r0, r0, #8
100013c6:	4320      	orrs	r0, r4
100013c8:	e007      	b.n	100013da <alarm_pool_add_alarm_at+0xee>
100013ca:	685b      	ldr	r3, [r3, #4]
100013cc:	f3bf 8f5f 	dmb	sy
100013d0:	601c      	str	r4, [r3, #0]
100013d2:	f389 8810 	msr	PRIMASK, r9
100013d6:	2001      	movs	r0, #1
100013d8:	4240      	negs	r0, r0
100013da:	b005      	add	sp, #20
100013dc:	bc3c      	pop	{r2, r3, r4, r5}
100013de:	4690      	mov	r8, r2
100013e0:	4699      	mov	r9, r3
100013e2:	46a2      	mov	sl, r4
100013e4:	46ab      	mov	fp, r5
100013e6:	bdf0      	pop	{r4, r5, r6, r7, pc}
100013e8:	18d3      	adds	r3, r2, r3
100013ea:	1996      	adds	r6, r2, r6
100013ec:	709c      	strb	r4, [r3, #2]
100013ee:	7832      	ldrb	r2, [r6, #0]
100013f0:	2a00      	cmp	r2, #0
100013f2:	d000      	beq.n	100013f6 <alarm_pool_add_alarm_at+0x10a>
100013f4:	705a      	strb	r2, [r3, #1]
100013f6:	465b      	mov	r3, fp
100013f8:	7033      	strb	r3, [r6, #0]
100013fa:	736c      	strb	r4, [r5, #13]
100013fc:	4643      	mov	r3, r8
100013fe:	7d18      	ldrb	r0, [r3, #20]
10001400:	9a00      	ldr	r2, [sp, #0]
10001402:	9b01      	ldr	r3, [sp, #4]
10001404:	f000 f95a 	bl	100016bc <hardware_alarm_set_target>
10001408:	4682      	mov	sl, r0
1000140a:	2800      	cmp	r0, #0
1000140c:	d0cb      	beq.n	100013a6 <alarm_pool_add_alarm_at+0xba>
1000140e:	4643      	mov	r3, r8
10001410:	0021      	movs	r1, r4
10001412:	6818      	ldr	r0, [r3, #0]
10001414:	f000 fcd0 	bl	10001db8 <ph_remove_and_free_node>
10001418:	e7c5      	b.n	100013a6 <alarm_pool_add_alarm_at+0xba>
1000141a:	9b03      	ldr	r3, [sp, #12]
1000141c:	2b00      	cmp	r3, #0
1000141e:	d02f      	beq.n	10001480 <alarm_pool_add_alarm_at+0x194>
10001420:	9b0e      	ldr	r3, [sp, #56]	; 0x38
10001422:	990f      	ldr	r1, [sp, #60]	; 0x3c
10001424:	2000      	movs	r0, #0
10001426:	4798      	blx	r3
10001428:	0003      	movs	r3, r0
1000142a:	430b      	orrs	r3, r1
1000142c:	d028      	beq.n	10001480 <alarm_pool_add_alarm_at+0x194>
1000142e:	0004      	movs	r4, r0
10001430:	1e0d      	subs	r5, r1, #0
10001432:	da0d      	bge.n	10001450 <alarm_pool_add_alarm_at+0x164>
10001434:	9800      	ldr	r0, [sp, #0]
10001436:	9901      	ldr	r1, [sp, #4]
10001438:	0002      	movs	r2, r0
1000143a:	000b      	movs	r3, r1
1000143c:	1b12      	subs	r2, r2, r4
1000143e:	41ab      	sbcs	r3, r5
10001440:	4299      	cmp	r1, r3
10001442:	d813      	bhi.n	1000146c <alarm_pool_add_alarm_at+0x180>
10001444:	d018      	beq.n	10001478 <alarm_pool_add_alarm_at+0x18c>
10001446:	9200      	str	r2, [sp, #0]
10001448:	9301      	str	r3, [sp, #4]
1000144a:	9b03      	ldr	r3, [sp, #12]
1000144c:	469a      	mov	sl, r3
1000144e:	e75d      	b.n	1000130c <alarm_pool_add_alarm_at+0x20>
10001450:	f000 f8e2 	bl	10001618 <time_us_64>
10001454:	1824      	adds	r4, r4, r0
10001456:	414d      	adcs	r5, r1
10001458:	0023      	movs	r3, r4
1000145a:	002c      	movs	r4, r5
1000145c:	9300      	str	r3, [sp, #0]
1000145e:	9401      	str	r4, [sp, #4]
10001460:	42a9      	cmp	r1, r5
10001462:	d803      	bhi.n	1000146c <alarm_pool_add_alarm_at+0x180>
10001464:	d1f1      	bne.n	1000144a <alarm_pool_add_alarm_at+0x15e>
10001466:	9b00      	ldr	r3, [sp, #0]
10001468:	4298      	cmp	r0, r3
1000146a:	d9ee      	bls.n	1000144a <alarm_pool_add_alarm_at+0x15e>
1000146c:	2301      	movs	r3, #1
1000146e:	425b      	negs	r3, r3
10001470:	17dc      	asrs	r4, r3, #31
10001472:	9300      	str	r3, [sp, #0]
10001474:	9401      	str	r4, [sp, #4]
10001476:	e7e8      	b.n	1000144a <alarm_pool_add_alarm_at+0x15e>
10001478:	9900      	ldr	r1, [sp, #0]
1000147a:	4291      	cmp	r1, r2
1000147c:	d9e3      	bls.n	10001446 <alarm_pool_add_alarm_at+0x15a>
1000147e:	e7f5      	b.n	1000146c <alarm_pool_add_alarm_at+0x180>
10001480:	2000      	movs	r0, #0
10001482:	e7aa      	b.n	100013da <alarm_pool_add_alarm_at+0xee>
10001484:	0fffffff 	.word	0x0fffffff

10001488 <alarm_pool_cancel_alarm>:
10001488:	b5f8      	push	{r3, r4, r5, r6, r7, lr}
1000148a:	6842      	ldr	r2, [r0, #4]
1000148c:	0004      	movs	r4, r0
1000148e:	f3ef 8510 	mrs	r5, PRIMASK
10001492:	b672      	cpsid	i
10001494:	6813      	ldr	r3, [r2, #0]
10001496:	2b00      	cmp	r3, #0
10001498:	d0fc      	beq.n	10001494 <alarm_pool_cancel_alarm+0xc>
1000149a:	f3bf 8f5f 	dmb	sy
1000149e:	23ff      	movs	r3, #255	; 0xff
100014a0:	6820      	ldr	r0, [r4, #0]
100014a2:	b2ce      	uxtb	r6, r1
100014a4:	7b42      	ldrb	r2, [r0, #13]
100014a6:	400b      	ands	r3, r1
100014a8:	42b2      	cmp	r2, r6
100014aa:	d008      	beq.n	100014be <alarm_pool_cancel_alarm+0x36>
100014ac:	6807      	ldr	r7, [r0, #0]
100014ae:	005a      	lsls	r2, r3, #1
100014b0:	46bc      	mov	ip, r7
100014b2:	18d2      	adds	r2, r2, r3
100014b4:	4462      	add	r2, ip
100014b6:	3a03      	subs	r2, #3
100014b8:	7892      	ldrb	r2, [r2, #2]
100014ba:	2a00      	cmp	r2, #0
100014bc:	d011      	beq.n	100014e2 <alarm_pool_cancel_alarm+0x5a>
100014be:	68e2      	ldr	r2, [r4, #12]
100014c0:	0a09      	lsrs	r1, r1, #8
100014c2:	4694      	mov	ip, r2
100014c4:	4463      	add	r3, ip
100014c6:	3b01      	subs	r3, #1
100014c8:	781b      	ldrb	r3, [r3, #0]
100014ca:	b2c9      	uxtb	r1, r1
100014cc:	428b      	cmp	r3, r1
100014ce:	d00e      	beq.n	100014ee <alarm_pool_cancel_alarm+0x66>
100014d0:	2000      	movs	r0, #0
100014d2:	6863      	ldr	r3, [r4, #4]
100014d4:	f3bf 8f5f 	dmb	sy
100014d8:	2200      	movs	r2, #0
100014da:	601a      	str	r2, [r3, #0]
100014dc:	f385 8810 	msr	PRIMASK, r5
100014e0:	bdf8      	pop	{r3, r4, r5, r6, r7, pc}
100014e2:	6923      	ldr	r3, [r4, #16]
100014e4:	428b      	cmp	r3, r1
100014e6:	d1f3      	bne.n	100014d0 <alarm_pool_cancel_alarm+0x48>
100014e8:	6122      	str	r2, [r4, #16]
100014ea:	2000      	movs	r0, #0
100014ec:	e7f1      	b.n	100014d2 <alarm_pool_cancel_alarm+0x4a>
100014ee:	0031      	movs	r1, r6
100014f0:	f000 fc62 	bl	10001db8 <ph_remove_and_free_node>
100014f4:	e7ed      	b.n	100014d2 <alarm_pool_cancel_alarm+0x4a>
100014f6:	46c0      	nop			; (mov r8, r8)

100014f8 <best_effort_wfe_or_timeout>:
100014f8:	2300      	movs	r3, #0
100014fa:	b570      	push	{r4, r5, r6, lr}
100014fc:	b084      	sub	sp, #16
100014fe:	4e11      	ldr	r6, [pc, #68]	; (10001544 <best_effort_wfe_or_timeout+0x4c>)
10001500:	9302      	str	r3, [sp, #8]
10001502:	9301      	str	r3, [sp, #4]
10001504:	4b10      	ldr	r3, [pc, #64]	; (10001548 <best_effort_wfe_or_timeout+0x50>)
10001506:	0005      	movs	r5, r0
10001508:	9300      	str	r3, [sp, #0]
1000150a:	0002      	movs	r2, r0
1000150c:	000b      	movs	r3, r1
1000150e:	0030      	movs	r0, r6
10001510:	000c      	movs	r4, r1
10001512:	f7ff feeb 	bl	100012ec <alarm_pool_add_alarm_at>
10001516:	2800      	cmp	r0, #0
10001518:	dd04      	ble.n	10001524 <best_effort_wfe_or_timeout+0x2c>
1000151a:	bf20      	wfe
1000151c:	0001      	movs	r1, r0
1000151e:	0030      	movs	r0, r6
10001520:	f7ff ffb2 	bl	10001488 <alarm_pool_cancel_alarm>
10001524:	4a09      	ldr	r2, [pc, #36]	; (1000154c <best_effort_wfe_or_timeout+0x54>)
10001526:	2000      	movs	r0, #0
10001528:	6a53      	ldr	r3, [r2, #36]	; 0x24
1000152a:	42a3      	cmp	r3, r4
1000152c:	d303      	bcc.n	10001536 <best_effort_wfe_or_timeout+0x3e>
1000152e:	6a92      	ldr	r2, [r2, #40]	; 0x28
10001530:	3001      	adds	r0, #1
10001532:	42aa      	cmp	r2, r5
10001534:	d301      	bcc.n	1000153a <best_effort_wfe_or_timeout+0x42>
10001536:	b004      	add	sp, #16
10001538:	bd70      	pop	{r4, r5, r6, pc}
1000153a:	1b1c      	subs	r4, r3, r4
1000153c:	1e60      	subs	r0, r4, #1
1000153e:	4184      	sbcs	r4, r0
10001540:	b2e0      	uxtb	r0, r4
10001542:	e7f8      	b.n	10001536 <best_effort_wfe_or_timeout+0x3e>
10001544:	200003bc 	.word	0x200003bc
10001548:	10000f6d 	.word	0x10000f6d
1000154c:	40054000 	.word	0x40054000

10001550 <hardware_alarm_irq_handler>:
10001550:	b5f0      	push	{r4, r5, r6, r7, lr}
10001552:	46c6      	mov	lr, r8
10001554:	b500      	push	{lr}
10001556:	f3ef 8305 	mrs	r3, IPSR
1000155a:	223f      	movs	r2, #63	; 0x3f
1000155c:	4013      	ands	r3, r2
1000155e:	0018      	movs	r0, r3
10001560:	3810      	subs	r0, #16
10001562:	f3ef 8710 	mrs	r7, PRIMASK
10001566:	b672      	cpsid	i
10001568:	4d1f      	ldr	r5, [pc, #124]	; (100015e8 <hardware_alarm_irq_handler+0x98>)
1000156a:	682a      	ldr	r2, [r5, #0]
1000156c:	2a00      	cmp	r2, #0
1000156e:	d0fc      	beq.n	1000156a <hardware_alarm_irq_handler+0x1a>
10001570:	f3bf 8f5f 	dmb	sy
10001574:	2201      	movs	r2, #1
10001576:	0011      	movs	r1, r2
10001578:	4081      	lsls	r1, r0
1000157a:	4688      	mov	r8, r1
1000157c:	4644      	mov	r4, r8
1000157e:	491b      	ldr	r1, [pc, #108]	; (100015ec <hardware_alarm_irq_handler+0x9c>)
10001580:	634c      	str	r4, [r1, #52]	; 0x34
10001582:	4c1b      	ldr	r4, [pc, #108]	; (100015f0 <hardware_alarm_irq_handler+0xa0>)
10001584:	7826      	ldrb	r6, [r4, #0]
10001586:	46a4      	mov	ip, r4
10001588:	0034      	movs	r4, r6
1000158a:	40c4      	lsrs	r4, r0
1000158c:	4022      	ands	r2, r4
1000158e:	d015      	beq.n	100015bc <hardware_alarm_irq_handler+0x6c>
10001590:	6a4c      	ldr	r4, [r1, #36]	; 0x24
10001592:	4918      	ldr	r1, [pc, #96]	; (100015f4 <hardware_alarm_irq_handler+0xa4>)
10001594:	0082      	lsls	r2, r0, #2
10001596:	5851      	ldr	r1, [r2, r1]
10001598:	428c      	cmp	r4, r1
1000159a:	d317      	bcc.n	100015cc <hardware_alarm_irq_handler+0x7c>
1000159c:	4b16      	ldr	r3, [pc, #88]	; (100015f8 <hardware_alarm_irq_handler+0xa8>)
1000159e:	58d2      	ldr	r2, [r2, r3]
100015a0:	4643      	mov	r3, r8
100015a2:	439e      	bics	r6, r3
100015a4:	4663      	mov	r3, ip
100015a6:	701e      	strb	r6, [r3, #0]
100015a8:	f3bf 8f5f 	dmb	sy
100015ac:	2300      	movs	r3, #0
100015ae:	602b      	str	r3, [r5, #0]
100015b0:	f387 8810 	msr	PRIMASK, r7
100015b4:	2a00      	cmp	r2, #0
100015b6:	d006      	beq.n	100015c6 <hardware_alarm_irq_handler+0x76>
100015b8:	4790      	blx	r2
100015ba:	e004      	b.n	100015c6 <hardware_alarm_irq_handler+0x76>
100015bc:	f3bf 8f5f 	dmb	sy
100015c0:	602a      	str	r2, [r5, #0]
100015c2:	f387 8810 	msr	PRIMASK, r7
100015c6:	bc04      	pop	{r2}
100015c8:	4690      	mov	r8, r2
100015ca:	bdf0      	pop	{r4, r5, r6, r7, pc}
100015cc:	4a0b      	ldr	r2, [pc, #44]	; (100015fc <hardware_alarm_irq_handler+0xac>)
100015ce:	009b      	lsls	r3, r3, #2
100015d0:	4694      	mov	ip, r2
100015d2:	4463      	add	r3, ip
100015d4:	681a      	ldr	r2, [r3, #0]
100015d6:	601a      	str	r2, [r3, #0]
100015d8:	f3bf 8f5f 	dmb	sy
100015dc:	2300      	movs	r3, #0
100015de:	602b      	str	r3, [r5, #0]
100015e0:	f387 8810 	msr	PRIMASK, r7
100015e4:	e7ef      	b.n	100015c6 <hardware_alarm_irq_handler+0x76>
100015e6:	46c0      	nop			; (mov r8, r8)
100015e8:	d0000128 	.word	0xd0000128
100015ec:	40054000 	.word	0x40054000
100015f0:	20000f46 	.word	0x20000f46
100015f4:	20000f18 	.word	0x20000f18
100015f8:	20000928 	.word	0x20000928
100015fc:	40053fd0 	.word	0x40053fd0

10001600 <hardware_alarm_claim>:
10001600:	b510      	push	{r4, lr}
10001602:	0001      	movs	r1, r0
10001604:	4a02      	ldr	r2, [pc, #8]	; (10001610 <hardware_alarm_claim+0x10>)
10001606:	4803      	ldr	r0, [pc, #12]	; (10001614 <hardware_alarm_claim+0x14>)
10001608:	f7ff f948 	bl	1000089c <hw_claim_or_assert>
1000160c:	bd10      	pop	{r4, pc}
1000160e:	46c0      	nop			; (mov r8, r8)
10001610:	100054d8 	.word	0x100054d8
10001614:	20000f41 	.word	0x20000f41

10001618 <time_us_64>:
10001618:	4a04      	ldr	r2, [pc, #16]	; (1000162c <time_us_64+0x14>)
1000161a:	6a51      	ldr	r1, [r2, #36]	; 0x24
1000161c:	e000      	b.n	10001620 <time_us_64+0x8>
1000161e:	0019      	movs	r1, r3
10001620:	6a90      	ldr	r0, [r2, #40]	; 0x28
10001622:	6a53      	ldr	r3, [r2, #36]	; 0x24
10001624:	4299      	cmp	r1, r3
10001626:	d1fa      	bne.n	1000161e <time_us_64+0x6>
10001628:	4770      	bx	lr
1000162a:	46c0      	nop			; (mov r8, r8)
1000162c:	40054000 	.word	0x40054000

10001630 <hardware_alarm_set_callback>:
10001630:	b570      	push	{r4, r5, r6, lr}
10001632:	0004      	movs	r4, r0
10001634:	000d      	movs	r5, r1
10001636:	f3ef 8610 	mrs	r6, PRIMASK
1000163a:	b672      	cpsid	i
1000163c:	4a1a      	ldr	r2, [pc, #104]	; (100016a8 <hardware_alarm_set_callback+0x78>)
1000163e:	6813      	ldr	r3, [r2, #0]
10001640:	2b00      	cmp	r3, #0
10001642:	d0fc      	beq.n	1000163e <hardware_alarm_set_callback+0xe>
10001644:	f3bf 8f5f 	dmb	sy
10001648:	2d00      	cmp	r5, #0
1000164a:	d01b      	beq.n	10001684 <hardware_alarm_set_callback+0x54>
1000164c:	0020      	movs	r0, r4
1000164e:	f7ff f9f7 	bl	10000a40 <irq_get_vtable_handler>
10001652:	4916      	ldr	r1, [pc, #88]	; (100016ac <hardware_alarm_set_callback+0x7c>)
10001654:	4288      	cmp	r0, r1
10001656:	d00a      	beq.n	1000166e <hardware_alarm_set_callback+0x3e>
10001658:	0020      	movs	r0, r4
1000165a:	f7ff f9f9 	bl	10000a50 <irq_set_exclusive_handler>
1000165e:	2101      	movs	r1, #1
10001660:	0020      	movs	r0, r4
10001662:	f7ff f9bd 	bl	100009e0 <irq_set_enabled>
10001666:	2301      	movs	r3, #1
10001668:	40a3      	lsls	r3, r4
1000166a:	4a11      	ldr	r2, [pc, #68]	; (100016b0 <hardware_alarm_set_callback+0x80>)
1000166c:	6013      	str	r3, [r2, #0]
1000166e:	4b11      	ldr	r3, [pc, #68]	; (100016b4 <hardware_alarm_set_callback+0x84>)
10001670:	00a4      	lsls	r4, r4, #2
10001672:	50e5      	str	r5, [r4, r3]
10001674:	f3bf 8f5f 	dmb	sy
10001678:	2200      	movs	r2, #0
1000167a:	4b0b      	ldr	r3, [pc, #44]	; (100016a8 <hardware_alarm_set_callback+0x78>)
1000167c:	601a      	str	r2, [r3, #0]
1000167e:	f386 8810 	msr	PRIMASK, r6
10001682:	bd70      	pop	{r4, r5, r6, pc}
10001684:	4b0b      	ldr	r3, [pc, #44]	; (100016b4 <hardware_alarm_set_callback+0x84>)
10001686:	00a2      	lsls	r2, r4, #2
10001688:	50d5      	str	r5, [r2, r3]
1000168a:	2201      	movs	r2, #1
1000168c:	40a2      	lsls	r2, r4
1000168e:	490a      	ldr	r1, [pc, #40]	; (100016b8 <hardware_alarm_set_callback+0x88>)
10001690:	0020      	movs	r0, r4
10001692:	780b      	ldrb	r3, [r1, #0]
10001694:	4393      	bics	r3, r2
10001696:	700b      	strb	r3, [r1, #0]
10001698:	4904      	ldr	r1, [pc, #16]	; (100016ac <hardware_alarm_set_callback+0x7c>)
1000169a:	f7ff fae7 	bl	10000c6c <irq_remove_handler>
1000169e:	2100      	movs	r1, #0
100016a0:	0020      	movs	r0, r4
100016a2:	f7ff f99d 	bl	100009e0 <irq_set_enabled>
100016a6:	e7e5      	b.n	10001674 <hardware_alarm_set_callback+0x44>
100016a8:	d0000128 	.word	0xd0000128
100016ac:	10001551 	.word	0x10001551
100016b0:	40056038 	.word	0x40056038
100016b4:	20000928 	.word	0x20000928
100016b8:	20000f46 	.word	0x20000f46

100016bc <hardware_alarm_set_target>:
100016bc:	b5f0      	push	{r4, r5, r6, r7, lr}
100016be:	46d6      	mov	lr, sl
100016c0:	464f      	mov	r7, r9
100016c2:	4646      	mov	r6, r8
100016c4:	4c32      	ldr	r4, [pc, #200]	; (10001790 <hardware_alarm_set_target+0xd4>)
100016c6:	b5c0      	push	{r6, r7, lr}
100016c8:	6a65      	ldr	r5, [r4, #36]	; 0x24
100016ca:	e000      	b.n	100016ce <hardware_alarm_set_target+0x12>
100016cc:	000d      	movs	r5, r1
100016ce:	6aa6      	ldr	r6, [r4, #40]	; 0x28
100016d0:	6a61      	ldr	r1, [r4, #36]	; 0x24
100016d2:	42a9      	cmp	r1, r5
100016d4:	d1fa      	bne.n	100016cc <hardware_alarm_set_target+0x10>
100016d6:	42ab      	cmp	r3, r5
100016d8:	d809      	bhi.n	100016ee <hardware_alarm_set_target+0x32>
100016da:	d006      	beq.n	100016ea <hardware_alarm_set_target+0x2e>
100016dc:	2401      	movs	r4, #1
100016de:	0020      	movs	r0, r4
100016e0:	bc1c      	pop	{r2, r3, r4}
100016e2:	4690      	mov	r8, r2
100016e4:	4699      	mov	r9, r3
100016e6:	46a2      	mov	sl, r4
100016e8:	bdf0      	pop	{r4, r5, r6, r7, pc}
100016ea:	42b2      	cmp	r2, r6
100016ec:	d9f6      	bls.n	100016dc <hardware_alarm_set_target+0x20>
100016ee:	f3ef 8910 	mrs	r9, PRIMASK
100016f2:	b672      	cpsid	i
100016f4:	4c27      	ldr	r4, [pc, #156]	; (10001794 <hardware_alarm_set_target+0xd8>)
100016f6:	6821      	ldr	r1, [r4, #0]
100016f8:	2900      	cmp	r1, #0
100016fa:	d0fc      	beq.n	100016f6 <hardware_alarm_set_target+0x3a>
100016fc:	f3bf 8f5f 	dmb	sy
10001700:	2601      	movs	r6, #1
10001702:	4925      	ldr	r1, [pc, #148]	; (10001798 <hardware_alarm_set_target+0xdc>)
10001704:	4086      	lsls	r6, r0
10001706:	468c      	mov	ip, r1
10001708:	7809      	ldrb	r1, [r1, #0]
1000170a:	4d24      	ldr	r5, [pc, #144]	; (1000179c <hardware_alarm_set_target+0xe0>)
1000170c:	000f      	movs	r7, r1
1000170e:	4337      	orrs	r7, r6
10001710:	4688      	mov	r8, r1
10001712:	b2f9      	uxtb	r1, r7
10001714:	468a      	mov	sl, r1
10001716:	4661      	mov	r1, ip
10001718:	4654      	mov	r4, sl
1000171a:	700c      	strb	r4, [r1, #0]
1000171c:	491c      	ldr	r1, [pc, #112]	; (10001790 <hardware_alarm_set_target+0xd4>)
1000171e:	1d04      	adds	r4, r0, #4
10001720:	00a4      	lsls	r4, r4, #2
10001722:	634e      	str	r6, [r1, #52]	; 0x34
10001724:	5062      	str	r2, [r4, r1]
10001726:	0084      	lsls	r4, r0, #2
10001728:	5163      	str	r3, [r4, r5]
1000172a:	6a0d      	ldr	r5, [r1, #32]
1000172c:	2400      	movs	r4, #0
1000172e:	4235      	tst	r5, r6
10001730:	d01a      	beq.n	10001768 <hardware_alarm_set_target+0xac>
10001732:	6a4d      	ldr	r5, [r1, #36]	; 0x24
10001734:	e000      	b.n	10001738 <hardware_alarm_set_target+0x7c>
10001736:	0025      	movs	r5, r4
10001738:	6a8f      	ldr	r7, [r1, #40]	; 0x28
1000173a:	6a4c      	ldr	r4, [r1, #36]	; 0x24
1000173c:	42ac      	cmp	r4, r5
1000173e:	d1fa      	bne.n	10001736 <hardware_alarm_set_target+0x7a>
10001740:	42ab      	cmp	r3, r5
10001742:	d819      	bhi.n	10001778 <hardware_alarm_set_target+0xbc>
10001744:	d101      	bne.n	1000174a <hardware_alarm_set_target+0x8e>
10001746:	42ba      	cmp	r2, r7
10001748:	d816      	bhi.n	10001778 <hardware_alarm_set_target+0xbc>
1000174a:	45c2      	cmp	sl, r8
1000174c:	d01d      	beq.n	1000178a <hardware_alarm_set_target+0xce>
1000174e:	4b10      	ldr	r3, [pc, #64]	; (10001790 <hardware_alarm_set_target+0xd4>)
10001750:	4a13      	ldr	r2, [pc, #76]	; (100017a0 <hardware_alarm_set_target+0xe4>)
10001752:	621e      	str	r6, [r3, #32]
10001754:	635e      	str	r6, [r3, #52]	; 0x34
10001756:	231f      	movs	r3, #31
10001758:	4018      	ands	r0, r3
1000175a:	3b1e      	subs	r3, #30
1000175c:	4083      	lsls	r3, r0
1000175e:	6013      	str	r3, [r2, #0]
10001760:	4663      	mov	r3, ip
10001762:	4642      	mov	r2, r8
10001764:	2401      	movs	r4, #1
10001766:	701a      	strb	r2, [r3, #0]
10001768:	f3bf 8f5f 	dmb	sy
1000176c:	2200      	movs	r2, #0
1000176e:	4b09      	ldr	r3, [pc, #36]	; (10001794 <hardware_alarm_set_target+0xd8>)
10001770:	601a      	str	r2, [r3, #0]
10001772:	f389 8810 	msr	PRIMASK, r9
10001776:	e7b2      	b.n	100016de <hardware_alarm_set_target+0x22>
10001778:	2400      	movs	r4, #0
1000177a:	f3bf 8f5f 	dmb	sy
1000177e:	2200      	movs	r2, #0
10001780:	4b04      	ldr	r3, [pc, #16]	; (10001794 <hardware_alarm_set_target+0xd8>)
10001782:	601a      	str	r2, [r3, #0]
10001784:	f389 8810 	msr	PRIMASK, r9
10001788:	e7a9      	b.n	100016de <hardware_alarm_set_target+0x22>
1000178a:	2401      	movs	r4, #1
1000178c:	e7ec      	b.n	10001768 <hardware_alarm_set_target+0xac>
1000178e:	46c0      	nop			; (mov r8, r8)
10001790:	40054000 	.word	0x40054000
10001794:	d0000128 	.word	0xd0000128
10001798:	20000f46 	.word	0x20000f46
1000179c:	20000f18 	.word	0x20000f18
100017a0:	e000e280 	.word	0xe000e280

100017a4 <hardware_alarm_cancel>:
100017a4:	b510      	push	{r4, lr}
100017a6:	f3ef 8410 	mrs	r4, PRIMASK
100017aa:	b672      	cpsid	i
100017ac:	490a      	ldr	r1, [pc, #40]	; (100017d8 <hardware_alarm_cancel+0x34>)
100017ae:	680b      	ldr	r3, [r1, #0]
100017b0:	2b00      	cmp	r3, #0
100017b2:	d0fc      	beq.n	100017ae <hardware_alarm_cancel+0xa>
100017b4:	f3bf 8f5f 	dmb	sy
100017b8:	2301      	movs	r3, #1
100017ba:	4083      	lsls	r3, r0
100017bc:	4a07      	ldr	r2, [pc, #28]	; (100017dc <hardware_alarm_cancel+0x38>)
100017be:	4808      	ldr	r0, [pc, #32]	; (100017e0 <hardware_alarm_cancel+0x3c>)
100017c0:	6213      	str	r3, [r2, #32]
100017c2:	7802      	ldrb	r2, [r0, #0]
100017c4:	439a      	bics	r2, r3
100017c6:	7002      	strb	r2, [r0, #0]
100017c8:	f3bf 8f5f 	dmb	sy
100017cc:	2300      	movs	r3, #0
100017ce:	600b      	str	r3, [r1, #0]
100017d0:	f384 8810 	msr	PRIMASK, r4
100017d4:	bd10      	pop	{r4, pc}
100017d6:	46c0      	nop			; (mov r8, r8)
100017d8:	d0000128 	.word	0xd0000128
100017dc:	40054000 	.word	0x40054000
100017e0:	20000f46 	.word	0x20000f46

100017e4 <ph_merge_nodes>:
100017e4:	b570      	push	{r4, r5, r6, lr}
100017e6:	0006      	movs	r6, r0
100017e8:	000d      	movs	r5, r1
100017ea:	0014      	movs	r4, r2
100017ec:	2900      	cmp	r1, #0
100017ee:	d01e      	beq.n	1000182e <ph_merge_nodes+0x4a>
100017f0:	2a00      	cmp	r2, #0
100017f2:	d01e      	beq.n	10001832 <ph_merge_nodes+0x4e>
100017f4:	6873      	ldr	r3, [r6, #4]
100017f6:	6880      	ldr	r0, [r0, #8]
100017f8:	4798      	blx	r3
100017fa:	0063      	lsls	r3, r4, #1
100017fc:	006a      	lsls	r2, r5, #1
100017fe:	191b      	adds	r3, r3, r4
10001800:	1952      	adds	r2, r2, r5
10001802:	3b03      	subs	r3, #3
10001804:	3a03      	subs	r2, #3
10001806:	6831      	ldr	r1, [r6, #0]
10001808:	2800      	cmp	r0, #0
1000180a:	d008      	beq.n	1000181e <ph_merge_nodes+0x3a>
1000180c:	18cb      	adds	r3, r1, r3
1000180e:	188a      	adds	r2, r1, r2
10001810:	709d      	strb	r5, [r3, #2]
10001812:	7811      	ldrb	r1, [r2, #0]
10001814:	2900      	cmp	r1, #0
10001816:	d10e      	bne.n	10001836 <ph_merge_nodes+0x52>
10001818:	7014      	strb	r4, [r2, #0]
1000181a:	0028      	movs	r0, r5
1000181c:	e008      	b.n	10001830 <ph_merge_nodes+0x4c>
1000181e:	188a      	adds	r2, r1, r2
10001820:	18cb      	adds	r3, r1, r3
10001822:	7094      	strb	r4, [r2, #2]
10001824:	7819      	ldrb	r1, [r3, #0]
10001826:	2900      	cmp	r1, #0
10001828:	d000      	beq.n	1000182c <ph_merge_nodes+0x48>
1000182a:	7051      	strb	r1, [r2, #1]
1000182c:	701d      	strb	r5, [r3, #0]
1000182e:	0020      	movs	r0, r4
10001830:	bd70      	pop	{r4, r5, r6, pc}
10001832:	0008      	movs	r0, r1
10001834:	e7fc      	b.n	10001830 <ph_merge_nodes+0x4c>
10001836:	7059      	strb	r1, [r3, #1]
10001838:	0028      	movs	r0, r5
1000183a:	7014      	strb	r4, [r2, #0]
1000183c:	e7f8      	b.n	10001830 <ph_merge_nodes+0x4c>
1000183e:	46c0      	nop			; (mov r8, r8)

10001840 <ph_post_alloc_init>:
10001840:	b5f0      	push	{r4, r5, r6, r7, lr}
10001842:	46de      	mov	lr, fp
10001844:	4657      	mov	r7, sl
10001846:	464e      	mov	r6, r9
10001848:	4645      	mov	r5, r8
1000184a:	b5e0      	push	{r5, r6, r7, lr}
1000184c:	6083      	str	r3, [r0, #8]
1000184e:	2300      	movs	r3, #0
10001850:	b089      	sub	sp, #36	; 0x24
10001852:	6042      	str	r2, [r0, #4]
10001854:	6802      	ldr	r2, [r0, #0]
10001856:	9106      	str	r1, [sp, #24]
10001858:	7343      	strb	r3, [r0, #13]
1000185a:	b2c9      	uxtb	r1, r1
1000185c:	3301      	adds	r3, #1
1000185e:	9105      	str	r1, [sp, #20]
10001860:	7301      	strb	r1, [r0, #12]
10001862:	7383      	strb	r3, [r0, #14]
10001864:	73c1      	strb	r1, [r0, #15]
10001866:	9204      	str	r2, [sp, #16]
10001868:	2901      	cmp	r1, #1
1000186a:	d800      	bhi.n	1000186e <ph_post_alloc_init+0x2e>
1000186c:	e0a4      	b.n	100019b8 <ph_post_alloc_init+0x178>
1000186e:	000a      	movs	r2, r1
10001870:	1e4b      	subs	r3, r1, #1
10001872:	b2d9      	uxtb	r1, r3
10001874:	1e93      	subs	r3, r2, #2
10001876:	9107      	str	r1, [sp, #28]
10001878:	2b07      	cmp	r3, #7
1000187a:	d800      	bhi.n	1000187e <ph_post_alloc_init+0x3e>
1000187c:	e0ae      	b.n	100019dc <ph_post_alloc_init+0x19c>
1000187e:	2500      	movs	r5, #0
10001880:	08cb      	lsrs	r3, r1, #3
10001882:	9303      	str	r3, [sp, #12]
10001884:	9b04      	ldr	r3, [sp, #16]
10001886:	4c56      	ldr	r4, [pc, #344]	; (100019e0 <ph_post_alloc_init+0x1a0>)
10001888:	1c59      	adds	r1, r3, #1
1000188a:	4b56      	ldr	r3, [pc, #344]	; (100019e4 <ph_post_alloc_init+0x1a4>)
1000188c:	4856      	ldr	r0, [pc, #344]	; (100019e8 <ph_post_alloc_init+0x1a8>)
1000188e:	469b      	mov	fp, r3
10001890:	4b56      	ldr	r3, [pc, #344]	; (100019ec <ph_post_alloc_init+0x1ac>)
10001892:	469a      	mov	sl, r3
10001894:	4b56      	ldr	r3, [pc, #344]	; (100019f0 <ph_post_alloc_init+0x1b0>)
10001896:	469c      	mov	ip, r3
10001898:	4b56      	ldr	r3, [pc, #344]	; (100019f4 <ph_post_alloc_init+0x1b4>)
1000189a:	9302      	str	r3, [sp, #8]
1000189c:	4652      	mov	r2, sl
1000189e:	4663      	mov	r3, ip
100018a0:	465f      	mov	r7, fp
100018a2:	465e      	mov	r6, fp
100018a4:	4062      	eors	r2, r4
100018a6:	401a      	ands	r2, r3
100018a8:	4b50      	ldr	r3, [pc, #320]	; (100019ec <ph_post_alloc_init+0x1ac>)
100018aa:	4027      	ands	r7, r4
100018ac:	18fb      	adds	r3, r7, r3
100018ae:	405a      	eors	r2, r3
100018b0:	4006      	ands	r6, r0
100018b2:	4653      	mov	r3, sl
100018b4:	9601      	str	r6, [sp, #4]
100018b6:	4666      	mov	r6, ip
100018b8:	4043      	eors	r3, r0
100018ba:	4033      	ands	r3, r6
100018bc:	4e4b      	ldr	r6, [pc, #300]	; (100019ec <ph_post_alloc_init+0x1ac>)
100018be:	700a      	strb	r2, [r1, #0]
100018c0:	46b0      	mov	r8, r6
100018c2:	9e01      	ldr	r6, [sp, #4]
100018c4:	3501      	adds	r5, #1
100018c6:	46b1      	mov	r9, r6
100018c8:	44c8      	add	r8, r9
100018ca:	4646      	mov	r6, r8
100018cc:	4073      	eors	r3, r6
100018ce:	0416      	lsls	r6, r2, #16
100018d0:	0e36      	lsrs	r6, r6, #24
100018d2:	70ce      	strb	r6, [r1, #3]
100018d4:	0216      	lsls	r6, r2, #8
100018d6:	0e12      	lsrs	r2, r2, #24
100018d8:	724a      	strb	r2, [r1, #9]
100018da:	041a      	lsls	r2, r3, #16
100018dc:	0e12      	lsrs	r2, r2, #24
100018de:	730b      	strb	r3, [r1, #12]
100018e0:	73ca      	strb	r2, [r1, #15]
100018e2:	021a      	lsls	r2, r3, #8
100018e4:	0e1b      	lsrs	r3, r3, #24
100018e6:	754b      	strb	r3, [r1, #21]
100018e8:	9b02      	ldr	r3, [sp, #8]
100018ea:	0e36      	lsrs	r6, r6, #24
100018ec:	405c      	eors	r4, r3
100018ee:	4663      	mov	r3, ip
100018f0:	401c      	ands	r4, r3
100018f2:	4b40      	ldr	r3, [pc, #256]	; (100019f4 <ph_post_alloc_init+0x1b4>)
100018f4:	0e12      	lsrs	r2, r2, #24
100018f6:	4698      	mov	r8, r3
100018f8:	9b02      	ldr	r3, [sp, #8]
100018fa:	4447      	add	r7, r8
100018fc:	4058      	eors	r0, r3
100018fe:	4663      	mov	r3, ip
10001900:	4018      	ands	r0, r3
10001902:	464b      	mov	r3, r9
10001904:	4443      	add	r3, r8
10001906:	4058      	eors	r0, r3
10001908:	9b03      	ldr	r3, [sp, #12]
1000190a:	b2ed      	uxtb	r5, r5
1000190c:	718e      	strb	r6, [r1, #6]
1000190e:	748a      	strb	r2, [r1, #18]
10001910:	407c      	eors	r4, r7
10001912:	3118      	adds	r1, #24
10001914:	42ab      	cmp	r3, r5
10001916:	d1c1      	bne.n	1000189c <ph_post_alloc_init+0x5c>
10001918:	9907      	ldr	r1, [sp, #28]
1000191a:	2307      	movs	r3, #7
1000191c:	000a      	movs	r2, r1
1000191e:	439a      	bics	r2, r3
10001920:	1c53      	adds	r3, r2, #1
10001922:	b2db      	uxtb	r3, r3
10001924:	4291      	cmp	r1, r2
10001926:	d047      	beq.n	100019b8 <ph_post_alloc_init+0x178>
10001928:	9c04      	ldr	r4, [sp, #16]
1000192a:	005a      	lsls	r2, r3, #1
1000192c:	46a4      	mov	ip, r4
1000192e:	18d2      	adds	r2, r2, r3
10001930:	1c59      	adds	r1, r3, #1
10001932:	4462      	add	r2, ip
10001934:	9d05      	ldr	r5, [sp, #20]
10001936:	b2c9      	uxtb	r1, r1
10001938:	3a03      	subs	r2, #3
1000193a:	7051      	strb	r1, [r2, #1]
1000193c:	428d      	cmp	r5, r1
1000193e:	d93b      	bls.n	100019b8 <ph_post_alloc_init+0x178>
10001940:	004a      	lsls	r2, r1, #1
10001942:	1852      	adds	r2, r2, r1
10001944:	1c98      	adds	r0, r3, #2
10001946:	4462      	add	r2, ip
10001948:	b2c0      	uxtb	r0, r0
1000194a:	3a03      	subs	r2, #3
1000194c:	7050      	strb	r0, [r2, #1]
1000194e:	4285      	cmp	r5, r0
10001950:	d932      	bls.n	100019b8 <ph_post_alloc_init+0x178>
10001952:	0042      	lsls	r2, r0, #1
10001954:	1812      	adds	r2, r2, r0
10001956:	1cd9      	adds	r1, r3, #3
10001958:	4462      	add	r2, ip
1000195a:	b2c9      	uxtb	r1, r1
1000195c:	3a03      	subs	r2, #3
1000195e:	7051      	strb	r1, [r2, #1]
10001960:	428d      	cmp	r5, r1
10001962:	d929      	bls.n	100019b8 <ph_post_alloc_init+0x178>
10001964:	004a      	lsls	r2, r1, #1
10001966:	1852      	adds	r2, r2, r1
10001968:	1d18      	adds	r0, r3, #4
1000196a:	4462      	add	r2, ip
1000196c:	b2c0      	uxtb	r0, r0
1000196e:	3a03      	subs	r2, #3
10001970:	7050      	strb	r0, [r2, #1]
10001972:	4285      	cmp	r5, r0
10001974:	d920      	bls.n	100019b8 <ph_post_alloc_init+0x178>
10001976:	0042      	lsls	r2, r0, #1
10001978:	1812      	adds	r2, r2, r0
1000197a:	1d59      	adds	r1, r3, #5
1000197c:	4462      	add	r2, ip
1000197e:	b2c9      	uxtb	r1, r1
10001980:	3a03      	subs	r2, #3
10001982:	7051      	strb	r1, [r2, #1]
10001984:	428d      	cmp	r5, r1
10001986:	d917      	bls.n	100019b8 <ph_post_alloc_init+0x178>
10001988:	004a      	lsls	r2, r1, #1
1000198a:	1852      	adds	r2, r2, r1
1000198c:	1d98      	adds	r0, r3, #6
1000198e:	4462      	add	r2, ip
10001990:	b2c0      	uxtb	r0, r0
10001992:	3a03      	subs	r2, #3
10001994:	7050      	strb	r0, [r2, #1]
10001996:	4285      	cmp	r5, r0
10001998:	d90e      	bls.n	100019b8 <ph_post_alloc_init+0x178>
1000199a:	0042      	lsls	r2, r0, #1
1000199c:	1812      	adds	r2, r2, r0
1000199e:	1dd9      	adds	r1, r3, #7
100019a0:	4462      	add	r2, ip
100019a2:	b2c9      	uxtb	r1, r1
100019a4:	3a03      	subs	r2, #3
100019a6:	7051      	strb	r1, [r2, #1]
100019a8:	428d      	cmp	r5, r1
100019aa:	d905      	bls.n	100019b8 <ph_post_alloc_init+0x178>
100019ac:	004a      	lsls	r2, r1, #1
100019ae:	1852      	adds	r2, r2, r1
100019b0:	4462      	add	r2, ip
100019b2:	3a03      	subs	r2, #3
100019b4:	3308      	adds	r3, #8
100019b6:	7053      	strb	r3, [r2, #1]
100019b8:	23ff      	movs	r3, #255	; 0xff
100019ba:	9a06      	ldr	r2, [sp, #24]
100019bc:	4013      	ands	r3, r2
100019be:	0059      	lsls	r1, r3, #1
100019c0:	18c9      	adds	r1, r1, r3
100019c2:	9b04      	ldr	r3, [sp, #16]
100019c4:	469c      	mov	ip, r3
100019c6:	2300      	movs	r3, #0
100019c8:	4461      	add	r1, ip
100019ca:	3903      	subs	r1, #3
100019cc:	704b      	strb	r3, [r1, #1]
100019ce:	b009      	add	sp, #36	; 0x24
100019d0:	bc3c      	pop	{r2, r3, r4, r5}
100019d2:	4690      	mov	r8, r2
100019d4:	4699      	mov	r9, r3
100019d6:	46a2      	mov	sl, r4
100019d8:	46ab      	mov	fp, r5
100019da:	bdf0      	pop	{r4, r5, r6, r7, pc}
100019dc:	2301      	movs	r3, #1
100019de:	e7a3      	b.n	10001928 <ph_post_alloc_init+0xe8>
100019e0:	04030201 	.word	0x04030201
100019e4:	7f7f7f7f 	.word	0x7f7f7f7f
100019e8:	08070605 	.word	0x08070605
100019ec:	01010101 	.word	0x01010101
100019f0:	80808080 	.word	0x80808080
100019f4:	08080808 	.word	0x08080808

100019f8 <ph_merge_two_pass>:
100019f8:	b570      	push	{r4, r5, r6, lr}
100019fa:	0004      	movs	r4, r0
100019fc:	2900      	cmp	r1, #0
100019fe:	d007      	beq.n	10001a10 <ph_merge_two_pass+0x18>
10001a00:	004b      	lsls	r3, r1, #1
10001a02:	6800      	ldr	r0, [r0, #0]
10001a04:	185b      	adds	r3, r3, r1
10001a06:	3b03      	subs	r3, #3
10001a08:	18c3      	adds	r3, r0, r3
10001a0a:	785a      	ldrb	r2, [r3, #1]
10001a0c:	2a00      	cmp	r2, #0
10001a0e:	d101      	bne.n	10001a14 <ph_merge_two_pass+0x1c>
10001a10:	0008      	movs	r0, r1
10001a12:	bd70      	pop	{r4, r5, r6, pc}
10001a14:	0055      	lsls	r5, r2, #1
10001a16:	18ad      	adds	r5, r5, r2
10001a18:	3d03      	subs	r5, #3
10001a1a:	1940      	adds	r0, r0, r5
10001a1c:	2500      	movs	r5, #0
10001a1e:	7846      	ldrb	r6, [r0, #1]
10001a20:	7045      	strb	r5, [r0, #1]
10001a22:	705d      	strb	r5, [r3, #1]
10001a24:	0020      	movs	r0, r4
10001a26:	f7ff fedd 	bl	100017e4 <ph_merge_nodes>
10001a2a:	0031      	movs	r1, r6
10001a2c:	0005      	movs	r5, r0
10001a2e:	0020      	movs	r0, r4
10001a30:	f7ff ffe2 	bl	100019f8 <ph_merge_two_pass>
10001a34:	0029      	movs	r1, r5
10001a36:	0002      	movs	r2, r0
10001a38:	0020      	movs	r0, r4
10001a3a:	f7ff fed3 	bl	100017e4 <ph_merge_nodes>
10001a3e:	0001      	movs	r1, r0
10001a40:	e7e6      	b.n	10001a10 <ph_merge_two_pass+0x18>
10001a42:	46c0      	nop			; (mov r8, r8)

10001a44 <ph_remove_any_head>:
10001a44:	b5f0      	push	{r4, r5, r6, r7, lr}
10001a46:	464e      	mov	r6, r9
10001a48:	4645      	mov	r5, r8
10001a4a:	46de      	mov	lr, fp
10001a4c:	4657      	mov	r7, sl
10001a4e:	b5e0      	push	{r5, r6, r7, lr}
10001a50:	000e      	movs	r6, r1
10001a52:	0074      	lsls	r4, r6, #1
10001a54:	6801      	ldr	r1, [r0, #0]
10001a56:	19a4      	adds	r4, r4, r6
10001a58:	b085      	sub	sp, #20
10001a5a:	3c03      	subs	r4, #3
10001a5c:	9201      	str	r2, [sp, #4]
10001a5e:	190a      	adds	r2, r1, r4
10001a60:	0005      	movs	r5, r0
10001a62:	7810      	ldrb	r0, [r2, #0]
10001a64:	2800      	cmp	r0, #0
10001a66:	d04c      	beq.n	10001b02 <ph_remove_any_head+0xbe>
10001a68:	0043      	lsls	r3, r0, #1
10001a6a:	181b      	adds	r3, r3, r0
10001a6c:	3b03      	subs	r3, #3
10001a6e:	18cb      	adds	r3, r1, r3
10001a70:	785f      	ldrb	r7, [r3, #1]
10001a72:	46bc      	mov	ip, r7
10001a74:	2f00      	cmp	r7, #0
10001a76:	d116      	bne.n	10001aa6 <ph_remove_any_head+0x62>
10001a78:	9c01      	ldr	r4, [sp, #4]
10001a7a:	2c00      	cmp	r4, #0
10001a7c:	d03e      	beq.n	10001afc <ph_remove_any_head+0xb8>
10001a7e:	7bec      	ldrb	r4, [r5, #15]
10001a80:	2c00      	cmp	r4, #0
10001a82:	d004      	beq.n	10001a8e <ph_remove_any_head+0x4a>
10001a84:	0063      	lsls	r3, r4, #1
10001a86:	191b      	adds	r3, r3, r4
10001a88:	18cb      	adds	r3, r1, r3
10001a8a:	3b03      	subs	r3, #3
10001a8c:	705e      	strb	r6, [r3, #1]
10001a8e:	73ee      	strb	r6, [r5, #15]
10001a90:	2800      	cmp	r0, #0
10001a92:	d12f      	bne.n	10001af4 <ph_remove_any_head+0xb0>
10001a94:	2300      	movs	r3, #0
10001a96:	7053      	strb	r3, [r2, #1]
10001a98:	b005      	add	sp, #20
10001a9a:	bc3c      	pop	{r2, r3, r4, r5}
10001a9c:	4690      	mov	r8, r2
10001a9e:	4699      	mov	r9, r3
10001aa0:	46a2      	mov	sl, r4
10001aa2:	46ab      	mov	fp, r5
10001aa4:	bdf0      	pop	{r4, r5, r6, r7, pc}
10001aa6:	007a      	lsls	r2, r7, #1
10001aa8:	4462      	add	r2, ip
10001aaa:	3a03      	subs	r2, #3
10001aac:	1889      	adds	r1, r1, r2
10001aae:	784a      	ldrb	r2, [r1, #1]
10001ab0:	4693      	mov	fp, r2
10001ab2:	2200      	movs	r2, #0
10001ab4:	704a      	strb	r2, [r1, #1]
10001ab6:	4690      	mov	r8, r2
10001ab8:	705a      	strb	r2, [r3, #1]
10001aba:	0001      	movs	r1, r0
10001abc:	003a      	movs	r2, r7
10001abe:	0028      	movs	r0, r5
10001ac0:	f7ff fe90 	bl	100017e4 <ph_merge_nodes>
10001ac4:	465b      	mov	r3, fp
10001ac6:	4681      	mov	r9, r0
10001ac8:	2b00      	cmp	r3, #0
10001aca:	d007      	beq.n	10001adc <ph_remove_any_head+0x98>
10001acc:	005b      	lsls	r3, r3, #1
10001ace:	6829      	ldr	r1, [r5, #0]
10001ad0:	445b      	add	r3, fp
10001ad2:	3b03      	subs	r3, #3
10001ad4:	18cb      	adds	r3, r1, r3
10001ad6:	785a      	ldrb	r2, [r3, #1]
10001ad8:	2a00      	cmp	r2, #0
10001ada:	d116      	bne.n	10001b0a <ph_remove_any_head+0xc6>
10001adc:	465a      	mov	r2, fp
10001ade:	4649      	mov	r1, r9
10001ae0:	0028      	movs	r0, r5
10001ae2:	f7ff fe7f 	bl	100017e4 <ph_merge_nodes>
10001ae6:	6829      	ldr	r1, [r5, #0]
10001ae8:	9b01      	ldr	r3, [sp, #4]
10001aea:	190a      	adds	r2, r1, r4
10001aec:	2b00      	cmp	r3, #0
10001aee:	d1c6      	bne.n	10001a7e <ph_remove_any_head+0x3a>
10001af0:	2800      	cmp	r0, #0
10001af2:	d0cf      	beq.n	10001a94 <ph_remove_any_head+0x50>
10001af4:	0043      	lsls	r3, r0, #1
10001af6:	181b      	adds	r3, r3, r0
10001af8:	3b03      	subs	r3, #3
10001afa:	18cb      	adds	r3, r1, r3
10001afc:	2100      	movs	r1, #0
10001afe:	7099      	strb	r1, [r3, #2]
10001b00:	e7c8      	b.n	10001a94 <ph_remove_any_head+0x50>
10001b02:	9b01      	ldr	r3, [sp, #4]
10001b04:	2b00      	cmp	r3, #0
10001b06:	d1ba      	bne.n	10001a7e <ph_remove_any_head+0x3a>
10001b08:	e7c4      	b.n	10001a94 <ph_remove_any_head+0x50>
10001b0a:	0050      	lsls	r0, r2, #1
10001b0c:	1880      	adds	r0, r0, r2
10001b0e:	3803      	subs	r0, #3
10001b10:	1809      	adds	r1, r1, r0
10001b12:	7848      	ldrb	r0, [r1, #1]
10001b14:	4682      	mov	sl, r0
10001b16:	4640      	mov	r0, r8
10001b18:	7048      	strb	r0, [r1, #1]
10001b1a:	7058      	strb	r0, [r3, #1]
10001b1c:	4659      	mov	r1, fp
10001b1e:	0028      	movs	r0, r5
10001b20:	f7ff fe60 	bl	100017e4 <ph_merge_nodes>
10001b24:	4653      	mov	r3, sl
10001b26:	4683      	mov	fp, r0
10001b28:	2b00      	cmp	r3, #0
10001b2a:	d007      	beq.n	10001b3c <ph_remove_any_head+0xf8>
10001b2c:	005b      	lsls	r3, r3, #1
10001b2e:	6829      	ldr	r1, [r5, #0]
10001b30:	4453      	add	r3, sl
10001b32:	3b03      	subs	r3, #3
10001b34:	18cb      	adds	r3, r1, r3
10001b36:	785a      	ldrb	r2, [r3, #1]
10001b38:	2a00      	cmp	r2, #0
10001b3a:	d106      	bne.n	10001b4a <ph_remove_any_head+0x106>
10001b3c:	4659      	mov	r1, fp
10001b3e:	4652      	mov	r2, sl
10001b40:	0028      	movs	r0, r5
10001b42:	f7ff fe4f 	bl	100017e4 <ph_merge_nodes>
10001b46:	4683      	mov	fp, r0
10001b48:	e7c8      	b.n	10001adc <ph_remove_any_head+0x98>
10001b4a:	0050      	lsls	r0, r2, #1
10001b4c:	1880      	adds	r0, r0, r2
10001b4e:	3803      	subs	r0, #3
10001b50:	1809      	adds	r1, r1, r0
10001b52:	4640      	mov	r0, r8
10001b54:	784f      	ldrb	r7, [r1, #1]
10001b56:	7048      	strb	r0, [r1, #1]
10001b58:	7058      	strb	r0, [r3, #1]
10001b5a:	4651      	mov	r1, sl
10001b5c:	0028      	movs	r0, r5
10001b5e:	9702      	str	r7, [sp, #8]
10001b60:	f7ff fe40 	bl	100017e4 <ph_merge_nodes>
10001b64:	4682      	mov	sl, r0
10001b66:	2f00      	cmp	r7, #0
10001b68:	d008      	beq.n	10001b7c <ph_remove_any_head+0x138>
10001b6a:	46bc      	mov	ip, r7
10001b6c:	007b      	lsls	r3, r7, #1
10001b6e:	6829      	ldr	r1, [r5, #0]
10001b70:	4463      	add	r3, ip
10001b72:	3b03      	subs	r3, #3
10001b74:	18cb      	adds	r3, r1, r3
10001b76:	785a      	ldrb	r2, [r3, #1]
10001b78:	2a00      	cmp	r2, #0
10001b7a:	d106      	bne.n	10001b8a <ph_remove_any_head+0x146>
10001b7c:	4651      	mov	r1, sl
10001b7e:	9a02      	ldr	r2, [sp, #8]
10001b80:	0028      	movs	r0, r5
10001b82:	f7ff fe2f 	bl	100017e4 <ph_merge_nodes>
10001b86:	4682      	mov	sl, r0
10001b88:	e7d8      	b.n	10001b3c <ph_remove_any_head+0xf8>
10001b8a:	0050      	lsls	r0, r2, #1
10001b8c:	1880      	adds	r0, r0, r2
10001b8e:	3803      	subs	r0, #3
10001b90:	1809      	adds	r1, r1, r0
10001b92:	4640      	mov	r0, r8
10001b94:	784f      	ldrb	r7, [r1, #1]
10001b96:	7048      	strb	r0, [r1, #1]
10001b98:	7058      	strb	r0, [r3, #1]
10001b9a:	9902      	ldr	r1, [sp, #8]
10001b9c:	0028      	movs	r0, r5
10001b9e:	9703      	str	r7, [sp, #12]
10001ba0:	f7ff fe20 	bl	100017e4 <ph_merge_nodes>
10001ba4:	4680      	mov	r8, r0
10001ba6:	2f00      	cmp	r7, #0
10001ba8:	d008      	beq.n	10001bbc <ph_remove_any_head+0x178>
10001baa:	46bc      	mov	ip, r7
10001bac:	007b      	lsls	r3, r7, #1
10001bae:	6829      	ldr	r1, [r5, #0]
10001bb0:	4463      	add	r3, ip
10001bb2:	3b03      	subs	r3, #3
10001bb4:	18cb      	adds	r3, r1, r3
10001bb6:	785a      	ldrb	r2, [r3, #1]
10001bb8:	2a00      	cmp	r2, #0
10001bba:	d106      	bne.n	10001bca <ph_remove_any_head+0x186>
10001bbc:	9a03      	ldr	r2, [sp, #12]
10001bbe:	4641      	mov	r1, r8
10001bc0:	0028      	movs	r0, r5
10001bc2:	f7ff fe0f 	bl	100017e4 <ph_merge_nodes>
10001bc6:	9002      	str	r0, [sp, #8]
10001bc8:	e7d8      	b.n	10001b7c <ph_remove_any_head+0x138>
10001bca:	2003      	movs	r0, #3
10001bcc:	4350      	muls	r0, r2
10001bce:	3803      	subs	r0, #3
10001bd0:	1809      	adds	r1, r1, r0
10001bd2:	2000      	movs	r0, #0
10001bd4:	784f      	ldrb	r7, [r1, #1]
10001bd6:	7048      	strb	r0, [r1, #1]
10001bd8:	7058      	strb	r0, [r3, #1]
10001bda:	9903      	ldr	r1, [sp, #12]
10001bdc:	0028      	movs	r0, r5
10001bde:	f7ff fe01 	bl	100017e4 <ph_merge_nodes>
10001be2:	0039      	movs	r1, r7
10001be4:	9002      	str	r0, [sp, #8]
10001be6:	0028      	movs	r0, r5
10001be8:	f7ff ff06 	bl	100019f8 <ph_merge_two_pass>
10001bec:	9902      	ldr	r1, [sp, #8]
10001bee:	0002      	movs	r2, r0
10001bf0:	0028      	movs	r0, r5
10001bf2:	f7ff fdf7 	bl	100017e4 <ph_merge_nodes>
10001bf6:	9003      	str	r0, [sp, #12]
10001bf8:	e7e0      	b.n	10001bbc <ph_remove_any_head+0x178>
10001bfa:	46c0      	nop			; (mov r8, r8)

10001bfc <ph_remove_head>:
10001bfc:	b5f0      	push	{r4, r5, r6, r7, lr}
10001bfe:	464e      	mov	r6, r9
10001c00:	4645      	mov	r5, r8
10001c02:	46de      	mov	lr, fp
10001c04:	4657      	mov	r7, sl
10001c06:	b5e0      	push	{r5, r6, r7, lr}
10001c08:	7b46      	ldrb	r6, [r0, #13]
10001c0a:	0005      	movs	r5, r0
10001c0c:	0074      	lsls	r4, r6, #1
10001c0e:	6800      	ldr	r0, [r0, #0]
10001c10:	19a4      	adds	r4, r4, r6
10001c12:	3c03      	subs	r4, #3
10001c14:	b085      	sub	sp, #20
10001c16:	1902      	adds	r2, r0, r4
10001c18:	9101      	str	r1, [sp, #4]
10001c1a:	7811      	ldrb	r1, [r2, #0]
10001c1c:	2900      	cmp	r1, #0
10001c1e:	d04e      	beq.n	10001cbe <ph_remove_head+0xc2>
10001c20:	004b      	lsls	r3, r1, #1
10001c22:	185b      	adds	r3, r3, r1
10001c24:	3b03      	subs	r3, #3
10001c26:	18c3      	adds	r3, r0, r3
10001c28:	785f      	ldrb	r7, [r3, #1]
10001c2a:	46bc      	mov	ip, r7
10001c2c:	2f00      	cmp	r7, #0
10001c2e:	d118      	bne.n	10001c62 <ph_remove_head+0x66>
10001c30:	9c01      	ldr	r4, [sp, #4]
10001c32:	2c00      	cmp	r4, #0
10001c34:	d040      	beq.n	10001cb8 <ph_remove_head+0xbc>
10001c36:	7bec      	ldrb	r4, [r5, #15]
10001c38:	2c00      	cmp	r4, #0
10001c3a:	d004      	beq.n	10001c46 <ph_remove_head+0x4a>
10001c3c:	0063      	lsls	r3, r4, #1
10001c3e:	191b      	adds	r3, r3, r4
10001c40:	18c3      	adds	r3, r0, r3
10001c42:	3b03      	subs	r3, #3
10001c44:	705e      	strb	r6, [r3, #1]
10001c46:	73ee      	strb	r6, [r5, #15]
10001c48:	2900      	cmp	r1, #0
10001c4a:	d131      	bne.n	10001cb0 <ph_remove_head+0xb4>
10001c4c:	2300      	movs	r3, #0
10001c4e:	0030      	movs	r0, r6
10001c50:	7053      	strb	r3, [r2, #1]
10001c52:	7369      	strb	r1, [r5, #13]
10001c54:	b005      	add	sp, #20
10001c56:	bc3c      	pop	{r2, r3, r4, r5}
10001c58:	4690      	mov	r8, r2
10001c5a:	4699      	mov	r9, r3
10001c5c:	46a2      	mov	sl, r4
10001c5e:	46ab      	mov	fp, r5
10001c60:	bdf0      	pop	{r4, r5, r6, r7, pc}
10001c62:	007a      	lsls	r2, r7, #1
10001c64:	4462      	add	r2, ip
10001c66:	3a03      	subs	r2, #3
10001c68:	1880      	adds	r0, r0, r2
10001c6a:	7842      	ldrb	r2, [r0, #1]
10001c6c:	4693      	mov	fp, r2
10001c6e:	2200      	movs	r2, #0
10001c70:	7042      	strb	r2, [r0, #1]
10001c72:	4690      	mov	r8, r2
10001c74:	705a      	strb	r2, [r3, #1]
10001c76:	0028      	movs	r0, r5
10001c78:	003a      	movs	r2, r7
10001c7a:	f7ff fdb3 	bl	100017e4 <ph_merge_nodes>
10001c7e:	465b      	mov	r3, fp
10001c80:	4681      	mov	r9, r0
10001c82:	2b00      	cmp	r3, #0
10001c84:	d007      	beq.n	10001c96 <ph_remove_head+0x9a>
10001c86:	005b      	lsls	r3, r3, #1
10001c88:	6829      	ldr	r1, [r5, #0]
10001c8a:	445b      	add	r3, fp
10001c8c:	3b03      	subs	r3, #3
10001c8e:	18cb      	adds	r3, r1, r3
10001c90:	785a      	ldrb	r2, [r3, #1]
10001c92:	2a00      	cmp	r2, #0
10001c94:	d117      	bne.n	10001cc6 <ph_remove_head+0xca>
10001c96:	465a      	mov	r2, fp
10001c98:	4649      	mov	r1, r9
10001c9a:	0028      	movs	r0, r5
10001c9c:	f7ff fda2 	bl	100017e4 <ph_merge_nodes>
10001ca0:	9b01      	ldr	r3, [sp, #4]
10001ca2:	0001      	movs	r1, r0
10001ca4:	6828      	ldr	r0, [r5, #0]
10001ca6:	1902      	adds	r2, r0, r4
10001ca8:	2b00      	cmp	r3, #0
10001caa:	d1c4      	bne.n	10001c36 <ph_remove_head+0x3a>
10001cac:	2900      	cmp	r1, #0
10001cae:	d0cd      	beq.n	10001c4c <ph_remove_head+0x50>
10001cb0:	004b      	lsls	r3, r1, #1
10001cb2:	185b      	adds	r3, r3, r1
10001cb4:	3b03      	subs	r3, #3
10001cb6:	18c3      	adds	r3, r0, r3
10001cb8:	2000      	movs	r0, #0
10001cba:	7098      	strb	r0, [r3, #2]
10001cbc:	e7c6      	b.n	10001c4c <ph_remove_head+0x50>
10001cbe:	9b01      	ldr	r3, [sp, #4]
10001cc0:	2b00      	cmp	r3, #0
10001cc2:	d1b8      	bne.n	10001c36 <ph_remove_head+0x3a>
10001cc4:	e7c2      	b.n	10001c4c <ph_remove_head+0x50>
10001cc6:	0050      	lsls	r0, r2, #1
10001cc8:	1880      	adds	r0, r0, r2
10001cca:	3803      	subs	r0, #3
10001ccc:	1809      	adds	r1, r1, r0
10001cce:	7848      	ldrb	r0, [r1, #1]
10001cd0:	4682      	mov	sl, r0
10001cd2:	4640      	mov	r0, r8
10001cd4:	7048      	strb	r0, [r1, #1]
10001cd6:	7058      	strb	r0, [r3, #1]
10001cd8:	4659      	mov	r1, fp
10001cda:	0028      	movs	r0, r5
10001cdc:	f7ff fd82 	bl	100017e4 <ph_merge_nodes>
10001ce0:	4653      	mov	r3, sl
10001ce2:	4683      	mov	fp, r0
10001ce4:	2b00      	cmp	r3, #0
10001ce6:	d007      	beq.n	10001cf8 <ph_remove_head+0xfc>
10001ce8:	005b      	lsls	r3, r3, #1
10001cea:	6829      	ldr	r1, [r5, #0]
10001cec:	4453      	add	r3, sl
10001cee:	3b03      	subs	r3, #3
10001cf0:	18cb      	adds	r3, r1, r3
10001cf2:	785a      	ldrb	r2, [r3, #1]
10001cf4:	2a00      	cmp	r2, #0
10001cf6:	d106      	bne.n	10001d06 <ph_remove_head+0x10a>
10001cf8:	4659      	mov	r1, fp
10001cfa:	4652      	mov	r2, sl
10001cfc:	0028      	movs	r0, r5
10001cfe:	f7ff fd71 	bl	100017e4 <ph_merge_nodes>
10001d02:	4683      	mov	fp, r0
10001d04:	e7c7      	b.n	10001c96 <ph_remove_head+0x9a>
10001d06:	0050      	lsls	r0, r2, #1
10001d08:	1880      	adds	r0, r0, r2
10001d0a:	3803      	subs	r0, #3
10001d0c:	1809      	adds	r1, r1, r0
10001d0e:	4640      	mov	r0, r8
10001d10:	784f      	ldrb	r7, [r1, #1]
10001d12:	7048      	strb	r0, [r1, #1]
10001d14:	7058      	strb	r0, [r3, #1]
10001d16:	4651      	mov	r1, sl
10001d18:	0028      	movs	r0, r5
10001d1a:	9702      	str	r7, [sp, #8]
10001d1c:	f7ff fd62 	bl	100017e4 <ph_merge_nodes>
10001d20:	4682      	mov	sl, r0
10001d22:	2f00      	cmp	r7, #0
10001d24:	d008      	beq.n	10001d38 <ph_remove_head+0x13c>
10001d26:	46bc      	mov	ip, r7
10001d28:	007b      	lsls	r3, r7, #1
10001d2a:	6829      	ldr	r1, [r5, #0]
10001d2c:	4463      	add	r3, ip
10001d2e:	3b03      	subs	r3, #3
10001d30:	18cb      	adds	r3, r1, r3
10001d32:	785a      	ldrb	r2, [r3, #1]
10001d34:	2a00      	cmp	r2, #0
10001d36:	d106      	bne.n	10001d46 <ph_remove_head+0x14a>
10001d38:	4651      	mov	r1, sl
10001d3a:	9a02      	ldr	r2, [sp, #8]
10001d3c:	0028      	movs	r0, r5
10001d3e:	f7ff fd51 	bl	100017e4 <ph_merge_nodes>
10001d42:	4682      	mov	sl, r0
10001d44:	e7d8      	b.n	10001cf8 <ph_remove_head+0xfc>
10001d46:	0050      	lsls	r0, r2, #1
10001d48:	1880      	adds	r0, r0, r2
10001d4a:	3803      	subs	r0, #3
10001d4c:	1809      	adds	r1, r1, r0
10001d4e:	4640      	mov	r0, r8
10001d50:	784f      	ldrb	r7, [r1, #1]
10001d52:	7048      	strb	r0, [r1, #1]
10001d54:	7058      	strb	r0, [r3, #1]
10001d56:	9902      	ldr	r1, [sp, #8]
10001d58:	0028      	movs	r0, r5
10001d5a:	9703      	str	r7, [sp, #12]
10001d5c:	f7ff fd42 	bl	100017e4 <ph_merge_nodes>
10001d60:	4680      	mov	r8, r0
10001d62:	2f00      	cmp	r7, #0
10001d64:	d008      	beq.n	10001d78 <ph_remove_head+0x17c>
10001d66:	46bc      	mov	ip, r7
10001d68:	007b      	lsls	r3, r7, #1
10001d6a:	6829      	ldr	r1, [r5, #0]
10001d6c:	4463      	add	r3, ip
10001d6e:	3b03      	subs	r3, #3
10001d70:	18cb      	adds	r3, r1, r3
10001d72:	785a      	ldrb	r2, [r3, #1]
10001d74:	2a00      	cmp	r2, #0
10001d76:	d106      	bne.n	10001d86 <ph_remove_head+0x18a>
10001d78:	9a03      	ldr	r2, [sp, #12]
10001d7a:	4641      	mov	r1, r8
10001d7c:	0028      	movs	r0, r5
10001d7e:	f7ff fd31 	bl	100017e4 <ph_merge_nodes>
10001d82:	9002      	str	r0, [sp, #8]
10001d84:	e7d8      	b.n	10001d38 <ph_remove_head+0x13c>
10001d86:	2003      	movs	r0, #3
10001d88:	4350      	muls	r0, r2
10001d8a:	3803      	subs	r0, #3
10001d8c:	1809      	adds	r1, r1, r0
10001d8e:	2000      	movs	r0, #0
10001d90:	784f      	ldrb	r7, [r1, #1]
10001d92:	7048      	strb	r0, [r1, #1]
10001d94:	7058      	strb	r0, [r3, #1]
10001d96:	9903      	ldr	r1, [sp, #12]
10001d98:	0028      	movs	r0, r5
10001d9a:	f7ff fd23 	bl	100017e4 <ph_merge_nodes>
10001d9e:	0039      	movs	r1, r7
10001da0:	9002      	str	r0, [sp, #8]
10001da2:	0028      	movs	r0, r5
10001da4:	f7ff fe28 	bl	100019f8 <ph_merge_two_pass>
10001da8:	9902      	ldr	r1, [sp, #8]
10001daa:	0002      	movs	r2, r0
10001dac:	0028      	movs	r0, r5
10001dae:	f7ff fd19 	bl	100017e4 <ph_merge_nodes>
10001db2:	9003      	str	r0, [sp, #12]
10001db4:	e7e0      	b.n	10001d78 <ph_remove_head+0x17c>
10001db6:	46c0      	nop			; (mov r8, r8)

10001db8 <ph_remove_and_free_node>:
10001db8:	b570      	push	{r4, r5, r6, lr}
10001dba:	0004      	movs	r4, r0
10001dbc:	2900      	cmp	r1, #0
10001dbe:	d02c      	beq.n	10001e1a <ph_remove_and_free_node+0x62>
10001dc0:	7b43      	ldrb	r3, [r0, #13]
10001dc2:	428b      	cmp	r3, r1
10001dc4:	d02e      	beq.n	10001e24 <ph_remove_and_free_node+0x6c>
10001dc6:	6805      	ldr	r5, [r0, #0]
10001dc8:	0048      	lsls	r0, r1, #1
10001dca:	1840      	adds	r0, r0, r1
10001dcc:	3803      	subs	r0, #3
10001dce:	1828      	adds	r0, r5, r0
10001dd0:	7882      	ldrb	r2, [r0, #2]
10001dd2:	2a00      	cmp	r2, #0
10001dd4:	d021      	beq.n	10001e1a <ph_remove_and_free_node+0x62>
10001dd6:	0053      	lsls	r3, r2, #1
10001dd8:	189b      	adds	r3, r3, r2
10001dda:	3b03      	subs	r3, #3
10001ddc:	18eb      	adds	r3, r5, r3
10001dde:	781a      	ldrb	r2, [r3, #0]
10001de0:	428a      	cmp	r2, r1
10001de2:	d102      	bne.n	10001dea <ph_remove_and_free_node+0x32>
10001de4:	e01b      	b.n	10001e1e <ph_remove_and_free_node+0x66>
10001de6:	2a00      	cmp	r2, #0
10001de8:	d008      	beq.n	10001dfc <ph_remove_and_free_node+0x44>
10001dea:	0053      	lsls	r3, r2, #1
10001dec:	189b      	adds	r3, r3, r2
10001dee:	3b03      	subs	r3, #3
10001df0:	18eb      	adds	r3, r5, r3
10001df2:	785a      	ldrb	r2, [r3, #1]
10001df4:	428a      	cmp	r2, r1
10001df6:	d1f6      	bne.n	10001de6 <ph_remove_and_free_node+0x2e>
10001df8:	7842      	ldrb	r2, [r0, #1]
10001dfa:	705a      	strb	r2, [r3, #1]
10001dfc:	2300      	movs	r3, #0
10001dfe:	2201      	movs	r2, #1
10001e00:	7083      	strb	r3, [r0, #2]
10001e02:	7043      	strb	r3, [r0, #1]
10001e04:	0020      	movs	r0, r4
10001e06:	f7ff fe1d 	bl	10001a44 <ph_remove_any_head>
10001e0a:	7b61      	ldrb	r1, [r4, #13]
10001e0c:	0002      	movs	r2, r0
10001e0e:	0020      	movs	r0, r4
10001e10:	f7ff fce8 	bl	100017e4 <ph_merge_nodes>
10001e14:	7360      	strb	r0, [r4, #13]
10001e16:	2001      	movs	r0, #1
10001e18:	e000      	b.n	10001e1c <ph_remove_and_free_node+0x64>
10001e1a:	2000      	movs	r0, #0
10001e1c:	bd70      	pop	{r4, r5, r6, pc}
10001e1e:	7842      	ldrb	r2, [r0, #1]
10001e20:	701a      	strb	r2, [r3, #0]
10001e22:	e7eb      	b.n	10001dfc <ph_remove_and_free_node+0x44>
10001e24:	2201      	movs	r2, #1
10001e26:	0019      	movs	r1, r3
10001e28:	f7ff fe0c 	bl	10001a44 <ph_remove_any_head>
10001e2c:	7360      	strb	r0, [r4, #13]
10001e2e:	2001      	movs	r0, #1
10001e30:	e7f4      	b.n	10001e1c <ph_remove_and_free_node+0x64>
10001e32:	46c0      	nop			; (mov r8, r8)

10001e34 <mutex_init>:
10001e34:	b510      	push	{r4, lr}
10001e36:	0004      	movs	r4, r0
10001e38:	f7fe fdb6 	bl	100009a8 <next_striped_spin_lock_num>
10001e3c:	0001      	movs	r1, r0
10001e3e:	0020      	movs	r0, r4
10001e40:	f7ff f872 	bl	10000f28 <lock_init>
10001e44:	23ff      	movs	r3, #255	; 0xff
10001e46:	7123      	strb	r3, [r4, #4]
10001e48:	f3bf 8f5f 	dmb	sy
10001e4c:	bd10      	pop	{r4, pc}
10001e4e:	46c0      	nop			; (mov r8, r8)

10001e50 <recursive_mutex_init>:
10001e50:	b510      	push	{r4, lr}
10001e52:	0004      	movs	r4, r0
10001e54:	f7fe fda8 	bl	100009a8 <next_striped_spin_lock_num>
10001e58:	0001      	movs	r1, r0
10001e5a:	0020      	movs	r0, r4
10001e5c:	f7ff f864 	bl	10000f28 <lock_init>
10001e60:	23ff      	movs	r3, #255	; 0xff
10001e62:	80a3      	strh	r3, [r4, #4]
10001e64:	f3bf 8f5f 	dmb	sy
10001e68:	bd10      	pop	{r4, pc}
10001e6a:	46c0      	nop			; (mov r8, r8)

10001e6c <critical_section_init>:
10001e6c:	b510      	push	{r4, lr}
10001e6e:	0004      	movs	r4, r0
10001e70:	2001      	movs	r0, #1
10001e72:	f7fe fda5 	bl	100009c0 <spin_lock_claim_unused>
10001e76:	4b04      	ldr	r3, [pc, #16]	; (10001e88 <critical_section_init+0x1c>)
10001e78:	469c      	mov	ip, r3
10001e7a:	4460      	add	r0, ip
10001e7c:	0080      	lsls	r0, r0, #2
10001e7e:	6020      	str	r0, [r4, #0]
10001e80:	f3bf 8f5f 	dmb	sy
10001e84:	bd10      	pop	{r4, pc}
10001e86:	46c0      	nop			; (mov r8, r8)
10001e88:	34000040 	.word	0x34000040

10001e8c <runtime_init>:
10001e8c:	4b2d      	ldr	r3, [pc, #180]	; (10001f44 <runtime_init+0xb8>)
10001e8e:	4a2e      	ldr	r2, [pc, #184]	; (10001f48 <runtime_init+0xbc>)
10001e90:	b570      	push	{r4, r5, r6, lr}
10001e92:	601a      	str	r2, [r3, #0]
10001e94:	4a2d      	ldr	r2, [pc, #180]	; (10001f4c <runtime_init+0xc0>)
10001e96:	4b2e      	ldr	r3, [pc, #184]	; (10001f50 <runtime_init+0xc4>)
10001e98:	492e      	ldr	r1, [pc, #184]	; (10001f54 <runtime_init+0xc8>)
10001e9a:	601a      	str	r2, [r3, #0]
10001e9c:	0010      	movs	r0, r2
10001e9e:	688b      	ldr	r3, [r1, #8]
10001ea0:	4398      	bics	r0, r3
10001ea2:	d1fb      	bne.n	10001e9c <runtime_init+0x10>
10001ea4:	4c2c      	ldr	r4, [pc, #176]	; (10001f58 <runtime_init+0xcc>)
10001ea6:	4b2d      	ldr	r3, [pc, #180]	; (10001f5c <runtime_init+0xd0>)
10001ea8:	429c      	cmp	r4, r3
10001eaa:	d209      	bcs.n	10001ec0 <runtime_init+0x34>
10001eac:	3b01      	subs	r3, #1
10001eae:	1b1d      	subs	r5, r3, r4
10001eb0:	08ad      	lsrs	r5, r5, #2
10001eb2:	3501      	adds	r5, #1
10001eb4:	00ad      	lsls	r5, r5, #2
10001eb6:	192d      	adds	r5, r5, r4
10001eb8:	cc08      	ldmia	r4!, {r3}
10001eba:	4798      	blx	r3
10001ebc:	42ac      	cmp	r4, r5
10001ebe:	d1fb      	bne.n	10001eb8 <runtime_init+0x2c>
10001ec0:	f000 f87e 	bl	10001fc0 <clocks_init>
10001ec4:	4a26      	ldr	r2, [pc, #152]	; (10001f60 <runtime_init+0xd4>)
10001ec6:	4b22      	ldr	r3, [pc, #136]	; (10001f50 <runtime_init+0xc4>)
10001ec8:	601a      	str	r2, [r3, #0]
10001eca:	4a22      	ldr	r2, [pc, #136]	; (10001f54 <runtime_init+0xc8>)
10001ecc:	6893      	ldr	r3, [r2, #8]
10001ece:	01db      	lsls	r3, r3, #7
10001ed0:	3380      	adds	r3, #128	; 0x80
10001ed2:	d1fb      	bne.n	10001ecc <runtime_init+0x40>
10001ed4:	2240      	movs	r2, #64	; 0x40
10001ed6:	4b23      	ldr	r3, [pc, #140]	; (10001f64 <runtime_init+0xd8>)
10001ed8:	4d23      	ldr	r5, [pc, #140]	; (10001f68 <runtime_init+0xdc>)
10001eda:	4824      	ldr	r0, [pc, #144]	; (10001f6c <runtime_init+0xe0>)
10001edc:	679a      	str	r2, [r3, #120]	; 0x78
10001ede:	675a      	str	r2, [r3, #116]	; 0x74
10001ee0:	671a      	str	r2, [r3, #112]	; 0x70
10001ee2:	66da      	str	r2, [r3, #108]	; 0x6c
10001ee4:	42a8      	cmp	r0, r5
10001ee6:	d305      	bcc.n	10001ef4 <runtime_init+0x68>
10001ee8:	e00e      	b.n	10001f08 <runtime_init+0x7c>
10001eea:	f7ff ffb1 	bl	10001e50 <recursive_mutex_init>
10001eee:	0020      	movs	r0, r4
10001ef0:	42ac      	cmp	r4, r5
10001ef2:	d209      	bcs.n	10001f08 <runtime_init+0x7c>
10001ef4:	0004      	movs	r4, r0
10001ef6:	6803      	ldr	r3, [r0, #0]
10001ef8:	3408      	adds	r4, #8
10001efa:	2b00      	cmp	r3, #0
10001efc:	d1f5      	bne.n	10001eea <runtime_init+0x5e>
10001efe:	f7ff ff99 	bl	10001e34 <mutex_init>
10001f02:	0020      	movs	r0, r4
10001f04:	42ac      	cmp	r4, r5
10001f06:	d3f5      	bcc.n	10001ef4 <runtime_init+0x68>
10001f08:	4c19      	ldr	r4, [pc, #100]	; (10001f70 <runtime_init+0xe4>)
10001f0a:	4d1a      	ldr	r5, [pc, #104]	; (10001f74 <runtime_init+0xe8>)
10001f0c:	68a1      	ldr	r1, [r4, #8]
10001f0e:	22c0      	movs	r2, #192	; 0xc0
10001f10:	0028      	movs	r0, r5
10001f12:	f000 fbd3 	bl	100026bc <__wrap___aeabi_memcpy>
10001f16:	60a5      	str	r5, [r4, #8]
10001f18:	f7fe fd38 	bl	1000098c <spin_locks_reset>
10001f1c:	f7fe ffda 	bl	10000ed4 <irq_init_priorities>
10001f20:	f7ff f9ae 	bl	10001280 <alarm_pool_init_default>
10001f24:	4c14      	ldr	r4, [pc, #80]	; (10001f78 <runtime_init+0xec>)
10001f26:	4b15      	ldr	r3, [pc, #84]	; (10001f7c <runtime_init+0xf0>)
10001f28:	429c      	cmp	r4, r3
10001f2a:	d209      	bcs.n	10001f40 <runtime_init+0xb4>
10001f2c:	3b01      	subs	r3, #1
10001f2e:	1b1d      	subs	r5, r3, r4
10001f30:	08ad      	lsrs	r5, r5, #2
10001f32:	3501      	adds	r5, #1
10001f34:	00ad      	lsls	r5, r5, #2
10001f36:	192d      	adds	r5, r5, r4
10001f38:	cc08      	ldmia	r4!, {r3}
10001f3a:	4798      	blx	r3
10001f3c:	42a5      	cmp	r5, r4
10001f3e:	d1fb      	bne.n	10001f38 <runtime_init+0xac>
10001f40:	bd70      	pop	{r4, r5, r6, pc}
10001f42:	46c0      	nop			; (mov r8, r8)
10001f44:	4000e000 	.word	0x4000e000
10001f48:	fefbcdbf 	.word	0xfefbcdbf
10001f4c:	003c7ffe 	.word	0x003c7ffe
10001f50:	4000f000 	.word	0x4000f000
10001f54:	4000c000 	.word	0x4000c000
10001f58:	20000458 	.word	0x20000458
10001f5c:	20000468 	.word	0x20000468
10001f60:	01ffffff 	.word	0x01ffffff
10001f64:	4001f000 	.word	0x4001f000
10001f68:	20000458 	.word	0x20000458
10001f6c:	20000450 	.word	0x20000450
10001f70:	e000ed00 	.word	0xe000ed00
10001f74:	20000000 	.word	0x20000000
10001f78:	20000468 	.word	0x20000468
10001f7c:	20000470 	.word	0x20000470

10001f80 <exit>:
10001f80:	be00      	bkpt	0x0000
10001f82:	e7fd      	b.n	10001f80 <exit>

10001f84 <panic>:
10001f84:	b40f      	push	{r0, r1, r2, r3}
10001f86:	b500      	push	{lr}
10001f88:	4808      	ldr	r0, [pc, #32]	; (10001fac <panic+0x28>)
10001f8a:	b083      	sub	sp, #12
10001f8c:	f000 fcc8 	bl	10002920 <__wrap_puts>
10001f90:	9b04      	ldr	r3, [sp, #16]
10001f92:	2b00      	cmp	r3, #0
10001f94:	d007      	beq.n	10001fa6 <panic+0x22>
10001f96:	a905      	add	r1, sp, #20
10001f98:	0018      	movs	r0, r3
10001f9a:	9101      	str	r1, [sp, #4]
10001f9c:	f000 fa34 	bl	10002408 <weak_raw_vprintf>
10001fa0:	4803      	ldr	r0, [pc, #12]	; (10001fb0 <panic+0x2c>)
10001fa2:	f000 fcbd 	bl	10002920 <__wrap_puts>
10001fa6:	be00      	bkpt	0x0000
10001fa8:	e7fd      	b.n	10001fa6 <panic+0x22>
10001faa:	46c0      	nop			; (mov r8, r8)
10001fac:	10005508 	.word	0x10005508
10001fb0:	10005518 	.word	0x10005518

10001fb4 <hard_assertion_failure>:
10001fb4:	b510      	push	{r4, lr}
10001fb6:	4801      	ldr	r0, [pc, #4]	; (10001fbc <hard_assertion_failure+0x8>)
10001fb8:	f7ff ffe4 	bl	10001f84 <panic>
10001fbc:	100054fc 	.word	0x100054fc

10001fc0 <clocks_init>:
10001fc0:	b530      	push	{r4, r5, lr}
10001fc2:	200c      	movs	r0, #12
10001fc4:	b083      	sub	sp, #12
10001fc6:	f000 f9af 	bl	10002328 <watchdog_start_tick>
10001fca:	f7fe fcd7 	bl	1000097c <running_on_fpga>
10001fce:	2800      	cmp	r0, #0
10001fd0:	d00e      	beq.n	10001ff0 <clocks_init+0x30>
10001fd2:	4b94      	ldr	r3, [pc, #592]	; (10002224 <clocks_init+0x264>)
10001fd4:	4a94      	ldr	r2, [pc, #592]	; (10002228 <clocks_init+0x268>)
10001fd6:	601a      	str	r2, [r3, #0]
10001fd8:	605a      	str	r2, [r3, #4]
10001fda:	609a      	str	r2, [r3, #8]
10001fdc:	60da      	str	r2, [r3, #12]
10001fde:	611a      	str	r2, [r3, #16]
10001fe0:	615a      	str	r2, [r3, #20]
10001fe2:	619a      	str	r2, [r3, #24]
10001fe4:	61da      	str	r2, [r3, #28]
10001fe6:	621a      	str	r2, [r3, #32]
10001fe8:	4a90      	ldr	r2, [pc, #576]	; (1000222c <clocks_init+0x26c>)
10001fea:	625a      	str	r2, [r3, #36]	; 0x24
10001fec:	b003      	add	sp, #12
10001fee:	bd30      	pop	{r4, r5, pc}
10001ff0:	4c8f      	ldr	r4, [pc, #572]	; (10002230 <clocks_init+0x270>)
10001ff2:	67a0      	str	r0, [r4, #120]	; 0x78
10001ff4:	f000 f9ec 	bl	100023d0 <xosc_init>
10001ff8:	2201      	movs	r2, #1
10001ffa:	4b8e      	ldr	r3, [pc, #568]	; (10002234 <clocks_init+0x274>)
10001ffc:	601a      	str	r2, [r3, #0]
10001ffe:	6c63      	ldr	r3, [r4, #68]	; 0x44
10002000:	2b01      	cmp	r3, #1
10002002:	d1fc      	bne.n	10001ffe <clocks_init+0x3e>
10002004:	2203      	movs	r2, #3
10002006:	4b8c      	ldr	r3, [pc, #560]	; (10002238 <clocks_init+0x278>)
10002008:	601a      	str	r2, [r3, #0]
1000200a:	4a89      	ldr	r2, [pc, #548]	; (10002230 <clocks_init+0x270>)
1000200c:	6b93      	ldr	r3, [r2, #56]	; 0x38
1000200e:	2b01      	cmp	r3, #1
10002010:	d1fc      	bne.n	1000200c <clocks_init+0x4c>
10002012:	3301      	adds	r3, #1
10002014:	9300      	str	r3, [sp, #0]
10002016:	4a89      	ldr	r2, [pc, #548]	; (1000223c <clocks_init+0x27c>)
10002018:	3304      	adds	r3, #4
1000201a:	2101      	movs	r1, #1
1000201c:	4888      	ldr	r0, [pc, #544]	; (10002240 <clocks_init+0x280>)
1000201e:	f000 f92f 	bl	10002280 <pll_init>
10002022:	2305      	movs	r3, #5
10002024:	4a87      	ldr	r2, [pc, #540]	; (10002244 <clocks_init+0x284>)
10002026:	9300      	str	r3, [sp, #0]
10002028:	2101      	movs	r1, #1
1000202a:	4887      	ldr	r0, [pc, #540]	; (10002248 <clocks_init+0x288>)
1000202c:	f000 f928 	bl	10002280 <pll_init>
10002030:	4b86      	ldr	r3, [pc, #536]	; (1000224c <clocks_init+0x28c>)
10002032:	685a      	ldr	r2, [r3, #4]
10002034:	2aff      	cmp	r2, #255	; 0xff
10002036:	d802      	bhi.n	1000203e <clocks_init+0x7e>
10002038:	2280      	movs	r2, #128	; 0x80
1000203a:	0052      	lsls	r2, r2, #1
1000203c:	605a      	str	r2, [r3, #4]
1000203e:	2280      	movs	r2, #128	; 0x80
10002040:	4c78      	ldr	r4, [pc, #480]	; (10002224 <clocks_init+0x264>)
10002042:	4b7d      	ldr	r3, [pc, #500]	; (10002238 <clocks_init+0x278>)
10002044:	6921      	ldr	r1, [r4, #16]
10002046:	0112      	lsls	r2, r2, #4
10002048:	4d80      	ldr	r5, [pc, #512]	; (1000224c <clocks_init+0x28c>)
1000204a:	601a      	str	r2, [r3, #0]
1000204c:	2900      	cmp	r1, #0
1000204e:	d005      	beq.n	1000205c <clocks_init+0x9c>
10002050:	6960      	ldr	r0, [r4, #20]
10002052:	f000 fa27 	bl	100024a4 <__wrap___aeabi_uidiv>
10002056:	3001      	adds	r0, #1
10002058:	3801      	subs	r0, #1
1000205a:	d1fd      	bne.n	10002058 <clocks_init+0x98>
1000205c:	21e0      	movs	r1, #224	; 0xe0
1000205e:	4b7b      	ldr	r3, [pc, #492]	; (1000224c <clocks_init+0x28c>)
10002060:	2002      	movs	r0, #2
10002062:	681a      	ldr	r2, [r3, #0]
10002064:	4011      	ands	r1, r2
10002066:	2280      	movs	r2, #128	; 0x80
10002068:	0152      	lsls	r2, r2, #5
1000206a:	432a      	orrs	r2, r5
1000206c:	6011      	str	r1, [r2, #0]
1000206e:	6819      	ldr	r1, [r3, #0]
10002070:	4048      	eors	r0, r1
10002072:	2103      	movs	r1, #3
10002074:	4001      	ands	r1, r0
10002076:	6011      	str	r1, [r2, #0]
10002078:	2104      	movs	r1, #4
1000207a:	689a      	ldr	r2, [r3, #8]
1000207c:	4211      	tst	r1, r2
1000207e:	d0fc      	beq.n	1000207a <clocks_init+0xba>
10002080:	2280      	movs	r2, #128	; 0x80
10002082:	2180      	movs	r1, #128	; 0x80
10002084:	0192      	lsls	r2, r2, #6
10002086:	432a      	orrs	r2, r5
10002088:	0109      	lsls	r1, r1, #4
1000208a:	6011      	str	r1, [r2, #0]
1000208c:	2280      	movs	r2, #128	; 0x80
1000208e:	0052      	lsls	r2, r2, #1
10002090:	605a      	str	r2, [r3, #4]
10002092:	4b6f      	ldr	r3, [pc, #444]	; (10002250 <clocks_init+0x290>)
10002094:	6123      	str	r3, [r4, #16]
10002096:	4b6f      	ldr	r3, [pc, #444]	; (10002254 <clocks_init+0x294>)
10002098:	6859      	ldr	r1, [r3, #4]
1000209a:	29ff      	cmp	r1, #255	; 0xff
1000209c:	d800      	bhi.n	100020a0 <clocks_init+0xe0>
1000209e:	605a      	str	r2, [r3, #4]
100020a0:	2203      	movs	r2, #3
100020a2:	486c      	ldr	r0, [pc, #432]	; (10002254 <clocks_init+0x294>)
100020a4:	4b63      	ldr	r3, [pc, #396]	; (10002234 <clocks_init+0x274>)
100020a6:	2101      	movs	r1, #1
100020a8:	601a      	str	r2, [r3, #0]
100020aa:	0002      	movs	r2, r0
100020ac:	6893      	ldr	r3, [r2, #8]
100020ae:	4219      	tst	r1, r3
100020b0:	d0fc      	beq.n	100020ac <clocks_init+0xec>
100020b2:	25e0      	movs	r5, #224	; 0xe0
100020b4:	6813      	ldr	r3, [r2, #0]
100020b6:	401d      	ands	r5, r3
100020b8:	2380      	movs	r3, #128	; 0x80
100020ba:	015b      	lsls	r3, r3, #5
100020bc:	4303      	orrs	r3, r0
100020be:	601d      	str	r5, [r3, #0]
100020c0:	6812      	ldr	r2, [r2, #0]
100020c2:	404a      	eors	r2, r1
100020c4:	2103      	movs	r1, #3
100020c6:	4011      	ands	r1, r2
100020c8:	6019      	str	r1, [r3, #0]
100020ca:	2102      	movs	r1, #2
100020cc:	4a61      	ldr	r2, [pc, #388]	; (10002254 <clocks_init+0x294>)
100020ce:	6893      	ldr	r3, [r2, #8]
100020d0:	4219      	tst	r1, r3
100020d2:	d0fc      	beq.n	100020ce <clocks_init+0x10e>
100020d4:	2380      	movs	r3, #128	; 0x80
100020d6:	2180      	movs	r1, #128	; 0x80
100020d8:	019b      	lsls	r3, r3, #6
100020da:	4303      	orrs	r3, r0
100020dc:	0109      	lsls	r1, r1, #4
100020de:	6019      	str	r1, [r3, #0]
100020e0:	2180      	movs	r1, #128	; 0x80
100020e2:	4b5d      	ldr	r3, [pc, #372]	; (10002258 <clocks_init+0x298>)
100020e4:	0049      	lsls	r1, r1, #1
100020e6:	6051      	str	r1, [r2, #4]
100020e8:	6163      	str	r3, [r4, #20]
100020ea:	4b5c      	ldr	r3, [pc, #368]	; (1000225c <clocks_init+0x29c>)
100020ec:	685a      	ldr	r2, [r3, #4]
100020ee:	2aff      	cmp	r2, #255	; 0xff
100020f0:	d800      	bhi.n	100020f4 <clocks_init+0x134>
100020f2:	6059      	str	r1, [r3, #4]
100020f4:	2280      	movs	r2, #128	; 0x80
100020f6:	4b5a      	ldr	r3, [pc, #360]	; (10002260 <clocks_init+0x2a0>)
100020f8:	69e1      	ldr	r1, [r4, #28]
100020fa:	0112      	lsls	r2, r2, #4
100020fc:	4d57      	ldr	r5, [pc, #348]	; (1000225c <clocks_init+0x29c>)
100020fe:	601a      	str	r2, [r3, #0]
10002100:	2900      	cmp	r1, #0
10002102:	d005      	beq.n	10002110 <clocks_init+0x150>
10002104:	6960      	ldr	r0, [r4, #20]
10002106:	f000 f9cd 	bl	100024a4 <__wrap___aeabi_uidiv>
1000210a:	3001      	adds	r0, #1
1000210c:	3801      	subs	r0, #1
1000210e:	d1fd      	bne.n	1000210c <clocks_init+0x14c>
10002110:	22e0      	movs	r2, #224	; 0xe0
10002112:	4952      	ldr	r1, [pc, #328]	; (1000225c <clocks_init+0x29c>)
10002114:	680b      	ldr	r3, [r1, #0]
10002116:	401a      	ands	r2, r3
10002118:	2380      	movs	r3, #128	; 0x80
1000211a:	015b      	lsls	r3, r3, #5
1000211c:	432b      	orrs	r3, r5
1000211e:	601a      	str	r2, [r3, #0]
10002120:	2380      	movs	r3, #128	; 0x80
10002122:	2280      	movs	r2, #128	; 0x80
10002124:	019b      	lsls	r3, r3, #6
10002126:	432b      	orrs	r3, r5
10002128:	0112      	lsls	r2, r2, #4
1000212a:	601a      	str	r2, [r3, #0]
1000212c:	2280      	movs	r2, #128	; 0x80
1000212e:	4b3e      	ldr	r3, [pc, #248]	; (10002228 <clocks_init+0x268>)
10002130:	0052      	lsls	r2, r2, #1
10002132:	604a      	str	r2, [r1, #4]
10002134:	61e3      	str	r3, [r4, #28]
10002136:	4b4b      	ldr	r3, [pc, #300]	; (10002264 <clocks_init+0x2a4>)
10002138:	6859      	ldr	r1, [r3, #4]
1000213a:	29ff      	cmp	r1, #255	; 0xff
1000213c:	d800      	bhi.n	10002140 <clocks_init+0x180>
1000213e:	605a      	str	r2, [r3, #4]
10002140:	2280      	movs	r2, #128	; 0x80
10002142:	4b49      	ldr	r3, [pc, #292]	; (10002268 <clocks_init+0x2a8>)
10002144:	6a21      	ldr	r1, [r4, #32]
10002146:	0112      	lsls	r2, r2, #4
10002148:	4d46      	ldr	r5, [pc, #280]	; (10002264 <clocks_init+0x2a4>)
1000214a:	601a      	str	r2, [r3, #0]
1000214c:	2900      	cmp	r1, #0
1000214e:	d005      	beq.n	1000215c <clocks_init+0x19c>
10002150:	6960      	ldr	r0, [r4, #20]
10002152:	f000 f9a7 	bl	100024a4 <__wrap___aeabi_uidiv>
10002156:	3001      	adds	r0, #1
10002158:	3801      	subs	r0, #1
1000215a:	d1fd      	bne.n	10002158 <clocks_init+0x198>
1000215c:	22e0      	movs	r2, #224	; 0xe0
1000215e:	4941      	ldr	r1, [pc, #260]	; (10002264 <clocks_init+0x2a4>)
10002160:	680b      	ldr	r3, [r1, #0]
10002162:	401a      	ands	r2, r3
10002164:	2380      	movs	r3, #128	; 0x80
10002166:	015b      	lsls	r3, r3, #5
10002168:	432b      	orrs	r3, r5
1000216a:	601a      	str	r2, [r3, #0]
1000216c:	2380      	movs	r3, #128	; 0x80
1000216e:	2280      	movs	r2, #128	; 0x80
10002170:	019b      	lsls	r3, r3, #6
10002172:	432b      	orrs	r3, r5
10002174:	0112      	lsls	r2, r2, #4
10002176:	601a      	str	r2, [r3, #0]
10002178:	2380      	movs	r3, #128	; 0x80
1000217a:	005b      	lsls	r3, r3, #1
1000217c:	604b      	str	r3, [r1, #4]
1000217e:	4b2a      	ldr	r3, [pc, #168]	; (10002228 <clocks_init+0x268>)
10002180:	4a3a      	ldr	r2, [pc, #232]	; (1000226c <clocks_init+0x2ac>)
10002182:	6223      	str	r3, [r4, #32]
10002184:	4b3a      	ldr	r3, [pc, #232]	; (10002270 <clocks_init+0x2b0>)
10002186:	6859      	ldr	r1, [r3, #4]
10002188:	4291      	cmp	r1, r2
1000218a:	d801      	bhi.n	10002190 <clocks_init+0x1d0>
1000218c:	3201      	adds	r2, #1
1000218e:	605a      	str	r2, [r3, #4]
10002190:	2280      	movs	r2, #128	; 0x80
10002192:	4b38      	ldr	r3, [pc, #224]	; (10002274 <clocks_init+0x2b4>)
10002194:	6a61      	ldr	r1, [r4, #36]	; 0x24
10002196:	0112      	lsls	r2, r2, #4
10002198:	4d35      	ldr	r5, [pc, #212]	; (10002270 <clocks_init+0x2b0>)
1000219a:	601a      	str	r2, [r3, #0]
1000219c:	2900      	cmp	r1, #0
1000219e:	d005      	beq.n	100021ac <clocks_init+0x1ec>
100021a0:	6960      	ldr	r0, [r4, #20]
100021a2:	f000 f97f 	bl	100024a4 <__wrap___aeabi_uidiv>
100021a6:	3001      	adds	r0, #1
100021a8:	3801      	subs	r0, #1
100021aa:	d1fd      	bne.n	100021a8 <clocks_init+0x1e8>
100021ac:	22e0      	movs	r2, #224	; 0xe0
100021ae:	4930      	ldr	r1, [pc, #192]	; (10002270 <clocks_init+0x2b0>)
100021b0:	680b      	ldr	r3, [r1, #0]
100021b2:	401a      	ands	r2, r3
100021b4:	2380      	movs	r3, #128	; 0x80
100021b6:	015b      	lsls	r3, r3, #5
100021b8:	432b      	orrs	r3, r5
100021ba:	601a      	str	r2, [r3, #0]
100021bc:	2380      	movs	r3, #128	; 0x80
100021be:	2280      	movs	r2, #128	; 0x80
100021c0:	019b      	lsls	r3, r3, #6
100021c2:	432b      	orrs	r3, r5
100021c4:	0112      	lsls	r2, r2, #4
100021c6:	601a      	str	r2, [r3, #0]
100021c8:	2380      	movs	r3, #128	; 0x80
100021ca:	02db      	lsls	r3, r3, #11
100021cc:	604b      	str	r3, [r1, #4]
100021ce:	4b17      	ldr	r3, [pc, #92]	; (1000222c <clocks_init+0x26c>)
100021d0:	6263      	str	r3, [r4, #36]	; 0x24
100021d2:	4b29      	ldr	r3, [pc, #164]	; (10002278 <clocks_init+0x2b8>)
100021d4:	685a      	ldr	r2, [r3, #4]
100021d6:	2aff      	cmp	r2, #255	; 0xff
100021d8:	d802      	bhi.n	100021e0 <clocks_init+0x220>
100021da:	2280      	movs	r2, #128	; 0x80
100021dc:	0052      	lsls	r2, r2, #1
100021de:	605a      	str	r2, [r3, #4]
100021e0:	2280      	movs	r2, #128	; 0x80
100021e2:	4b26      	ldr	r3, [pc, #152]	; (1000227c <clocks_init+0x2bc>)
100021e4:	69a1      	ldr	r1, [r4, #24]
100021e6:	0112      	lsls	r2, r2, #4
100021e8:	4d23      	ldr	r5, [pc, #140]	; (10002278 <clocks_init+0x2b8>)
100021ea:	601a      	str	r2, [r3, #0]
100021ec:	2900      	cmp	r1, #0
100021ee:	d005      	beq.n	100021fc <clocks_init+0x23c>
100021f0:	6960      	ldr	r0, [r4, #20]
100021f2:	f000 f957 	bl	100024a4 <__wrap___aeabi_uidiv>
100021f6:	3001      	adds	r0, #1
100021f8:	3801      	subs	r0, #1
100021fa:	d1fd      	bne.n	100021f8 <clocks_init+0x238>
100021fc:	22e0      	movs	r2, #224	; 0xe0
100021fe:	491e      	ldr	r1, [pc, #120]	; (10002278 <clocks_init+0x2b8>)
10002200:	680b      	ldr	r3, [r1, #0]
10002202:	401a      	ands	r2, r3
10002204:	2380      	movs	r3, #128	; 0x80
10002206:	015b      	lsls	r3, r3, #5
10002208:	432b      	orrs	r3, r5
1000220a:	601a      	str	r2, [r3, #0]
1000220c:	2380      	movs	r3, #128	; 0x80
1000220e:	2280      	movs	r2, #128	; 0x80
10002210:	019b      	lsls	r3, r3, #6
10002212:	432b      	orrs	r3, r5
10002214:	0112      	lsls	r2, r2, #4
10002216:	601a      	str	r2, [r3, #0]
10002218:	2380      	movs	r3, #128	; 0x80
1000221a:	005b      	lsls	r3, r3, #1
1000221c:	604b      	str	r3, [r1, #4]
1000221e:	4b0e      	ldr	r3, [pc, #56]	; (10002258 <clocks_init+0x298>)
10002220:	61a3      	str	r3, [r4, #24]
10002222:	e6e3      	b.n	10001fec <clocks_init+0x2c>
10002224:	20000a44 	.word	0x20000a44
10002228:	02dc6c00 	.word	0x02dc6c00
1000222c:	0000b71b 	.word	0x0000b71b
10002230:	40008000 	.word	0x40008000
10002234:	4000b03c 	.word	0x4000b03c
10002238:	4000b030 	.word	0x4000b030
1000223c:	59682f00 	.word	0x59682f00
10002240:	40028000 	.word	0x40028000
10002244:	47868c00 	.word	0x47868c00
10002248:	4002c000 	.word	0x4002c000
1000224c:	40008030 	.word	0x40008030
10002250:	00b71b00 	.word	0x00b71b00
10002254:	4000803c 	.word	0x4000803c
10002258:	07735940 	.word	0x07735940
1000225c:	40008054 	.word	0x40008054
10002260:	4000b054 	.word	0x4000b054
10002264:	40008060 	.word	0x40008060
10002268:	4000b060 	.word	0x4000b060
1000226c:	0003ffff 	.word	0x0003ffff
10002270:	4000806c 	.word	0x4000806c
10002274:	4000b06c 	.word	0x4000b06c
10002278:	40008048 	.word	0x40008048
1000227c:	4000b048 	.word	0x4000b048

10002280 <pll_init>:
10002280:	b5f8      	push	{r3, r4, r5, r6, r7, lr}
10002282:	0004      	movs	r4, r0
10002284:	200c      	movs	r0, #12
10002286:	001e      	movs	r6, r3
10002288:	0017      	movs	r7, r2
1000228a:	000d      	movs	r5, r1
1000228c:	f000 f90a 	bl	100024a4 <__wrap___aeabi_uidiv>
10002290:	0142      	lsls	r2, r0, #5
10002292:	1a12      	subs	r2, r2, r0
10002294:	0191      	lsls	r1, r2, #6
10002296:	1a89      	subs	r1, r1, r2
10002298:	00c9      	lsls	r1, r1, #3
1000229a:	1809      	adds	r1, r1, r0
1000229c:	0189      	lsls	r1, r1, #6
1000229e:	0038      	movs	r0, r7
100022a0:	f000 f900 	bl	100024a4 <__wrap___aeabi_uidiv>
100022a4:	9b06      	ldr	r3, [sp, #24]
100022a6:	6822      	ldr	r2, [r4, #0]
100022a8:	0436      	lsls	r6, r6, #16
100022aa:	031b      	lsls	r3, r3, #12
100022ac:	4333      	orrs	r3, r6
100022ae:	2a00      	cmp	r2, #0
100022b0:	db21      	blt.n	100022f6 <pll_init+0x76>
100022b2:	4a19      	ldr	r2, [pc, #100]	; (10002318 <pll_init+0x98>)
100022b4:	4e19      	ldr	r6, [pc, #100]	; (1000231c <pll_init+0x9c>)
100022b6:	18a2      	adds	r2, r4, r2
100022b8:	4251      	negs	r1, r2
100022ba:	414a      	adcs	r2, r1
100022bc:	2180      	movs	r1, #128	; 0x80
100022be:	0149      	lsls	r1, r1, #5
100022c0:	468c      	mov	ip, r1
100022c2:	4252      	negs	r2, r2
100022c4:	400a      	ands	r2, r1
100022c6:	4916      	ldr	r1, [pc, #88]	; (10002320 <pll_init+0xa0>)
100022c8:	4462      	add	r2, ip
100022ca:	600a      	str	r2, [r1, #0]
100022cc:	4915      	ldr	r1, [pc, #84]	; (10002324 <pll_init+0xa4>)
100022ce:	600a      	str	r2, [r1, #0]
100022d0:	0017      	movs	r7, r2
100022d2:	68b1      	ldr	r1, [r6, #8]
100022d4:	438f      	bics	r7, r1
100022d6:	d1fb      	bne.n	100022d0 <pll_init+0x50>
100022d8:	21c0      	movs	r1, #192	; 0xc0
100022da:	1d22      	adds	r2, r4, #4
100022dc:	0189      	lsls	r1, r1, #6
100022de:	4311      	orrs	r1, r2
100022e0:	2221      	movs	r2, #33	; 0x21
100022e2:	6025      	str	r5, [r4, #0]
100022e4:	60a0      	str	r0, [r4, #8]
100022e6:	600a      	str	r2, [r1, #0]
100022e8:	6822      	ldr	r2, [r4, #0]
100022ea:	2a00      	cmp	r2, #0
100022ec:	dafc      	bge.n	100022e8 <pll_init+0x68>
100022ee:	60e3      	str	r3, [r4, #12]
100022f0:	2308      	movs	r3, #8
100022f2:	600b      	str	r3, [r1, #0]
100022f4:	bdf8      	pop	{r3, r4, r5, r6, r7, pc}
100022f6:	223f      	movs	r2, #63	; 0x3f
100022f8:	6821      	ldr	r1, [r4, #0]
100022fa:	400a      	ands	r2, r1
100022fc:	42aa      	cmp	r2, r5
100022fe:	d1d8      	bne.n	100022b2 <pll_init+0x32>
10002300:	68a2      	ldr	r2, [r4, #8]
10002302:	0512      	lsls	r2, r2, #20
10002304:	0d12      	lsrs	r2, r2, #20
10002306:	4282      	cmp	r2, r0
10002308:	d1d3      	bne.n	100022b2 <pll_init+0x32>
1000230a:	21ee      	movs	r1, #238	; 0xee
1000230c:	68e2      	ldr	r2, [r4, #12]
1000230e:	02c9      	lsls	r1, r1, #11
10002310:	400a      	ands	r2, r1
10002312:	429a      	cmp	r2, r3
10002314:	d1cd      	bne.n	100022b2 <pll_init+0x32>
10002316:	e7ed      	b.n	100022f4 <pll_init+0x74>
10002318:	bffd4000 	.word	0xbffd4000
1000231c:	4000c000 	.word	0x4000c000
10002320:	4000e000 	.word	0x4000e000
10002324:	4000f000 	.word	0x4000f000

10002328 <watchdog_start_tick>:
10002328:	2380      	movs	r3, #128	; 0x80
1000232a:	4a02      	ldr	r2, [pc, #8]	; (10002334 <watchdog_start_tick+0xc>)
1000232c:	009b      	lsls	r3, r3, #2
1000232e:	4303      	orrs	r3, r0
10002330:	62d3      	str	r3, [r2, #44]	; 0x2c
10002332:	4770      	bx	lr
10002334:	40058000 	.word	0x40058000

10002338 <watchdog_reboot>:
10002338:	b510      	push	{r4, lr}
1000233a:	2480      	movs	r4, #128	; 0x80
1000233c:	4b1b      	ldr	r3, [pc, #108]	; (100023ac <watchdog_reboot+0x74>)
1000233e:	05e4      	lsls	r4, r4, #23
10002340:	601c      	str	r4, [r3, #0]
10002342:	2800      	cmp	r0, #0
10002344:	d02b      	beq.n	1000239e <watchdog_reboot+0x66>
10002346:	2301      	movs	r3, #1
10002348:	4c19      	ldr	r4, [pc, #100]	; (100023b0 <watchdog_reboot+0x78>)
1000234a:	4318      	orrs	r0, r3
1000234c:	4b19      	ldr	r3, [pc, #100]	; (100023b4 <watchdog_reboot+0x7c>)
1000234e:	61dc      	str	r4, [r3, #28]
10002350:	4c19      	ldr	r4, [pc, #100]	; (100023b8 <watchdog_reboot+0x80>)
10002352:	4044      	eors	r4, r0
10002354:	621c      	str	r4, [r3, #32]
10002356:	6259      	str	r1, [r3, #36]	; 0x24
10002358:	6298      	str	r0, [r3, #40]	; 0x28
1000235a:	2180      	movs	r1, #128	; 0x80
1000235c:	4b13      	ldr	r3, [pc, #76]	; (100023ac <watchdog_reboot+0x74>)
1000235e:	05c9      	lsls	r1, r1, #23
10002360:	6019      	str	r1, [r3, #0]
10002362:	4816      	ldr	r0, [pc, #88]	; (100023bc <watchdog_reboot+0x84>)
10002364:	4916      	ldr	r1, [pc, #88]	; (100023c0 <watchdog_reboot+0x88>)
10002366:	6008      	str	r0, [r1, #0]
10002368:	21e0      	movs	r1, #224	; 0xe0
1000236a:	04c9      	lsls	r1, r1, #19
1000236c:	6019      	str	r1, [r3, #0]
1000236e:	2a00      	cmp	r2, #0
10002370:	d104      	bne.n	1000237c <watchdog_reboot+0x44>
10002372:	2280      	movs	r2, #128	; 0x80
10002374:	4b13      	ldr	r3, [pc, #76]	; (100023c4 <watchdog_reboot+0x8c>)
10002376:	0612      	lsls	r2, r2, #24
10002378:	601a      	str	r2, [r3, #0]
1000237a:	bd10      	pop	{r4, pc}
1000237c:	0153      	lsls	r3, r2, #5
1000237e:	1a9b      	subs	r3, r3, r2
10002380:	009b      	lsls	r3, r3, #2
10002382:	189a      	adds	r2, r3, r2
10002384:	4b10      	ldr	r3, [pc, #64]	; (100023c8 <watchdog_reboot+0x90>)
10002386:	0112      	lsls	r2, r2, #4
10002388:	429a      	cmp	r2, r3
1000238a:	d80b      	bhi.n	100023a4 <watchdog_reboot+0x6c>
1000238c:	4b0f      	ldr	r3, [pc, #60]	; (100023cc <watchdog_reboot+0x94>)
1000238e:	601a      	str	r2, [r3, #0]
10002390:	4b08      	ldr	r3, [pc, #32]	; (100023b4 <watchdog_reboot+0x7c>)
10002392:	605a      	str	r2, [r3, #4]
10002394:	2280      	movs	r2, #128	; 0x80
10002396:	4b0b      	ldr	r3, [pc, #44]	; (100023c4 <watchdog_reboot+0x8c>)
10002398:	05d2      	lsls	r2, r2, #23
1000239a:	601a      	str	r2, [r3, #0]
1000239c:	e7ed      	b.n	1000237a <watchdog_reboot+0x42>
1000239e:	4b05      	ldr	r3, [pc, #20]	; (100023b4 <watchdog_reboot+0x7c>)
100023a0:	61d8      	str	r0, [r3, #28]
100023a2:	e7da      	b.n	1000235a <watchdog_reboot+0x22>
100023a4:	4a09      	ldr	r2, [pc, #36]	; (100023cc <watchdog_reboot+0x94>)
100023a6:	6013      	str	r3, [r2, #0]
100023a8:	001a      	movs	r2, r3
100023aa:	e7f1      	b.n	10002390 <watchdog_reboot+0x58>
100023ac:	4005b000 	.word	0x4005b000
100023b0:	b007c0d3 	.word	0xb007c0d3
100023b4:	40058000 	.word	0x40058000
100023b8:	4ff83f2d 	.word	0x4ff83f2d
100023bc:	0001fffc 	.word	0x0001fffc
100023c0:	40012008 	.word	0x40012008
100023c4:	4005a000 	.word	0x4005a000
100023c8:	00ffffff 	.word	0x00ffffff
100023cc:	20000ee0 	.word	0x20000ee0

100023d0 <xosc_init>:
100023d0:	23aa      	movs	r3, #170	; 0xaa
100023d2:	4a06      	ldr	r2, [pc, #24]	; (100023ec <xosc_init+0x1c>)
100023d4:	011b      	lsls	r3, r3, #4
100023d6:	6013      	str	r3, [r2, #0]
100023d8:	232f      	movs	r3, #47	; 0x2f
100023da:	4905      	ldr	r1, [pc, #20]	; (100023f0 <xosc_init+0x20>)
100023dc:	60d3      	str	r3, [r2, #12]
100023de:	4b05      	ldr	r3, [pc, #20]	; (100023f4 <xosc_init+0x24>)
100023e0:	6019      	str	r1, [r3, #0]
100023e2:	6853      	ldr	r3, [r2, #4]
100023e4:	2b00      	cmp	r3, #0
100023e6:	dafc      	bge.n	100023e2 <xosc_init+0x12>
100023e8:	4770      	bx	lr
100023ea:	46c0      	nop			; (mov r8, r8)
100023ec:	40024000 	.word	0x40024000
100023f0:	00fab000 	.word	0x00fab000
100023f4:	40026000 	.word	0x40026000

100023f8 <_out_char>:
100023f8:	b510      	push	{r4, lr}
100023fa:	2800      	cmp	r0, #0
100023fc:	d100      	bne.n	10002400 <_out_char+0x8>
100023fe:	bd10      	pop	{r4, pc}
10002400:	f000 fa3c 	bl	1000287c <__wrap_putchar>
10002404:	e7fb      	b.n	100023fe <_out_char+0x6>
10002406:	46c0      	nop			; (mov r8, r8)

10002408 <weak_raw_vprintf>:
10002408:	b510      	push	{r4, lr}
1000240a:	4a09      	ldr	r2, [pc, #36]	; (10002430 <weak_raw_vprintf+0x28>)
1000240c:	b084      	sub	sp, #16
1000240e:	6814      	ldr	r4, [r2, #0]
10002410:	2c00      	cmp	r4, #0
10002412:	d009      	beq.n	10002428 <weak_raw_vprintf+0x20>
10002414:	2201      	movs	r2, #1
10002416:	9100      	str	r1, [sp, #0]
10002418:	0003      	movs	r3, r0
1000241a:	4252      	negs	r2, r2
1000241c:	a903      	add	r1, sp, #12
1000241e:	4805      	ldr	r0, [pc, #20]	; (10002434 <weak_raw_vprintf+0x2c>)
10002420:	47a0      	blx	r4
10002422:	2001      	movs	r0, #1
10002424:	b004      	add	sp, #16
10002426:	bd10      	pop	{r4, pc}
10002428:	f000 fa7a 	bl	10002920 <__wrap_puts>
1000242c:	2000      	movs	r0, #0
1000242e:	e7f9      	b.n	10002424 <weak_raw_vprintf+0x1c>
10002430:	20000edc 	.word	0x20000edc
10002434:	100023f9 	.word	0x100023f9

10002438 <__aeabi_bits_init>:
10002438:	4801      	ldr	r0, [pc, #4]	; (10002440 <__aeabi_bits_init+0x8>)
1000243a:	2104      	movs	r1, #4
1000243c:	4b01      	ldr	r3, [pc, #4]	; (10002444 <__aeabi_bits_init+0xc>)
1000243e:	4718      	bx	r3
10002440:	200003f0 	.word	0x200003f0
10002444:	10002469 	.word	0x10002469

10002448 <rom_func_lookup>:
10002448:	2314      	movs	r3, #20
1000244a:	b510      	push	{r4, lr}
1000244c:	0001      	movs	r1, r0
1000244e:	8818      	ldrh	r0, [r3, #0]
10002450:	3304      	adds	r3, #4
10002452:	881b      	ldrh	r3, [r3, #0]
10002454:	4798      	blx	r3
10002456:	bd10      	pop	{r4, pc}

10002458 <rom_data_lookup>:
10002458:	2316      	movs	r3, #22
1000245a:	b510      	push	{r4, lr}
1000245c:	0001      	movs	r1, r0
1000245e:	8818      	ldrh	r0, [r3, #0]
10002460:	3302      	adds	r3, #2
10002462:	881b      	ldrh	r3, [r3, #0]
10002464:	4798      	blx	r3
10002466:	bd10      	pop	{r4, pc}

10002468 <rom_funcs_lookup>:
10002468:	b5f0      	push	{r4, r5, r6, r7, lr}
1000246a:	46c6      	mov	lr, r8
1000246c:	b500      	push	{lr}
1000246e:	2900      	cmp	r1, #0
10002470:	d016      	beq.n	100024a0 <rom_funcs_lookup+0x38>
10002472:	2314      	movs	r3, #20
10002474:	0004      	movs	r4, r0
10002476:	2501      	movs	r5, #1
10002478:	4698      	mov	r8, r3
1000247a:	2718      	movs	r7, #24
1000247c:	0089      	lsls	r1, r1, #2
1000247e:	1846      	adds	r6, r0, r1
10002480:	4643      	mov	r3, r8
10002482:	6821      	ldr	r1, [r4, #0]
10002484:	8818      	ldrh	r0, [r3, #0]
10002486:	883b      	ldrh	r3, [r7, #0]
10002488:	4798      	blx	r3
1000248a:	c401      	stmia	r4!, {r0}
1000248c:	1e43      	subs	r3, r0, #1
1000248e:	4198      	sbcs	r0, r3
10002490:	4240      	negs	r0, r0
10002492:	4005      	ands	r5, r0
10002494:	42a6      	cmp	r6, r4
10002496:	d1f3      	bne.n	10002480 <rom_funcs_lookup+0x18>
10002498:	0028      	movs	r0, r5
1000249a:	bc04      	pop	{r2}
1000249c:	4690      	mov	r8, r2
1000249e:	bdf0      	pop	{r4, r5, r6, r7, pc}
100024a0:	2501      	movs	r5, #1
100024a2:	e7f9      	b.n	10002498 <rom_funcs_lookup+0x30>

100024a4 <__wrap___aeabi_uidiv>:
100024a4:	4a11      	ldr	r2, [pc, #68]	; (100024ec <divmod_u32u32_savestate+0x18>)
100024a6:	6f93      	ldr	r3, [r2, #120]	; 0x78
100024a8:	089b      	lsrs	r3, r3, #2
100024aa:	d213      	bcs.n	100024d4 <divmod_u32u32_savestate>

100024ac <divmod_u32u32_unsafe>:
100024ac:	6610      	str	r0, [r2, #96]	; 0x60
100024ae:	6651      	str	r1, [r2, #100]	; 0x64
100024b0:	2900      	cmp	r1, #0
100024b2:	d005      	beq.n	100024c0 <divmod_u32u32_unsafe+0x14>
100024b4:	e7ff      	b.n	100024b6 <divmod_u32u32_unsafe+0xa>
100024b6:	e7ff      	b.n	100024b8 <divmod_u32u32_unsafe+0xc>
100024b8:	e7ff      	b.n	100024ba <divmod_u32u32_unsafe+0xe>
100024ba:	6f51      	ldr	r1, [r2, #116]	; 0x74
100024bc:	6f10      	ldr	r0, [r2, #112]	; 0x70
100024be:	4770      	bx	lr
100024c0:	b504      	push	{r2, lr}
100024c2:	2800      	cmp	r0, #0
100024c4:	d001      	beq.n	100024ca <divmod_u32u32_unsafe+0x1e>
100024c6:	2000      	movs	r0, #0
100024c8:	43c0      	mvns	r0, r0
100024ca:	f002 ffc9 	bl	10005460 <____aeabi_idiv0_veneer>
100024ce:	2100      	movs	r1, #0
100024d0:	bd04      	pop	{r2, pc}
100024d2:	46c0      	nop			; (mov r8, r8)

100024d4 <divmod_u32u32_savestate>:
100024d4:	b5f0      	push	{r4, r5, r6, r7, lr}
100024d6:	6e14      	ldr	r4, [r2, #96]	; 0x60
100024d8:	6e55      	ldr	r5, [r2, #100]	; 0x64
100024da:	6f57      	ldr	r7, [r2, #116]	; 0x74
100024dc:	6f16      	ldr	r6, [r2, #112]	; 0x70
100024de:	f7ff ffe5 	bl	100024ac <divmod_u32u32_unsafe>
100024e2:	6614      	str	r4, [r2, #96]	; 0x60
100024e4:	6655      	str	r5, [r2, #100]	; 0x64
100024e6:	6757      	str	r7, [r2, #116]	; 0x74
100024e8:	6716      	str	r6, [r2, #112]	; 0x70
100024ea:	bdf0      	pop	{r4, r5, r6, r7, pc}
100024ec:	d0000000 	.word	0xd0000000

100024f0 <__aeabi_double_init>:
100024f0:	2313      	movs	r3, #19
100024f2:	b570      	push	{r4, r5, r6, lr}
100024f4:	781d      	ldrb	r5, [r3, #0]
100024f6:	2d01      	cmp	r5, #1
100024f8:	d015      	beq.n	10002526 <__aeabi_double_init+0x36>
100024fa:	dd10      	ble.n	1000251e <__aeabi_double_init+0x2e>
100024fc:	4826      	ldr	r0, [pc, #152]	; (10002598 <__aeabi_double_init+0xa8>)
100024fe:	f7ff ffab 	bl	10002458 <rom_data_lookup>
10002502:	4c26      	ldr	r4, [pc, #152]	; (1000259c <__aeabi_double_init+0xac>)
10002504:	0001      	movs	r1, r0
10002506:	2280      	movs	r2, #128	; 0x80
10002508:	0020      	movs	r0, r4
1000250a:	f000 f8d7 	bl	100026bc <__wrap___aeabi_memcpy>
1000250e:	2d02      	cmp	r5, #2
10002510:	d006      	beq.n	10002520 <__aeabi_double_init+0x30>
10002512:	4823      	ldr	r0, [pc, #140]	; (100025a0 <__aeabi_double_init+0xb0>)
10002514:	f7ff ff98 	bl	10002448 <rom_func_lookup>
10002518:	4b22      	ldr	r3, [pc, #136]	; (100025a4 <__aeabi_double_init+0xb4>)
1000251a:	6018      	str	r0, [r3, #0]
1000251c:	bd70      	pop	{r4, r5, r6, pc}
1000251e:	4c1f      	ldr	r4, [pc, #124]	; (1000259c <__aeabi_double_init+0xac>)
10002520:	4a21      	ldr	r2, [pc, #132]	; (100025a8 <__aeabi_double_init+0xb8>)
10002522:	64a2      	str	r2, [r4, #72]	; 0x48
10002524:	e7f5      	b.n	10002512 <__aeabi_double_init+0x22>
10002526:	4c1d      	ldr	r4, [pc, #116]	; (1000259c <__aeabi_double_init+0xac>)
10002528:	4a1f      	ldr	r2, [pc, #124]	; (100025a8 <__aeabi_double_init+0xb8>)
1000252a:	08a3      	lsrs	r3, r4, #2
1000252c:	425b      	negs	r3, r3
1000252e:	401d      	ands	r5, r3
10002530:	d02f      	beq.n	10002592 <__aeabi_double_init+0xa2>
10002532:	002b      	movs	r3, r5
10002534:	6022      	str	r2, [r4, #0]
10002536:	2020      	movs	r0, #32
10002538:	00a9      	lsls	r1, r5, #2
1000253a:	1861      	adds	r1, r4, r1
1000253c:	1b45      	subs	r5, r0, r5
1000253e:	600a      	str	r2, [r1, #0]
10002540:	604a      	str	r2, [r1, #4]
10002542:	608a      	str	r2, [r1, #8]
10002544:	60ca      	str	r2, [r1, #12]
10002546:	610a      	str	r2, [r1, #16]
10002548:	614a      	str	r2, [r1, #20]
1000254a:	618a      	str	r2, [r1, #24]
1000254c:	61ca      	str	r2, [r1, #28]
1000254e:	620a      	str	r2, [r1, #32]
10002550:	624a      	str	r2, [r1, #36]	; 0x24
10002552:	628a      	str	r2, [r1, #40]	; 0x28
10002554:	62ca      	str	r2, [r1, #44]	; 0x2c
10002556:	630a      	str	r2, [r1, #48]	; 0x30
10002558:	634a      	str	r2, [r1, #52]	; 0x34
1000255a:	638a      	str	r2, [r1, #56]	; 0x38
1000255c:	63ca      	str	r2, [r1, #60]	; 0x3c
1000255e:	640a      	str	r2, [r1, #64]	; 0x40
10002560:	644a      	str	r2, [r1, #68]	; 0x44
10002562:	648a      	str	r2, [r1, #72]	; 0x48
10002564:	64ca      	str	r2, [r1, #76]	; 0x4c
10002566:	650a      	str	r2, [r1, #80]	; 0x50
10002568:	654a      	str	r2, [r1, #84]	; 0x54
1000256a:	658a      	str	r2, [r1, #88]	; 0x58
1000256c:	65ca      	str	r2, [r1, #92]	; 0x5c
1000256e:	660a      	str	r2, [r1, #96]	; 0x60
10002570:	664a      	str	r2, [r1, #100]	; 0x64
10002572:	668a      	str	r2, [r1, #104]	; 0x68
10002574:	66ca      	str	r2, [r1, #108]	; 0x6c
10002576:	670a      	str	r2, [r1, #112]	; 0x70
10002578:	674a      	str	r2, [r1, #116]	; 0x74
1000257a:	086d      	lsrs	r5, r5, #1
1000257c:	2d10      	cmp	r5, #16
1000257e:	d103      	bne.n	10002588 <__aeabi_double_init+0x98>
10002580:	678a      	str	r2, [r1, #120]	; 0x78
10002582:	67ca      	str	r2, [r1, #124]	; 0x7c
10002584:	64a2      	str	r2, [r4, #72]	; 0x48
10002586:	e7c4      	b.n	10002512 <__aeabi_double_init+0x22>
10002588:	331e      	adds	r3, #30
1000258a:	009b      	lsls	r3, r3, #2
1000258c:	50e2      	str	r2, [r4, r3]
1000258e:	64a2      	str	r2, [r4, #72]	; 0x48
10002590:	e7bf      	b.n	10002512 <__aeabi_double_init+0x22>
10002592:	2300      	movs	r3, #0
10002594:	e7cf      	b.n	10002536 <__aeabi_double_init+0x46>
10002596:	46c0      	nop			; (mov r8, r8)
10002598:	00004453 	.word	0x00004453
1000259c:	20000f48 	.word	0x20000f48
100025a0:	0000334c 	.word	0x0000334c
100025a4:	20000f08 	.word	0x20000f08
100025a8:	100025ad 	.word	0x100025ad

100025ac <double_table_shim_on_use_helper>:
100025ac:	b507      	push	{r0, r1, r2, lr}
100025ae:	4660      	mov	r0, ip
100025b0:	8801      	ldrh	r1, [r0, #0]
100025b2:	0a0a      	lsrs	r2, r1, #8
100025b4:	3002      	adds	r0, #2
100025b6:	2adf      	cmp	r2, #223	; 0xdf
100025b8:	d1fa      	bne.n	100025b0 <double_table_shim_on_use_helper+0x4>
100025ba:	b2c9      	uxtb	r1, r1
100025bc:	0882      	lsrs	r2, r0, #2
100025be:	d304      	bcc.n	100025ca <double_table_shim_on_use_helper+0x1e>
100025c0:	8802      	ldrh	r2, [r0, #0]
100025c2:	8840      	ldrh	r0, [r0, #2]
100025c4:	0400      	lsls	r0, r0, #16
100025c6:	4310      	orrs	r0, r2
100025c8:	e000      	b.n	100025cc <double_table_shim_on_use_helper+0x20>
100025ca:	6800      	ldr	r0, [r0, #0]
100025cc:	4a01      	ldr	r2, [pc, #4]	; (100025d4 <double_table_shim_on_use_helper+0x28>)
100025ce:	5050      	str	r0, [r2, r1]
100025d0:	9003      	str	r0, [sp, #12]
100025d2:	bd07      	pop	{r0, r1, r2, pc}
100025d4:	20000f48 	.word	0x20000f48

100025d8 <__wrap___aeabi_lmul>:
100025d8:	4351      	muls	r1, r2
100025da:	4343      	muls	r3, r0
100025dc:	18c9      	adds	r1, r1, r3
100025de:	468c      	mov	ip, r1
100025e0:	0c11      	lsrs	r1, r2, #16
100025e2:	b283      	uxth	r3, r0
100025e4:	434b      	muls	r3, r1
100025e6:	b410      	push	{r4}
100025e8:	0c04      	lsrs	r4, r0, #16
100025ea:	4361      	muls	r1, r4
100025ec:	b292      	uxth	r2, r2
100025ee:	b280      	uxth	r0, r0
100025f0:	4350      	muls	r0, r2
100025f2:	4362      	muls	r2, r4
100025f4:	041c      	lsls	r4, r3, #16
100025f6:	0c1b      	lsrs	r3, r3, #16
100025f8:	1900      	adds	r0, r0, r4
100025fa:	bc10      	pop	{r4}
100025fc:	4159      	adcs	r1, r3
100025fe:	0413      	lsls	r3, r2, #16
10002600:	0c12      	lsrs	r2, r2, #16
10002602:	18c0      	adds	r0, r0, r3
10002604:	4151      	adcs	r1, r2
10002606:	4461      	add	r1, ip
10002608:	4770      	bx	lr
	...

1000260c <__aeabi_float_init>:
1000260c:	2313      	movs	r3, #19
1000260e:	b510      	push	{r4, lr}
10002610:	781c      	ldrb	r4, [r3, #0]
10002612:	4813      	ldr	r0, [pc, #76]	; (10002660 <__aeabi_float_init+0x54>)
10002614:	f7ff ff20 	bl	10002458 <rom_data_lookup>
10002618:	2c01      	cmp	r4, #1
1000261a:	d00b      	beq.n	10002634 <__aeabi_float_init+0x28>
1000261c:	dd04      	ble.n	10002628 <__aeabi_float_init+0x1c>
1000261e:	0001      	movs	r1, r0
10002620:	2280      	movs	r2, #128	; 0x80
10002622:	4810      	ldr	r0, [pc, #64]	; (10002664 <__aeabi_float_init+0x58>)
10002624:	f000 f84a 	bl	100026bc <__wrap___aeabi_memcpy>
10002628:	480f      	ldr	r0, [pc, #60]	; (10002668 <__aeabi_float_init+0x5c>)
1000262a:	f7ff ff0d 	bl	10002448 <rom_func_lookup>
1000262e:	4b0f      	ldr	r3, [pc, #60]	; (1000266c <__aeabi_float_init+0x60>)
10002630:	6018      	str	r0, [r3, #0]
10002632:	bd10      	pop	{r4, pc}
10002634:	4c0b      	ldr	r4, [pc, #44]	; (10002664 <__aeabi_float_init+0x58>)
10002636:	0001      	movs	r1, r0
10002638:	2254      	movs	r2, #84	; 0x54
1000263a:	0020      	movs	r0, r4
1000263c:	f000 f83e 	bl	100026bc <__wrap___aeabi_memcpy>
10002640:	4b0b      	ldr	r3, [pc, #44]	; (10002670 <__aeabi_float_init+0x64>)
10002642:	6563      	str	r3, [r4, #84]	; 0x54
10002644:	65a3      	str	r3, [r4, #88]	; 0x58
10002646:	65e3      	str	r3, [r4, #92]	; 0x5c
10002648:	6623      	str	r3, [r4, #96]	; 0x60
1000264a:	6663      	str	r3, [r4, #100]	; 0x64
1000264c:	66a3      	str	r3, [r4, #104]	; 0x68
1000264e:	66e3      	str	r3, [r4, #108]	; 0x6c
10002650:	6723      	str	r3, [r4, #112]	; 0x70
10002652:	6763      	str	r3, [r4, #116]	; 0x74
10002654:	67a3      	str	r3, [r4, #120]	; 0x78
10002656:	67e3      	str	r3, [r4, #124]	; 0x7c
10002658:	6223      	str	r3, [r4, #32]
1000265a:	61e3      	str	r3, [r4, #28]
1000265c:	e7e4      	b.n	10002628 <__aeabi_float_init+0x1c>
1000265e:	46c0      	nop			; (mov r8, r8)
10002660:	00004653 	.word	0x00004653
10002664:	20001048 	.word	0x20001048
10002668:	0000334c 	.word	0x0000334c
1000266c:	20000f08 	.word	0x20000f08
10002670:	10002675 	.word	0x10002675

10002674 <float_table_shim_on_use_helper>:
10002674:	b507      	push	{r0, r1, r2, lr}
10002676:	4660      	mov	r0, ip
10002678:	8801      	ldrh	r1, [r0, #0]
1000267a:	0a0a      	lsrs	r2, r1, #8
1000267c:	3002      	adds	r0, #2
1000267e:	2adf      	cmp	r2, #223	; 0xdf
10002680:	d1fa      	bne.n	10002678 <float_table_shim_on_use_helper+0x4>
10002682:	b2c9      	uxtb	r1, r1
10002684:	0882      	lsrs	r2, r0, #2
10002686:	d304      	bcc.n	10002692 <float_table_shim_on_use_helper+0x1e>
10002688:	8802      	ldrh	r2, [r0, #0]
1000268a:	8840      	ldrh	r0, [r0, #2]
1000268c:	0400      	lsls	r0, r0, #16
1000268e:	4310      	orrs	r0, r2
10002690:	e000      	b.n	10002694 <float_table_shim_on_use_helper+0x20>
10002692:	6800      	ldr	r0, [r0, #0]
10002694:	4a01      	ldr	r2, [pc, #4]	; (1000269c <float_table_shim_on_use_helper+0x28>)
10002696:	5050      	str	r0, [r2, r1]
10002698:	9003      	str	r0, [sp, #12]
1000269a:	bd07      	pop	{r0, r1, r2, pc}
1000269c:	20001048 	.word	0x20001048

100026a0 <__aeabi_mem_init>:
100026a0:	4801      	ldr	r0, [pc, #4]	; (100026a8 <__aeabi_mem_init+0x8>)
100026a2:	2104      	movs	r1, #4
100026a4:	4b01      	ldr	r3, [pc, #4]	; (100026ac <__aeabi_mem_init+0xc>)
100026a6:	4718      	bx	r3
100026a8:	20000400 	.word	0x20000400
100026ac:	10002469 	.word	0x10002469

100026b0 <__wrap_memset>:
100026b0:	4b01      	ldr	r3, [pc, #4]	; (100026b8 <__wrap_memset+0x8>)
100026b2:	681b      	ldr	r3, [r3, #0]
100026b4:	4718      	bx	r3
100026b6:	0000      	.short	0x0000
100026b8:	20000400 	.word	0x20000400

100026bc <__wrap___aeabi_memcpy>:
100026bc:	4b01      	ldr	r3, [pc, #4]	; (100026c4 <__wrap___aeabi_memcpy+0x8>)
100026be:	685b      	ldr	r3, [r3, #4]
100026c0:	4718      	bx	r3
100026c2:	0000      	.short	0x0000
100026c4:	20000400 	.word	0x20000400

100026c8 <stdio_out_chars_no_crlf>:
100026c8:	0003      	movs	r3, r0
100026ca:	b510      	push	{r4, lr}
100026cc:	0008      	movs	r0, r1
100026ce:	681b      	ldr	r3, [r3, #0]
100026d0:	0011      	movs	r1, r2
100026d2:	4798      	blx	r3
100026d4:	bd10      	pop	{r4, pc}
100026d6:	46c0      	nop			; (mov r8, r8)

100026d8 <stdio_out_chars_crlf>:
100026d8:	b5f8      	push	{r3, r4, r5, r6, r7, lr}
100026da:	4647      	mov	r7, r8
100026dc:	46ce      	mov	lr, r9
100026de:	b580      	push	{r7, lr}
100026e0:	7c43      	ldrb	r3, [r0, #17]
100026e2:	4680      	mov	r8, r0
100026e4:	000c      	movs	r4, r1
100026e6:	0015      	movs	r5, r2
100026e8:	2b00      	cmp	r3, #0
100026ea:	d043      	beq.n	10002774 <stdio_out_chars_crlf+0x9c>
100026ec:	2a00      	cmp	r2, #0
100026ee:	dd34      	ble.n	1000275a <stdio_out_chars_crlf+0x82>
100026f0:	780a      	ldrb	r2, [r1, #0]
100026f2:	7c03      	ldrb	r3, [r0, #16]
100026f4:	2000      	movs	r0, #0
100026f6:	2a0a      	cmp	r2, #10
100026f8:	d033      	beq.n	10002762 <stdio_out_chars_crlf+0x8a>
100026fa:	2d01      	cmp	r5, #1
100026fc:	d01e      	beq.n	1000273c <stdio_out_chars_crlf+0x64>
100026fe:	4b20      	ldr	r3, [pc, #128]	; (10002780 <stdio_out_chars_crlf+0xa8>)
10002700:	2101      	movs	r1, #1
10002702:	1e67      	subs	r7, r4, #1
10002704:	4699      	mov	r9, r3
10002706:	e002      	b.n	1000270e <stdio_out_chars_crlf+0x36>
10002708:	0031      	movs	r1, r6
1000270a:	42b5      	cmp	r5, r6
1000270c:	d016      	beq.n	1000273c <stdio_out_chars_crlf+0x64>
1000270e:	5c63      	ldrb	r3, [r4, r1]
10002710:	5c7a      	ldrb	r2, [r7, r1]
10002712:	1c4e      	adds	r6, r1, #1
10002714:	2b0a      	cmp	r3, #10
10002716:	d1f7      	bne.n	10002708 <stdio_out_chars_crlf+0x30>
10002718:	2a0d      	cmp	r2, #13
1000271a:	d0f5      	beq.n	10002708 <stdio_out_chars_crlf+0x30>
1000271c:	4643      	mov	r3, r8
1000271e:	681b      	ldr	r3, [r3, #0]
10002720:	4288      	cmp	r0, r1
10002722:	da04      	bge.n	1000272e <stdio_out_chars_crlf+0x56>
10002724:	1a09      	subs	r1, r1, r0
10002726:	1820      	adds	r0, r4, r0
10002728:	4798      	blx	r3
1000272a:	4643      	mov	r3, r8
1000272c:	681b      	ldr	r3, [r3, #0]
1000272e:	2102      	movs	r1, #2
10002730:	4648      	mov	r0, r9
10002732:	4798      	blx	r3
10002734:	0030      	movs	r0, r6
10002736:	0031      	movs	r1, r6
10002738:	42b5      	cmp	r5, r6
1000273a:	d1e8      	bne.n	1000270e <stdio_out_chars_crlf+0x36>
1000273c:	4285      	cmp	r5, r0
1000273e:	dd04      	ble.n	1000274a <stdio_out_chars_crlf+0x72>
10002740:	4643      	mov	r3, r8
10002742:	1a29      	subs	r1, r5, r0
10002744:	681b      	ldr	r3, [r3, #0]
10002746:	1820      	adds	r0, r4, r0
10002748:	4798      	blx	r3
1000274a:	1964      	adds	r4, r4, r5
1000274c:	3c01      	subs	r4, #1
1000274e:	7823      	ldrb	r3, [r4, #0]
10002750:	3b0d      	subs	r3, #13
10002752:	425a      	negs	r2, r3
10002754:	4153      	adcs	r3, r2
10002756:	4642      	mov	r2, r8
10002758:	7413      	strb	r3, [r2, #16]
1000275a:	bc0c      	pop	{r2, r3}
1000275c:	4690      	mov	r8, r2
1000275e:	4699      	mov	r9, r3
10002760:	bdf8      	pop	{r3, r4, r5, r6, r7, pc}
10002762:	2b00      	cmp	r3, #0
10002764:	d1c9      	bne.n	100026fa <stdio_out_chars_crlf+0x22>
10002766:	4643      	mov	r3, r8
10002768:	4805      	ldr	r0, [pc, #20]	; (10002780 <stdio_out_chars_crlf+0xa8>)
1000276a:	2102      	movs	r1, #2
1000276c:	681b      	ldr	r3, [r3, #0]
1000276e:	4798      	blx	r3
10002770:	2001      	movs	r0, #1
10002772:	e7c2      	b.n	100026fa <stdio_out_chars_crlf+0x22>
10002774:	6803      	ldr	r3, [r0, #0]
10002776:	0011      	movs	r1, r2
10002778:	0020      	movs	r0, r4
1000277a:	4798      	blx	r3
1000277c:	e7ed      	b.n	1000275a <stdio_out_chars_crlf+0x82>
1000277e:	46c0      	nop			; (mov r8, r8)
10002780:	10005584 	.word	0x10005584

10002784 <stdio_put_string>:
10002784:	b5f0      	push	{r4, r5, r6, r7, lr}
10002786:	46de      	mov	lr, fp
10002788:	4657      	mov	r7, sl
1000278a:	464e      	mov	r6, r9
1000278c:	4645      	mov	r5, r8
1000278e:	b5e0      	push	{r5, r6, r7, lr}
10002790:	001e      	movs	r6, r3
10002792:	23d0      	movs	r3, #208	; 0xd0
10002794:	061b      	lsls	r3, r3, #24
10002796:	b083      	sub	sp, #12
10002798:	681c      	ldr	r4, [r3, #0]
1000279a:	4b33      	ldr	r3, [pc, #204]	; (10002868 <stdio_put_string+0xe4>)
1000279c:	af01      	add	r7, sp, #4
1000279e:	4680      	mov	r8, r0
100027a0:	000d      	movs	r5, r1
100027a2:	0018      	movs	r0, r3
100027a4:	0039      	movs	r1, r7
100027a6:	4691      	mov	r9, r2
100027a8:	469b      	mov	fp, r3
100027aa:	f002 fe61 	bl	10005470 <__mutex_try_enter_veneer>
100027ae:	4682      	mov	sl, r0
100027b0:	2800      	cmp	r0, #0
100027b2:	d108      	bne.n	100027c6 <stdio_put_string+0x42>
100027b4:	9b01      	ldr	r3, [sp, #4]
100027b6:	b264      	sxtb	r4, r4
100027b8:	429c      	cmp	r4, r3
100027ba:	d004      	beq.n	100027c6 <stdio_put_string+0x42>
100027bc:	4658      	mov	r0, fp
100027be:	f002 fe67 	bl	10005490 <__mutex_enter_blocking_veneer>
100027c2:	2301      	movs	r3, #1
100027c4:	469a      	mov	sl, r3
100027c6:	1c6b      	adds	r3, r5, #1
100027c8:	d103      	bne.n	100027d2 <stdio_put_string+0x4e>
100027ca:	4640      	mov	r0, r8
100027cc:	f002 fe00 	bl	100053d0 <strlen>
100027d0:	0005      	movs	r5, r0
100027d2:	2e00      	cmp	r6, #0
100027d4:	d128      	bne.n	10002828 <stdio_put_string+0xa4>
100027d6:	4e25      	ldr	r6, [pc, #148]	; (1000286c <stdio_put_string+0xe8>)
100027d8:	4b25      	ldr	r3, [pc, #148]	; (10002870 <stdio_put_string+0xec>)
100027da:	681c      	ldr	r4, [r3, #0]
100027dc:	2c00      	cmp	r4, #0
100027de:	d016      	beq.n	1000280e <stdio_put_string+0x8a>
100027e0:	464b      	mov	r3, r9
100027e2:	2b00      	cmp	r3, #0
100027e4:	d122      	bne.n	1000282c <stdio_put_string+0xa8>
100027e6:	4f23      	ldr	r7, [pc, #140]	; (10002874 <stdio_put_string+0xf0>)
100027e8:	e002      	b.n	100027f0 <stdio_put_string+0x6c>
100027ea:	68e4      	ldr	r4, [r4, #12]
100027ec:	2c00      	cmp	r4, #0
100027ee:	d00e      	beq.n	1000280e <stdio_put_string+0x8a>
100027f0:	6823      	ldr	r3, [r4, #0]
100027f2:	2b00      	cmp	r3, #0
100027f4:	d0f9      	beq.n	100027ea <stdio_put_string+0x66>
100027f6:	683b      	ldr	r3, [r7, #0]
100027f8:	2b00      	cmp	r3, #0
100027fa:	d001      	beq.n	10002800 <stdio_put_string+0x7c>
100027fc:	42a3      	cmp	r3, r4
100027fe:	d1f4      	bne.n	100027ea <stdio_put_string+0x66>
10002800:	0020      	movs	r0, r4
10002802:	002a      	movs	r2, r5
10002804:	4641      	mov	r1, r8
10002806:	47b0      	blx	r6
10002808:	68e4      	ldr	r4, [r4, #12]
1000280a:	2c00      	cmp	r4, #0
1000280c:	d1f0      	bne.n	100027f0 <stdio_put_string+0x6c>
1000280e:	4653      	mov	r3, sl
10002810:	2b00      	cmp	r3, #0
10002812:	d125      	bne.n	10002860 <stdio_put_string+0xdc>
10002814:	1e68      	subs	r0, r5, #1
10002816:	4185      	sbcs	r5, r0
10002818:	b2e8      	uxtb	r0, r5
1000281a:	b003      	add	sp, #12
1000281c:	bc3c      	pop	{r2, r3, r4, r5}
1000281e:	4690      	mov	r8, r2
10002820:	4699      	mov	r9, r3
10002822:	46a2      	mov	sl, r4
10002824:	46ab      	mov	fp, r5
10002826:	bdf0      	pop	{r4, r5, r6, r7, pc}
10002828:	4e13      	ldr	r6, [pc, #76]	; (10002878 <stdio_put_string+0xf4>)
1000282a:	e7d5      	b.n	100027d8 <stdio_put_string+0x54>
1000282c:	4b11      	ldr	r3, [pc, #68]	; (10002874 <stdio_put_string+0xf0>)
1000282e:	4699      	mov	r9, r3
10002830:	e002      	b.n	10002838 <stdio_put_string+0xb4>
10002832:	68e4      	ldr	r4, [r4, #12]
10002834:	2c00      	cmp	r4, #0
10002836:	d0ea      	beq.n	1000280e <stdio_put_string+0x8a>
10002838:	6823      	ldr	r3, [r4, #0]
1000283a:	2b00      	cmp	r3, #0
1000283c:	d0f9      	beq.n	10002832 <stdio_put_string+0xae>
1000283e:	464b      	mov	r3, r9
10002840:	681b      	ldr	r3, [r3, #0]
10002842:	2b00      	cmp	r3, #0
10002844:	d001      	beq.n	1000284a <stdio_put_string+0xc6>
10002846:	42a3      	cmp	r3, r4
10002848:	d1f3      	bne.n	10002832 <stdio_put_string+0xae>
1000284a:	002a      	movs	r2, r5
1000284c:	4641      	mov	r1, r8
1000284e:	0020      	movs	r0, r4
10002850:	47b0      	blx	r6
10002852:	230a      	movs	r3, #10
10002854:	2201      	movs	r2, #1
10002856:	0039      	movs	r1, r7
10002858:	0020      	movs	r0, r4
1000285a:	703b      	strb	r3, [r7, #0]
1000285c:	47b0      	blx	r6
1000285e:	e7e8      	b.n	10002832 <stdio_put_string+0xae>
10002860:	4658      	mov	r0, fp
10002862:	f002 fdf5 	bl	10005450 <__mutex_exit_veneer>
10002866:	e7d5      	b.n	10002814 <stdio_put_string+0x90>
10002868:	20000450 	.word	0x20000450
1000286c:	100026d9 	.word	0x100026d9
10002870:	20000ad4 	.word	0x20000ad4
10002874:	20000ad8 	.word	0x20000ad8
10002878:	100026c9 	.word	0x100026c9

1000287c <__wrap_putchar>:
1000287c:	b5f0      	push	{r4, r5, r6, r7, lr}
1000287e:	4647      	mov	r7, r8
10002880:	46ce      	mov	lr, r9
10002882:	b580      	push	{r7, lr}
10002884:	b083      	sub	sp, #12
10002886:	466b      	mov	r3, sp
10002888:	1cdf      	adds	r7, r3, #3
1000288a:	23d0      	movs	r3, #208	; 0xd0
1000288c:	7038      	strb	r0, [r7, #0]
1000288e:	061b      	lsls	r3, r3, #24
10002890:	681c      	ldr	r4, [r3, #0]
10002892:	4b20      	ldr	r3, [pc, #128]	; (10002914 <__wrap_putchar+0x98>)
10002894:	0006      	movs	r6, r0
10002896:	a901      	add	r1, sp, #4
10002898:	0018      	movs	r0, r3
1000289a:	4698      	mov	r8, r3
1000289c:	f002 fde8 	bl	10005470 <__mutex_try_enter_veneer>
100028a0:	1e05      	subs	r5, r0, #0
100028a2:	d022      	beq.n	100028ea <__wrap_putchar+0x6e>
100028a4:	4b1c      	ldr	r3, [pc, #112]	; (10002918 <__wrap_putchar+0x9c>)
100028a6:	681c      	ldr	r4, [r3, #0]
100028a8:	2c00      	cmp	r4, #0
100028aa:	d02a      	beq.n	10002902 <__wrap_putchar+0x86>
100028ac:	4b1b      	ldr	r3, [pc, #108]	; (1000291c <__wrap_putchar+0xa0>)
100028ae:	4699      	mov	r9, r3
100028b0:	e002      	b.n	100028b8 <__wrap_putchar+0x3c>
100028b2:	68e4      	ldr	r4, [r4, #12]
100028b4:	2c00      	cmp	r4, #0
100028b6:	d010      	beq.n	100028da <__wrap_putchar+0x5e>
100028b8:	6823      	ldr	r3, [r4, #0]
100028ba:	2b00      	cmp	r3, #0
100028bc:	d0f9      	beq.n	100028b2 <__wrap_putchar+0x36>
100028be:	464b      	mov	r3, r9
100028c0:	681b      	ldr	r3, [r3, #0]
100028c2:	2b00      	cmp	r3, #0
100028c4:	d001      	beq.n	100028ca <__wrap_putchar+0x4e>
100028c6:	42a3      	cmp	r3, r4
100028c8:	d1f3      	bne.n	100028b2 <__wrap_putchar+0x36>
100028ca:	0020      	movs	r0, r4
100028cc:	2201      	movs	r2, #1
100028ce:	0039      	movs	r1, r7
100028d0:	f7ff ff02 	bl	100026d8 <stdio_out_chars_crlf>
100028d4:	68e4      	ldr	r4, [r4, #12]
100028d6:	2c00      	cmp	r4, #0
100028d8:	d1ee      	bne.n	100028b8 <__wrap_putchar+0x3c>
100028da:	2d00      	cmp	r5, #0
100028dc:	d111      	bne.n	10002902 <__wrap_putchar+0x86>
100028de:	0030      	movs	r0, r6
100028e0:	b003      	add	sp, #12
100028e2:	bc0c      	pop	{r2, r3}
100028e4:	4690      	mov	r8, r2
100028e6:	4699      	mov	r9, r3
100028e8:	bdf0      	pop	{r4, r5, r6, r7, pc}
100028ea:	9b01      	ldr	r3, [sp, #4]
100028ec:	b264      	sxtb	r4, r4
100028ee:	429c      	cmp	r4, r3
100028f0:	d00b      	beq.n	1000290a <__wrap_putchar+0x8e>
100028f2:	4640      	mov	r0, r8
100028f4:	f002 fdcc 	bl	10005490 <__mutex_enter_blocking_veneer>
100028f8:	4b07      	ldr	r3, [pc, #28]	; (10002918 <__wrap_putchar+0x9c>)
100028fa:	2501      	movs	r5, #1
100028fc:	681c      	ldr	r4, [r3, #0]
100028fe:	2c00      	cmp	r4, #0
10002900:	d1d4      	bne.n	100028ac <__wrap_putchar+0x30>
10002902:	4640      	mov	r0, r8
10002904:	f002 fda4 	bl	10005450 <__mutex_exit_veneer>
10002908:	e7e9      	b.n	100028de <__wrap_putchar+0x62>
1000290a:	4b03      	ldr	r3, [pc, #12]	; (10002918 <__wrap_putchar+0x9c>)
1000290c:	681c      	ldr	r4, [r3, #0]
1000290e:	2c00      	cmp	r4, #0
10002910:	d1cc      	bne.n	100028ac <__wrap_putchar+0x30>
10002912:	e7e4      	b.n	100028de <__wrap_putchar+0x62>
10002914:	20000450 	.word	0x20000450
10002918:	20000ad4 	.word	0x20000ad4
1000291c:	20000ad8 	.word	0x20000ad8

10002920 <__wrap_puts>:
10002920:	b570      	push	{r4, r5, r6, lr}
10002922:	0004      	movs	r4, r0
10002924:	f002 fd54 	bl	100053d0 <strlen>
10002928:	2300      	movs	r3, #0
1000292a:	0001      	movs	r1, r0
1000292c:	0005      	movs	r5, r0
1000292e:	2201      	movs	r2, #1
10002930:	0020      	movs	r0, r4
10002932:	f7ff ff27 	bl	10002784 <stdio_put_string>
10002936:	4b08      	ldr	r3, [pc, #32]	; (10002958 <__wrap_puts+0x38>)
10002938:	681c      	ldr	r4, [r3, #0]
1000293a:	2c00      	cmp	r4, #0
1000293c:	d006      	beq.n	1000294c <__wrap_puts+0x2c>
1000293e:	6863      	ldr	r3, [r4, #4]
10002940:	2b00      	cmp	r3, #0
10002942:	d005      	beq.n	10002950 <__wrap_puts+0x30>
10002944:	4798      	blx	r3
10002946:	68e4      	ldr	r4, [r4, #12]
10002948:	2c00      	cmp	r4, #0
1000294a:	d1f8      	bne.n	1000293e <__wrap_puts+0x1e>
1000294c:	0028      	movs	r0, r5
1000294e:	bd70      	pop	{r4, r5, r6, pc}
10002950:	68e4      	ldr	r4, [r4, #12]
10002952:	2c00      	cmp	r4, #0
10002954:	d1f3      	bne.n	1000293e <__wrap_puts+0x1e>
10002956:	e7f9      	b.n	1000294c <__wrap_puts+0x2c>
10002958:	20000ad4 	.word	0x20000ad4

1000295c <stdio_set_driver_enabled>:
1000295c:	4a0a      	ldr	r2, [pc, #40]	; (10002988 <stdio_set_driver_enabled+0x2c>)
1000295e:	6813      	ldr	r3, [r2, #0]
10002960:	2b00      	cmp	r3, #0
10002962:	d105      	bne.n	10002970 <stdio_set_driver_enabled+0x14>
10002964:	e00c      	b.n	10002980 <stdio_set_driver_enabled+0x24>
10002966:	001a      	movs	r2, r3
10002968:	68db      	ldr	r3, [r3, #12]
1000296a:	320c      	adds	r2, #12
1000296c:	2b00      	cmp	r3, #0
1000296e:	d007      	beq.n	10002980 <stdio_set_driver_enabled+0x24>
10002970:	4298      	cmp	r0, r3
10002972:	d1f8      	bne.n	10002966 <stdio_set_driver_enabled+0xa>
10002974:	2900      	cmp	r1, #0
10002976:	d102      	bne.n	1000297e <stdio_set_driver_enabled+0x22>
10002978:	68c3      	ldr	r3, [r0, #12]
1000297a:	6013      	str	r3, [r2, #0]
1000297c:	60c1      	str	r1, [r0, #12]
1000297e:	4770      	bx	lr
10002980:	2900      	cmp	r1, #0
10002982:	d0fc      	beq.n	1000297e <stdio_set_driver_enabled+0x22>
10002984:	6010      	str	r0, [r2, #0]
10002986:	e7fa      	b.n	1000297e <stdio_set_driver_enabled+0x22>
10002988:	20000ad4 	.word	0x20000ad4

1000298c <stdio_init_all>:
1000298c:	b510      	push	{r4, lr}
1000298e:	f000 f943 	bl	10002c18 <stdio_usb_init>
10002992:	bd10      	pop	{r4, pc}

10002994 <resetd_init>:
10002994:	4770      	bx	lr
10002996:	46c0      	nop			; (mov r8, r8)

10002998 <resetd_reset>:
10002998:	2200      	movs	r2, #0
1000299a:	4b01      	ldr	r3, [pc, #4]	; (100029a0 <resetd_reset+0x8>)
1000299c:	701a      	strb	r2, [r3, #0]
1000299e:	4770      	bx	lr
100029a0:	20000f44 	.word	0x20000f44

100029a4 <resetd_open>:
100029a4:	794b      	ldrb	r3, [r1, #5]
100029a6:	2000      	movs	r0, #0
100029a8:	2bff      	cmp	r3, #255	; 0xff
100029aa:	d10b      	bne.n	100029c4 <resetd_open+0x20>
100029ac:	798b      	ldrb	r3, [r1, #6]
100029ae:	2b00      	cmp	r3, #0
100029b0:	d108      	bne.n	100029c4 <resetd_open+0x20>
100029b2:	79cb      	ldrb	r3, [r1, #7]
100029b4:	2b01      	cmp	r3, #1
100029b6:	d105      	bne.n	100029c4 <resetd_open+0x20>
100029b8:	2a08      	cmp	r2, #8
100029ba:	d903      	bls.n	100029c4 <resetd_open+0x20>
100029bc:	788a      	ldrb	r2, [r1, #2]
100029be:	4b02      	ldr	r3, [pc, #8]	; (100029c8 <resetd_open+0x24>)
100029c0:	3009      	adds	r0, #9
100029c2:	701a      	strb	r2, [r3, #0]
100029c4:	4770      	bx	lr
100029c6:	46c0      	nop			; (mov r8, r8)
100029c8:	20000f44 	.word	0x20000f44

100029cc <resetd_xfer_cb>:
100029cc:	2001      	movs	r0, #1
100029ce:	4770      	bx	lr

100029d0 <resetd_control_xfer_cb>:
100029d0:	b570      	push	{r4, r5, r6, lr}
100029d2:	2900      	cmp	r1, #0
100029d4:	d115      	bne.n	10002a02 <resetd_control_xfer_cb+0x32>
100029d6:	4915      	ldr	r1, [pc, #84]	; (10002a2c <resetd_control_xfer_cb+0x5c>)
100029d8:	7953      	ldrb	r3, [r2, #5]
100029da:	7910      	ldrb	r0, [r2, #4]
100029dc:	7809      	ldrb	r1, [r1, #0]
100029de:	021b      	lsls	r3, r3, #8
100029e0:	4303      	orrs	r3, r0
100029e2:	2000      	movs	r0, #0
100029e4:	4299      	cmp	r1, r3
100029e6:	d000      	beq.n	100029ea <resetd_control_xfer_cb+0x1a>
100029e8:	bd70      	pop	{r4, r5, r6, pc}
100029ea:	7853      	ldrb	r3, [r2, #1]
100029ec:	2b01      	cmp	r3, #1
100029ee:	d00a      	beq.n	10002a06 <resetd_control_xfer_cb+0x36>
100029f0:	2b02      	cmp	r3, #2
100029f2:	d1f9      	bne.n	100029e8 <resetd_control_xfer_cb+0x18>
100029f4:	2000      	movs	r0, #0
100029f6:	2264      	movs	r2, #100	; 0x64
100029f8:	2100      	movs	r1, #0
100029fa:	f7ff fc9d 	bl	10002338 <watchdog_reboot>
100029fe:	2001      	movs	r0, #1
10002a00:	e7f2      	b.n	100029e8 <resetd_control_xfer_cb+0x18>
10002a02:	2001      	movs	r0, #1
10002a04:	e7f0      	b.n	100029e8 <resetd_control_xfer_cb+0x18>
10002a06:	78d4      	ldrb	r4, [r2, #3]
10002a08:	7891      	ldrb	r1, [r2, #2]
10002a0a:	0224      	lsls	r4, r4, #8
10002a0c:	430c      	orrs	r4, r1
10002a0e:	0005      	movs	r5, r0
10002a10:	05e2      	lsls	r2, r4, #23
10002a12:	d502      	bpl.n	10002a1a <resetd_control_xfer_cb+0x4a>
10002a14:	0a62      	lsrs	r2, r4, #9
10002a16:	4093      	lsls	r3, r2
10002a18:	001d      	movs	r5, r3
10002a1a:	4805      	ldr	r0, [pc, #20]	; (10002a30 <resetd_control_xfer_cb+0x60>)
10002a1c:	f7ff fd14 	bl	10002448 <rom_func_lookup>
10002a20:	217f      	movs	r1, #127	; 0x7f
10002a22:	0003      	movs	r3, r0
10002a24:	4021      	ands	r1, r4
10002a26:	0028      	movs	r0, r5
10002a28:	4798      	blx	r3
10002a2a:	46c0      	nop			; (mov r8, r8)
10002a2c:	20000f44 	.word	0x20000f44
10002a30:	00004255 	.word	0x00004255

10002a34 <usbd_app_driver_get_cb>:
10002a34:	2301      	movs	r3, #1
10002a36:	7003      	strb	r3, [r0, #0]
10002a38:	4800      	ldr	r0, [pc, #0]	; (10002a3c <usbd_app_driver_get_cb+0x8>)
10002a3a:	4770      	bx	lr
10002a3c:	10005588 	.word	0x10005588

10002a40 <tud_cdc_line_coding_cb>:
10002a40:	784a      	ldrb	r2, [r1, #1]
10002a42:	780b      	ldrb	r3, [r1, #0]
10002a44:	0212      	lsls	r2, r2, #8
10002a46:	431a      	orrs	r2, r3
10002a48:	788b      	ldrb	r3, [r1, #2]
10002a4a:	b510      	push	{r4, lr}
10002a4c:	041b      	lsls	r3, r3, #16
10002a4e:	431a      	orrs	r2, r3
10002a50:	78cb      	ldrb	r3, [r1, #3]
10002a52:	061b      	lsls	r3, r3, #24
10002a54:	4313      	orrs	r3, r2
10002a56:	2296      	movs	r2, #150	; 0x96
10002a58:	00d2      	lsls	r2, r2, #3
10002a5a:	4293      	cmp	r3, r2
10002a5c:	d000      	beq.n	10002a60 <tud_cdc_line_coding_cb+0x20>
10002a5e:	bd10      	pop	{r4, pc}
10002a60:	4803      	ldr	r0, [pc, #12]	; (10002a70 <tud_cdc_line_coding_cb+0x30>)
10002a62:	f7ff fcf1 	bl	10002448 <rom_func_lookup>
10002a66:	2100      	movs	r1, #0
10002a68:	0003      	movs	r3, r0
10002a6a:	0008      	movs	r0, r1
10002a6c:	4798      	blx	r3
10002a6e:	46c0      	nop			; (mov r8, r8)
10002a70:	00004255 	.word	0x00004255

10002a74 <stdio_usb_in_chars>:
10002a74:	b570      	push	{r4, r5, r6, lr}
10002a76:	4c18      	ldr	r4, [pc, #96]	; (10002ad8 <stdio_usb_in_chars+0x64>)
10002a78:	b082      	sub	sp, #8
10002a7a:	0005      	movs	r5, r0
10002a7c:	000e      	movs	r6, r1
10002a7e:	0020      	movs	r0, r4
10002a80:	a901      	add	r1, sp, #4
10002a82:	f002 fcf5 	bl	10005470 <__mutex_try_enter_veneer>
10002a86:	2800      	cmp	r0, #0
10002a88:	d108      	bne.n	10002a9c <stdio_usb_in_chars+0x28>
10002a8a:	23d0      	movs	r3, #208	; 0xd0
10002a8c:	061b      	lsls	r3, r3, #24
10002a8e:	681b      	ldr	r3, [r3, #0]
10002a90:	9a01      	ldr	r2, [sp, #4]
10002a92:	429a      	cmp	r2, r3
10002a94:	d01c      	beq.n	10002ad0 <stdio_usb_in_chars+0x5c>
10002a96:	0020      	movs	r0, r4
10002a98:	f002 fcfa 	bl	10005490 <__mutex_enter_blocking_veneer>
10002a9c:	2000      	movs	r0, #0
10002a9e:	f001 fe3d 	bl	1000471c <tud_cdc_n_connected>
10002aa2:	2800      	cmp	r0, #0
10002aa4:	d107      	bne.n	10002ab6 <stdio_usb_in_chars+0x42>
10002aa6:	2503      	movs	r5, #3
10002aa8:	426d      	negs	r5, r5
10002aaa:	0020      	movs	r0, r4
10002aac:	f002 fcd0 	bl	10005450 <__mutex_exit_veneer>
10002ab0:	0028      	movs	r0, r5
10002ab2:	b002      	add	sp, #8
10002ab4:	bd70      	pop	{r4, r5, r6, pc}
10002ab6:	2000      	movs	r0, #0
10002ab8:	f001 fe48 	bl	1000474c <tud_cdc_n_available>
10002abc:	2800      	cmp	r0, #0
10002abe:	d0f2      	beq.n	10002aa6 <stdio_usb_in_chars+0x32>
10002ac0:	0029      	movs	r1, r5
10002ac2:	0032      	movs	r2, r6
10002ac4:	2000      	movs	r0, #0
10002ac6:	f001 fe4d 	bl	10004764 <tud_cdc_n_read>
10002aca:	1e05      	subs	r5, r0, #0
10002acc:	d0eb      	beq.n	10002aa6 <stdio_usb_in_chars+0x32>
10002ace:	e7ec      	b.n	10002aaa <stdio_usb_in_chars+0x36>
10002ad0:	2503      	movs	r5, #3
10002ad2:	426d      	negs	r5, r5
10002ad4:	e7ec      	b.n	10002ab0 <stdio_usb_in_chars+0x3c>
10002ad6:	46c0      	nop			; (mov r8, r8)
10002ad8:	20000f10 	.word	0x20000f10

10002adc <stdio_usb_out_chars>:
10002adc:	b5f0      	push	{r4, r5, r6, r7, lr}
10002ade:	464f      	mov	r7, r9
10002ae0:	4646      	mov	r6, r8
10002ae2:	46d6      	mov	lr, sl
10002ae4:	b5c0      	push	{r6, r7, lr}
10002ae6:	4b36      	ldr	r3, [pc, #216]	; (10002bc0 <stdio_usb_out_chars+0xe4>)
10002ae8:	b082      	sub	sp, #8
10002aea:	0007      	movs	r7, r0
10002aec:	000e      	movs	r6, r1
10002aee:	0018      	movs	r0, r3
10002af0:	a901      	add	r1, sp, #4
10002af2:	4699      	mov	r9, r3
10002af4:	f002 fcbc 	bl	10005470 <__mutex_try_enter_veneer>
10002af8:	2800      	cmp	r0, #0
10002afa:	d108      	bne.n	10002b0e <stdio_usb_out_chars+0x32>
10002afc:	23d0      	movs	r3, #208	; 0xd0
10002afe:	061b      	lsls	r3, r3, #24
10002b00:	681b      	ldr	r3, [r3, #0]
10002b02:	9a01      	ldr	r2, [sp, #4]
10002b04:	429a      	cmp	r2, r3
10002b06:	d041      	beq.n	10002b8c <stdio_usb_out_chars+0xb0>
10002b08:	4648      	mov	r0, r9
10002b0a:	f002 fcc1 	bl	10005490 <__mutex_enter_blocking_veneer>
10002b0e:	2000      	movs	r0, #0
10002b10:	f001 fe04 	bl	1000471c <tud_cdc_n_connected>
10002b14:	2800      	cmp	r0, #0
10002b16:	d031      	beq.n	10002b7c <stdio_usb_out_chars+0xa0>
10002b18:	2400      	movs	r4, #0
10002b1a:	2e00      	cmp	r6, #0
10002b1c:	dd33      	ble.n	10002b86 <stdio_usb_out_chars+0xaa>
10002b1e:	4b29      	ldr	r3, [pc, #164]	; (10002bc4 <stdio_usb_out_chars+0xe8>)
10002b20:	4698      	mov	r8, r3
10002b22:	469a      	mov	sl, r3
10002b24:	e012      	b.n	10002b4c <stdio_usb_out_chars+0x70>
10002b26:	2800      	cmp	r0, #0
10002b28:	d147      	bne.n	10002bba <stdio_usb_out_chars+0xde>
10002b2a:	f000 fe5b 	bl	100037e4 <tud_task>
10002b2e:	2000      	movs	r0, #0
10002b30:	f001 fe50 	bl	100047d4 <tud_cdc_n_write_flush>
10002b34:	2000      	movs	r0, #0
10002b36:	f001 fdf1 	bl	1000471c <tud_cdc_n_connected>
10002b3a:	2800      	cmp	r0, #0
10002b3c:	d023      	beq.n	10002b86 <stdio_usb_out_chars+0xaa>
10002b3e:	2000      	movs	r0, #0
10002b40:	f001 fe9e 	bl	10004880 <tud_cdc_n_write_available>
10002b44:	2800      	cmp	r0, #0
10002b46:	d027      	beq.n	10002b98 <stdio_usb_out_chars+0xbc>
10002b48:	42b4      	cmp	r4, r6
10002b4a:	da1c      	bge.n	10002b86 <stdio_usb_out_chars+0xaa>
10002b4c:	2000      	movs	r0, #0
10002b4e:	1b35      	subs	r5, r6, r4
10002b50:	f001 fe96 	bl	10004880 <tud_cdc_n_write_available>
10002b54:	4285      	cmp	r5, r0
10002b56:	dce6      	bgt.n	10002b26 <stdio_usb_out_chars+0x4a>
10002b58:	1939      	adds	r1, r7, r4
10002b5a:	002a      	movs	r2, r5
10002b5c:	2000      	movs	r0, #0
10002b5e:	f001 fe75 	bl	1000484c <tud_cdc_n_write>
10002b62:	0005      	movs	r5, r0
10002b64:	f000 fe3e 	bl	100037e4 <tud_task>
10002b68:	2000      	movs	r0, #0
10002b6a:	f001 fe33 	bl	100047d4 <tud_cdc_n_write_flush>
10002b6e:	f7fe fd53 	bl	10001618 <time_us_64>
10002b72:	4643      	mov	r3, r8
10002b74:	1964      	adds	r4, r4, r5
10002b76:	6018      	str	r0, [r3, #0]
10002b78:	6059      	str	r1, [r3, #4]
10002b7a:	e7e5      	b.n	10002b48 <stdio_usb_out_chars+0x6c>
10002b7c:	2000      	movs	r0, #0
10002b7e:	2100      	movs	r1, #0
10002b80:	4b10      	ldr	r3, [pc, #64]	; (10002bc4 <stdio_usb_out_chars+0xe8>)
10002b82:	6018      	str	r0, [r3, #0]
10002b84:	6059      	str	r1, [r3, #4]
10002b86:	4648      	mov	r0, r9
10002b88:	f002 fc62 	bl	10005450 <__mutex_exit_veneer>
10002b8c:	b002      	add	sp, #8
10002b8e:	bc1c      	pop	{r2, r3, r4}
10002b90:	4690      	mov	r8, r2
10002b92:	4699      	mov	r9, r3
10002b94:	46a2      	mov	sl, r4
10002b96:	bdf0      	pop	{r4, r5, r6, r7, pc}
10002b98:	f7fe fd3e 	bl	10001618 <time_us_64>
10002b9c:	4653      	mov	r3, sl
10002b9e:	000d      	movs	r5, r1
10002ba0:	681a      	ldr	r2, [r3, #0]
10002ba2:	685b      	ldr	r3, [r3, #4]
10002ba4:	2100      	movs	r1, #0
10002ba6:	4684      	mov	ip, r0
10002ba8:	4807      	ldr	r0, [pc, #28]	; (10002bc8 <stdio_usb_out_chars+0xec>)
10002baa:	1812      	adds	r2, r2, r0
10002bac:	414b      	adcs	r3, r1
10002bae:	429d      	cmp	r5, r3
10002bb0:	d8e9      	bhi.n	10002b86 <stdio_usb_out_chars+0xaa>
10002bb2:	d1c9      	bne.n	10002b48 <stdio_usb_out_chars+0x6c>
10002bb4:	4594      	cmp	ip, r2
10002bb6:	d9c7      	bls.n	10002b48 <stdio_usb_out_chars+0x6c>
10002bb8:	e7e5      	b.n	10002b86 <stdio_usb_out_chars+0xaa>
10002bba:	0005      	movs	r5, r0
10002bbc:	e7cc      	b.n	10002b58 <stdio_usb_out_chars+0x7c>
10002bbe:	46c0      	nop			; (mov r8, r8)
10002bc0:	20000f10 	.word	0x20000f10
10002bc4:	20000570 	.word	0x20000570
10002bc8:	0007a120 	.word	0x0007a120

10002bcc <timer_task>:
10002bcc:	b510      	push	{r4, lr}
10002bce:	4b04      	ldr	r3, [pc, #16]	; (10002be0 <timer_task+0x14>)
10002bd0:	7818      	ldrb	r0, [r3, #0]
10002bd2:	f7fd ff17 	bl	10000a04 <irq_set_pending>
10002bd6:	20fa      	movs	r0, #250	; 0xfa
10002bd8:	2100      	movs	r1, #0
10002bda:	0080      	lsls	r0, r0, #2
10002bdc:	bd10      	pop	{r4, pc}
10002bde:	46c0      	nop			; (mov r8, r8)
10002be0:	20000f45 	.word	0x20000f45

10002be4 <usb_irq>:
10002be4:	b510      	push	{r4, lr}
10002be6:	4b02      	ldr	r3, [pc, #8]	; (10002bf0 <usb_irq+0xc>)
10002be8:	7818      	ldrb	r0, [r3, #0]
10002bea:	f7fd ff0b 	bl	10000a04 <irq_set_pending>
10002bee:	bd10      	pop	{r4, pc}
10002bf0:	20000f45 	.word	0x20000f45

10002bf4 <low_priority_worker_irq>:
10002bf4:	b510      	push	{r4, lr}
10002bf6:	4c07      	ldr	r4, [pc, #28]	; (10002c14 <low_priority_worker_irq+0x20>)
10002bf8:	2100      	movs	r1, #0
10002bfa:	0020      	movs	r0, r4
10002bfc:	f002 fc38 	bl	10005470 <__mutex_try_enter_veneer>
10002c00:	2800      	cmp	r0, #0
10002c02:	d100      	bne.n	10002c06 <low_priority_worker_irq+0x12>
10002c04:	bd10      	pop	{r4, pc}
10002c06:	f000 fded 	bl	100037e4 <tud_task>
10002c0a:	0020      	movs	r0, r4
10002c0c:	f002 fc20 	bl	10005450 <__mutex_exit_veneer>
10002c10:	e7f8      	b.n	10002c04 <low_priority_worker_irq+0x10>
10002c12:	46c0      	nop			; (mov r8, r8)
10002c14:	20000f10 	.word	0x20000f10

10002c18 <stdio_usb_init>:
10002c18:	b530      	push	{r4, r5, lr}
10002c1a:	4b23      	ldr	r3, [pc, #140]	; (10002ca8 <stdio_usb_init+0x90>)
10002c1c:	b085      	sub	sp, #20
10002c1e:	781b      	ldrb	r3, [r3, #0]
10002c20:	f002 f83c 	bl	10004c9c <tusb_init>
10002c24:	4821      	ldr	r0, [pc, #132]	; (10002cac <stdio_usb_init+0x94>)
10002c26:	f7ff f905 	bl	10001e34 <mutex_init>
10002c2a:	2001      	movs	r0, #1
10002c2c:	f7fe f964 	bl	10000ef8 <user_irq_claim_unused>
10002c30:	23ff      	movs	r3, #255	; 0xff
10002c32:	4c1f      	ldr	r4, [pc, #124]	; (10002cb0 <stdio_usb_init+0x98>)
10002c34:	491f      	ldr	r1, [pc, #124]	; (10002cb4 <stdio_usb_init+0x9c>)
10002c36:	7020      	strb	r0, [r4, #0]
10002c38:	4018      	ands	r0, r3
10002c3a:	f7fd ff09 	bl	10000a50 <irq_set_exclusive_handler>
10002c3e:	7820      	ldrb	r0, [r4, #0]
10002c40:	2101      	movs	r1, #1
10002c42:	f7fd fecd 	bl	100009e0 <irq_set_enabled>
10002c46:	2005      	movs	r0, #5
10002c48:	f7fd fee4 	bl	10000a14 <irq_has_shared_handler>
10002c4c:	1e04      	subs	r4, r0, #0
10002c4e:	d00c      	beq.n	10002c6a <stdio_usb_init+0x52>
10002c50:	2200      	movs	r2, #0
10002c52:	4919      	ldr	r1, [pc, #100]	; (10002cb8 <stdio_usb_init+0xa0>)
10002c54:	2005      	movs	r0, #5
10002c56:	f7fd ff25 	bl	10000aa4 <irq_add_shared_handler>
10002c5a:	2101      	movs	r1, #1
10002c5c:	4817      	ldr	r0, [pc, #92]	; (10002cbc <stdio_usb_init+0xa4>)
10002c5e:	f7ff fe7d 	bl	1000295c <stdio_set_driver_enabled>
10002c62:	2401      	movs	r4, #1
10002c64:	0020      	movs	r0, r4
10002c66:	b005      	add	sp, #20
10002c68:	bd30      	pop	{r4, r5, pc}
10002c6a:	f7fe fb3b 	bl	100012e4 <alarm_pool_get_default>
10002c6e:	0005      	movs	r5, r0
10002c70:	f7fe fcd2 	bl	10001618 <time_us_64>
10002c74:	22fa      	movs	r2, #250	; 0xfa
10002c76:	2300      	movs	r3, #0
10002c78:	0092      	lsls	r2, r2, #2
10002c7a:	1812      	adds	r2, r2, r0
10002c7c:	414b      	adcs	r3, r1
10002c7e:	4299      	cmp	r1, r3
10002c80:	d80e      	bhi.n	10002ca0 <stdio_usb_init+0x88>
10002c82:	d00b      	beq.n	10002c9c <stdio_usb_init+0x84>
10002c84:	2101      	movs	r1, #1
10002c86:	9102      	str	r1, [sp, #8]
10002c88:	2100      	movs	r1, #0
10002c8a:	9101      	str	r1, [sp, #4]
10002c8c:	490c      	ldr	r1, [pc, #48]	; (10002cc0 <stdio_usb_init+0xa8>)
10002c8e:	0028      	movs	r0, r5
10002c90:	9100      	str	r1, [sp, #0]
10002c92:	f7fe fb2b 	bl	100012ec <alarm_pool_add_alarm_at>
10002c96:	2800      	cmp	r0, #0
10002c98:	d0e4      	beq.n	10002c64 <stdio_usb_init+0x4c>
10002c9a:	e7de      	b.n	10002c5a <stdio_usb_init+0x42>
10002c9c:	4290      	cmp	r0, r2
10002c9e:	d9f1      	bls.n	10002c84 <stdio_usb_init+0x6c>
10002ca0:	2201      	movs	r2, #1
10002ca2:	4252      	negs	r2, r2
10002ca4:	17d3      	asrs	r3, r2, #31
10002ca6:	e7ed      	b.n	10002c84 <stdio_usb_init+0x6c>
10002ca8:	10005794 	.word	0x10005794
10002cac:	20000f10 	.word	0x20000f10
10002cb0:	20000f45 	.word	0x20000f45
10002cb4:	10002bf5 	.word	0x10002bf5
10002cb8:	10002be5 	.word	0x10002be5
10002cbc:	20000410 	.word	0x20000410
10002cc0:	10002bcd 	.word	0x10002bcd

10002cc4 <tud_descriptor_device_cb>:
10002cc4:	4800      	ldr	r0, [pc, #0]	; (10002cc8 <tud_descriptor_device_cb+0x4>)
10002cc6:	4770      	bx	lr
10002cc8:	10005640 	.word	0x10005640

10002ccc <tud_descriptor_configuration_cb>:
10002ccc:	4800      	ldr	r0, [pc, #0]	; (10002cd0 <tud_descriptor_configuration_cb+0x4>)
10002cce:	4770      	bx	lr
10002cd0:	100055ec 	.word	0x100055ec

10002cd4 <tud_descriptor_string_cb>:
10002cd4:	b570      	push	{r4, r5, r6, lr}
10002cd6:	0004      	movs	r4, r0
10002cd8:	4816      	ldr	r0, [pc, #88]	; (10002d34 <tud_descriptor_string_cb+0x60>)
10002cda:	7803      	ldrb	r3, [r0, #0]
10002cdc:	2b00      	cmp	r3, #0
10002cde:	d020      	beq.n	10002d22 <tud_descriptor_string_cb+0x4e>
10002ce0:	2c00      	cmp	r4, #0
10002ce2:	d018      	beq.n	10002d16 <tud_descriptor_string_cb+0x42>
10002ce4:	2c05      	cmp	r4, #5
10002ce6:	d823      	bhi.n	10002d30 <tud_descriptor_string_cb+0x5c>
10002ce8:	4b13      	ldr	r3, [pc, #76]	; (10002d38 <tud_descriptor_string_cb+0x64>)
10002cea:	4814      	ldr	r0, [pc, #80]	; (10002d3c <tud_descriptor_string_cb+0x68>)
10002cec:	00a4      	lsls	r4, r4, #2
10002cee:	58e5      	ldr	r5, [r4, r3]
10002cf0:	1c81      	adds	r1, r0, #2
10002cf2:	2300      	movs	r3, #0
10002cf4:	e004      	b.n	10002d00 <tud_descriptor_string_cb+0x2c>
10002cf6:	3301      	adds	r3, #1
10002cf8:	800a      	strh	r2, [r1, #0]
10002cfa:	3102      	adds	r1, #2
10002cfc:	2b13      	cmp	r3, #19
10002cfe:	d014      	beq.n	10002d2a <tud_descriptor_string_cb+0x56>
10002d00:	5cea      	ldrb	r2, [r5, r3]
10002d02:	b2dc      	uxtb	r4, r3
10002d04:	2a00      	cmp	r2, #0
10002d06:	d1f6      	bne.n	10002cf6 <tud_descriptor_string_cb+0x22>
10002d08:	23c0      	movs	r3, #192	; 0xc0
10002d0a:	3401      	adds	r4, #1
10002d0c:	0064      	lsls	r4, r4, #1
10002d0e:	009b      	lsls	r3, r3, #2
10002d10:	431c      	orrs	r4, r3
10002d12:	8004      	strh	r4, [r0, #0]
10002d14:	bd70      	pop	{r4, r5, r6, pc}
10002d16:	24c1      	movs	r4, #193	; 0xc1
10002d18:	4808      	ldr	r0, [pc, #32]	; (10002d3c <tud_descriptor_string_cb+0x68>)
10002d1a:	4b09      	ldr	r3, [pc, #36]	; (10002d40 <tud_descriptor_string_cb+0x6c>)
10002d1c:	00a4      	lsls	r4, r4, #2
10002d1e:	8043      	strh	r3, [r0, #2]
10002d20:	e7f7      	b.n	10002d12 <tud_descriptor_string_cb+0x3e>
10002d22:	2111      	movs	r1, #17
10002d24:	f002 fa50 	bl	100051c8 <pico_get_unique_board_id_string>
10002d28:	e7da      	b.n	10002ce0 <tud_descriptor_string_cb+0xc>
10002d2a:	24ca      	movs	r4, #202	; 0xca
10002d2c:	00a4      	lsls	r4, r4, #2
10002d2e:	e7f0      	b.n	10002d12 <tud_descriptor_string_cb+0x3e>
10002d30:	2000      	movs	r0, #0
10002d32:	e7ef      	b.n	10002d14 <tud_descriptor_string_cb+0x40>
10002d34:	20000f28 	.word	0x20000f28
10002d38:	10005654 	.word	0x10005654
10002d3c:	20000aac 	.word	0x20000aac
10002d40:	00000409 	.word	0x00000409

10002d44 <dcd_rp2040_irq>:
10002d44:	b5f0      	push	{r4, r5, r6, r7, lr}
10002d46:	2398      	movs	r3, #152	; 0x98
10002d48:	4657      	mov	r7, sl
10002d4a:	4645      	mov	r5, r8
10002d4c:	46de      	mov	lr, fp
10002d4e:	464e      	mov	r6, r9
10002d50:	4a6c      	ldr	r2, [pc, #432]	; (10002f04 <dcd_rp2040_irq+0x1c0>)
10002d52:	b5e0      	push	{r5, r6, r7, lr}
10002d54:	58d7      	ldr	r7, [r2, r3]
10002d56:	2580      	movs	r5, #128	; 0x80
10002d58:	003c      	movs	r4, r7
10002d5a:	026d      	lsls	r5, r5, #9
10002d5c:	3b88      	subs	r3, #136	; 0x88
10002d5e:	b083      	sub	sp, #12
10002d60:	402c      	ands	r4, r5
10002d62:	469a      	mov	sl, r3
10002d64:	d00f      	beq.n	10002d86 <dcd_rp2040_irq+0x42>
10002d66:	2201      	movs	r2, #1
10002d68:	2123      	movs	r1, #35	; 0x23
10002d6a:	4b67      	ldr	r3, [pc, #412]	; (10002f08 <dcd_rp2040_irq+0x1c4>)
10002d6c:	2000      	movs	r0, #0
10002d6e:	545a      	strb	r2, [r3, r1]
10002d70:	70da      	strb	r2, [r3, #3]
10002d72:	4966      	ldr	r1, [pc, #408]	; (10002f0c <dcd_rp2040_irq+0x1c8>)
10002d74:	f001 fa88 	bl	10004288 <dcd_event_setup_received>
10002d78:	2280      	movs	r2, #128	; 0x80
10002d7a:	4b65      	ldr	r3, [pc, #404]	; (10002f10 <dcd_rp2040_irq+0x1cc>)
10002d7c:	0292      	lsls	r2, r2, #10
10002d7e:	651a      	str	r2, [r3, #80]	; 0x50
10002d80:	4b64      	ldr	r3, [pc, #400]	; (10002f14 <dcd_rp2040_irq+0x1d0>)
10002d82:	002c      	movs	r4, r5
10002d84:	469a      	mov	sl, r3
10002d86:	06fb      	lsls	r3, r7, #27
10002d88:	d417      	bmi.n	10002dba <dcd_rp2040_irq+0x76>
10002d8a:	2380      	movs	r3, #128	; 0x80
10002d8c:	015b      	lsls	r3, r3, #5
10002d8e:	421f      	tst	r7, r3
10002d90:	d145      	bne.n	10002e1e <dcd_rp2040_irq+0xda>
10002d92:	2380      	movs	r3, #128	; 0x80
10002d94:	01db      	lsls	r3, r3, #7
10002d96:	421f      	tst	r7, r3
10002d98:	d000      	beq.n	10002d9c <dcd_rp2040_irq+0x58>
10002d9a:	e088      	b.n	10002eae <dcd_rp2040_irq+0x16a>
10002d9c:	2380      	movs	r3, #128	; 0x80
10002d9e:	021b      	lsls	r3, r3, #8
10002da0:	421f      	tst	r7, r3
10002da2:	d000      	beq.n	10002da6 <dcd_rp2040_irq+0x62>
10002da4:	e091      	b.n	10002eca <dcd_rp2040_irq+0x186>
10002da6:	42bc      	cmp	r4, r7
10002da8:	d000      	beq.n	10002dac <dcd_rp2040_irq+0x68>
10002daa:	e0a5      	b.n	10002ef8 <dcd_rp2040_irq+0x1b4>
10002dac:	b003      	add	sp, #12
10002dae:	bc3c      	pop	{r2, r3, r4, r5}
10002db0:	4690      	mov	r8, r2
10002db2:	4699      	mov	r9, r3
10002db4:	46a2      	mov	sl, r4
10002db6:	46ab      	mov	fp, r5
10002db8:	bdf0      	pop	{r4, r5, r6, r7, pc}
10002dba:	4b52      	ldr	r3, [pc, #328]	; (10002f04 <dcd_rp2040_irq+0x1c0>)
10002dbc:	6d9b      	ldr	r3, [r3, #88]	; 0x58
10002dbe:	4698      	mov	r8, r3
10002dc0:	2b00      	cmp	r3, #0
10002dc2:	d027      	beq.n	10002e14 <dcd_rp2040_irq+0xd0>
10002dc4:	4b52      	ldr	r3, [pc, #328]	; (10002f10 <dcd_rp2040_irq+0x1cc>)
10002dc6:	2500      	movs	r5, #0
10002dc8:	469b      	mov	fp, r3
10002dca:	2301      	movs	r3, #1
10002dcc:	4699      	mov	r9, r3
10002dce:	4643      	mov	r3, r8
10002dd0:	2601      	movs	r6, #1
10002dd2:	46b8      	mov	r8, r7
10002dd4:	001f      	movs	r7, r3
10002dd6:	e004      	b.n	10002de2 <dcd_rp2040_irq+0x9e>
10002dd8:	3501      	adds	r5, #1
10002dda:	0076      	lsls	r6, r6, #1
10002ddc:	b2ed      	uxtb	r5, r5
10002dde:	2d20      	cmp	r5, #32
10002de0:	d017      	beq.n	10002e12 <dcd_rp2040_irq+0xce>
10002de2:	4237      	tst	r7, r6
10002de4:	d0f8      	beq.n	10002dd8 <dcd_rp2040_irq+0x94>
10002de6:	465b      	mov	r3, fp
10002de8:	659e      	str	r6, [r3, #88]	; 0x58
10002dea:	464b      	mov	r3, r9
10002dec:	086c      	lsrs	r4, r5, #1
10002dee:	43ab      	bics	r3, r5
10002df0:	0064      	lsls	r4, r4, #1
10002df2:	18e4      	adds	r4, r4, r3
10002df4:	4b44      	ldr	r3, [pc, #272]	; (10002f08 <dcd_rp2040_irq+0x1c4>)
10002df6:	0164      	lsls	r4, r4, #5
10002df8:	469c      	mov	ip, r3
10002dfa:	4464      	add	r4, ip
10002dfc:	0020      	movs	r0, r4
10002dfe:	f000 fb81 	bl	10003504 <hw_endpoint_xfer_continue>
10002e02:	2800      	cmp	r0, #0
10002e04:	d16c      	bne.n	10002ee0 <dcd_rp2040_irq+0x19c>
10002e06:	3501      	adds	r5, #1
10002e08:	43b7      	bics	r7, r6
10002e0a:	b2ed      	uxtb	r5, r5
10002e0c:	0076      	lsls	r6, r6, #1
10002e0e:	2f00      	cmp	r7, #0
10002e10:	d1e5      	bne.n	10002dde <dcd_rp2040_irq+0x9a>
10002e12:	4647      	mov	r7, r8
10002e14:	2380      	movs	r3, #128	; 0x80
10002e16:	015b      	lsls	r3, r3, #5
10002e18:	4654      	mov	r4, sl
10002e1a:	421f      	tst	r7, r3
10002e1c:	d0b9      	beq.n	10002d92 <dcd_rp2040_irq+0x4e>
10002e1e:	431c      	orrs	r4, r3
10002e20:	2300      	movs	r3, #0
10002e22:	4a38      	ldr	r2, [pc, #224]	; (10002f04 <dcd_rp2040_irq+0x1c0>)
10002e24:	2100      	movs	r1, #0
10002e26:	6013      	str	r3, [r2, #0]
10002e28:	4a38      	ldr	r2, [pc, #224]	; (10002f0c <dcd_rp2040_irq+0x1c8>)
10002e2a:	483b      	ldr	r0, [pc, #236]	; (10002f18 <dcd_rp2040_irq+0x1d4>)
10002e2c:	6093      	str	r3, [r2, #8]
10002e2e:	60d3      	str	r3, [r2, #12]
10002e30:	4a3a      	ldr	r2, [pc, #232]	; (10002f1c <dcd_rp2040_irq+0x1d8>)
10002e32:	6093      	str	r3, [r2, #8]
10002e34:	60d3      	str	r3, [r2, #12]
10002e36:	4a3a      	ldr	r2, [pc, #232]	; (10002f20 <dcd_rp2040_irq+0x1dc>)
10002e38:	6093      	str	r3, [r2, #8]
10002e3a:	60d3      	str	r3, [r2, #12]
10002e3c:	4a39      	ldr	r2, [pc, #228]	; (10002f24 <dcd_rp2040_irq+0x1e0>)
10002e3e:	6093      	str	r3, [r2, #8]
10002e40:	60d3      	str	r3, [r2, #12]
10002e42:	4a39      	ldr	r2, [pc, #228]	; (10002f28 <dcd_rp2040_irq+0x1e4>)
10002e44:	6093      	str	r3, [r2, #8]
10002e46:	60d3      	str	r3, [r2, #12]
10002e48:	4a38      	ldr	r2, [pc, #224]	; (10002f2c <dcd_rp2040_irq+0x1e8>)
10002e4a:	6093      	str	r3, [r2, #8]
10002e4c:	60d3      	str	r3, [r2, #12]
10002e4e:	4a38      	ldr	r2, [pc, #224]	; (10002f30 <dcd_rp2040_irq+0x1ec>)
10002e50:	6093      	str	r3, [r2, #8]
10002e52:	60d3      	str	r3, [r2, #12]
10002e54:	4a37      	ldr	r2, [pc, #220]	; (10002f34 <dcd_rp2040_irq+0x1f0>)
10002e56:	6093      	str	r3, [r2, #8]
10002e58:	60d3      	str	r3, [r2, #12]
10002e5a:	4a37      	ldr	r2, [pc, #220]	; (10002f38 <dcd_rp2040_irq+0x1f4>)
10002e5c:	6093      	str	r3, [r2, #8]
10002e5e:	60d3      	str	r3, [r2, #12]
10002e60:	4a36      	ldr	r2, [pc, #216]	; (10002f3c <dcd_rp2040_irq+0x1f8>)
10002e62:	6093      	str	r3, [r2, #8]
10002e64:	60d3      	str	r3, [r2, #12]
10002e66:	4a36      	ldr	r2, [pc, #216]	; (10002f40 <dcd_rp2040_irq+0x1fc>)
10002e68:	6093      	str	r3, [r2, #8]
10002e6a:	60d3      	str	r3, [r2, #12]
10002e6c:	4a35      	ldr	r2, [pc, #212]	; (10002f44 <dcd_rp2040_irq+0x200>)
10002e6e:	6093      	str	r3, [r2, #8]
10002e70:	60d3      	str	r3, [r2, #12]
10002e72:	4a35      	ldr	r2, [pc, #212]	; (10002f48 <dcd_rp2040_irq+0x204>)
10002e74:	6093      	str	r3, [r2, #8]
10002e76:	60d3      	str	r3, [r2, #12]
10002e78:	4a34      	ldr	r2, [pc, #208]	; (10002f4c <dcd_rp2040_irq+0x208>)
10002e7a:	6093      	str	r3, [r2, #8]
10002e7c:	60d3      	str	r3, [r2, #12]
10002e7e:	4a34      	ldr	r2, [pc, #208]	; (10002f50 <dcd_rp2040_irq+0x20c>)
10002e80:	6093      	str	r3, [r2, #8]
10002e82:	60d3      	str	r3, [r2, #12]
10002e84:	22f0      	movs	r2, #240	; 0xf0
10002e86:	0092      	lsls	r2, r2, #2
10002e88:	f7ff fc12 	bl	100026b0 <__wrap_memset>
10002e8c:	4b31      	ldr	r3, [pc, #196]	; (10002f54 <dcd_rp2040_irq+0x210>)
10002e8e:	4a32      	ldr	r2, [pc, #200]	; (10002f58 <dcd_rp2040_irq+0x214>)
10002e90:	2100      	movs	r1, #0
10002e92:	601a      	str	r2, [r3, #0]
10002e94:	2000      	movs	r0, #0
10002e96:	2201      	movs	r2, #1
10002e98:	f001 f9ca 	bl	10004230 <dcd_event_bus_reset>
10002e9c:	2280      	movs	r2, #128	; 0x80
10002e9e:	4b1c      	ldr	r3, [pc, #112]	; (10002f10 <dcd_rp2040_irq+0x1cc>)
10002ea0:	0312      	lsls	r2, r2, #12
10002ea2:	651a      	str	r2, [r3, #80]	; 0x50
10002ea4:	2380      	movs	r3, #128	; 0x80
10002ea6:	01db      	lsls	r3, r3, #7
10002ea8:	421f      	tst	r7, r3
10002eaa:	d100      	bne.n	10002eae <dcd_rp2040_irq+0x16a>
10002eac:	e776      	b.n	10002d9c <dcd_rp2040_irq+0x58>
10002eae:	2201      	movs	r2, #1
10002eb0:	2104      	movs	r1, #4
10002eb2:	2000      	movs	r0, #0
10002eb4:	431c      	orrs	r4, r3
10002eb6:	f001 f929 	bl	1000410c <dcd_event_bus_signal>
10002eba:	2210      	movs	r2, #16
10002ebc:	4b14      	ldr	r3, [pc, #80]	; (10002f10 <dcd_rp2040_irq+0x1cc>)
10002ebe:	651a      	str	r2, [r3, #80]	; 0x50
10002ec0:	2380      	movs	r3, #128	; 0x80
10002ec2:	021b      	lsls	r3, r3, #8
10002ec4:	421f      	tst	r7, r3
10002ec6:	d100      	bne.n	10002eca <dcd_rp2040_irq+0x186>
10002ec8:	e76d      	b.n	10002da6 <dcd_rp2040_irq+0x62>
10002eca:	2201      	movs	r2, #1
10002ecc:	2105      	movs	r1, #5
10002ece:	2000      	movs	r0, #0
10002ed0:	431c      	orrs	r4, r3
10002ed2:	f001 f91b 	bl	1000410c <dcd_event_bus_signal>
10002ed6:	2280      	movs	r2, #128	; 0x80
10002ed8:	4b0d      	ldr	r3, [pc, #52]	; (10002f10 <dcd_rp2040_irq+0x1cc>)
10002eda:	0112      	lsls	r2, r2, #4
10002edc:	651a      	str	r2, [r3, #80]	; 0x50
10002ede:	e762      	b.n	10002da6 <dcd_rp2040_irq+0x62>
10002ee0:	464b      	mov	r3, r9
10002ee2:	8aa2      	ldrh	r2, [r4, #20]
10002ee4:	78a1      	ldrb	r1, [r4, #2]
10002ee6:	2000      	movs	r0, #0
10002ee8:	9300      	str	r3, [sp, #0]
10002eea:	2300      	movs	r3, #0
10002eec:	f001 f9f4 	bl	100042d8 <dcd_event_xfer_complete>
10002ef0:	0020      	movs	r0, r4
10002ef2:	f000 fa45 	bl	10003380 <hw_endpoint_reset_transfer>
10002ef6:	e786      	b.n	10002e06 <dcd_rp2040_irq+0xc2>
10002ef8:	0021      	movs	r1, r4
10002efa:	4818      	ldr	r0, [pc, #96]	; (10002f5c <dcd_rp2040_irq+0x218>)
10002efc:	4079      	eors	r1, r7
10002efe:	f7ff f841 	bl	10001f84 <panic>
10002f02:	46c0      	nop			; (mov r8, r8)
10002f04:	50110000 	.word	0x50110000
10002f08:	20000adc 	.word	0x20000adc
10002f0c:	50100000 	.word	0x50100000
10002f10:	50113000 	.word	0x50113000
10002f14:	00010010 	.word	0x00010010
10002f18:	20000b1c 	.word	0x20000b1c
10002f1c:	50100008 	.word	0x50100008
10002f20:	50100010 	.word	0x50100010
10002f24:	50100018 	.word	0x50100018
10002f28:	50100020 	.word	0x50100020
10002f2c:	50100028 	.word	0x50100028
10002f30:	50100030 	.word	0x50100030
10002f34:	50100038 	.word	0x50100038
10002f38:	50100040 	.word	0x50100040
10002f3c:	50100048 	.word	0x50100048
10002f40:	50100050 	.word	0x50100050
10002f44:	50100058 	.word	0x50100058
10002f48:	50100060 	.word	0x50100060
10002f4c:	50100068 	.word	0x50100068
10002f50:	50100070 	.word	0x50100070
10002f54:	20000ee4 	.word	0x20000ee4
10002f58:	50100180 	.word	0x50100180
10002f5c:	1000566c 	.word	0x1000566c

10002f60 <dcd_int_enable>:
10002f60:	b510      	push	{r4, lr}
10002f62:	2101      	movs	r1, #1
10002f64:	2005      	movs	r0, #5
10002f66:	f7fd fd3b 	bl	100009e0 <irq_set_enabled>
10002f6a:	bd10      	pop	{r4, pc}

10002f6c <dcd_set_address>:
10002f6c:	b510      	push	{r4, lr}
10002f6e:	2200      	movs	r2, #0
10002f70:	2100      	movs	r1, #0
10002f72:	4802      	ldr	r0, [pc, #8]	; (10002f7c <dcd_set_address+0x10>)
10002f74:	f000 fa2a 	bl	100033cc <hw_endpoint_xfer_start>
10002f78:	bd10      	pop	{r4, pc}
10002f7a:	46c0      	nop			; (mov r8, r8)
10002f7c:	20000afc 	.word	0x20000afc

10002f80 <dcd_connect>:
10002f80:	2280      	movs	r2, #128	; 0x80
10002f82:	4b02      	ldr	r3, [pc, #8]	; (10002f8c <dcd_connect+0xc>)
10002f84:	0252      	lsls	r2, r2, #9
10002f86:	64da      	str	r2, [r3, #76]	; 0x4c
10002f88:	4770      	bx	lr
10002f8a:	46c0      	nop			; (mov r8, r8)
10002f8c:	50112000 	.word	0x50112000

10002f90 <dcd_init>:
10002f90:	b5f0      	push	{r4, r5, r6, r7, lr}
10002f92:	46c6      	mov	lr, r8
10002f94:	b500      	push	{lr}
10002f96:	0007      	movs	r7, r0
10002f98:	f000 f9cc 	bl	10003334 <rp2040_usb_init>
10002f9c:	230c      	movs	r3, #12
10002f9e:	4d35      	ldr	r5, [pc, #212]	; (10003074 <dcd_init+0xe4>)
10002fa0:	4935      	ldr	r1, [pc, #212]	; (10003078 <dcd_init+0xe8>)
10002fa2:	67ab      	str	r3, [r5, #120]	; 0x78
10002fa4:	2005      	movs	r0, #5
10002fa6:	f7fd fd53 	bl	10000a50 <irq_set_exclusive_handler>
10002faa:	2340      	movs	r3, #64	; 0x40
10002fac:	4698      	mov	r8, r3
10002fae:	4c33      	ldr	r4, [pc, #204]	; (1000307c <dcd_init+0xec>)
10002fb0:	2240      	movs	r2, #64	; 0x40
10002fb2:	2100      	movs	r1, #0
10002fb4:	0020      	movs	r0, r4
10002fb6:	f7ff fb7b 	bl	100026b0 <__wrap_memset>
10002fba:	4643      	mov	r3, r8
10002fbc:	2601      	movs	r6, #1
10002fbe:	83a3      	strh	r3, [r4, #28]
10002fc0:	2121      	movs	r1, #33	; 0x21
10002fc2:	2300      	movs	r3, #0
10002fc4:	4a2e      	ldr	r2, [pc, #184]	; (10003080 <dcd_init+0xf0>)
10002fc6:	7066      	strb	r6, [r4, #1]
10002fc8:	60a2      	str	r2, [r4, #8]
10002fca:	6013      	str	r3, [r2, #0]
10002fcc:	5463      	strb	r3, [r4, r1]
10002fce:	315f      	adds	r1, #95	; 0x5f
10002fd0:	8461      	strh	r1, [r4, #34]	; 0x22
10002fd2:	4641      	mov	r1, r8
10002fd4:	87a1      	strh	r1, [r4, #60]	; 0x3c
10002fd6:	3902      	subs	r1, #2
10002fd8:	5463      	strb	r3, [r4, r1]
10002fda:	4a2a      	ldr	r2, [pc, #168]	; (10003084 <dcd_init+0xf4>)
10002fdc:	492a      	ldr	r1, [pc, #168]	; (10003088 <dcd_init+0xf8>)
10002fde:	6063      	str	r3, [r4, #4]
10002fe0:	60e2      	str	r2, [r4, #12]
10002fe2:	62a1      	str	r1, [r4, #40]	; 0x28
10002fe4:	600b      	str	r3, [r1, #0]
10002fe6:	62e2      	str	r2, [r4, #44]	; 0x2c
10002fe8:	4a28      	ldr	r2, [pc, #160]	; (1000308c <dcd_init+0xfc>)
10002fea:	6263      	str	r3, [r4, #36]	; 0x24
10002fec:	6093      	str	r3, [r2, #8]
10002fee:	60d3      	str	r3, [r2, #12]
10002ff0:	4a27      	ldr	r2, [pc, #156]	; (10003090 <dcd_init+0x100>)
10002ff2:	0020      	movs	r0, r4
10002ff4:	6093      	str	r3, [r2, #8]
10002ff6:	60d3      	str	r3, [r2, #12]
10002ff8:	4a26      	ldr	r2, [pc, #152]	; (10003094 <dcd_init+0x104>)
10002ffa:	2100      	movs	r1, #0
10002ffc:	6093      	str	r3, [r2, #8]
10002ffe:	60d3      	str	r3, [r2, #12]
10003000:	4a25      	ldr	r2, [pc, #148]	; (10003098 <dcd_init+0x108>)
10003002:	3040      	adds	r0, #64	; 0x40
10003004:	6093      	str	r3, [r2, #8]
10003006:	60d3      	str	r3, [r2, #12]
10003008:	4a24      	ldr	r2, [pc, #144]	; (1000309c <dcd_init+0x10c>)
1000300a:	6093      	str	r3, [r2, #8]
1000300c:	60d3      	str	r3, [r2, #12]
1000300e:	4a24      	ldr	r2, [pc, #144]	; (100030a0 <dcd_init+0x110>)
10003010:	6093      	str	r3, [r2, #8]
10003012:	60d3      	str	r3, [r2, #12]
10003014:	4a23      	ldr	r2, [pc, #140]	; (100030a4 <dcd_init+0x114>)
10003016:	6093      	str	r3, [r2, #8]
10003018:	60d3      	str	r3, [r2, #12]
1000301a:	4a23      	ldr	r2, [pc, #140]	; (100030a8 <dcd_init+0x118>)
1000301c:	6093      	str	r3, [r2, #8]
1000301e:	60d3      	str	r3, [r2, #12]
10003020:	4a22      	ldr	r2, [pc, #136]	; (100030ac <dcd_init+0x11c>)
10003022:	6093      	str	r3, [r2, #8]
10003024:	60d3      	str	r3, [r2, #12]
10003026:	4a22      	ldr	r2, [pc, #136]	; (100030b0 <dcd_init+0x120>)
10003028:	6093      	str	r3, [r2, #8]
1000302a:	60d3      	str	r3, [r2, #12]
1000302c:	4a21      	ldr	r2, [pc, #132]	; (100030b4 <dcd_init+0x124>)
1000302e:	6093      	str	r3, [r2, #8]
10003030:	60d3      	str	r3, [r2, #12]
10003032:	4a21      	ldr	r2, [pc, #132]	; (100030b8 <dcd_init+0x128>)
10003034:	6093      	str	r3, [r2, #8]
10003036:	60d3      	str	r3, [r2, #12]
10003038:	4a20      	ldr	r2, [pc, #128]	; (100030bc <dcd_init+0x12c>)
1000303a:	6093      	str	r3, [r2, #8]
1000303c:	60d3      	str	r3, [r2, #12]
1000303e:	4a20      	ldr	r2, [pc, #128]	; (100030c0 <dcd_init+0x130>)
10003040:	6093      	str	r3, [r2, #8]
10003042:	60d3      	str	r3, [r2, #12]
10003044:	4a1f      	ldr	r2, [pc, #124]	; (100030c4 <dcd_init+0x134>)
10003046:	6093      	str	r3, [r2, #8]
10003048:	60d3      	str	r3, [r2, #12]
1000304a:	22f0      	movs	r2, #240	; 0xf0
1000304c:	0092      	lsls	r2, r2, #2
1000304e:	f7ff fb2f 	bl	100026b0 <__wrap_memset>
10003052:	4b1d      	ldr	r3, [pc, #116]	; (100030c8 <dcd_init+0x138>)
10003054:	4a1d      	ldr	r2, [pc, #116]	; (100030cc <dcd_init+0x13c>)
10003056:	0038      	movs	r0, r7
10003058:	601a      	str	r2, [r3, #0]
1000305a:	2380      	movs	r3, #128	; 0x80
1000305c:	059b      	lsls	r3, r3, #22
1000305e:	642e      	str	r6, [r5, #64]	; 0x40
10003060:	64eb      	str	r3, [r5, #76]	; 0x4c
10003062:	2390      	movs	r3, #144	; 0x90
10003064:	4a1a      	ldr	r2, [pc, #104]	; (100030d0 <dcd_init+0x140>)
10003066:	50ea      	str	r2, [r5, r3]
10003068:	f7ff ff8a 	bl	10002f80 <dcd_connect>
1000306c:	bc04      	pop	{r2}
1000306e:	4690      	mov	r8, r2
10003070:	bdf0      	pop	{r4, r5, r6, r7, pc}
10003072:	46c0      	nop			; (mov r8, r8)
10003074:	50110000 	.word	0x50110000
10003078:	10002d45 	.word	0x10002d45
1000307c:	20000adc 	.word	0x20000adc
10003080:	50100084 	.word	0x50100084
10003084:	50100100 	.word	0x50100100
10003088:	50100080 	.word	0x50100080
1000308c:	50100000 	.word	0x50100000
10003090:	50100008 	.word	0x50100008
10003094:	50100010 	.word	0x50100010
10003098:	50100018 	.word	0x50100018
1000309c:	50100020 	.word	0x50100020
100030a0:	50100028 	.word	0x50100028
100030a4:	50100030 	.word	0x50100030
100030a8:	50100038 	.word	0x50100038
100030ac:	50100040 	.word	0x50100040
100030b0:	50100048 	.word	0x50100048
100030b4:	50100050 	.word	0x50100050
100030b8:	50100058 	.word	0x50100058
100030bc:	50100060 	.word	0x50100060
100030c0:	50100068 	.word	0x50100068
100030c4:	50100070 	.word	0x50100070
100030c8:	20000ee4 	.word	0x20000ee4
100030cc:	50100180 	.word	0x50100180
100030d0:	0001d010 	.word	0x0001d010

100030d4 <dcd_edpt0_status_complete>:
100030d4:	780b      	ldrb	r3, [r1, #0]
100030d6:	065b      	lsls	r3, r3, #25
100030d8:	d102      	bne.n	100030e0 <dcd_edpt0_status_complete+0xc>
100030da:	784b      	ldrb	r3, [r1, #1]
100030dc:	2b05      	cmp	r3, #5
100030de:	d000      	beq.n	100030e2 <dcd_edpt0_status_complete+0xe>
100030e0:	4770      	bx	lr
100030e2:	788a      	ldrb	r2, [r1, #2]
100030e4:	4b01      	ldr	r3, [pc, #4]	; (100030ec <dcd_edpt0_status_complete+0x18>)
100030e6:	601a      	str	r2, [r3, #0]
100030e8:	e7fa      	b.n	100030e0 <dcd_edpt0_status_complete+0xc>
100030ea:	46c0      	nop			; (mov r8, r8)
100030ec:	50110000 	.word	0x50110000

100030f0 <dcd_edpt_open>:
100030f0:	b5f0      	push	{r4, r5, r6, r7, lr}
100030f2:	46c6      	mov	lr, r8
100030f4:	2307      	movs	r3, #7
100030f6:	b500      	push	{lr}
100030f8:	7948      	ldrb	r0, [r1, #5]
100030fa:	788f      	ldrb	r7, [r1, #2]
100030fc:	790a      	ldrb	r2, [r1, #4]
100030fe:	4003      	ands	r3, r0
10003100:	78c8      	ldrb	r0, [r1, #3]
10003102:	217f      	movs	r1, #127	; 0x7f
10003104:	0780      	lsls	r0, r0, #30
10003106:	4039      	ands	r1, r7
10003108:	0f80      	lsrs	r0, r0, #30
1000310a:	021b      	lsls	r3, r3, #8
1000310c:	09fc      	lsrs	r4, r7, #7
1000310e:	4313      	orrs	r3, r2
10003110:	004e      	lsls	r6, r1, #1
10003112:	b2c2      	uxtb	r2, r0
10003114:	4694      	mov	ip, r2
10003116:	4d28      	ldr	r5, [pc, #160]	; (100031b8 <dcd_edpt_open+0xc8>)
10003118:	1932      	adds	r2, r6, r4
1000311a:	0152      	lsls	r2, r2, #5
1000311c:	18aa      	adds	r2, r5, r2
1000311e:	7097      	strb	r7, [r2, #2]
10003120:	2701      	movs	r7, #1
10003122:	4067      	eors	r7, r4
10003124:	7057      	strb	r7, [r2, #1]
10003126:	2700      	movs	r7, #0
10003128:	8393      	strh	r3, [r2, #28]
1000312a:	70d7      	strb	r7, [r2, #3]
1000312c:	7790      	strb	r0, [r2, #30]
1000312e:	00ca      	lsls	r2, r1, #3
10003130:	2c01      	cmp	r4, #1
10003132:	d027      	beq.n	10003184 <dcd_edpt_open+0x94>
10003134:	4821      	ldr	r0, [pc, #132]	; (100031bc <dcd_edpt_open+0xcc>)
10003136:	4680      	mov	r8, r0
10003138:	0188      	lsls	r0, r1, #6
1000313a:	4442      	add	r2, r8
1000313c:	1828      	adds	r0, r5, r0
1000313e:	6082      	str	r2, [r0, #8]
10003140:	6017      	str	r7, [r2, #0]
10003142:	2900      	cmp	r1, #0
10003144:	d027      	beq.n	10003196 <dcd_edpt_open+0xa6>
10003146:	4a1e      	ldr	r2, [pc, #120]	; (100031c0 <dcd_edpt_open+0xd0>)
10003148:	00c9      	lsls	r1, r1, #3
1000314a:	4690      	mov	r8, r2
1000314c:	4441      	add	r1, r8
1000314e:	6041      	str	r1, [r0, #4]
10003150:	223f      	movs	r2, #63	; 0x3f
10003152:	333f      	adds	r3, #63	; 0x3f
10003154:	4393      	bics	r3, r2
10003156:	4662      	mov	r2, ip
10003158:	2a02      	cmp	r2, #2
1000315a:	d100      	bne.n	1000315e <dcd_edpt_open+0x6e>
1000315c:	005b      	lsls	r3, r3, #1
1000315e:	4919      	ldr	r1, [pc, #100]	; (100031c4 <dcd_edpt_open+0xd4>)
10003160:	1936      	adds	r6, r6, r4
10003162:	680a      	ldr	r2, [r1, #0]
10003164:	0176      	lsls	r6, r6, #5
10003166:	18d3      	adds	r3, r2, r3
10003168:	600b      	str	r3, [r1, #0]
1000316a:	4b17      	ldr	r3, [pc, #92]	; (100031c8 <dcd_edpt_open+0xd8>)
1000316c:	19ad      	adds	r5, r5, r6
1000316e:	60ea      	str	r2, [r5, #12]
10003170:	4053      	eors	r3, r2
10003172:	4662      	mov	r2, ip
10003174:	0692      	lsls	r2, r2, #26
10003176:	4313      	orrs	r3, r2
10003178:	2280      	movs	r2, #128	; 0x80
1000317a:	0612      	lsls	r2, r2, #24
1000317c:	4313      	orrs	r3, r2
1000317e:	686a      	ldr	r2, [r5, #4]
10003180:	6013      	str	r3, [r2, #0]
10003182:	e00e      	b.n	100031a2 <dcd_edpt_open+0xb2>
10003184:	4811      	ldr	r0, [pc, #68]	; (100031cc <dcd_edpt_open+0xdc>)
10003186:	4680      	mov	r8, r0
10003188:	0188      	lsls	r0, r1, #6
1000318a:	4442      	add	r2, r8
1000318c:	1828      	adds	r0, r5, r0
1000318e:	6282      	str	r2, [r0, #40]	; 0x28
10003190:	6017      	str	r7, [r2, #0]
10003192:	2900      	cmp	r1, #0
10003194:	d109      	bne.n	100031aa <dcd_edpt_open+0xba>
10003196:	2300      	movs	r3, #0
10003198:	0164      	lsls	r4, r4, #5
1000319a:	192d      	adds	r5, r5, r4
1000319c:	606b      	str	r3, [r5, #4]
1000319e:	4b0c      	ldr	r3, [pc, #48]	; (100031d0 <dcd_edpt_open+0xe0>)
100031a0:	60eb      	str	r3, [r5, #12]
100031a2:	2001      	movs	r0, #1
100031a4:	bc04      	pop	{r2}
100031a6:	4690      	mov	r8, r2
100031a8:	bdf0      	pop	{r4, r5, r6, r7, pc}
100031aa:	4a07      	ldr	r2, [pc, #28]	; (100031c8 <dcd_edpt_open+0xd8>)
100031ac:	00c9      	lsls	r1, r1, #3
100031ae:	4690      	mov	r8, r2
100031b0:	4441      	add	r1, r8
100031b2:	6241      	str	r1, [r0, #36]	; 0x24
100031b4:	e7cc      	b.n	10003150 <dcd_edpt_open+0x60>
100031b6:	46c0      	nop			; (mov r8, r8)
100031b8:	20000adc 	.word	0x20000adc
100031bc:	50100084 	.word	0x50100084
100031c0:	50100004 	.word	0x50100004
100031c4:	20000ee4 	.word	0x20000ee4
100031c8:	50100000 	.word	0x50100000
100031cc:	50100080 	.word	0x50100080
100031d0:	50100100 	.word	0x50100100

100031d4 <dcd_edpt_close_all>:
100031d4:	2300      	movs	r3, #0
100031d6:	4a1c      	ldr	r2, [pc, #112]	; (10003248 <dcd_edpt_close_all+0x74>)
100031d8:	b510      	push	{r4, lr}
100031da:	6093      	str	r3, [r2, #8]
100031dc:	60d3      	str	r3, [r2, #12]
100031de:	4a1b      	ldr	r2, [pc, #108]	; (1000324c <dcd_edpt_close_all+0x78>)
100031e0:	2100      	movs	r1, #0
100031e2:	6093      	str	r3, [r2, #8]
100031e4:	60d3      	str	r3, [r2, #12]
100031e6:	4a1a      	ldr	r2, [pc, #104]	; (10003250 <dcd_edpt_close_all+0x7c>)
100031e8:	481a      	ldr	r0, [pc, #104]	; (10003254 <dcd_edpt_close_all+0x80>)
100031ea:	6093      	str	r3, [r2, #8]
100031ec:	60d3      	str	r3, [r2, #12]
100031ee:	4a1a      	ldr	r2, [pc, #104]	; (10003258 <dcd_edpt_close_all+0x84>)
100031f0:	6093      	str	r3, [r2, #8]
100031f2:	60d3      	str	r3, [r2, #12]
100031f4:	4a19      	ldr	r2, [pc, #100]	; (1000325c <dcd_edpt_close_all+0x88>)
100031f6:	6093      	str	r3, [r2, #8]
100031f8:	60d3      	str	r3, [r2, #12]
100031fa:	4a19      	ldr	r2, [pc, #100]	; (10003260 <dcd_edpt_close_all+0x8c>)
100031fc:	6093      	str	r3, [r2, #8]
100031fe:	60d3      	str	r3, [r2, #12]
10003200:	4a18      	ldr	r2, [pc, #96]	; (10003264 <dcd_edpt_close_all+0x90>)
10003202:	6093      	str	r3, [r2, #8]
10003204:	60d3      	str	r3, [r2, #12]
10003206:	4a18      	ldr	r2, [pc, #96]	; (10003268 <dcd_edpt_close_all+0x94>)
10003208:	6093      	str	r3, [r2, #8]
1000320a:	60d3      	str	r3, [r2, #12]
1000320c:	4a17      	ldr	r2, [pc, #92]	; (1000326c <dcd_edpt_close_all+0x98>)
1000320e:	6093      	str	r3, [r2, #8]
10003210:	60d3      	str	r3, [r2, #12]
10003212:	4a17      	ldr	r2, [pc, #92]	; (10003270 <dcd_edpt_close_all+0x9c>)
10003214:	6093      	str	r3, [r2, #8]
10003216:	60d3      	str	r3, [r2, #12]
10003218:	4a16      	ldr	r2, [pc, #88]	; (10003274 <dcd_edpt_close_all+0xa0>)
1000321a:	6093      	str	r3, [r2, #8]
1000321c:	60d3      	str	r3, [r2, #12]
1000321e:	4a16      	ldr	r2, [pc, #88]	; (10003278 <dcd_edpt_close_all+0xa4>)
10003220:	6093      	str	r3, [r2, #8]
10003222:	60d3      	str	r3, [r2, #12]
10003224:	4a15      	ldr	r2, [pc, #84]	; (1000327c <dcd_edpt_close_all+0xa8>)
10003226:	6093      	str	r3, [r2, #8]
10003228:	60d3      	str	r3, [r2, #12]
1000322a:	4a15      	ldr	r2, [pc, #84]	; (10003280 <dcd_edpt_close_all+0xac>)
1000322c:	6093      	str	r3, [r2, #8]
1000322e:	60d3      	str	r3, [r2, #12]
10003230:	4a14      	ldr	r2, [pc, #80]	; (10003284 <dcd_edpt_close_all+0xb0>)
10003232:	6093      	str	r3, [r2, #8]
10003234:	60d3      	str	r3, [r2, #12]
10003236:	22f0      	movs	r2, #240	; 0xf0
10003238:	0092      	lsls	r2, r2, #2
1000323a:	f7ff fa39 	bl	100026b0 <__wrap_memset>
1000323e:	4b12      	ldr	r3, [pc, #72]	; (10003288 <dcd_edpt_close_all+0xb4>)
10003240:	4a12      	ldr	r2, [pc, #72]	; (1000328c <dcd_edpt_close_all+0xb8>)
10003242:	601a      	str	r2, [r3, #0]
10003244:	bd10      	pop	{r4, pc}
10003246:	46c0      	nop			; (mov r8, r8)
10003248:	50100000 	.word	0x50100000
1000324c:	50100008 	.word	0x50100008
10003250:	50100010 	.word	0x50100010
10003254:	20000b1c 	.word	0x20000b1c
10003258:	50100018 	.word	0x50100018
1000325c:	50100020 	.word	0x50100020
10003260:	50100028 	.word	0x50100028
10003264:	50100030 	.word	0x50100030
10003268:	50100038 	.word	0x50100038
1000326c:	50100040 	.word	0x50100040
10003270:	50100048 	.word	0x50100048
10003274:	50100050 	.word	0x50100050
10003278:	50100058 	.word	0x50100058
1000327c:	50100060 	.word	0x50100060
10003280:	50100068 	.word	0x50100068
10003284:	50100070 	.word	0x50100070
10003288:	20000ee4 	.word	0x20000ee4
1000328c:	50100180 	.word	0x50100180

10003290 <dcd_edpt_xfer>:
10003290:	207f      	movs	r0, #127	; 0x7f
10003292:	b520      	push	{r5, lr}
10003294:	0015      	movs	r5, r2
10003296:	4008      	ands	r0, r1
10003298:	0040      	lsls	r0, r0, #1
1000329a:	09c9      	lsrs	r1, r1, #7
1000329c:	1840      	adds	r0, r0, r1
1000329e:	4904      	ldr	r1, [pc, #16]	; (100032b0 <dcd_edpt_xfer+0x20>)
100032a0:	0140      	lsls	r0, r0, #5
100032a2:	1840      	adds	r0, r0, r1
100032a4:	001a      	movs	r2, r3
100032a6:	0029      	movs	r1, r5
100032a8:	f000 f890 	bl	100033cc <hw_endpoint_xfer_start>
100032ac:	2001      	movs	r0, #1
100032ae:	bd20      	pop	{r5, pc}
100032b0:	20000adc 	.word	0x20000adc

100032b4 <dcd_edpt_stall>:
100032b4:	237f      	movs	r3, #127	; 0x7f
100032b6:	b510      	push	{r4, lr}
100032b8:	400b      	ands	r3, r1
100032ba:	09c9      	lsrs	r1, r1, #7
100032bc:	2b00      	cmp	r3, #0
100032be:	d103      	bne.n	100032c8 <dcd_edpt_stall+0x14>
100032c0:	2202      	movs	r2, #2
100032c2:	4807      	ldr	r0, [pc, #28]	; (100032e0 <dcd_edpt_stall+0x2c>)
100032c4:	1a52      	subs	r2, r2, r1
100032c6:	6682      	str	r2, [r0, #104]	; 0x68
100032c8:	2280      	movs	r2, #128	; 0x80
100032ca:	0058      	lsls	r0, r3, #1
100032cc:	1840      	adds	r0, r0, r1
100032ce:	4b05      	ldr	r3, [pc, #20]	; (100032e4 <dcd_edpt_stall+0x30>)
100032d0:	0140      	lsls	r0, r0, #5
100032d2:	18c0      	adds	r0, r0, r3
100032d4:	0112      	lsls	r2, r2, #4
100032d6:	2100      	movs	r1, #0
100032d8:	f000 f858 	bl	1000338c <_hw_endpoint_buffer_control_update32>
100032dc:	bd10      	pop	{r4, pc}
100032de:	46c0      	nop			; (mov r8, r8)
100032e0:	50112000 	.word	0x50112000
100032e4:	20000adc 	.word	0x20000adc

100032e8 <dcd_edpt_clear_stall>:
100032e8:	237f      	movs	r3, #127	; 0x7f
100032ea:	b510      	push	{r4, lr}
100032ec:	400b      	ands	r3, r1
100032ee:	d100      	bne.n	100032f2 <dcd_edpt_clear_stall+0xa>
100032f0:	bd10      	pop	{r4, pc}
100032f2:	09c9      	lsrs	r1, r1, #7
100032f4:	0058      	lsls	r0, r3, #1
100032f6:	1840      	adds	r0, r0, r1
100032f8:	4b04      	ldr	r3, [pc, #16]	; (1000330c <dcd_edpt_clear_stall+0x24>)
100032fa:	0140      	lsls	r0, r0, #5
100032fc:	1818      	adds	r0, r3, r0
100032fe:	2300      	movs	r3, #0
10003300:	2200      	movs	r2, #0
10003302:	70c3      	strb	r3, [r0, #3]
10003304:	4902      	ldr	r1, [pc, #8]	; (10003310 <dcd_edpt_clear_stall+0x28>)
10003306:	f000 f841 	bl	1000338c <_hw_endpoint_buffer_control_update32>
1000330a:	e7f1      	b.n	100032f0 <dcd_edpt_clear_stall+0x8>
1000330c:	20000adc 	.word	0x20000adc
10003310:	fffff7ff 	.word	0xfffff7ff

10003314 <_hw_endpoint_buffer_control_update32.part.2>:
10003314:	217f      	movs	r1, #127	; 0x7f
10003316:	b510      	push	{r4, lr}
10003318:	7880      	ldrb	r0, [r0, #2]
1000331a:	4a04      	ldr	r2, [pc, #16]	; (1000332c <_hw_endpoint_buffer_control_update32.part.2+0x18>)
1000331c:	09c3      	lsrs	r3, r0, #7
1000331e:	009b      	lsls	r3, r3, #2
10003320:	4001      	ands	r1, r0
10003322:	589a      	ldr	r2, [r3, r2]
10003324:	4802      	ldr	r0, [pc, #8]	; (10003330 <_hw_endpoint_buffer_control_update32.part.2+0x1c>)
10003326:	f7fe fe2d 	bl	10001f84 <panic>
1000332a:	46c0      	nop			; (mov r8, r8)
1000332c:	20000424 	.word	0x20000424
10003330:	10005680 	.word	0x10005680

10003334 <rp2040_usb_init>:
10003334:	2280      	movs	r2, #128	; 0x80
10003336:	4b0d      	ldr	r3, [pc, #52]	; (1000336c <rp2040_usb_init+0x38>)
10003338:	0452      	lsls	r2, r2, #17
1000333a:	b510      	push	{r4, lr}
1000333c:	601a      	str	r2, [r3, #0]
1000333e:	4b0c      	ldr	r3, [pc, #48]	; (10003370 <rp2040_usb_init+0x3c>)
10003340:	490c      	ldr	r1, [pc, #48]	; (10003374 <rp2040_usb_init+0x40>)
10003342:	601a      	str	r2, [r3, #0]
10003344:	0010      	movs	r0, r2
10003346:	688b      	ldr	r3, [r1, #8]
10003348:	4398      	bics	r0, r3
1000334a:	d1fb      	bne.n	10003344 <rp2040_usb_init+0x10>
1000334c:	4c0a      	ldr	r4, [pc, #40]	; (10003378 <rp2040_usb_init+0x44>)
1000334e:	229c      	movs	r2, #156	; 0x9c
10003350:	2100      	movs	r1, #0
10003352:	0020      	movs	r0, r4
10003354:	f7ff f9ac 	bl	100026b0 <__wrap_memset>
10003358:	2280      	movs	r2, #128	; 0x80
1000335a:	2100      	movs	r1, #0
1000335c:	0152      	lsls	r2, r2, #5
1000335e:	4807      	ldr	r0, [pc, #28]	; (1000337c <rp2040_usb_init+0x48>)
10003360:	f7ff f9a6 	bl	100026b0 <__wrap_memset>
10003364:	2309      	movs	r3, #9
10003366:	6763      	str	r3, [r4, #116]	; 0x74
10003368:	bd10      	pop	{r4, pc}
1000336a:	46c0      	nop			; (mov r8, r8)
1000336c:	4000e000 	.word	0x4000e000
10003370:	4000f000 	.word	0x4000f000
10003374:	4000c000 	.word	0x4000c000
10003378:	50110000 	.word	0x50110000
1000337c:	50100000 	.word	0x50100000

10003380 <hw_endpoint_reset_transfer>:
10003380:	2300      	movs	r3, #0
10003382:	7403      	strb	r3, [r0, #16]
10003384:	8243      	strh	r3, [r0, #18]
10003386:	8283      	strh	r3, [r0, #20]
10003388:	6183      	str	r3, [r0, #24]
1000338a:	4770      	bx	lr

1000338c <_hw_endpoint_buffer_control_update32>:
1000338c:	b510      	push	{r4, lr}
1000338e:	6883      	ldr	r3, [r0, #8]
10003390:	2900      	cmp	r1, #0
10003392:	d001      	beq.n	10003398 <_hw_endpoint_buffer_control_update32+0xc>
10003394:	681c      	ldr	r4, [r3, #0]
10003396:	4021      	ands	r1, r4
10003398:	2a00      	cmp	r2, #0
1000339a:	d011      	beq.n	100033c0 <_hw_endpoint_buffer_control_update32+0x34>
1000339c:	2480      	movs	r4, #128	; 0x80
1000339e:	00e4      	lsls	r4, r4, #3
100033a0:	4311      	orrs	r1, r2
100033a2:	4222      	tst	r2, r4
100033a4:	d00c      	beq.n	100033c0 <_hw_endpoint_buffer_control_update32+0x34>
100033a6:	681a      	ldr	r2, [r3, #0]
100033a8:	4222      	tst	r2, r4
100033aa:	d10b      	bne.n	100033c4 <_hw_endpoint_buffer_control_update32+0x38>
100033ac:	4a06      	ldr	r2, [pc, #24]	; (100033c8 <_hw_endpoint_buffer_control_update32+0x3c>)
100033ae:	400a      	ands	r2, r1
100033b0:	601a      	str	r2, [r3, #0]
100033b2:	e7ff      	b.n	100033b4 <_hw_endpoint_buffer_control_update32+0x28>
100033b4:	e7ff      	b.n	100033b6 <_hw_endpoint_buffer_control_update32+0x2a>
100033b6:	e7ff      	b.n	100033b8 <_hw_endpoint_buffer_control_update32+0x2c>
100033b8:	e7ff      	b.n	100033ba <_hw_endpoint_buffer_control_update32+0x2e>
100033ba:	e7ff      	b.n	100033bc <_hw_endpoint_buffer_control_update32+0x30>
100033bc:	e7ff      	b.n	100033be <_hw_endpoint_buffer_control_update32+0x32>
100033be:	6883      	ldr	r3, [r0, #8]
100033c0:	6019      	str	r1, [r3, #0]
100033c2:	bd10      	pop	{r4, pc}
100033c4:	f7ff ffa6 	bl	10003314 <_hw_endpoint_buffer_control_update32.part.2>
100033c8:	fffffbff 	.word	0xfffffbff

100033cc <hw_endpoint_xfer_start>:
100033cc:	b5f0      	push	{r4, r5, r6, r7, lr}
100033ce:	46c6      	mov	lr, r8
100033d0:	2300      	movs	r3, #0
100033d2:	b500      	push	{lr}
100033d4:	8283      	strh	r3, [r0, #20]
100033d6:	3301      	adds	r3, #1
100033d8:	7403      	strb	r3, [r0, #16]
100033da:	6843      	ldr	r3, [r0, #4]
100033dc:	0004      	movs	r4, r0
100033de:	681e      	ldr	r6, [r3, #0]
100033e0:	8b83      	ldrh	r3, [r0, #28]
100033e2:	6181      	str	r1, [r0, #24]
100033e4:	1c1f      	adds	r7, r3, #0
100033e6:	4293      	cmp	r3, r2
100033e8:	d900      	bls.n	100033ec <hw_endpoint_xfer_start+0x20>
100033ea:	1c17      	adds	r7, r2, #0
100033ec:	2580      	movs	r5, #128	; 0x80
100033ee:	b2bf      	uxth	r7, r7
100033f0:	1bd2      	subs	r2, r2, r7
100033f2:	78e3      	ldrb	r3, [r4, #3]
100033f4:	b292      	uxth	r2, r2
100033f6:	00ed      	lsls	r5, r5, #3
100033f8:	8262      	strh	r2, [r4, #18]
100033fa:	433d      	orrs	r5, r7
100033fc:	2b00      	cmp	r3, #0
100033fe:	d002      	beq.n	10003406 <hw_endpoint_xfer_start+0x3a>
10003400:	2590      	movs	r5, #144	; 0x90
10003402:	01ad      	lsls	r5, r5, #6
10003404:	433d      	orrs	r5, r7
10003406:	2001      	movs	r0, #1
10003408:	4043      	eors	r3, r0
1000340a:	70e3      	strb	r3, [r4, #3]
1000340c:	7863      	ldrb	r3, [r4, #1]
1000340e:	2b00      	cmp	r3, #0
10003410:	d02a      	beq.n	10003468 <hw_endpoint_xfer_start+0x9c>
10003412:	2a00      	cmp	r2, #0
10003414:	d022      	beq.n	1000345c <hw_endpoint_xfer_start+0x90>
10003416:	2380      	movs	r3, #128	; 0x80
10003418:	015b      	lsls	r3, r3, #5
1000341a:	431d      	orrs	r5, r3
1000341c:	4b35      	ldr	r3, [pc, #212]	; (100034f4 <hw_endpoint_xfer_start+0x128>)
1000341e:	6c1b      	ldr	r3, [r3, #64]	; 0x40
10003420:	079b      	lsls	r3, r3, #30
10003422:	d42e      	bmi.n	10003482 <hw_endpoint_xfer_start+0xb6>
10003424:	78a3      	ldrb	r3, [r4, #2]
10003426:	09db      	lsrs	r3, r3, #7
10003428:	d12b      	bne.n	10003482 <hw_endpoint_xfer_start+0xb6>
1000342a:	4b33      	ldr	r3, [pc, #204]	; (100034f8 <hw_endpoint_xfer_start+0x12c>)
1000342c:	4033      	ands	r3, r6
1000342e:	2680      	movs	r6, #128	; 0x80
10003430:	05b6      	lsls	r6, r6, #22
10003432:	431e      	orrs	r6, r3
10003434:	6863      	ldr	r3, [r4, #4]
10003436:	68a2      	ldr	r2, [r4, #8]
10003438:	601e      	str	r6, [r3, #0]
1000343a:	6813      	ldr	r3, [r2, #0]
1000343c:	055b      	lsls	r3, r3, #21
1000343e:	d455      	bmi.n	100034ec <hw_endpoint_xfer_start+0x120>
10003440:	4b2e      	ldr	r3, [pc, #184]	; (100034fc <hw_endpoint_xfer_start+0x130>)
10003442:	402b      	ands	r3, r5
10003444:	6013      	str	r3, [r2, #0]
10003446:	e7ff      	b.n	10003448 <hw_endpoint_xfer_start+0x7c>
10003448:	e7ff      	b.n	1000344a <hw_endpoint_xfer_start+0x7e>
1000344a:	e7ff      	b.n	1000344c <hw_endpoint_xfer_start+0x80>
1000344c:	e7ff      	b.n	1000344e <hw_endpoint_xfer_start+0x82>
1000344e:	e7ff      	b.n	10003450 <hw_endpoint_xfer_start+0x84>
10003450:	e7ff      	b.n	10003452 <hw_endpoint_xfer_start+0x86>
10003452:	68a3      	ldr	r3, [r4, #8]
10003454:	601d      	str	r5, [r3, #0]
10003456:	bc04      	pop	{r2}
10003458:	4690      	mov	r8, r2
1000345a:	bdf0      	pop	{r4, r5, r6, r7, pc}
1000345c:	23a0      	movs	r3, #160	; 0xa0
1000345e:	01db      	lsls	r3, r3, #7
10003460:	431d      	orrs	r5, r3
10003462:	4b24      	ldr	r3, [pc, #144]	; (100034f4 <hw_endpoint_xfer_start+0x128>)
10003464:	6c1b      	ldr	r3, [r3, #64]	; 0x40
10003466:	e7e0      	b.n	1000342a <hw_endpoint_xfer_start+0x5e>
10003468:	003a      	movs	r2, r7
1000346a:	68e0      	ldr	r0, [r4, #12]
1000346c:	f7ff f926 	bl	100026bc <__wrap___aeabi_memcpy>
10003470:	69a3      	ldr	r3, [r4, #24]
10003472:	8a62      	ldrh	r2, [r4, #18]
10003474:	469c      	mov	ip, r3
10003476:	2380      	movs	r3, #128	; 0x80
10003478:	4467      	add	r7, ip
1000347a:	021b      	lsls	r3, r3, #8
1000347c:	61a7      	str	r7, [r4, #24]
1000347e:	431d      	orrs	r5, r3
10003480:	e7c7      	b.n	10003412 <hw_endpoint_xfer_start+0x46>
10003482:	8ba3      	ldrh	r3, [r4, #28]
10003484:	1c19      	adds	r1, r3, #0
10003486:	4293      	cmp	r3, r2
10003488:	d900      	bls.n	1000348c <hw_endpoint_xfer_start+0xc0>
1000348a:	1c11      	adds	r1, r2, #0
1000348c:	2780      	movs	r7, #128	; 0x80
1000348e:	b28b      	uxth	r3, r1
10003490:	00ff      	lsls	r7, r7, #3
10003492:	1ad2      	subs	r2, r2, r3
10003494:	4698      	mov	r8, r3
10003496:	431f      	orrs	r7, r3
10003498:	78e3      	ldrb	r3, [r4, #3]
1000349a:	b292      	uxth	r2, r2
1000349c:	8262      	strh	r2, [r4, #18]
1000349e:	2b00      	cmp	r3, #0
100034a0:	d003      	beq.n	100034aa <hw_endpoint_xfer_start+0xde>
100034a2:	2790      	movs	r7, #144	; 0x90
100034a4:	4641      	mov	r1, r8
100034a6:	01bf      	lsls	r7, r7, #6
100034a8:	430f      	orrs	r7, r1
100034aa:	2101      	movs	r1, #1
100034ac:	404b      	eors	r3, r1
100034ae:	70e3      	strb	r3, [r4, #3]
100034b0:	7863      	ldrb	r3, [r4, #1]
100034b2:	2b00      	cmp	r3, #0
100034b4:	d00c      	beq.n	100034d0 <hw_endpoint_xfer_start+0x104>
100034b6:	2a00      	cmp	r2, #0
100034b8:	d102      	bne.n	100034c0 <hw_endpoint_xfer_start+0xf4>
100034ba:	2380      	movs	r3, #128	; 0x80
100034bc:	01db      	lsls	r3, r3, #7
100034be:	431f      	orrs	r7, r3
100034c0:	4b0f      	ldr	r3, [pc, #60]	; (10003500 <hw_endpoint_xfer_start+0x134>)
100034c2:	043f      	lsls	r7, r7, #16
100034c4:	4033      	ands	r3, r6
100034c6:	26a0      	movs	r6, #160	; 0xa0
100034c8:	05f6      	lsls	r6, r6, #23
100034ca:	433d      	orrs	r5, r7
100034cc:	431e      	orrs	r6, r3
100034ce:	e7b1      	b.n	10003434 <hw_endpoint_xfer_start+0x68>
100034d0:	68e0      	ldr	r0, [r4, #12]
100034d2:	4642      	mov	r2, r8
100034d4:	3040      	adds	r0, #64	; 0x40
100034d6:	69a1      	ldr	r1, [r4, #24]
100034d8:	f7ff f8f0 	bl	100026bc <__wrap___aeabi_memcpy>
100034dc:	69a3      	ldr	r3, [r4, #24]
100034de:	8a62      	ldrh	r2, [r4, #18]
100034e0:	4443      	add	r3, r8
100034e2:	61a3      	str	r3, [r4, #24]
100034e4:	2380      	movs	r3, #128	; 0x80
100034e6:	021b      	lsls	r3, r3, #8
100034e8:	431f      	orrs	r7, r3
100034ea:	e7e4      	b.n	100034b6 <hw_endpoint_xfer_start+0xea>
100034ec:	0020      	movs	r0, r4
100034ee:	f7ff ff11 	bl	10003314 <_hw_endpoint_buffer_control_update32.part.2>
100034f2:	46c0      	nop			; (mov r8, r8)
100034f4:	50110000 	.word	0x50110000
100034f8:	afffffff 	.word	0xafffffff
100034fc:	fffffbff 	.word	0xfffffbff
10003500:	dfffffff 	.word	0xdfffffff

10003504 <hw_endpoint_xfer_continue>:
10003504:	b5f0      	push	{r4, r5, r6, r7, lr}
10003506:	46c6      	mov	lr, r8
10003508:	b500      	push	{lr}
1000350a:	7c06      	ldrb	r6, [r0, #16]
1000350c:	0004      	movs	r4, r0
1000350e:	2e00      	cmp	r6, #0
10003510:	d100      	bne.n	10003514 <hw_endpoint_xfer_continue+0x10>
10003512:	e0d1      	b.n	100036b8 <hw_endpoint_xfer_continue+0x1b4>
10003514:	6883      	ldr	r3, [r0, #8]
10003516:	681a      	ldr	r2, [r3, #0]
10003518:	681d      	ldr	r5, [r3, #0]
1000351a:	7843      	ldrb	r3, [r0, #1]
1000351c:	05ad      	lsls	r5, r5, #22
1000351e:	0dad      	lsrs	r5, r5, #22
10003520:	2b00      	cmp	r3, #0
10003522:	d150      	bne.n	100035c6 <hw_endpoint_xfer_continue+0xc2>
10003524:	8a83      	ldrh	r3, [r0, #20]
10003526:	18eb      	adds	r3, r5, r3
10003528:	b29b      	uxth	r3, r3
1000352a:	8283      	strh	r3, [r0, #20]
1000352c:	8ba1      	ldrh	r1, [r4, #28]
1000352e:	6862      	ldr	r2, [r4, #4]
10003530:	428d      	cmp	r5, r1
10003532:	d206      	bcs.n	10003542 <hw_endpoint_xfer_continue+0x3e>
10003534:	2300      	movs	r3, #0
10003536:	8263      	strh	r3, [r4, #18]
10003538:	6813      	ldr	r3, [r2, #0]
1000353a:	0030      	movs	r0, r6
1000353c:	bc04      	pop	{r2}
1000353e:	4690      	mov	r8, r2
10003540:	bdf0      	pop	{r4, r5, r6, r7, pc}
10003542:	6812      	ldr	r2, [r2, #0]
10003544:	0052      	lsls	r2, r2, #1
10003546:	d502      	bpl.n	1000354e <hw_endpoint_xfer_continue+0x4a>
10003548:	428d      	cmp	r5, r1
1000354a:	d100      	bne.n	1000354e <hw_endpoint_xfer_continue+0x4a>
1000354c:	e074      	b.n	10003638 <hw_endpoint_xfer_continue+0x134>
1000354e:	8a63      	ldrh	r3, [r4, #18]
10003550:	2b00      	cmp	r3, #0
10003552:	d0f2      	beq.n	1000353a <hw_endpoint_xfer_continue+0x36>
10003554:	6862      	ldr	r2, [r4, #4]
10003556:	1c1f      	adds	r7, r3, #0
10003558:	6816      	ldr	r6, [r2, #0]
1000355a:	428b      	cmp	r3, r1
1000355c:	d900      	bls.n	10003560 <hw_endpoint_xfer_continue+0x5c>
1000355e:	1c0f      	adds	r7, r1, #0
10003560:	2580      	movs	r5, #128	; 0x80
10003562:	b2bf      	uxth	r7, r7
10003564:	1bdb      	subs	r3, r3, r7
10003566:	78e2      	ldrb	r2, [r4, #3]
10003568:	b29b      	uxth	r3, r3
1000356a:	00ed      	lsls	r5, r5, #3
1000356c:	8263      	strh	r3, [r4, #18]
1000356e:	433d      	orrs	r5, r7
10003570:	2a00      	cmp	r2, #0
10003572:	d002      	beq.n	1000357a <hw_endpoint_xfer_continue+0x76>
10003574:	2590      	movs	r5, #144	; 0x90
10003576:	01ad      	lsls	r5, r5, #6
10003578:	433d      	orrs	r5, r7
1000357a:	2101      	movs	r1, #1
1000357c:	404a      	eors	r2, r1
1000357e:	70e2      	strb	r2, [r4, #3]
10003580:	7862      	ldrb	r2, [r4, #1]
10003582:	2a00      	cmp	r2, #0
10003584:	d067      	beq.n	10003656 <hw_endpoint_xfer_continue+0x152>
10003586:	2b00      	cmp	r3, #0
10003588:	d12a      	bne.n	100035e0 <hw_endpoint_xfer_continue+0xdc>
1000358a:	23a0      	movs	r3, #160	; 0xa0
1000358c:	01db      	lsls	r3, r3, #7
1000358e:	431d      	orrs	r5, r3
10003590:	4b4e      	ldr	r3, [pc, #312]	; (100036cc <hw_endpoint_xfer_continue+0x1c8>)
10003592:	6c1b      	ldr	r3, [r3, #64]	; 0x40
10003594:	4b4e      	ldr	r3, [pc, #312]	; (100036d0 <hw_endpoint_xfer_continue+0x1cc>)
10003596:	4033      	ands	r3, r6
10003598:	2680      	movs	r6, #128	; 0x80
1000359a:	05b6      	lsls	r6, r6, #22
1000359c:	431e      	orrs	r6, r3
1000359e:	6863      	ldr	r3, [r4, #4]
100035a0:	68a2      	ldr	r2, [r4, #8]
100035a2:	601e      	str	r6, [r3, #0]
100035a4:	6813      	ldr	r3, [r2, #0]
100035a6:	055b      	lsls	r3, r3, #21
100035a8:	d500      	bpl.n	100035ac <hw_endpoint_xfer_continue+0xa8>
100035aa:	e08c      	b.n	100036c6 <hw_endpoint_xfer_continue+0x1c2>
100035ac:	4b49      	ldr	r3, [pc, #292]	; (100036d4 <hw_endpoint_xfer_continue+0x1d0>)
100035ae:	402b      	ands	r3, r5
100035b0:	6013      	str	r3, [r2, #0]
100035b2:	e7ff      	b.n	100035b4 <hw_endpoint_xfer_continue+0xb0>
100035b4:	e7ff      	b.n	100035b6 <hw_endpoint_xfer_continue+0xb2>
100035b6:	e7ff      	b.n	100035b8 <hw_endpoint_xfer_continue+0xb4>
100035b8:	e7ff      	b.n	100035ba <hw_endpoint_xfer_continue+0xb6>
100035ba:	e7ff      	b.n	100035bc <hw_endpoint_xfer_continue+0xb8>
100035bc:	e7ff      	b.n	100035be <hw_endpoint_xfer_continue+0xba>
100035be:	68a3      	ldr	r3, [r4, #8]
100035c0:	2600      	movs	r6, #0
100035c2:	601d      	str	r5, [r3, #0]
100035c4:	e7b9      	b.n	1000353a <hw_endpoint_xfer_continue+0x36>
100035c6:	002a      	movs	r2, r5
100035c8:	68c1      	ldr	r1, [r0, #12]
100035ca:	6980      	ldr	r0, [r0, #24]
100035cc:	f7ff f876 	bl	100026bc <__wrap___aeabi_memcpy>
100035d0:	8aa3      	ldrh	r3, [r4, #20]
100035d2:	69a2      	ldr	r2, [r4, #24]
100035d4:	18eb      	adds	r3, r5, r3
100035d6:	b29b      	uxth	r3, r3
100035d8:	1952      	adds	r2, r2, r5
100035da:	82a3      	strh	r3, [r4, #20]
100035dc:	61a2      	str	r2, [r4, #24]
100035de:	e7a5      	b.n	1000352c <hw_endpoint_xfer_continue+0x28>
100035e0:	2280      	movs	r2, #128	; 0x80
100035e2:	0152      	lsls	r2, r2, #5
100035e4:	4315      	orrs	r5, r2
100035e6:	4a39      	ldr	r2, [pc, #228]	; (100036cc <hw_endpoint_xfer_continue+0x1c8>)
100035e8:	6c12      	ldr	r2, [r2, #64]	; 0x40
100035ea:	0792      	lsls	r2, r2, #30
100035ec:	d402      	bmi.n	100035f4 <hw_endpoint_xfer_continue+0xf0>
100035ee:	78a2      	ldrb	r2, [r4, #2]
100035f0:	09d2      	lsrs	r2, r2, #7
100035f2:	d0cf      	beq.n	10003594 <hw_endpoint_xfer_continue+0x90>
100035f4:	8ba2      	ldrh	r2, [r4, #28]
100035f6:	1c11      	adds	r1, r2, #0
100035f8:	429a      	cmp	r2, r3
100035fa:	d83f      	bhi.n	1000367c <hw_endpoint_xfer_continue+0x178>
100035fc:	2780      	movs	r7, #128	; 0x80
100035fe:	b28a      	uxth	r2, r1
10003600:	00ff      	lsls	r7, r7, #3
10003602:	1a9b      	subs	r3, r3, r2
10003604:	4690      	mov	r8, r2
10003606:	4317      	orrs	r7, r2
10003608:	78e2      	ldrb	r2, [r4, #3]
1000360a:	b29b      	uxth	r3, r3
1000360c:	8263      	strh	r3, [r4, #18]
1000360e:	2a00      	cmp	r2, #0
10003610:	d12f      	bne.n	10003672 <hw_endpoint_xfer_continue+0x16e>
10003612:	2101      	movs	r1, #1
10003614:	404a      	eors	r2, r1
10003616:	70e2      	strb	r2, [r4, #3]
10003618:	7862      	ldrb	r2, [r4, #1]
1000361a:	2a00      	cmp	r2, #0
1000361c:	d03e      	beq.n	1000369c <hw_endpoint_xfer_continue+0x198>
1000361e:	2b00      	cmp	r3, #0
10003620:	d102      	bne.n	10003628 <hw_endpoint_xfer_continue+0x124>
10003622:	2380      	movs	r3, #128	; 0x80
10003624:	01db      	lsls	r3, r3, #7
10003626:	431f      	orrs	r7, r3
10003628:	4b2b      	ldr	r3, [pc, #172]	; (100036d8 <hw_endpoint_xfer_continue+0x1d4>)
1000362a:	043f      	lsls	r7, r7, #16
1000362c:	4033      	ands	r3, r6
1000362e:	26a0      	movs	r6, #160	; 0xa0
10003630:	05f6      	lsls	r6, r6, #23
10003632:	433d      	orrs	r5, r7
10003634:	431e      	orrs	r6, r3
10003636:	e7b2      	b.n	1000359e <hw_endpoint_xfer_continue+0x9a>
10003638:	68a2      	ldr	r2, [r4, #8]
1000363a:	6815      	ldr	r5, [r2, #0]
1000363c:	7862      	ldrb	r2, [r4, #1]
1000363e:	01ad      	lsls	r5, r5, #6
10003640:	0dad      	lsrs	r5, r5, #22
10003642:	2a00      	cmp	r2, #0
10003644:	d11c      	bne.n	10003680 <hw_endpoint_xfer_continue+0x17c>
10003646:	18eb      	adds	r3, r5, r3
10003648:	82a3      	strh	r3, [r4, #20]
1000364a:	428d      	cmp	r5, r1
1000364c:	d300      	bcc.n	10003650 <hw_endpoint_xfer_continue+0x14c>
1000364e:	e77e      	b.n	1000354e <hw_endpoint_xfer_continue+0x4a>
10003650:	2300      	movs	r3, #0
10003652:	8263      	strh	r3, [r4, #18]
10003654:	e771      	b.n	1000353a <hw_endpoint_xfer_continue+0x36>
10003656:	003a      	movs	r2, r7
10003658:	69a1      	ldr	r1, [r4, #24]
1000365a:	68e0      	ldr	r0, [r4, #12]
1000365c:	f7ff f82e 	bl	100026bc <__wrap___aeabi_memcpy>
10003660:	69a3      	ldr	r3, [r4, #24]
10003662:	469c      	mov	ip, r3
10003664:	2380      	movs	r3, #128	; 0x80
10003666:	4467      	add	r7, ip
10003668:	021b      	lsls	r3, r3, #8
1000366a:	431d      	orrs	r5, r3
1000366c:	61a7      	str	r7, [r4, #24]
1000366e:	8a63      	ldrh	r3, [r4, #18]
10003670:	e789      	b.n	10003586 <hw_endpoint_xfer_continue+0x82>
10003672:	2790      	movs	r7, #144	; 0x90
10003674:	4641      	mov	r1, r8
10003676:	01bf      	lsls	r7, r7, #6
10003678:	430f      	orrs	r7, r1
1000367a:	e7ca      	b.n	10003612 <hw_endpoint_xfer_continue+0x10e>
1000367c:	1c19      	adds	r1, r3, #0
1000367e:	e7bd      	b.n	100035fc <hw_endpoint_xfer_continue+0xf8>
10003680:	68e1      	ldr	r1, [r4, #12]
10003682:	002a      	movs	r2, r5
10003684:	3140      	adds	r1, #64	; 0x40
10003686:	69a0      	ldr	r0, [r4, #24]
10003688:	f7ff f818 	bl	100026bc <__wrap___aeabi_memcpy>
1000368c:	8aa3      	ldrh	r3, [r4, #20]
1000368e:	8ba1      	ldrh	r1, [r4, #28]
10003690:	18eb      	adds	r3, r5, r3
10003692:	82a3      	strh	r3, [r4, #20]
10003694:	69a3      	ldr	r3, [r4, #24]
10003696:	195b      	adds	r3, r3, r5
10003698:	61a3      	str	r3, [r4, #24]
1000369a:	e7d6      	b.n	1000364a <hw_endpoint_xfer_continue+0x146>
1000369c:	68e0      	ldr	r0, [r4, #12]
1000369e:	4642      	mov	r2, r8
100036a0:	3040      	adds	r0, #64	; 0x40
100036a2:	69a1      	ldr	r1, [r4, #24]
100036a4:	f7ff f80a 	bl	100026bc <__wrap___aeabi_memcpy>
100036a8:	69a3      	ldr	r3, [r4, #24]
100036aa:	4443      	add	r3, r8
100036ac:	61a3      	str	r3, [r4, #24]
100036ae:	2380      	movs	r3, #128	; 0x80
100036b0:	021b      	lsls	r3, r3, #8
100036b2:	431f      	orrs	r7, r3
100036b4:	8a63      	ldrh	r3, [r4, #18]
100036b6:	e7b2      	b.n	1000361e <hw_endpoint_xfer_continue+0x11a>
100036b8:	237f      	movs	r3, #127	; 0x7f
100036ba:	7881      	ldrb	r1, [r0, #2]
100036bc:	4a07      	ldr	r2, [pc, #28]	; (100036dc <hw_endpoint_xfer_continue+0x1d8>)
100036be:	4019      	ands	r1, r3
100036c0:	4807      	ldr	r0, [pc, #28]	; (100036e0 <hw_endpoint_xfer_continue+0x1dc>)
100036c2:	f7fe fc5f 	bl	10001f84 <panic>
100036c6:	0020      	movs	r0, r4
100036c8:	f7ff fe24 	bl	10003314 <_hw_endpoint_buffer_control_update32.part.2>
100036cc:	50110000 	.word	0x50110000
100036d0:	afffffff 	.word	0xafffffff
100036d4:	fffffbff 	.word	0xfffffbff
100036d8:	dfffffff 	.word	0xdfffffff
100036dc:	20000424 	.word	0x20000424
100036e0:	100056a0 	.word	0x100056a0

100036e4 <tud_mounted>:
100036e4:	4b02      	ldr	r3, [pc, #8]	; (100036f0 <tud_mounted+0xc>)
100036e6:	7858      	ldrb	r0, [r3, #1]
100036e8:	1e43      	subs	r3, r0, #1
100036ea:	4198      	sbcs	r0, r3
100036ec:	b2c0      	uxtb	r0, r0
100036ee:	4770      	bx	lr
100036f0:	200008cc 	.word	0x200008cc

100036f4 <tud_suspended>:
100036f4:	4b02      	ldr	r3, [pc, #8]	; (10003700 <tud_suspended+0xc>)
100036f6:	7818      	ldrb	r0, [r3, #0]
100036f8:	0740      	lsls	r0, r0, #29
100036fa:	0fc0      	lsrs	r0, r0, #31
100036fc:	4770      	bx	lr
100036fe:	46c0      	nop			; (mov r8, r8)
10003700:	200008cc 	.word	0x200008cc

10003704 <tud_inited>:
10003704:	4b01      	ldr	r3, [pc, #4]	; (1000370c <tud_inited+0x8>)
10003706:	7818      	ldrb	r0, [r3, #0]
10003708:	4770      	bx	lr
1000370a:	46c0      	nop			; (mov r8, r8)
1000370c:	20000f3f 	.word	0x20000f3f

10003710 <tud_init>:
10003710:	b5f8      	push	{r3, r4, r5, r6, r7, lr}
10003712:	4647      	mov	r7, r8
10003714:	46ce      	mov	lr, r9
10003716:	4e29      	ldr	r6, [pc, #164]	; (100037bc <tud_init+0xac>)
10003718:	b580      	push	{r7, lr}
1000371a:	7833      	ldrb	r3, [r6, #0]
1000371c:	4680      	mov	r8, r0
1000371e:	2b00      	cmp	r3, #0
10003720:	d004      	beq.n	1000372c <tud_init+0x1c>
10003722:	2001      	movs	r0, #1
10003724:	bc0c      	pop	{r2, r3}
10003726:	4690      	mov	r8, r2
10003728:	4699      	mov	r9, r3
1000372a:	bdf8      	pop	{r3, r4, r5, r6, r7, pc}
1000372c:	2253      	movs	r2, #83	; 0x53
1000372e:	2100      	movs	r1, #0
10003730:	4823      	ldr	r0, [pc, #140]	; (100037c0 <tud_init+0xb0>)
10003732:	f7fe ffbd 	bl	100026b0 <__wrap_memset>
10003736:	4c23      	ldr	r4, [pc, #140]	; (100037c4 <tud_init+0xb4>)
10003738:	0020      	movs	r0, r4
1000373a:	f7fe fb7b 	bl	10001e34 <mutex_init>
1000373e:	4b22      	ldr	r3, [pc, #136]	; (100037c8 <tud_init+0xb8>)
10003740:	601c      	str	r4, [r3, #0]
10003742:	4c22      	ldr	r4, [pc, #136]	; (100037cc <tud_init+0xbc>)
10003744:	0020      	movs	r0, r4
10003746:	301c      	adds	r0, #28
10003748:	f7fe fb90 	bl	10001e6c <critical_section_init>
1000374c:	0020      	movs	r0, r4
1000374e:	f001 fcef 	bl	10005130 <tu_fifo_clear>
10003752:	4b1f      	ldr	r3, [pc, #124]	; (100037d0 <tud_init+0xc0>)
10003754:	4f1f      	ldr	r7, [pc, #124]	; (100037d4 <tud_init+0xc4>)
10003756:	601c      	str	r4, [r3, #0]
10003758:	4d1f      	ldr	r5, [pc, #124]	; (100037d8 <tud_init+0xc8>)
1000375a:	2f00      	cmp	r7, #0
1000375c:	d004      	beq.n	10003768 <tud_init+0x58>
1000375e:	0028      	movs	r0, r5
10003760:	f7ff f968 	bl	10002a34 <usbd_app_driver_get_cb>
10003764:	4b1d      	ldr	r3, [pc, #116]	; (100037dc <tud_init+0xcc>)
10003766:	6018      	str	r0, [r3, #0]
10003768:	782b      	ldrb	r3, [r5, #0]
1000376a:	2400      	movs	r4, #0
1000376c:	2f00      	cmp	r7, #0
1000376e:	d01c      	beq.n	100037aa <tud_init+0x9a>
10003770:	4a1a      	ldr	r2, [pc, #104]	; (100037dc <tud_init+0xcc>)
10003772:	4f1b      	ldr	r7, [pc, #108]	; (100037e0 <tud_init+0xd0>)
10003774:	4691      	mov	r9, r2
10003776:	429c      	cmp	r4, r3
10003778:	d310      	bcc.n	1000379c <tud_init+0x8c>
1000377a:	d11b      	bne.n	100037b4 <tud_init+0xa4>
1000377c:	003b      	movs	r3, r7
1000377e:	4798      	blx	r3
10003780:	3401      	adds	r4, #1
10003782:	782b      	ldrb	r3, [r5, #0]
10003784:	b2e4      	uxtb	r4, r4
10003786:	42a3      	cmp	r3, r4
10003788:	d2f5      	bcs.n	10003776 <tud_init+0x66>
1000378a:	4640      	mov	r0, r8
1000378c:	f7ff fc00 	bl	10002f90 <dcd_init>
10003790:	4640      	mov	r0, r8
10003792:	f7ff fbe5 	bl	10002f60 <dcd_int_enable>
10003796:	2301      	movs	r3, #1
10003798:	7033      	strb	r3, [r6, #0]
1000379a:	e7c2      	b.n	10003722 <tud_init+0x12>
1000379c:	464a      	mov	r2, r9
1000379e:	0063      	lsls	r3, r4, #1
100037a0:	191b      	adds	r3, r3, r4
100037a2:	6812      	ldr	r2, [r2, #0]
100037a4:	00db      	lsls	r3, r3, #3
100037a6:	589b      	ldr	r3, [r3, r2]
100037a8:	e7e9      	b.n	1000377e <tud_init+0x6e>
100037aa:	f001 f875 	bl	10004898 <cdcd_init>
100037ae:	782b      	ldrb	r3, [r5, #0]
100037b0:	2b00      	cmp	r3, #0
100037b2:	d0ea      	beq.n	1000378a <tud_init+0x7a>
100037b4:	2300      	movs	r3, #0
100037b6:	681b      	ldr	r3, [r3, #0]
100037b8:	deff      	udf	#255	; 0xff
100037ba:	46c0      	nop			; (mov r8, r8)
100037bc:	20000f3f 	.word	0x20000f3f
100037c0:	200008cc 	.word	0x200008cc
100037c4:	20000884 	.word	0x20000884
100037c8:	20000920 	.word	0x20000920
100037cc:	2000042c 	.word	0x2000042c
100037d0:	20000924 	.word	0x20000924
100037d4:	10002a35 	.word	0x10002a35
100037d8:	20000f3e 	.word	0x20000f3e
100037dc:	20000594 	.word	0x20000594
100037e0:	10004899 	.word	0x10004899

100037e4 <tud_task>:
100037e4:	b5f0      	push	{r4, r5, r6, r7, lr}
100037e6:	46de      	mov	lr, fp
100037e8:	4657      	mov	r7, sl
100037ea:	464e      	mov	r6, r9
100037ec:	4645      	mov	r5, r8
100037ee:	b5e0      	push	{r5, r6, r7, lr}
100037f0:	b08b      	sub	sp, #44	; 0x2c
100037f2:	f001 fa59 	bl	10004ca8 <tusb_inited>
100037f6:	2800      	cmp	r0, #0
100037f8:	d100      	bne.n	100037fc <tud_task+0x18>
100037fa:	e18d      	b.n	10003b18 <tud_task+0x334>
100037fc:	4bca      	ldr	r3, [pc, #808]	; (10003b28 <tud_task+0x344>)
100037fe:	4ecb      	ldr	r6, [pc, #812]	; (10003b2c <tud_task+0x348>)
10003800:	469b      	mov	fp, r3
10003802:	ac07      	add	r4, sp, #28
10003804:	6835      	ldr	r5, [r6, #0]
10003806:	69ea      	ldr	r2, [r5, #28]
10003808:	f3ef 8310 	mrs	r3, PRIMASK
1000380c:	b672      	cpsid	i
1000380e:	6811      	ldr	r1, [r2, #0]
10003810:	2900      	cmp	r1, #0
10003812:	d0fc      	beq.n	1000380e <tud_task+0x2a>
10003814:	f3bf 8f5f 	dmb	sy
10003818:	622b      	str	r3, [r5, #32]
1000381a:	0021      	movs	r1, r4
1000381c:	0028      	movs	r0, r5
1000381e:	f001 fafd 	bl	10004e1c <tu_fifo_read>
10003822:	69ea      	ldr	r2, [r5, #28]
10003824:	6a2b      	ldr	r3, [r5, #32]
10003826:	f3bf 8f5f 	dmb	sy
1000382a:	2100      	movs	r1, #0
1000382c:	6011      	str	r1, [r2, #0]
1000382e:	f383 8810 	msr	PRIMASK, r3
10003832:	2800      	cmp	r0, #0
10003834:	d100      	bne.n	10003838 <tud_task+0x54>
10003836:	e16f      	b.n	10003b18 <tud_task+0x334>
10003838:	7863      	ldrb	r3, [r4, #1]
1000383a:	2b08      	cmp	r3, #8
1000383c:	d8e2      	bhi.n	10003804 <tud_task+0x20>
1000383e:	465a      	mov	r2, fp
10003840:	009b      	lsls	r3, r3, #2
10003842:	58d3      	ldr	r3, [r2, r3]
10003844:	469f      	mov	pc, r3
10003846:	6863      	ldr	r3, [r4, #4]
10003848:	2b00      	cmp	r3, #0
1000384a:	d0db      	beq.n	10003804 <tud_task+0x20>
1000384c:	68a0      	ldr	r0, [r4, #8]
1000384e:	4798      	blx	r3
10003850:	e7d8      	b.n	10003804 <tud_task+0x20>
10003852:	227f      	movs	r2, #127	; 0x7f
10003854:	7921      	ldrb	r1, [r4, #4]
10003856:	4bb6      	ldr	r3, [pc, #728]	; (10003b30 <tud_task+0x34c>)
10003858:	400a      	ands	r2, r1
1000385a:	0055      	lsls	r5, r2, #1
1000385c:	09c8      	lsrs	r0, r1, #7
1000385e:	195b      	adds	r3, r3, r5
10003860:	181b      	adds	r3, r3, r0
10003862:	0018      	movs	r0, r3
10003864:	2701      	movs	r7, #1
10003866:	3030      	adds	r0, #48	; 0x30
10003868:	78c5      	ldrb	r5, [r0, #3]
1000386a:	43bd      	bics	r5, r7
1000386c:	70c5      	strb	r5, [r0, #3]
1000386e:	78c5      	ldrb	r5, [r0, #3]
10003870:	3703      	adds	r7, #3
10003872:	43bd      	bics	r5, r7
10003874:	70c5      	strb	r5, [r0, #3]
10003876:	2a00      	cmp	r2, #0
10003878:	d100      	bne.n	1000387c <tud_task+0x98>
1000387a:	e187      	b.n	10003b8c <tud_task+0x3a8>
1000387c:	4aad      	ldr	r2, [pc, #692]	; (10003b34 <tud_task+0x350>)
1000387e:	7cdb      	ldrb	r3, [r3, #19]
10003880:	2a00      	cmp	r2, #0
10003882:	d006      	beq.n	10003892 <tud_task+0xae>
10003884:	4aac      	ldr	r2, [pc, #688]	; (10003b38 <tud_task+0x354>)
10003886:	7812      	ldrb	r2, [r2, #0]
10003888:	4293      	cmp	r3, r2
1000388a:	d200      	bcs.n	1000388e <tud_task+0xaa>
1000388c:	e1b5      	b.n	10003bfa <tud_task+0x416>
1000388e:	1a9b      	subs	r3, r3, r2
10003890:	b2db      	uxtb	r3, r3
10003892:	2b00      	cmp	r3, #0
10003894:	d000      	beq.n	10003898 <tud_task+0xb4>
10003896:	e13f      	b.n	10003b18 <tud_task+0x334>
10003898:	4da8      	ldr	r5, [pc, #672]	; (10003b3c <tud_task+0x358>)
1000389a:	7962      	ldrb	r2, [r4, #5]
1000389c:	7820      	ldrb	r0, [r4, #0]
1000389e:	68a3      	ldr	r3, [r4, #8]
100038a0:	47a8      	blx	r5
100038a2:	e7af      	b.n	10003804 <tud_task+0x20>
100038a4:	2201      	movs	r2, #1
100038a6:	4da2      	ldr	r5, [pc, #648]	; (10003b30 <tud_task+0x34c>)
100038a8:	2101      	movs	r1, #1
100038aa:	782b      	ldrb	r3, [r5, #0]
100038ac:	2004      	movs	r0, #4
100038ae:	4313      	orrs	r3, r2
100038b0:	702b      	strb	r3, [r5, #0]
100038b2:	2333      	movs	r3, #51	; 0x33
100038b4:	5cea      	ldrb	r2, [r5, r3]
100038b6:	438a      	bics	r2, r1
100038b8:	54ea      	strb	r2, [r5, r3]
100038ba:	5cea      	ldrb	r2, [r5, r3]
100038bc:	4382      	bics	r2, r0
100038be:	54ea      	strb	r2, [r5, r3]
100038c0:	3301      	adds	r3, #1
100038c2:	5cea      	ldrb	r2, [r5, r3]
100038c4:	438a      	bics	r2, r1
100038c6:	54ea      	strb	r2, [r5, r3]
100038c8:	5cea      	ldrb	r2, [r5, r3]
100038ca:	4382      	bics	r2, r0
100038cc:	54ea      	strb	r2, [r5, r3]
100038ce:	7823      	ldrb	r3, [r4, #0]
100038d0:	2000      	movs	r0, #0
100038d2:	469a      	mov	sl, r3
100038d4:	f000 fe90 	bl	100045f8 <usbd_control_set_complete_callback>
100038d8:	2260      	movs	r2, #96	; 0x60
100038da:	7923      	ldrb	r3, [r4, #4]
100038dc:	401a      	ands	r2, r3
100038de:	2a60      	cmp	r2, #96	; 0x60
100038e0:	d100      	bne.n	100038e4 <tud_task+0x100>
100038e2:	e14a      	b.n	10003b7a <tud_task+0x396>
100038e4:	2a40      	cmp	r2, #64	; 0x40
100038e6:	d100      	bne.n	100038ea <tud_task+0x106>
100038e8:	e16e      	b.n	10003bc8 <tud_task+0x3e4>
100038ea:	06db      	lsls	r3, r3, #27
100038ec:	0edb      	lsrs	r3, r3, #27
100038ee:	b2d9      	uxtb	r1, r3
100038f0:	2901      	cmp	r1, #1
100038f2:	d100      	bne.n	100038f6 <tud_task+0x112>
100038f4:	e18c      	b.n	10003c10 <tud_task+0x42c>
100038f6:	b25b      	sxtb	r3, r3
100038f8:	2b00      	cmp	r3, #0
100038fa:	d100      	bne.n	100038fe <tud_task+0x11a>
100038fc:	e172      	b.n	10003be4 <tud_task+0x400>
100038fe:	2902      	cmp	r1, #2
10003900:	d000      	beq.n	10003904 <tud_task+0x120>
10003902:	e13a      	b.n	10003b7a <tud_task+0x396>
10003904:	2370      	movs	r3, #112	; 0x70
10003906:	7a21      	ldrb	r1, [r4, #8]
10003908:	420b      	tst	r3, r1
1000390a:	d000      	beq.n	1000390e <tud_task+0x12a>
1000390c:	e135      	b.n	10003b7a <tud_task+0x396>
1000390e:	09c8      	lsrs	r0, r1, #7
10003910:	4684      	mov	ip, r0
10003912:	330f      	adds	r3, #15
10003914:	400b      	ands	r3, r1
10003916:	005b      	lsls	r3, r3, #1
10003918:	18e8      	adds	r0, r5, r3
1000391a:	4f86      	ldr	r7, [pc, #536]	; (10003b34 <tud_task+0x350>)
1000391c:	4460      	add	r0, ip
1000391e:	7cc0      	ldrb	r0, [r0, #19]
10003920:	2f00      	cmp	r7, #0
10003922:	d006      	beq.n	10003932 <tud_task+0x14e>
10003924:	4f84      	ldr	r7, [pc, #528]	; (10003b38 <tud_task+0x354>)
10003926:	783f      	ldrb	r7, [r7, #0]
10003928:	42b8      	cmp	r0, r7
1000392a:	d200      	bcs.n	1000392e <tud_task+0x14a>
1000392c:	e1c0      	b.n	10003cb0 <tud_task+0x4cc>
1000392e:	1bc0      	subs	r0, r0, r7
10003930:	b2c0      	uxtb	r0, r0
10003932:	2800      	cmp	r0, #0
10003934:	d000      	beq.n	10003938 <tud_task+0x154>
10003936:	e1b6      	b.n	10003ca6 <tud_task+0x4c2>
10003938:	2a00      	cmp	r2, #0
1000393a:	d000      	beq.n	1000393e <tud_task+0x15a>
1000393c:	e27b      	b.n	10003e36 <tud_task+0x652>
1000393e:	4f80      	ldr	r7, [pc, #512]	; (10003b40 <tud_task+0x35c>)
10003940:	7962      	ldrb	r2, [r4, #5]
10003942:	4690      	mov	r8, r2
10003944:	2a01      	cmp	r2, #1
10003946:	d005      	beq.n	10003954 <tud_task+0x170>
10003948:	2a00      	cmp	r2, #0
1000394a:	d100      	bne.n	1000394e <tud_task+0x16a>
1000394c:	e276      	b.n	10003e3c <tud_task+0x658>
1000394e:	2a03      	cmp	r2, #3
10003950:	d000      	beq.n	10003954 <tud_task+0x170>
10003952:	e112      	b.n	10003b7a <tud_task+0x396>
10003954:	88e2      	ldrh	r2, [r4, #6]
10003956:	2a00      	cmp	r2, #0
10003958:	d10d      	bne.n	10003976 <tud_task+0x192>
1000395a:	4642      	mov	r2, r8
1000395c:	18eb      	adds	r3, r5, r3
1000395e:	4463      	add	r3, ip
10003960:	2a01      	cmp	r2, #1
10003962:	d100      	bne.n	10003966 <tud_task+0x182>
10003964:	e27e      	b.n	10003e64 <tud_task+0x680>
10003966:	2230      	movs	r2, #48	; 0x30
10003968:	4690      	mov	r8, r2
1000396a:	4498      	add	r8, r3
1000396c:	4643      	mov	r3, r8
1000396e:	78db      	ldrb	r3, [r3, #3]
10003970:	079b      	lsls	r3, r3, #30
10003972:	d400      	bmi.n	10003976 <tud_task+0x192>
10003974:	e28d      	b.n	10003e92 <tud_task+0x6ae>
10003976:	2f00      	cmp	r7, #0
10003978:	d100      	bne.n	1000397c <tud_task+0x198>
1000397a:	e743      	b.n	10003804 <tud_task+0x20>
1000397c:	68f8      	ldr	r0, [r7, #12]
1000397e:	f000 fe3b 	bl	100045f8 <usbd_control_set_complete_callback>
10003982:	68fb      	ldr	r3, [r7, #12]
10003984:	aa08      	add	r2, sp, #32
10003986:	2100      	movs	r1, #0
10003988:	4650      	mov	r0, sl
1000398a:	4798      	blx	r3
1000398c:	2000      	movs	r0, #0
1000398e:	f000 fe33 	bl	100045f8 <usbd_control_set_complete_callback>
10003992:	2334      	movs	r3, #52	; 0x34
10003994:	5ceb      	ldrb	r3, [r5, r3]
10003996:	07db      	lsls	r3, r3, #31
10003998:	d500      	bpl.n	1000399c <tud_task+0x1b8>
1000399a:	e733      	b.n	10003804 <tud_task+0x20>
1000399c:	e162      	b.n	10003c64 <tud_task+0x480>
1000399e:	4b64      	ldr	r3, [pc, #400]	; (10003b30 <tud_task+0x34c>)
100039a0:	781b      	ldrb	r3, [r3, #0]
100039a2:	07db      	lsls	r3, r3, #31
100039a4:	d400      	bmi.n	100039a8 <tud_task+0x1c4>
100039a6:	e72d      	b.n	10003804 <tud_task+0x20>
100039a8:	4b66      	ldr	r3, [pc, #408]	; (10003b44 <tud_task+0x360>)
100039aa:	2b00      	cmp	r3, #0
100039ac:	d100      	bne.n	100039b0 <tud_task+0x1cc>
100039ae:	e729      	b.n	10003804 <tud_task+0x20>
100039b0:	e000      	b.n	100039b4 <tud_task+0x1d0>
100039b2:	bf00      	nop
100039b4:	e726      	b.n	10003804 <tud_task+0x20>
100039b6:	4b5e      	ldr	r3, [pc, #376]	; (10003b30 <tud_task+0x34c>)
100039b8:	781a      	ldrb	r2, [r3, #0]
100039ba:	07d2      	lsls	r2, r2, #31
100039bc:	d400      	bmi.n	100039c0 <tud_task+0x1dc>
100039be:	e721      	b.n	10003804 <tud_task+0x20>
100039c0:	4a61      	ldr	r2, [pc, #388]	; (10003b48 <tud_task+0x364>)
100039c2:	2a00      	cmp	r2, #0
100039c4:	d100      	bne.n	100039c8 <tud_task+0x1e4>
100039c6:	e71d      	b.n	10003804 <tud_task+0x20>
100039c8:	7818      	ldrb	r0, [r3, #0]
100039ca:	0700      	lsls	r0, r0, #28
100039cc:	0fc0      	lsrs	r0, r0, #31
100039ce:	e000      	b.n	100039d2 <tud_task+0x1ee>
100039d0:	bf00      	nop
100039d2:	e717      	b.n	10003804 <tud_task+0x20>
100039d4:	4f58      	ldr	r7, [pc, #352]	; (10003b38 <tud_task+0x354>)
100039d6:	4a57      	ldr	r2, [pc, #348]	; (10003b34 <tud_task+0x350>)
100039d8:	783b      	ldrb	r3, [r7, #0]
100039da:	2500      	movs	r5, #0
100039dc:	2a00      	cmp	r2, #0
100039de:	d100      	bne.n	100039e2 <tud_task+0x1fe>
100039e0:	e0e4      	b.n	10003bac <tud_task+0x3c8>
100039e2:	4a5a      	ldr	r2, [pc, #360]	; (10003b4c <tud_task+0x368>)
100039e4:	4690      	mov	r8, r2
100039e6:	429d      	cmp	r5, r3
100039e8:	d308      	bcc.n	100039fc <tud_task+0x218>
100039ea:	429d      	cmp	r5, r3
100039ec:	d000      	beq.n	100039f0 <tud_task+0x20c>
100039ee:	e0e0      	b.n	10003bb2 <tud_task+0x3ce>
100039f0:	3501      	adds	r5, #1
100039f2:	b2ed      	uxtb	r5, r5
100039f4:	429d      	cmp	r5, r3
100039f6:	d900      	bls.n	100039fa <tud_task+0x216>
100039f8:	e704      	b.n	10003804 <tud_task+0x20>
100039fa:	d2f6      	bcs.n	100039ea <tud_task+0x206>
100039fc:	4641      	mov	r1, r8
100039fe:	6809      	ldr	r1, [r1, #0]
10003a00:	006a      	lsls	r2, r5, #1
10003a02:	468c      	mov	ip, r1
10003a04:	1952      	adds	r2, r2, r5
10003a06:	00d2      	lsls	r2, r2, #3
10003a08:	4462      	add	r2, ip
10003a0a:	6952      	ldr	r2, [r2, #20]
10003a0c:	2a00      	cmp	r2, #0
10003a0e:	d0ef      	beq.n	100039f0 <tud_task+0x20c>
10003a10:	7820      	ldrb	r0, [r4, #0]
10003a12:	4790      	blx	r2
10003a14:	3501      	adds	r5, #1
10003a16:	783b      	ldrb	r3, [r7, #0]
10003a18:	b2ed      	uxtb	r5, r5
10003a1a:	429d      	cmp	r5, r3
10003a1c:	d9e3      	bls.n	100039e6 <tud_task+0x202>
10003a1e:	e6f1      	b.n	10003804 <tud_task+0x20>
10003a20:	7823      	ldrb	r3, [r4, #0]
10003a22:	4f45      	ldr	r7, [pc, #276]	; (10003b38 <tud_task+0x354>)
10003a24:	4a43      	ldr	r2, [pc, #268]	; (10003b34 <tud_task+0x350>)
10003a26:	4698      	mov	r8, r3
10003a28:	2500      	movs	r5, #0
10003a2a:	783b      	ldrb	r3, [r7, #0]
10003a2c:	2a00      	cmp	r2, #0
10003a2e:	d100      	bne.n	10003a32 <tud_task+0x24e>
10003a30:	e0c2      	b.n	10003bb8 <tud_task+0x3d4>
10003a32:	4a47      	ldr	r2, [pc, #284]	; (10003b50 <tud_task+0x36c>)
10003a34:	4691      	mov	r9, r2
10003a36:	4a45      	ldr	r2, [pc, #276]	; (10003b4c <tud_task+0x368>)
10003a38:	4692      	mov	sl, r2
10003a3a:	003a      	movs	r2, r7
10003a3c:	4647      	mov	r7, r8
10003a3e:	4690      	mov	r8, r2
10003a40:	42ab      	cmp	r3, r5
10003a42:	d860      	bhi.n	10003b06 <tud_task+0x322>
10003a44:	d000      	beq.n	10003a48 <tud_task+0x264>
10003a46:	e0ae      	b.n	10003ba6 <tud_task+0x3c2>
10003a48:	464b      	mov	r3, r9
10003a4a:	0038      	movs	r0, r7
10003a4c:	4798      	blx	r3
10003a4e:	4643      	mov	r3, r8
10003a50:	3501      	adds	r5, #1
10003a52:	781b      	ldrb	r3, [r3, #0]
10003a54:	b2ed      	uxtb	r5, r5
10003a56:	42ab      	cmp	r3, r5
10003a58:	d2f2      	bcs.n	10003a40 <tud_task+0x25c>
10003a5a:	4d35      	ldr	r5, [pc, #212]	; (10003b30 <tud_task+0x34c>)
10003a5c:	2253      	movs	r2, #83	; 0x53
10003a5e:	2100      	movs	r1, #0
10003a60:	0028      	movs	r0, r5
10003a62:	f7fe fe25 	bl	100026b0 <__wrap_memset>
10003a66:	2210      	movs	r2, #16
10003a68:	21ff      	movs	r1, #255	; 0xff
10003a6a:	1ce8      	adds	r0, r5, #3
10003a6c:	f7fe fe20 	bl	100026b0 <__wrap_memset>
10003a70:	0028      	movs	r0, r5
10003a72:	2220      	movs	r2, #32
10003a74:	21ff      	movs	r1, #255	; 0xff
10003a76:	3013      	adds	r0, #19
10003a78:	f7fe fe1a 	bl	100026b0 <__wrap_memset>
10003a7c:	f000 fdb2 	bl	100045e4 <usbd_control_reset>
10003a80:	4b34      	ldr	r3, [pc, #208]	; (10003b54 <tud_task+0x370>)
10003a82:	2b00      	cmp	r3, #0
10003a84:	d100      	bne.n	10003a88 <tud_task+0x2a4>
10003a86:	e6bd      	b.n	10003804 <tud_task+0x20>
10003a88:	e000      	b.n	10003a8c <tud_task+0x2a8>
10003a8a:	bf00      	nop
10003a8c:	e6ba      	b.n	10003804 <tud_task+0x20>
10003a8e:	7823      	ldrb	r3, [r4, #0]
10003a90:	4f29      	ldr	r7, [pc, #164]	; (10003b38 <tud_task+0x354>)
10003a92:	4a28      	ldr	r2, [pc, #160]	; (10003b34 <tud_task+0x350>)
10003a94:	4698      	mov	r8, r3
10003a96:	2500      	movs	r5, #0
10003a98:	783b      	ldrb	r3, [r7, #0]
10003a9a:	2a00      	cmp	r2, #0
10003a9c:	d100      	bne.n	10003aa0 <tud_task+0x2bc>
10003a9e:	e07b      	b.n	10003b98 <tud_task+0x3b4>
10003aa0:	4a2b      	ldr	r2, [pc, #172]	; (10003b50 <tud_task+0x36c>)
10003aa2:	4691      	mov	r9, r2
10003aa4:	4a29      	ldr	r2, [pc, #164]	; (10003b4c <tud_task+0x368>)
10003aa6:	4692      	mov	sl, r2
10003aa8:	003a      	movs	r2, r7
10003aaa:	4647      	mov	r7, r8
10003aac:	4690      	mov	r8, r2
10003aae:	429d      	cmp	r5, r3
10003ab0:	d320      	bcc.n	10003af4 <tud_task+0x310>
10003ab2:	d000      	beq.n	10003ab6 <tud_task+0x2d2>
10003ab4:	e077      	b.n	10003ba6 <tud_task+0x3c2>
10003ab6:	464b      	mov	r3, r9
10003ab8:	0038      	movs	r0, r7
10003aba:	4798      	blx	r3
10003abc:	4643      	mov	r3, r8
10003abe:	3501      	adds	r5, #1
10003ac0:	781b      	ldrb	r3, [r3, #0]
10003ac2:	b2ed      	uxtb	r5, r5
10003ac4:	42ab      	cmp	r3, r5
10003ac6:	d2f2      	bcs.n	10003aae <tud_task+0x2ca>
10003ac8:	4d19      	ldr	r5, [pc, #100]	; (10003b30 <tud_task+0x34c>)
10003aca:	2253      	movs	r2, #83	; 0x53
10003acc:	2100      	movs	r1, #0
10003ace:	0028      	movs	r0, r5
10003ad0:	f7fe fdee 	bl	100026b0 <__wrap_memset>
10003ad4:	2210      	movs	r2, #16
10003ad6:	21ff      	movs	r1, #255	; 0xff
10003ad8:	1ce8      	adds	r0, r5, #3
10003ada:	f7fe fde9 	bl	100026b0 <__wrap_memset>
10003ade:	0028      	movs	r0, r5
10003ae0:	2220      	movs	r2, #32
10003ae2:	21ff      	movs	r1, #255	; 0xff
10003ae4:	3013      	adds	r0, #19
10003ae6:	f7fe fde3 	bl	100026b0 <__wrap_memset>
10003aea:	f000 fd7b 	bl	100045e4 <usbd_control_reset>
10003aee:	7923      	ldrb	r3, [r4, #4]
10003af0:	70ab      	strb	r3, [r5, #2]
10003af2:	e687      	b.n	10003804 <tud_task+0x20>
10003af4:	4652      	mov	r2, sl
10003af6:	6812      	ldr	r2, [r2, #0]
10003af8:	006b      	lsls	r3, r5, #1
10003afa:	4694      	mov	ip, r2
10003afc:	195b      	adds	r3, r3, r5
10003afe:	00db      	lsls	r3, r3, #3
10003b00:	4463      	add	r3, ip
10003b02:	685b      	ldr	r3, [r3, #4]
10003b04:	e7d8      	b.n	10003ab8 <tud_task+0x2d4>
10003b06:	4652      	mov	r2, sl
10003b08:	6812      	ldr	r2, [r2, #0]
10003b0a:	006b      	lsls	r3, r5, #1
10003b0c:	4694      	mov	ip, r2
10003b0e:	195b      	adds	r3, r3, r5
10003b10:	00db      	lsls	r3, r3, #3
10003b12:	4463      	add	r3, ip
10003b14:	685b      	ldr	r3, [r3, #4]
10003b16:	e798      	b.n	10003a4a <tud_task+0x266>
10003b18:	b00b      	add	sp, #44	; 0x2c
10003b1a:	bc3c      	pop	{r2, r3, r4, r5}
10003b1c:	4690      	mov	r8, r2
10003b1e:	4699      	mov	r9, r3
10003b20:	46a2      	mov	sl, r4
10003b22:	46ab      	mov	fp, r5
10003b24:	bdf0      	pop	{r4, r5, r6, r7, pc}
10003b26:	46c0      	nop			; (mov r8, r8)
10003b28:	100056d4 	.word	0x100056d4
10003b2c:	20000924 	.word	0x20000924
10003b30:	200008cc 	.word	0x200008cc
10003b34:	10002a35 	.word	0x10002a35
10003b38:	20000f3e 	.word	0x20000f3e
10003b3c:	10004b01 	.word	0x10004b01
10003b40:	10005760 	.word	0x10005760
	...
10003b4c:	20000594 	.word	0x20000594
10003b50:	10004915 	.word	0x10004915
10003b54:	00000000 	.word	0x00000000
10003b58:	9f02      	ldr	r7, [sp, #8]
10003b5a:	4641      	mov	r1, r8
10003b5c:	003a      	movs	r2, r7
10003b5e:	4648      	mov	r0, r9
10003b60:	f000 feee 	bl	10004940 <cdcd_open>
10003b64:	4684      	mov	ip, r0
10003b66:	2808      	cmp	r0, #8
10003b68:	d902      	bls.n	10003b70 <tud_task+0x38c>
10003b6a:	42b8      	cmp	r0, r7
10003b6c:	d800      	bhi.n	10003b70 <tud_task+0x38c>
10003b6e:	e2b1      	b.n	100040d4 <tud_task+0x8f0>
10003b70:	4bcf      	ldr	r3, [pc, #828]	; (10003eb0 <tud_task+0x6cc>)
10003b72:	781b      	ldrb	r3, [r3, #0]
10003b74:	2b00      	cmp	r3, #0
10003b76:	d000      	beq.n	10003b7a <tud_task+0x396>
10003b78:	e2b6      	b.n	100040e8 <tud_task+0x904>
10003b7a:	7820      	ldrb	r0, [r4, #0]
10003b7c:	2100      	movs	r1, #0
10003b7e:	f7ff fb99 	bl	100032b4 <dcd_edpt_stall>
10003b82:	7820      	ldrb	r0, [r4, #0]
10003b84:	2180      	movs	r1, #128	; 0x80
10003b86:	f7ff fb95 	bl	100032b4 <dcd_edpt_stall>
10003b8a:	e63b      	b.n	10003804 <tud_task+0x20>
10003b8c:	7962      	ldrb	r2, [r4, #5]
10003b8e:	7820      	ldrb	r0, [r4, #0]
10003b90:	68a3      	ldr	r3, [r4, #8]
10003b92:	f000 fd45 	bl	10004620 <usbd_control_xfer_cb>
10003b96:	e635      	b.n	10003804 <tud_task+0x20>
10003b98:	4640      	mov	r0, r8
10003b9a:	f000 febb 	bl	10004914 <cdcd_reset>
10003b9e:	783b      	ldrb	r3, [r7, #0]
10003ba0:	2b00      	cmp	r3, #0
10003ba2:	d100      	bne.n	10003ba6 <tud_task+0x3c2>
10003ba4:	e790      	b.n	10003ac8 <tud_task+0x2e4>
10003ba6:	2300      	movs	r3, #0
10003ba8:	685b      	ldr	r3, [r3, #4]
10003baa:	deff      	udf	#255	; 0xff
10003bac:	2b00      	cmp	r3, #0
10003bae:	d100      	bne.n	10003bb2 <tud_task+0x3ce>
10003bb0:	e628      	b.n	10003804 <tud_task+0x20>
10003bb2:	2300      	movs	r3, #0
10003bb4:	695b      	ldr	r3, [r3, #20]
10003bb6:	deff      	udf	#255	; 0xff
10003bb8:	4640      	mov	r0, r8
10003bba:	f000 feab 	bl	10004914 <cdcd_reset>
10003bbe:	783b      	ldrb	r3, [r7, #0]
10003bc0:	2b00      	cmp	r3, #0
10003bc2:	d100      	bne.n	10003bc6 <tud_task+0x3e2>
10003bc4:	e749      	b.n	10003a5a <tud_task+0x276>
10003bc6:	e7ee      	b.n	10003ba6 <tud_task+0x3c2>
10003bc8:	48ba      	ldr	r0, [pc, #744]	; (10003eb4 <tud_task+0x6d0>)
10003bca:	2800      	cmp	r0, #0
10003bcc:	d0d5      	beq.n	10003b7a <tud_task+0x396>
10003bce:	f000 fd13 	bl	100045f8 <usbd_control_set_complete_callback>
10003bd2:	aa08      	add	r2, sp, #32
10003bd4:	2100      	movs	r1, #0
10003bd6:	4650      	mov	r0, sl
10003bd8:	e000      	b.n	10003bdc <tud_task+0x3f8>
10003bda:	bf00      	nop
10003bdc:	2800      	cmp	r0, #0
10003bde:	d000      	beq.n	10003be2 <tud_task+0x3fe>
10003be0:	e610      	b.n	10003804 <tud_task+0x20>
10003be2:	e7ca      	b.n	10003b7a <tud_task+0x396>
10003be4:	2a20      	cmp	r2, #32
10003be6:	d042      	beq.n	10003c6e <tud_task+0x48a>
10003be8:	2a00      	cmp	r2, #0
10003bea:	d1c6      	bne.n	10003b7a <tud_task+0x396>
10003bec:	7963      	ldrb	r3, [r4, #5]
10003bee:	2b09      	cmp	r3, #9
10003bf0:	d8c3      	bhi.n	10003b7a <tud_task+0x396>
10003bf2:	4ab1      	ldr	r2, [pc, #708]	; (10003eb8 <tud_task+0x6d4>)
10003bf4:	009b      	lsls	r3, r3, #2
10003bf6:	58d3      	ldr	r3, [r2, r3]
10003bf8:	469f      	mov	pc, r3
10003bfa:	005a      	lsls	r2, r3, #1
10003bfc:	18d3      	adds	r3, r2, r3
10003bfe:	4aaf      	ldr	r2, [pc, #700]	; (10003ebc <tud_task+0x6d8>)
10003c00:	00db      	lsls	r3, r3, #3
10003c02:	6812      	ldr	r2, [r2, #0]
10003c04:	18d3      	adds	r3, r2, r3
10003c06:	2b00      	cmp	r3, #0
10003c08:	d100      	bne.n	10003c0c <tud_task+0x428>
10003c0a:	e785      	b.n	10003b18 <tud_task+0x334>
10003c0c:	691d      	ldr	r5, [r3, #16]
10003c0e:	e644      	b.n	1000389a <tud_task+0xb6>
10003c10:	7a23      	ldrb	r3, [r4, #8]
10003c12:	2b0f      	cmp	r3, #15
10003c14:	d8b1      	bhi.n	10003b7a <tud_task+0x396>
10003c16:	4aaa      	ldr	r2, [pc, #680]	; (10003ec0 <tud_task+0x6dc>)
10003c18:	18ed      	adds	r5, r5, r3
10003c1a:	78eb      	ldrb	r3, [r5, #3]
10003c1c:	2a00      	cmp	r2, #0
10003c1e:	d005      	beq.n	10003c2c <tud_task+0x448>
10003c20:	4aa3      	ldr	r2, [pc, #652]	; (10003eb0 <tud_task+0x6cc>)
10003c22:	7812      	ldrb	r2, [r2, #0]
10003c24:	4293      	cmp	r3, r2
10003c26:	d358      	bcc.n	10003cda <tud_task+0x4f6>
10003c28:	1a9b      	subs	r3, r3, r2
10003c2a:	b2db      	uxtb	r3, r3
10003c2c:	2b00      	cmp	r3, #0
10003c2e:	d1a4      	bne.n	10003b7a <tud_task+0x396>
10003c30:	48a4      	ldr	r0, [pc, #656]	; (10003ec4 <tud_task+0x6e0>)
10003c32:	4da5      	ldr	r5, [pc, #660]	; (10003ec8 <tud_task+0x6e4>)
10003c34:	f000 fce0 	bl	100045f8 <usbd_control_set_complete_callback>
10003c38:	68eb      	ldr	r3, [r5, #12]
10003c3a:	aa08      	add	r2, sp, #32
10003c3c:	2100      	movs	r1, #0
10003c3e:	4650      	mov	r0, sl
10003c40:	4798      	blx	r3
10003c42:	2800      	cmp	r0, #0
10003c44:	d000      	beq.n	10003c48 <tud_task+0x464>
10003c46:	e5dd      	b.n	10003804 <tud_task+0x20>
10003c48:	2560      	movs	r5, #96	; 0x60
10003c4a:	7923      	ldrb	r3, [r4, #4]
10003c4c:	401d      	ands	r5, r3
10003c4e:	d194      	bne.n	10003b7a <tud_task+0x396>
10003c50:	7963      	ldrb	r3, [r4, #5]
10003c52:	3b0a      	subs	r3, #10
10003c54:	2b01      	cmp	r3, #1
10003c56:	d890      	bhi.n	10003b7a <tud_task+0x396>
10003c58:	f000 fcce 	bl	100045f8 <usbd_control_set_complete_callback>
10003c5c:	7963      	ldrb	r3, [r4, #5]
10003c5e:	2b0a      	cmp	r3, #10
10003c60:	d100      	bne.n	10003c64 <tud_task+0x480>
10003c62:	e13b      	b.n	10003edc <tud_task+0x6f8>
10003c64:	a908      	add	r1, sp, #32
10003c66:	4650      	mov	r0, sl
10003c68:	f000 fc4a 	bl	10004500 <tud_control_status>
10003c6c:	e5ca      	b.n	10003804 <tud_task+0x20>
10003c6e:	7a23      	ldrb	r3, [r4, #8]
10003c70:	2b0f      	cmp	r3, #15
10003c72:	d882      	bhi.n	10003b7a <tud_task+0x396>
10003c74:	4a92      	ldr	r2, [pc, #584]	; (10003ec0 <tud_task+0x6dc>)
10003c76:	18ed      	adds	r5, r5, r3
10003c78:	78eb      	ldrb	r3, [r5, #3]
10003c7a:	2a00      	cmp	r2, #0
10003c7c:	d006      	beq.n	10003c8c <tud_task+0x4a8>
10003c7e:	4a8c      	ldr	r2, [pc, #560]	; (10003eb0 <tud_task+0x6cc>)
10003c80:	7812      	ldrb	r2, [r2, #0]
10003c82:	4293      	cmp	r3, r2
10003c84:	d200      	bcs.n	10003c88 <tud_task+0x4a4>
10003c86:	e0e2      	b.n	10003e4e <tud_task+0x66a>
10003c88:	1a9b      	subs	r3, r3, r2
10003c8a:	b2db      	uxtb	r3, r3
10003c8c:	2b00      	cmp	r3, #0
10003c8e:	d000      	beq.n	10003c92 <tud_task+0x4ae>
10003c90:	e773      	b.n	10003b7a <tud_task+0x396>
10003c92:	488c      	ldr	r0, [pc, #560]	; (10003ec4 <tud_task+0x6e0>)
10003c94:	4d8c      	ldr	r5, [pc, #560]	; (10003ec8 <tud_task+0x6e4>)
10003c96:	f000 fcaf 	bl	100045f8 <usbd_control_set_complete_callback>
10003c9a:	68eb      	ldr	r3, [r5, #12]
10003c9c:	aa08      	add	r2, sp, #32
10003c9e:	2100      	movs	r1, #0
10003ca0:	4650      	mov	r0, sl
10003ca2:	4798      	blx	r3
10003ca4:	e79a      	b.n	10003bdc <tud_task+0x3f8>
10003ca6:	2700      	movs	r7, #0
10003ca8:	2a00      	cmp	r2, #0
10003caa:	d100      	bne.n	10003cae <tud_task+0x4ca>
10003cac:	e648      	b.n	10003940 <tud_task+0x15c>
10003cae:	e764      	b.n	10003b7a <tud_task+0x396>
10003cb0:	0047      	lsls	r7, r0, #1
10003cb2:	1838      	adds	r0, r7, r0
10003cb4:	4f81      	ldr	r7, [pc, #516]	; (10003ebc <tud_task+0x6d8>)
10003cb6:	00c0      	lsls	r0, r0, #3
10003cb8:	683f      	ldr	r7, [r7, #0]
10003cba:	183f      	adds	r7, r7, r0
10003cbc:	2a00      	cmp	r2, #0
10003cbe:	d100      	bne.n	10003cc2 <tud_task+0x4de>
10003cc0:	e63e      	b.n	10003940 <tud_task+0x15c>
10003cc2:	2f00      	cmp	r7, #0
10003cc4:	d100      	bne.n	10003cc8 <tud_task+0x4e4>
10003cc6:	e758      	b.n	10003b7a <tud_task+0x396>
10003cc8:	68f8      	ldr	r0, [r7, #12]
10003cca:	f000 fc95 	bl	100045f8 <usbd_control_set_complete_callback>
10003cce:	68fb      	ldr	r3, [r7, #12]
10003cd0:	aa08      	add	r2, sp, #32
10003cd2:	2100      	movs	r1, #0
10003cd4:	4650      	mov	r0, sl
10003cd6:	4798      	blx	r3
10003cd8:	e780      	b.n	10003bdc <tud_task+0x3f8>
10003cda:	4a78      	ldr	r2, [pc, #480]	; (10003ebc <tud_task+0x6d8>)
10003cdc:	005d      	lsls	r5, r3, #1
10003cde:	18eb      	adds	r3, r5, r3
10003ce0:	6815      	ldr	r5, [r2, #0]
10003ce2:	00db      	lsls	r3, r3, #3
10003ce4:	18ed      	adds	r5, r5, r3
10003ce6:	2d00      	cmp	r5, #0
10003ce8:	d100      	bne.n	10003cec <tud_task+0x508>
10003cea:	e746      	b.n	10003b7a <tud_task+0x396>
10003cec:	68e8      	ldr	r0, [r5, #12]
10003cee:	e7a1      	b.n	10003c34 <tud_task+0x450>
10003cf0:	79a3      	ldrb	r3, [r4, #6]
10003cf2:	9301      	str	r3, [sp, #4]
10003cf4:	001a      	movs	r2, r3
10003cf6:	786b      	ldrb	r3, [r5, #1]
10003cf8:	429a      	cmp	r2, r3
10003cfa:	d007      	beq.n	10003d0c <tud_task+0x528>
10003cfc:	786b      	ldrb	r3, [r5, #1]
10003cfe:	2b00      	cmp	r3, #0
10003d00:	d000      	beq.n	10003d04 <tud_task+0x520>
10003d02:	e162      	b.n	10003fca <tud_task+0x7e6>
10003d04:	9b01      	ldr	r3, [sp, #4]
10003d06:	2b00      	cmp	r3, #0
10003d08:	d000      	beq.n	10003d0c <tud_task+0x528>
10003d0a:	e0f0      	b.n	10003eee <tud_task+0x70a>
10003d0c:	9b01      	ldr	r3, [sp, #4]
10003d0e:	a908      	add	r1, sp, #32
10003d10:	4650      	mov	r0, sl
10003d12:	706b      	strb	r3, [r5, #1]
10003d14:	f000 fbf4 	bl	10004500 <tud_control_status>
10003d18:	e574      	b.n	10003804 <tud_task+0x20>
10003d1a:	a808      	add	r0, sp, #32
10003d1c:	f000 fc72 	bl	10004604 <usbd_control_set_request>
10003d20:	79a1      	ldrb	r1, [r4, #6]
10003d22:	4650      	mov	r0, sl
10003d24:	f7ff f922 	bl	10002f6c <dcd_set_address>
10003d28:	2202      	movs	r2, #2
10003d2a:	782b      	ldrb	r3, [r5, #0]
10003d2c:	4313      	orrs	r3, r2
10003d2e:	702b      	strb	r3, [r5, #0]
10003d30:	e568      	b.n	10003804 <tud_task+0x20>
10003d32:	88e3      	ldrh	r3, [r4, #6]
10003d34:	2b01      	cmp	r3, #1
10003d36:	d000      	beq.n	10003d3a <tud_task+0x556>
10003d38:	e71f      	b.n	10003b7a <tud_task+0x396>
10003d3a:	2208      	movs	r2, #8
10003d3c:	782b      	ldrb	r3, [r5, #0]
10003d3e:	a908      	add	r1, sp, #32
10003d40:	4313      	orrs	r3, r2
10003d42:	4650      	mov	r0, sl
10003d44:	702b      	strb	r3, [r5, #0]
10003d46:	f000 fbdb 	bl	10004500 <tud_control_status>
10003d4a:	e55b      	b.n	10003804 <tud_task+0x20>
10003d4c:	88e3      	ldrh	r3, [r4, #6]
10003d4e:	2b01      	cmp	r3, #1
10003d50:	d000      	beq.n	10003d54 <tud_task+0x570>
10003d52:	e712      	b.n	10003b7a <tud_task+0x396>
10003d54:	2208      	movs	r2, #8
10003d56:	782b      	ldrb	r3, [r5, #0]
10003d58:	a908      	add	r1, sp, #32
10003d5a:	4393      	bics	r3, r2
10003d5c:	4650      	mov	r0, sl
10003d5e:	702b      	strb	r3, [r5, #0]
10003d60:	f000 fbce 	bl	10004500 <tud_control_status>
10003d64:	e54e      	b.n	10003804 <tud_task+0x20>
10003d66:	2002      	movs	r0, #2
10003d68:	7829      	ldrb	r1, [r5, #0]
10003d6a:	ab06      	add	r3, sp, #24
10003d6c:	1c9a      	adds	r2, r3, #2
10003d6e:	068b      	lsls	r3, r1, #26
10003d70:	0889      	lsrs	r1, r1, #2
10003d72:	0fdb      	lsrs	r3, r3, #31
10003d74:	4001      	ands	r1, r0
10003d76:	430b      	orrs	r3, r1
10003d78:	8013      	strh	r3, [r2, #0]
10003d7a:	a908      	add	r1, sp, #32
10003d7c:	2302      	movs	r3, #2
10003d7e:	4650      	mov	r0, sl
10003d80:	f000 fbd6 	bl	10004530 <tud_control_xfer>
10003d84:	e53e      	b.n	10003804 <tud_task+0x20>
10003d86:	786b      	ldrb	r3, [r5, #1]
10003d88:	aa06      	add	r2, sp, #24
10003d8a:	3202      	adds	r2, #2
10003d8c:	7013      	strb	r3, [r2, #0]
10003d8e:	a908      	add	r1, sp, #32
10003d90:	2301      	movs	r3, #1
10003d92:	4650      	mov	r0, sl
10003d94:	f000 fbcc 	bl	10004530 <tud_control_xfer>
10003d98:	e534      	b.n	10003804 <tud_task+0x20>
10003d9a:	88e0      	ldrh	r0, [r4, #6]
10003d9c:	0a03      	lsrs	r3, r0, #8
10003d9e:	b2c0      	uxtb	r0, r0
10003da0:	2b0f      	cmp	r3, #15
10003da2:	d900      	bls.n	10003da6 <tud_task+0x5c2>
10003da4:	e6e9      	b.n	10003b7a <tud_task+0x396>
10003da6:	4949      	ldr	r1, [pc, #292]	; (10003ecc <tud_task+0x6e8>)
10003da8:	009a      	lsls	r2, r3, #2
10003daa:	588a      	ldr	r2, [r1, r2]
10003dac:	4697      	mov	pc, r2
10003dae:	4b48      	ldr	r3, [pc, #288]	; (10003ed0 <tud_task+0x6ec>)
10003db0:	2b00      	cmp	r3, #0
10003db2:	d100      	bne.n	10003db6 <tud_task+0x5d2>
10003db4:	e6e1      	b.n	10003b7a <tud_task+0x396>
10003db6:	e000      	b.n	10003dba <tud_task+0x5d6>
10003db8:	bf00      	nop
10003dba:	78c3      	ldrb	r3, [r0, #3]
10003dbc:	7881      	ldrb	r1, [r0, #2]
10003dbe:	021b      	lsls	r3, r3, #8
10003dc0:	0002      	movs	r2, r0
10003dc2:	430b      	orrs	r3, r1
10003dc4:	4650      	mov	r0, sl
10003dc6:	a908      	add	r1, sp, #32
10003dc8:	f000 fbb2 	bl	10004530 <tud_control_xfer>
10003dcc:	e706      	b.n	10003bdc <tud_task+0x3f8>
10003dce:	4b41      	ldr	r3, [pc, #260]	; (10003ed4 <tud_task+0x6f0>)
10003dd0:	2b00      	cmp	r3, #0
10003dd2:	d100      	bne.n	10003dd6 <tud_task+0x5f2>
10003dd4:	e6d1      	b.n	10003b7a <tud_task+0x396>
10003dd6:	e000      	b.n	10003dda <tud_task+0x5f6>
10003dd8:	bf00      	nop
10003dda:	1e02      	subs	r2, r0, #0
10003ddc:	d100      	bne.n	10003de0 <tud_task+0x5fc>
10003dde:	e6cc      	b.n	10003b7a <tud_task+0x396>
10003de0:	7813      	ldrb	r3, [r2, #0]
10003de2:	a908      	add	r1, sp, #32
10003de4:	4650      	mov	r0, sl
10003de6:	f000 fba3 	bl	10004530 <tud_control_xfer>
10003dea:	e6f7      	b.n	10003bdc <tud_task+0x3f8>
10003dec:	8921      	ldrh	r1, [r4, #8]
10003dee:	f7fe ff71 	bl	10002cd4 <tud_descriptor_string_cb>
10003df2:	1e02      	subs	r2, r0, #0
10003df4:	d1f4      	bne.n	10003de0 <tud_task+0x5fc>
10003df6:	e6c0      	b.n	10003b7a <tud_task+0x396>
10003df8:	2b02      	cmp	r3, #2
10003dfa:	d100      	bne.n	10003dfe <tud_task+0x61a>
10003dfc:	e171      	b.n	100040e2 <tud_task+0x8fe>
10003dfe:	4b36      	ldr	r3, [pc, #216]	; (10003ed8 <tud_task+0x6f4>)
10003e00:	2b00      	cmp	r3, #0
10003e02:	d100      	bne.n	10003e06 <tud_task+0x622>
10003e04:	e6b9      	b.n	10003b7a <tud_task+0x396>
10003e06:	e000      	b.n	10003e0a <tud_task+0x626>
10003e08:	bf00      	nop
10003e0a:	2800      	cmp	r0, #0
10003e0c:	d100      	bne.n	10003e10 <tud_task+0x62c>
10003e0e:	e6b4      	b.n	10003b7a <tud_task+0x396>
10003e10:	78c3      	ldrb	r3, [r0, #3]
10003e12:	7882      	ldrb	r2, [r0, #2]
10003e14:	021b      	lsls	r3, r3, #8
10003e16:	4313      	orrs	r3, r2
10003e18:	a908      	add	r1, sp, #32
10003e1a:	0002      	movs	r2, r0
10003e1c:	4650      	mov	r0, sl
10003e1e:	f000 fb87 	bl	10004530 <tud_control_xfer>
10003e22:	e6db      	b.n	10003bdc <tud_task+0x3f8>
10003e24:	f7fe ff4e 	bl	10002cc4 <tud_descriptor_device_cb>
10003e28:	2312      	movs	r3, #18
10003e2a:	0002      	movs	r2, r0
10003e2c:	a908      	add	r1, sp, #32
10003e2e:	4650      	mov	r0, sl
10003e30:	f000 fb7e 	bl	10004530 <tud_control_xfer>
10003e34:	e6d2      	b.n	10003bdc <tud_task+0x3f8>
10003e36:	4823      	ldr	r0, [pc, #140]	; (10003ec4 <tud_task+0x6e0>)
10003e38:	4f23      	ldr	r7, [pc, #140]	; (10003ec8 <tud_task+0x6e4>)
10003e3a:	e746      	b.n	10003cca <tud_task+0x4e6>
10003e3c:	18eb      	adds	r3, r5, r3
10003e3e:	4463      	add	r3, ip
10003e40:	3330      	adds	r3, #48	; 0x30
10003e42:	78db      	ldrb	r3, [r3, #3]
10003e44:	aa06      	add	r2, sp, #24
10003e46:	079b      	lsls	r3, r3, #30
10003e48:	0fdb      	lsrs	r3, r3, #31
10003e4a:	3202      	adds	r2, #2
10003e4c:	e794      	b.n	10003d78 <tud_task+0x594>
10003e4e:	4a1b      	ldr	r2, [pc, #108]	; (10003ebc <tud_task+0x6d8>)
10003e50:	005d      	lsls	r5, r3, #1
10003e52:	18eb      	adds	r3, r5, r3
10003e54:	6815      	ldr	r5, [r2, #0]
10003e56:	00db      	lsls	r3, r3, #3
10003e58:	18ed      	adds	r5, r5, r3
10003e5a:	2d00      	cmp	r5, #0
10003e5c:	d100      	bne.n	10003e60 <tud_task+0x67c>
10003e5e:	e68c      	b.n	10003b7a <tud_task+0x396>
10003e60:	68e8      	ldr	r0, [r5, #12]
10003e62:	e718      	b.n	10003c96 <tud_task+0x4b2>
10003e64:	322f      	adds	r2, #47	; 0x2f
10003e66:	4691      	mov	r9, r2
10003e68:	4499      	add	r9, r3
10003e6a:	464b      	mov	r3, r9
10003e6c:	78db      	ldrb	r3, [r3, #3]
10003e6e:	079b      	lsls	r3, r3, #30
10003e70:	d400      	bmi.n	10003e74 <tud_task+0x690>
10003e72:	e580      	b.n	10003976 <tud_task+0x192>
10003e74:	4650      	mov	r0, sl
10003e76:	f7ff fa37 	bl	100032e8 <dcd_edpt_clear_stall>
10003e7a:	464b      	mov	r3, r9
10003e7c:	2202      	movs	r2, #2
10003e7e:	78db      	ldrb	r3, [r3, #3]
10003e80:	4393      	bics	r3, r2
10003e82:	464a      	mov	r2, r9
10003e84:	70d3      	strb	r3, [r2, #3]
10003e86:	78d3      	ldrb	r3, [r2, #3]
10003e88:	4642      	mov	r2, r8
10003e8a:	4393      	bics	r3, r2
10003e8c:	464a      	mov	r2, r9
10003e8e:	70d3      	strb	r3, [r2, #3]
10003e90:	e571      	b.n	10003976 <tud_task+0x192>
10003e92:	4650      	mov	r0, sl
10003e94:	f7ff fa0e 	bl	100032b4 <dcd_edpt_stall>
10003e98:	4643      	mov	r3, r8
10003e9a:	2202      	movs	r2, #2
10003e9c:	78db      	ldrb	r3, [r3, #3]
10003e9e:	4313      	orrs	r3, r2
10003ea0:	4642      	mov	r2, r8
10003ea2:	70d3      	strb	r3, [r2, #3]
10003ea4:	78d3      	ldrb	r3, [r2, #3]
10003ea6:	2201      	movs	r2, #1
10003ea8:	4313      	orrs	r3, r2
10003eaa:	4642      	mov	r2, r8
10003eac:	70d3      	strb	r3, [r2, #3]
10003eae:	e562      	b.n	10003976 <tud_task+0x192>
10003eb0:	20000f3e 	.word	0x20000f3e
10003eb4:	00000000 	.word	0x00000000
10003eb8:	100056f8 	.word	0x100056f8
10003ebc:	20000594 	.word	0x20000594
10003ec0:	10002a35 	.word	0x10002a35
10003ec4:	10004a25 	.word	0x10004a25
10003ec8:	10005760 	.word	0x10005760
10003ecc:	10005720 	.word	0x10005720
	...
10003edc:	ab06      	add	r3, sp, #24
10003ede:	1c9a      	adds	r2, r3, #2
10003ee0:	a908      	add	r1, sp, #32
10003ee2:	2301      	movs	r3, #1
10003ee4:	4650      	mov	r0, sl
10003ee6:	7015      	strb	r5, [r2, #0]
10003ee8:	f000 fb22 	bl	10004530 <tud_control_xfer>
10003eec:	e48a      	b.n	10003804 <tud_task+0x20>
10003eee:	1e58      	subs	r0, r3, #1
10003ef0:	b2c0      	uxtb	r0, r0
10003ef2:	f7fe feeb 	bl	10002ccc <tud_descriptor_configuration_cb>
10003ef6:	2800      	cmp	r0, #0
10003ef8:	d100      	bne.n	10003efc <tud_task+0x718>
10003efa:	e63e      	b.n	10003b7a <tud_task+0x396>
10003efc:	7843      	ldrb	r3, [r0, #1]
10003efe:	9304      	str	r3, [sp, #16]
10003f00:	2b02      	cmp	r3, #2
10003f02:	d000      	beq.n	10003f06 <tud_task+0x722>
10003f04:	e639      	b.n	10003b7a <tud_task+0x396>
10003f06:	2701      	movs	r7, #1
10003f08:	79c3      	ldrb	r3, [r0, #7]
10003f0a:	115a      	asrs	r2, r3, #5
10003f0c:	403a      	ands	r2, r7
10003f0e:	0112      	lsls	r2, r2, #4
10003f10:	4691      	mov	r9, r2
10003f12:	782a      	ldrb	r2, [r5, #0]
10003f14:	119b      	asrs	r3, r3, #6
10003f16:	4690      	mov	r8, r2
10003f18:	2210      	movs	r2, #16
10003f1a:	4641      	mov	r1, r8
10003f1c:	4391      	bics	r1, r2
10003f1e:	000a      	movs	r2, r1
10003f20:	4649      	mov	r1, r9
10003f22:	430a      	orrs	r2, r1
10003f24:	2120      	movs	r1, #32
10003f26:	403b      	ands	r3, r7
10003f28:	438a      	bics	r2, r1
10003f2a:	015b      	lsls	r3, r3, #5
10003f2c:	4313      	orrs	r3, r2
10003f2e:	702b      	strb	r3, [r5, #0]
10003f30:	2309      	movs	r3, #9
10003f32:	4698      	mov	r8, r3
10003f34:	78c3      	ldrb	r3, [r0, #3]
10003f36:	7882      	ldrb	r2, [r0, #2]
10003f38:	021b      	lsls	r3, r3, #8
10003f3a:	4313      	orrs	r3, r2
10003f3c:	18c3      	adds	r3, r0, r3
10003f3e:	4480      	add	r8, r0
10003f40:	9303      	str	r3, [sp, #12]
10003f42:	4598      	cmp	r8, r3
10003f44:	d300      	bcc.n	10003f48 <tud_task+0x764>
10003f46:	e0be      	b.n	100040c6 <tud_task+0x8e2>
10003f48:	46d1      	mov	r9, sl
10003f4a:	4643      	mov	r3, r8
10003f4c:	2201      	movs	r2, #1
10003f4e:	785b      	ldrb	r3, [r3, #1]
10003f50:	9200      	str	r2, [sp, #0]
10003f52:	2b0b      	cmp	r3, #11
10003f54:	d107      	bne.n	10003f66 <tud_task+0x782>
10003f56:	4643      	mov	r3, r8
10003f58:	78db      	ldrb	r3, [r3, #3]
10003f5a:	9300      	str	r3, [sp, #0]
10003f5c:	4643      	mov	r3, r8
10003f5e:	781b      	ldrb	r3, [r3, #0]
10003f60:	4498      	add	r8, r3
10003f62:	4643      	mov	r3, r8
10003f64:	785b      	ldrb	r3, [r3, #1]
10003f66:	2b04      	cmp	r3, #4
10003f68:	d000      	beq.n	10003f6c <tud_task+0x788>
10003f6a:	e606      	b.n	10003b7a <tud_task+0x396>
10003f6c:	4642      	mov	r2, r8
10003f6e:	9b03      	ldr	r3, [sp, #12]
10003f70:	2700      	movs	r7, #0
10003f72:	1a9b      	subs	r3, r3, r2
10003f74:	b29b      	uxth	r3, r3
10003f76:	9302      	str	r3, [sp, #8]
10003f78:	4a5d      	ldr	r2, [pc, #372]	; (100040f0 <tud_task+0x90c>)
10003f7a:	4b5e      	ldr	r3, [pc, #376]	; (100040f4 <tud_task+0x910>)
10003f7c:	781b      	ldrb	r3, [r3, #0]
10003f7e:	2a00      	cmp	r2, #0
10003f80:	d116      	bne.n	10003fb0 <tud_task+0x7cc>
10003f82:	e5e9      	b.n	10003b58 <tud_task+0x374>
10003f84:	42bb      	cmp	r3, r7
10003f86:	d000      	beq.n	10003f8a <tud_task+0x7a6>
10003f88:	e0ae      	b.n	100040e8 <tud_task+0x904>
10003f8a:	4a5b      	ldr	r2, [pc, #364]	; (100040f8 <tud_task+0x914>)
10003f8c:	4b5b      	ldr	r3, [pc, #364]	; (100040fc <tud_task+0x918>)
10003f8e:	4692      	mov	sl, r2
10003f90:	9a02      	ldr	r2, [sp, #8]
10003f92:	4641      	mov	r1, r8
10003f94:	4648      	mov	r0, r9
10003f96:	4798      	blx	r3
10003f98:	2808      	cmp	r0, #8
10003f9a:	d902      	bls.n	10003fa2 <tud_task+0x7be>
10003f9c:	9b02      	ldr	r3, [sp, #8]
10003f9e:	4283      	cmp	r3, r0
10003fa0:	d253      	bcs.n	1000404a <tud_task+0x866>
10003fa2:	4b54      	ldr	r3, [pc, #336]	; (100040f4 <tud_task+0x910>)
10003fa4:	3701      	adds	r7, #1
10003fa6:	781b      	ldrb	r3, [r3, #0]
10003fa8:	b2ff      	uxtb	r7, r7
10003faa:	42bb      	cmp	r3, r7
10003fac:	d200      	bcs.n	10003fb0 <tud_task+0x7cc>
10003fae:	e5e4      	b.n	10003b7a <tud_task+0x396>
10003fb0:	42bb      	cmp	r3, r7
10003fb2:	d9e7      	bls.n	10003f84 <tud_task+0x7a0>
10003fb4:	4a52      	ldr	r2, [pc, #328]	; (10004100 <tud_task+0x91c>)
10003fb6:	007b      	lsls	r3, r7, #1
10003fb8:	6812      	ldr	r2, [r2, #0]
10003fba:	19db      	adds	r3, r3, r7
10003fbc:	4692      	mov	sl, r2
10003fbe:	00db      	lsls	r3, r3, #3
10003fc0:	449a      	add	sl, r3
10003fc2:	4653      	mov	r3, sl
10003fc4:	9205      	str	r2, [sp, #20]
10003fc6:	689b      	ldr	r3, [r3, #8]
10003fc8:	e7e2      	b.n	10003f90 <tud_task+0x7ac>
10003fca:	4650      	mov	r0, sl
10003fcc:	f7ff f902 	bl	100031d4 <dcd_edpt_close_all>
10003fd0:	78ab      	ldrb	r3, [r5, #2]
10003fd2:	4f48      	ldr	r7, [pc, #288]	; (100040f4 <tud_task+0x910>)
10003fd4:	4a46      	ldr	r2, [pc, #280]	; (100040f0 <tud_task+0x90c>)
10003fd6:	9300      	str	r3, [sp, #0]
10003fd8:	2100      	movs	r1, #0
10003fda:	783b      	ldrb	r3, [r7, #0]
10003fdc:	2a00      	cmp	r2, #0
10003fde:	d02d      	beq.n	1000403c <tud_task+0x858>
10003fe0:	4a47      	ldr	r2, [pc, #284]	; (10004100 <tud_task+0x91c>)
10003fe2:	4691      	mov	r9, r2
10003fe4:	003a      	movs	r2, r7
10003fe6:	000f      	movs	r7, r1
10003fe8:	4690      	mov	r8, r2
10003fea:	42bb      	cmp	r3, r7
10003fec:	d81d      	bhi.n	1000402a <tud_task+0x846>
10003fee:	d000      	beq.n	10003ff2 <tud_task+0x80e>
10003ff0:	e5d9      	b.n	10003ba6 <tud_task+0x3c2>
10003ff2:	4b44      	ldr	r3, [pc, #272]	; (10004104 <tud_task+0x920>)
10003ff4:	4650      	mov	r0, sl
10003ff6:	4798      	blx	r3
10003ff8:	4643      	mov	r3, r8
10003ffa:	3701      	adds	r7, #1
10003ffc:	781b      	ldrb	r3, [r3, #0]
10003ffe:	b2ff      	uxtb	r7, r7
10004000:	42bb      	cmp	r3, r7
10004002:	d2f2      	bcs.n	10003fea <tud_task+0x806>
10004004:	2253      	movs	r2, #83	; 0x53
10004006:	2100      	movs	r1, #0
10004008:	0028      	movs	r0, r5
1000400a:	f7fe fb51 	bl	100026b0 <__wrap_memset>
1000400e:	2210      	movs	r2, #16
10004010:	21ff      	movs	r1, #255	; 0xff
10004012:	1ce8      	adds	r0, r5, #3
10004014:	f7fe fb4c 	bl	100026b0 <__wrap_memset>
10004018:	0028      	movs	r0, r5
1000401a:	2220      	movs	r2, #32
1000401c:	3013      	adds	r0, #19
1000401e:	21ff      	movs	r1, #255	; 0xff
10004020:	f7fe fb46 	bl	100026b0 <__wrap_memset>
10004024:	9b00      	ldr	r3, [sp, #0]
10004026:	70ab      	strb	r3, [r5, #2]
10004028:	e66c      	b.n	10003d04 <tud_task+0x520>
1000402a:	464a      	mov	r2, r9
1000402c:	6812      	ldr	r2, [r2, #0]
1000402e:	007b      	lsls	r3, r7, #1
10004030:	4694      	mov	ip, r2
10004032:	19db      	adds	r3, r3, r7
10004034:	00db      	lsls	r3, r3, #3
10004036:	4463      	add	r3, ip
10004038:	685b      	ldr	r3, [r3, #4]
1000403a:	e7db      	b.n	10003ff4 <tud_task+0x810>
1000403c:	4650      	mov	r0, sl
1000403e:	f000 fc69 	bl	10004914 <cdcd_reset>
10004042:	783b      	ldrb	r3, [r7, #0]
10004044:	2b00      	cmp	r3, #0
10004046:	d0dd      	beq.n	10004004 <tud_task+0x820>
10004048:	e5ad      	b.n	10003ba6 <tud_task+0x3c2>
1000404a:	4684      	mov	ip, r0
1000404c:	9b00      	ldr	r3, [sp, #0]
1000404e:	2b01      	cmp	r3, #1
10004050:	d019      	beq.n	10004086 <tud_task+0x8a2>
10004052:	9b00      	ldr	r3, [sp, #0]
10004054:	2b00      	cmp	r3, #0
10004056:	d023      	beq.n	100040a0 <tud_task+0x8bc>
10004058:	4643      	mov	r3, r8
1000405a:	7899      	ldrb	r1, [r3, #2]
1000405c:	186a      	adds	r2, r5, r1
1000405e:	78d2      	ldrb	r2, [r2, #3]
10004060:	000b      	movs	r3, r1
10004062:	2aff      	cmp	r2, #255	; 0xff
10004064:	d000      	beq.n	10004068 <tud_task+0x884>
10004066:	e588      	b.n	10003b7a <tud_task+0x396>
10004068:	2200      	movs	r2, #0
1000406a:	18eb      	adds	r3, r5, r3
1000406c:	70df      	strb	r7, [r3, #3]
1000406e:	3201      	adds	r2, #1
10004070:	9b00      	ldr	r3, [sp, #0]
10004072:	b2d2      	uxtb	r2, r2
10004074:	429a      	cmp	r2, r3
10004076:	d213      	bcs.n	100040a0 <tud_task+0x8bc>
10004078:	1853      	adds	r3, r2, r1
1000407a:	b2db      	uxtb	r3, r3
1000407c:	18e8      	adds	r0, r5, r3
1000407e:	78c0      	ldrb	r0, [r0, #3]
10004080:	28ff      	cmp	r0, #255	; 0xff
10004082:	d0f2      	beq.n	1000406a <tud_task+0x886>
10004084:	e579      	b.n	10003b7a <tud_task+0x396>
10004086:	4652      	mov	r2, sl
10004088:	4b1c      	ldr	r3, [pc, #112]	; (100040fc <tud_task+0x918>)
1000408a:	6892      	ldr	r2, [r2, #8]
1000408c:	429a      	cmp	r2, r3
1000408e:	d025      	beq.n	100040dc <tud_task+0x8f8>
10004090:	4643      	mov	r3, r8
10004092:	789b      	ldrb	r3, [r3, #2]
10004094:	18eb      	adds	r3, r5, r3
10004096:	78da      	ldrb	r2, [r3, #3]
10004098:	2aff      	cmp	r2, #255	; 0xff
1000409a:	d000      	beq.n	1000409e <tud_task+0x8ba>
1000409c:	e56d      	b.n	10003b7a <tud_task+0x396>
1000409e:	70df      	strb	r7, [r3, #3]
100040a0:	0028      	movs	r0, r5
100040a2:	46e2      	mov	sl, ip
100040a4:	003b      	movs	r3, r7
100040a6:	4641      	mov	r1, r8
100040a8:	3013      	adds	r0, #19
100040aa:	4662      	mov	r2, ip
100040ac:	f000 fe3a 	bl	10004d24 <tu_edpt_bind_driver>
100040b0:	4b10      	ldr	r3, [pc, #64]	; (100040f4 <tud_task+0x910>)
100040b2:	44d0      	add	r8, sl
100040b4:	781b      	ldrb	r3, [r3, #0]
100040b6:	42bb      	cmp	r3, r7
100040b8:	d200      	bcs.n	100040bc <tud_task+0x8d8>
100040ba:	e55e      	b.n	10003b7a <tud_task+0x396>
100040bc:	9b03      	ldr	r3, [sp, #12]
100040be:	4543      	cmp	r3, r8
100040c0:	d900      	bls.n	100040c4 <tud_task+0x8e0>
100040c2:	e742      	b.n	10003f4a <tud_task+0x766>
100040c4:	46ca      	mov	sl, r9
100040c6:	4b10      	ldr	r3, [pc, #64]	; (10004108 <tud_task+0x924>)
100040c8:	2b00      	cmp	r3, #0
100040ca:	d100      	bne.n	100040ce <tud_task+0x8ea>
100040cc:	e61e      	b.n	10003d0c <tud_task+0x528>
100040ce:	e000      	b.n	100040d2 <tud_task+0x8ee>
100040d0:	bf00      	nop
100040d2:	e61b      	b.n	10003d0c <tud_task+0x528>
100040d4:	4b08      	ldr	r3, [pc, #32]	; (100040f8 <tud_task+0x914>)
100040d6:	4f06      	ldr	r7, [pc, #24]	; (100040f0 <tud_task+0x90c>)
100040d8:	469a      	mov	sl, r3
100040da:	e7b7      	b.n	1000404c <tud_task+0x868>
100040dc:	9b04      	ldr	r3, [sp, #16]
100040de:	9300      	str	r3, [sp, #0]
100040e0:	e7ba      	b.n	10004058 <tud_task+0x874>
100040e2:	f7fe fdf3 	bl	10002ccc <tud_descriptor_configuration_cb>
100040e6:	e690      	b.n	10003e0a <tud_task+0x626>
100040e8:	2300      	movs	r3, #0
100040ea:	689b      	ldr	r3, [r3, #8]
100040ec:	deff      	udf	#255	; 0xff
100040ee:	46c0      	nop			; (mov r8, r8)
100040f0:	10002a35 	.word	0x10002a35
100040f4:	20000f3e 	.word	0x20000f3e
100040f8:	10005760 	.word	0x10005760
100040fc:	10004941 	.word	0x10004941
10004100:	20000594 	.word	0x20000594
10004104:	10004915 	.word	0x10004915
10004108:	00000000 	.word	0x00000000

1000410c <dcd_event_bus_signal>:
1000410c:	b570      	push	{r4, r5, r6, lr}
1000410e:	b086      	sub	sp, #24
10004110:	466b      	mov	r3, sp
10004112:	0005      	movs	r5, r0
10004114:	000c      	movs	r4, r1
10004116:	1c98      	adds	r0, r3, #2
10004118:	220a      	movs	r2, #10
1000411a:	2100      	movs	r1, #0
1000411c:	f7fe fac8 	bl	100026b0 <__wrap_memset>
10004120:	466b      	mov	r3, sp
10004122:	701d      	strb	r5, [r3, #0]
10004124:	705c      	strb	r4, [r3, #1]
10004126:	2c03      	cmp	r4, #3
10004128:	d04f      	beq.n	100041ca <dcd_event_bus_signal+0xbe>
1000412a:	d909      	bls.n	10004140 <dcd_event_bus_signal+0x34>
1000412c:	2c04      	cmp	r4, #4
1000412e:	d03a      	beq.n	100041a6 <dcd_event_bus_signal+0x9a>
10004130:	2c05      	cmp	r4, #5
10004132:	d12e      	bne.n	10004192 <dcd_event_bus_signal+0x86>
10004134:	4b3c      	ldr	r3, [pc, #240]	; (10004228 <dcd_event_bus_signal+0x11c>)
10004136:	781a      	ldrb	r2, [r3, #0]
10004138:	07d2      	lsls	r2, r2, #31
1000413a:	d466      	bmi.n	1000420a <dcd_event_bus_signal+0xfe>
1000413c:	b006      	add	sp, #24
1000413e:	bd70      	pop	{r4, r5, r6, pc}
10004140:	2c02      	cmp	r4, #2
10004142:	d126      	bne.n	10004192 <dcd_event_bus_signal+0x86>
10004144:	2101      	movs	r1, #1
10004146:	4b38      	ldr	r3, [pc, #224]	; (10004228 <dcd_event_bus_signal+0x11c>)
10004148:	781a      	ldrb	r2, [r3, #0]
1000414a:	438a      	bics	r2, r1
1000414c:	701a      	strb	r2, [r3, #0]
1000414e:	781a      	ldrb	r2, [r3, #0]
10004150:	3103      	adds	r1, #3
10004152:	43a2      	bics	r2, r4
10004154:	701a      	strb	r2, [r3, #0]
10004156:	2200      	movs	r2, #0
10004158:	705a      	strb	r2, [r3, #1]
1000415a:	781a      	ldrb	r2, [r3, #0]
1000415c:	438a      	bics	r2, r1
1000415e:	701a      	strb	r2, [r3, #0]
10004160:	4b32      	ldr	r3, [pc, #200]	; (1000422c <dcd_event_bus_signal+0x120>)
10004162:	681c      	ldr	r4, [r3, #0]
10004164:	69e2      	ldr	r2, [r4, #28]
10004166:	f3ef 8110 	mrs	r1, PRIMASK
1000416a:	b672      	cpsid	i
1000416c:	6813      	ldr	r3, [r2, #0]
1000416e:	2b00      	cmp	r3, #0
10004170:	d0fc      	beq.n	1000416c <dcd_event_bus_signal+0x60>
10004172:	f3bf 8f5f 	dmb	sy
10004176:	6221      	str	r1, [r4, #32]
10004178:	4669      	mov	r1, sp
1000417a:	0020      	movs	r0, r4
1000417c:	f000 ff1a 	bl	10004fb4 <tu_fifo_write>
10004180:	69e2      	ldr	r2, [r4, #28]
10004182:	6a23      	ldr	r3, [r4, #32]
10004184:	f3bf 8f5f 	dmb	sy
10004188:	2100      	movs	r1, #0
1000418a:	6011      	str	r1, [r2, #0]
1000418c:	f383 8810 	msr	PRIMASK, r3
10004190:	e7d4      	b.n	1000413c <dcd_event_bus_signal+0x30>
10004192:	4b26      	ldr	r3, [pc, #152]	; (1000422c <dcd_event_bus_signal+0x120>)
10004194:	681c      	ldr	r4, [r3, #0]
10004196:	69e2      	ldr	r2, [r4, #28]
10004198:	f3ef 8110 	mrs	r1, PRIMASK
1000419c:	b672      	cpsid	i
1000419e:	6813      	ldr	r3, [r2, #0]
100041a0:	2b00      	cmp	r3, #0
100041a2:	d1e6      	bne.n	10004172 <dcd_event_bus_signal+0x66>
100041a4:	e7fb      	b.n	1000419e <dcd_event_bus_signal+0x92>
100041a6:	4b20      	ldr	r3, [pc, #128]	; (10004228 <dcd_event_bus_signal+0x11c>)
100041a8:	781a      	ldrb	r2, [r3, #0]
100041aa:	07d2      	lsls	r2, r2, #31
100041ac:	d5c6      	bpl.n	1000413c <dcd_event_bus_signal+0x30>
100041ae:	2104      	movs	r1, #4
100041b0:	781a      	ldrb	r2, [r3, #0]
100041b2:	430a      	orrs	r2, r1
100041b4:	701a      	strb	r2, [r3, #0]
100041b6:	4b1d      	ldr	r3, [pc, #116]	; (1000422c <dcd_event_bus_signal+0x120>)
100041b8:	681c      	ldr	r4, [r3, #0]
100041ba:	69e2      	ldr	r2, [r4, #28]
100041bc:	f3ef 8110 	mrs	r1, PRIMASK
100041c0:	b672      	cpsid	i
100041c2:	6813      	ldr	r3, [r2, #0]
100041c4:	2b00      	cmp	r3, #0
100041c6:	d1d4      	bne.n	10004172 <dcd_event_bus_signal+0x66>
100041c8:	e7fb      	b.n	100041c2 <dcd_event_bus_signal+0xb6>
100041ca:	4b17      	ldr	r3, [pc, #92]	; (10004228 <dcd_event_bus_signal+0x11c>)
100041cc:	781a      	ldrb	r2, [r3, #0]
100041ce:	0752      	lsls	r2, r2, #29
100041d0:	d5b4      	bpl.n	1000413c <dcd_event_bus_signal+0x30>
100041d2:	2104      	movs	r1, #4
100041d4:	200e      	movs	r0, #14
100041d6:	781a      	ldrb	r2, [r3, #0]
100041d8:	4468      	add	r0, sp
100041da:	438a      	bics	r2, r1
100041dc:	701a      	strb	r2, [r3, #0]
100041de:	2100      	movs	r1, #0
100041e0:	220a      	movs	r2, #10
100041e2:	f7fe fa65 	bl	100026b0 <__wrap_memset>
100041e6:	2305      	movs	r3, #5
100041e8:	ae03      	add	r6, sp, #12
100041ea:	7073      	strb	r3, [r6, #1]
100041ec:	4b0f      	ldr	r3, [pc, #60]	; (1000422c <dcd_event_bus_signal+0x120>)
100041ee:	7035      	strb	r5, [r6, #0]
100041f0:	681c      	ldr	r4, [r3, #0]
100041f2:	69e2      	ldr	r2, [r4, #28]
100041f4:	f3ef 8110 	mrs	r1, PRIMASK
100041f8:	b672      	cpsid	i
100041fa:	6813      	ldr	r3, [r2, #0]
100041fc:	2b00      	cmp	r3, #0
100041fe:	d0fc      	beq.n	100041fa <dcd_event_bus_signal+0xee>
10004200:	f3bf 8f5f 	dmb	sy
10004204:	6221      	str	r1, [r4, #32]
10004206:	0031      	movs	r1, r6
10004208:	e7b7      	b.n	1000417a <dcd_event_bus_signal+0x6e>
1000420a:	2104      	movs	r1, #4
1000420c:	781a      	ldrb	r2, [r3, #0]
1000420e:	438a      	bics	r2, r1
10004210:	701a      	strb	r2, [r3, #0]
10004212:	4b06      	ldr	r3, [pc, #24]	; (1000422c <dcd_event_bus_signal+0x120>)
10004214:	681c      	ldr	r4, [r3, #0]
10004216:	69e2      	ldr	r2, [r4, #28]
10004218:	f3ef 8110 	mrs	r1, PRIMASK
1000421c:	b672      	cpsid	i
1000421e:	6813      	ldr	r3, [r2, #0]
10004220:	2b00      	cmp	r3, #0
10004222:	d1a6      	bne.n	10004172 <dcd_event_bus_signal+0x66>
10004224:	e7fb      	b.n	1000421e <dcd_event_bus_signal+0x112>
10004226:	46c0      	nop			; (mov r8, r8)
10004228:	200008cc 	.word	0x200008cc
1000422c:	20000924 	.word	0x20000924

10004230 <dcd_event_bus_reset>:
10004230:	b570      	push	{r4, r5, r6, lr}
10004232:	b084      	sub	sp, #16
10004234:	466b      	mov	r3, sp
10004236:	0006      	movs	r6, r0
10004238:	000d      	movs	r5, r1
1000423a:	220a      	movs	r2, #10
1000423c:	2100      	movs	r1, #0
1000423e:	1d98      	adds	r0, r3, #6
10004240:	f7fe fa36 	bl	100026b0 <__wrap_memset>
10004244:	2301      	movs	r3, #1
10004246:	ac01      	add	r4, sp, #4
10004248:	7063      	strb	r3, [r4, #1]
1000424a:	4b0e      	ldr	r3, [pc, #56]	; (10004284 <dcd_event_bus_reset+0x54>)
1000424c:	7125      	strb	r5, [r4, #4]
1000424e:	681d      	ldr	r5, [r3, #0]
10004250:	7026      	strb	r6, [r4, #0]
10004252:	69ea      	ldr	r2, [r5, #28]
10004254:	f3ef 8310 	mrs	r3, PRIMASK
10004258:	b672      	cpsid	i
1000425a:	6811      	ldr	r1, [r2, #0]
1000425c:	2900      	cmp	r1, #0
1000425e:	d0fc      	beq.n	1000425a <dcd_event_bus_reset+0x2a>
10004260:	f3bf 8f5f 	dmb	sy
10004264:	622b      	str	r3, [r5, #32]
10004266:	0021      	movs	r1, r4
10004268:	0028      	movs	r0, r5
1000426a:	f000 fea3 	bl	10004fb4 <tu_fifo_write>
1000426e:	69ea      	ldr	r2, [r5, #28]
10004270:	6a2b      	ldr	r3, [r5, #32]
10004272:	f3bf 8f5f 	dmb	sy
10004276:	2100      	movs	r1, #0
10004278:	6011      	str	r1, [r2, #0]
1000427a:	f383 8810 	msr	PRIMASK, r3
1000427e:	b004      	add	sp, #16
10004280:	bd70      	pop	{r4, r5, r6, pc}
10004282:	46c0      	nop			; (mov r8, r8)
10004284:	20000924 	.word	0x20000924

10004288 <dcd_event_setup_received>:
10004288:	2300      	movs	r3, #0
1000428a:	b530      	push	{r4, r5, lr}
1000428c:	b085      	sub	sp, #20
1000428e:	ad01      	add	r5, sp, #4
10004290:	806b      	strh	r3, [r5, #2]
10004292:	7028      	strb	r0, [r5, #0]
10004294:	3306      	adds	r3, #6
10004296:	2208      	movs	r2, #8
10004298:	a802      	add	r0, sp, #8
1000429a:	706b      	strb	r3, [r5, #1]
1000429c:	f7fe fa0e 	bl	100026bc <__wrap___aeabi_memcpy>
100042a0:	4b0c      	ldr	r3, [pc, #48]	; (100042d4 <dcd_event_setup_received+0x4c>)
100042a2:	681c      	ldr	r4, [r3, #0]
100042a4:	69e2      	ldr	r2, [r4, #28]
100042a6:	f3ef 8310 	mrs	r3, PRIMASK
100042aa:	b672      	cpsid	i
100042ac:	6811      	ldr	r1, [r2, #0]
100042ae:	2900      	cmp	r1, #0
100042b0:	d0fc      	beq.n	100042ac <dcd_event_setup_received+0x24>
100042b2:	f3bf 8f5f 	dmb	sy
100042b6:	6223      	str	r3, [r4, #32]
100042b8:	0029      	movs	r1, r5
100042ba:	0020      	movs	r0, r4
100042bc:	f000 fe7a 	bl	10004fb4 <tu_fifo_write>
100042c0:	69e2      	ldr	r2, [r4, #28]
100042c2:	6a23      	ldr	r3, [r4, #32]
100042c4:	f3bf 8f5f 	dmb	sy
100042c8:	2100      	movs	r1, #0
100042ca:	6011      	str	r1, [r2, #0]
100042cc:	f383 8810 	msr	PRIMASK, r3
100042d0:	b005      	add	sp, #20
100042d2:	bd30      	pop	{r4, r5, pc}
100042d4:	20000924 	.word	0x20000924

100042d8 <dcd_event_xfer_complete>:
100042d8:	b5f0      	push	{r4, r5, r6, r7, lr}
100042da:	46c6      	mov	lr, r8
100042dc:	b500      	push	{lr}
100042de:	b084      	sub	sp, #16
100042e0:	001d      	movs	r5, r3
100042e2:	466b      	mov	r3, sp
100042e4:	4680      	mov	r8, r0
100042e6:	000f      	movs	r7, r1
100042e8:	0016      	movs	r6, r2
100042ea:	2100      	movs	r1, #0
100042ec:	2206      	movs	r2, #6
100042ee:	1d98      	adds	r0, r3, #6
100042f0:	f7fe f9de 	bl	100026b0 <__wrap_memset>
100042f4:	4643      	mov	r3, r8
100042f6:	ac01      	add	r4, sp, #4
100042f8:	7023      	strb	r3, [r4, #0]
100042fa:	2307      	movs	r3, #7
100042fc:	7063      	strb	r3, [r4, #1]
100042fe:	4b0f      	ldr	r3, [pc, #60]	; (1000433c <dcd_event_xfer_complete+0x64>)
10004300:	7165      	strb	r5, [r4, #5]
10004302:	681d      	ldr	r5, [r3, #0]
10004304:	7127      	strb	r7, [r4, #4]
10004306:	60a6      	str	r6, [r4, #8]
10004308:	69ea      	ldr	r2, [r5, #28]
1000430a:	f3ef 8310 	mrs	r3, PRIMASK
1000430e:	b672      	cpsid	i
10004310:	6811      	ldr	r1, [r2, #0]
10004312:	2900      	cmp	r1, #0
10004314:	d0fc      	beq.n	10004310 <dcd_event_xfer_complete+0x38>
10004316:	f3bf 8f5f 	dmb	sy
1000431a:	622b      	str	r3, [r5, #32]
1000431c:	0021      	movs	r1, r4
1000431e:	0028      	movs	r0, r5
10004320:	f000 fe48 	bl	10004fb4 <tu_fifo_write>
10004324:	69ea      	ldr	r2, [r5, #28]
10004326:	6a2b      	ldr	r3, [r5, #32]
10004328:	f3bf 8f5f 	dmb	sy
1000432c:	2100      	movs	r1, #0
1000432e:	6011      	str	r1, [r2, #0]
10004330:	f383 8810 	msr	PRIMASK, r3
10004334:	b004      	add	sp, #16
10004336:	bc04      	pop	{r2}
10004338:	4690      	mov	r8, r2
1000433a:	bdf0      	pop	{r4, r5, r6, r7, pc}
1000433c:	20000924 	.word	0x20000924

10004340 <usbd_open_edpt_pair>:
10004340:	b5f0      	push	{r4, r5, r6, r7, lr}
10004342:	4646      	mov	r6, r8
10004344:	46d6      	mov	lr, sl
10004346:	464f      	mov	r7, r9
10004348:	4680      	mov	r8, r0
1000434a:	b5c0      	push	{r6, r7, lr}
1000434c:	000c      	movs	r4, r1
1000434e:	0015      	movs	r5, r2
10004350:	001e      	movs	r6, r3
10004352:	2a00      	cmp	r2, #0
10004354:	d03e      	beq.n	100043d4 <usbd_open_edpt_pair+0x94>
10004356:	784b      	ldrb	r3, [r1, #1]
10004358:	2b05      	cmp	r3, #5
1000435a:	d108      	bne.n	1000436e <usbd_open_edpt_pair+0x2e>
1000435c:	78cb      	ldrb	r3, [r1, #3]
1000435e:	079b      	lsls	r3, r3, #30
10004360:	0f9b      	lsrs	r3, r3, #30
10004362:	42b3      	cmp	r3, r6
10004364:	d103      	bne.n	1000436e <usbd_open_edpt_pair+0x2e>
10004366:	2270      	movs	r2, #112	; 0x70
10004368:	788b      	ldrb	r3, [r1, #2]
1000436a:	421a      	tst	r2, r3
1000436c:	d005      	beq.n	1000437a <usbd_open_edpt_pair+0x3a>
1000436e:	2000      	movs	r0, #0
10004370:	bc1c      	pop	{r2, r3, r4}
10004372:	4690      	mov	r8, r2
10004374:	4699      	mov	r9, r3
10004376:	46a2      	mov	sl, r4
10004378:	bdf0      	pop	{r4, r5, r6, r7, pc}
1000437a:	4b17      	ldr	r3, [pc, #92]	; (100043d8 <usbd_open_edpt_pair+0x98>)
1000437c:	2700      	movs	r7, #0
1000437e:	4699      	mov	r9, r3
10004380:	2370      	movs	r3, #112	; 0x70
10004382:	469a      	mov	sl, r3
10004384:	464b      	mov	r3, r9
10004386:	0020      	movs	r0, r4
10004388:	7899      	ldrb	r1, [r3, #2]
1000438a:	f000 fc91 	bl	10004cb0 <tu_edpt_validate>
1000438e:	2800      	cmp	r0, #0
10004390:	d0ed      	beq.n	1000436e <usbd_open_edpt_pair+0x2e>
10004392:	0021      	movs	r1, r4
10004394:	4640      	mov	r0, r8
10004396:	f7fe feab 	bl	100030f0 <dcd_edpt_open>
1000439a:	2800      	cmp	r0, #0
1000439c:	d0e7      	beq.n	1000436e <usbd_open_edpt_pair+0x2e>
1000439e:	78a3      	ldrb	r3, [r4, #2]
100043a0:	09da      	lsrs	r2, r3, #7
100043a2:	2a01      	cmp	r2, #1
100043a4:	d013      	beq.n	100043ce <usbd_open_edpt_pair+0x8e>
100043a6:	9a08      	ldr	r2, [sp, #32]
100043a8:	7013      	strb	r3, [r2, #0]
100043aa:	7823      	ldrb	r3, [r4, #0]
100043ac:	3701      	adds	r7, #1
100043ae:	18e4      	adds	r4, r4, r3
100043b0:	42af      	cmp	r7, r5
100043b2:	da0f      	bge.n	100043d4 <usbd_open_edpt_pair+0x94>
100043b4:	7863      	ldrb	r3, [r4, #1]
100043b6:	2b05      	cmp	r3, #5
100043b8:	d1d9      	bne.n	1000436e <usbd_open_edpt_pair+0x2e>
100043ba:	78e3      	ldrb	r3, [r4, #3]
100043bc:	079b      	lsls	r3, r3, #30
100043be:	0f9b      	lsrs	r3, r3, #30
100043c0:	42b3      	cmp	r3, r6
100043c2:	d1d4      	bne.n	1000436e <usbd_open_edpt_pair+0x2e>
100043c4:	4652      	mov	r2, sl
100043c6:	78a3      	ldrb	r3, [r4, #2]
100043c8:	421a      	tst	r2, r3
100043ca:	d1d0      	bne.n	1000436e <usbd_open_edpt_pair+0x2e>
100043cc:	e7da      	b.n	10004384 <usbd_open_edpt_pair+0x44>
100043ce:	9a09      	ldr	r2, [sp, #36]	; 0x24
100043d0:	7013      	strb	r3, [r2, #0]
100043d2:	e7ea      	b.n	100043aa <usbd_open_edpt_pair+0x6a>
100043d4:	2001      	movs	r0, #1
100043d6:	e7cb      	b.n	10004370 <usbd_open_edpt_pair+0x30>
100043d8:	200008cc 	.word	0x200008cc

100043dc <usbd_edpt_open>:
100043dc:	2270      	movs	r2, #112	; 0x70
100043de:	b570      	push	{r4, r5, r6, lr}
100043e0:	788b      	ldrb	r3, [r1, #2]
100043e2:	0005      	movs	r5, r0
100043e4:	000c      	movs	r4, r1
100043e6:	421a      	tst	r2, r3
100043e8:	d001      	beq.n	100043ee <usbd_edpt_open+0x12>
100043ea:	2000      	movs	r0, #0
100043ec:	bd70      	pop	{r4, r5, r6, pc}
100043ee:	4b06      	ldr	r3, [pc, #24]	; (10004408 <usbd_edpt_open+0x2c>)
100043f0:	0020      	movs	r0, r4
100043f2:	7899      	ldrb	r1, [r3, #2]
100043f4:	f000 fc5c 	bl	10004cb0 <tu_edpt_validate>
100043f8:	2800      	cmp	r0, #0
100043fa:	d0f6      	beq.n	100043ea <usbd_edpt_open+0xe>
100043fc:	0021      	movs	r1, r4
100043fe:	0028      	movs	r0, r5
10004400:	f7fe fe76 	bl	100030f0 <dcd_edpt_open>
10004404:	e7f2      	b.n	100043ec <usbd_edpt_open+0x10>
10004406:	46c0      	nop			; (mov r8, r8)
10004408:	200008cc 	.word	0x200008cc

1000440c <usbd_edpt_claim>:
1000440c:	237f      	movs	r3, #127	; 0x7f
1000440e:	b570      	push	{r4, r5, r6, lr}
10004410:	400b      	ands	r3, r1
10004412:	4d14      	ldr	r5, [pc, #80]	; (10004464 <usbd_edpt_claim+0x58>)
10004414:	005b      	lsls	r3, r3, #1
10004416:	09c9      	lsrs	r1, r1, #7
10004418:	18ed      	adds	r5, r5, r3
1000441a:	186d      	adds	r5, r5, r1
1000441c:	3530      	adds	r5, #48	; 0x30
1000441e:	78ec      	ldrb	r4, [r5, #3]
10004420:	07e4      	lsls	r4, r4, #31
10004422:	0fe4      	lsrs	r4, r4, #31
10004424:	d117      	bne.n	10004456 <usbd_edpt_claim+0x4a>
10004426:	78eb      	ldrb	r3, [r5, #3]
10004428:	075b      	lsls	r3, r3, #29
1000442a:	d501      	bpl.n	10004430 <usbd_edpt_claim+0x24>
1000442c:	0020      	movs	r0, r4
1000442e:	bd70      	pop	{r4, r5, r6, pc}
10004430:	2101      	movs	r1, #1
10004432:	4e0d      	ldr	r6, [pc, #52]	; (10004468 <usbd_edpt_claim+0x5c>)
10004434:	4249      	negs	r1, r1
10004436:	6830      	ldr	r0, [r6, #0]
10004438:	f001 f822 	bl	10005480 <__mutex_enter_timeout_ms_veneer>
1000443c:	78ec      	ldrb	r4, [r5, #3]
1000443e:	07e4      	lsls	r4, r4, #31
10004440:	0fe4      	lsrs	r4, r4, #31
10004442:	d10a      	bne.n	1000445a <usbd_edpt_claim+0x4e>
10004444:	78eb      	ldrb	r3, [r5, #3]
10004446:	075b      	lsls	r3, r3, #29
10004448:	d408      	bmi.n	1000445c <usbd_edpt_claim+0x50>
1000444a:	2204      	movs	r2, #4
1000444c:	78eb      	ldrb	r3, [r5, #3]
1000444e:	2401      	movs	r4, #1
10004450:	4313      	orrs	r3, r2
10004452:	70eb      	strb	r3, [r5, #3]
10004454:	e002      	b.n	1000445c <usbd_edpt_claim+0x50>
10004456:	2400      	movs	r4, #0
10004458:	e7e8      	b.n	1000442c <usbd_edpt_claim+0x20>
1000445a:	2400      	movs	r4, #0
1000445c:	6830      	ldr	r0, [r6, #0]
1000445e:	f000 fff7 	bl	10005450 <__mutex_exit_veneer>
10004462:	e7e3      	b.n	1000442c <usbd_edpt_claim+0x20>
10004464:	200008cc 	.word	0x200008cc
10004468:	20000920 	.word	0x20000920

1000446c <usbd_edpt_release>:
1000446c:	b570      	push	{r4, r5, r6, lr}
1000446e:	000d      	movs	r5, r1
10004470:	2101      	movs	r1, #1
10004472:	4c0f      	ldr	r4, [pc, #60]	; (100044b0 <usbd_edpt_release+0x44>)
10004474:	4249      	negs	r1, r1
10004476:	6820      	ldr	r0, [r4, #0]
10004478:	f001 f802 	bl	10005480 <__mutex_enter_timeout_ms_veneer>
1000447c:	217f      	movs	r1, #127	; 0x7f
1000447e:	4029      	ands	r1, r5
10004480:	004b      	lsls	r3, r1, #1
10004482:	490c      	ldr	r1, [pc, #48]	; (100044b4 <usbd_edpt_release+0x48>)
10004484:	09ed      	lsrs	r5, r5, #7
10004486:	18c9      	adds	r1, r1, r3
10004488:	1949      	adds	r1, r1, r5
1000448a:	3130      	adds	r1, #48	; 0x30
1000448c:	78cb      	ldrb	r3, [r1, #3]
1000448e:	2500      	movs	r5, #0
10004490:	07db      	lsls	r3, r3, #31
10004492:	d407      	bmi.n	100044a4 <usbd_edpt_release+0x38>
10004494:	78cd      	ldrb	r5, [r1, #3]
10004496:	076d      	lsls	r5, r5, #29
10004498:	0fed      	lsrs	r5, r5, #31
1000449a:	d003      	beq.n	100044a4 <usbd_edpt_release+0x38>
1000449c:	2204      	movs	r2, #4
1000449e:	78cb      	ldrb	r3, [r1, #3]
100044a0:	4393      	bics	r3, r2
100044a2:	70cb      	strb	r3, [r1, #3]
100044a4:	6820      	ldr	r0, [r4, #0]
100044a6:	f000 ffd3 	bl	10005450 <__mutex_exit_veneer>
100044aa:	0028      	movs	r0, r5
100044ac:	bd70      	pop	{r4, r5, r6, pc}
100044ae:	46c0      	nop			; (mov r8, r8)
100044b0:	20000920 	.word	0x20000920
100044b4:	200008cc 	.word	0x200008cc

100044b8 <usbd_edpt_xfer>:
100044b8:	b570      	push	{r4, r5, r6, lr}
100044ba:	247f      	movs	r4, #127	; 0x7f
100044bc:	400c      	ands	r4, r1
100044be:	0065      	lsls	r5, r4, #1
100044c0:	4c0e      	ldr	r4, [pc, #56]	; (100044fc <usbd_edpt_xfer+0x44>)
100044c2:	0006      	movs	r6, r0
100044c4:	1964      	adds	r4, r4, r5
100044c6:	09c8      	lsrs	r0, r1, #7
100044c8:	1824      	adds	r4, r4, r0
100044ca:	3430      	adds	r4, #48	; 0x30
100044cc:	78e5      	ldrb	r5, [r4, #3]
100044ce:	2000      	movs	r0, #0
100044d0:	07ed      	lsls	r5, r5, #31
100044d2:	d500      	bpl.n	100044d6 <usbd_edpt_xfer+0x1e>
100044d4:	bd70      	pop	{r4, r5, r6, pc}
100044d6:	2501      	movs	r5, #1
100044d8:	78e0      	ldrb	r0, [r4, #3]
100044da:	4328      	orrs	r0, r5
100044dc:	70e0      	strb	r0, [r4, #3]
100044de:	0030      	movs	r0, r6
100044e0:	f7fe fed6 	bl	10003290 <dcd_edpt_xfer>
100044e4:	2800      	cmp	r0, #0
100044e6:	d1f5      	bne.n	100044d4 <usbd_edpt_xfer+0x1c>
100044e8:	2201      	movs	r2, #1
100044ea:	78e3      	ldrb	r3, [r4, #3]
100044ec:	4393      	bics	r3, r2
100044ee:	70e3      	strb	r3, [r4, #3]
100044f0:	78e3      	ldrb	r3, [r4, #3]
100044f2:	3203      	adds	r2, #3
100044f4:	4393      	bics	r3, r2
100044f6:	70e3      	strb	r3, [r4, #3]
100044f8:	e7ec      	b.n	100044d4 <usbd_edpt_xfer+0x1c>
100044fa:	46c0      	nop			; (mov r8, r8)
100044fc:	200008cc 	.word	0x200008cc

10004500 <tud_control_status>:
10004500:	b570      	push	{r4, r5, r6, lr}
10004502:	4c0a      	ldr	r4, [pc, #40]	; (1000452c <tud_control_status+0x2c>)
10004504:	0006      	movs	r6, r0
10004506:	2208      	movs	r2, #8
10004508:	0020      	movs	r0, r4
1000450a:	000d      	movs	r5, r1
1000450c:	f7fe f8d6 	bl	100026bc <__wrap___aeabi_memcpy>
10004510:	2100      	movs	r1, #0
10004512:	5669      	ldrsb	r1, [r5, r1]
10004514:	2300      	movs	r3, #0
10004516:	43c9      	mvns	r1, r1
10004518:	0fc9      	lsrs	r1, r1, #31
1000451a:	0030      	movs	r0, r6
1000451c:	60e3      	str	r3, [r4, #12]
1000451e:	01c9      	lsls	r1, r1, #7
10004520:	2200      	movs	r2, #0
10004522:	60a3      	str	r3, [r4, #8]
10004524:	f7ff ffc8 	bl	100044b8 <usbd_edpt_xfer>
10004528:	bd70      	pop	{r4, r5, r6, pc}
1000452a:	46c0      	nop			; (mov r8, r8)
1000452c:	20000870 	.word	0x20000870

10004530 <tud_control_xfer>:
10004530:	b5f0      	push	{r4, r5, r6, r7, lr}
10004532:	46c6      	mov	lr, r8
10004534:	4690      	mov	r8, r2
10004536:	4c29      	ldr	r4, [pc, #164]	; (100045dc <tud_control_xfer+0xac>)
10004538:	2208      	movs	r2, #8
1000453a:	b500      	push	{lr}
1000453c:	0006      	movs	r6, r0
1000453e:	0020      	movs	r0, r4
10004540:	000d      	movs	r5, r1
10004542:	001f      	movs	r7, r3
10004544:	f7fe f8ba 	bl	100026bc <__wrap___aeabi_memcpy>
10004548:	4643      	mov	r3, r8
1000454a:	60a3      	str	r3, [r4, #8]
1000454c:	2300      	movs	r3, #0
1000454e:	81e3      	strh	r3, [r4, #14]
10004550:	79eb      	ldrb	r3, [r5, #7]
10004552:	79aa      	ldrb	r2, [r5, #6]
10004554:	021b      	lsls	r3, r3, #8
10004556:	4313      	orrs	r3, r2
10004558:	1c1a      	adds	r2, r3, #0
1000455a:	42bb      	cmp	r3, r7
1000455c:	d900      	bls.n	10004560 <tud_control_xfer+0x30>
1000455e:	1c3a      	adds	r2, r7, #0
10004560:	b297      	uxth	r7, r2
10004562:	81a2      	strh	r2, [r4, #12]
10004564:	2b00      	cmp	r3, #0
10004566:	d012      	beq.n	1000458e <tud_control_xfer+0x5e>
10004568:	2f00      	cmp	r7, #0
1000456a:	d01d      	beq.n	100045a8 <tud_control_xfer+0x78>
1000456c:	4643      	mov	r3, r8
1000456e:	2b00      	cmp	r3, #0
10004570:	d031      	beq.n	100045d6 <tud_control_xfer+0xa6>
10004572:	1c3b      	adds	r3, r7, #0
10004574:	2f40      	cmp	r7, #64	; 0x40
10004576:	d81d      	bhi.n	100045b4 <tud_control_xfer+0x84>
10004578:	b29f      	uxth	r7, r3
1000457a:	7823      	ldrb	r3, [r4, #0]
1000457c:	2b7f      	cmp	r3, #127	; 0x7f
1000457e:	d81e      	bhi.n	100045be <tud_control_xfer+0x8e>
10004580:	2100      	movs	r1, #0
10004582:	4a17      	ldr	r2, [pc, #92]	; (100045e0 <tud_control_xfer+0xb0>)
10004584:	003b      	movs	r3, r7
10004586:	0030      	movs	r0, r6
10004588:	f7ff ff96 	bl	100044b8 <usbd_edpt_xfer>
1000458c:	e009      	b.n	100045a2 <tud_control_xfer+0x72>
1000458e:	2100      	movs	r1, #0
10004590:	5669      	ldrsb	r1, [r5, r1]
10004592:	2300      	movs	r3, #0
10004594:	43c9      	mvns	r1, r1
10004596:	0fc9      	lsrs	r1, r1, #31
10004598:	01c9      	lsls	r1, r1, #7
1000459a:	2200      	movs	r2, #0
1000459c:	0030      	movs	r0, r6
1000459e:	f7ff ff8b 	bl	100044b8 <usbd_edpt_xfer>
100045a2:	bc04      	pop	{r2}
100045a4:	4690      	mov	r8, r2
100045a6:	bdf0      	pop	{r4, r5, r6, r7, pc}
100045a8:	7823      	ldrb	r3, [r4, #0]
100045aa:	2b7f      	cmp	r3, #127	; 0x7f
100045ac:	d910      	bls.n	100045d0 <tud_control_xfer+0xa0>
100045ae:	2180      	movs	r1, #128	; 0x80
100045b0:	2200      	movs	r2, #0
100045b2:	e7e7      	b.n	10004584 <tud_control_xfer+0x54>
100045b4:	2340      	movs	r3, #64	; 0x40
100045b6:	b29f      	uxth	r7, r3
100045b8:	7823      	ldrb	r3, [r4, #0]
100045ba:	2b7f      	cmp	r3, #127	; 0x7f
100045bc:	d9e0      	bls.n	10004580 <tud_control_xfer+0x50>
100045be:	4c08      	ldr	r4, [pc, #32]	; (100045e0 <tud_control_xfer+0xb0>)
100045c0:	003a      	movs	r2, r7
100045c2:	4641      	mov	r1, r8
100045c4:	0020      	movs	r0, r4
100045c6:	f7fe f879 	bl	100026bc <__wrap___aeabi_memcpy>
100045ca:	2180      	movs	r1, #128	; 0x80
100045cc:	0022      	movs	r2, r4
100045ce:	e7d9      	b.n	10004584 <tud_control_xfer+0x54>
100045d0:	2100      	movs	r1, #0
100045d2:	2200      	movs	r2, #0
100045d4:	e7d6      	b.n	10004584 <tud_control_xfer+0x54>
100045d6:	2000      	movs	r0, #0
100045d8:	e7e3      	b.n	100045a2 <tud_control_xfer+0x72>
100045da:	46c0      	nop			; (mov r8, r8)
100045dc:	20000870 	.word	0x20000870
100045e0:	2000088c 	.word	0x2000088c

100045e4 <usbd_control_reset>:
100045e4:	b510      	push	{r4, lr}
100045e6:	2214      	movs	r2, #20
100045e8:	2100      	movs	r1, #0
100045ea:	4802      	ldr	r0, [pc, #8]	; (100045f4 <usbd_control_reset+0x10>)
100045ec:	f7fe f860 	bl	100026b0 <__wrap_memset>
100045f0:	bd10      	pop	{r4, pc}
100045f2:	46c0      	nop			; (mov r8, r8)
100045f4:	20000870 	.word	0x20000870

100045f8 <usbd_control_set_complete_callback>:
100045f8:	4b01      	ldr	r3, [pc, #4]	; (10004600 <usbd_control_set_complete_callback+0x8>)
100045fa:	6118      	str	r0, [r3, #16]
100045fc:	4770      	bx	lr
100045fe:	46c0      	nop			; (mov r8, r8)
10004600:	20000870 	.word	0x20000870

10004604 <usbd_control_set_request>:
10004604:	b510      	push	{r4, lr}
10004606:	4c05      	ldr	r4, [pc, #20]	; (1000461c <usbd_control_set_request+0x18>)
10004608:	0001      	movs	r1, r0
1000460a:	2208      	movs	r2, #8
1000460c:	0020      	movs	r0, r4
1000460e:	f7fe f855 	bl	100026bc <__wrap___aeabi_memcpy>
10004612:	2300      	movs	r3, #0
10004614:	60a3      	str	r3, [r4, #8]
10004616:	60e3      	str	r3, [r4, #12]
10004618:	bd10      	pop	{r4, pc}
1000461a:	46c0      	nop			; (mov r8, r8)
1000461c:	20000870 	.word	0x20000870

10004620 <usbd_control_xfer_cb>:
10004620:	b5f8      	push	{r3, r4, r5, r6, r7, lr}
10004622:	4c3b      	ldr	r4, [pc, #236]	; (10004710 <usbd_control_xfer_cb+0xf0>)
10004624:	001d      	movs	r5, r3
10004626:	7823      	ldrb	r3, [r4, #0]
10004628:	0006      	movs	r6, r0
1000462a:	09da      	lsrs	r2, r3, #7
1000462c:	09c9      	lsrs	r1, r1, #7
1000462e:	428a      	cmp	r2, r1
10004630:	d013      	beq.n	1000465a <usbd_control_xfer_cb+0x3a>
10004632:	2000      	movs	r0, #0
10004634:	2d00      	cmp	r5, #0
10004636:	d000      	beq.n	1000463a <usbd_control_xfer_cb+0x1a>
10004638:	bdf8      	pop	{r3, r4, r5, r6, r7, pc}
1000463a:	4b36      	ldr	r3, [pc, #216]	; (10004714 <usbd_control_xfer_cb+0xf4>)
1000463c:	2b00      	cmp	r3, #0
1000463e:	d003      	beq.n	10004648 <usbd_control_xfer_cb+0x28>
10004640:	0021      	movs	r1, r4
10004642:	0030      	movs	r0, r6
10004644:	f7fe fd46 	bl	100030d4 <dcd_edpt0_status_complete>
10004648:	6923      	ldr	r3, [r4, #16]
1000464a:	2b00      	cmp	r3, #0
1000464c:	d043      	beq.n	100046d6 <usbd_control_xfer_cb+0xb6>
1000464e:	0022      	movs	r2, r4
10004650:	2102      	movs	r1, #2
10004652:	0030      	movs	r0, r6
10004654:	4798      	blx	r3
10004656:	2001      	movs	r0, #1
10004658:	e7ee      	b.n	10004638 <usbd_control_xfer_cb+0x18>
1000465a:	68a0      	ldr	r0, [r4, #8]
1000465c:	2b7f      	cmp	r3, #127	; 0x7f
1000465e:	d806      	bhi.n	1000466e <usbd_control_xfer_cb+0x4e>
10004660:	2800      	cmp	r0, #0
10004662:	d036      	beq.n	100046d2 <usbd_control_xfer_cb+0xb2>
10004664:	002a      	movs	r2, r5
10004666:	492c      	ldr	r1, [pc, #176]	; (10004718 <usbd_control_xfer_cb+0xf8>)
10004668:	f7fe f828 	bl	100026bc <__wrap___aeabi_memcpy>
1000466c:	68a0      	ldr	r0, [r4, #8]
1000466e:	89e2      	ldrh	r2, [r4, #14]
10004670:	88e3      	ldrh	r3, [r4, #6]
10004672:	1952      	adds	r2, r2, r5
10004674:	b292      	uxth	r2, r2
10004676:	1940      	adds	r0, r0, r5
10004678:	81e2      	strh	r2, [r4, #14]
1000467a:	60a0      	str	r0, [r4, #8]
1000467c:	4293      	cmp	r3, r2
1000467e:	d014      	beq.n	100046aa <usbd_control_xfer_cb+0x8a>
10004680:	2d3f      	cmp	r5, #63	; 0x3f
10004682:	d912      	bls.n	100046aa <usbd_control_xfer_cb+0x8a>
10004684:	89a5      	ldrh	r5, [r4, #12]
10004686:	1aa9      	subs	r1, r5, r2
10004688:	1c0f      	adds	r7, r1, #0
1000468a:	b289      	uxth	r1, r1
1000468c:	2940      	cmp	r1, #64	; 0x40
1000468e:	d82e      	bhi.n	100046ee <usbd_control_xfer_cb+0xce>
10004690:	7823      	ldrb	r3, [r4, #0]
10004692:	b2bf      	uxth	r7, r7
10004694:	2b7f      	cmp	r3, #127	; 0x7f
10004696:	d82c      	bhi.n	100046f2 <usbd_control_xfer_cb+0xd2>
10004698:	2100      	movs	r1, #0
1000469a:	42aa      	cmp	r2, r5
1000469c:	d035      	beq.n	1000470a <usbd_control_xfer_cb+0xea>
1000469e:	4a1e      	ldr	r2, [pc, #120]	; (10004718 <usbd_control_xfer_cb+0xf8>)
100046a0:	003b      	movs	r3, r7
100046a2:	0030      	movs	r0, r6
100046a4:	f7ff ff08 	bl	100044b8 <usbd_edpt_xfer>
100046a8:	e7c6      	b.n	10004638 <usbd_control_xfer_cb+0x18>
100046aa:	6923      	ldr	r3, [r4, #16]
100046ac:	2b00      	cmp	r3, #0
100046ae:	d005      	beq.n	100046bc <usbd_control_xfer_cb+0x9c>
100046b0:	0022      	movs	r2, r4
100046b2:	2101      	movs	r1, #1
100046b4:	0030      	movs	r0, r6
100046b6:	4798      	blx	r3
100046b8:	2800      	cmp	r0, #0
100046ba:	d00e      	beq.n	100046da <usbd_control_xfer_cb+0xba>
100046bc:	2100      	movs	r1, #0
100046be:	5661      	ldrsb	r1, [r4, r1]
100046c0:	2300      	movs	r3, #0
100046c2:	43c9      	mvns	r1, r1
100046c4:	0fc9      	lsrs	r1, r1, #31
100046c6:	01c9      	lsls	r1, r1, #7
100046c8:	2200      	movs	r2, #0
100046ca:	0030      	movs	r0, r6
100046cc:	f7ff fef4 	bl	100044b8 <usbd_edpt_xfer>
100046d0:	e7b2      	b.n	10004638 <usbd_control_xfer_cb+0x18>
100046d2:	2000      	movs	r0, #0
100046d4:	e7b0      	b.n	10004638 <usbd_control_xfer_cb+0x18>
100046d6:	2001      	movs	r0, #1
100046d8:	e7ae      	b.n	10004638 <usbd_control_xfer_cb+0x18>
100046da:	2100      	movs	r1, #0
100046dc:	0030      	movs	r0, r6
100046de:	f7fe fde9 	bl	100032b4 <dcd_edpt_stall>
100046e2:	0030      	movs	r0, r6
100046e4:	2180      	movs	r1, #128	; 0x80
100046e6:	f7fe fde5 	bl	100032b4 <dcd_edpt_stall>
100046ea:	2001      	movs	r0, #1
100046ec:	e7a4      	b.n	10004638 <usbd_control_xfer_cb+0x18>
100046ee:	2740      	movs	r7, #64	; 0x40
100046f0:	e7ce      	b.n	10004690 <usbd_control_xfer_cb+0x70>
100046f2:	2180      	movs	r1, #128	; 0x80
100046f4:	42aa      	cmp	r2, r5
100046f6:	d008      	beq.n	1000470a <usbd_control_xfer_cb+0xea>
100046f8:	4c07      	ldr	r4, [pc, #28]	; (10004718 <usbd_control_xfer_cb+0xf8>)
100046fa:	0001      	movs	r1, r0
100046fc:	003a      	movs	r2, r7
100046fe:	0020      	movs	r0, r4
10004700:	f7fd ffdc 	bl	100026bc <__wrap___aeabi_memcpy>
10004704:	2180      	movs	r1, #128	; 0x80
10004706:	0022      	movs	r2, r4
10004708:	e7ca      	b.n	100046a0 <usbd_control_xfer_cb+0x80>
1000470a:	2200      	movs	r2, #0
1000470c:	e7c8      	b.n	100046a0 <usbd_control_xfer_cb+0x80>
1000470e:	46c0      	nop			; (mov r8, r8)
10004710:	20000870 	.word	0x20000870
10004714:	100030d5 	.word	0x100030d5
10004718:	2000088c 	.word	0x2000088c

1000471c <tud_cdc_n_connected>:
1000471c:	b510      	push	{r4, lr}
1000471e:	0004      	movs	r4, r0
10004720:	f7fe ffe0 	bl	100036e4 <tud_mounted>
10004724:	2800      	cmp	r0, #0
10004726:	d101      	bne.n	1000472c <tud_cdc_n_connected+0x10>
10004728:	2000      	movs	r0, #0
1000472a:	bd10      	pop	{r4, pc}
1000472c:	f7fe ffe2 	bl	100036f4 <tud_suspended>
10004730:	2800      	cmp	r0, #0
10004732:	d1f9      	bne.n	10004728 <tud_cdc_n_connected+0xc>
10004734:	20b6      	movs	r0, #182	; 0xb6
10004736:	0080      	lsls	r0, r0, #2
10004738:	4344      	muls	r4, r0
1000473a:	4803      	ldr	r0, [pc, #12]	; (10004748 <tud_cdc_n_connected+0x2c>)
1000473c:	1900      	adds	r0, r0, r4
1000473e:	7903      	ldrb	r3, [r0, #4]
10004740:	2001      	movs	r0, #1
10004742:	4018      	ands	r0, r3
10004744:	e7f1      	b.n	1000472a <tud_cdc_n_connected+0xe>
10004746:	46c0      	nop			; (mov r8, r8)
10004748:	20000598 	.word	0x20000598

1000474c <tud_cdc_n_available>:
1000474c:	23b6      	movs	r3, #182	; 0xb6
1000474e:	009b      	lsls	r3, r3, #2
10004750:	4358      	muls	r0, r3
10004752:	b510      	push	{r4, lr}
10004754:	4b02      	ldr	r3, [pc, #8]	; (10004760 <tud_cdc_n_available+0x14>)
10004756:	3010      	adds	r0, #16
10004758:	18c0      	adds	r0, r0, r3
1000475a:	f000 fb35 	bl	10004dc8 <tu_fifo_count>
1000475e:	bd10      	pop	{r4, pc}
10004760:	20000598 	.word	0x20000598

10004764 <tud_cdc_n_read>:
10004764:	b5f0      	push	{r4, r5, r6, r7, lr}
10004766:	25b6      	movs	r5, #182	; 0xb6
10004768:	00ad      	lsls	r5, r5, #2
1000476a:	4345      	muls	r5, r0
1000476c:	002c      	movs	r4, r5
1000476e:	46c6      	mov	lr, r8
10004770:	4e17      	ldr	r6, [pc, #92]	; (100047d0 <tud_cdc_n_read+0x6c>)
10004772:	3410      	adds	r4, #16
10004774:	19a4      	adds	r4, r4, r6
10004776:	b500      	push	{lr}
10004778:	b292      	uxth	r2, r2
1000477a:	0020      	movs	r0, r4
1000477c:	f000 fb9e 	bl	10004ebc <tu_fifo_read_n>
10004780:	0007      	movs	r7, r0
10004782:	0020      	movs	r0, r4
10004784:	f000 fb3a 	bl	10004dfc <tu_fifo_remaining>
10004788:	283f      	cmp	r0, #63	; 0x3f
1000478a:	d803      	bhi.n	10004794 <tud_cdc_n_read+0x30>
1000478c:	0038      	movs	r0, r7
1000478e:	bc04      	pop	{r2}
10004790:	4690      	mov	r8, r2
10004792:	bdf0      	pop	{r4, r5, r6, r7, pc}
10004794:	1973      	adds	r3, r6, r5
10004796:	78d9      	ldrb	r1, [r3, #3]
10004798:	2000      	movs	r0, #0
1000479a:	4698      	mov	r8, r3
1000479c:	f7ff fe36 	bl	1000440c <usbd_edpt_claim>
100047a0:	2800      	cmp	r0, #0
100047a2:	d0f3      	beq.n	1000478c <tud_cdc_n_read+0x28>
100047a4:	0020      	movs	r0, r4
100047a6:	f000 fb29 	bl	10004dfc <tu_fifo_remaining>
100047aa:	283f      	cmp	r0, #63	; 0x3f
100047ac:	d90a      	bls.n	100047c4 <tud_cdc_n_read+0x60>
100047ae:	2396      	movs	r3, #150	; 0x96
100047b0:	009b      	lsls	r3, r3, #2
100047b2:	18ea      	adds	r2, r5, r3
100047b4:	4643      	mov	r3, r8
100047b6:	1992      	adds	r2, r2, r6
100047b8:	78d9      	ldrb	r1, [r3, #3]
100047ba:	2000      	movs	r0, #0
100047bc:	2340      	movs	r3, #64	; 0x40
100047be:	f7ff fe7b 	bl	100044b8 <usbd_edpt_xfer>
100047c2:	e7e3      	b.n	1000478c <tud_cdc_n_read+0x28>
100047c4:	4643      	mov	r3, r8
100047c6:	2000      	movs	r0, #0
100047c8:	78d9      	ldrb	r1, [r3, #3]
100047ca:	f7ff fe4f 	bl	1000446c <usbd_edpt_release>
100047ce:	e7dd      	b.n	1000478c <tud_cdc_n_read+0x28>
100047d0:	20000598 	.word	0x20000598

100047d4 <tud_cdc_n_write_flush>:
100047d4:	b5f8      	push	{r3, r4, r5, r6, r7, lr}
100047d6:	0005      	movs	r5, r0
100047d8:	f7fe ff84 	bl	100036e4 <tud_mounted>
100047dc:	2800      	cmp	r0, #0
100047de:	d101      	bne.n	100047e4 <tud_cdc_n_write_flush+0x10>
100047e0:	2000      	movs	r0, #0
100047e2:	bdf8      	pop	{r3, r4, r5, r6, r7, pc}
100047e4:	f7fe ff86 	bl	100036f4 <tud_suspended>
100047e8:	2800      	cmp	r0, #0
100047ea:	d1f9      	bne.n	100047e0 <tud_cdc_n_write_flush+0xc>
100047ec:	24b6      	movs	r4, #182	; 0xb6
100047ee:	00a4      	lsls	r4, r4, #2
100047f0:	436c      	muls	r4, r5
100047f2:	0025      	movs	r5, r4
100047f4:	4e14      	ldr	r6, [pc, #80]	; (10004848 <tud_cdc_n_write_flush+0x74>)
100047f6:	352c      	adds	r5, #44	; 0x2c
100047f8:	19ad      	adds	r5, r5, r6
100047fa:	0028      	movs	r0, r5
100047fc:	f000 fae4 	bl	10004dc8 <tu_fifo_count>
10004800:	2800      	cmp	r0, #0
10004802:	d0ed      	beq.n	100047e0 <tud_cdc_n_write_flush+0xc>
10004804:	1937      	adds	r7, r6, r4
10004806:	78b9      	ldrb	r1, [r7, #2]
10004808:	2000      	movs	r0, #0
1000480a:	f7ff fdff 	bl	1000440c <usbd_edpt_claim>
1000480e:	2800      	cmp	r0, #0
10004810:	d0e6      	beq.n	100047e0 <tud_cdc_n_write_flush+0xc>
10004812:	23a6      	movs	r3, #166	; 0xa6
10004814:	009b      	lsls	r3, r3, #2
10004816:	469c      	mov	ip, r3
10004818:	4464      	add	r4, ip
1000481a:	19a4      	adds	r4, r4, r6
1000481c:	0021      	movs	r1, r4
1000481e:	0028      	movs	r0, r5
10004820:	2240      	movs	r2, #64	; 0x40
10004822:	f000 fb4b 	bl	10004ebc <tu_fifo_read_n>
10004826:	78b9      	ldrb	r1, [r7, #2]
10004828:	1e05      	subs	r5, r0, #0
1000482a:	d008      	beq.n	1000483e <tud_cdc_n_write_flush+0x6a>
1000482c:	0003      	movs	r3, r0
1000482e:	0022      	movs	r2, r4
10004830:	2000      	movs	r0, #0
10004832:	f7ff fe41 	bl	100044b8 <usbd_edpt_xfer>
10004836:	2800      	cmp	r0, #0
10004838:	d0d2      	beq.n	100047e0 <tud_cdc_n_write_flush+0xc>
1000483a:	0028      	movs	r0, r5
1000483c:	e7d1      	b.n	100047e2 <tud_cdc_n_write_flush+0xe>
1000483e:	2000      	movs	r0, #0
10004840:	f7ff fe14 	bl	1000446c <usbd_edpt_release>
10004844:	e7cc      	b.n	100047e0 <tud_cdc_n_write_flush+0xc>
10004846:	46c0      	nop			; (mov r8, r8)
10004848:	20000598 	.word	0x20000598

1000484c <tud_cdc_n_write>:
1000484c:	b570      	push	{r4, r5, r6, lr}
1000484e:	24b6      	movs	r4, #182	; 0xb6
10004850:	00a4      	lsls	r4, r4, #2
10004852:	4344      	muls	r4, r0
10004854:	4b09      	ldr	r3, [pc, #36]	; (1000487c <tud_cdc_n_write+0x30>)
10004856:	342c      	adds	r4, #44	; 0x2c
10004858:	18e4      	adds	r4, r4, r3
1000485a:	0005      	movs	r5, r0
1000485c:	b292      	uxth	r2, r2
1000485e:	0020      	movs	r0, r4
10004860:	f000 fbe8 	bl	10005034 <tu_fifo_write_n>
10004864:	0006      	movs	r6, r0
10004866:	0020      	movs	r0, r4
10004868:	f000 faae 	bl	10004dc8 <tu_fifo_count>
1000486c:	283f      	cmp	r0, #63	; 0x3f
1000486e:	d801      	bhi.n	10004874 <tud_cdc_n_write+0x28>
10004870:	0030      	movs	r0, r6
10004872:	bd70      	pop	{r4, r5, r6, pc}
10004874:	0028      	movs	r0, r5
10004876:	f7ff ffad 	bl	100047d4 <tud_cdc_n_write_flush>
1000487a:	e7f9      	b.n	10004870 <tud_cdc_n_write+0x24>
1000487c:	20000598 	.word	0x20000598

10004880 <tud_cdc_n_write_available>:
10004880:	23b6      	movs	r3, #182	; 0xb6
10004882:	009b      	lsls	r3, r3, #2
10004884:	4358      	muls	r0, r3
10004886:	b510      	push	{r4, lr}
10004888:	4b02      	ldr	r3, [pc, #8]	; (10004894 <tud_cdc_n_write_available+0x14>)
1000488a:	302c      	adds	r0, #44	; 0x2c
1000488c:	18c0      	adds	r0, r0, r3
1000488e:	f000 fab5 	bl	10004dfc <tu_fifo_remaining>
10004892:	bd10      	pop	{r4, pc}
10004894:	20000598 	.word	0x20000598

10004898 <cdcd_init>:
10004898:	22b6      	movs	r2, #182	; 0xb6
1000489a:	b5f0      	push	{r4, r5, r6, r7, lr}
1000489c:	4c1b      	ldr	r4, [pc, #108]	; (1000490c <cdcd_init+0x74>)
1000489e:	b083      	sub	sp, #12
100048a0:	0092      	lsls	r2, r2, #2
100048a2:	2100      	movs	r1, #0
100048a4:	0020      	movs	r0, r4
100048a6:	f7fd ff03 	bl	100026b0 <__wrap_memset>
100048aa:	23ff      	movs	r3, #255	; 0xff
100048ac:	7163      	strb	r3, [r4, #5]
100048ae:	4b18      	ldr	r3, [pc, #96]	; (10004910 <cdcd_init+0x78>)
100048b0:	2680      	movs	r6, #128	; 0x80
100048b2:	2500      	movs	r5, #0
100048b4:	80e3      	strh	r3, [r4, #6]
100048b6:	2701      	movs	r7, #1
100048b8:	2308      	movs	r3, #8
100048ba:	0021      	movs	r1, r4
100048bc:	0020      	movs	r0, r4
100048be:	0076      	lsls	r6, r6, #1
100048c0:	7323      	strb	r3, [r4, #12]
100048c2:	8127      	strh	r7, [r4, #8]
100048c4:	0032      	movs	r2, r6
100048c6:	3148      	adds	r1, #72	; 0x48
100048c8:	9500      	str	r5, [sp, #0]
100048ca:	3b07      	subs	r3, #7
100048cc:	3010      	adds	r0, #16
100048ce:	f000 fa3f 	bl	10004d50 <tu_fifo_config>
100048d2:	0021      	movs	r1, r4
100048d4:	0020      	movs	r0, r4
100048d6:	3149      	adds	r1, #73	; 0x49
100048d8:	0032      	movs	r2, r6
100048da:	31ff      	adds	r1, #255	; 0xff
100048dc:	9700      	str	r7, [sp, #0]
100048de:	2301      	movs	r3, #1
100048e0:	302c      	adds	r0, #44	; 0x2c
100048e2:	f000 fa35 	bl	10004d50 <tu_fifo_config>
100048e6:	2392      	movs	r3, #146	; 0x92
100048e8:	009b      	lsls	r3, r3, #2
100048ea:	18e6      	adds	r6, r4, r3
100048ec:	0030      	movs	r0, r6
100048ee:	f7fd faa1 	bl	10001e34 <mutex_init>
100048f2:	2394      	movs	r3, #148	; 0x94
100048f4:	009b      	lsls	r3, r3, #2
100048f6:	62a6      	str	r6, [r4, #40]	; 0x28
100048f8:	18e6      	adds	r6, r4, r3
100048fa:	6265      	str	r5, [r4, #36]	; 0x24
100048fc:	0030      	movs	r0, r6
100048fe:	f7fd fa99 	bl	10001e34 <mutex_init>
10004902:	6426      	str	r6, [r4, #64]	; 0x40
10004904:	6465      	str	r5, [r4, #68]	; 0x44
10004906:	b003      	add	sp, #12
10004908:	bdf0      	pop	{r4, r5, r6, r7, pc}
1000490a:	46c0      	nop			; (mov r8, r8)
1000490c:	20000598 	.word	0x20000598
10004910:	ffffc200 	.word	0xffffc200

10004914 <cdcd_reset>:
10004914:	b510      	push	{r4, lr}
10004916:	4c09      	ldr	r4, [pc, #36]	; (1000493c <cdcd_reset+0x28>)
10004918:	2205      	movs	r2, #5
1000491a:	2100      	movs	r1, #0
1000491c:	0020      	movs	r0, r4
1000491e:	f7fd fec7 	bl	100026b0 <__wrap_memset>
10004922:	0020      	movs	r0, r4
10004924:	342c      	adds	r4, #44	; 0x2c
10004926:	3010      	adds	r0, #16
10004928:	f000 fc02 	bl	10005130 <tu_fifo_clear>
1000492c:	0020      	movs	r0, r4
1000492e:	f000 fbff 	bl	10005130 <tu_fifo_clear>
10004932:	2101      	movs	r1, #1
10004934:	0020      	movs	r0, r4
10004936:	f000 fc21 	bl	1000517c <tu_fifo_set_overwritable>
1000493a:	bd10      	pop	{r4, pc}
1000493c:	20000598 	.word	0x20000598

10004940 <cdcd_open>:
10004940:	b5f0      	push	{r4, r5, r6, r7, lr}
10004942:	794b      	ldrb	r3, [r1, #5]
10004944:	b083      	sub	sp, #12
10004946:	0006      	movs	r6, r0
10004948:	2b02      	cmp	r3, #2
1000494a:	d102      	bne.n	10004952 <cdcd_open+0x12>
1000494c:	798b      	ldrb	r3, [r1, #6]
1000494e:	2b02      	cmp	r3, #2
10004950:	d003      	beq.n	1000495a <cdcd_open+0x1a>
10004952:	2400      	movs	r4, #0
10004954:	0020      	movs	r0, r4
10004956:	b003      	add	sp, #12
10004958:	bdf0      	pop	{r4, r5, r6, r7, pc}
1000495a:	4f2f      	ldr	r7, [pc, #188]	; (10004a18 <cdcd_open+0xd8>)
1000495c:	78bb      	ldrb	r3, [r7, #2]
1000495e:	2b00      	cmp	r3, #0
10004960:	d1f7      	bne.n	10004952 <cdcd_open+0x12>
10004962:	788b      	ldrb	r3, [r1, #2]
10004964:	2409      	movs	r4, #9
10004966:	703b      	strb	r3, [r7, #0]
10004968:	780d      	ldrb	r5, [r1, #0]
1000496a:	194d      	adds	r5, r1, r5
1000496c:	786b      	ldrb	r3, [r5, #1]
1000496e:	2b24      	cmp	r3, #36	; 0x24
10004970:	d10b      	bne.n	1000498a <cdcd_open+0x4a>
10004972:	2a08      	cmp	r2, #8
10004974:	d802      	bhi.n	1000497c <cdcd_open+0x3c>
10004976:	e00f      	b.n	10004998 <cdcd_open+0x58>
10004978:	42a2      	cmp	r2, r4
1000497a:	d30d      	bcc.n	10004998 <cdcd_open+0x58>
1000497c:	782b      	ldrb	r3, [r5, #0]
1000497e:	18ed      	adds	r5, r5, r3
10004980:	18e4      	adds	r4, r4, r3
10004982:	786b      	ldrb	r3, [r5, #1]
10004984:	b2a4      	uxth	r4, r4
10004986:	2b24      	cmp	r3, #36	; 0x24
10004988:	d0f6      	beq.n	10004978 <cdcd_open+0x38>
1000498a:	2b05      	cmp	r3, #5
1000498c:	d020      	beq.n	100049d0 <cdcd_open+0x90>
1000498e:	2b04      	cmp	r3, #4
10004990:	d102      	bne.n	10004998 <cdcd_open+0x58>
10004992:	796b      	ldrb	r3, [r5, #5]
10004994:	2b0a      	cmp	r3, #10
10004996:	d02e      	beq.n	100049f6 <cdcd_open+0xb6>
10004998:	4d20      	ldr	r5, [pc, #128]	; (10004a1c <cdcd_open+0xdc>)
1000499a:	0028      	movs	r0, r5
1000499c:	f000 fa2e 	bl	10004dfc <tu_fifo_remaining>
100049a0:	283f      	cmp	r0, #63	; 0x3f
100049a2:	d9d7      	bls.n	10004954 <cdcd_open+0x14>
100049a4:	002e      	movs	r6, r5
100049a6:	3e10      	subs	r6, #16
100049a8:	78f1      	ldrb	r1, [r6, #3]
100049aa:	2000      	movs	r0, #0
100049ac:	f7ff fd2e 	bl	1000440c <usbd_edpt_claim>
100049b0:	2800      	cmp	r0, #0
100049b2:	d0cf      	beq.n	10004954 <cdcd_open+0x14>
100049b4:	0028      	movs	r0, r5
100049b6:	f000 fa21 	bl	10004dfc <tu_fifo_remaining>
100049ba:	283f      	cmp	r0, #63	; 0x3f
100049bc:	d916      	bls.n	100049ec <cdcd_open+0xac>
100049be:	2392      	movs	r3, #146	; 0x92
100049c0:	009b      	lsls	r3, r3, #2
100049c2:	18ea      	adds	r2, r5, r3
100049c4:	78f1      	ldrb	r1, [r6, #3]
100049c6:	2340      	movs	r3, #64	; 0x40
100049c8:	2000      	movs	r0, #0
100049ca:	f7ff fd75 	bl	100044b8 <usbd_edpt_xfer>
100049ce:	e7c1      	b.n	10004954 <cdcd_open+0x14>
100049d0:	0029      	movs	r1, r5
100049d2:	0030      	movs	r0, r6
100049d4:	f7ff fd02 	bl	100043dc <usbd_edpt_open>
100049d8:	2800      	cmp	r0, #0
100049da:	d0ba      	beq.n	10004952 <cdcd_open+0x12>
100049dc:	78ab      	ldrb	r3, [r5, #2]
100049de:	707b      	strb	r3, [r7, #1]
100049e0:	782b      	ldrb	r3, [r5, #0]
100049e2:	18e4      	adds	r4, r4, r3
100049e4:	18ed      	adds	r5, r5, r3
100049e6:	b2a4      	uxth	r4, r4
100049e8:	786b      	ldrb	r3, [r5, #1]
100049ea:	e7d0      	b.n	1000498e <cdcd_open+0x4e>
100049ec:	78f1      	ldrb	r1, [r6, #3]
100049ee:	2000      	movs	r0, #0
100049f0:	f7ff fd3c 	bl	1000446c <usbd_edpt_release>
100049f4:	e7ae      	b.n	10004954 <cdcd_open+0x14>
100049f6:	4b0a      	ldr	r3, [pc, #40]	; (10004a20 <cdcd_open+0xe0>)
100049f8:	782f      	ldrb	r7, [r5, #0]
100049fa:	9301      	str	r3, [sp, #4]
100049fc:	3301      	adds	r3, #1
100049fe:	9300      	str	r3, [sp, #0]
10004a00:	19e9      	adds	r1, r5, r7
10004a02:	2302      	movs	r3, #2
10004a04:	2202      	movs	r2, #2
10004a06:	0030      	movs	r0, r6
10004a08:	f7ff fc9a 	bl	10004340 <usbd_open_edpt_pair>
10004a0c:	2800      	cmp	r0, #0
10004a0e:	d0a0      	beq.n	10004952 <cdcd_open+0x12>
10004a10:	340e      	adds	r4, #14
10004a12:	19e4      	adds	r4, r4, r7
10004a14:	b2a4      	uxth	r4, r4
10004a16:	e7bf      	b.n	10004998 <cdcd_open+0x58>
10004a18:	20000598 	.word	0x20000598
10004a1c:	200005a8 	.word	0x200005a8
10004a20:	2000059a 	.word	0x2000059a

10004a24 <cdcd_control_xfer_cb>:
10004a24:	b5f8      	push	{r3, r4, r5, r6, r7, lr}
10004a26:	2360      	movs	r3, #96	; 0x60
10004a28:	0014      	movs	r4, r2
10004a2a:	7812      	ldrb	r2, [r2, #0]
10004a2c:	4013      	ands	r3, r2
10004a2e:	2200      	movs	r2, #0
10004a30:	2b20      	cmp	r3, #32
10004a32:	d114      	bne.n	10004a5e <cdcd_control_xfer_cb+0x3a>
10004a34:	4d2d      	ldr	r5, [pc, #180]	; (10004aec <cdcd_control_xfer_cb+0xc8>)
10004a36:	7963      	ldrb	r3, [r4, #5]
10004a38:	7927      	ldrb	r7, [r4, #4]
10004a3a:	782e      	ldrb	r6, [r5, #0]
10004a3c:	021b      	lsls	r3, r3, #8
10004a3e:	433b      	orrs	r3, r7
10004a40:	429e      	cmp	r6, r3
10004a42:	d10c      	bne.n	10004a5e <cdcd_control_xfer_cb+0x3a>
10004a44:	7863      	ldrb	r3, [r4, #1]
10004a46:	2b21      	cmp	r3, #33	; 0x21
10004a48:	d036      	beq.n	10004ab8 <cdcd_control_xfer_cb+0x94>
10004a4a:	d90a      	bls.n	10004a62 <cdcd_control_xfer_cb+0x3e>
10004a4c:	2b22      	cmp	r3, #34	; 0x22
10004a4e:	d017      	beq.n	10004a80 <cdcd_control_xfer_cb+0x5c>
10004a50:	2b23      	cmp	r3, #35	; 0x23
10004a52:	d104      	bne.n	10004a5e <cdcd_control_xfer_cb+0x3a>
10004a54:	2900      	cmp	r1, #0
10004a56:	d044      	beq.n	10004ae2 <cdcd_control_xfer_cb+0xbe>
10004a58:	2902      	cmp	r1, #2
10004a5a:	d036      	beq.n	10004aca <cdcd_control_xfer_cb+0xa6>
10004a5c:	2201      	movs	r2, #1
10004a5e:	0010      	movs	r0, r2
10004a60:	bdf8      	pop	{r3, r4, r5, r6, r7, pc}
10004a62:	2b20      	cmp	r3, #32
10004a64:	d1fb      	bne.n	10004a5e <cdcd_control_xfer_cb+0x3a>
10004a66:	2900      	cmp	r1, #0
10004a68:	d028      	beq.n	10004abc <cdcd_control_xfer_cb+0x98>
10004a6a:	2902      	cmp	r1, #2
10004a6c:	d1f6      	bne.n	10004a5c <cdcd_control_xfer_cb+0x38>
10004a6e:	4b20      	ldr	r3, [pc, #128]	; (10004af0 <cdcd_control_xfer_cb+0xcc>)
10004a70:	2b00      	cmp	r3, #0
10004a72:	d0f3      	beq.n	10004a5c <cdcd_control_xfer_cb+0x38>
10004a74:	1da9      	adds	r1, r5, #6
10004a76:	2000      	movs	r0, #0
10004a78:	f7fd ffe2 	bl	10002a40 <tud_cdc_line_coding_cb>
10004a7c:	2201      	movs	r2, #1
10004a7e:	e7ee      	b.n	10004a5e <cdcd_control_xfer_cb+0x3a>
10004a80:	2900      	cmp	r1, #0
10004a82:	d02e      	beq.n	10004ae2 <cdcd_control_xfer_cb+0xbe>
10004a84:	2902      	cmp	r1, #2
10004a86:	d1e9      	bne.n	10004a5c <cdcd_control_xfer_cb+0x38>
10004a88:	2601      	movs	r6, #1
10004a8a:	78a1      	ldrb	r1, [r4, #2]
10004a8c:	78e4      	ldrb	r4, [r4, #3]
10004a8e:	0028      	movs	r0, r5
10004a90:	0224      	lsls	r4, r4, #8
10004a92:	430c      	orrs	r4, r1
10004a94:	0031      	movs	r1, r6
10004a96:	712c      	strb	r4, [r5, #4]
10004a98:	43a1      	bics	r1, r4
10004a9a:	302c      	adds	r0, #44	; 0x2c
10004a9c:	f000 fb6e 	bl	1000517c <tu_fifo_set_overwritable>
10004aa0:	4b14      	ldr	r3, [pc, #80]	; (10004af4 <cdcd_control_xfer_cb+0xd0>)
10004aa2:	2b00      	cmp	r3, #0
10004aa4:	d0da      	beq.n	10004a5c <cdcd_control_xfer_cb+0x38>
10004aa6:	0031      	movs	r1, r6
10004aa8:	0862      	lsrs	r2, r4, #1
10004aaa:	4032      	ands	r2, r6
10004aac:	4021      	ands	r1, r4
10004aae:	2000      	movs	r0, #0
10004ab0:	e000      	b.n	10004ab4 <cdcd_control_xfer_cb+0x90>
10004ab2:	bf00      	nop
10004ab4:	2201      	movs	r2, #1
10004ab6:	e7d2      	b.n	10004a5e <cdcd_control_xfer_cb+0x3a>
10004ab8:	2900      	cmp	r1, #0
10004aba:	d1cf      	bne.n	10004a5c <cdcd_control_xfer_cb+0x38>
10004abc:	4a0e      	ldr	r2, [pc, #56]	; (10004af8 <cdcd_control_xfer_cb+0xd4>)
10004abe:	2307      	movs	r3, #7
10004ac0:	0021      	movs	r1, r4
10004ac2:	f7ff fd35 	bl	10004530 <tud_control_xfer>
10004ac6:	2201      	movs	r2, #1
10004ac8:	e7c9      	b.n	10004a5e <cdcd_control_xfer_cb+0x3a>
10004aca:	4b0c      	ldr	r3, [pc, #48]	; (10004afc <cdcd_control_xfer_cb+0xd8>)
10004acc:	2b00      	cmp	r3, #0
10004ace:	d0c5      	beq.n	10004a5c <cdcd_control_xfer_cb+0x38>
10004ad0:	78e1      	ldrb	r1, [r4, #3]
10004ad2:	78a3      	ldrb	r3, [r4, #2]
10004ad4:	0209      	lsls	r1, r1, #8
10004ad6:	4319      	orrs	r1, r3
10004ad8:	2000      	movs	r0, #0
10004ada:	e000      	b.n	10004ade <cdcd_control_xfer_cb+0xba>
10004adc:	bf00      	nop
10004ade:	2201      	movs	r2, #1
10004ae0:	e7bd      	b.n	10004a5e <cdcd_control_xfer_cb+0x3a>
10004ae2:	0021      	movs	r1, r4
10004ae4:	f7ff fd0c 	bl	10004500 <tud_control_status>
10004ae8:	2201      	movs	r2, #1
10004aea:	e7b8      	b.n	10004a5e <cdcd_control_xfer_cb+0x3a>
10004aec:	20000598 	.word	0x20000598
10004af0:	10002a41 	.word	0x10002a41
10004af4:	00000000 	.word	0x00000000
10004af8:	2000059e 	.word	0x2000059e
10004afc:	00000000 	.word	0x00000000

10004b00 <cdcd_xfer_cb>:
10004b00:	b5f8      	push	{r3, r4, r5, r6, r7, lr}
10004b02:	4657      	mov	r7, sl
10004b04:	464e      	mov	r6, r9
10004b06:	4645      	mov	r5, r8
10004b08:	46de      	mov	lr, fp
10004b0a:	b5e0      	push	{r5, r6, r7, lr}
10004b0c:	4c5e      	ldr	r4, [pc, #376]	; (10004c88 <cdcd_xfer_cb+0x188>)
10004b0e:	001f      	movs	r7, r3
10004b10:	78e3      	ldrb	r3, [r4, #3]
10004b12:	4681      	mov	r9, r0
10004b14:	000d      	movs	r5, r1
10004b16:	428b      	cmp	r3, r1
10004b18:	d165      	bne.n	10004be6 <cdcd_xfer_cb+0xe6>
10004b1a:	2396      	movs	r3, #150	; 0x96
10004b1c:	009b      	lsls	r3, r3, #2
10004b1e:	18e6      	adds	r6, r4, r3
10004b20:	2310      	movs	r3, #16
10004b22:	4698      	mov	r8, r3
10004b24:	44a0      	add	r8, r4
10004b26:	b2ba      	uxth	r2, r7
10004b28:	0031      	movs	r1, r6
10004b2a:	4640      	mov	r0, r8
10004b2c:	f000 fa82 	bl	10005034 <tu_fifo_write_n>
10004b30:	4b56      	ldr	r3, [pc, #344]	; (10004c8c <cdcd_xfer_cb+0x18c>)
10004b32:	2b00      	cmp	r3, #0
10004b34:	d019      	beq.n	10004b6a <cdcd_xfer_cb+0x6a>
10004b36:	7963      	ldrb	r3, [r4, #5]
10004b38:	2bff      	cmp	r3, #255	; 0xff
10004b3a:	d016      	beq.n	10004b6a <cdcd_xfer_cb+0x6a>
10004b3c:	2f00      	cmp	r7, #0
10004b3e:	d014      	beq.n	10004b6a <cdcd_xfer_cb+0x6a>
10004b40:	19f2      	adds	r2, r6, r7
10004b42:	4692      	mov	sl, r2
10004b44:	46a3      	mov	fp, r4
10004b46:	e003      	b.n	10004b50 <cdcd_xfer_cb+0x50>
10004b48:	3601      	adds	r6, #1
10004b4a:	45b2      	cmp	sl, r6
10004b4c:	d00d      	beq.n	10004b6a <cdcd_xfer_cb+0x6a>
10004b4e:	7963      	ldrb	r3, [r4, #5]
10004b50:	7832      	ldrb	r2, [r6, #0]
10004b52:	429a      	cmp	r2, r3
10004b54:	d1f8      	bne.n	10004b48 <cdcd_xfer_cb+0x48>
10004b56:	4640      	mov	r0, r8
10004b58:	f000 f948 	bl	10004dec <tu_fifo_empty>
10004b5c:	2800      	cmp	r0, #0
10004b5e:	d1f3      	bne.n	10004b48 <cdcd_xfer_cb+0x48>
10004b60:	465b      	mov	r3, fp
10004b62:	7959      	ldrb	r1, [r3, #5]
10004b64:	e000      	b.n	10004b68 <cdcd_xfer_cb+0x68>
10004b66:	bf00      	nop
10004b68:	e7ee      	b.n	10004b48 <cdcd_xfer_cb+0x48>
10004b6a:	4b49      	ldr	r3, [pc, #292]	; (10004c90 <cdcd_xfer_cb+0x190>)
10004b6c:	2b00      	cmp	r3, #0
10004b6e:	d005      	beq.n	10004b7c <cdcd_xfer_cb+0x7c>
10004b70:	4640      	mov	r0, r8
10004b72:	f000 f93b 	bl	10004dec <tu_fifo_empty>
10004b76:	2800      	cmp	r0, #0
10004b78:	d100      	bne.n	10004b7c <cdcd_xfer_cb+0x7c>
10004b7a:	e077      	b.n	10004c6c <cdcd_xfer_cb+0x16c>
10004b7c:	4640      	mov	r0, r8
10004b7e:	f000 f93d 	bl	10004dfc <tu_fifo_remaining>
10004b82:	283f      	cmp	r0, #63	; 0x3f
10004b84:	d859      	bhi.n	10004c3a <cdcd_xfer_cb+0x13a>
10004b86:	4642      	mov	r2, r8
10004b88:	3a10      	subs	r2, #16
10004b8a:	7893      	ldrb	r3, [r2, #2]
10004b8c:	42ab      	cmp	r3, r5
10004b8e:	d007      	beq.n	10004ba0 <cdcd_xfer_cb+0xa0>
10004b90:	2401      	movs	r4, #1
10004b92:	0020      	movs	r0, r4
10004b94:	bc3c      	pop	{r2, r3, r4, r5}
10004b96:	4690      	mov	r8, r2
10004b98:	4699      	mov	r9, r3
10004b9a:	46a2      	mov	sl, r4
10004b9c:	46ab      	mov	fp, r5
10004b9e:	bdf8      	pop	{r3, r4, r5, r6, r7, pc}
10004ba0:	4b3c      	ldr	r3, [pc, #240]	; (10004c94 <cdcd_xfer_cb+0x194>)
10004ba2:	2b00      	cmp	r3, #0
10004ba4:	d002      	beq.n	10004bac <cdcd_xfer_cb+0xac>
10004ba6:	2000      	movs	r0, #0
10004ba8:	e000      	b.n	10004bac <cdcd_xfer_cb+0xac>
10004baa:	bf00      	nop
10004bac:	f7fe fd9a 	bl	100036e4 <tud_mounted>
10004bb0:	2800      	cmp	r0, #0
10004bb2:	d11d      	bne.n	10004bf0 <cdcd_xfer_cb+0xf0>
10004bb4:	4c38      	ldr	r4, [pc, #224]	; (10004c98 <cdcd_xfer_cb+0x198>)
10004bb6:	0020      	movs	r0, r4
10004bb8:	f000 f906 	bl	10004dc8 <tu_fifo_count>
10004bbc:	2800      	cmp	r0, #0
10004bbe:	d1e7      	bne.n	10004b90 <cdcd_xfer_cb+0x90>
10004bc0:	2f00      	cmp	r7, #0
10004bc2:	d0e5      	beq.n	10004b90 <cdcd_xfer_cb+0x90>
10004bc4:	06bb      	lsls	r3, r7, #26
10004bc6:	d1e3      	bne.n	10004b90 <cdcd_xfer_cb+0x90>
10004bc8:	3c2c      	subs	r4, #44	; 0x2c
10004bca:	78a1      	ldrb	r1, [r4, #2]
10004bcc:	4648      	mov	r0, r9
10004bce:	f7ff fc1d 	bl	1000440c <usbd_edpt_claim>
10004bd2:	0025      	movs	r5, r4
10004bd4:	1e04      	subs	r4, r0, #0
10004bd6:	d0db      	beq.n	10004b90 <cdcd_xfer_cb+0x90>
10004bd8:	78a9      	ldrb	r1, [r5, #2]
10004bda:	2300      	movs	r3, #0
10004bdc:	2200      	movs	r2, #0
10004bde:	4648      	mov	r0, r9
10004be0:	f7ff fc6a 	bl	100044b8 <usbd_edpt_xfer>
10004be4:	e7d5      	b.n	10004b92 <cdcd_xfer_cb+0x92>
10004be6:	78a3      	ldrb	r3, [r4, #2]
10004be8:	428b      	cmp	r3, r1
10004bea:	d0d9      	beq.n	10004ba0 <cdcd_xfer_cb+0xa0>
10004bec:	2400      	movs	r4, #0
10004bee:	e7d0      	b.n	10004b92 <cdcd_xfer_cb+0x92>
10004bf0:	f7fe fd80 	bl	100036f4 <tud_suspended>
10004bf4:	4c28      	ldr	r4, [pc, #160]	; (10004c98 <cdcd_xfer_cb+0x198>)
10004bf6:	2800      	cmp	r0, #0
10004bf8:	d1dd      	bne.n	10004bb6 <cdcd_xfer_cb+0xb6>
10004bfa:	0020      	movs	r0, r4
10004bfc:	f000 f8e4 	bl	10004dc8 <tu_fifo_count>
10004c00:	2800      	cmp	r0, #0
10004c02:	d0d8      	beq.n	10004bb6 <cdcd_xfer_cb+0xb6>
10004c04:	0025      	movs	r5, r4
10004c06:	3d2c      	subs	r5, #44	; 0x2c
10004c08:	78a9      	ldrb	r1, [r5, #2]
10004c0a:	2000      	movs	r0, #0
10004c0c:	f7ff fbfe 	bl	1000440c <usbd_edpt_claim>
10004c10:	2800      	cmp	r0, #0
10004c12:	d0d0      	beq.n	10004bb6 <cdcd_xfer_cb+0xb6>
10004c14:	239b      	movs	r3, #155	; 0x9b
10004c16:	009b      	lsls	r3, r3, #2
10004c18:	18e6      	adds	r6, r4, r3
10004c1a:	0031      	movs	r1, r6
10004c1c:	2240      	movs	r2, #64	; 0x40
10004c1e:	0020      	movs	r0, r4
10004c20:	f000 f94c 	bl	10004ebc <tu_fifo_read_n>
10004c24:	78a9      	ldrb	r1, [r5, #2]
10004c26:	2800      	cmp	r0, #0
10004c28:	d029      	beq.n	10004c7e <cdcd_xfer_cb+0x17e>
10004c2a:	0003      	movs	r3, r0
10004c2c:	0032      	movs	r2, r6
10004c2e:	2000      	movs	r0, #0
10004c30:	f7ff fc42 	bl	100044b8 <usbd_edpt_xfer>
10004c34:	2800      	cmp	r0, #0
10004c36:	d1ab      	bne.n	10004b90 <cdcd_xfer_cb+0x90>
10004c38:	e7bd      	b.n	10004bb6 <cdcd_xfer_cb+0xb6>
10004c3a:	4644      	mov	r4, r8
10004c3c:	3c10      	subs	r4, #16
10004c3e:	78e1      	ldrb	r1, [r4, #3]
10004c40:	2000      	movs	r0, #0
10004c42:	f7ff fbe3 	bl	1000440c <usbd_edpt_claim>
10004c46:	2800      	cmp	r0, #0
10004c48:	d101      	bne.n	10004c4e <cdcd_xfer_cb+0x14e>
10004c4a:	78a3      	ldrb	r3, [r4, #2]
10004c4c:	e79e      	b.n	10004b8c <cdcd_xfer_cb+0x8c>
10004c4e:	4640      	mov	r0, r8
10004c50:	f000 f8d4 	bl	10004dfc <tu_fifo_remaining>
10004c54:	283f      	cmp	r0, #63	; 0x3f
10004c56:	d90c      	bls.n	10004c72 <cdcd_xfer_cb+0x172>
10004c58:	2292      	movs	r2, #146	; 0x92
10004c5a:	0092      	lsls	r2, r2, #2
10004c5c:	2340      	movs	r3, #64	; 0x40
10004c5e:	4442      	add	r2, r8
10004c60:	78e1      	ldrb	r1, [r4, #3]
10004c62:	2000      	movs	r0, #0
10004c64:	f7ff fc28 	bl	100044b8 <usbd_edpt_xfer>
10004c68:	78a3      	ldrb	r3, [r4, #2]
10004c6a:	e78f      	b.n	10004b8c <cdcd_xfer_cb+0x8c>
10004c6c:	e000      	b.n	10004c70 <cdcd_xfer_cb+0x170>
10004c6e:	bf00      	nop
10004c70:	e784      	b.n	10004b7c <cdcd_xfer_cb+0x7c>
10004c72:	78e1      	ldrb	r1, [r4, #3]
10004c74:	2000      	movs	r0, #0
10004c76:	f7ff fbf9 	bl	1000446c <usbd_edpt_release>
10004c7a:	78a3      	ldrb	r3, [r4, #2]
10004c7c:	e786      	b.n	10004b8c <cdcd_xfer_cb+0x8c>
10004c7e:	2000      	movs	r0, #0
10004c80:	f7ff fbf4 	bl	1000446c <usbd_edpt_release>
10004c84:	e797      	b.n	10004bb6 <cdcd_xfer_cb+0xb6>
10004c86:	46c0      	nop			; (mov r8, r8)
10004c88:	20000598 	.word	0x20000598
	...
10004c98:	200005c4 	.word	0x200005c4

10004c9c <tusb_init>:
10004c9c:	b510      	push	{r4, lr}
10004c9e:	2000      	movs	r0, #0
10004ca0:	f7fe fd36 	bl	10003710 <tud_init>
10004ca4:	bd10      	pop	{r4, pc}
10004ca6:	46c0      	nop			; (mov r8, r8)

10004ca8 <tusb_inited>:
10004ca8:	b510      	push	{r4, lr}
10004caa:	f7fe fd2b 	bl	10003704 <tud_inited>
10004cae:	bd10      	pop	{r4, pc}

10004cb0 <tu_edpt_validate>:
10004cb0:	2307      	movs	r3, #7
10004cb2:	b510      	push	{r4, lr}
10004cb4:	7944      	ldrb	r4, [r0, #5]
10004cb6:	7902      	ldrb	r2, [r0, #4]
10004cb8:	4023      	ands	r3, r4
10004cba:	021b      	lsls	r3, r3, #8
10004cbc:	431a      	orrs	r2, r3
10004cbe:	78c3      	ldrb	r3, [r0, #3]
10004cc0:	079b      	lsls	r3, r3, #30
10004cc2:	0f9b      	lsrs	r3, r3, #30
10004cc4:	2b02      	cmp	r3, #2
10004cc6:	d00d      	beq.n	10004ce4 <tu_edpt_validate+0x34>
10004cc8:	d814      	bhi.n	10004cf4 <tu_edpt_validate+0x44>
10004cca:	2000      	movs	r0, #0
10004ccc:	2b01      	cmp	r3, #1
10004cce:	d108      	bne.n	10004ce2 <tu_edpt_validate+0x32>
10004cd0:	3902      	subs	r1, #2
10004cd2:	424b      	negs	r3, r1
10004cd4:	4159      	adcs	r1, r3
10004cd6:	4b11      	ldr	r3, [pc, #68]	; (10004d1c <tu_edpt_validate+0x6c>)
10004cd8:	469c      	mov	ip, r3
10004cda:	4461      	add	r1, ip
10004cdc:	4291      	cmp	r1, r2
10004cde:	4140      	adcs	r0, r0
10004ce0:	b2c0      	uxtb	r0, r0
10004ce2:	bd10      	pop	{r4, pc}
10004ce4:	2902      	cmp	r1, #2
10004ce6:	d012      	beq.n	10004d0e <tu_edpt_validate+0x5e>
10004ce8:	2000      	movs	r0, #0
10004cea:	2340      	movs	r3, #64	; 0x40
10004cec:	4293      	cmp	r3, r2
10004cee:	4140      	adcs	r0, r0
10004cf0:	b2c0      	uxtb	r0, r0
10004cf2:	e7f6      	b.n	10004ce2 <tu_edpt_validate+0x32>
10004cf4:	3902      	subs	r1, #2
10004cf6:	424b      	negs	r3, r1
10004cf8:	4159      	adcs	r1, r3
10004cfa:	23f0      	movs	r3, #240	; 0xf0
10004cfc:	2000      	movs	r0, #0
10004cfe:	4249      	negs	r1, r1
10004d00:	009b      	lsls	r3, r3, #2
10004d02:	4019      	ands	r1, r3
10004d04:	3140      	adds	r1, #64	; 0x40
10004d06:	4291      	cmp	r1, r2
10004d08:	4140      	adcs	r0, r0
10004d0a:	b2c0      	uxtb	r0, r0
10004d0c:	e7e9      	b.n	10004ce2 <tu_edpt_validate+0x32>
10004d0e:	4b04      	ldr	r3, [pc, #16]	; (10004d20 <tu_edpt_validate+0x70>)
10004d10:	469c      	mov	ip, r3
10004d12:	4462      	add	r2, ip
10004d14:	4250      	negs	r0, r2
10004d16:	4150      	adcs	r0, r2
10004d18:	b2c0      	uxtb	r0, r0
10004d1a:	e7e2      	b.n	10004ce2 <tu_edpt_validate+0x32>
10004d1c:	000003ff 	.word	0x000003ff
10004d20:	fffffe00 	.word	0xfffffe00

10004d24 <tu_edpt_bind_driver>:
10004d24:	b5f0      	push	{r4, r5, r6, r7, lr}
10004d26:	2a00      	cmp	r2, #0
10004d28:	d011      	beq.n	10004d4e <tu_edpt_bind_driver+0x2a>
10004d2a:	2400      	movs	r4, #0
10004d2c:	277f      	movs	r7, #127	; 0x7f
10004d2e:	784d      	ldrb	r5, [r1, #1]
10004d30:	2d05      	cmp	r5, #5
10004d32:	d106      	bne.n	10004d42 <tu_edpt_bind_driver+0x1e>
10004d34:	003d      	movs	r5, r7
10004d36:	788e      	ldrb	r6, [r1, #2]
10004d38:	4035      	ands	r5, r6
10004d3a:	006d      	lsls	r5, r5, #1
10004d3c:	09f6      	lsrs	r6, r6, #7
10004d3e:	1945      	adds	r5, r0, r5
10004d40:	55ab      	strb	r3, [r5, r6]
10004d42:	780d      	ldrb	r5, [r1, #0]
10004d44:	1964      	adds	r4, r4, r5
10004d46:	b2a4      	uxth	r4, r4
10004d48:	1949      	adds	r1, r1, r5
10004d4a:	42a2      	cmp	r2, r4
10004d4c:	d8ef      	bhi.n	10004d2e <tu_edpt_bind_driver+0xa>
10004d4e:	bdf0      	pop	{r4, r5, r6, r7, pc}

10004d50 <tu_fifo_config>:
10004d50:	b5f0      	push	{r4, r5, r6, r7, lr}
10004d52:	46c6      	mov	lr, r8
10004d54:	b500      	push	{lr}
10004d56:	001e      	movs	r6, r3
10004d58:	ab06      	add	r3, sp, #24
10004d5a:	781b      	ldrb	r3, [r3, #0]
10004d5c:	0004      	movs	r4, r0
10004d5e:	4698      	mov	r8, r3
10004d60:	2380      	movs	r3, #128	; 0x80
10004d62:	000f      	movs	r7, r1
10004d64:	0015      	movs	r5, r2
10004d66:	021b      	lsls	r3, r3, #8
10004d68:	429a      	cmp	r2, r3
10004d6a:	d82a      	bhi.n	10004dc2 <tu_fifo_config+0x72>
10004d6c:	6940      	ldr	r0, [r0, #20]
10004d6e:	2800      	cmp	r0, #0
10004d70:	d003      	beq.n	10004d7a <tu_fifo_config+0x2a>
10004d72:	2101      	movs	r1, #1
10004d74:	4249      	negs	r1, r1
10004d76:	f000 fb83 	bl	10005480 <__mutex_enter_timeout_ms_veneer>
10004d7a:	69a0      	ldr	r0, [r4, #24]
10004d7c:	2800      	cmp	r0, #0
10004d7e:	d003      	beq.n	10004d88 <tu_fifo_config+0x38>
10004d80:	2101      	movs	r1, #1
10004d82:	4249      	negs	r1, r1
10004d84:	f000 fb7c 	bl	10005480 <__mutex_enter_timeout_ms_veneer>
10004d88:	4643      	mov	r3, r8
10004d8a:	80a5      	strh	r5, [r4, #4]
10004d8c:	006d      	lsls	r5, r5, #1
10004d8e:	b2ad      	uxth	r5, r5
10004d90:	7223      	strb	r3, [r4, #8]
10004d92:	1e6b      	subs	r3, r5, #1
10004d94:	81a3      	strh	r3, [r4, #12]
10004d96:	2300      	movs	r3, #0
10004d98:	6960      	ldr	r0, [r4, #20]
10004d9a:	426d      	negs	r5, r5
10004d9c:	81e3      	strh	r3, [r4, #14]
10004d9e:	6027      	str	r7, [r4, #0]
10004da0:	80e6      	strh	r6, [r4, #6]
10004da2:	8165      	strh	r5, [r4, #10]
10004da4:	8223      	strh	r3, [r4, #16]
10004da6:	2800      	cmp	r0, #0
10004da8:	d001      	beq.n	10004dae <tu_fifo_config+0x5e>
10004daa:	f000 fb51 	bl	10005450 <__mutex_exit_veneer>
10004dae:	69a0      	ldr	r0, [r4, #24]
10004db0:	2401      	movs	r4, #1
10004db2:	2800      	cmp	r0, #0
10004db4:	d001      	beq.n	10004dba <tu_fifo_config+0x6a>
10004db6:	f000 fb4b 	bl	10005450 <__mutex_exit_veneer>
10004dba:	0020      	movs	r0, r4
10004dbc:	bc04      	pop	{r2}
10004dbe:	4690      	mov	r8, r2
10004dc0:	bdf0      	pop	{r4, r5, r6, r7, pc}
10004dc2:	2400      	movs	r4, #0
10004dc4:	e7f9      	b.n	10004dba <tu_fifo_config+0x6a>
10004dc6:	46c0      	nop			; (mov r8, r8)

10004dc8 <tu_fifo_count>:
10004dc8:	89c1      	ldrh	r1, [r0, #14]
10004dca:	8a02      	ldrh	r2, [r0, #16]
10004dcc:	b289      	uxth	r1, r1
10004dce:	b292      	uxth	r2, r2
10004dd0:	1a8b      	subs	r3, r1, r2
10004dd2:	b29b      	uxth	r3, r3
10004dd4:	4291      	cmp	r1, r2
10004dd6:	d202      	bcs.n	10004dde <tu_fifo_count+0x16>
10004dd8:	8942      	ldrh	r2, [r0, #10]
10004dda:	1a9b      	subs	r3, r3, r2
10004ddc:	b29b      	uxth	r3, r3
10004dde:	8882      	ldrh	r2, [r0, #4]
10004de0:	1c10      	adds	r0, r2, #0
10004de2:	429a      	cmp	r2, r3
10004de4:	d900      	bls.n	10004de8 <tu_fifo_count+0x20>
10004de6:	1c18      	adds	r0, r3, #0
10004de8:	b280      	uxth	r0, r0
10004dea:	4770      	bx	lr

10004dec <tu_fifo_empty>:
10004dec:	89c3      	ldrh	r3, [r0, #14]
10004dee:	8a00      	ldrh	r0, [r0, #16]
10004df0:	1a18      	subs	r0, r3, r0
10004df2:	4243      	negs	r3, r0
10004df4:	4158      	adcs	r0, r3
10004df6:	b2c0      	uxtb	r0, r0
10004df8:	4770      	bx	lr
10004dfa:	46c0      	nop			; (mov r8, r8)

10004dfc <tu_fifo_remaining>:
10004dfc:	b510      	push	{r4, lr}
10004dfe:	89c4      	ldrh	r4, [r0, #14]
10004e00:	8a01      	ldrh	r1, [r0, #16]
10004e02:	b2a4      	uxth	r4, r4
10004e04:	b289      	uxth	r1, r1
10004e06:	1a62      	subs	r2, r4, r1
10004e08:	8883      	ldrh	r3, [r0, #4]
10004e0a:	b292      	uxth	r2, r2
10004e0c:	428c      	cmp	r4, r1
10004e0e:	d202      	bcs.n	10004e16 <tu_fifo_remaining+0x1a>
10004e10:	8940      	ldrh	r0, [r0, #10]
10004e12:	1a12      	subs	r2, r2, r0
10004e14:	b292      	uxth	r2, r2
10004e16:	1a98      	subs	r0, r3, r2
10004e18:	b280      	uxth	r0, r0
10004e1a:	bd10      	pop	{r4, pc}

10004e1c <tu_fifo_read>:
10004e1c:	b570      	push	{r4, r5, r6, lr}
10004e1e:	0004      	movs	r4, r0
10004e20:	6980      	ldr	r0, [r0, #24]
10004e22:	000d      	movs	r5, r1
10004e24:	2800      	cmp	r0, #0
10004e26:	d003      	beq.n	10004e30 <tu_fifo_read+0x14>
10004e28:	2101      	movs	r1, #1
10004e2a:	4249      	negs	r1, r1
10004e2c:	f000 fb28 	bl	10005480 <__mutex_enter_timeout_ms_veneer>
10004e30:	89e2      	ldrh	r2, [r4, #14]
10004e32:	8a21      	ldrh	r1, [r4, #16]
10004e34:	b292      	uxth	r2, r2
10004e36:	b289      	uxth	r1, r1
10004e38:	1a53      	subs	r3, r2, r1
10004e3a:	b29b      	uxth	r3, r3
10004e3c:	428a      	cmp	r2, r1
10004e3e:	d202      	bcs.n	10004e46 <tu_fifo_read+0x2a>
10004e40:	8960      	ldrh	r0, [r4, #10]
10004e42:	1a1b      	subs	r3, r3, r0
10004e44:	b29b      	uxth	r3, r3
10004e46:	88a0      	ldrh	r0, [r4, #4]
10004e48:	4298      	cmp	r0, r3
10004e4a:	d321      	bcc.n	10004e90 <tu_fifo_read+0x74>
10004e4c:	2b00      	cmp	r3, #0
10004e4e:	d102      	bne.n	10004e56 <tu_fifo_read+0x3a>
10004e50:	e027      	b.n	10004ea2 <tu_fifo_read+0x86>
10004e52:	1a09      	subs	r1, r1, r0
10004e54:	b289      	uxth	r1, r1
10004e56:	4288      	cmp	r0, r1
10004e58:	d9fb      	bls.n	10004e52 <tu_fifo_read+0x36>
10004e5a:	6823      	ldr	r3, [r4, #0]
10004e5c:	88e2      	ldrh	r2, [r4, #6]
10004e5e:	469c      	mov	ip, r3
10004e60:	4351      	muls	r1, r2
10004e62:	0028      	movs	r0, r5
10004e64:	4461      	add	r1, ip
10004e66:	f7fd fc29 	bl	100026bc <__wrap___aeabi_memcpy>
10004e6a:	8a22      	ldrh	r2, [r4, #16]
10004e6c:	2501      	movs	r5, #1
10004e6e:	b292      	uxth	r2, r2
10004e70:	1c53      	adds	r3, r2, #1
10004e72:	b29b      	uxth	r3, r3
10004e74:	429a      	cmp	r2, r3
10004e76:	d917      	bls.n	10004ea8 <tu_fifo_read+0x8c>
10004e78:	2300      	movs	r3, #0
10004e7a:	8962      	ldrh	r2, [r4, #10]
10004e7c:	189b      	adds	r3, r3, r2
10004e7e:	b29b      	uxth	r3, r3
10004e80:	69a0      	ldr	r0, [r4, #24]
10004e82:	8223      	strh	r3, [r4, #16]
10004e84:	2800      	cmp	r0, #0
10004e86:	d001      	beq.n	10004e8c <tu_fifo_read+0x70>
10004e88:	f000 fae2 	bl	10005450 <__mutex_exit_veneer>
10004e8c:	0028      	movs	r0, r5
10004e8e:	bd70      	pop	{r4, r5, r6, pc}
10004e90:	4282      	cmp	r2, r0
10004e92:	d20d      	bcs.n	10004eb0 <tu_fifo_read+0x94>
10004e94:	8963      	ldrh	r3, [r4, #10]
10004e96:	18c3      	adds	r3, r0, r3
10004e98:	1ad3      	subs	r3, r2, r3
10004e9a:	b29b      	uxth	r3, r3
10004e9c:	8223      	strh	r3, [r4, #16]
10004e9e:	1e03      	subs	r3, r0, #0
10004ea0:	d1d9      	bne.n	10004e56 <tu_fifo_read+0x3a>
10004ea2:	2500      	movs	r5, #0
10004ea4:	8a23      	ldrh	r3, [r4, #16]
10004ea6:	b29b      	uxth	r3, r3
10004ea8:	89a2      	ldrh	r2, [r4, #12]
10004eaa:	429a      	cmp	r2, r3
10004eac:	d2e8      	bcs.n	10004e80 <tu_fifo_read+0x64>
10004eae:	e7e4      	b.n	10004e7a <tu_fifo_read+0x5e>
10004eb0:	1a13      	subs	r3, r2, r0
10004eb2:	89a6      	ldrh	r6, [r4, #12]
10004eb4:	b29b      	uxth	r3, r3
10004eb6:	429e      	cmp	r6, r3
10004eb8:	d2f0      	bcs.n	10004e9c <tu_fifo_read+0x80>
10004eba:	e7eb      	b.n	10004e94 <tu_fifo_read+0x78>

10004ebc <tu_fifo_read_n>:
10004ebc:	b5f0      	push	{r4, r5, r6, r7, lr}
10004ebe:	464f      	mov	r7, r9
10004ec0:	4646      	mov	r6, r8
10004ec2:	46d6      	mov	lr, sl
10004ec4:	0005      	movs	r5, r0
10004ec6:	6980      	ldr	r0, [r0, #24]
10004ec8:	b5c0      	push	{r6, r7, lr}
10004eca:	4689      	mov	r9, r1
10004ecc:	4690      	mov	r8, r2
10004ece:	2800      	cmp	r0, #0
10004ed0:	d003      	beq.n	10004eda <tu_fifo_read_n+0x1e>
10004ed2:	2101      	movs	r1, #1
10004ed4:	4249      	negs	r1, r1
10004ed6:	f000 fad3 	bl	10005480 <__mutex_enter_timeout_ms_veneer>
10004eda:	89eb      	ldrh	r3, [r5, #14]
10004edc:	8a2c      	ldrh	r4, [r5, #16]
10004ede:	b29b      	uxth	r3, r3
10004ee0:	b2a4      	uxth	r4, r4
10004ee2:	1b1e      	subs	r6, r3, r4
10004ee4:	b2b6      	uxth	r6, r6
10004ee6:	42a3      	cmp	r3, r4
10004ee8:	d202      	bcs.n	10004ef0 <tu_fifo_read_n+0x34>
10004eea:	896a      	ldrh	r2, [r5, #10]
10004eec:	1ab6      	subs	r6, r6, r2
10004eee:	b2b6      	uxth	r6, r6
10004ef0:	88af      	ldrh	r7, [r5, #4]
10004ef2:	42b7      	cmp	r7, r6
10004ef4:	d33d      	bcc.n	10004f72 <tu_fifo_read_n+0xb6>
10004ef6:	2e00      	cmp	r6, #0
10004ef8:	d047      	beq.n	10004f8a <tu_fifo_read_n+0xce>
10004efa:	4643      	mov	r3, r8
10004efc:	45b0      	cmp	r8, r6
10004efe:	d850      	bhi.n	10004fa2 <tu_fifo_read_n+0xe6>
10004f00:	b29e      	uxth	r6, r3
10004f02:	42a7      	cmp	r7, r4
10004f04:	d803      	bhi.n	10004f0e <tu_fifo_read_n+0x52>
10004f06:	1be4      	subs	r4, r4, r7
10004f08:	b2a4      	uxth	r4, r4
10004f0a:	42a7      	cmp	r7, r4
10004f0c:	d9fb      	bls.n	10004f06 <tu_fifo_read_n+0x4a>
10004f0e:	88eb      	ldrh	r3, [r5, #6]
10004f10:	1b38      	subs	r0, r7, r4
10004f12:	0019      	movs	r1, r3
10004f14:	4698      	mov	r8, r3
10004f16:	682b      	ldr	r3, [r5, #0]
10004f18:	4361      	muls	r1, r4
10004f1a:	469c      	mov	ip, r3
10004f1c:	b280      	uxth	r0, r0
10004f1e:	4461      	add	r1, ip
10004f20:	42b0      	cmp	r0, r6
10004f22:	d238      	bcs.n	10004f96 <tu_fifo_read_n+0xda>
10004f24:	4643      	mov	r3, r8
10004f26:	4358      	muls	r0, r3
10004f28:	b283      	uxth	r3, r0
10004f2a:	001a      	movs	r2, r3
10004f2c:	4648      	mov	r0, r9
10004f2e:	469a      	mov	sl, r3
10004f30:	f7fd fbc4 	bl	100026bc <__wrap___aeabi_memcpy>
10004f34:	4643      	mov	r3, r8
10004f36:	4648      	mov	r0, r9
10004f38:	1bf7      	subs	r7, r6, r7
10004f3a:	19e4      	adds	r4, r4, r7
10004f3c:	435c      	muls	r4, r3
10004f3e:	4450      	add	r0, sl
10004f40:	b2a2      	uxth	r2, r4
10004f42:	6829      	ldr	r1, [r5, #0]
10004f44:	f7fd fbba 	bl	100026bc <__wrap___aeabi_memcpy>
10004f48:	8a2a      	ldrh	r2, [r5, #16]
10004f4a:	b292      	uxth	r2, r2
10004f4c:	1993      	adds	r3, r2, r6
10004f4e:	b29b      	uxth	r3, r3
10004f50:	429a      	cmp	r2, r3
10004f52:	d91c      	bls.n	10004f8e <tu_fifo_read_n+0xd2>
10004f54:	896a      	ldrh	r2, [r5, #10]
10004f56:	189b      	adds	r3, r3, r2
10004f58:	b29b      	uxth	r3, r3
10004f5a:	69a8      	ldr	r0, [r5, #24]
10004f5c:	822b      	strh	r3, [r5, #16]
10004f5e:	2800      	cmp	r0, #0
10004f60:	d001      	beq.n	10004f66 <tu_fifo_read_n+0xaa>
10004f62:	f000 fa75 	bl	10005450 <__mutex_exit_veneer>
10004f66:	0030      	movs	r0, r6
10004f68:	bc1c      	pop	{r2, r3, r4}
10004f6a:	4690      	mov	r8, r2
10004f6c:	4699      	mov	r9, r3
10004f6e:	46a2      	mov	sl, r4
10004f70:	bdf0      	pop	{r4, r5, r6, r7, pc}
10004f72:	42bb      	cmp	r3, r7
10004f74:	d217      	bcs.n	10004fa6 <tu_fifo_read_n+0xea>
10004f76:	896a      	ldrh	r2, [r5, #10]
10004f78:	18ba      	adds	r2, r7, r2
10004f7a:	1a9a      	subs	r2, r3, r2
10004f7c:	b292      	uxth	r2, r2
10004f7e:	822a      	strh	r2, [r5, #16]
10004f80:	8a2c      	ldrh	r4, [r5, #16]
10004f82:	003e      	movs	r6, r7
10004f84:	b2a4      	uxth	r4, r4
10004f86:	2e00      	cmp	r6, #0
10004f88:	d1b7      	bne.n	10004efa <tu_fifo_read_n+0x3e>
10004f8a:	8a2b      	ldrh	r3, [r5, #16]
10004f8c:	b29b      	uxth	r3, r3
10004f8e:	89aa      	ldrh	r2, [r5, #12]
10004f90:	429a      	cmp	r2, r3
10004f92:	d2e2      	bcs.n	10004f5a <tu_fifo_read_n+0x9e>
10004f94:	e7de      	b.n	10004f54 <tu_fifo_read_n+0x98>
10004f96:	4642      	mov	r2, r8
10004f98:	4648      	mov	r0, r9
10004f9a:	4372      	muls	r2, r6
10004f9c:	f7fd fb8e 	bl	100026bc <__wrap___aeabi_memcpy>
10004fa0:	e7d2      	b.n	10004f48 <tu_fifo_read_n+0x8c>
10004fa2:	1c33      	adds	r3, r6, #0
10004fa4:	e7ac      	b.n	10004f00 <tu_fifo_read_n+0x44>
10004fa6:	1bda      	subs	r2, r3, r7
10004fa8:	89a9      	ldrh	r1, [r5, #12]
10004faa:	b292      	uxth	r2, r2
10004fac:	4291      	cmp	r1, r2
10004fae:	d2e6      	bcs.n	10004f7e <tu_fifo_read_n+0xc2>
10004fb0:	e7e1      	b.n	10004f76 <tu_fifo_read_n+0xba>
10004fb2:	46c0      	nop			; (mov r8, r8)

10004fb4 <tu_fifo_write>:
10004fb4:	b5f8      	push	{r3, r4, r5, r6, r7, lr}
10004fb6:	0004      	movs	r4, r0
10004fb8:	6940      	ldr	r0, [r0, #20]
10004fba:	000e      	movs	r6, r1
10004fbc:	2800      	cmp	r0, #0
10004fbe:	d003      	beq.n	10004fc8 <tu_fifo_write+0x14>
10004fc0:	2101      	movs	r1, #1
10004fc2:	4249      	negs	r1, r1
10004fc4:	f000 fa5c 	bl	10005480 <__mutex_enter_timeout_ms_veneer>
10004fc8:	89e5      	ldrh	r5, [r4, #14]
10004fca:	8a23      	ldrh	r3, [r4, #16]
10004fcc:	b2ad      	uxth	r5, r5
10004fce:	b29b      	uxth	r3, r3
10004fd0:	1aea      	subs	r2, r5, r3
10004fd2:	b292      	uxth	r2, r2
10004fd4:	42ab      	cmp	r3, r5
10004fd6:	d902      	bls.n	10004fde <tu_fifo_write+0x2a>
10004fd8:	8963      	ldrh	r3, [r4, #10]
10004fda:	1ad2      	subs	r2, r2, r3
10004fdc:	b292      	uxth	r2, r2
10004fde:	88a3      	ldrh	r3, [r4, #4]
10004fe0:	4293      	cmp	r3, r2
10004fe2:	d022      	beq.n	1000502a <tu_fifo_write+0x76>
10004fe4:	0028      	movs	r0, r5
10004fe6:	429d      	cmp	r5, r3
10004fe8:	d303      	bcc.n	10004ff2 <tu_fifo_write+0x3e>
10004fea:	1ac0      	subs	r0, r0, r3
10004fec:	b280      	uxth	r0, r0
10004fee:	4283      	cmp	r3, r0
10004ff0:	d9fb      	bls.n	10004fea <tu_fifo_write+0x36>
10004ff2:	6823      	ldr	r3, [r4, #0]
10004ff4:	88e2      	ldrh	r2, [r4, #6]
10004ff6:	469c      	mov	ip, r3
10004ff8:	4350      	muls	r0, r2
10004ffa:	0031      	movs	r1, r6
10004ffc:	4460      	add	r0, ip
10004ffe:	f7fd fb5d 	bl	100026bc <__wrap___aeabi_memcpy>
10005002:	1c6b      	adds	r3, r5, #1
10005004:	b29b      	uxth	r3, r3
10005006:	429d      	cmp	r5, r3
10005008:	d90b      	bls.n	10005022 <tu_fifo_write+0x6e>
1000500a:	8962      	ldrh	r2, [r4, #10]
1000500c:	189b      	adds	r3, r3, r2
1000500e:	b29b      	uxth	r3, r3
10005010:	6960      	ldr	r0, [r4, #20]
10005012:	81e3      	strh	r3, [r4, #14]
10005014:	2701      	movs	r7, #1
10005016:	2800      	cmp	r0, #0
10005018:	d001      	beq.n	1000501e <tu_fifo_write+0x6a>
1000501a:	f000 fa19 	bl	10005450 <__mutex_exit_veneer>
1000501e:	0038      	movs	r0, r7
10005020:	bdf8      	pop	{r3, r4, r5, r6, r7, pc}
10005022:	89a2      	ldrh	r2, [r4, #12]
10005024:	429a      	cmp	r2, r3
10005026:	d2f3      	bcs.n	10005010 <tu_fifo_write+0x5c>
10005028:	e7ef      	b.n	1000500a <tu_fifo_write+0x56>
1000502a:	7a27      	ldrb	r7, [r4, #8]
1000502c:	2f00      	cmp	r7, #0
1000502e:	d1d9      	bne.n	10004fe4 <tu_fifo_write+0x30>
10005030:	e7f5      	b.n	1000501e <tu_fifo_write+0x6a>
10005032:	46c0      	nop			; (mov r8, r8)

10005034 <tu_fifo_write_n>:
10005034:	b5f8      	push	{r3, r4, r5, r6, r7, lr}
10005036:	464e      	mov	r6, r9
10005038:	4645      	mov	r5, r8
1000503a:	46de      	mov	lr, fp
1000503c:	4657      	mov	r7, sl
1000503e:	4689      	mov	r9, r1
10005040:	b5e0      	push	{r5, r6, r7, lr}
10005042:	0005      	movs	r5, r0
10005044:	1e16      	subs	r6, r2, #0
10005046:	d058      	beq.n	100050fa <tu_fifo_write_n+0xc6>
10005048:	6940      	ldr	r0, [r0, #20]
1000504a:	2800      	cmp	r0, #0
1000504c:	d003      	beq.n	10005056 <tu_fifo_write_n+0x22>
1000504e:	2101      	movs	r1, #1
10005050:	4249      	negs	r1, r1
10005052:	f000 fa15 	bl	10005480 <__mutex_enter_timeout_ms_veneer>
10005056:	88ea      	ldrh	r2, [r5, #6]
10005058:	89ef      	ldrh	r7, [r5, #14]
1000505a:	4690      	mov	r8, r2
1000505c:	8a29      	ldrh	r1, [r5, #16]
1000505e:	7a2a      	ldrb	r2, [r5, #8]
10005060:	b2bf      	uxth	r7, r7
10005062:	b289      	uxth	r1, r1
10005064:	88ab      	ldrh	r3, [r5, #4]
10005066:	2a00      	cmp	r2, #0
10005068:	d138      	bne.n	100050dc <tu_fifo_write_n+0xa8>
1000506a:	1a7a      	subs	r2, r7, r1
1000506c:	b292      	uxth	r2, r2
1000506e:	428f      	cmp	r7, r1
10005070:	d202      	bcs.n	10005078 <tu_fifo_write_n+0x44>
10005072:	8969      	ldrh	r1, [r5, #10]
10005074:	1a52      	subs	r2, r2, r1
10005076:	b292      	uxth	r2, r2
10005078:	1a9a      	subs	r2, r3, r2
1000507a:	1c11      	adds	r1, r2, #0
1000507c:	b292      	uxth	r2, r2
1000507e:	42b2      	cmp	r2, r6
10005080:	d84f      	bhi.n	10005122 <tu_fifo_write_n+0xee>
10005082:	b28e      	uxth	r6, r1
10005084:	1af4      	subs	r4, r6, r3
10005086:	b2a2      	uxth	r2, r4
10005088:	4692      	mov	sl, r2
1000508a:	003c      	movs	r4, r7
1000508c:	429f      	cmp	r7, r3
1000508e:	d303      	bcc.n	10005098 <tu_fifo_write_n+0x64>
10005090:	1ae4      	subs	r4, r4, r3
10005092:	b2a4      	uxth	r4, r4
10005094:	429c      	cmp	r4, r3
10005096:	d2fb      	bcs.n	10005090 <tu_fifo_write_n+0x5c>
10005098:	4640      	mov	r0, r8
1000509a:	682a      	ldr	r2, [r5, #0]
1000509c:	4360      	muls	r0, r4
1000509e:	4694      	mov	ip, r2
100050a0:	1b1b      	subs	r3, r3, r4
100050a2:	b29b      	uxth	r3, r3
100050a4:	4460      	add	r0, ip
100050a6:	4642      	mov	r2, r8
100050a8:	429e      	cmp	r6, r3
100050aa:	d828      	bhi.n	100050fe <tu_fifo_write_n+0xca>
100050ac:	4372      	muls	r2, r6
100050ae:	4649      	mov	r1, r9
100050b0:	f7fd fb04 	bl	100026bc <__wrap___aeabi_memcpy>
100050b4:	19f3      	adds	r3, r6, r7
100050b6:	b29b      	uxth	r3, r3
100050b8:	429f      	cmp	r7, r3
100050ba:	d81a      	bhi.n	100050f2 <tu_fifo_write_n+0xbe>
100050bc:	89aa      	ldrh	r2, [r5, #12]
100050be:	429a      	cmp	r2, r3
100050c0:	d317      	bcc.n	100050f2 <tu_fifo_write_n+0xbe>
100050c2:	6968      	ldr	r0, [r5, #20]
100050c4:	81eb      	strh	r3, [r5, #14]
100050c6:	2800      	cmp	r0, #0
100050c8:	d001      	beq.n	100050ce <tu_fifo_write_n+0x9a>
100050ca:	f000 f9c1 	bl	10005450 <__mutex_exit_veneer>
100050ce:	0030      	movs	r0, r6
100050d0:	bc3c      	pop	{r2, r3, r4, r5}
100050d2:	4690      	mov	r8, r2
100050d4:	4699      	mov	r9, r3
100050d6:	46a2      	mov	sl, r4
100050d8:	46ab      	mov	fp, r5
100050da:	bdf8      	pop	{r3, r4, r5, r6, r7, pc}
100050dc:	429e      	cmp	r6, r3
100050de:	d322      	bcc.n	10005126 <tu_fifo_write_n+0xf2>
100050e0:	4642      	mov	r2, r8
100050e2:	1af6      	subs	r6, r6, r3
100050e4:	4356      	muls	r6, r2
100050e6:	2200      	movs	r2, #0
100050e8:	44b1      	add	r9, r6
100050ea:	000f      	movs	r7, r1
100050ec:	001e      	movs	r6, r3
100050ee:	4692      	mov	sl, r2
100050f0:	e7cb      	b.n	1000508a <tu_fifo_write_n+0x56>
100050f2:	896a      	ldrh	r2, [r5, #10]
100050f4:	189b      	adds	r3, r3, r2
100050f6:	b29b      	uxth	r3, r3
100050f8:	e7e3      	b.n	100050c2 <tu_fifo_write_n+0x8e>
100050fa:	2600      	movs	r6, #0
100050fc:	e7e7      	b.n	100050ce <tu_fifo_write_n+0x9a>
100050fe:	4353      	muls	r3, r2
10005100:	b29b      	uxth	r3, r3
10005102:	001a      	movs	r2, r3
10005104:	4649      	mov	r1, r9
10005106:	469b      	mov	fp, r3
10005108:	f7fd fad8 	bl	100026bc <__wrap___aeabi_memcpy>
1000510c:	0022      	movs	r2, r4
1000510e:	4643      	mov	r3, r8
10005110:	4649      	mov	r1, r9
10005112:	4452      	add	r2, sl
10005114:	435a      	muls	r2, r3
10005116:	4459      	add	r1, fp
10005118:	b292      	uxth	r2, r2
1000511a:	6828      	ldr	r0, [r5, #0]
1000511c:	f7fd face 	bl	100026bc <__wrap___aeabi_memcpy>
10005120:	e7c8      	b.n	100050b4 <tu_fifo_write_n+0x80>
10005122:	1c31      	adds	r1, r6, #0
10005124:	e7ad      	b.n	10005082 <tu_fifo_write_n+0x4e>
10005126:	1af4      	subs	r4, r6, r3
10005128:	b2a2      	uxth	r2, r4
1000512a:	4692      	mov	sl, r2
1000512c:	e7ad      	b.n	1000508a <tu_fifo_write_n+0x56>
1000512e:	46c0      	nop			; (mov r8, r8)

10005130 <tu_fifo_clear>:
10005130:	b510      	push	{r4, lr}
10005132:	0004      	movs	r4, r0
10005134:	6940      	ldr	r0, [r0, #20]
10005136:	2800      	cmp	r0, #0
10005138:	d003      	beq.n	10005142 <tu_fifo_clear+0x12>
1000513a:	2101      	movs	r1, #1
1000513c:	4249      	negs	r1, r1
1000513e:	f000 f99f 	bl	10005480 <__mutex_enter_timeout_ms_veneer>
10005142:	69a0      	ldr	r0, [r4, #24]
10005144:	2800      	cmp	r0, #0
10005146:	d003      	beq.n	10005150 <tu_fifo_clear+0x20>
10005148:	2101      	movs	r1, #1
1000514a:	4249      	negs	r1, r1
1000514c:	f000 f998 	bl	10005480 <__mutex_enter_timeout_ms_veneer>
10005150:	2300      	movs	r3, #0
10005152:	81e3      	strh	r3, [r4, #14]
10005154:	8223      	strh	r3, [r4, #16]
10005156:	88a3      	ldrh	r3, [r4, #4]
10005158:	6960      	ldr	r0, [r4, #20]
1000515a:	005b      	lsls	r3, r3, #1
1000515c:	b29b      	uxth	r3, r3
1000515e:	1e5a      	subs	r2, r3, #1
10005160:	425b      	negs	r3, r3
10005162:	81a2      	strh	r2, [r4, #12]
10005164:	8163      	strh	r3, [r4, #10]
10005166:	2800      	cmp	r0, #0
10005168:	d001      	beq.n	1000516e <tu_fifo_clear+0x3e>
1000516a:	f000 f971 	bl	10005450 <__mutex_exit_veneer>
1000516e:	69a0      	ldr	r0, [r4, #24]
10005170:	2800      	cmp	r0, #0
10005172:	d001      	beq.n	10005178 <tu_fifo_clear+0x48>
10005174:	f000 f96c 	bl	10005450 <__mutex_exit_veneer>
10005178:	2001      	movs	r0, #1
1000517a:	bd10      	pop	{r4, pc}

1000517c <tu_fifo_set_overwritable>:
1000517c:	b570      	push	{r4, r5, r6, lr}
1000517e:	0004      	movs	r4, r0
10005180:	6940      	ldr	r0, [r0, #20]
10005182:	000d      	movs	r5, r1
10005184:	2800      	cmp	r0, #0
10005186:	d003      	beq.n	10005190 <tu_fifo_set_overwritable+0x14>
10005188:	2101      	movs	r1, #1
1000518a:	4249      	negs	r1, r1
1000518c:	f000 f978 	bl	10005480 <__mutex_enter_timeout_ms_veneer>
10005190:	69a0      	ldr	r0, [r4, #24]
10005192:	2800      	cmp	r0, #0
10005194:	d003      	beq.n	1000519e <tu_fifo_set_overwritable+0x22>
10005196:	2101      	movs	r1, #1
10005198:	4249      	negs	r1, r1
1000519a:	f000 f971 	bl	10005480 <__mutex_enter_timeout_ms_veneer>
1000519e:	6960      	ldr	r0, [r4, #20]
100051a0:	7225      	strb	r5, [r4, #8]
100051a2:	2800      	cmp	r0, #0
100051a4:	d001      	beq.n	100051aa <tu_fifo_set_overwritable+0x2e>
100051a6:	f000 f953 	bl	10005450 <__mutex_exit_veneer>
100051aa:	69a0      	ldr	r0, [r4, #24]
100051ac:	2800      	cmp	r0, #0
100051ae:	d001      	beq.n	100051b4 <tu_fifo_set_overwritable+0x38>
100051b0:	f000 f94e 	bl	10005450 <__mutex_exit_veneer>
100051b4:	2001      	movs	r0, #1
100051b6:	bd70      	pop	{r4, r5, r6, pc}

100051b8 <_retrieve_unique_id_on_boot>:
100051b8:	b510      	push	{r4, lr}
100051ba:	4802      	ldr	r0, [pc, #8]	; (100051c4 <_retrieve_unique_id_on_boot+0xc>)
100051bc:	f000 f8ea 	bl	10005394 <flash_get_unique_id>
100051c0:	bd10      	pop	{r4, pc}
100051c2:	46c0      	nop			; (mov r8, r8)
100051c4:	20000f00 	.word	0x20000f00

100051c8 <pico_get_unique_board_id_string>:
100051c8:	3901      	subs	r1, #1
100051ca:	b530      	push	{r4, r5, lr}
100051cc:	2900      	cmp	r1, #0
100051ce:	d100      	bne.n	100051d2 <pico_get_unique_board_id_string+0xa>
100051d0:	e0b8      	b.n	10005344 <pico_get_unique_board_id_string+0x17c>
100051d2:	4b6f      	ldr	r3, [pc, #444]	; (10005390 <pico_get_unique_board_id_string+0x1c8>)
100051d4:	781a      	ldrb	r2, [r3, #0]
100051d6:	1112      	asrs	r2, r2, #4
100051d8:	b2d5      	uxtb	r5, r2
100051da:	002c      	movs	r4, r5
100051dc:	3430      	adds	r4, #48	; 0x30
100051de:	2a09      	cmp	r2, #9
100051e0:	dd00      	ble.n	100051e4 <pico_get_unique_board_id_string+0x1c>
100051e2:	e0b2      	b.n	1000534a <pico_get_unique_board_id_string+0x182>
100051e4:	7004      	strb	r4, [r0, #0]
100051e6:	2901      	cmp	r1, #1
100051e8:	d100      	bne.n	100051ec <pico_get_unique_board_id_string+0x24>
100051ea:	e0ce      	b.n	1000538a <pico_get_unique_board_id_string+0x1c2>
100051ec:	220f      	movs	r2, #15
100051ee:	781c      	ldrb	r4, [r3, #0]
100051f0:	4022      	ands	r2, r4
100051f2:	0014      	movs	r4, r2
100051f4:	3430      	adds	r4, #48	; 0x30
100051f6:	2a09      	cmp	r2, #9
100051f8:	d900      	bls.n	100051fc <pico_get_unique_board_id_string+0x34>
100051fa:	e0a8      	b.n	1000534e <pico_get_unique_board_id_string+0x186>
100051fc:	7044      	strb	r4, [r0, #1]
100051fe:	2902      	cmp	r1, #2
10005200:	d100      	bne.n	10005204 <pico_get_unique_board_id_string+0x3c>
10005202:	e0c2      	b.n	1000538a <pico_get_unique_board_id_string+0x1c2>
10005204:	785a      	ldrb	r2, [r3, #1]
10005206:	1112      	asrs	r2, r2, #4
10005208:	b2d5      	uxtb	r5, r2
1000520a:	002c      	movs	r4, r5
1000520c:	3430      	adds	r4, #48	; 0x30
1000520e:	2a09      	cmp	r2, #9
10005210:	dd00      	ble.n	10005214 <pico_get_unique_board_id_string+0x4c>
10005212:	e09f      	b.n	10005354 <pico_get_unique_board_id_string+0x18c>
10005214:	7084      	strb	r4, [r0, #2]
10005216:	2903      	cmp	r1, #3
10005218:	d100      	bne.n	1000521c <pico_get_unique_board_id_string+0x54>
1000521a:	e0b6      	b.n	1000538a <pico_get_unique_board_id_string+0x1c2>
1000521c:	220f      	movs	r2, #15
1000521e:	785c      	ldrb	r4, [r3, #1]
10005220:	4022      	ands	r2, r4
10005222:	0014      	movs	r4, r2
10005224:	3430      	adds	r4, #48	; 0x30
10005226:	2a09      	cmp	r2, #9
10005228:	d900      	bls.n	1000522c <pico_get_unique_board_id_string+0x64>
1000522a:	e095      	b.n	10005358 <pico_get_unique_board_id_string+0x190>
1000522c:	70c4      	strb	r4, [r0, #3]
1000522e:	2904      	cmp	r1, #4
10005230:	d100      	bne.n	10005234 <pico_get_unique_board_id_string+0x6c>
10005232:	e0aa      	b.n	1000538a <pico_get_unique_board_id_string+0x1c2>
10005234:	789a      	ldrb	r2, [r3, #2]
10005236:	1112      	asrs	r2, r2, #4
10005238:	b2d5      	uxtb	r5, r2
1000523a:	002c      	movs	r4, r5
1000523c:	3430      	adds	r4, #48	; 0x30
1000523e:	2a09      	cmp	r2, #9
10005240:	dd00      	ble.n	10005244 <pico_get_unique_board_id_string+0x7c>
10005242:	e08c      	b.n	1000535e <pico_get_unique_board_id_string+0x196>
10005244:	7104      	strb	r4, [r0, #4]
10005246:	2905      	cmp	r1, #5
10005248:	d100      	bne.n	1000524c <pico_get_unique_board_id_string+0x84>
1000524a:	e09e      	b.n	1000538a <pico_get_unique_board_id_string+0x1c2>
1000524c:	220f      	movs	r2, #15
1000524e:	789c      	ldrb	r4, [r3, #2]
10005250:	4022      	ands	r2, r4
10005252:	0014      	movs	r4, r2
10005254:	3430      	adds	r4, #48	; 0x30
10005256:	2a09      	cmp	r2, #9
10005258:	d900      	bls.n	1000525c <pico_get_unique_board_id_string+0x94>
1000525a:	e082      	b.n	10005362 <pico_get_unique_board_id_string+0x19a>
1000525c:	7144      	strb	r4, [r0, #5]
1000525e:	2906      	cmp	r1, #6
10005260:	d100      	bne.n	10005264 <pico_get_unique_board_id_string+0x9c>
10005262:	e092      	b.n	1000538a <pico_get_unique_board_id_string+0x1c2>
10005264:	78da      	ldrb	r2, [r3, #3]
10005266:	1112      	asrs	r2, r2, #4
10005268:	b2d5      	uxtb	r5, r2
1000526a:	002c      	movs	r4, r5
1000526c:	3430      	adds	r4, #48	; 0x30
1000526e:	2a09      	cmp	r2, #9
10005270:	dd00      	ble.n	10005274 <pico_get_unique_board_id_string+0xac>
10005272:	e079      	b.n	10005368 <pico_get_unique_board_id_string+0x1a0>
10005274:	7184      	strb	r4, [r0, #6]
10005276:	2907      	cmp	r1, #7
10005278:	d100      	bne.n	1000527c <pico_get_unique_board_id_string+0xb4>
1000527a:	e086      	b.n	1000538a <pico_get_unique_board_id_string+0x1c2>
1000527c:	220f      	movs	r2, #15
1000527e:	78dc      	ldrb	r4, [r3, #3]
10005280:	4022      	ands	r2, r4
10005282:	0014      	movs	r4, r2
10005284:	3430      	adds	r4, #48	; 0x30
10005286:	2a09      	cmp	r2, #9
10005288:	d900      	bls.n	1000528c <pico_get_unique_board_id_string+0xc4>
1000528a:	e06f      	b.n	1000536c <pico_get_unique_board_id_string+0x1a4>
1000528c:	71c4      	strb	r4, [r0, #7]
1000528e:	2908      	cmp	r1, #8
10005290:	d100      	bne.n	10005294 <pico_get_unique_board_id_string+0xcc>
10005292:	e07a      	b.n	1000538a <pico_get_unique_board_id_string+0x1c2>
10005294:	791a      	ldrb	r2, [r3, #4]
10005296:	1112      	asrs	r2, r2, #4
10005298:	b2d5      	uxtb	r5, r2
1000529a:	002c      	movs	r4, r5
1000529c:	3430      	adds	r4, #48	; 0x30
1000529e:	2a09      	cmp	r2, #9
100052a0:	dc67      	bgt.n	10005372 <pico_get_unique_board_id_string+0x1aa>
100052a2:	7204      	strb	r4, [r0, #8]
100052a4:	2909      	cmp	r1, #9
100052a6:	d100      	bne.n	100052aa <pico_get_unique_board_id_string+0xe2>
100052a8:	e06f      	b.n	1000538a <pico_get_unique_board_id_string+0x1c2>
100052aa:	220f      	movs	r2, #15
100052ac:	791c      	ldrb	r4, [r3, #4]
100052ae:	4022      	ands	r2, r4
100052b0:	0014      	movs	r4, r2
100052b2:	3430      	adds	r4, #48	; 0x30
100052b4:	2a09      	cmp	r2, #9
100052b6:	d85e      	bhi.n	10005376 <pico_get_unique_board_id_string+0x1ae>
100052b8:	7244      	strb	r4, [r0, #9]
100052ba:	290a      	cmp	r1, #10
100052bc:	d065      	beq.n	1000538a <pico_get_unique_board_id_string+0x1c2>
100052be:	795a      	ldrb	r2, [r3, #5]
100052c0:	1112      	asrs	r2, r2, #4
100052c2:	b2d5      	uxtb	r5, r2
100052c4:	002c      	movs	r4, r5
100052c6:	3430      	adds	r4, #48	; 0x30
100052c8:	2a09      	cmp	r2, #9
100052ca:	dc57      	bgt.n	1000537c <pico_get_unique_board_id_string+0x1b4>
100052cc:	7284      	strb	r4, [r0, #10]
100052ce:	290b      	cmp	r1, #11
100052d0:	d05b      	beq.n	1000538a <pico_get_unique_board_id_string+0x1c2>
100052d2:	220f      	movs	r2, #15
100052d4:	795c      	ldrb	r4, [r3, #5]
100052d6:	4022      	ands	r2, r4
100052d8:	0014      	movs	r4, r2
100052da:	3430      	adds	r4, #48	; 0x30
100052dc:	2a09      	cmp	r2, #9
100052de:	d84f      	bhi.n	10005380 <pico_get_unique_board_id_string+0x1b8>
100052e0:	72c4      	strb	r4, [r0, #11]
100052e2:	290c      	cmp	r1, #12
100052e4:	d051      	beq.n	1000538a <pico_get_unique_board_id_string+0x1c2>
100052e6:	799a      	ldrb	r2, [r3, #6]
100052e8:	1112      	asrs	r2, r2, #4
100052ea:	b2d5      	uxtb	r5, r2
100052ec:	002c      	movs	r4, r5
100052ee:	3430      	adds	r4, #48	; 0x30
100052f0:	2a09      	cmp	r2, #9
100052f2:	dd00      	ble.n	100052f6 <pico_get_unique_board_id_string+0x12e>
100052f4:	3407      	adds	r4, #7
100052f6:	7304      	strb	r4, [r0, #12]
100052f8:	290d      	cmp	r1, #13
100052fa:	d046      	beq.n	1000538a <pico_get_unique_board_id_string+0x1c2>
100052fc:	220f      	movs	r2, #15
100052fe:	799c      	ldrb	r4, [r3, #6]
10005300:	4022      	ands	r2, r4
10005302:	0014      	movs	r4, r2
10005304:	3430      	adds	r4, #48	; 0x30
10005306:	2a09      	cmp	r2, #9
10005308:	d901      	bls.n	1000530e <pico_get_unique_board_id_string+0x146>
1000530a:	3237      	adds	r2, #55	; 0x37
1000530c:	0014      	movs	r4, r2
1000530e:	7344      	strb	r4, [r0, #13]
10005310:	290e      	cmp	r1, #14
10005312:	d03a      	beq.n	1000538a <pico_get_unique_board_id_string+0x1c2>
10005314:	79da      	ldrb	r2, [r3, #7]
10005316:	1112      	asrs	r2, r2, #4
10005318:	b2d5      	uxtb	r5, r2
1000531a:	002c      	movs	r4, r5
1000531c:	3430      	adds	r4, #48	; 0x30
1000531e:	2a09      	cmp	r2, #9
10005320:	dd00      	ble.n	10005324 <pico_get_unique_board_id_string+0x15c>
10005322:	3407      	adds	r4, #7
10005324:	7384      	strb	r4, [r0, #14]
10005326:	290f      	cmp	r1, #15
10005328:	d02f      	beq.n	1000538a <pico_get_unique_board_id_string+0x1c2>
1000532a:	79da      	ldrb	r2, [r3, #7]
1000532c:	230f      	movs	r3, #15
1000532e:	4013      	ands	r3, r2
10005330:	001a      	movs	r2, r3
10005332:	3237      	adds	r2, #55	; 0x37
10005334:	2b09      	cmp	r3, #9
10005336:	d801      	bhi.n	1000533c <pico_get_unique_board_id_string+0x174>
10005338:	3330      	adds	r3, #48	; 0x30
1000533a:	001a      	movs	r2, r3
1000533c:	73c2      	strb	r2, [r0, #15]
1000533e:	2910      	cmp	r1, #16
10005340:	d023      	beq.n	1000538a <pico_get_unique_board_id_string+0x1c2>
10005342:	3010      	adds	r0, #16
10005344:	2300      	movs	r3, #0
10005346:	7003      	strb	r3, [r0, #0]
10005348:	bd30      	pop	{r4, r5, pc}
1000534a:	3407      	adds	r4, #7
1000534c:	e74a      	b.n	100051e4 <pico_get_unique_board_id_string+0x1c>
1000534e:	3237      	adds	r2, #55	; 0x37
10005350:	0014      	movs	r4, r2
10005352:	e753      	b.n	100051fc <pico_get_unique_board_id_string+0x34>
10005354:	3407      	adds	r4, #7
10005356:	e75d      	b.n	10005214 <pico_get_unique_board_id_string+0x4c>
10005358:	3237      	adds	r2, #55	; 0x37
1000535a:	0014      	movs	r4, r2
1000535c:	e766      	b.n	1000522c <pico_get_unique_board_id_string+0x64>
1000535e:	3407      	adds	r4, #7
10005360:	e770      	b.n	10005244 <pico_get_unique_board_id_string+0x7c>
10005362:	3237      	adds	r2, #55	; 0x37
10005364:	0014      	movs	r4, r2
10005366:	e779      	b.n	1000525c <pico_get_unique_board_id_string+0x94>
10005368:	3407      	adds	r4, #7
1000536a:	e783      	b.n	10005274 <pico_get_unique_board_id_string+0xac>
1000536c:	3237      	adds	r2, #55	; 0x37
1000536e:	0014      	movs	r4, r2
10005370:	e78c      	b.n	1000528c <pico_get_unique_board_id_string+0xc4>
10005372:	3407      	adds	r4, #7
10005374:	e795      	b.n	100052a2 <pico_get_unique_board_id_string+0xda>
10005376:	3237      	adds	r2, #55	; 0x37
10005378:	0014      	movs	r4, r2
1000537a:	e79d      	b.n	100052b8 <pico_get_unique_board_id_string+0xf0>
1000537c:	3407      	adds	r4, #7
1000537e:	e7a5      	b.n	100052cc <pico_get_unique_board_id_string+0x104>
10005380:	3237      	adds	r2, #55	; 0x37
10005382:	0014      	movs	r4, r2
10005384:	72c4      	strb	r4, [r0, #11]
10005386:	290c      	cmp	r1, #12
10005388:	d1ad      	bne.n	100052e6 <pico_get_unique_board_id_string+0x11e>
1000538a:	1840      	adds	r0, r0, r1
1000538c:	e7da      	b.n	10005344 <pico_get_unique_board_id_string+0x17c>
1000538e:	46c0      	nop			; (mov r8, r8)
10005390:	20000f00 	.word	0x20000f00

10005394 <flash_get_unique_id>:
10005394:	b510      	push	{r4, lr}
10005396:	b088      	sub	sp, #32
10005398:	0004      	movs	r4, r0
1000539a:	220d      	movs	r2, #13
1000539c:	2100      	movs	r1, #0
1000539e:	4668      	mov	r0, sp
100053a0:	f7fd f986 	bl	100026b0 <__wrap_memset>
100053a4:	220d      	movs	r2, #13
100053a6:	2100      	movs	r1, #0
100053a8:	a804      	add	r0, sp, #16
100053aa:	f7fd f981 	bl	100026b0 <__wrap_memset>
100053ae:	234b      	movs	r3, #75	; 0x4b
100053b0:	466a      	mov	r2, sp
100053b2:	a904      	add	r1, sp, #16
100053b4:	7013      	strb	r3, [r2, #0]
100053b6:	4668      	mov	r0, sp
100053b8:	220d      	movs	r2, #13
100053ba:	f000 f841 	bl	10005440 <__flash_do_cmd_veneer>
100053be:	2115      	movs	r1, #21
100053c0:	2208      	movs	r2, #8
100053c2:	4469      	add	r1, sp
100053c4:	0020      	movs	r0, r4
100053c6:	f7fd f979 	bl	100026bc <__wrap___aeabi_memcpy>
100053ca:	b008      	add	sp, #32
100053cc:	bd10      	pop	{r4, pc}
100053ce:	46c0      	nop			; (mov r8, r8)

100053d0 <strlen>:
100053d0:	b510      	push	{r4, lr}
100053d2:	0783      	lsls	r3, r0, #30
100053d4:	d027      	beq.n	10005426 <strlen+0x56>
100053d6:	7803      	ldrb	r3, [r0, #0]
100053d8:	2b00      	cmp	r3, #0
100053da:	d026      	beq.n	1000542a <strlen+0x5a>
100053dc:	0003      	movs	r3, r0
100053de:	2103      	movs	r1, #3
100053e0:	e002      	b.n	100053e8 <strlen+0x18>
100053e2:	781a      	ldrb	r2, [r3, #0]
100053e4:	2a00      	cmp	r2, #0
100053e6:	d01c      	beq.n	10005422 <strlen+0x52>
100053e8:	3301      	adds	r3, #1
100053ea:	420b      	tst	r3, r1
100053ec:	d1f9      	bne.n	100053e2 <strlen+0x12>
100053ee:	6819      	ldr	r1, [r3, #0]
100053f0:	4a0f      	ldr	r2, [pc, #60]	; (10005430 <strlen+0x60>)
100053f2:	4c10      	ldr	r4, [pc, #64]	; (10005434 <strlen+0x64>)
100053f4:	188a      	adds	r2, r1, r2
100053f6:	438a      	bics	r2, r1
100053f8:	4222      	tst	r2, r4
100053fa:	d10f      	bne.n	1000541c <strlen+0x4c>
100053fc:	3304      	adds	r3, #4
100053fe:	6819      	ldr	r1, [r3, #0]
10005400:	4a0b      	ldr	r2, [pc, #44]	; (10005430 <strlen+0x60>)
10005402:	188a      	adds	r2, r1, r2
10005404:	438a      	bics	r2, r1
10005406:	4222      	tst	r2, r4
10005408:	d108      	bne.n	1000541c <strlen+0x4c>
1000540a:	3304      	adds	r3, #4
1000540c:	6819      	ldr	r1, [r3, #0]
1000540e:	4a08      	ldr	r2, [pc, #32]	; (10005430 <strlen+0x60>)
10005410:	188a      	adds	r2, r1, r2
10005412:	438a      	bics	r2, r1
10005414:	4222      	tst	r2, r4
10005416:	d0f1      	beq.n	100053fc <strlen+0x2c>
10005418:	e000      	b.n	1000541c <strlen+0x4c>
1000541a:	3301      	adds	r3, #1
1000541c:	781a      	ldrb	r2, [r3, #0]
1000541e:	2a00      	cmp	r2, #0
10005420:	d1fb      	bne.n	1000541a <strlen+0x4a>
10005422:	1a18      	subs	r0, r3, r0
10005424:	bd10      	pop	{r4, pc}
10005426:	0003      	movs	r3, r0
10005428:	e7e1      	b.n	100053ee <strlen+0x1e>
1000542a:	2000      	movs	r0, #0
1000542c:	e7fa      	b.n	10005424 <strlen+0x54>
1000542e:	46c0      	nop			; (mov r8, r8)
10005430:	fefefeff 	.word	0xfefefeff
10005434:	80808080 	.word	0x80808080

10005438 <_fini>:
10005438:	b5f8      	push	{r3, r4, r5, r6, r7, lr}
1000543a:	46c0      	nop			; (mov r8, r8)
1000543c:	0000      	movs	r0, r0
	...

10005440 <__flash_do_cmd_veneer>:
10005440:	b401      	push	{r0}
10005442:	4802      	ldr	r0, [pc, #8]	; (1000544c <__flash_do_cmd_veneer+0xc>)
10005444:	4684      	mov	ip, r0
10005446:	bc01      	pop	{r0}
10005448:	4760      	bx	ip
1000544a:	bf00      	nop
1000544c:	20000289 	.word	0x20000289

10005450 <__mutex_exit_veneer>:
10005450:	b401      	push	{r0}
10005452:	4802      	ldr	r0, [pc, #8]	; (1000545c <__mutex_exit_veneer+0xc>)
10005454:	4684      	mov	ip, r0
10005456:	bc01      	pop	{r0}
10005458:	4760      	bx	ip
1000545a:	bf00      	nop
1000545c:	200001e9 	.word	0x200001e9

10005460 <____aeabi_idiv0_veneer>:
10005460:	b401      	push	{r0}
10005462:	4802      	ldr	r0, [pc, #8]	; (1000546c <____aeabi_idiv0_veneer+0xc>)
10005464:	4684      	mov	ip, r0
10005466:	bc01      	pop	{r0}
10005468:	4760      	bx	ip
1000546a:	bf00      	nop
1000546c:	2000033d 	.word	0x2000033d

10005470 <__mutex_try_enter_veneer>:
10005470:	b401      	push	{r0}
10005472:	4802      	ldr	r0, [pc, #8]	; (1000547c <__mutex_try_enter_veneer+0xc>)
10005474:	4684      	mov	ip, r0
10005476:	bc01      	pop	{r0}
10005478:	4760      	bx	ip
1000547a:	bf00      	nop
1000547c:	20000109 	.word	0x20000109

10005480 <__mutex_enter_timeout_ms_veneer>:
10005480:	b401      	push	{r0}
10005482:	4802      	ldr	r0, [pc, #8]	; (1000548c <__mutex_enter_timeout_ms_veneer+0xc>)
10005484:	4684      	mov	ip, r0
10005486:	bc01      	pop	{r0}
10005488:	4760      	bx	ip
1000548a:	bf00      	nop
1000548c:	20000151 	.word	0x20000151

10005490 <__mutex_enter_blocking_veneer>:
10005490:	b401      	push	{r0}
10005492:	4802      	ldr	r0, [pc, #8]	; (1000549c <__mutex_enter_blocking_veneer+0xc>)
10005494:	4684      	mov	ip, r0
10005496:	bc01      	pop	{r0}
10005498:	4760      	bx	ip
1000549a:	bf00      	nop
1000549c:	200000c1 	.word	0x200000c1

Disassembly of section .data:

200000c0 <mutex_enter_blocking>:
200000c0:	23d0      	movs	r3, #208	; 0xd0
200000c2:	b530      	push	{r4, r5, lr}
200000c4:	2500      	movs	r5, #0
200000c6:	061b      	lsls	r3, r3, #24
200000c8:	575d      	ldrsb	r5, [r3, r5]
200000ca:	2400      	movs	r4, #0
200000cc:	e006      	b.n	200000dc <mutex_enter_blocking+0x1c>
200000ce:	6803      	ldr	r3, [r0, #0]
200000d0:	f3bf 8f5f 	dmb	sy
200000d4:	601c      	str	r4, [r3, #0]
200000d6:	f381 8810 	msr	PRIMASK, r1
200000da:	bf20      	wfe
200000dc:	6802      	ldr	r2, [r0, #0]
200000de:	f3ef 8110 	mrs	r1, PRIMASK
200000e2:	b672      	cpsid	i
200000e4:	6813      	ldr	r3, [r2, #0]
200000e6:	2b00      	cmp	r3, #0
200000e8:	d0fc      	beq.n	200000e4 <mutex_enter_blocking+0x24>
200000ea:	f3bf 8f5f 	dmb	sy
200000ee:	7903      	ldrb	r3, [r0, #4]
200000f0:	2b7f      	cmp	r3, #127	; 0x7f
200000f2:	d9ec      	bls.n	200000ce <mutex_enter_blocking+0xe>
200000f4:	7105      	strb	r5, [r0, #4]
200000f6:	6803      	ldr	r3, [r0, #0]
200000f8:	f3bf 8f5f 	dmb	sy
200000fc:	2200      	movs	r2, #0
200000fe:	601a      	str	r2, [r3, #0]
20000100:	f381 8810 	msr	PRIMASK, r1
20000104:	bd30      	pop	{r4, r5, pc}
20000106:	46c0      	nop			; (mov r8, r8)

20000108 <mutex_try_enter>:
20000108:	0003      	movs	r3, r0
2000010a:	b510      	push	{r4, lr}
2000010c:	6800      	ldr	r0, [r0, #0]
2000010e:	f3ef 8410 	mrs	r4, PRIMASK
20000112:	b672      	cpsid	i
20000114:	6802      	ldr	r2, [r0, #0]
20000116:	2a00      	cmp	r2, #0
20000118:	d0fc      	beq.n	20000114 <mutex_try_enter+0xc>
2000011a:	f3bf 8f5f 	dmb	sy
2000011e:	2204      	movs	r2, #4
20000120:	569a      	ldrsb	r2, [r3, r2]
20000122:	2a00      	cmp	r2, #0
20000124:	db0b      	blt.n	2000013e <mutex_try_enter+0x36>
20000126:	2900      	cmp	r1, #0
20000128:	d00f      	beq.n	2000014a <mutex_try_enter+0x42>
2000012a:	2000      	movs	r0, #0
2000012c:	600a      	str	r2, [r1, #0]
2000012e:	681b      	ldr	r3, [r3, #0]
20000130:	f3bf 8f5f 	dmb	sy
20000134:	2200      	movs	r2, #0
20000136:	601a      	str	r2, [r3, #0]
20000138:	f384 8810 	msr	PRIMASK, r4
2000013c:	bd10      	pop	{r4, pc}
2000013e:	22d0      	movs	r2, #208	; 0xd0
20000140:	0612      	lsls	r2, r2, #24
20000142:	6812      	ldr	r2, [r2, #0]
20000144:	2001      	movs	r0, #1
20000146:	711a      	strb	r2, [r3, #4]
20000148:	e7f1      	b.n	2000012e <mutex_try_enter+0x26>
2000014a:	2000      	movs	r0, #0
2000014c:	e7ef      	b.n	2000012e <mutex_try_enter+0x26>
2000014e:	46c0      	nop			; (mov r8, r8)

20000150 <mutex_enter_timeout_ms>:
20000150:	b5f0      	push	{r4, r5, r6, r7, lr}
20000152:	46c6      	mov	lr, r8
20000154:	b500      	push	{lr}
20000156:	000c      	movs	r4, r1
20000158:	4680      	mov	r8, r0
2000015a:	f000 f901 	bl	20000360 <__time_us_64_veneer>
2000015e:	22fa      	movs	r2, #250	; 0xfa
20000160:	0006      	movs	r6, r0
20000162:	000f      	movs	r7, r1
20000164:	0020      	movs	r0, r4
20000166:	0092      	lsls	r2, r2, #2
20000168:	2300      	movs	r3, #0
2000016a:	2100      	movs	r1, #0
2000016c:	f000 f8e8 	bl	20000340 <____wrap___aeabi_lmul_veneer>
20000170:	1980      	adds	r0, r0, r6
20000172:	4179      	adcs	r1, r7
20000174:	0004      	movs	r4, r0
20000176:	000d      	movs	r5, r1
20000178:	428f      	cmp	r7, r1
2000017a:	d82f      	bhi.n	200001dc <mutex_enter_timeout_ms+0x8c>
2000017c:	d02c      	beq.n	200001d8 <mutex_enter_timeout_ms+0x88>
2000017e:	23d0      	movs	r3, #208	; 0xd0
20000180:	061b      	lsls	r3, r3, #24
20000182:	681f      	ldr	r7, [r3, #0]
20000184:	2600      	movs	r6, #0
20000186:	e00c      	b.n	200001a2 <mutex_enter_timeout_ms+0x52>
20000188:	4642      	mov	r2, r8
2000018a:	6812      	ldr	r2, [r2, #0]
2000018c:	f3bf 8f5f 	dmb	sy
20000190:	6016      	str	r6, [r2, #0]
20000192:	f383 8810 	msr	PRIMASK, r3
20000196:	0020      	movs	r0, r4
20000198:	0029      	movs	r1, r5
2000019a:	f000 f8d9 	bl	20000350 <__best_effort_wfe_or_timeout_veneer>
2000019e:	2800      	cmp	r0, #0
200001a0:	d120      	bne.n	200001e4 <mutex_enter_timeout_ms+0x94>
200001a2:	4643      	mov	r3, r8
200001a4:	681a      	ldr	r2, [r3, #0]
200001a6:	f3ef 8310 	mrs	r3, PRIMASK
200001aa:	b672      	cpsid	i
200001ac:	6811      	ldr	r1, [r2, #0]
200001ae:	2900      	cmp	r1, #0
200001b0:	d0fc      	beq.n	200001ac <mutex_enter_timeout_ms+0x5c>
200001b2:	f3bf 8f5f 	dmb	sy
200001b6:	4642      	mov	r2, r8
200001b8:	7912      	ldrb	r2, [r2, #4]
200001ba:	2a7f      	cmp	r2, #127	; 0x7f
200001bc:	d9e4      	bls.n	20000188 <mutex_enter_timeout_ms+0x38>
200001be:	4642      	mov	r2, r8
200001c0:	7117      	strb	r7, [r2, #4]
200001c2:	6812      	ldr	r2, [r2, #0]
200001c4:	f3bf 8f5f 	dmb	sy
200001c8:	2100      	movs	r1, #0
200001ca:	6011      	str	r1, [r2, #0]
200001cc:	f383 8810 	msr	PRIMASK, r3
200001d0:	2001      	movs	r0, #1
200001d2:	bc04      	pop	{r2}
200001d4:	4690      	mov	r8, r2
200001d6:	bdf0      	pop	{r4, r5, r6, r7, pc}
200001d8:	4286      	cmp	r6, r0
200001da:	d9d0      	bls.n	2000017e <mutex_enter_timeout_ms+0x2e>
200001dc:	2401      	movs	r4, #1
200001de:	4264      	negs	r4, r4
200001e0:	17e5      	asrs	r5, r4, #31
200001e2:	e7cc      	b.n	2000017e <mutex_enter_timeout_ms+0x2e>
200001e4:	2000      	movs	r0, #0
200001e6:	e7f4      	b.n	200001d2 <mutex_enter_timeout_ms+0x82>

200001e8 <mutex_exit>:
200001e8:	6802      	ldr	r2, [r0, #0]
200001ea:	f3ef 8110 	mrs	r1, PRIMASK
200001ee:	b672      	cpsid	i
200001f0:	6813      	ldr	r3, [r2, #0]
200001f2:	2b00      	cmp	r3, #0
200001f4:	d0fc      	beq.n	200001f0 <mutex_exit+0x8>
200001f6:	f3bf 8f5f 	dmb	sy
200001fa:	23ff      	movs	r3, #255	; 0xff
200001fc:	7103      	strb	r3, [r0, #4]
200001fe:	6803      	ldr	r3, [r0, #0]
20000200:	f3bf 8f5f 	dmb	sy
20000204:	2200      	movs	r2, #0
20000206:	601a      	str	r2, [r3, #0]
20000208:	f381 8810 	msr	PRIMASK, r1
2000020c:	bf40      	sev
2000020e:	4770      	bx	lr

20000210 <flash_init_boot2_copyout>:
20000210:	4808      	ldr	r0, [pc, #32]	; (20000234 <flash_init_boot2_copyout+0x24>)
20000212:	b510      	push	{r4, lr}
20000214:	7803      	ldrb	r3, [r0, #0]
20000216:	2b00      	cmp	r3, #0
20000218:	d10a      	bne.n	20000230 <flash_init_boot2_copyout+0x20>
2000021a:	2380      	movs	r3, #128	; 0x80
2000021c:	4906      	ldr	r1, [pc, #24]	; (20000238 <flash_init_boot2_copyout+0x28>)
2000021e:	4a07      	ldr	r2, [pc, #28]	; (2000023c <flash_init_boot2_copyout+0x2c>)
20000220:	055b      	lsls	r3, r3, #21
20000222:	681c      	ldr	r4, [r3, #0]
20000224:	50cc      	str	r4, [r1, r3]
20000226:	3304      	adds	r3, #4
20000228:	4293      	cmp	r3, r2
2000022a:	d1fa      	bne.n	20000222 <flash_init_boot2_copyout+0x12>
2000022c:	2301      	movs	r3, #1
2000022e:	7003      	strb	r3, [r0, #0]
20000230:	bd10      	pop	{r4, pc}
20000232:	46c0      	nop			; (mov r8, r8)
20000234:	20000f40 	.word	0x20000f40
20000238:	10000938 	.word	0x10000938
2000023c:	10000100 	.word	0x10000100

20000240 <flash_enable_xip_via_boot2>:
20000240:	b510      	push	{r4, lr}
20000242:	4b02      	ldr	r3, [pc, #8]	; (2000024c <flash_enable_xip_via_boot2+0xc>)
20000244:	3301      	adds	r3, #1
20000246:	4798      	blx	r3
20000248:	bd10      	pop	{r4, pc}
2000024a:	46c0      	nop			; (mov r8, r8)
2000024c:	20000938 	.word	0x20000938

20000250 <flash_cs_force.constprop.0>:
20000250:	4b05      	ldr	r3, [pc, #20]	; (20000268 <flash_cs_force.constprop.0+0x18>)
20000252:	681a      	ldr	r2, [r3, #0]
20000254:	2380      	movs	r3, #128	; 0x80
20000256:	009b      	lsls	r3, r3, #2
20000258:	4053      	eors	r3, r2
2000025a:	22c0      	movs	r2, #192	; 0xc0
2000025c:	0092      	lsls	r2, r2, #2
2000025e:	4013      	ands	r3, r2
20000260:	4a02      	ldr	r2, [pc, #8]	; (2000026c <flash_cs_force.constprop.0+0x1c>)
20000262:	6013      	str	r3, [r2, #0]
20000264:	4770      	bx	lr
20000266:	46c0      	nop			; (mov r8, r8)
20000268:	4001800c 	.word	0x4001800c
2000026c:	4001900c 	.word	0x4001900c

20000270 <flash_cs_force.constprop.1>:
20000270:	4b03      	ldr	r3, [pc, #12]	; (20000280 <flash_cs_force.constprop.1+0x10>)
20000272:	681a      	ldr	r2, [r3, #0]
20000274:	23c0      	movs	r3, #192	; 0xc0
20000276:	009b      	lsls	r3, r3, #2
20000278:	4393      	bics	r3, r2
2000027a:	4a02      	ldr	r2, [pc, #8]	; (20000284 <flash_cs_force.constprop.1+0x14>)
2000027c:	6013      	str	r3, [r2, #0]
2000027e:	4770      	bx	lr
20000280:	4001800c 	.word	0x4001800c
20000284:	4001900c 	.word	0x4001900c

20000288 <flash_do_cmd>:
20000288:	b5f0      	push	{r4, r5, r6, r7, lr}
2000028a:	46d6      	mov	lr, sl
2000028c:	464f      	mov	r7, r9
2000028e:	4646      	mov	r6, r8
20000290:	2314      	movs	r3, #20
20000292:	b5c0      	push	{r6, r7, lr}
20000294:	2718      	movs	r7, #24
20000296:	4698      	mov	r8, r3
20000298:	4681      	mov	r9, r0
2000029a:	000d      	movs	r5, r1
2000029c:	8818      	ldrh	r0, [r3, #0]
2000029e:	4924      	ldr	r1, [pc, #144]	; (20000330 <flash_do_cmd+0xa8>)
200002a0:	883b      	ldrh	r3, [r7, #0]
200002a2:	0014      	movs	r4, r2
200002a4:	4798      	blx	r3
200002a6:	4643      	mov	r3, r8
200002a8:	4682      	mov	sl, r0
200002aa:	4922      	ldr	r1, [pc, #136]	; (20000334 <flash_do_cmd+0xac>)
200002ac:	8818      	ldrh	r0, [r3, #0]
200002ae:	883b      	ldrh	r3, [r7, #0]
200002b0:	4798      	blx	r3
200002b2:	4643      	mov	r3, r8
200002b4:	4920      	ldr	r1, [pc, #128]	; (20000338 <flash_do_cmd+0xb0>)
200002b6:	0006      	movs	r6, r0
200002b8:	8818      	ldrh	r0, [r3, #0]
200002ba:	883b      	ldrh	r3, [r7, #0]
200002bc:	4798      	blx	r3
200002be:	4680      	mov	r8, r0
200002c0:	f7ff ffa6 	bl	20000210 <flash_init_boot2_copyout>
200002c4:	47d0      	blx	sl
200002c6:	47b0      	blx	r6
200002c8:	f7ff ffc2 	bl	20000250 <flash_cs_force.constprop.0>
200002cc:	2c00      	cmp	r4, #0
200002ce:	d024      	beq.n	2000031a <flash_do_cmd+0x92>
200002d0:	20c0      	movs	r0, #192	; 0xc0
200002d2:	0022      	movs	r2, r4
200002d4:	0540      	lsls	r0, r0, #21
200002d6:	2608      	movs	r6, #8
200002d8:	3f16      	subs	r7, #22
200002da:	e011      	b.n	20000300 <flash_do_cmd+0x78>
200002dc:	464b      	mov	r3, r9
200002de:	781b      	ldrb	r3, [r3, #0]
200002e0:	3c01      	subs	r4, #1
200002e2:	6603      	str	r3, [r0, #96]	; 0x60
200002e4:	2301      	movs	r3, #1
200002e6:	469c      	mov	ip, r3
200002e8:	44e1      	add	r9, ip
200002ea:	2900      	cmp	r1, #0
200002ec:	d005      	beq.n	200002fa <flash_do_cmd+0x72>
200002ee:	2a00      	cmp	r2, #0
200002f0:	d003      	beq.n	200002fa <flash_do_cmd+0x72>
200002f2:	6e03      	ldr	r3, [r0, #96]	; 0x60
200002f4:	3a01      	subs	r2, #1
200002f6:	702b      	strb	r3, [r5, #0]
200002f8:	3501      	adds	r5, #1
200002fa:	0013      	movs	r3, r2
200002fc:	4323      	orrs	r3, r4
200002fe:	d00c      	beq.n	2000031a <flash_do_cmd+0x92>
20000300:	0031      	movs	r1, r6
20000302:	6a83      	ldr	r3, [r0, #40]	; 0x28
20000304:	4019      	ands	r1, r3
20000306:	421f      	tst	r7, r3
20000308:	d0ef      	beq.n	200002ea <flash_do_cmd+0x62>
2000030a:	2c00      	cmp	r4, #0
2000030c:	d0ed      	beq.n	200002ea <flash_do_cmd+0x62>
2000030e:	1b13      	subs	r3, r2, r4
20000310:	2b0d      	cmp	r3, #13
20000312:	d9e3      	bls.n	200002dc <flash_do_cmd+0x54>
20000314:	2900      	cmp	r1, #0
20000316:	d1ea      	bne.n	200002ee <flash_do_cmd+0x66>
20000318:	e7f2      	b.n	20000300 <flash_do_cmd+0x78>
2000031a:	f7ff ffa9 	bl	20000270 <flash_cs_force.constprop.1>
2000031e:	47c0      	blx	r8
20000320:	f7ff ff8e 	bl	20000240 <flash_enable_xip_via_boot2>
20000324:	bc1c      	pop	{r2, r3, r4}
20000326:	4690      	mov	r8, r2
20000328:	4699      	mov	r9, r3
2000032a:	46a2      	mov	sl, r4
2000032c:	bdf0      	pop	{r4, r5, r6, r7, pc}
2000032e:	46c0      	nop			; (mov r8, r8)
20000330:	00004649 	.word	0x00004649
20000334:	00005845 	.word	0x00005845
20000338:	00004346 	.word	0x00004346

2000033c <__aeabi_idiv0>:
2000033c:	4770      	bx	lr
2000033e:	46c0      	nop			; (mov r8, r8)

20000340 <____wrap___aeabi_lmul_veneer>:
20000340:	b401      	push	{r0}
20000342:	4802      	ldr	r0, [pc, #8]	; (2000034c <____wrap___aeabi_lmul_veneer+0xc>)
20000344:	4684      	mov	ip, r0
20000346:	bc01      	pop	{r0}
20000348:	4760      	bx	ip
2000034a:	bf00      	nop
2000034c:	100025d9 	.word	0x100025d9

20000350 <__best_effort_wfe_or_timeout_veneer>:
20000350:	b401      	push	{r0}
20000352:	4802      	ldr	r0, [pc, #8]	; (2000035c <__best_effort_wfe_or_timeout_veneer+0xc>)
20000354:	4684      	mov	ip, r0
20000356:	bc01      	pop	{r0}
20000358:	4760      	bx	ip
2000035a:	bf00      	nop
2000035c:	100014f9 	.word	0x100014f9

20000360 <__time_us_64_veneer>:
20000360:	b401      	push	{r0}
20000362:	4802      	ldr	r0, [pc, #8]	; (2000036c <__time_us_64_veneer+0xc>)
20000364:	4684      	mov	ip, r0
20000366:	bc01      	pop	{r0}
20000368:	4760      	bx	ip
2000036a:	bf00      	nop
2000036c:	10001619 	.word	0x10001619

20000370 <striped_spin_lock_num>:
20000370:	00000010                                ....

20000374 <irq_handler_chain_slots>:
20000374:	00000000 	.word	0x00000000
20000378:	00010000 	.word	0x00010000
	...
20000384:	00020000 	.word	0x00020000
	...
20000390:	00030000 	.word	0x00030000
	...
2000039c:	00ff0000 	.word	0x00ff0000
200003a0:	00000000 	.word	0x00000000

200003a4 <irq_handler_chain_first_slot>:
200003a4:	b500      	push	{lr}
200003a6:	6848      	ldr	r0, [r1, #4]
200003a8:	3101      	adds	r1, #1
200003aa:	468e      	mov	lr, r1
200003ac:	4700      	bx	r0

200003ae <irq_handler_chain_remove_tail>:
200003ae:	4670      	mov	r0, lr
200003b0:	3809      	subs	r0, #9
200003b2:	4901      	ldr	r1, [pc, #4]	; (200003b8 <irq_handler_chain_remove_tail+0xa>)
200003b4:	4788      	blx	r1
200003b6:	bd00      	pop	{pc}
200003b8:	10000e21 	.word	0x10000e21

200003bc <default_alarm_pool>:
200003bc:	200003d4 00000000 20000470 20000a6c     ... ....p.. l.. 
	...

200003d4 <default_alarm_pool_heap>:
200003d4:	20000a7c 00000000 00000000 00000010     |.. ............
	...

200003f0 <aeabi_bits_funcs>:
200003f0:	00003350 	.word	0x00003350
200003f4:	0000334c 	.word	0x0000334c
200003f8:	00003354 	.word	0x00003354
200003fc:	00003352 	.word	0x00003352

20000400 <aeabi_bits_funcs_end>:
20000400:	0000534d 	.word	0x0000534d
20000404:	0000434d 	.word	0x0000434d
20000408:	00003453 	.word	0x00003453
2000040c:	00003443 	.word	0x00003443

20000410 <stdio_usb>:
20000410:	10002add 00000000 10002a75 00000000     .*......u*......
20000420:	00000100                                ....

20000424 <ep_dir_string>:
20000424:	100056cc 100056d0                       .V...V..

2000042c <_usbd_qdef>:
2000042c:	20001148 000c0010 ffe00000 0000001f     H.. ............
	...

20000450 <print_mutex>:
	...

20000458 <__mutex_array_end>:
20000458:	100026a1 	.word	0x100026a1
2000045c:	10002439 	.word	0x10002439
20000460:	100024f1 	.word	0x100024f1
20000464:	1000260d 	.word	0x1000260d

20000468 <__frame_dummy_init_array_entry>:
20000468:	10000339 100051b9                       9....Q..
